"mode","step","plan_a_slot","plan_a_id","plan_b_slot","plan_b_id","winner_id","winner_label","analysis"
"local","1","0","g12-s03","1","L1.1","L1.1","plan_1","{
  ""Project A"": {
    ""Pros"": [
      ""• Clarity of value proposition: Strong, concise one-sentence summary clearly articulates the privacy-first, verifiable provenance value proposition."",
      ""• Market size and demand: Identifies a clear market need in ethical sourcing verification and corporate matching gift inefficiencies."",
      ""• Differentiation: Strong focus on creating a machine-readable, open registry of ethical standards adds semantic clarity beyond simple timestamping."",
      ""• Impact and evidence plan: The decentralized witness network and open-source verification widget represent thoughtful approaches to building trust and adoption.""
    ],
    ""Cons"": [
      ""• Feasibility and development plan: Lacks specific implementation details or validation steps; remains conceptual without a clear path to MVP."",
      ""• Revenue model and sustainability: Subscription model is logical but lacks pricing tiers, customer acquisition strategy, or unit economics."",
      ""• Risk awareness and mitigation: No explicit discussion of risks (e.g., adoption challenges, ledger maintenance costs, regulatory compliance)."",
      ""• Evidence plan: Entirely forward-looking with no validation steps mentioned; relies on planned exploration rather than concrete testing.""
    ]
  },
  ""Project B"": {
    ""Pros"": [
      ""• All strengths of Project A maintained: Same clear value proposition, market identification, differentiation, and impact approach."",
      ""• Feasibility and development plan: Superior due to the specific validation plan: 'a pilot with a single local artisan supplier and one brand partner to validate the fingerprint generation and verification workflow for a single material type.' This demonstrates concrete thinking about MVP validation."",
      ""• Risk awareness and mitigation: Implicitly shows better risk management through planned pilot testing before full-scale development."",
      ""• Evidence plan: Explicit validation plan provides a credible path to gather initial evidence and iterate based on real feedback.""
    ],
    ""Cons"": [
      ""• Revenue model and sustainability: Same limitations as Project A—subscription model lacks detailed monetization strategy."",
      ""• Market size and demand: While identified, no quantification or validation of willingness-to-pay among target users."",
      ""• Risk awareness and mitigation: Still lacks explicit discussion of broader risks beyond technical validation.""
    ]
  },
  ""Comparison"": ""Both projects share identical core descriptions of the problem, solution, target users, revenue model, and differentiation. The critical difference is that Project B includes a specific, concrete validation plan: a pilot test with a local artisan and brand partner. This demonstrates superior execution thinking, feasibility planning, and evidence gathering approach. While both lack detailed revenue modeling and explicit risk discussions, Project B's planned pilot represents a more credible path to de-risking the concept and gathering real-world feedback. In venture analysis, a team that demonstrates concrete validation planning typically indicates stronger execution capability.""
}"
"local","1","0","g12-s03","2","L1.2","L1.2","plan_2","Both projects share nearly identical core descriptions across most sections, with Project B adding a specific communication element in the Solution section: 'To make the core technical process accessible, the venture plans to develop a clear, one-page explainer document or video that visually demonstrates the 'digital fingerprint' creation and public ledger verification process for a non-technical audience.' This is the only substantive difference between the two descriptions.

**Project A Pros:**
• Clear, strong value proposition centered on verifiable, privacy-first provenance.
• Identifies a sizable market (brands, consumers, procurement teams) with clear demand drivers (sustainability certification, consumer trust).
• Outlines a feasible, lightweight delivery model focusing on digital fingerprints, not raw data storage.
• Subscription-based revenue model targeting enterprise clients is logical for sustainability.
• Strong differentiation through the combination of 'heirloom-quality' goods, permanent verifiable records, and a machine-readable ledger of ethical standards.
• Shows awareness of risks (skepticism, manipulation) and proposes mitigation (decentralized witness network, open-source verification widget).

**Project A Cons:**
• Lacks a specific plan for communicating its complex technical solution to a non-technical target audience (brands, consumers), which could hinder adoption.
• Market entry relies heavily on convincing procurement teams and brands; the plan for initial outreach is stated but not detailed.
• The 'explore' language used for several features (witness network, verification widget, machine-readable ledger) suggests the final product and go-to-market strategy are still in formative stages.

**Project B Pros:**
• Shares all the strengths of Project A: clear value prop, sizable market, feasible plan, logical revenue model, strong differentiation, and risk awareness.
• Addresses a critical adoption barrier not explicitly mentioned in Project A: the need to explain a complex technical process (digital fingerprints, ledger anchoring) to non-technical users (e.g., procurement teams, consumers). The plan for a 'one-page explainer or video' demonstrates superior user-centric thinking and a concrete step to improve clarity and trust.
• This added communication plan slightly improves the 'Feasibility and development plan' and 'Impact and evidence plan' criteria, as it shows a more considered path to user education and market penetration.

**Project B Cons:**
• Like Project A, it uses 'plans to explore' language for key features, indicating developmental uncertainty.
• The added communication element is minor and does not fundamentally alter the core business model or address other potential cons.

**Overall Winner:** Project B wins. The projects are virtually identical, but Project B demonstrates a marginally more comprehensive and user-aware approach by explicitly planning to demystify its core technology for its target audience. In a domain built on trust and verification, the ability to clearly explain the 'how' to non-experts is a critical success factor for adoption. This small addition shows greater operational foresight regarding a key adoption hurdle."
"local","1","0","g12-s03","3","L1.3","L1.3","plan_3","{""Project A"": {""Pros"": [""• Strong clarity of value proposition with specific focus on ethical sourcing provenance and protection of sensitive data"", ""• Identifies a substantial market need in sustainability certification and regulatory compliance for brands"", ""• Privacy-first, lightweight implementation shows good technical feasibility with minimal infrastructure burden"", ""• Revenue model based on B2B subscriptions aligns well with target enterprise customers"", ""• Strong differentiation through machine-readable ethical standards registry and heirloom-quality goods positioning"", ""• Clear impact plan through verifiable proof for certifications and consumer trust""], ""Cons"": [""• Market size quantification missing - no specific TAM/SAM estimates provided"", ""• Development plan lacks timeline, milestones, or technical architecture details"", ""• Revenue model lacks pricing specifics, tier structure, or customer acquisition strategy"", ""• Risk awareness section missing entirely from description"", ""• Evidence plan for adoption or validation not articulated"", ""• Use cases span multiple domains (donations, supply chain) creating potential focus dilution""]}, ""Project B"": {""Pros"": [""• Clear value proposition identical to Project A with same strong privacy-first approach"", ""• Identifies same substantial market opportunity in sustainability verification"", ""• Same feasible technical approach with privacy-preserving fingerprinting"", ""• Improved revenue model with explicit mention of tiered subscription and pricing tests"", ""• Same strong differentiation through machine-readable standards registry"", ""• Same clear impact potential for certifications and consumer trust""], ""Cons"": [""• Identical to Project A in lacking market size quantification"", ""• Same absence of detailed development timeline or technical specifications"", ""• Despite improved revenue mention, still lacks concrete pricing or financial projections"", ""• Same complete absence of risk awareness or mitigation strategies"", ""• No evidence plan for validation or traction metrics"", ""• Same potential focus dilution across multiple use cases""]}, ""Comparison"": ""Both projects are virtually identical in core proposition, problem statement, solution, and target market. The only substantive difference is Project B's slightly more developed revenue logic mentioning tiered subscriptions and pricing tests. However, both suffer from identical critical weaknesses: no market size quantification, no development timeline, no risk assessment, and no evidence plan. The marginal improvement in Project B's revenue description is insufficient to overcome these shared fundamental gaps.""}"
"local","1","0","g12-s03","4","L1.4","L1.4","plan_4","PROJECT A: \nPros:\n• Clear value proposition: Privacy-first digital fingerprinting for ethical sourcing with tamper-proof ledger provides strong core concept\n• Addresses real market need: Growing demand for supply chain transparency and sustainability verification\n• Practical initial target: Procurement teams in consumer goods companies represent tangible early adopters\n• Privacy-focused delivery model: Lightweight approach that protects sensitive data while enabling verification\n• Clear revenue model: Subscription service for brands/suppliers with potential enterprise upgrades\n• Good differentiation: Focus on verifiable provenance and machine-readable ledger concept\n\nCons:\n• Market validation unclear: No evidence of existing demand or pilot programs\n• Technical feasibility concerns: Decentralized witness network and open-source widget add complexity without clear implementation plan\n• Revenue sustainability questions: Subscription model may face adoption challenges in fragmented supply chain market\n• Risk mitigation underdeveloped: No mention of regulatory, technical, or adoption risks\n• Impact evidence plan missing: No clear metrics or validation approach\n\n\nPROJECT B: \nPros:\n• Enhanced clarity: Includes specific foundational step of creating open-source registry of ethical sourcing definitions\n• Stronger technical foundation: Registry-first approach provides clearer semantic framework for the ledger\n• Better differentiation: Machine-readable ledger built on standardized definitions creates stronger competitive moat\n• Same strong core value proposition as Project A\n• Same practical target market and revenue model\n\nCons:\n• Same lack of market validation and evidence as Project A\n• Registry creation adds complexity and potential standardization challenges\n• Same underdeveloped risk mitigation and impact measurement\n• Requires industry adoption of standardized definitions which could be slow\n\n\nComparison: Both projects share identical core descriptions except for Project B's addition of the foundational registry concept. Project B demonstrates slightly better strategic thinking by addressing the standardization problem at its root, which could create stronger network effects and defensibility. The registry approach shows deeper understanding of the semantic clarity needed for true auditability. However, both projects suffer from the same weaknesses regarding market validation, risk awareness, and evidence planning. Project B wins narrowly due to its more comprehensive solution architecture that addresses both technical verification and semantic standardization challenges."
"local","1","0","g12-s03","5","L1.5","L1.5","plan_5","{""Project A"": {""pros"": [""• Clear value proposition: Privacy-first digital fingerprinting for ethical sourcing provides indisputable proof while protecting sensitive data."", ""• Strong market potential: Addresses growing demand for supply chain transparency and ethical sourcing verification."", ""• Well-considered delivery model: Lightweight, privacy-first approach with no sensitive data storage."", ""• Good differentiation: Combines heirloom-quality goods with permanent digital proof and machine-readable ledger."", ""• Sustainable revenue model: Subscription service for brands/suppliers with potential enterprise upgrades.""], ""cons"": [""• Limited evidence plan: No mention of validation or testing approach for assumptions."", ""• Vague development plan: Uses exploratory language (\""plans to explore\"") without concrete steps."", ""• Underdeveloped risk awareness: No explicit discussion of risks or mitigation strategies."", ""• Unclear feasibility: Technical implementation details are high-level."", ""• Potential market adoption risk: Requires behavior change from both brands and consumers.""]}, ""Project B"": {""pros"": [""• Clear value proposition: Identical strong proposition as Project A."", ""• Better evidence plan: Explicitly mentions conducting 10-15 structured interviews to test assumptions."", ""• Strong market potential: Same compelling market need as Project A."", ""• Well-considered delivery model: Same privacy-first, lightweight approach."", ""• Good differentiation: Same unique combination of physical goods with digital proof."", ""• Sustainable revenue model: Same subscription-based approach.""], ""cons"": [""• Still vague development plan: Maintains exploratory language without concrete milestones."", ""• Limited risk awareness: No explicit risk discussion despite better validation plan."", ""• Same feasibility concerns: Technical implementation remains high-level."", ""• Same market adoption risks: Requires dual-sided platform adoption."", ""• Overlapping cons with Project A on most criteria.""]}}"
"local","1","1","L1.1","0","g12-s03","L1.1","plan_1","Both projects are identical in their core description, presenting a privacy-first platform for verifiable digital fingerprints of ethical sourcing events. However, Project A includes one additional, concrete element in its 'Solution / Product Overview': a plan for a simple initial use case test (a pilot with a local artisan supplier and one brand partner) to validate the core workflow. This small but meaningful addition demonstrates a slightly more concrete approach to validation and de-risking. In all other sections—problem, target users, delivery model, revenue logic, distinctiveness—the projects are verbatim matches. Therefore, the evaluation across all criteria is identical for both, except for a marginal advantage for Project A in 'Feasibility and development plan' and 'Impact and evidence plan' due to its mention of a specific validation pilot. This gives Project A a slight edge in demonstrating initial execution planning.

**Project A Pros & Cons:**
• **Pros:** Clear, dual-sided value proposition (brands/consumers). Addresses a large, growing market (ethical sourcing, supply chain transparency). Privacy-first, lightweight technical approach is sensible. Subscription revenue model targets enterprise customers with clear pain points (certifications, regulations). Strong differentiation via tamper-proof ledger linked to ethical standards registry. Shows basic risk awareness through privacy-by-design and pilot planning. Includes a specific plan for an initial pilot test to validate workflow.
• **Cons:** Market entry is challenging (requires convincing both sides of a marketplace). Technical feasibility of decentralized witness network and machine-readable registry is complex and untested. Revenue model depends on convincing cost-sensitive suppliers to pay. No evidence of existing traction, partnerships, or technical prototypes. Impact plan is vague beyond the proposed pilot. Most risk mitigation is conceptual rather than demonstrated.

**Project B Pros & Cons:**
• **Pros:** Identical to Project A's pros: Clear value proposition, large target market, sensible technical and business model approach, strong differentiation.
• **Cons:** Identical to Project A's cons: Challenging two-sided market, technical complexity, unproven revenue adoption, no evidence of traction. Lacks the specific mention of an initial pilot test for validation, making its development and evidence plan slightly less concrete.

**Overall Winner:** Project A wins by a very narrow margin. The inclusion of a planned initial pilot test, while a small detail, shows a marginally more grounded and actionable approach to validating its core technology and business assumptions. In early-stage venture analysis, a concrete, albeit simple, validation step is a positive signal of operational thinking and de-risking intent. Both projects are otherwise equivalent and face the same significant challenges and opportunities."
"local","1","1","L1.1","2","L1.2","L1.1","plan_1","{""Project A"": {""pros"": [""• Clear value proposition addressing provenance verification with privacy-first approach"", ""• Identifies specific market need in sustainability certification and regulatory compliance"", ""• Concrete development plan with pilot test using local artisan supplier"", ""• Subscription-based revenue model with clear enterprise upgrade path"", ""• Strong differentiation through machine-readable registry of ethical standards"", ""• Addresses credibility problem in sustainability claims with verifiable records"", ""• Recognizes risk of user adoption and proposes specific pilot validation""], ""cons"": [""• Market size quantification not provided, making demand assessment difficult"", ""• Technical feasibility of decentralized witness network requires validation"", ""• Revenue sustainability depends on enterprise adoption which can be slow"", ""• Impact evidence plan limited to single pilot test initially"", ""• Competitive landscape from existing blockchain provenance solutions not addressed""]}, ""Project B"": {""pros"": [""• Clear value proposition identical to Project A with privacy-first approach"", ""• Same strong market identification in sustainability certification space"", ""• Includes user education component with explainer document/video for non-technical audience"", ""• Identical revenue model with subscription and enterprise upgrade options"", ""• Same strong differentiation through machine-readable ethical standards registry"", ""• Addresses adoption barrier through educational materials"", ""• Privacy-preserving design mitigates data security risks""], ""cons"": [""• Lacks specific validation plan like Project A's pilot test"", ""• Market size remains unquantified in both projects"", ""• Same technical feasibility concerns with decentralized network"", ""• Revenue model identical but without concrete validation steps"", ""• Impact measurement plan less defined than Project A"", ""• No specific risk mitigation for initial user adoption beyond education""]}, ""Comparison"": {""Clarity of value proposition"": ""Both identical - clear and compelling"", ""Market size and demand"": ""Both identical - strong problem identification but unquantified"", ""Feasibility and development plan"": ""Project A wins - includes concrete pilot validation plan"", ""Revenue model and sustainability"": ""Both identical - logical but unproven"", ""Differentiation"": ""Both identical - strong with machine-readable registry"", ""Impact and evidence plan"": ""Project A wins - specific pilot test provides clearer validation path"", ""Risk awareness and mitigation"": ""Project A wins - addresses adoption risk with concrete pilot""}}"
"local","1","1","L1.1","3","L1.3","L1.1","plan_1","{""Project A"": {""Pros"": [""• Clarity of value proposition: Strong, concise one-sentence summary clearly states the privacy-first approach, verifiable digital fingerprints, and benefit of indisputable proof of provenance."", ""• Market size and demand: Identifies a broad problem (digital authenticity) and a specific, high-value initial target (procurement teams needing proof for certifications/regulations). Demand is implied from regulatory and consumer pressure for ethical sourcing."", ""• Feasibility and development plan: Outlines a clear, phased approach: lightweight implementation, specific pilot test (single artisan supplier and brand partner) to validate core workflow, and exploration of additional features (witness network, verification widget). Shows pragmatic validation thinking."", ""• Revenue model and sustainability: Proposes a subscription service to brands/suppliers with a free trial. Model aligns with target users (B2B) and creates recurring revenue. Mentions exploring optional enterprise upgrades."", ""• Differentiation: Strong focus on creating a 'permanent, independently verifiable record' and a 'machine-readable, open registry of ethical sourcing standards.' This moves beyond simple provenance to semantic clarity and auditability, addressing a key gap in current claims."", ""• Impact and evidence plan: The planned pilot with a single supplier/brand provides a concrete, low-risk path to generating initial evidence of the workflow's value. The open-source verification widget could drive adoption and independent verification."", ""• Risk awareness and mitigation: Implicitly addresses data privacy risks by not storing sensitive raw data. The lightweight design suggests awareness of infrastructure/scale risks. The pilot is a risk mitigation strategy to test core assumptions.""], ""Cons"": [""• Market size and demand: While the problem is broad, the initial focus on ethical sourcing for consumer goods is a subset. Quantification of the specific addressable market for this application is not provided."", ""• Revenue model and sustainability: The subscription model is clear but lacks detail on pricing tiers or the specific 'advanced provenance reporting features' and 'supply chain management capabilities' that would justify the subscription. Relies on 'exploring' upgrades."", ""• Differentiation: The concept of a tamper-proof ledger for provenance is not entirely novel (e.g., blockchain applications). Its uniqueness hinges on the execution of the privacy-first approach and the machine-readable registry of standards, which are still 'planned to explore.'"", ""• Impact and evidence plan: The evidence plan (the pilot) is a good start but is described as a 'proposed' test. There is no mention of metrics for success or how impact will be measured beyond workflow validation."", ""• Risk awareness and mitigation: Does not explicitly discuss risks like adoption challenges (convincing suppliers/brands to adopt a new system), competition from established supply chain platforms, or the technical challenges of maintaining a long-term, tamper-proof ledger.""]}, ""Project B"": {""Pros"": [""• Clarity of value proposition: Identical to Project A: strong and clear."", ""• Market size and demand: Identical to Project A: identifies a broad problem and a specific, valuable initial target market."", ""• Feasibility and development plan: Largely identical to Project A, including the secure, lightweight implementation and exploration of the witness network and verification widget."", ""• Revenue model and sustainability: Adds a valuable, more specific detail: a 'tiered subscription model' with a 'clear entry-level plan... for small-to-medium suppliers,' explicitly framed as a 'planned pricing test.' This shows more nuanced thinking about market segmentation and a concrete plan to test a critical business assumption (pricing)."", ""• Differentiation: Identical to Project A: strong focus on permanent verification and the machine-readable registry of standards."", ""• Impact and evidence plan: Similar to Project A, with the planned pilot implied but not as explicitly stated as in Project A's 'simple initial use case test.' The pricing test is a form of evidence gathering for the business model."", ""• Risk awareness and mitigation: Similar implicit mitigation on data privacy. The explicit pricing test is a proactive step to mitigate the risk of mispricing the service.""], ""Cons"": [""• Feasibility and development plan: While the technical plan is sound, it lacks the explicit, concrete validation step (the specific pilot test) mentioned in Project A. This makes the path to initial evidence slightly less clear."", ""• Revenue model and sustainability: The tiered model is a pro, but like Project A, it lacks detail on what features differentiate the tiers beyond 'core verification and reporting.'"", ""• Differentiation: Same as Project A: concept is strong but not wholly unique; execution is key."", ""• Impact and evidence plan: The evidence plan is less concrete than Project A's. The 'planned pricing test' is good for the business model, but the lack of an explicit product validation pilot (like Project A's) is a minor weakness."", ""• Risk awareness and mitigation: Similar to Project A, lacks explicit discussion of adoption, competition, and long-term technical maintenance risks.""]}, ""Comparison"": ""Both projects are nearly identical in their core description, value proposition, target market, solution, and differentiation. The key differences are in the specifics of their development and revenue plans. Project A provides a more concrete, low-risk plan for initial product validation (a specific pilot test). Project B provides a more detailed and test-oriented approach to its revenue model (a tiered subscription with a planned pricing test). Both demonstrate good, venture-backable thinking. The decision hinges on the stage of investment. For very early-stage validation, Project A's explicit pilot plan is slightly more reassuring for de-risking the core product. For a slightly later stage where business model scalability is the next key risk, Project B's pricing test plan is more advanced. Given that both are presented as early-stage ventures, the concrete plan to generate the first piece of product evidence (Project A) is marginally more critical initially.""}"
"local","1","1","L1.1","4","L1.4","L1.4","plan_4","{""Project A"": {""Pros"": [""• Clear, specific value proposition: privacy-first digital fingerprinting for ethical sourcing events with tamper-proof ledger anchoring."", ""• Identifies tangible market pain points: manipulation/duplication in digital landscape and inefficiency in corporate matching gift verification."", ""• Concrete initial use case test proposed: pilot with local artisan supplier and brand partner for single material type validation."", ""• Practical development approach: lightweight, privacy-first implementation with clear verification widget exploration."", ""• Viable revenue model: subscription service for brands/suppliers with free trial period and enterprise upgrade options."", ""• Strong differentiation: combines heirloom-quality goods concept with machine-readable open registry of ethical standards.""], ""Cons"": [""• Market size quantification missing: no specific numbers on ethical sourcing market or target segments."", ""• Development timeline unspecified: no clear roadmap or milestones beyond initial pilot exploration."", ""• Risk mitigation underdeveloped: mentions decentralized witness network but lacks specific threat analysis or contingency plans."", ""• Evidence plan limited: only proposes initial pilot without broader validation strategy."", ""• Competitive landscape not addressed: doesn't explain how it differs from existing blockchain provenance solutions.""]}, ""Project B"": {""Pros"": [""• Identical strong value proposition to Project A with same clarity and focus."", ""• Adds crucial foundational element: explicit plan for public, open-source registry of ethical sourcing claim definitions."", ""• Enhanced semantic framework: programmatic linking of fingerprints to precise ethical standard definitions."", ""• Better long-term scalability: registry approach creates potential for industry standardization."", ""• Maintains all strengths of Project A's revenue model and delivery approach."", ""• Stronger differentiation potential: machine-readable ledger built on formal definitions registry.""], ""Cons"": [""• Shares all of Project A's weaknesses regarding market quantification and risk mitigation."", ""• Potentially more complex initial implementation: building definitions registry adds development overhead."", ""• No mention of initial validation pilot like Project A's artisan supplier test."", ""• Same lack of competitive analysis and evidence planning."", ""• Potentially slower time-to-market due to registry development requirement.""]}}"
"local","1","1","L1.1","5","L1.5","L1.5","plan_5","PROJECT A ANALYSIS:\n\nPROS:\n• Clear value proposition: Privacy-first provenance verification with tamper-proof ledger creates compelling solution to authenticity problems\n• Strong market potential: Addresses growing demand for ethical sourcing verification from both brands and consumers\n• Good differentiation: Machine-readable registry of ethical standards adds semantic clarity beyond basic verification\n• Practical development approach: Proposes pilot with single supplier-brand pair to validate core workflow\n\nCONS:\n• Vague evidence plan: Lacks specific validation approach beyond general pilot concept\n• Limited risk awareness: No explicit mention of risk identification or mitigation strategies\n• Somewhat theoretical: Multiple 'plans to explore' statements suggest early conceptual stage\n• Revenue model untested: Subscription model assumes market willingness to pay without validation\n\nPROJECT B ANALYSIS:\n\nPROS:\n• Strong evidence plan: Explicit commitment to conduct 10-15 structured interviews with procurement professionals\n• Clear validation approach: Direct user research to test assumptions about verification friction\n• All strengths of Project A: Same strong value proposition, market potential, differentiation, and technical approach\n• Better risk mitigation: User research represents concrete step to validate problem-solution fit\n\nCONS:\n• Same revenue model concerns: Subscription model remains untested\n• Similar development vagueness: Multiple 'plans to explore' for key features like witness network and widget\n• Execution risk: Success depends on quality of user interviews and ability to act on findings\n\nWINNER RATIONALE:\nProject B wins because it demonstrates superior evidence planning and risk awareness while maintaining all the strengths of Project A. The explicit commitment to conduct structured interviews with 10-15 procurement professionals represents a concrete, actionable validation plan that directly addresses the core problem assumptions. This evidence-gathering approach shows better understanding of market validation needs and provides a clearer path to de-risking the venture. Both projects share identical strong points in value proposition, market potential, and differentiation, but Project B's specific validation plan gives it an edge in feasibility assessment and demonstrates more mature venture thinking."
"local","1","2","L1.2","0","g12-s03","L1.2","plan_2","PROJECT A: Pros: • Strong clarity of value proposition with concrete examples (matching gift programs, supply chain verification). • Good market focus on procurement teams and sustainability certifications with clear demand drivers. • Detailed development plan including explainer materials and verification widget exploration. • Clear subscription revenue model with free trial strategy. • Strong differentiation through machine-readable ledger and ethical standards registry. • Good impact plan with open-source verification tools and public ledger accessibility. • Shows risk awareness by protecting sensitive data and exploring decentralized witness networks. Cons: • Market size quantification is absent. • Technical feasibility of decentralized witness network and machine-readable ledger is ambitious and untested. • Revenue sustainability depends heavily on brand adoption in competitive ESG reporting space. • Evidence of traction or partnerships not provided. PROJECT B: Pros: • Identical strong value proposition and problem statement as Project A. • Same clear target user focus and market opportunity. • Same privacy-first delivery model and revenue logic. • Same distinctive features including machine-readable ledger concept. Cons: • Contains identical content to Project A but appears to be a duplicate submission. • No additional information, evidence, or differentiation from Project A. • Potentially indicates lack of original thought or copy-paste approach. • Same weaknesses as Project A regarding market quantification and technical feasibility. Overall Assessment: Both projects present identical content, suggesting Project B may be a duplicate submission. Project A is evaluated as the original presentation. While both share the same strengths (clear value proposition, good market focus, innovative differentiation) and weaknesses (lack of market quantification, ambitious technical claims), Project A is designated as the winner by default since Project B appears to be a copy. The venture shows promising concepts but would benefit from more concrete evidence of feasibility and market validation."
"local","1","2","L1.2","1","L1.1","L1.1","plan_1","{""Project A"": {""Pros"": [""• Clear, specific value proposition focused on verifiable digital fingerprints for ethical sourcing events."", ""• Identifies a tangible market need with procurement teams in consumer goods companies as initial target."", ""• Detailed development plan includes clear explainer materials for non-technical audiences and open-source verification widget."", ""• Revenue model based on subscription service with free trial period and enterprise upgrade options."", ""• Strong differentiation through machine-readable open registry of ethical standards and heirloom-quality goods positioning."", ""• Impact plan includes creating a new layer of semantic clarity for provenance claims."", ""• Acknowledges need for decentralized witness network to increase trust.""], ""Cons"": [""• Market size quantification missing; no specific data on addressable market."", ""• Feasibility concerns around building both a ledger system and community-run witness network simultaneously."", ""• No evidence of traction, partnerships, or completed development milestones."", ""• Risk mitigation strategies are implied but not explicitly detailed."", ""• Revenue sustainability depends on brand adoption which may be slow in regulated industries.""]}, ""Project B"": {""Pros"": [""• Identical strong value proposition to Project A with same clarity."", ""• Same well-defined market opportunity with procurement teams as initial target."", ""• More realistic development approach with proposed pilot test using single artisan supplier and brand partner."", ""• Same viable revenue model with subscription service and enterprise options."", ""• Same strong differentiation through machine-readable registry and heirloom-quality positioning."", ""• Concrete validation plan through pilot test provides clearer path to evidence."", ""• Same acknowledgment of need for decentralized witness network.""], ""Cons"": [""• Same lack of market size quantification as Project A."", ""• No evidence of existing traction or partnerships."", ""• Same revenue sustainability concerns dependent on brand adoption."", ""• Risk mitigation not explicitly detailed beyond pilot testing approach."", ""• Development timeline and resource requirements not specified.""]}}"
"local","1","2","L1.2","3","L1.3","L1.2","plan_2","PROJECT A: Pros: • Clear value proposition with specific examples (donation receipts, impact milestones) and planned educational materials (explainer document/video) for non-technical audiences. • Identifies concrete initial target user group (procurement teams in consumer goods companies) with specific pain points (certification compliance). • Shows thoughtful development plan including open-source verification widget and witness network exploration. • Revenue model based on subscription service with free trial period. • Strong differentiation through machine-readable ledger linking to ethical standards definitions and 'heirloom-quality' positioning. • Impact plan includes making verification tools accessible via public interface and widget. • Implicit risk awareness through privacy-first design and minimal infrastructure approach. Cons: • Market size quantification missing. • Development timeline and technical feasibility details limited. • Revenue sustainability dependent on brand adoption without clear pricing strategy. • No explicit risk mitigation strategies outlined beyond technical design. PROJECT B: Pros: • Identical strong value proposition and problem framing as Project A. • Same clear target user identification and use cases. • Identical technical solution with privacy-preserving approach. • More developed revenue model with explicit tiered subscription plans and pricing test mentioned. • Same strong differentiation through machine-readable ledger and ethical standards registry. • Same impact potential through verification tools. • Same implicit risk awareness in design. Cons: • Lacks Project A's planned educational materials (explainer document/video) for user adoption. • No mention of witness network exploration for additional trust layer. • Same missing market size quantification. • Same limited development timeline details. • Same dependency on brand adoption without clear customer acquisition strategy. • No explicit risk mitigation strategies. WINNER ANALYSIS: Project A wins by a narrow margin due to two critical advantages in execution planning: 1) It includes planned educational materials (explainer document/video) to address adoption barriers with non-technical users, which is crucial for B2B and consumer-facing applications. 2) It explores additional trust mechanisms (decentralized witness network) that could enhance system credibility. While Project B has a slightly more developed revenue model with tiered pricing, Project A demonstrates better understanding of user education and trust-building requirements for a complex verification product. Both projects share identical strengths in value proposition, differentiation, and problem identification, but Project A shows marginally better planning for user adoption and system credibility."
"local","1","2","L1.2","4","L1.4","L1.4","plan_4","{
  ""Project A"": {
    ""Pros"": [
      ""• Clear value proposition: Privacy-first digital fingerprinting for ethical sourcing provides verifiable proof while protecting sensitive data."",
      ""• Strong differentiation: Combines tangible goods with digital provenance and proposes a machine-readable ledger for semantic clarity."",
      ""• Good risk awareness: Addresses privacy concerns by not storing raw data and explores decentralized witness networks for added trust."",
      ""• Practical development plan: Includes plans for explainer materials for non-technical audiences and an open-source verification widget."",
      ""• Sustainable revenue model: Subscription service for brands/suppliers with potential enterprise upgrades.""
    ],
    ""Cons"": [
      ""• Market validation unclear: No evidence of traction or partnerships with target users (procurement teams, certification programs)."",
      ""• Feasibility concerns: Technical implementation of decentralized witness network and machine-readable ledger is ambitious without proven execution."",
      ""• Impact measurement vague: No specific plan for measuring adoption or effectiveness in increasing trust."",
      ""• Revenue model risk: Relies on brands/suppliers adopting new verification systems without clear cost-benefit evidence."",
      ""• Use case diffusion: Attempts to serve both charitable verification and supply chain provenance may dilute focus.""
    ]
  },
  ""Project B"": {
    ""Pros"": [
      ""• Stronger feasibility: Proposes foundational step of creating open-source registry of ethical sourcing definitions before ledger implementation."",
      ""• Better development sequencing: Registry-first approach provides semantic framework that makes subsequent ledger more valuable."",
      ""• Enhanced differentiation: Machine-readable ledger built on standardized definitions addresses industry-wide lack of semantic clarity."",
      ""• Same strong value proposition and revenue model as Project A."",
      ""• Better risk mitigation: Building registry first reduces technical complexity and allows for industry collaboration.""
    ],
    ""Cons"": [
      ""• Same market validation issues as Project A: No evidence of industry partnerships or pilot programs."",
      ""• Implementation timeline potentially longer: Two-phase approach (registry then ledger) may delay revenue generation."",
      ""• Same impact measurement weaknesses: No specific metrics or validation plan provided."",
      ""• Revenue model dependency: Still relies on brand adoption without clear evidence of demand."",
      ""• Same use case diffusion concerns as Project A.""
    ]
  }
}"
"local","1","2","L1.2","5","L1.5","L1.5","plan_5","PROJECT A PROS: • Clear value proposition addressing digital authenticity and ethical sourcing verification • Identifies substantial market need in sustainability certification and supply chain transparency • Thoughtful privacy-first technical architecture with verifiable digital fingerprints • Subscription-based revenue model with enterprise upsell potential • Strong differentiation through machine-readable ethical standards registry and heirloom-quality positioning • Clear impact plan through open-source verification widget and public ledger • Acknowledges credibility problem of sustainability claims as key risk
PROJECT A CONS: • Lacks concrete validation plan for problem assumptions • Development plan uses exploratory language ('plans to explore') without clear validation steps • No evidence of market testing or user feedback • Revenue model assumes brand adoption without proof of willingness to pay • Impact measurement plan is descriptive rather than evidence-based • Risk mitigation strategies are implied rather than explicitly stated

PROJECT B PROS: • Includes all strengths of Project A • Adds concrete validation plan: structured interviews with 10-15 procurement professionals • Demonstrates systematic approach to testing problem assumptions • Shows greater methodological rigor in understanding user friction • Slightly stronger risk awareness through planned user research
PROJECT B CONS: • Still lacks quantified market size or demand validation • Development timeline and resource requirements remain unspecified • Revenue model identical to Project A without additional validation • Impact evidence collection not detailed beyond initial interviews • Most risks still not explicitly addressed with mitigation strategies

Both projects share identical core descriptions, but Project B demonstrates superior methodology by including a specific user research plan. This small but meaningful difference shows greater rigor in problem validation and customer discovery, which is critical for early-stage ventures. Project B's planned interviews indicate a more evidence-based approach to understanding the verification friction problem, reducing the 'build it and they will come' risk inherent in Project A. While both projects need more concrete development plans and market validation, Project B's inclusion of structured user research gives it a slight but decisive edge in feasibility and risk mitigation."
"local","1","3","L1.3","0","g12-s03","L1.3","plan_3","{
  ""Project A"": {
    ""Pros"": [
      ""• Clear value proposition: Privacy-first digital fingerprinting for ethical sourcing with verifiable provenance addresses a genuine market need for trust in sustainability claims."",
      ""• Strong differentiation: Focus on 'heirloom-quality' goods combined with digital proof, plus a machine-readable ledger of ethical standards adds semantic clarity and auditability."",
      ""• Feasible delivery model: Lightweight, privacy-first approach with no storage of sensitive data reduces technical and compliance risks."",
      ""• Explicit revenue model: Tiered subscription plans with a clear entry-level offering and planned pricing tests show thoughtful monetization strategy."",
      ""• Good risk awareness: Acknowledges need for trust via decentralized witness network and open-source verification widget exploration.""
    ],
    ""Cons"": [
      ""• Market validation unclear: No evidence of traction, partnerships, or user demand beyond stated plans."",
      ""• Development plan vague: Multiple 'plans to explore' elements (widget, witness network) suggest early-stage conceptualization."",
      ""• Revenue sustainability uncertain: Subscription model depends on convincing brands/suppliers to pay for verification in a competitive market."",
      ""• Impact evidence lacking: No metrics or pilot results to demonstrate effectiveness in increasing trust or participation.""
    ]
  },
  ""Project B"": {
    ""Pros"": [
      ""• Identical strong value proposition to Project A: Addresses same core problem of digital trust and ethical sourcing verification."",
      ""• Same strong differentiation: Machine-readable ledger and heirloom-quality positioning remain compelling."",
      ""• Identical feasible delivery model: Privacy-first approach with same technical advantages."",
      ""• Same target market: Focus on procurement teams and sustainability certifications addresses real regulatory and compliance needs.""
    ],
    ""Cons"": [
      ""• Less developed revenue model: Missing Project A's explicit tiered subscription structure and pricing test plans, making monetization less concrete."",
      ""• Identical lack of market validation: No evidence of traction or partnerships."",
      ""• Same vague development plan: Multiple exploratory elements without clear roadmap."",
      ""• Slightly weaker strategic thinking: Absence of pricing structure details suggests less mature business planning.""
    ]
  },
  ""Comparison"": ""Both projects are essentially identical in concept, problem statement, solution, and differentiation. The only meaningful difference is in revenue model specificity: Project A explicitly mentions a tiered subscription model with entry-level plans and planned pricing tests, while Project B omits these details. This gives Project A a slight edge in business model clarity and sustainability planning. However, both suffer from the same weaknesses: lack of evidence, vague development plans, and unproven market demand. Neither shows genuine traction or partnerships.""
}"
"local","1","3","L1.3","1","L1.1","L1.1","plan_1","Project A Pros: • Clear value proposition focusing on verifiable digital fingerprints for ethical sourcing • Large market addressing consumer goods companies and sustainability certifications • Well-articulated tiered subscription revenue model with planned pricing tests • Strong differentiation through machine-readable open registry of ethical standards • Specific mention of decentralized witness network for enhanced trust Project A Cons: • Development plan lacks concrete validation steps or pilot programs • No specific evidence plan or traction validation mentioned • Risk mitigation strategies are implied but not explicitly detailed Project B Pros: • Includes specific validation plan: pilot with local artisan supplier and brand partner • Same strong value proposition and market opportunity as Project A • Privacy-first implementation with clear data protection approach • Open-source verification widget mentioned for third-party integration Project B Cons: • Revenue model less detailed than Project A (no tiered subscription specifics) • Differentiation identical to Project A but without additional network layer • Same general risk awareness without specific mitigation strategies Winner: Project B wins overall because it includes a concrete validation plan (pilot program) that demonstrates stronger feasibility and evidence collection approach. While both projects share identical core concepts, Project B shows more practical thinking about testing assumptions with real users, which is crucial for early-stage ventures. The inclusion of a specific pilot test addresses feasibility concerns more directly than Project A's more theoretical approach."
"local","1","3","L1.3","2","L1.2","L1.2","plan_2","Both projects are identical in their core concept, problem statement, target users, solution, delivery model, revenue logic, and distinctiveness. The only difference is that Project B includes an additional educational component: 'To make the core technical process accessible, the venture plans to develop a clear, one-page explainer document or video that visually demonstrates the 'digital fingerprint' creation and public ledger verification process for a non-technical audience.' This is a minor but genuine enhancement that slightly improves clarity and user adoption potential. Since all other criteria are identical, this small advantage in clarity and user experience planning gives Project B a marginal edge. However, both projects suffer from the same fundamental weaknesses: they are entirely speculative ('plans to explore,' 'proposed'), lack concrete evidence of market demand or feasibility, have a complex and untested revenue model targeting potentially reluctant B2B customers, and show no awareness of execution risks or mitigation strategies beyond technical design. The assessment is therefore based on the only discernible difference between the two descriptions.

--- PROJECT A ---
Pros:
• Clear, privacy-first value proposition for verifiable ethical sourcing.
• Targets a large and growing market (sustainable supply chains, ethical consumerism).
• Lightweight, privacy-preserving technical design is conceptually sound.
• Subscription revenue model aligns with B2B SaaS standards.
• Strong differentiation via machine-readable ledger linking proofs to specific ethical standards.
Cons:
• Entirely speculative; all elements are 'planned' or 'proposed' with no evidence of execution.
• Market demand is assumed; no validation from target users (procurement teams) is mentioned.
• Feasibility is untested; development of decentralized witness networks and open-source widgets is complex.
• Revenue model depends on convincing brands/suppliers to pay for verification in a cost-sensitive sector.
• No mention of risks (e.g., adoption challenges, competition, regulatory hurdles) or mitigation plans.
• Impact is hypothetical; no plan to measure or demonstrate real-world effect.

--- PROJECT B ---
Pros:
• Includes all pros from Project A.
• Additional planned educational component (explainer doc/video) slightly improves clarity and potential user adoption by addressing non-technical audience needs.
Cons:
• Includes all cons from Project A.
• The educational component is minor and does not address core feasibility or evidence gaps.

Winner: Project B wins by a very narrow margin due to its slightly more comprehensive approach to user education and clarity, which is a positive factor within the 'Clarity of value proposition' and 'Feasibility and development plan' criteria. However, both projects are high-risk, early-stage concepts lacking concrete validation."
"local","1","3","L1.3","4","L1.4","L1.4","plan_4","{
  ""Project A"": {
    ""Pros"": [
      ""• Clear value proposition: Privacy-first platform providing verifiable digital fingerprints for ethical sourcing with tamper-proof ledger anchoring. Addresses credibility gap in sustainability claims."",
      ""• Market size and demand: Targets growing demand for supply chain transparency from brands, consumers, and regulatory/certification programs. Specific initial focus on procurement teams adds focus."",
      ""• Feasibility and development plan: Lightweight, privacy-first implementation with clear technical approach (fingerprints instead of raw data). Plans for verification widget and witness network show thoughtful architecture."",
      ""• Revenue model and sustainability: Tiered subscription model with clear entry-level plan and free trial period. Focus on brands/suppliers as paying customers aligns with value delivery."",
      ""• Differentiation: Combines tangible goods with enduring digital proof. Unique focus on machine-readable, open registry of ethical standards adds semantic clarity."",
      ""• Impact and evidence plan: Public ledger provides transparent verification. Open-source verification widget promotes adoption and independent verification."",
      ""• Risk awareness and mitigation: Privacy-first design mitigates data sensitivity risks. Decentralized witness network planned to enhance trust and resilience.""
    ],
    ""Cons"": [
      ""• Market validation: No evidence of existing partnerships or pilot programs mentioned."",
      ""• Implementation complexity: Building decentralized witness network and machine-readable registry adds technical and coordination challenges."",
      ""• Customer acquisition: Requires convincing both brands and suppliers to adopt new verification system simultaneously."",
      ""• Revenue uncertainty: Subscription model success depends on proving sufficient ROI for brands/suppliers."",
      ""• Competitive landscape: Blockchain-based provenance solutions exist; differentiation must be clearly communicated.""
    ]
  },
  ""Project B"": {
    ""Pros"": [
      ""• Clear value proposition: Identical to Project A with strong focus on verifiable provenance and privacy protection."",
      ""• Enhanced feasibility: Explicitly plans foundational step of creating open-source registry of ethical sourcing definitions before building machine-readable ledger. Shows more structured development approach."",
      ""• Better semantic framework: Registry-first approach ensures clearer standardization and auditability from the start."",
      ""• Same strong revenue model: Subscription service targeting brands/suppliers with free trial period."",
      ""• Same differentiation strengths: Combines tangible goods with digital proof and machine-readable standards."",
      ""• Same impact potential: Public ledger and verification widget promote transparency."",
      ""• Same risk mitigation: Privacy-first design and planned witness network.""
    ],
    ""Cons"": [
      ""• Same market validation gaps: No evidence of traction or partnerships."",
      ""• Registry development challenge: Creating industry-accepted standard definitions requires significant stakeholder coordination."",
      ""• Same customer acquisition challenges: Two-sided market dynamics."",
      ""• Same revenue uncertainty."",
      ""• Same competitive pressures."",
      ""• Potentially slower time-to-market due to registry development prerequisite.""
    ]
  }
}"
"local","1","3","L1.3","5","L1.5","L1.5","plan_5","{
  ""Project A"": {
    ""Pros"": [
      ""• Clear value proposition focused on verifiable digital fingerprints for ethical sourcing"",
      ""• Addresses large market of brands needing supply chain validation and consumers seeking ethical goods"",
      ""• Privacy-first delivery model with lightweight implementation shows technical awareness"",
      ""• Tiered subscription model with planned pricing test shows revenue strategy development"",
      ""• Strong differentiation through machine-readable ledger linking to ethical standards definitions"",
      ""• Impact potential through transparent proof of sourcing standards""
    ],
    ""Cons"": [
      ""• No evidence plan for validating assumptions about target users or market needs"",
      ""• Risk mitigation strategies are implied but not explicitly stated"",
      ""• Development plan mentions exploration phases but lacks concrete milestones"",
      ""• Revenue model lacks specificity on pricing tiers or validation approach"",
      ""• Both B2B (brands) and B2C (consumers) targeting may dilute focus""
    ]
  },
  ""Project B"": {
    ""Pros"": [
      ""• Clear value proposition identical to Project A but with stronger validation plan"",
      ""• Explicit evidence plan: structured interviews with 10-15 procurement professionals"",
      ""• Addresses same substantial market with clearer user research approach"",
      ""• Privacy-first delivery model identical to Project A"",
      ""• Strong differentiation identical to Project A"",
      ""• Shows better risk awareness through planned assumption testing""
    ],
    ""Cons"": [
      ""• Revenue model less developed than Project A (no mention of tiered pricing or pricing tests)"",
      ""• Development plan still lacks concrete milestones despite better validation approach"",
      ""• Same potential focus dilution between B2B and B2C markets"",
      ""• Risk mitigation beyond initial interviews not specified"",
      ""• Impact measurement plan not explicitly outlined""
    ]
  },
  ""Comparison"": ""Both projects share identical core propositions, target markets, solutions, and differentiation strategies. The key difference is Project B's explicit evidence plan to conduct structured interviews with procurement professionals, demonstrating superior risk awareness and validation approach. While Project A has a slightly more developed revenue model with tiered pricing tests, Project B's commitment to testing assumptions with real users before full development represents better feasibility planning and risk mitigation. In early-stage ventures, evidence of market validation typically outweighs slightly more detailed monetization plans.""
}"
"local","1","4","L1.4","0","g12-s03","L1.4","plan_4","PROJECT A PROS: • Clear value proposition: Privacy-first verifiable digital fingerprints for ethical sourcing events anchored to tamper-proof ledger • Addresses significant market demand: Growing need for supply chain transparency, regulatory pressure for sustainability reporting, consumer demand for ethical goods • Well-considered development plan: Includes foundational registry of ethical sourcing standards, open-source verification widget, decentralized witness network exploration • Sustainable revenue model: Subscription service for brands/suppliers with potential enterprise upgrades • Strong differentiation: Combines tamper-proof ledger with machine-readable registry of ethical standards, semantic clarity for auditability • Impact potential: Could standardize ethical sourcing verification across industries • Risk awareness: Privacy-first design protects sensitive data, explores multiple trust layers
PROJECT A CONS: • Implementation complexity: Building both ledger infrastructure and semantic registry is ambitious • Market adoption risk: Requires buy-in from multiple stakeholders (brands, suppliers, consumers) • Revenue model dependency: Relies on subscription adoption in competitive sustainability software market • Technical risks: Decentralized witness network adds complexity
PROJECT B PROS: • Identical strong value proposition to Project A • Same market opportunity addressing supply chain transparency needs • Same privacy-first delivery model protecting sensitive data • Same revenue logic with subscription model • Good differentiation with focus on verifiable provenance
PROJECT B CONS: • Missing key component: No mention of foundational registry of ethical sourcing standards • Less comprehensive solution: Lacks semantic framework for programmatic linking of fingerprints to standards • Weaker differentiation: Only mentions machine-readable ledger but lacks the structured registry component • Less ambitious impact plan: Without standardized definitions, auditability and clarity are reduced
WINNER RATIONALE: Project A wins because it presents a more complete and sophisticated solution. While both projects share identical core concepts, Project A includes the critical additional component of 'a public, open-source registry of standard ethical sourcing claim definitions' which provides the semantic framework for the ledger. This addresses a fundamental gap in current provenance systems - the lack of standardized, machine-readable definitions of what ethical claims actually mean. Project A's solution would enable programmatic linking of fingerprints to precise definitions, creating true auditability and semantic clarity. This makes Project A more feasible for real-world adoption, more differentiated in the market, and potentially more impactful in standardizing ethical sourcing verification. The registry component demonstrates deeper understanding of the problem space and provides a more defensible competitive advantage."
"local","1","4","L1.4","1","L1.1","L1.1","plan_1","{'Project A': {'pros': ['• Clarity of value proposition: Strong, concise one-sentence summary clearly explains the privacy-first approach and value of verifiable provenance.', '• Market size and demand: Identifies clear target users (brands, consumers, procurement teams) and addresses growing demand for ethical sourcing verification.', '• Feasibility and development plan: Includes specific technical components like decentralized witness network and open-source verification widget, showing thoughtful architecture.', '• Revenue model and sustainability: Clear subscription model targeting brands/suppliers with potential enterprise upgrades provides viable monetization path.', '• Differentiation: Strong focus on creating a machine-readable registry of ethical sourcing standards adds semantic clarity beyond simple verification.', '• Impact and evidence plan: Proposes foundational registry of standard definitions to create auditability framework, showing systematic approach.', '• Risk awareness and mitigation: Privacy-first design addresses data sensitivity concerns; public ledger approach mitigates trust issues.'], 'cons': ['• Feasibility and development plan: Lacks concrete implementation timeline or pilot plan to validate assumptions.', '• Impact and evidence plan: No specific validation plan mentioned; relies on proposed features without evidence of user need.', '• Risk awareness and mitigation: Does not address technical risks of ledger implementation or adoption challenges in fragmented supply chain ecosystem.', '• Market size and demand: While target users are identified, no quantification of market size or validation of willingness to pay.', '• Revenue model and sustainability: Subscription model may face adoption challenges if value proposition not immediately clear to users.']}, 'Project B': {'pros': ['• Clarity of value proposition: Identical strong summary to Project A, clearly communicating core value.', '• Market size and demand: Same well-defined target users and use cases as Project A.', '• Feasibility and development plan: Includes concrete validation plan: ""pilot with a single local artisan supplier and one brand partner"" to test workflow.', '• Revenue model and sustainability: Same viable subscription model as Project A.', '• Differentiation: Includes same strong differentiation around machine-readable registry and ethical sourcing standards.', '• Impact and evidence plan: Pilot plan provides clear path to gather real-world evidence and validate assumptions.', '• Risk awareness and mitigation: Pilot approach demonstrates risk mitigation through incremental validation before full-scale development.'], 'cons': ['• Feasibility and development plan: Missing some technical specifics from Project A (decentralized witness network mentioned less prominently).', ""• Impact and evidence plan: Lacks Project A's proposed foundational registry of standard definitions, which could limit semantic clarity."", '• Risk awareness and mitigation: Same unaddressed risks as Project A regarding technical implementation and ecosystem adoption.', '• Market size and demand: Same lack of market quantification as Project A.', '• Revenue model and sustainability: Same potential adoption challenges as Project A.']}}"
"local","1","4","L1.4","2","L1.2","L1.4","plan_4","PROJECT A PROS:
• Clarity of value proposition: Strong, consistent one-sentence summary clearly explains the privacy-first, verifiable provenance concept.
• Market size and demand: Identifies clear target users (brands, consumers, procurement teams) with specific pain points (sustainability certification, regulatory requirements).
• Feasibility and development plan: Proposes concrete foundational steps including creating an open-source registry of ethical sourcing claim definitions, providing semantic framework.
• Revenue model and sustainability: Clear subscription model for brands/suppliers with free trial and potential enterprise upgrades.
• Differentiation: Strong focus on heirloom-quality goods with enduring digital proof, plus unique machine-readable ledger with semantic registry of standards.
• Impact and evidence plan: Proposes verification widget for third-party websites and witness network for distributed attestation.
• Risk awareness and mitigation: Privacy-first design addresses data sensitivity concerns; ledger approach addresses manipulation risks.

PROJECT A CONS:
• Somewhat abstract technical implementation details for non-technical audiences.
• No mention of educational materials for user adoption.
• Relies heavily on industry adoption of proposed standards registry.

PROJECT B PROS:
• Clarity of value proposition: Identical strong value proposition to Project A.
• Market size and demand: Same clear target market identification.
• Feasibility and development plan: Includes practical user education component with one-page explainer/video for non-technical audiences.
• Revenue model and sustainability: Same clear subscription model as Project A.
• Differentiation: Same strong differentiation around verifiable provenance and machine-readable ledger.
• Impact and evidence plan: Same verification widget and witness network proposals.
• Risk awareness and mitigation: Same privacy-first design; educational component addresses adoption risk.

PROJECT B CONS:
• Lacks the concrete foundational step of creating an open-source registry of ethical sourcing definitions that Project A proposes.
• Slightly less detailed technical framework for the semantic linking of fingerprints to standards.
• Both projects share the same core weaknesses: no genuine evidence of traction, partnerships, or completed development mentioned.

WINNER ANALYSIS: Project A wins by a narrow margin. While both projects are nearly identical, Project A demonstrates slightly stronger strategic thinking by proposing the creation of a foundational, open-source registry of ethical sourcing claim definitions. This represents a more concrete development plan and addresses a critical standardization gap in the market. Project B's addition of educational materials is valuable but less strategically significant than establishing the semantic framework that would enable industry-wide standardization. Project A's approach to creating the registry as a public, open-source resource shows better understanding of ecosystem building and long-term sustainability."
"local","1","4","L1.4","3","L1.3","L1.4","plan_4","{'Project A': {'Pros': ['• Strong clarity of value proposition: clearly articulates privacy-first approach with verifiable digital fingerprints for ethical sourcing', '• Good market targeting: identifies procurement teams in consumer goods companies as specific initial target with clear regulatory/certification needs', '• Well-developed solution architecture: includes foundational registry of ethical sourcing claim definitions, decentralized witness network, and open-source verification widget', '• Clear differentiation: emphasizes semantic clarity through machine-readable registry linking fingerprints to precise ethical standard definitions', '• Good risk awareness: acknowledges need for community-run witness network to increase trust in timestamps', '• Strong impact potential: addresses greenwashing concerns in supply chains with tamper-proof evidence'], 'Cons': ['• Revenue model lacks specificity: subscription model mentioned but without pricing tiers or testing plans', '• Feasibility concerns: ambitious technical scope including decentralized witness network, open-source widget, and semantic registry', '• Market validation unclear: no evidence of testing with target procurement teams', ""• Development plan vague: 'plans to explore' multiple complex features simultaneously"", '• Risk mitigation underdeveloped: acknowledges risks but lacks concrete mitigation strategies']}, 'Project B': {'Pros': ['• Clear value proposition: identical strong privacy-first approach with verifiable digital fingerprints', '• Better revenue model specificity: includes planned tiered subscription model with clear entry-level plan and explicit pricing test', '• More focused solution: maintains core fingerprinting and ledger functionality without overextending into multiple complex subsystems', '• Same strong differentiation: emphasizes machine-readable registry for ethical sourcing standards', '• Practical delivery model: lightweight, privacy-first implementation with clear infrastructure goals', '• Good market targeting: identical clear initial focus on procurement teams with certification needs'], 'Cons': [""• Missing key technical component: lacks Project A's foundational registry of ethical sourcing claim definitions"", '• Less developed verification ecosystem: no mention of open-source verification widget for third-party websites', '• Still lacks evidence of market validation: no traction or testing mentioned', ""• Development plan remains vague: multiple 'plans to explore' without clear prioritization"", '• Risk awareness similar but mitigation strategies not detailed']}, 'Comparison': ""Both projects share identical core value propositions, problem statements, target users, and solution approaches. Key differences: Project A has more ambitious technical architecture including a foundational registry of definitions and open-source verification widget, while Project B has more concrete revenue planning with tiered subscriptions and explicit pricing tests. Project A's semantic registry represents stronger differentiation and addresses standardization gaps more comprehensively. However, Project B shows better business model thinking with its planned pricing test and tiered approach.""}"
"local","1","4","L1.4","5","L1.5","L1.4","plan_4","PROJECT A PROS: • Clear value proposition: 'privacy-first platform' with 'verifiable digital fingerprints' and 'tamper-proof ledger' for ethical sourcing proof. • Strong differentiation: Unique focus on 'heirloom-quality goods' and proposes a foundational 'open-source registry of standard ethical sourcing claim definitions' for semantic clarity. • Comprehensive solution: Includes plans for a decentralized witness network, open-source verification widget, and machine-readable ledger registry. • Addresses large market: Targets both brands (supply chain validation) and consumers (ethical goods), with specific focus on procurement teams needing proof for certifications. • Sustainable revenue model: Subscription service for brands/suppliers with potential enterprise upgrades. • Clear risk mitigation through privacy-first design and minimal data storage. PROJECT A CONS: • Lacks concrete evidence plan: No mention of user research or validation steps. • Feasibility concerns: Complex development plan with multiple components (ledger, witness network, widget, registry) may be ambitious. • Market validation: No specific plan to test assumptions about user needs or verification processes. PROJECT B PROS: • Identical strong value proposition and differentiation as Project A. • Better evidence plan: Explicitly plans 'structured interviews with 10-15 procurement professionals' to test assumptions about verification friction. • More realistic development approach: Focuses on core platform without the additional registry component, potentially more feasible. • Same strong market targeting and revenue model as Project A. PROJECT B CONS: • Less comprehensive differentiation: Missing Project A's proposed foundational registry of ethical sourcing definitions. • Slightly less ambitious vision: Doesn't include the semantic framework layer that could enhance auditability. • Same general feasibility challenges with ledger and witness network implementation. OVERALL COMPARISON: Both projects share identical core propositions, target markets, and revenue models. The key differences are: 1) Project A has stronger differentiation with its proposed registry of ethical sourcing definitions, creating a more defensible moat. 2) Project B has a better evidence/validation plan with concrete user interviews planned. While Project B shows better early-stage validation thinking, Project A's more comprehensive differentiation strategy (the registry component) addresses a fundamental industry problem (lack of standardized definitions) and could create greater long-term value. In venture analysis, defensible differentiation often outweighs early validation plans when both are strong conceptually. Project A's registry concept represents genuine innovation that could become an industry standard."
"local","1","5","L1.5","0","g12-s03","L1.5","plan_5","PROJECT A:
Pros:
• Clarity of value proposition: Strong, concise one-sentence summary clearly states the privacy-first approach, verifiable digital fingerprints, and tamper-proof ledger for provenance proof.
• Market size and demand: Identifies a clear problem in digital authenticity and specifically mentions corporate matching gift programs as a concrete use case with measurable friction.
• Feasibility and development plan: Shows concrete planning with structured interviews (10-15 procurement professionals) to test assumptions, indicating a research-driven approach.
• Revenue model and sustainability: Clear subscription model targeting brands/suppliers with free trial strategy and potential enterprise upgrades.
• Differentiation: Strong focus on ""heirloom-quality goods"" with enduring digital proof and proposes a machine-readable, open registry of ethical standards for semantic clarity.
• Impact and evidence plan: Explicit plan for user research (interviews) to validate assumptions about verification processes.
• Risk awareness and mitigation: Implicitly addresses privacy risks through design (doesn't store sensitive data) and proposes decentralized witness network for additional trust layer.

Cons:
• Market size and demand: While specific use cases are mentioned, quantification of market size is absent.
• Feasibility and development plan: Technical implementation details of the decentralized witness network and open-source widget are described as ""plans to explore"" rather than concrete plans.
• Revenue model and sustainability: Lacks pricing strategy details or customer acquisition cost considerations.
• Impact and evidence plan: No clear metrics for success or timeline for pilot programs mentioned.
• Risk awareness and mitigation: No explicit discussion of competitive risks, regulatory challenges, or technology adoption barriers.

PROJECT B:
Pros:
• Clarity of value proposition: Identical strong one-sentence summary as Project A.
• Market size and demand: Same problem identification including corporate matching gift program inefficiencies.
• Revenue model and sustainability: Same clear subscription model with free trial strategy.
• Differentiation: Same strong differentiation around verifiable provenance and machine-readable registry.

Cons:
• Market size and demand: Lacks the specific research plan (structured interviews) mentioned in Project A, making demand validation less concrete.
• Feasibility and development plan: All technical elements described as ""plans to explore"" without the research validation component present in Project A.
• Impact and evidence plan: No mention of user research or validation methodology, relying solely on problem statement without evidence-gathering plan.
• Risk awareness and mitigation: Same lack of explicit risk discussion as Project A, but compounded by absence of research validation plan.
• All criteria: Essentially identical to Project A but missing the crucial research validation component, making all claims less substantiated.

Comparison: Both projects share identical descriptions across most sections, but Project A demonstrates superior planning and validation through its explicit mention of structured interviews with 10-15 procurement professionals to test assumptions. This concrete evidence-gathering plan gives Project A advantages in feasibility assessment, impact planning, and risk mitigation through better market understanding. Project B lacks this validation component, making its claims less credible despite identical proposed solutions."
"local","1","5","L1.5","1","L1.1","L1.1","plan_1","PROJECT A:
Pros:
• Strong clarity of value proposition with specific focus on ethical sourcing provenance
• Identifies clear market demand from brands needing verification for certifications and regulations
• Shows good risk awareness by planning structured interviews with 15 procurement professionals to test assumptions
• Innovative differentiation through machine-readable ledger linking to ethical standards definitions
• Strong focus on privacy-first architecture with minimal data storage

Cons:
• Lacks concrete development plan or validation steps beyond initial interviews
• Revenue model relies heavily on subscription adoption without clear pricing or tier structure
• No evidence plan beyond initial interviews mentioned
• Market size quantification absent
• Technical feasibility details sparse beyond high-level architecture

PROJECT B:
Pros:
• Includes all strengths of Project A plus additional validation planning
• Proposes concrete pilot test with local artisan supplier and brand partner
• Better evidence plan through planned pilot validation of core workflow
• Shows stronger development approach with phased testing strategy
• Maintains all differentiation advantages of Project A

Cons:
• Same revenue model weaknesses as Project A
• Market size still not quantified
• Technical implementation details remain at high level
• No mention of team capabilities or existing partnerships
• Risk mitigation strategies not detailed beyond pilot approach

Both projects share identical core descriptions for most sections, but Project B demonstrates superior execution planning through its proposed pilot validation. Project B shows stronger evidence collection methodology and more concrete development pathway while maintaining all the innovative differentiation and market positioning of Project A. The planned pilot with actual users represents genuine progress toward validation that Project A lacks."
"local","1","5","L1.5","2","L1.2","L1.5","plan_5","{""Project A"": {""Pros"": [""• Strong clarity of value proposition with specific focus on ethical sourcing provenance and digital fingerprinting"", ""• Clear market validation plan through structured interviews with 10-15 procurement professionals"", ""• Detailed differentiation strategy including machine-readable ledger and semantic clarity for ethical standards"", ""• Comprehensive risk awareness shown through privacy-first design and decentralized witness network exploration"", ""• Strong feasibility approach with lightweight implementation and clear development components""], ""Cons"": [""• Market size quantification missing despite clear target segments"", ""• Revenue model lacks pricing tiers or customer lifetime value projections"", ""• Impact measurement plan not explicitly detailed beyond verification functionality"", ""• No mention of technical implementation timeline or resource requirements"", ""• Competitive landscape analysis not provided""]}, ""Project B"": {""Pros"": [""• Excellent clarity enhanced by planned explainer document/video for non-technical audiences"", ""• Same strong differentiation as Project A with machine-readable ledger concept"", ""• Identical strong feasibility approach with privacy-first architecture"", ""• Clear user-centric design thinking shown through accessibility planning"", ""• Same revenue model with free trial strategy for onboarding""], ""Cons"": [""• Lacks Project A's explicit market validation plan (no mention of structured interviews)"", ""• Same missing market size quantification as Project A"", ""• Identical gaps in impact measurement planning"", ""• No additional risk mitigation strategies beyond those in Project A"", ""• Same lack of competitive analysis and implementation timeline""]}, ""Comparison"": ""Both projects share identical core proposals with strong value propositions addressing greenwashing and provenance verification. Project A demonstrates superior market validation methodology through its planned structured interviews, showing more rigorous evidence-gathering approach. Project B adds valuable user education components but lacks the systematic validation plan. Project A's explicit mention of testing assumptions with target users indicates stronger risk awareness and evidence-based development.""}"
"local","1","5","L1.5","3","L1.3","L1.5","plan_5","{""Project A"": {""Pros"": [""• Clarity of value proposition: The one-sentence summary is clear and directly addresses the core value of providing indisputable proof of provenance while protecting sensitive data. The problem statement is well-articulated, highlighting the difficulty of proving authenticity in a digital landscape and specifically identifying inefficiencies in corporate matching gift programs."", ""• Market size and demand: Targets a relevant and growing market of brands seeking supply chain validation and consumers looking for ethical goods. The identification of procurement teams in consumer goods companies as a specific initial target user group shows focused market entry strategy."", ""• Feasibility and development plan: Shows a structured approach to development with plans for user interviews (10-15 procurement professionals) to test assumptions. The privacy-first, lightweight implementation approach is practical and addresses data security concerns."", ""• Revenue model and sustainability: Subscription-based model targeting brands and suppliers is logical for the B2B focus. Mention of free trial period and exploration of enterprise upgrades shows consideration of customer acquisition and expansion."", ""• Differentiation: Strong focus on creating permanent, independently verifiable records that link to ethical sourcing standards. The concept of a machine-readable, open registry of standards adds semantic clarity beyond simple timestamping."", ""• Impact and evidence plan: The planned user interviews provide a method for gathering initial evidence. The verification widget for third-party websites could increase adoption and provide visible proof points."", ""• Risk awareness and mitigation: Implicitly addresses risks through privacy-preserving design and planned user research to validate assumptions. The decentralized witness network concept shows consideration of trust and verification risks.""], ""Cons"": [""• Market size and demand: While the market is identified, there's no quantification of market size or specific demand metrics provided."", ""• Feasibility and development plan: Heavy reliance on planned exploration rather than concrete development milestones. The witness network and verification widget are described as 'planned to explore' rather than committed features."", ""• Revenue model and sustainability: Lacks detailed pricing strategy or customer lifetime value projections. The subscription model may face adoption challenges in price-sensitive segments."", ""• Differentiation: The 'heirloom-quality goods' mention seems disconnected from the digital platform focus, creating potential confusion about the actual product offering."", ""• Impact and evidence plan: Limited concrete evidence of market validation beyond planned interviews. No mention of pilot programs or early adopter commitments."", ""• Risk awareness and mitigation: Does not explicitly address technical implementation risks, regulatory compliance issues, or competitive threats.""]}, ""Project B"": {""Pros"": [""• Clarity of value proposition: Identical strong value proposition to Project A with clear focus on provenance verification and privacy protection."", ""• Market size and demand: Same strong market identification as Project A with clear target user groups."", ""• Feasibility and development plan: Similar practical approach to Project A with privacy-first implementation."", ""• Revenue model and sustainability: Adds important specificity with mention of a 'tiered subscription model' and 'planned pricing test,' showing more concrete monetization planning than Project A."", ""• Differentiation: Same strong differentiation strategy as Project A with focus on permanent verifiable records and machine-readable standards registry."", ""• Impact and evidence plan: Similar to Project A with potential for verification widget adoption."", ""• Risk awareness and mitigation: Similar implicit risk mitigation through design choices.""], ""Cons"": [""• Market size and demand: Same lack of quantification as Project A."", ""• Feasibility and development plan: Same reliance on planned exploration rather than concrete development commitments."", ""• Revenue model and sustainability: While more specific about pricing structure, still lacks detailed financial projections or unit economics."", ""• Differentiation: Same disconnect with 'heirloom-quality goods' mention as Project A."", ""• Impact and evidence plan: Missing the structured user interview plan that Project A explicitly mentions, making evidence gathering less concrete."", ""• Risk awareness and mitigation: Same lack of explicit risk addressing as Project A.""]}}"
"local","1","5","L1.5","4","L1.4","L1.4","plan_4","PROJECT A:
• Pros:
  1. Strong clarity of value proposition with specific examples (corporate matching gift programs)
  2. Good market size targeting both brands and consumers with clear use cases
  3. Concrete development plan including structured interviews with 10-15 procurement professionals
  4. Clear subscription revenue model with free trial strategy
  5. Strong differentiation through heirloom-quality goods concept and machine-readable ledger
  6. Good impact plan with verification widget exploration
  7. Shows risk awareness through privacy-first design and minimal infrastructure approach

• Cons:
  1. Market validation appears planned but not yet executed
  2. Revenue model relies heavily on brand/supplier adoption
  3. Technical complexity of decentralized witness network may present feasibility challenges
  4. No mention of competitive analysis or existing alternatives
  5. Impact measurement plan lacks specific metrics

PROJECT B:
• Pros:
  1. Excellent clarity with identical strong value proposition to Project A
  2. Same strong market targeting as Project A
  3. More detailed technical plan including foundational registry of ethical sourcing definitions
  4. Identical clear revenue model to Project A
  5. Stronger differentiation through explicit focus on semantic framework for ethical standards
  6. Better structured impact approach with foundational registry as first step
  7. Good risk mitigation through same privacy-first design

• Cons:
  1. Lacks Project A's specific user research plan (no mention of structured interviews)
  2. Same revenue dependency risks as Project A
  3. Building industry consensus around standard definitions may be challenging
  4. No mention of pilot programs or phased rollout
  5. Same lack of competitive analysis as Project A

Overall, Project B wins due to its more sophisticated technical architecture and clearer implementation roadmap. While both projects share identical core value propositions and revenue models, Project B demonstrates superior strategic thinking by proposing a foundational registry of ethical sourcing definitions as the first step. This addresses a critical industry gap (lack of standardized definitions) and creates a more defensible long-term position. Project B's approach to building semantic clarity into the ledger from the ground up shows deeper understanding of the systemic nature of the problem they're solving. Although Project A has a slightly better user research plan, Project B's technical foundation and focus on standardization create stronger network effects and sustainability potential."
"local","2","0","L1.4","1","L2.1","L2.1","plan_1","{
  ""Project A"": {
    ""Pros"": [
      ""• Clear value proposition: Privacy-first verifiable digital fingerprints for ethical sourcing with tamper-proof ledger provides compelling solution to provenance verification problem."",
      ""• Strong differentiation: Combines heirloom-quality goods with digital proof, plus machine-readable open registry of ethical standards creates semantic clarity."",
      ""• Good market targeting: Focus on procurement teams in consumer goods companies participating in sustainability programs addresses clear pain point."",
      ""• Privacy-first delivery model: Lightweight implementation that doesn't store sensitive data reduces security risks."",
      ""• Multiple verification layers: Plans for decentralized witness network and open-source verification widget enhance trust and adoption potential.""
    ],
    ""Cons"": [
      ""• Development plan lacks specificity: No clear pilot or phased rollout mentioned, making feasibility assessment difficult."",
      ""• Revenue model validation: Subscription model for brands/suppliers untested with no mention of pilot or validation."",
      ""• Implementation complexity: Building both ledger infrastructure and registry of standards simultaneously may be ambitious."",
      ""• Limited evidence plan: No concrete plan for testing or gathering market validation mentioned."",
      ""• Risk mitigation unclear: While privacy approach addresses data risks, no mention of adoption, technical, or business model risks.""
    ]
  },
  ""Project B"": {
    ""Pros"": [
      ""• Clear value proposition: Same strong privacy-first verifiable digital fingerprint solution as Project A."",
      ""• Superior development plan: Includes specific pilot use case focusing on single ethical standard (e.g., 'organic' for specific product) to validate technology and workflows."",
      ""• Better evidence plan: Pilot approach provides concrete method for gathering validation data and testing assumptions."",
      ""• Same strong differentiation: Machine-readable open registry of ethical standards plus heirloom-quality goods combination."",
      ""• Same privacy-first delivery model with lightweight implementation."",
      ""• Same multiple verification layers with witness network and verification widget.""
    ],
    ""Cons"": [
      ""• Same revenue model concerns: Subscription model untested despite pilot mention."",
      ""• Same implementation complexity: Building ledger and registry simultaneously remains ambitious."",
      ""• Same risk mitigation gaps: Pilot addresses some validation but broader business risks not addressed."",
      ""• Market adoption uncertainty: While pilot helps, scaling from single standard to broader market remains challenging."",
      ""• Competitive landscape: Differentiation strong but market entry against established players not addressed.""
    ]
  }
}"
"local","2","0","L1.4","2","L2.2","L2.2","plan_2","{
  ""Project A"": {
    ""Pros"": [
      ""• Clear value proposition: Privacy-first platform providing verifiable digital fingerprints for ethical sourcing with tamper-proof ledger anchoring."",
      ""• Identifies substantial market need: Addresses credibility gap in sustainability claims and targets procurement teams needing proof for certifications."",
      ""• Strong differentiation: Focus on creating a machine-readable registry of ethical sourcing standards adds semantic clarity beyond basic verification."",
      ""• Sustainable revenue model: Subscription service for brands/suppliers with potential enterprise upgrades."",
      ""• Privacy-first approach protects sensitive data while enabling verification.""
    ],
    ""Cons"": [
      ""• Development plan lacks concrete demonstration elements mentioned in Project B."",
      ""• No mention of demonstration page to validate technical feasibility for potential backers."",
      ""• Risk mitigation strategies are implied but not explicitly detailed in the description."",
      ""• Evidence plan relies on future development rather than showing current validation."",
      ""• Market adoption risk: Requires simultaneous adoption by both suppliers and brands to create network effects.""
    ]
  },
  ""Project B"": {
    ""Pros"": [
      ""• All strengths of Project A plus additional demonstration element."",
      ""• Includes concrete evidence plan: Development of public demonstration page with verification widget to showcase core concept."",
      ""• Better feasibility validation: Demonstration page allows potential backers to interact with simulated technology."",
      ""• Stronger risk mitigation: Demonstration reduces technical uncertainty and helps validate user understanding."",
      ""• More complete development approach: Includes both foundational registry and practical demonstration.""
    ],
    ""Cons"": [
      ""• Same market adoption challenges as Project A."",
      ""• Revenue model identical to Project A with no additional validation."",
      ""• Still lacks quantified evidence of partnerships or traction."",
      ""• Implementation complexity remains high despite demonstration element."",
      ""• Requires industry-wide adoption of ethical sourcing standards registry.""
    ]
  }
}"
"local","2","0","L1.4","3","L2.3","L2.3","plan_3","Both projects are identical in their core descriptions, with one critical difference: Project B includes a specific validation plan (structured interviews with 10-15 procurement professionals) while Project A does not. This difference affects multiple evaluation criteria.\n\nPROJECT A:\nPros:\n• Clear value proposition: Privacy-first digital fingerprinting for ethical sourcing provides verifiable provenance.\n• Addresses substantial market demand: Growing need for trustworthy sustainability claims among brands and consumers.\n• Technically feasible approach: Lightweight, privacy-preserving design with ledger anchoring.\n• Logical revenue model: Subscription service for brands and suppliers with potential enterprise upgrades.\n• Good differentiation: Combines tamper-proof ledger with machine-readable registry of ethical standards.\n\nCons:\n• No evidence of market validation: Missing concrete plans to test assumptions with target users.\n• Development plan lacks validation step: Proceeds without stated customer discovery phase.\n• Risk assessment incomplete: No mention of how product-market fit will be tested before full development.\n• Impact measurement unspecified: No plan to gather evidence of solving the stated problem.\n\nPROJECT B:\nPros:\n• All strengths of Project A plus: \n• Stronger feasibility and development plan: Includes structured interviews with 15 procurement professionals to validate pain points.\n• Better risk mitigation: Plans to test assumptions with target users before finalizing product design.\n• Evidence-based approach: Commits to gathering direct feedback from potential customers.\n• More credible impact plan: Validation step increases likelihood of solving real problems.\n\nCons:\n• Same remaining uncertainties as Project A regarding technical implementation and market adoption.\n• Interview plan is modest (10-15 professionals) but still represents validation effort.\n\nWINNER: Project B wins because it demonstrates crucial venture capital discipline: validating assumptions with target customers before building. The structured interview plan with procurement professionals addresses the critical risk of building something nobody wants, giving it superior feasibility, risk mitigation, and evidence planning. While both projects share identical visions, Project B shows more mature entrepreneurial thinking by including this validation step."
"local","2","0","L1.4","4","L2.4","L2.4","plan_4","{'Project A': {'pros': ['• Clarity of value proposition: Clear focus on verifiable digital fingerprints for ethical sourcing with privacy protection. One-sentence summary effectively communicates core value.', '• Market size and demand: Targets growing demand for ethical sourcing verification from both brands and consumers. Identifies specific pain points in certification programs and matching gift verification.', '• Feasibility and development plan: Proposes lightweight, privacy-first implementation with clear technical approach (fingerprints instead of raw data). Plans for open-source verification widget show practical deployment thinking.', '• Revenue model and sustainability: Subscription model targeting brands/suppliers with clear value proposition. Mentions free trial for onboarding and enterprise upgrade options.', '• Differentiation: Strong focus on ""heirloom-quality"" goods with enduring digital proof. Unique combination of tangible goods with permanent verifiable records. Machine-readable registry of standards adds semantic clarity.', '• Impact and evidence plan: Public ledger provides transparent proof. Decentralized witness network planned for additional trust. Registry of standard definitions enables auditability.', '• Risk awareness and mitigation: Privacy-first design mitigates data sensitivity risks. Public ledger addresses trust concerns. Lightweight implementation reduces infrastructure risks.'], 'cons': ['• Market size and demand: While problem is identified, specific market sizing or validation evidence is lacking. No concrete traction metrics provided.', '• Feasibility and development plan: Multiple ""plans to explore"" elements (witness network, verification widget, registry) suggest early-stage development without proven execution.', '• Revenue model and sustainability: Subscription pricing details vague. No customer validation or pilot results mentioned. Enterprise adoption may be challenging without proven ROI.', '• Differentiation: Conceptually strong but unproven in market. Competitors in blockchain provenance space exist, though semantic registry approach is novel.', '• Impact and evidence plan: No actual implementation or pilot results provided. All impact claims are projected rather than demonstrated.', '• Risk awareness and mitigation: No discussion of adoption risks, regulatory challenges for ethical claims, or competition from established certification bodies.']}, 'Project B': {'pros': ['• Clarity of value proposition: Identical clear value proposition to Project A - well-articulated privacy-first approach to ethical sourcing verification.', '• Market size and demand: Same strong market identification as Project A with clear target users (procurement teams, certification programs).', '• Feasibility and development plan: Same technically sound approach with privacy-preserving fingerprinting and public ledger anchoring.', '• Revenue model and sustainability: More detailed tiered subscription model (Verification vs Supply Chain Management tiers) shows clearer monetization strategy than Project A.', '• Differentiation: Same strong differentiation around verifiable provenance and machine-readable registry of standards.', '• Impact and evidence plan: Same transparent ledger approach with planned decentralized witness network for enhanced trust.', '• Risk awareness and mitigation: Same privacy-first design mitigates key data risks. Lightweight implementation approach.'], 'cons': ['• Market size and demand: Identical lack of concrete market validation or traction evidence as Project A.', '• Feasibility and development plan: Same ""plans to explore"" language suggesting early development stage without proven execution.', '• Revenue model and sustainability: While tiered model is clearer, still lacks pricing specifics or validation. Enterprise adoption challenges remain.', '• Differentiation: Concept identical to Project A - no unique differentiation between the two projects based on provided descriptions.', '• Impact and evidence plan: Identical lack of demonstrated results or pilot outcomes as Project A.', '• Risk awareness and mitigation: Same missing discussion of adoption, regulatory, and competitive risks.']}}"
"local","2","0","L1.4","5","L2.5","L2.5","plan_5","PROJECT A PROS:\n• Clarity of value proposition: Strong, concise one-sentence summary clearly articulates the core offering.\n• Market size and demand: Identifies a clear market need (provenance verification for ethical sourcing) with specific target users (procurement teams in consumer goods companies).\n• Differentiation: Strong focus on creating a machine-readable registry of ethical sourcing standards as a foundational element, adding semantic clarity.\n• Impact and evidence plan: Proposes concrete tools like an open-source verification widget for third-party websites.\n\nPROJECT A CONS:\n• Feasibility and development plan: Lacks a clear phased roadmap; development sequence appears less structured.\n• Risk awareness and mitigation: No explicit discussion of risks or mitigation strategies.\n• Revenue model and sustainability: Subscription model is clear but lacks detail on pricing tiers or market validation.\n\nPROJECT B PROS:\n• Feasibility and development plan: Excellent structured, phased technical roadmap (registry → fingerprinting tool → ledger → witness network) demonstrates clear planning and lower execution risk.\n• Clarity of value proposition: Same strong summary as Project A.\n• Market size and demand: Same clear market identification as Project A.\n• Differentiation: Same strong focus on machine-readable registry as Project A.\n\nPROJECT B CONS:\n• Risk awareness and mitigation: Like Project A, lacks explicit risk discussion.\n• Revenue model and sustainability: Same subscription model with limited detail as Project A.\n• Impact and evidence plan: Same verification widget proposal as Project A.\n\nBoth projects share identical strengths in value proposition, market identification, differentiation, and revenue logic. The critical difference is Project B's superior feasibility assessment due to its explicit, phased development roadmap. This structured approach reduces technical and execution risk, making it more investable. Without evidence of completed development or traction, the project with clearer execution planning deserves preference."
"local","2","1","L2.1","0","L1.4","L2.1","plan_1","PROJECT A: Pros: • Strong clarity of value proposition with specific pilot use case (organic agricultural product) for validation • Good feasibility plan with concrete foundational steps (registry of definitions) and controlled pilot • Clear differentiation through machine-readable ledger and semantic framework • Good risk awareness with planned limited pilot • Shows evidence plan through pilot validation Cons: • Market size and demand remain somewhat abstract despite target user identification • Revenue model is subscription-based but lacks specificity on pricing tiers • Impact measurement plan is implied but not explicit • Some redundancy in describing both ethical sourcing and charitable use cases initially

PROJECT B: Pros: • Identical strong clarity of value proposition as Project A • Same solid differentiation through machine-readable ledger and semantic framework • Identical privacy-first delivery model • Identical revenue logic Cons: • Less developed feasibility plan - missing the specific pilot use case for validation • No evidence plan for testing core technology • Less concrete development pathway • Higher execution risk due to lack of pilot validation plan

Both projects share identical strengths in clarity, differentiation, and revenue model. The critical difference is that Project A demonstrates superior feasibility planning with its specific pilot use case focused on 'organic' agricultural products. This concrete validation step shows better risk awareness, provides an evidence generation pathway, and creates a more credible development roadmap. Project B lacks this crucial validation component, making its execution plan less convincing."
"local","2","1","L2.1","2","L2.2","L2.1","plan_1","PROJECT A:
Pros:
• Clear value proposition: Privacy-first digital fingerprinting for ethical sourcing events anchored to tamper-proof ledger.
• Strong differentiation: Focus on heirloom-quality goods with enduring digital proof and machine-readable registry of ethical standards.
• Concrete development plan: Proposes specific pilot use case (organic agricultural product) to validate technology in controlled environment.
• Good risk mitigation: Lightweight implementation protects sensitive data while maintaining verifiability.
• Sustainable revenue model: Subscription service for brands/suppliers with potential enterprise upgrades.
Cons:
• Market validation unclear: No evidence of demand quantification or pilot results.
• Implementation complexity: Building decentralized witness network and open-source registry adds technical risk.
• Revenue model untested: No pricing strategy or validation of willingness-to-pay.
• Two distinct use cases (charitable events and ethical sourcing) could dilute focus.

PROJECT B:
Pros:
• Clear value proposition identical to Project A.
• Strong demonstration plan: Public demonstration page with verification widget allows potential users to interact with technology.
• Same strong differentiation and revenue model as Project A.
• Better evidence plan: Demonstration page provides tangible proof of concept for backers.
• Same privacy-first delivery model.
Cons:
• Lacks concrete pilot plan: No specific use case testing mentioned.
• Same market validation issues as Project A.
• Same revenue model uncertainties.
• Same focus dilution between charitable and sourcing use cases.

Both projects share identical core descriptions across most sections, suggesting they may be variations of the same proposal. Key differences: Project A proposes a controlled pilot with specific ethical standard (organic agriculture), while Project B focuses on public demonstration page. Project A's pilot provides more realistic validation path, while Project B's demo offers better immediate proof of concept. Project A wins due to more concrete development plan with controlled pilot that can generate real-world evidence and user feedback, which is crucial for venture success."
"local","2","1","L2.1","3","L2.3","L2.3","plan_3","{'Project A': {'Pros': ['• Clear value proposition: Privacy-first platform with verifiable digital fingerprints for ethical sourcing proof.', '• Large market potential: Addresses growing demand for supply chain transparency from brands and consumers.', '• Thoughtful differentiation: Combines heirloom-quality goods with digital provenance and proposes machine-readable registry of ethical standards.', '• Strong revenue model: Subscription service for brands/suppliers with potential enterprise upgrades.', '• Good risk mitigation: Proposes controlled pilot with single ethical standard to validate technology.'], 'Cons': ['• Lacks concrete evidence plan: No user research or validation steps mentioned.', ""• Development plan vague: Multiple 'plans to explore' statements without clear prioritization."", '• Market validation missing: No specific user interviews or testing mentioned.', '• Implementation risks: Decentralized witness network and open-source widget are exploratory.', '• Sustainability concerns: Relies heavily on brand adoption without clear consumer demand validation.']}, 'Project B': {'Pros': ['• Clear value proposition: Identical strong proposition as Project A.', '• Superior evidence plan: Specifically mentions structured interviews with 10-15 procurement professionals.', '• Better risk mitigation: Plans to validate pain points before finalizing product design.', '• Same strong market potential and differentiation as Project A.', '• More grounded approach: User research reduces product-market fit risk.'], 'Cons': ['• Same development vagueness: Multiple exploratory elements (witness network, widget).', ""• Missing pilot plan: No mention of controlled testing like Project A's organic standard pilot."", '• Same revenue model risks: Subscription model depends on enterprise adoption.', '• Implementation complexity: Machine-readable registry requires industry buy-in.', '• No quantified evidence: While planning interviews, no results or traction shown.']}, 'Comparison': ""Both projects share identical core propositions, market focus, revenue models, and differentiation strategies. The critical difference is Project B's explicit plan for structured user interviews (10-15 procurement professionals) to validate pain points before finalizing design. This demonstrates superior risk awareness, evidence planning, and customer development approach. While Project A mentions a pilot use case, Project B's upfront validation with target users represents better market validation methodology. Project B's approach reduces the risk of building something users don't need, giving it a significant advantage in feasibility and market fit assessment.""}"
"local","2","1","L2.1","4","L2.4","L2.1","plan_1","{""Project A"": {""Pros"": [""• Clarity of value proposition: Strong, focused on solving provenance verification with a clear privacy-first approach and specific initial pilot (organic product)."", ""• Market size and demand: Identifies clear B2B target (procurement teams) and B2C demand for ethical goods, with a tangible pain point in certification processes."", ""• Feasibility and development plan: More concrete with a planned pilot on a single ethical standard, suggesting a test-and-learn approach. Mentions building a verification widget and a foundational registry, showing layered execution."", ""• Revenue model and sustainability: Subscription service for brands/suppliers is clear, though dependent on adoption. Free trial proposed for onboarding."", ""• Differentiation: High. Combines heirloom-quality goods with digital proof, plus a machine-readable ledger linked to an open registry of standards. Offers a unique semantic clarity layer."", ""• Impact and evidence plan: Strong emphasis on verifiable proof for sustainability claims, with a pilot to test workflows. The registry of definitions adds credibility."", ""• Risk awareness and mitigation: Implicitly addresses data privacy risks by not storing sensitive data. Pilot approach mitigates scaling risk.""], ""Cons"": [""• Market size and demand: Relies on brand willingness to pay for verification in a crowded sustainability space; demand may be nascent."", ""• Feasibility and development plan: Some elements are exploratory (e.g., witness network, widget development), which could delay core product."", ""• Revenue model and sustainability: Subscription model may face challenges in converting free trials, especially if value isn't immediately proven."", ""• Differentiation: The heirloom-quality goods angle seems disconnected from the tech platform description; may confuse positioning."", ""• Impact and evidence plan: No concrete metrics or partnerships mentioned; impact is theoretical until pilot results."", ""• Risk awareness and mitigation: No explicit discussion of competition, regulatory hurdles, or technology adoption risks.""]}, ""Project B"": {""Pros"": [""• Clarity of value proposition: Identical to A, with a clear focus on provenance verification and privacy."", ""• Market size and demand: Same as A, targeting procurement teams and consumers effectively."", ""• Feasibility and development plan: Lightweight, privacy-first implementation is sound. Mentions building clean public interface."", ""• Revenue model and sustainability: Tiered subscription (Verification and Supply Chain Management) is more structured than A's model, potentially capturing more value."", ""• Differentiation: Same as A, with the machine-readable ledger and registry of standards."", ""• Impact and evidence plan: Same as A, with potential for high impact on trust in ethical claims."", ""• Risk awareness and mitigation: Privacy-by-design mitigates data risks. Free trial helps adoption.""], ""Cons"": [""• Feasibility and development plan: Less specific than A; no pilot mentioned, making execution riskier. More reliant on exploratory features (witness network, widget)."", ""• Revenue model and sustainability: Tiered model is clearer but still untested; may face pricing sensitivity."", ""• Differentiation: Same as A, with the heirloom-goods disconnect."", ""• Impact and evidence plan: No pilot or concrete validation steps mentioned, making evidence weaker than A."", ""• Risk awareness and mitigation: No explicit risk discussion; lacks A's controlled pilot for de-risking.""]}}"
"local","2","1","L2.1","5","L2.5","L2.5","plan_5","PROJECT A: Pros: • Clear value proposition centered on verifiable digital fingerprints for ethical sourcing. • Identifies specific market segments (procurement teams, sustainability certification programs). • Contains concrete development elements: open-source registry, verification widget, pilot use case for organic products. • Revenue model based on subscription service with clear target customers. • Strong differentiation through machine-readable open registry and semantic clarity. • Shows risk awareness by planning a limited pilot to test workflows. Cons: • Market size claims lack quantification. • Development plan is somewhat scattered with multiple 'explore' elements rather than a clear sequence. • No specific timeline or milestones provided. • Risk mitigation is implied but not systematically addressed. • Impact measurement plan is not detailed. PROJECT B: Pros: • Identical strong value proposition to Project A. • Same clear market identification and revenue model. • Superior feasibility due to explicit phased technical roadmap: 1) open-source registry, 2) fingerprinting tool, 3) tamper-proof ledger, 4) witness network. • Clearer development sequence demonstrates better planning and lower technical risk. • Same strong differentiation through machine-readable registry. Cons: • Same lack of quantified market size evidence. • Same absence of specific timelines and resource allocation. • Impact and evidence plan remains vague. • No mention of pilot testing like Project A's organic product pilot. • Risk mitigation not explicitly detailed despite clearer development sequence. Overall Assessment: Both projects share identical strengths in value proposition, market targeting, revenue model, and differentiation. The critical difference lies in criterion #3 (Feasibility and Development Plan). Project B presents a clear, phased technical roadmap that demonstrates superior planning and lower execution risk. While Project A mentions a pilot test, its development approach is more scattered with multiple 'explore' elements. Project B's structured sequence (registry → tool → ledger → network) shows more mature technical planning, making it the stronger investment candidate despite both projects being conceptually identical in other areas."
"local","2","2","L2.2","0","L1.4","L2.2","plan_2","PROJECT A:
Pros:
• Clarity of value proposition: Clear one-sentence summary and specific problem statement with concrete use cases (corporate matching gift verification).
• Market size and demand: Addresses growing need for ethical sourcing verification in consumer goods sector and corporate sustainability programs.
• Feasibility and development plan: Detailed plan includes demonstration page, verification widget, and foundational registry development.
• Revenue model and sustainability: Clear subscription model with free trials and enterprise upgrade options.
• Differentiation: Strong focus on verifiable provenance, machine-readable ledger, and semantic registry of ethical standards.
• Impact and evidence plan: Plans for public demonstration page to showcase verification concept.
• Risk awareness and mitigation: Privacy-first design protects sensitive data while providing verification.

Cons:
• Market adoption risk: Requires industry-wide acceptance of new verification standards.
• Technical complexity: Building decentralized witness network and semantic registry is ambitious.
• Revenue dependency: Relies on brands/suppliers adopting subscription service.
• Competition: Existing blockchain and verification solutions in market.

PROJECT B:
Pros:
• Clarity of value proposition: Identical clear summary and problem statement to Project A.
• Market size and demand: Same strong market opportunity as Project A.
• Feasibility and development plan: Same privacy-first, lightweight implementation approach.
• Revenue model and sustainability: Identical subscription model to Project A.
• Differentiation: Same strong differentiation points around verifiable provenance and semantic registry.
• Impact and evidence plan: Same foundational approach to building verification system.
• Risk awareness and mitigation: Same privacy-first design mitigates data security risks.

Cons:
• Lacks demonstration plan: Missing Project A's specific plan for public demonstration page.
• Less concrete validation approach: No mention of interactive simulation for potential backers.
• Identical to Project A in most aspects, suggesting potential lack of unique development thinking.
• Same risks as Project A but with potentially slower validation path.

Both projects are essentially identical in their descriptions, which is unusual for a comparison exercise. However, Project A includes one additional concrete element: ""To demonstrate the core verification concept, the venture plans to develop a simple, public demonstration page. This page would showcase the proposed verification widget in action on a hypothetical donation or ethical sourcing claim, allowing potential backers and users to interact with a simulated version of the technology to understand how independent, instant verification would work."" This represents a more concrete plan for evidence creation and user validation, giving it a slight edge in feasibility and impact demonstration."
"local","2","2","L2.2","1","L2.1","L2.1","plan_1","{'Project A': {'pros': ['• Clarity of value proposition: Strong, focused on solving digital authenticity with a clear privacy-first approach.', '• Market size and demand: Addresses a growing need for supply chain transparency and ethical sourcing verification across multiple industries.', '• Feasibility and development plan: Includes concrete steps like a public demonstration page and verification widget to showcase the concept.', '• Revenue model and sustainability: Clear subscription model targeting brands and suppliers with potential enterprise upgrades.', '• Differentiation: Strong focus on creating a machine-readable, open registry of ethical standards, adding semantic clarity to provenance claims.', '• Impact and evidence plan: Plans to demonstrate core verification concept via a public demo page, allowing interaction and understanding.', '• Risk awareness and mitigation: Privacy-first design mitigates data sensitivity risks; decentralized witness network proposed to enhance trust.'], 'cons': ['• Feasibility and development plan: Lacks a specific pilot plan to test the technology in a real-world, controlled environment.', '• Risk awareness and mitigation: No mention of testing the technology with a limited use case to validate workflows before scaling.', '• Impact and evidence plan: Relies on a simulated demonstration rather than real-world validation, which may limit evidence of practical utility.']}, 'Project B': {'pros': ['• Clarity of value proposition: Identical to Project A, clear and focused on digital authenticity and privacy.', '• Market size and demand: Same as Project A, targets a substantial market with regulatory and consumer-driven demand.', ""• Feasibility and development plan: Includes a specific, limited pilot use case (e.g., 'organic' for a specific product) to validate technology and workflows."", '• Revenue model and sustainability: Same as Project A, with a clear subscription model and potential enterprise upgrades.', '• Differentiation: Same as Project A, with emphasis on machine-readable registry and semantic clarity.', '• Impact and evidence plan: Pilot plan provides a path to real-world evidence and validation of the technology.', '• Risk awareness and mitigation: Pilot approach allows for controlled testing, reducing technical and adoption risks before full-scale deployment.'], 'cons': ['• Feasibility and development plan: Does not mention a public demonstration page, which may limit early stakeholder engagement and understanding.', '• Impact and evidence plan: Lacks an immediate public-facing demo to showcase the concept to backers and users.', '• Risk awareness and mitigation: While pilot reduces risk, absence of a demo may slow initial traction and feedback collection.']}, 'winner_reason': ""Project B wins overall due to its stronger feasibility and evidence plan. While both projects share identical strengths in value proposition, market, revenue, and differentiation, Project B includes a specific pilot use case to validate the technology in a controlled, real-world environment. This addresses a critical gap in Project A, which lacks a concrete plan for testing and evidence beyond a simulated demo. Project B's pilot approach demonstrates better risk mitigation and a clearer path to impact validation, making it a more credible investment despite the minor trade-off of not having an immediate public demo page.""}"
"local","2","2","L2.2","3","L2.3","L2.3","plan_3","{'Project A': {'pros': [""• Strong clarity of value proposition: 'privacy-first platform' with 'verifiable digital fingerprints' and 'tamper-proof ledger' clearly communicates the core offering."", '• Good market identification: Targets brands, suppliers, and consumers in ethical goods, addressing growing demand for supply chain transparency.', ""• Innovative differentiation: Combines 'heirloom-quality goods' with digital provenance and proposes a machine-readable, open registry of ethical standards."", '• Clear revenue model: Subscription service for brands/suppliers with potential enterprise upgrades provides a scalable path.', '• Evidence plan: Includes plans for a public demonstration page and verification widget to showcase the technology.'], 'cons': ['• Feasibility concerns: Highly ambitious technical plan involving decentralized witness networks, open-source registries, and widgets without clear development milestones.', '• Vague development plan: Lacks specific steps, timeline, or validation approach for building the complex system described.', '• Risk awareness missing: No discussion of technical, adoption, or competitive risks in the description.', '• Market validation gap: No mention of customer discovery or validation activities to confirm demand.', ""• Implementation complexity: The 'lightweight' delivery model contradicts the sophisticated technical infrastructure required.""]}, 'Project B': {'pros': ['• Strong clarity of value proposition: Identical clear messaging to Project A about the privacy-first, verifiable platform.', ""• Better evidence plan: Specifically plans 'structured interviews with 10-15 procurement professionals' to validate pain points before finalizing design."", '• Good market focus: Clear initial target user group (procurement teams in consumer goods companies) with validation planned.', '• Same strong differentiation: Includes the machine-readable registry and ethical standards framework.', '• Same viable revenue model: Subscription-based approach targeting enterprise customers.'], 'cons': ['• Same feasibility concerns: Ambitious technical implementation without detailed development roadmap.', '• Same missing risk mitigation: No discussion of risks or mitigation strategies.', '• Implementation challenges: Complex technical architecture with decentralized elements may face development hurdles.', '• Market size quantification missing: No data on total addressable market or demand validation beyond planned interviews.', ""• Same delivery model contradiction: 'Lightweight' claim versus sophisticated infrastructure needs.""]}, 'Comparison': ""Both projects share identical core descriptions across most sections (one-sentence summary, problem, solution, revenue model, distinctiveness). The key difference is Project B's inclusion of a specific validation plan: 'structured interviews with 10-15 procurement professionals.' This demonstrates stronger evidence planning and customer discovery approach. Project A mentions a demonstration page but lacks user validation. Both suffer from similar weaknesses: overly ambitious technical plans without clear milestones, missing risk awareness, and implementation challenges. However, Project B shows slightly better grounding in real-world validation.""}"
"local","2","2","L2.2","4","L2.4","L2.2","plan_2","PROJECT A: Pros: • Clarity of value proposition is strong, with a clear focus on verifiable digital fingerprints for ethical sourcing and a specific initial target (procurement teams). • Market size and demand are well-articulated, addressing both brands and consumers in the ethical goods space, with a specific pain point in corporate matching gift programs. • Feasibility and development plan are detailed, including a public demonstration page, open-source verification widget, and a foundational registry of ethical sourcing definitions, showing a clear path to prototype and validation. • Revenue model and sustainability are clear with a subscription service for brands/suppliers, though still exploratory. • Differentiation is strong, emphasizing heirloom-quality goods with enduring digital proof and a machine-readable ledger linked to ethical standards. • Impact and evidence plan includes a public demo page and open-source tools, providing tangible ways to demonstrate value. • Risk awareness and mitigation are implied through privacy-first design and decentralized witness network exploration, but not explicitly detailed. Cons: • Revenue model lacks tiered specificity, which may make monetization strategy less clear. • Some elements (e.g., witness network, open-source widget) are described as 'plans to explore,' indicating early-stage uncertainty. PROJECT B: Pros: • Clarity of value proposition is identical to Project A, equally strong. • Market size and demand are identical to Project A, well-defined. • Feasibility and development plan includes the same core elements (ledger, registry, widget), but lacks the explicit public demonstration page mentioned in Project A, making validation slightly less concrete. • Revenue model and sustainability are more structured with a tiered subscription service (Verification and Supply Chain Management tiers), providing clearer monetization pathways. • Differentiation is identical to Project A, emphasizing verifiable provenance and machine-readable standards. • Impact and evidence plan relies on the same open-source and ledger approach, but without the demo page, it may be harder to initially engage users. • Risk awareness and mitigation are similar, with privacy-first design and exploratory decentralized elements. Cons: • Lacks the public demonstration page, which Project A uses to showcase the verification concept and engage backers early. • Development plan feels slightly less actionable without the demo page as a tangible first step. Overall, both projects are nearly identical in description, with the same core problem, solution, and differentiation. The key differences are: 1) Project A includes a specific plan for a public demonstration page to showcase the verification concept, enhancing its feasibility and evidence plan. 2) Project B offers a more detailed tiered revenue model, improving revenue clarity. However, in early-stage crowdfunding, demonstrable progress and tangible validation often outweigh detailed monetization plans. Project A's demo page provides a concrete way to build trust, attract backers, and test the concept, giving it a slight edge in feasibility and impact. Therefore, Project A wins due to its stronger evidence plan and immediate validation strategy."
"local","2","2","L2.2","5","L2.5","L2.5","plan_5","{
  ""Project A"": {
    ""Pros"": [
      ""• Clarity of value proposition: Excellent clarity with specific focus on verifiable digital fingerprints for ethical sourcing, addressing both brand and consumer needs."",
      ""• Differentiation: Strong emphasis on creating a machine-readable open registry of ethical sourcing standards, adding semantic clarity and auditability."",
      ""• Impact and evidence plan: Concrete plans for a public demonstration page and open-source verification widget to showcase technology and build trust."",
      ""• Feasibility and development plan: Clear foundational step with proposed registry of standard definitions before ledger development.""
    ],
    ""Cons"": [
      ""• Risk awareness and mitigation: Less explicit about phased development approach compared to Project B, potentially higher execution risk."",
      ""• Market size and demand: While target users are identified, no specific market sizing or validation evidence provided."",
      ""• Revenue model and sustainability: Subscription model is clear but lacks pricing tiers or customer acquisition cost analysis."",
      ""• Development sequence: Mentions exploring witness network and widget but less structured roadmap than Project B.""
    ]
  },
  ""Project B"": {
    ""Pros"": [
      ""• Feasibility and development plan: Superior with explicit phased technical roadmap (registry → fingerprinting tool → ledger → witness network), demonstrating clear, low-risk sequence."",
      ""• Risk awareness and mitigation: Stronger implied risk management through structured development phases."",
      ""• Clarity of value proposition: Equally clear as Project A with identical core proposition."",
      ""• Differentiation: Same strong differentiation as Project A with machine-readable registry focus.""
    ],
    ""Cons"": [
      ""• Impact and evidence plan: Lacks the specific demonstration page plan mentioned in Project A, potentially weaker initial validation approach."",
      ""• Market size and demand: Same limitation as Project A - no quantified market evidence."",
      ""• Revenue model and sustainability: Identical to Project A with same limitations."",
      ""• Delivery model: Both projects identical, but Project B's phased approach may delay full functionality delivery.""
    ]
  },
  ""Comparison Summary"": ""Both projects share identical core value propositions, target users, revenue models, and differentiation strategies. The key differences lie in development approach and evidence planning. Project A has a stronger immediate validation plan with its demonstration page, while Project B demonstrates superior project management and risk mitigation through its explicit phased development roadmap. Given the technical complexity of building a tamper-proof ledger system, the structured, low-risk development sequence in Project B provides greater confidence in execution feasibility and reduces technical risk.""
}"
"local","2","3","L2.3","0","L1.4","L2.3","plan_3","Both projects are identical in their descriptions across all sections, presenting the same venture concept: a privacy-first platform for creating verifiable digital fingerprints of ethical sourcing events anchored to a tamper-proof ledger. There are no factual differences in their stated value proposition, market approach, solution, revenue model, differentiation, or any other criterion. Therefore, the pros and cons for each are identical. Since the projects are indistinguishable, there is no basis to declare one superior to the other. The winner is determined arbitrarily by the order presented.

**Project A & Project B - Identical Pros:**
• **Clarity of Value Proposition:** Strong. The one-sentence summary clearly articulates a privacy-first, verifiable provenance solution.
• **Market Size and Demand:** Identifies a relevant problem (trust in ethical claims) and specific initial targets (procurement teams), but lacks quantified market data.
• **Feasibility and Development Plan:** Outlines a logical, phased approach including user interviews, ledger development, and widget exploration. The privacy-first, lightweight model is sensible.
• **Revenue Model and Sustainability:** Proposes a clear subscription model for B2B customers with potential for upsells, which is a standard and viable SaaS approach.
• **Differentiation:** Strong conceptual differentiation through the combination of a tamper-proof ledger, a machine-readable registry of standards, and a privacy-preserving fingerprint method.
• **Impact and Evidence Plan:** Includes a specific validation plan (interviews with 10-15 procurement professionals) and proposes creating an open-source registry, which are concrete steps.
• **Risk Awareness and Mitigation:** Implicitly addresses data privacy and trust risks through its design (not storing raw data, decentralized witness network). However, no explicit risk analysis of technical adoption, competition, or regulatory challenges is provided.

**Project A & Project B - Identical Cons:**
• **Market Size and Demand:** Fails to provide any market size estimates, TAM/SAM/SOM analysis, or evidence of existing demand beyond a described problem.
• **Feasibility and Development Plan:** Highly reliant on future exploration ('plans to explore') for key trust (witness network) and adoption (verification widget) components. The technical complexity of a machine-readable, semantic ledger is significant and under-scoped.
• **Revenue Model and Sustainability:** No pricing strategy, customer lifetime value, or acquisition cost projections. Relies on 'exploring' upgrades without a clear path to monetization.
• **Differentiation:** The concept is novel but unproven. Execution risks are high, and similar blockchain-for-provenance concepts have faced adoption hurdles.
• **Impact and Evidence Plan:** The validation plan is limited to interviews. No mention of pilots, MVPs, or partnerships to demonstrate real-world traction.
• **Risk Awareness and Mitigation:** Lacks a dedicated section analyzing key risks (e.g., technology adoption, creating a new standard, competitor response, reliance on open-source components) or detailed mitigation strategies."
"local","2","3","L2.3","1","L2.1","L2.1","plan_1","PROJECT A PROS:
• Clarity of value proposition: Clear, specific value proposition focused on ethical sourcing provenance with privacy protection.
• Market size and demand: Addresses growing demand for supply chain transparency in consumer goods and certification programs.
• Feasibility and development plan: Structured validation plan with interviews of 10-15 procurement professionals before finalizing design.
• Revenue model and sustainability: Clear subscription model targeting brands/suppliers with free trial period.
• Differentiation: Strong focus on machine-readable ledger and semantic registry of ethical standards.
• Impact and evidence plan: Plans for verification widget and witness network to enhance trust.
• Risk awareness and mitigation: Privacy-first approach protects sensitive data, ledger provides tamper-proof evidence.

PROJECT A CONS:
• Development plan lacks specific pilot testing mentioned in Project B.
• No mention of controlled environment testing for core technology.
• Validation plan focused only on procurement professionals, not broader user groups.

PROJECT B PROS:
• Clarity of value proposition: Identical clear value proposition to Project A.
• Market size and demand: Same strong market opportunity as Project A.
• Feasibility and development plan: Includes specific pilot use case with single ethical standard (e.g., 'organic') for end-to-end testing.
• Revenue model and sustainability: Same clear subscription model as Project A.
• Differentiation: Same strong differentiation with machine-readable ledger and semantic registry.
• Impact and evidence plan: Same verification widget and witness network plans plus pilot validation.
• Risk awareness and mitigation: Same privacy-first approach plus pilot testing reduces implementation risk.

PROJECT B CONS:
• Lacks Project A's specific plan for structured interviews with procurement professionals.
• No mention of validating supplier discovery pain points before finalizing design.
• Pilot focus on single standard may delay broader market applicability.

WINNER: Project B wins due to its more concrete development approach with a specific pilot use case for end-to-end testing. While both projects share identical core value propositions, revenue models, and differentiation strategies, Project B demonstrates better feasibility planning by proposing to test the fingerprinting and verification process in a controlled environment with a single, well-defined ethical standard. This practical, iterative approach reduces technical and adoption risks more effectively than Project A's broader validation plan. The pilot provides a clearer path to evidence collection and real-world validation of the technology before scaling."
"local","2","3","L2.3","2","L2.2","L2.2","plan_2","{
  ""Project A"": {
    ""Pros"": [
      ""• Clarity of value proposition: Strong, concise one-sentence summary clearly states the privacy-first, verifiable provenance value."",
      ""• Market size and demand: Identifies a clear problem in ethical sourcing verification with regulatory and certification drivers. Targets procurement teams in consumer goods companies, a viable B2B entry point."",
      ""• Feasibility and development plan: Outlines a phased approach starting with a foundational registry of standards and exploring a witness network and verification widget. Shows awareness of building semantic frameworks."",
      ""• Revenue model and sustainability: Clear subscription model targeting brands/suppliers with potential enterprise upgrades. B2B focus suggests clearer path to monetization than consumer-facing models."",
      ""• Differentiation: Strong focus on creating a machine-readable, open registry of ethical standards as foundational layer. Combines tamper-proof ledger with semantic clarity for auditability."",
      ""• Impact and evidence plan: Plans structured interviews with 10-15 procurement professionals to validate pain points before finalizing design. Shows user-centered validation approach."",
      ""• Risk awareness and mitigation: Implicitly addresses data privacy risks through privacy-first design that doesn't store sensitive raw data. Shows awareness of trust issues through proposed witness network.""
    ],
    ""Cons"": [
      ""• Market size and demand: While problem is clear, the specific focus on corporate matching gift programs as an initial use case seems somewhat disconnected from the core ethical sourcing proposition."",
      ""• Feasibility and development plan: Multiple exploratory components (witness network, verification widget, standards registry) could stretch development resources. No clear MVP definition."",
      ""• Revenue model and sustainability: Subscription model assumes brands will pay for verification services, but competing with existing certification bodies may be challenging. No pricing strategy mentioned."",
      ""• Impact and evidence plan: Validation plan is limited to interviews; lacks concrete pilot programs or partnerships mentioned."",
      ""• Risk awareness and mitigation: No explicit discussion of adoption risks, competition from blockchain solutions, or regulatory challenges around data/verification standards.""
    ]
  },
  ""Project B"": {
    ""Pros"": [
      ""• Clarity of value proposition: Identical strong value proposition to Project A with same clear messaging."",
      ""• Market size and demand: Same strong market identification as Project A with regulatory and certification drivers."",
      ""• Feasibility and development plan: Includes all of Project A's planned features PLUS a specific demonstration page to showcase the verification widget. This shows stronger commitment to tangible proof of concept."",
      ""• Revenue model and sustainability: Same clear subscription model as Project A with B2B focus."",
      ""• Differentiation: Same strong differentiation around machine-readable registry of ethical standards."",
      ""• Impact and evidence plan: The demonstration page represents concrete evidence creation that Project A lacks. This provides a tangible way to show rather than just tell the technology's value."",
      ""• Risk awareness and mitigation: Same privacy-first design as Project A, but the demonstration page could help mitigate adoption risk by providing visible proof of concept.""
    ],
    ""Cons"": [
      ""• Market size and demand: Same issue as Project A regarding the somewhat disconnected corporate matching gift use case."",
      ""• Feasibility and development plan: Even more components to develop than Project A (adds demonstration page), potentially increasing development complexity and timeline."",
      ""• Revenue model and sustainability: Same challenges as Project A regarding competing with established certification bodies."",
      ""• Impact and evidence plan: Lacks the structured interview validation plan that Project A explicitly mentions for procurement professionals."",
      ""• Risk awareness and mitigation: Same lack of explicit discussion about adoption, competition, and regulatory risks as Project A.""
    ]
  },
  ""Comparison Summary"": ""Both projects are nearly identical in core concept, value proposition, target market, and differentiation. The key differences are: (1) Project A includes a specific validation plan (structured interviews with 15 procurement professionals) that Project B lacks, showing stronger user research methodology. (2) Project B includes a demonstration page plan that Project A lacks, showing stronger commitment to tangible proof of concept. While both have similar strengths in addressing a real market need with innovative technology, Project B's demonstration page provides more concrete evidence of execution capability and user understanding, which is crucial for early-stage ventures. The demonstration page serves as both a validation tool and marketing asset, addressing the critical 'show don't tell' challenge for technical solutions.""
}"
"local","2","3","L2.3","4","L2.4","L2.3","plan_3","{""Project A"": {""Pros"": [""• Clear value proposition focused on solving authenticity and verification problems in ethical sourcing"", ""• Well-defined target user group (procurement teams) with specific validation plan (15 interviews)"", ""• Strong technical approach with privacy-first design and planned witness network for trust"", ""• Innovative differentiation through machine-readable ledger linked to ethical standards registry"", ""• Good risk awareness shown through planned validation before product finalization""], ""Cons"": [""• Market size quantification missing - no data on addressable market or demand validation"", ""• Revenue model lacks specificity on pricing tiers and customer acquisition strategy"", ""• Development timeline and resource requirements not specified"", ""• Evidence plan limited to interviews - no pilot or MVP validation mentioned"", ""• Risk mitigation strategies for technical implementation and adoption not detailed""]}, ""Project B"": {""Pros"": [""• Clear value proposition identical to Project A - addresses same core problem effectively"", ""• Well-defined target user group with clear use cases"", ""• Strong technical architecture with privacy-first approach and verification widget"", ""• Better revenue model with defined tiered subscription structure (Verification vs Supply Chain Management)"", ""• Innovative differentiation through semantic ledger and standards registry""], ""Cons"": [""• Lacks Project A's specific validation plan (no mention of structured interviews)"", ""• Market size and demand not quantified"", ""• Development feasibility details equally sparse as Project A"", ""• No evidence of traction or pilot testing mentioned"", ""• Risk mitigation strategies not explicitly addressed""]}}"
"local","2","3","L2.3","5","L2.5","L2.5","plan_5","{'Project A': {'Pros': [""• Strong clarity of value proposition: 'privacy-first platform' with 'indisputable proof of provenance' is clearly articulated."", '• Good market size and demand: addresses growing need for ethical sourcing verification among brands and consumers.', ""• Clear differentiation: combines 'heirloom-quality goods' with digital provenance and proposes a machine-readable open registry of ethical standards."", '• Strong impact and evidence plan: includes structured interviews with 15 procurement professionals to validate pain points before finalizing product design.', '• Good risk awareness: acknowledges need to validate specific pain points before finalizing design.'], 'Cons': ['• Weak feasibility and development plan: lacks clear technical roadmap or phased approach, making development sequence unclear.', '• Vague revenue model: subscription service described but without clear pricing tiers or customer acquisition strategy.', '• Limited risk mitigation: mentions validation interviews but lacks contingency plans for technical or adoption challenges.', '• Overly ambitious scope: combines supplier discovery, verification, and certification reporting without clear prioritization.', '• Unclear evidence of traction: all plans are future-oriented with no completed development mentioned.']}, 'Project B': {'Pros': [""• Excellent clarity of value proposition: identical to Project A's strong proposition."", '• Good market size and demand: same strong market opportunity as Project A.', '• Superior feasibility and development plan: outlines clear 4-phase technical roadmap (registry → fingerprinting tool → ledger → witness network), demonstrating logical progression.', '• Clear differentiation: identical strong differentiation to Project A with machine-readable registry.', '• Better risk mitigation: phased approach reduces technical risk by building foundational components first.', '• More realistic sustainability: gradual build-out suggests better resource management and milestone planning.'], 'Cons': ['• Vague revenue model: identical subscription model to Project A without detailed monetization strategy.', ""• Limited evidence plan: lacks Project A's specific interview plan with procurement professionals."", '• Similar over-ambition: same broad scope combining multiple use cases without clear prioritization.', '• No completed development mentioned: like Project A, all plans are future-oriented.', '• Weak impact measurement: lacks concrete metrics for success beyond general value proposition.']}}"
"local","2","4","L2.4","0","L1.4","L2.4","plan_4","PROJECT A: Pros: • Clear, specific value proposition focused on verifiable digital fingerprints for ethical sourcing. • Identifies concrete initial target users (procurement teams in consumer goods companies). • Well-articulated development plan including foundational registry of ethical sourcing definitions and open-source verification widget. • Detailed tiered revenue model (Verification vs. Supply Chain Management tiers) with clear feature differentiation. • Strong differentiation through machine-readable ledger linked to ethical standards registry. • Impact plan includes creating semantic framework for auditability. • Shows risk awareness through privacy-first design and decentralized witness network exploration. Cons: • Market size quantification is implied but not explicitly supported with data. • Feasibility depends on adoption of proposed ethical standards registry. • Revenue model relies on convincing brands to pay for verification in a competitive market. • No evidence of existing traction or partnerships mentioned. PROJECT B: Pros: • Identical core value proposition to Project A with same privacy-first approach. • Same clear problem statement addressing digital manipulation and verification inefficiencies. • Same target user groups and use cases. • Same technical approach with digital fingerprints and public ledger. • Revenue model proposed (subscription service) with free trial period. • Same differentiation points around heirloom-quality goods and machine-readable ledger. Cons: • Revenue logic is less detailed than Project A's tiered structure, lacking specific feature breakdown. • All descriptions are identical to Project A except for the less detailed revenue section. • Appears to be a slightly simplified or earlier version of Project A's proposal. • No additional strengths beyond what's in Project A. • Same lack of quantified evidence or traction. Overall Assessment: Both projects are essentially identical except for the revenue model detail. Project A provides more granularity in its revenue logic with tiered subscriptions, suggesting more developed business thinking. However, neither project presents genuine source facts about traction, partnerships, or completed development. Given the criteria, Project A wins marginally due to its more structured revenue model and slightly more detailed planning, though both suffer from the same weaknesses in evidence and market quantification."
"local","2","4","L2.4","1","L2.1","L2.1","plan_1","{
  ""Project A"": {
    ""Pros"": [
      ""• Clear value proposition: Privacy-first digital fingerprinting for ethical sourcing with tamper-proof ledger provides concrete solution to provenance verification."",
      ""• Strong differentiation: Combines heirloom-quality goods with digital proof and proposes machine-readable registry of ethical standards for semantic clarity."",
      ""• Good revenue model: Tiered subscription (Verification and Supply Chain Management) with clear feature progression and optional enterprise upgrades."",
      ""• Thoughtful development plan: Includes decentralized witness network for trust enhancement and open-source verification widget for third-party integration.""
    ],
    ""Cons"": [
      ""• Market validation unclear: While target users are identified (procurement teams), no specific pilot or validation plan mentioned to test demand."",
      ""• Risk mitigation underdeveloped: No explicit discussion of technical, adoption, or competitive risks in the description."",
      ""• Feasibility concerns: Building both the ledger infrastructure and open-source registry simultaneously may be ambitious without phased approach."",
      ""• Impact evidence plan missing: No metrics or methodology proposed to measure success or adoption.""
    ]
  },
  ""Project B"": {
    ""Pros"": [
      ""• Superior feasibility and development plan: Includes specific pilot use case (single ethical standard like 'organic' for agricultural product) to validate technology end-to-end."",
      ""• Better risk awareness: Pilot approach demonstrates understanding of need to test core assumptions before scaling."",
      ""• Stronger evidence plan: Pilot provides concrete methodology to gather user feedback and validate workflows."",
      ""• Clear value proposition: Same strong privacy-first fingerprinting approach as Project A with added validation step."",
      ""• Good differentiation: Maintains same machine-readable registry concept and heirloom-quality goods positioning.""
    ],
    ""Cons"": [
      ""• Less detailed revenue model: Mentions subscription service but lacks tiered structure specificity of Project A."",
      ""• Slightly weaker market validation: While pilot helps, broader market size quantification still absent."",
      ""• Similar risk mitigation gaps: Beyond pilot, no discussion of broader competitive or regulatory risks."",
      ""• Less structured delivery approach: Project A's tiered features provide clearer path to market segmentation.""
    ]
  }
}"
"local","2","4","L2.4","2","L2.2","L2.2","plan_2","{'Project A': {'pros': ['• Clarity of value proposition: Clear, concise one-sentence summary. Problem statement is well-defined, focusing on digital authenticity and ethical sourcing verification.', '• Market size and demand: Targets a large, growing market of brands needing supply chain transparency and consumers seeking ethical goods. Specific initial focus on procurement teams is strategic.', '• Feasibility and development plan: Proposes a lightweight, privacy-first architecture that avoids storing sensitive data, which is technically prudent. The plan for an open-source registry of standards is a thoughtful foundational step.', '• Revenue model and sustainability: Tiered subscription model (Verification and Supply Chain Management tiers) is clear, scalable, and aligns with value delivered. Free trial strategy is sensible for adoption.', '• Differentiation: Strong focus on creating a ""machine-readable, open registry of ethical sourcing standards"" is a significant differentiator that adds semantic clarity and auditability beyond simple timestamping.', '• Impact and evidence plan: The proposal to create a public ledger and open-source registry aims for industry-wide impact by standardizing ethical claims. However, evidence of execution is not yet provided.', '• Risk awareness and mitigation: Implicitly addresses data privacy risks by not storing raw data. The decentralized witness network exploration shows awareness of trust/security risks.'], 'cons': ['• Feasibility and development plan: Highly conceptual. Lacks a concrete demonstration plan or MVP roadmap to de-risk technical execution and user adoption.', '• Impact and evidence plan: No plan for generating early evidence or traction (e.g., pilot, demo). Relies on future exploration, making impact potential speculative.', '• Risk awareness and mitigation: Does not explicitly address key business risks like market adoption, competition from established players, or the challenge of defining universal standards.', '• Differentiation: The claim of ""offering heirloom-quality goods"" is confusing and inconsistent with the described SaaS platform, suggesting a lack of focus or unclear messaging.']}, 'Project B': {'pros': ['• Clarity of value proposition: Identical strong core proposition as Project A.', '• Market size and demand: Same strong market targeting as Project A.', '• Feasibility and development plan: Includes a CRITICAL addition: a plan to ""develop a simple, public demonstration page"" to showcase the verification widget. This is a concrete, low-cost step to de-risk the concept, gather feedback, and build credibility.', '• Revenue model and sustainability: Subscription model is clear, though described with slightly less detail on tiers than Project A. The core logic remains sound.', '• Differentiation: Same strong core differentiator of a machine-readable standards registry as Project A.', '• Impact and evidence plan: The demonstration page plan is a tangible step toward generating evidence and demonstrating impact to early users and backers.', '• Risk awareness and mitigation: The demo page is a form of mitigation for technical and adoption risk. Shows a more action-oriented approach to validation.'], 'cons': ['• Revenue model and sustainability: Slightly less detailed than Project A\'s tiered structure (""sale of a subscription service"" vs. named tiers), though the difference is minor.', '• Risk awareness and mitigation: Like Project A, lacks explicit discussion of business/market risks beyond the technical solution.', '• Differentiation: Also contains the confusing ""heirloom-quality goods"" claim, which is a minor con but indicates similar messaging issues.']}, 'Overall Comparison': ""Both projects are fundamentally the same in concept, target market, core solution, and ambitious differentiation. The decisive difference is in *Feasibility, Development Plan, and Evidence Generation*. Project B's specific plan to build a public demonstration page represents a material advantage. It shows a more pragmatic, evidence-driven approach to de-risking the venture. It provides a path to early validation, user feedback, and traction building that Project A lacks. In early-stage venture analysis, a team's focus on tangible validation often outweighs minor advantages in theoretical model detail. Therefore, Project B wins based on its superior plan for demonstrating feasibility and generating early evidence.""}"
"local","2","4","L2.4","3","L2.3","L2.3","plan_3","{""Project A"": {""Pros"": [""• Clear value proposition: Privacy-first platform providing verifiable digital fingerprints anchored to tamper-proof ledger addresses authenticity and provenance challenges effectively."", ""• Strong market demand: Targets growing need for ethical sourcing verification from both brands and consumers, with specific focus on sustainability certification programs."", ""• Well-articulated differentiation: Combines heirloom-quality goods concept with machine-readable open registry of ethical standards, creating semantic clarity missing from current solutions."", ""• Thoughtful revenue model: Tiered subscription (Verification and Supply Chain Management) with clear value progression and enterprise upgrade options.""], ""Cons"": [""• Feasibility concerns: Multiple exploratory components (decentralized witness network, open-source verification widget, registry definitions) without clear development prioritization."", ""• Limited evidence plan: No concrete validation steps mentioned for target user pain points or market assumptions."", ""• Risk mitigation vague: While privacy-first design is mentioned, no specific risks or mitigation strategies are outlined."", ""• Implementation timeline unclear: No phased development plan or milestones provided.""]}, ""Project B"": {""Pros"": [""• All strengths of Project A plus concrete validation plan: Specifically mentions structured interviews with 10-15 procurement professionals to validate pain points before finalizing design."", ""• Slightly more focused revenue model: Clearer subscription service description without over-specifying tiers that may need validation."", ""• Better risk awareness: Implicit recognition of need to validate assumptions through user interviews shows market-risk consciousness."", ""• Maintains all strong differentiation points: Same machine-readable registry concept and privacy-first approach as Project A.""], ""Cons"": [""• Same feasibility challenges: Still includes exploratory components (witness network, widget, registry) without clear implementation roadmap."", ""• Development plan remains vague: No technical architecture details or phased rollout plan."", ""• Limited sustainability metrics: No discussion of long-term ledger maintenance costs or governance model for open registry."", ""• Competition analysis missing: No mention of existing provenance solutions or how this specifically outperforms them.""]}}"
"local","2","4","L2.4","5","L2.5","L2.5","plan_5","Project A and B share identical core concepts, problems, target users, delivery models, and distinctiveness claims. The key differences lie in solution development structure and revenue model detail. 

PROJECT A PROS:
• Strong clarity of value proposition: clear privacy-first, verifiable provenance solution.
• Good market size targeting: addresses growing demand for ethical sourcing verification.
• Clear revenue model: well-defined tiered subscription (Verification vs. Supply Chain Management) shows understanding of customer segmentation.
• Strong differentiation: machine-readable ledger with semantic registry adds unique auditability layer.
• Good risk awareness: privacy-first design mitigates data sensitivity risks.

PROJECT A CONS:
• Development plan lacks clear sequencing: mentions exploring features without structured roadmap.
• Impact evidence plan weak: no mention of pilot programs or validation approach.
• Feasibility concerns: multiple 'planned to explore' elements suggest uncertainty in execution.
• Market demand validation: no evidence of customer interviews or pilot commitments.

PROJECT B PROS:
• Superior feasibility and development plan: clear phased roadmap (registry → fingerprinting → ledger → witness network).
• Same strong value proposition and differentiation as Project A.
• Same privacy-first delivery model advantages.
• Same market targeting strengths.

PROJECT B CONS:
• Revenue model less detailed: generic subscription description vs. Project A's tiered structure.
• Same weak impact evidence plan as Project A.
• Same market validation gaps.
• Same 'planned to explore' uncertainty for some features.

Overall, Project B wins due to its superior development planning. The clear, low-risk phased roadmap demonstrates better operational thinking and reduces execution risk, which is critical for technical infrastructure projects. While Project A has a slightly better revenue model, Project B's structured approach to building the foundational registry first, then core tools, then ledger, then enhancements shows more mature project planning and higher likelihood of successful implementation."
"local","2","5","L2.5","0","L1.4","L2.5","plan_5","Project A and Project B are nearly identical in their core descriptions, with the same one-sentence summary, problem statement, target users, delivery model, revenue logic, and distinctiveness. The key differences lie in the Solution/Product Overview section, where Project A provides a more structured and phased development plan, while Project B is less specific about sequencing.\n\n**Project A Pros:**\n• Clarity of value proposition: Strong, concise summary of privacy-first provenance verification.\n• Market size and demand: Addresses clear pain points in ethical sourcing verification and corporate matching gift programs.\n• Feasibility and development plan: Clear phased roadmap (registry → fingerprinting tool → ledger → witness network) demonstrates logical progression and lower initial risk.\n• Revenue model and sustainability: Subscription model targeting brands/suppliers is logical and scalable.\n• Differentiation: Strong focus on machine-readable ledger linked to ethical standards registry creates semantic clarity.\n• Impact and evidence plan: Verification widget enables third-party validation, increasing transparency.\n• Risk awareness and mitigation: Privacy-first design mitigates data sensitivity risks; phased approach reduces technical risk.\n\n**Project A Cons:**\n• Market size and demand: Relies on adoption by both brands and consumers—chicken-and-egg problem not fully addressed.\n• Revenue model and sustainability: Subscription model may face resistance if value isn't immediately proven; lacks detail on pricing tiers.\n• Impact and evidence plan: No concrete metrics or pilot programs mentioned to validate demand.\n• Risk awareness and mitigation: No discussion of regulatory risks around sustainability claims or ledger governance.\n\n**Project B Pros:**\n• Clarity of value proposition: Identical to Project A—clear and compelling.\n• Market size and demand: Same addressable market as Project A.\n• Differentiation: Same strong emphasis on machine-readable ledger and standards registry.\n• Impact and evidence plan: Verification widget similarly planned for third-party validation.\n\n**Project B Cons:**\n• Feasibility and development plan: Less structured than Project A; mentions foundational registry but lacks clear sequencing of development phases.\n• Risk awareness and mitigation: No phased approach outlined, suggesting higher execution risk.\n• Impact and evidence plan: Same lack of concrete validation metrics as Project A.\n• Overall: While substantively similar, Project B's solution description is less organized and demonstrates slightly weaker planning.\n\n**Overall Winner:** Project A wins due to its more detailed, phased development roadmap, which shows clearer technical planning and lower execution risk. Both projects share identical strengths in value proposition, market targeting, revenue model, and differentiation, but Project A's structured approach to building the registry first, then the fingerprinting tool, then the ledger, and finally the witness network indicates superior feasibility planning. This sequencing allows for incremental validation and reduces upfront technical complexity, making it a more investable proposition despite the projects' otherwise near-identical profiles."
"local","2","5","L2.5","1","L2.1","L2.1","plan_1","{'Project A': {'pros': ['• Clear value proposition: Privacy-first verifiable digital fingerprints for ethical sourcing with tamper-proof ledger provides strong clarity', '• Strong differentiation: Combines heirloom-quality goods with digital proof and proposes machine-readable open registry of standards', '• Good risk awareness: Privacy-first approach protects sensitive data while providing verification', '• Clear development plan: Phased technical roadmap with logical sequence from registry to fingerprinting to ledger to witness network'], 'cons': ['• Market validation unclear: No specific pilot mentioned to test market demand', '• Feasibility concerns: Multi-phase development without clear validation steps between phases', '• Revenue model assumptions: Subscription model assumes brands will pay without proven demand', '• Evidence plan lacking: No concrete plan to demonstrate impact or gather user feedback']}, 'Project B': {'pros': [""• Superior feasibility plan: Includes specific pilot use case (e.g., 'organic' for specific agricultural product) to validate technology"", '• Better evidence plan: Pilot provides clear path to gather real-world feedback and demonstrate impact', '• More realistic development approach: Foundational registry first, then testing with limited pilot before full rollout', '• Same strong differentiation as Project A with machine-readable registry of standards', ""• Clear value proposition identical to Project A's strengths""], 'cons': ['• Same revenue model assumptions as Project A: Subscription model without proven willingness to pay', '• Market size validation still pending pilot results', '• Similar risks around adoption and competition as Project A']}, 'Comparison': ""Both projects share identical core value propositions, target markets, revenue models, and differentiation strategies. The key difference lies in execution approach: Project B demonstrates superior planning with its specific pilot use case, providing a clearer path to validate technology, gather evidence, and mitigate development risks. Project A's phased roadmap lacks this concrete validation step, making its feasibility less certain despite having a more detailed technical sequence.""}"
"local","2","5","L2.5","2","L2.2","L2.5","plan_5","PROJECT A:
Pros:
• Clarity of value proposition: Clear, concise one-sentence summary explaining the privacy-first approach to verifiable digital fingerprints for ethical sourcing.
• Market size and demand: Identifies a relevant problem in digital authenticity and ethical sourcing verification, with specific mention of corporate matching gift programs as an initial use case.
• Feasibility and development plan: Outlines a phased technical roadmap with clear sequence: 1) registry of ethical sourcing claim definitions, 2) fingerprinting tool development, 3) tamper-proof ledger construction, 4) decentralized witness network. This shows systematic planning.
• Revenue model and sustainability: Subscription-based model targeting brands and suppliers with potential enterprise upgrades, providing recurring revenue potential.
• Differentiation: Emphasizes 'heirloom-quality' goods with enduring digital proof and proposes a machine-readable, open registry of ethical sourcing standards as unique features.
• Impact and evidence plan: Focuses on creating permanent, independently verifiable records that address credibility problems in sustainability claims.
• Risk awareness and mitigation: Privacy-first design protects sensitive data, and phased development approach suggests risk management.

Cons:
• Market size and demand: While problems are identified, the description lacks specific market size quantification or evidence of demand validation.
• Feasibility and development plan: Technical complexity of building both fingerprinting system and decentralized witness network may be underestimated.
• Revenue model and sustainability: Subscription model success depends on convincing brands to pay for verification services in a potentially crowded market.
• Differentiation: The 'heirloom-quality goods' mention seems somewhat disconnected from the core platform technology described.
• Impact and evidence plan: No concrete metrics or pilot programs mentioned to demonstrate impact.
• Risk awareness and mitigation: Limited discussion of specific risks like adoption challenges, regulatory hurdles, or competition.

PROJECT B:
Pros:
• Clarity of value proposition: Identical clear summary to Project A, effectively communicating the core concept.
• Market size and demand: Same problem identification as Project A, with corporate matching gift programs as specific initial target.
• Feasibility and development plan: Includes concrete demonstration plan with 'simple, public demonstration page' to showcase verification widget, providing tangible evidence of concept.
• Revenue model and sustainability: Same subscription model as Project A with free trial period and enterprise upgrade options.
• Differentiation: Same emphasis on machine-readable registry and permanent verification records as Project A.
• Impact and evidence plan: Demonstration page plan shows commitment to providing tangible evidence of technology's value.
• Risk awareness and mitigation: Privacy-first approach and planned demonstration suggest awareness of adoption and trust barriers.

Cons:
• Market size and demand: Same lack of market quantification as Project A.
• Feasibility and development plan: Less structured roadmap than Project A's four-phase approach, potentially indicating less detailed planning.
• Revenue model and sustainability: Same dependency on brand adoption as Project A without evidence of market validation.
• Differentiation: Identical to Project A, offering no unique differentiation between the two projects.
• Impact and evidence plan: While demonstration page is planned, no specific impact metrics or validation strategies are outlined.
• Risk awareness and mitigation: Similar limited risk discussion as Project A.

KEY DIFFERENTIATORS:
Both projects are remarkably similar in content, suggesting they may be variations of the same proposal. The main differences are:
1. Project A presents a more structured, phased technical roadmap (4 clear phases)
2. Project B includes a specific plan for a demonstration page to showcase the technology
3. Project A's roadmap is more sequential and detailed, while Project B emphasizes immediate demonstration

Overall, Project A wins due to its more systematic and detailed development plan. The phased approach (registry → fingerprinting tool → ledger → witness network) demonstrates clearer technical planning and risk management through sequential milestones. While Project B's demonstration page is valuable for early validation, Project A's comprehensive roadmap suggests better long-term technical strategy and implementation planning. The structured approach in Project A provides more confidence in the team's ability to execute complex technical components in a logical, manageable sequence."
"local","2","5","L2.5","3","L2.3","L2.3","plan_3","{'Project A': {'pros': ['• Clear value proposition: Privacy-first platform providing verifiable digital fingerprints for ethical sourcing with tamper-proof ledger anchoring', '• Strong differentiation: Focus on heirloom-quality goods with enduring digital proof and machine-readable open registry of standards', '• Well-structured development plan: Clear four-phase technical roadmap with logical progression from definitions to fingerprinting to ledger to witness network', '• Good revenue model: Subscription service for brands/suppliers with free trials and enterprise upgrade options', '• Addresses real market need: Growing demand for verifiable sustainability claims amid greenwashing concerns'], 'cons': ['• No evidence plan mentioned: Lacks concrete validation strategy for market assumptions', '• Risk mitigation not addressed: No discussion of technical, market, or operational risks', '• Market sizing vague: Mentions brands and consumers but no quantification of addressable market', '• Development plan ambitious: Multiple complex technical components (fingerprinting, ledger, witness network, widget) without resource or timeline specifics', '• Revenue sustainability uncertain: Relies on brand/supplier adoption without clear pricing or competitive analysis']}, 'Project B': {'pros': ['• Clear value proposition: Same strong privacy-first approach with verifiable digital fingerprints for ethical sourcing', '• Evidence plan included: Plans structured interviews with 10-15 procurement professionals to validate pain points before finalizing design', '• Strong differentiation: Same machine-readable open registry and heirloom-quality focus as Project A', '• Good revenue model: Same subscription-based approach with enterprise upgrade potential', '• Better risk awareness: Implicitly addresses market risk through planned validation interviews'], 'cons': [""• Less structured development plan: Technical roadmap less clearly sequenced than Project A's four-phase approach"", '• Risk mitigation still limited: Only addresses market validation, not technical or operational risks', '• Market sizing equally vague: No quantification of addressable market', '• Development complexity similar: Same ambitious technical scope without resource/timeline specifics', '• Revenue model identical: Same potential sustainability concerns as Project A']}, 'Comparison Summary': ""Both projects share identical core concepts, value propositions, target markets, revenue models, and differentiation strategies. The key differences are: (1) Project A has a more clearly sequenced technical development plan, while (2) Project B includes a concrete evidence-gathering plan (structured interviews) to validate market assumptions before finalizing design. Project B demonstrates better risk awareness by planning to validate its assumptions with real users, which is crucial for an early-stage venture addressing complex enterprise procurement challenges. While Project A's clearer technical roadmap is valuable, Project B's commitment to evidence-based design gives it an edge in feasibility assessment.""}"
"local","2","5","L2.5","4","L2.4","L2.5","plan_5","PROJECT A PROS:\n• Clarity of value proposition: Clear, concise one-sentence summary.\n• Market size and demand: Identifies a tangible, growing market need around ethical sourcing verification and corporate matching gift inefficiency.\n• Feasibility and development plan: Presents a well-structured, phased technical roadmap (registry → fingerprinting tool → ledger → witness network) that demonstrates logical progression and risk management.\n• Revenue model and sustainability: Straightforward subscription model targeting brands/suppliers with clear value proposition (access to ledger, advanced reporting).\n• Differentiation: Strong focus on 'heirloom-quality' verifiable provenance and the innovative machine-readable ledger/registry concept.\n• Impact and evidence plan: Emphasizes creating permanent, independently verifiable records to address credibility gaps.\n• Risk awareness and mitigation: Privacy-first design protects sensitive data; phased approach reduces technical risk.\n\nPROJECT A CONS:\n• Revenue model lacks the detailed tiering structure of Project B, which may appear less sophisticated.\n• Somewhat repetitive language in problem/target user sections (mirroring Project B).\n• The 'heirloom-quality goods' mention in distinctiveness seems slightly disconnected from the core platform service described.\n\nPROJECT B PROS:\n• Clarity of value proposition: Identical clear summary to Project A.\n• Market size and demand: Same strong identification of market needs.\n• Revenue model and sustainability: More detailed tiered subscription model ('Verification' vs. 'Supply Chain Management' tiers) shows clearer monetization strategy.\n• Differentiation: Same strong differentiators around verifiable provenance and machine-readable ledger.\n• Impact and evidence plan: Same emphasis on permanent verification.\n\nPROJECT B CONS:\n• Feasibility and development plan: Less structured than Project A; mentions components (witness network, widget, registry) but lacks clear phased sequence, making technical execution appear more ambiguous and higher risk.\n• Risk awareness and mitigation: While privacy-first, the less defined development plan suggests lower awareness of implementation risks.\n• The registry is described as a 'planned foundational step' but its placement in the development timeline is vague compared to Project A's explicit Phase 1.\n\nOverall, Project A wins due to its superior feasibility and development plan. Both projects share identical core value propositions, market understanding, and differentiation strategies. However, Project A demonstrates stronger operational planning with its clear, phased technical roadmap, which significantly reduces perceived execution risk. While Project B has a slightly more detailed revenue model, Project A's structured approach to building foundational components (registry first) shows more mature technical planning and risk mitigation, making it a more investable proposition."
"local","3","0","L2.1","1","L3.1","L3.1","plan_1","**PROJECT A**

**Pros:**
• **Clarity of value proposition:** Clear, concise one-sentence summary effectively communicates the core offering of verifiable, privacy-first provenance.
• **Feasibility and development plan:** Presents a concrete, phased approach: starting with a foundational registry, then a controlled pilot (e.g., 'organic' product), and exploring a witness network and verification widget as part of the core development path. This shows a logical build sequence.
• **Differentiation:** Strong emphasis on creating a machine-readable, open registry of ethical standards as a core part of the ledger, adding semantic clarity and auditability beyond simple timestamping.
• **Impact and evidence plan:** The plan for a limited pilot use case provides a clear, low-risk method to validate the technology and workflows with real users.

**Cons:**
• **Market size and demand:** While target users (brands, procurement teams) are identified, the description of the market size and specific demand drivers is somewhat generic.
• **Revenue model and sustainability:** The subscription model is clear but lacks detail on pricing tiers, expected customer lifetime value, or how it will achieve scale against potential free alternatives.
• **Risk awareness and mitigation:** Risks related to adoption, competition, or technical challenges (e.g., defining universal standards) are not explicitly addressed.

**PROJECT B**

**Pros:**
• **Clarity of value proposition:** Identical to Project A, so equally clear.
• **Feasibility and development plan:** Shows stronger risk-aware planning by explicitly describing the decentralized witness network as a ""long-term research initiative after core ledger functionality is validated."" This indicates a more disciplined, staged approach to complex features.
• **Risk awareness and mitigation:** The explicit sequencing of the witness network as a post-validation feature demonstrates awareness of development complexity and a mitigation strategy (deferring it), which is a mark of operational maturity.

**Cons:**
• **Feasibility and development plan:** While more risk-aware, the plan might be perceived as slightly less ambitious in its initial feature set compared to Project A's integrated exploration.
• **Differentiation:** The distinctiveness is identical to Project A, but Project A's presentation integrates the registry and exploration features more immediately into its core identity.
• **Impact and evidence plan:** Same as Project A, but the more cautious staging could slightly slow initial evidence generation.

**Overall Winner:** Project B wins by a narrow margin. Both projects are fundamentally identical in their core description, value proposition, target market, and revenue model. The critical difference lies in the **feasibility and development plan** and demonstrated **risk awareness**. Project B's explicit treatment of the decentralized witness network as a long-term research item, to be pursued only after validating the core ledger, shows a more mature and pragmatic approach to building complex technology. It prioritizes core validation and demonstrates a clearer understanding of technical risk mitigation. In early-stage venture analysis, this disciplined, staged execution plan often outweighs marginally more ambitious but less risk-aware roadmaps. Project A's integrated exploration is commendable, but Project B's phrasing indicates a more focused and potentially sustainable build strategy."
"local","3","0","L2.1","2","L3.2","tie","tie","Exact same normalized text; skipped LLM call."
"local","3","0","L2.1","3","L3.3","L3.3","plan_3","PROJECT A:
Pros:
• Clarity of value proposition: Strong, concise one-sentence summary clearly explains the privacy-first, verifiable provenance solution.
• Market size and demand: Identifies a clear problem in ethical sourcing verification and targets both brands and consumers, with a specific initial focus on procurement teams needing proof for certifications.
• Feasibility and development plan: Proposes a logical, phased approach: starting with a foundational registry of standards, then a limited pilot (e.g., 'organic' for a specific product) to validate the core technology.
• Revenue model and sustainability: Clear subscription model for brands/suppliers, with potential enterprise upgrades. Mentions a free trial period to onboard partners.
• Differentiation: Strong focus on creating a permanent, independently verifiable record linked to precise ethical standards via an open registry. Aims for 'heirloom-quality' goods with digital proof.
• Impact and evidence plan: Proposes a pilot to test the technology end-to-end. The open-source verification widget and public ledger aim to create transparent, accessible proof.
• Risk awareness and mitigation: Implicitly addresses data privacy risks by not storing sensitive raw data, only fingerprints. The decentralized witness network is explored to add trust.
Cons:
• Market size and demand: While the problem is clear, the description lacks specific quantification of the market opportunity or demand validation.
• Feasibility and development plan: The plan to 'explore' a decentralized witness network and open-source widget adds complexity and potential development risk.
• Revenue model and sustainability: The free trial is mentioned but without specific metrics or success measures to inform the subsequent subscription model.
• Impact and evidence plan: The pilot is 'planned' and 'explored,' not yet executed, so evidence of real-world validation is limited.

PROJECT B:
Pros:
• Clarity of value proposition: Identical to Project A: strong, clear summary.
• Market size and demand: Identical to Project A: clear problem, same target users.
• Feasibility and development plan: Identical phased approach: registry, limited pilot.
• Revenue model and sustainability: Clear subscription model. **Key improvement over A:** Specifies a 90-day free trial and plans to measure success using clear metrics (e.g., number of sourcing events fingerprinted) to inform subscription design/pricing. This shows more thoughtful planning for sustainability.
• Differentiation: Identical to Project A: strong focus on verifiable provenance and the open registry.
• Impact and evidence plan: Identical pilot plan. The metric-driven trial approach could generate valuable early evidence.
• Risk awareness and mitigation: Identical privacy-first approach. The metric-focused trial could help mitigate product-market fit risk.
Cons:
• Shares all the same cons as Project A regarding lack of market quantification, the exploratory nature of some features (witness network, widget), and the pilot being not yet executed.
• Despite the improved revenue logic detail, it remains a plan without proven traction.

WINNER: PROJECT B
Why: Both projects are virtually identical across almost all criteria, sharing the same core strengths (clear value prop, logical development plan, strong differentiation) and weaknesses (lack of quantified market evidence, exploratory features). The decisive factor is in criterion 4 (Revenue model and sustainability). Project B demonstrates superior planning by specifying a 90-day free trial with clear success metrics (e.g., number of events fingerprinted) to inform its future subscription model. This shows a more data-driven, iterative approach to business model validation, which reduces risk and increases the likelihood of building a sustainable revenue stream. In venture analysis, this level of operational detail in the revenue logic, even if still a plan, indicates stronger execution foresight."
"local","3","0","L2.1","4","L3.4","L3.4","plan_4","{'Project A': {'pros': ['• Clear value proposition: Privacy-first platform providing verifiable digital fingerprints for ethical sourcing events anchored to tamper-proof ledger', '• Identifies substantial market need: Addresses digital manipulation, lack of provenance verification, and inefficiencies in corporate matching gift programs', '• Well-defined target users: Brands seeking supply chain validation and consumers looking for ethical goods, with specific focus on procurement teams', '• Innovative solution approach: Digital fingerprinting without storing sensitive data, with planned decentralized witness network and open-source verification widget', '• Strong differentiation: Focus on heirloom-quality goods with enduring digital proof, machine-readable open registry of ethical sourcing standards', '• Clear revenue model: Subscription service for brands and suppliers with free trial period', ""• Practical development plan: Starting with limited pilot use case (single ethical standard like 'organic') to validate technology""], 'cons': ['• Market validation unclear: No specific evidence of demand beyond stated problems', '• Implementation complexity: Building decentralized witness network and open-source registry requires significant technical expertise', '• Revenue sustainability concerns: Subscription model may face adoption challenges without proven ROI for brands', '• Partnership strategy vague: No specific plan for engaging certification bodies or industry stakeholders', '• Risk mitigation underdeveloped: Limited discussion of technical, regulatory, or adoption risks', '• Evidence plan weak: No clear metrics or milestones for measuring success', '• Somewhat abstract: While concepts are clear, practical execution path needs more definition']}, 'Project B': {'pros': ['• All strengths of Project A plus additional specificity in key areas', '• Enhanced feasibility plan: Explicit mention of targeted outreach to specific sustainability certification bodies (Fair Trade International, USDA Organic) for partnership', '• Stronger evidence strategy: Pilot collaboration with established certification body provides clearer path to validation', '• Better risk mitigation: Partnership approach reduces adoption risk by aligning with existing standards', '• More credible differentiation: Partnership with recognized bodies adds legitimacy to the registry concept', '• Clearer market entry: Specific partnership target provides concrete first step', '• Improved sustainability: Alignment with existing certification ecosystems increases likelihood of long-term adoption'], 'cons': ['• Still lacks quantified market evidence or traction metrics', '• Partnership success not guaranteed - depends on certification body cooperation', '• Implementation timeline may be extended by partnership negotiations', '• Same revenue model concerns as Project A', '• Technical complexity remains high', '• Limited discussion of consumer adoption drivers beyond B2B focus']}, 'Comparison': ""Both projects share identical core concepts, value propositions, and structures, making them fundamentally the same venture. However, Project B demonstrates superior strategic thinking by including one critical additional element: a specific plan to engage with established certification bodies (e.g., Fair Trade International, USDA Organic) as foundational partners. This single difference significantly improves Project B's assessment across multiple criteria: 1) Feasibility (partnership provides validation path), 2) Differentiation (adds legitimacy), 3) Risk mitigation (reduces adoption risk), and 4) Evidence plan (creates measurable partnership milestone). While both projects suffer from similar weaknesses (lack of quantified evidence, complex implementation), Project B's specific partnership strategy addresses key adoption barriers that Project A leaves unaddressed.""}"
"local","3","0","L2.1","5","L3.5","L3.5","plan_5","Both projects share identical core descriptions across most sections, including the same one-sentence summary, problem statement, target users, solution overview, delivery model, revenue logic, and distinctiveness. The only discernible difference is in the 'Solution / Product Overview' section regarding the pilot plan. Project A states the pilot would 'focus on a single, well-defined ethical standard, such as 'organic' for a specific agricultural product, to validate the core technology and user workflows in a controlled environment.' Project B provides slightly more detail: 'This pilot would focus on a single, well-defined ethical standard, such as 'organic' for a specific agricultural product like coffee, and would aim to involve a target of 3-5 local farms or cooperatives to participate in testing the workflow from initial data fingerprinting through to final verification.'

Given this near-total overlap, the evaluation against the criteria is identical for both projects in almost all respects. The analysis below reflects this, with the only point of divergence noted.

**Project A Pros & Cons:**
• **Pros:**
  • **Clarity of Value Proposition:** Strong. Clearly states the problem (lack of trust in digital authenticity, especially for ethical claims) and the solution (privacy-first, verifiable digital fingerprints anchored to a tamper-proof ledger).
  • **Market Size and Demand:** Identifies a substantial and growing market (brands needing supply chain validation, consumers seeking ethical goods, regulatory/certification pressure). The mention of corporate matching gift programs and procurement teams shows specific demand pockets.
  • **Feasibility and Development Plan:** Outlines a logical, phased approach: building core fingerprint/ledger tech, creating a foundational standards registry, and running a controlled pilot. The 'lightweight, privacy-first' delivery model is sensible.
  • **Revenue Model and Sustainability:** Straightforward B2B SaaS subscription model targeting brands/suppliers, with potential for tiered services. Aligns with delivering ongoing value.
  • **Differentiation:** Strong. Combines tamper-proof ledger with a machine-readable registry of ethical standards definitions, aiming for semantic clarity and auditability beyond simple provenance tracking.
  • **Impact and Evidence Plan:** Proposes a clear path to evidence via a limited pilot focused on a single standard (e.g., 'organic'). This is a credible first step to validate the technology.
  • **Risk Awareness and Mitigation:** Implicitly addresses key risks: data privacy (via fingerprinting, not storing raw data), trust (via decentralized witness network exploration), and adoption (via open-source verification widget and free trials).
• **Cons:**
  • **Feasibility and Development Plan:** The pilot description is somewhat vague, lacking concrete participant targets or success metrics. The plan to 'explore' key components (witness network, widget) suggests early-stage uncertainty.
  • **Revenue Model and Sustainability:** Relies heavily on B2B subscription adoption. No discussion of potential pricing, customer acquisition costs, or competition from existing supply chain traceability solutions.
  • **Impact and Evidence Plan:** The evidence plan is a pilot 'to explore,' not a committed execution step. Lacks measurable KPIs for the pilot.
  • **Risk Awareness and Mitigation:** Does not explicitly list major risks (e.g., ledger technology reliance, standard definition governance, chicken-and-egg network effects between brands and suppliers) or detailed mitigation strategies.

**Project B Pros & Cons:**
• **Pros:**
  • **Identical to Project A** for all criteria except one aspect of Feasibility/Development and Impact/Evidence Plan.
  • **Feasibility and Development Plan / Impact and Evidence Plan:** The pilot plan is marginally more specific, naming a sample product ('coffee') and stating a target of '3-5 local farms or cooperatives' for participation. This suggests slightly more concrete planning for initial validation.
• **Cons:**
  • **Identical to Project A** for all other cons.
  • **Feasibility and Development Plan / Impact and Evidence Plan:** While slightly more specific, the pilot detail is still minimal. The 'aim to involve' language remains non-committal, and it still lacks defined success metrics.

**Overall Winner:** B
**Why:** In a direct comparison where the projects are virtually identical, the marginally greater specificity in Project B's pilot plan ('coffee,' '3-5 local farms/cooperatives') gives it a slight edge in 'Feasibility and Development Plan' and 'Impact and Evidence Plan.' This demonstrates a slightly more concrete and actionable thought process for initial testing and validation, which is critical for an early-stage venture. However, the difference is minimal, and both projects suffer from the same core weaknesses regarding risk explicitness and detailed metrics."
"local","3","1","L3.1","0","L2.1","L3.1","plan_1","PROJECT A: Pros: • Clear value proposition focused on verifiable ethical sourcing with specific pilot plan (organic agriculture). • Good market identification with procurement teams in sustainability programs. • Feasible development plan with staged approach (core ledger first, then witness network). • Logical subscription revenue model targeting brands/suppliers. • Strong differentiation through heirloom-quality goods concept and machine-readable registry. • Impact plan includes open-source verification widget and registry definitions. • Shows risk awareness by proposing controlled pilot and privacy-first design. Cons: • Somewhat vague on exact market size quantification. • Revenue model relies heavily on enterprise adoption. • Witness network described as 'long-term research initiative' which may delay full implementation. PROJECT B: Pros: • Identical strong value proposition to Project A. • Same clear target user identification. • Same solid technical approach with privacy-first design. • Same logical revenue model. • Same strong differentiation points. • Same impact plan with open-source components. • Same risk awareness through pilot planning. Cons: • Contains contradictory elements: mentions 'heirloom-quality goods' in distinctiveness section but no physical products described elsewhere in solution. • Less clear staging of development priorities compared to Project A's explicit 'core ledger first' approach. • Slightly less cautious about witness network implementation timeline. Both projects are nearly identical in content, but Project A demonstrates slightly better strategic clarity by explicitly stating the witness network as a 'long-term research initiative after core ledger functionality is validated' rather than an immediate exploration. Project A also maintains better internal consistency by not mentioning physical goods in its solution description. However, both share the same fundamental strengths and weaknesses across all criteria."
"local","3","1","L3.1","2","L3.2","L3.1","plan_1","PROJECT A PROS:
• Clarity of value proposition: Excellent. The one-sentence summary is strong and specific, focusing on 'ethical sourcing events' and 'indisputable proof of provenance'.
• Market size and demand: Good. Targets brands, suppliers, and consumers in ethical goods market, with specific initial focus on procurement teams needing proof for certifications.
• Feasibility and development plan: Strong. Proposes a clear foundational step (registry of definitions), a limited pilot (single standard like 'organic'), and a phased approach for advanced features like witness network.
• Revenue model and sustainability: Clear. Subscription service to brands/suppliers with free trial and potential enterprise upgrades.
• Differentiation: Very strong. Focus on 'heirloom-quality goods' with enduring digital proof, plus machine-readable registry of ethical standards.
• Impact and evidence plan: Good. Plans for pilot testing and open-source verification widget.
• Risk awareness and mitigation: Implicitly addressed through privacy-first design and controlled pilot.

PROJECT A CONS:
• Somewhat complex solution with multiple components (registry, ledger, widget, witness network).
• Revenue model relies on convincing brands/suppliers to pay for verification in a competitive market.
• The 'heirloom-quality goods' mention in distinctiveness seems slightly disconnected from the core platform description.

PROJECT B PROS:
• Clarity of value proposition: Excellent. Identical strong one-sentence summary to Project A.
• Market size and demand: Good. Same target users and use cases as Project A.
• Feasibility and development plan: Good. Similar plan for registry, pilot, and features.
• Revenue model and sustainability: Clear. Same subscription model as Project A.
• Differentiation: Strong. Same points about verifiable provenance and machine-readable registry.
• Impact and evidence plan: Good. Same plans for pilot and widget.
• Risk awareness and mitigation: Similar implicit addressing through design.

PROJECT B CONS:
• The description is identical to Project A in all sections except for subtle wording differences in the Solution/Product Overview regarding the witness network (Project B says 'plans to explore adding' while Project A says 'plans to explore, as a long-term research initiative after core ledger functionality is validated, the potential addition of'). This suggests Project A has a more measured, phased approach to this complex feature.
• Without any substantive differences in the provided descriptions, Project B appears to be a nearly identical copy of Project A, offering no unique advantages.
• The identical nature suggests Project B may lack original strategic thinking or could be presenting the same idea with less detailed planning.

WINNER RATIONALE: Project A wins because its description, while nearly identical to Project B, shows slightly more thoughtful planning in the Solution/Product Overview section regarding the witness network feature (positioning it as a long-term research initiative after core validation). This indicates better risk management and development prioritization. Since both projects are otherwise identical in substance, this small but meaningful difference in phrasing suggests Project A has a more realistic and staged approach to building complex features. In venture analysis, even subtle differences in planning and phasing can indicate superior execution capability."
"local","3","1","L3.1","3","L3.3","L3.3","plan_3","{""Project A"": {""Pros"": [""• Clear value proposition: Privacy-first digital fingerprinting for ethical sourcing with tamper-proof ledger provides compelling solution to greenwashing and provenance verification problems."", ""• Strong market demand: Addresses growing need for supply chain transparency from both brands (for certifications/regulations) and consumers (for ethical purchasing)."", ""• Thoughtful development plan: Includes foundational registry of standards, controlled pilot (e.g., organic agriculture), and phased feature exploration (witness network, verification widget)."", ""• Good differentiation: Combines material goods with digital proof and proposes semantic registry for machine-readable standards."", ""• Impact plan: Open-source verification widget and public registry could create industry standards.""], ""Cons"": [""• Revenue model lacks specificity: Subscription model mentioned but without pricing tiers, customer lifetime value estimates, or clear path to profitability."", ""• Risk mitigation underdeveloped: No mention of technical risks (ledger scalability), adoption risks (chicken-and-egg problem between brands/suppliers), or regulatory risks."", ""• Feasibility concerns: Building decentralized witness network and semantic registry represents significant technical complexity without clear implementation roadmap."", ""• Evidence plan vague: No metrics or KPIs mentioned for pilot validation or success measurement.""]}, ""Project B"": {""Pros"": [""• Clear value proposition: Identical strong proposition as Project A with same privacy-first, tamper-proof approach."", ""• Strong market demand: Same compelling market need addressed."", ""• More concrete revenue model: Specifies 90-day free trial with success metrics (sourcing events fingerprinted per partner) to inform subscription design."", ""• Better evidence plan: Includes measurement framework for trial period to validate business model."", ""• Same strong differentiation: Semantic registry and material-digital combination."", ""• Same thoughtful development approach: Registry, pilot, and phased features.""], ""Cons"": [""• Same risk mitigation gap: No discussion of technical, adoption, or regulatory risks."", ""• Same feasibility concerns: Complex technical implementation without detailed roadmap."", ""• Evidence plan still limited: While better than A, lacks broader validation metrics beyond trial period.""]}}"
"local","3","1","L3.1","4","L3.4","L3.4","plan_4","{
  ""Project A"": {
    ""Pros"": [
      ""• Clarity of value proposition: Strong, clear articulation of privacy-first digital fingerprinting for ethical sourcing provenance.\n• Market size and demand: Addresses significant pain points in supply chain verification and sustainability certification markets with clear target users.\n• Feasibility and development plan: Well-structured approach with phased development including pilot focus on single standard and research initiative for witness network.\n• Differentiation: Strong emphasis on heirloom-quality goods with enduring digital proof and machine-readable registry of ethical standards.\n• Impact and evidence plan: Clear plan for open-source verification widget and controlled pilot environment for validation."",
      ""• Risk awareness and mitigation: Implicitly addresses technical risks through privacy-first design and controlled pilot approach.""
    ],
    ""Cons"": [
      ""• Revenue model and sustainability: Subscription model lacks specificity about pricing tiers, customer acquisition costs, or competitive positioning.\n• Impact and evidence plan: No concrete partnership outreach mentioned for registry development.\n• Risk awareness and mitigation: No explicit discussion of market adoption risks, regulatory challenges, or competition from established players.""
    ]
  },
  ""Project B"": {
    ""Pros"": [
      ""• Clarity of value proposition: Identical strong value proposition to Project A.\n• Market size and demand: Same strong market identification as Project A.\n• Feasibility and development plan: More concrete execution plan with specific partnership outreach to certification bodies (e.g., Fair Trade International, USDA Organic) for registry co-development.\n• Revenue model and sustainability: Same subscription model as Project A but potentially strengthened by partnership approach.\n• Differentiation: Same strong differentiation as Project A.\n• Impact and evidence plan: Superior evidence plan with targeted partnership outreach for pilot collaboration, increasing likelihood of real-world validation.\n• Risk awareness and mitigation: Partnership approach implicitly addresses adoption and credibility risks through collaboration with established certification bodies.""
    ],
    ""Cons"": [
      ""• Revenue model and sustainability: Same lack of specificity about pricing and customer acquisition as Project A.\n• Risk awareness and mitigation: Still lacks explicit discussion of technical implementation risks or competitive threats.""
    ]
  }
}"
"local","3","1","L3.1","5","L3.5","L3.5","plan_5","{
  ""Project A"": {
    ""Pros"": [
      ""• Clear, focused value proposition centered on privacy-first verifiable provenance for ethical sourcing."",
      ""• Addresses a large and growing market demand for supply chain transparency and sustainability verification."",
      ""• Privacy-first, lightweight delivery model reduces implementation risk and data liability."",
      ""• Subscription-based revenue model targeting B2B clients (brands/suppliers) offers clear monetization path."",
      ""• Strong differentiation via the combination of tamper-proof ledger, ethical standards registry, and open-source verification tools."",
      ""• Good risk awareness shown by planning a controlled pilot and staged feature development.""
    ],
    ""Cons"": [
      ""• Development plan lacks concrete milestones or pilot specifics beyond a general intent to explore a single standard."",
      ""• Market adoption depends heavily on convincing brands and suppliers to subscribe, which may face inertia."",
      ""• Revenue model assumes willingness to pay for provenance verification in a competitive sustainability tools market."",
      ""• Impact plan is descriptive but lacks measurable targets or validation steps beyond the pilot concept."",
      ""• The witness network is framed as a long-term research initiative, potentially delaying a key trust feature.""
    ]
  },
  ""Project B"": {
    ""Pros"": [
      ""• Identical strong value proposition and market opportunity as Project A."",
      ""• More concrete development plan: specifies a pilot focused on 'organic coffee' with target of 3-5 farms/cooperatives."",
      ""• This specificity in the pilot (product, participant count) suggests better operational planning and testability."",
      ""• Maintains all other strengths: privacy-first model, clear revenue logic, and strong differentiation via ledger and registry."",
      ""• The defined pilot provides a clearer path to generating early evidence and validating the workflow."",
      ""• Similar risk-aware approach but with a more actionable first step.""
    ],
    ""Cons"": [
      ""• Like Project A, revenue sustainability depends on B2B subscription uptake in a nascent market."",
      ""• The witness network, while mentioned, still lacks a detailed rollout plan."",
      ""• Impact plan, though aided by the specific pilot, still lacks broader quantified goals."",
      ""• Faces same market adoption challenges and competitive pressures as Project A.""
    ]
  }
}"
"local","3","2","L3.2","0","L2.1","tie","tie","Exact same normalized text; skipped LLM call."
"local","3","2","L3.2","1","L3.1","L3.1","plan_1","{
  ""Project A"": {
    ""pros"": [
      ""• Clarity of value proposition: Strong, clear articulation of a privacy-first platform for verifiable ethical sourcing proof. The one-sentence summary effectively communicates the core value."",
      ""• Market size and demand: Identifies a substantial problem in supply chain verification and sustainability reporting, with clear target users (brands, procurement teams, consumers). The mention of regulatory requirements adds credibility to demand."",
      ""• Feasibility and development plan: Outlines a phased approach starting with a foundational registry and a limited pilot (e.g., 'organic' for a specific product). This shows a realistic, stepwise development mindset."",
      ""• Revenue model and sustainability: Subscription model targeting brands/suppliers is logical and scalable. Mention of free trials and enterprise upgrades shows consideration of adoption pathways."",
      ""• Differentiation: Strong focus on verifiable provenance via tamper-proof ledger linked to a machine-readable registry of ethical standards. The 'heirloom-quality goods' angle adds a unique brand positioning."",
      ""• Impact and evidence plan: Plans for a pilot to validate technology and workflows. The open-source verification widget and public registry could foster transparency and adoption."",
      ""• Risk awareness and mitigation: Implicitly addresses data privacy risks by not storing sensitive raw data, only fingerprints. The lightweight, resource-conscious design suggests cost/operational risk consideration.""
    ],
    ""cons"": [
      ""• Feasibility: The decentralized witness network is mentioned as something to 'explore,' which may introduce technical complexity and delay core delivery."",
      ""• Market adoption: Relies heavily on brands and suppliers adopting a new standard; no mention of partnerships or early adopters to mitigate chicken-and-egg risk."",
      ""• Revenue model: Subscription model may face resistance if perceived as an added cost without immediate ROI; lacks detail on pricing or market validation."",
      ""• Impact evidence: Pilot is only 'planned' and 'explored'; no concrete evidence of execution or results."",
      ""• Risk mitigation: Limited explicit discussion of risks like ledger scalability, regulatory changes, or competition from existing provenance solutions.""
    ]
  },
  ""Project B"": {
    ""pros"": [
      ""• Clarity of value proposition: Identical to Project A—clear and compelling."",
      ""• Market size and demand: Same strong identification of market need and target users."",
      ""• Feasibility and development plan: More cautious and staged than Project A. Explicitly frames the decentralized witness network as a 'long-term research initiative after core ledger functionality is validated,' reducing near-term complexity risk."",
      ""• Revenue model and sustainability: Same logical subscription model with free trials and enterprise upgrades."",
      ""• Differentiation: Same strong focus on verifiable provenance and machine-readable registry."",
      ""• Impact and evidence plan: Same pilot plan and open-source components."",
      ""• Risk awareness and mitigation: Shows greater prioritization by deferring the complex witness network, indicating a focus on core functionality first. This suggests better risk management in development sequencing.""
    ],
    ""cons"": [
      ""• Differentiation: Slightly less ambitious in near-term feature set (deferred witness network), which could be perceived as less innovative initially."",
      ""• Market adoption: Same chicken-and-egg risk as Project A; no evidence of traction."",
      ""• Revenue model: Same lack of pricing or validation details."",
      ""• Impact evidence: Same reliance on planned pilot without executed results."",
      ""• Risk mitigation: Still lacks explicit discussion of broader business risks (competition, regulation, adoption).""
    ]
  },
  ""Overall Comparison"": ""Both projects are nearly identical in content, sharing the same core value proposition, problem, target users, solution, revenue model, and differentiation. The only meaningful difference lies in the treatment of the decentralized witness network: Project A presents it as part of the exploration plan, while Project B explicitly frames it as a long-term research initiative to be pursued after validating core functionality. This subtle difference gives Project B a slight edge in feasibility and risk awareness, as it demonstrates a more disciplined, staged approach to development, reducing near-term technical risk and focusing resources on the core product first. In all other criteria, the projects are equivalent. Therefore, Project B wins due to its more prudent development sequencing and implicit risk mitigation."",
  ""Winner"": ""B""
}"
"local","3","2","L3.2","3","L3.3","L3.3","plan_3","PROJECT A: Pros: • Clear value proposition for verifiable ethical sourcing proof with privacy protection. • Addresses large market of brands needing supply chain verification and consumers seeking ethical goods. • Well-articulated development plan with pilot focus on single standard like 'organic'. • Subscription revenue model targeting brands/suppliers with potential enterprise upgrades. • Strong differentiation through machine-readable registry of ethical standards and semantic clarity. • Impact plan includes open-source registry and verification widget for transparency. • Acknowledges need for trust through decentralized witness network. Cons: • Market validation and demand specifics are implied rather than evidenced. • Feasibility depends on adoption of proposed open-source registry standards. • Revenue model assumes willingness of brands to pay subscription; no pricing or validation mentioned. • Implementation of decentralized witness network adds technical complexity. • No mention of pilot metrics or validation approach. • Risks around adoption and technical implementation are not explicitly addressed. PROJECT B: Pros: • Identical strong value proposition and market targeting as Project A. • Same clear development plan with pilot focus. • Revenue model includes specific 90-day free trial with defined success metrics (sourcing events fingerprinted per partner). • Same strong differentiation through semantic registry and verifiable provenance. • Same impact plan with open-source components. • Same trust mechanisms including decentralized witness network. • Adds concrete measurement plan for trial period to inform pricing. Cons: • Same lack of market validation evidence as Project A. • Same feasibility dependencies on registry adoption. • Same technical complexity challenges. • No explicit risk mitigation strategies beyond trial measurement. • Trial metrics focus on quantity rather than quality or willingness-to-pay. Overall Comparison: Both projects are nearly identical in description, with only one substantive difference: Project B specifies a 90-day free trial period with clear metrics to measure success and inform subscription design, while Project A only mentions an 'initial free trial period' without specifics. This gives Project B a slight edge in revenue model sustainability and evidence-based planning. However, both suffer from identical weaknesses: lack of genuine traction evidence, unproven market demand, and high dependency on ecosystem adoption. The winner is Project B due to its slightly more concrete approach to validating its revenue model through measured trial metrics, which demonstrates better planning for sustainability."
"local","3","2","L3.2","4","L3.4","L3.4","plan_4","PROJECT A:
Pros:
• Clear value proposition: Privacy-first platform for verifiable digital fingerprints of ethical sourcing events anchored to tamper-proof ledger.
• Large potential market addressing growing demand for supply chain transparency and ethical sourcing verification.
• Feasible development plan with pilot focus on single ethical standard (e.g., organic) for controlled testing.
• Clear subscription revenue model targeting brands and suppliers with potential enterprise upgrades.
• Strong differentiation through machine-readable open registry of ethical sourcing standards and semantic clarity.
• Impact potential through standardized verification framework for ethical claims.
• Acknowledges technical and adoption risks through pilot approach.

Cons:
• Market entry strategy lacks specific partnership plans with certification bodies.
• Development plan mentions 'exploring' key components (witness network, verification widget) rather than concrete steps.
• Revenue model assumes brands will pay for subscription without clear validation of willingness-to-pay.
• Impact evidence plan relies on pilot success without defined metrics.
• Risk mitigation strategies are implied rather than explicitly detailed.

PROJECT B:
Pros:
• All strengths of Project A plus additional specificity in partnership strategy.
• Enhanced feasibility through planned outreach to specific certification bodies (Fair Trade International, USDA Organic) for co-defining standards.
• Stronger development plan with concrete partnership exploration as part of registry creation.
• Better risk mitigation through planned collaboration with established certification bodies.
• More credible path to adoption through potential endorsement from recognized standards organizations.
• Same clear revenue model with potentially stronger validation through certification body partnerships.

Cons:
• Still relies on exploratory language ('plans to explore') for key components.
• Revenue model remains untested despite stronger partnership strategy.
• Implementation complexity may increase with certification body integration.
• Market adoption still depends on convincing multiple stakeholders.

Comparison: Both projects share identical core descriptions across most sections, but Project B demonstrates superior strategic thinking by specifying partnership exploration with established certification bodies. This small but significant addition in the Solution/Product Overview section gives Project B better feasibility, stronger differentiation through potential endorsements, more credible impact pathway, and clearer risk mitigation through collaboration with existing authorities. Project B shows more thoughtful go-to-market strategy without adding unsupported claims."
"local","3","2","L3.2","5","L3.5","L3.5","plan_5","**PROJECT A**

**Pros:**
• **Clarity of Value Proposition:** Clear focus on verifiable provenance for ethical sourcing, addressing trust and authenticity.
• **Market Size and Demand:** Targets a broad market of brands and consumers concerned with ethical sourcing and sustainability certifications.
• **Feasibility and Development Plan:** Proposes a controlled pilot (e.g., 'organic' for a specific product) to validate technology and workflows.
• **Differentiation:** Strong emphasis on merging tangible goods with digital proof and creating a machine-readable registry of ethical standards.
• **Impact and Evidence Plan:** Plans to create an open-source registry of ethical claim definitions and a verification widget for third-party use.

**Cons:**
• **Feasibility and Development Plan:** Lacks specific details on pilot scale (e.g., number of participants, timeline), making execution riskier.
• **Revenue Model and Sustainability:** Subscription model is clear but lacks pricing tiers or validation of willingness-to-pay from target users.
• **Risk Awareness and Mitigation:** No explicit discussion of risks (e.g., adoption barriers, competition, regulatory challenges) or mitigation strategies.
• **Impact and Evidence Plan:** Verification widget and registry are exploratory; no concrete metrics for success or adoption.

**PROJECT B**

**Pros:**
• **Clarity of Value Proposition:** Identical to Project A, with clear focus on verifiable provenance and privacy.
• **Feasibility and Development Plan:** More specific pilot plan: targets 3-5 local farms/cooperatives for coffee, providing a clearer path to testing.
• **Impact and Evidence Plan:** Concrete pilot scope with defined participant targets, allowing for measurable validation of the workflow.
• **Differentiation:** Same strong points as Project A, including the machine-readable registry and heirloom-quality goods angle.
• **Risk Awareness and Mitigation:** Implicitly addresses execution risk by defining a limited, manageable pilot, though no explicit risk analysis.

**Cons:**
• **Revenue Model and Sustainability:** Same as Project A: subscription model lacks pricing details or evidence of market validation.
• **Risk Awareness and Mitigation:** No explicit discussion of broader risks (e.g., technology adoption, data privacy regulations).
• **Market Size and Demand:** While broad, no quantification of market size or demand validation beyond general statements.
• **Impact and Evidence Plan:** Relies heavily on pilot success; scalability beyond the initial test is unclear.

**Overall Winner: Project B**

**Why:** Both projects are nearly identical in concept, value proposition, differentiation, and revenue model. However, Project B demonstrates a slightly stronger **feasibility and development plan** by specifying a pilot with a target of 3-5 local farms/cooperatives for a product like coffee. This concrete detail reduces execution uncertainty and provides a clearer path to generating evidence, making it a marginally more investable proposition. Project A's pilot description is vaguer ('to validate the core technology'), which introduces higher risk. In early-stage ventures, specificity in testing and validation plans is critical, giving Project B the edge."
"local","3","3","L3.3","0","L2.1","L3.3","plan_3","PROJECT A:
Pros:
• Clarity of value proposition: Strong, concise one-sentence summary clearly states the privacy-first approach, verifiable digital fingerprints, and tamper-proof ledger for provenance proof.
• Market size and demand: Identifies clear target users (brands, consumers, procurement teams) and specific use cases (supply chain validation, ethical goods verification, certification compliance).
• Feasibility and development plan: Outlines a phased approach including foundational registry creation, limited pilot use case (organic agriculture), and exploration of verification widget and witness network.
• Revenue model and sustainability: Clear subscription model with 90-day free trial period and metrics for success measurement (sourcing events fingerprinted per partner).
• Differentiation: Strong focus on heirloom-quality goods with enduring digital proof, plus semantic registry linking fingerprints to precise ethical standards definitions.
• Impact and evidence plan: Proposes concrete steps including pilot testing and registry creation to validate technology and workflows.
• Risk awareness and mitigation: Implicitly addresses data privacy risks through privacy-first design and anonymized fingerprints.

Cons:
• Market size and demand: While specific, lacks quantification of market opportunity beyond qualitative descriptions.
• Feasibility and development plan: Heavy reliance on 'plans to explore' language suggests early conceptual stage rather than validated execution.
• Revenue model and sustainability: Subscription model may face adoption challenges without clear demonstration of immediate ROI for brands.
• Impact and evidence plan: No mention of existing partnerships, prototypes, or validation metrics beyond planned pilot.
• Risk awareness and mitigation: No explicit discussion of technical, regulatory, or adoption risks beyond privacy design.

PROJECT B:
Pros:
• Clarity of value proposition: Identical strong summary to Project A with clear value proposition.
• Market size and demand: Same well-defined target users and use cases as Project A.
• Feasibility and development plan: Same phased approach including registry creation, pilot testing, and widget/witness network exploration.
• Differentiation: Same strong differentiation points around heirloom-quality goods and semantic registry.
• Impact and evidence plan: Same proposed validation steps including pilot testing.

Cons:
• ALL CONS FROM PROJECT A APPLY EQUALLY.
• Revenue model and sustainability: Less detailed than Project A - lacks the specific 90-day trial period and success metrics mentioned in Project A.
• Feasibility and development plan: Slightly less specific about trial period structure and measurement.
• Impact and evidence plan: Identical limitations to Project A.

KEY DIFFERENCE: Project A provides slightly more concrete details in its revenue logic section (90-day trial with specific success metrics), while both projects are otherwise identical in content. This suggests Project A has given marginally more thought to implementation and validation of its business model.

WINNER RATIONALE: Project A wins by a narrow margin due to its slightly more developed revenue model specification. While both projects share identical strengths and weaknesses across most criteria, Project A's inclusion of a specific 90-day trial period with clear success metrics demonstrates marginally better planning for business model validation and customer onboarding. In venture evaluation, even small differences in specificity around monetization and validation can be decisive when other factors are equal."
"local","3","3","L3.3","1","L3.1","L3.1","plan_1","{""Project A"": {""Pros"": [""• Clarity of value proposition: Strong and concise one-sentence summary clearly articulates the privacy-first, verifiable provenance solution."", ""• Market size and demand: Identifies a clear problem in ethical sourcing verification and targets procurement teams in consumer goods companies, a specific and relevant initial market."", ""• Feasibility and development plan: Outlines a concrete, phased approach including a foundational registry, a limited pilot (e.g., 'organic' standard), and exploration of a verification widget and witness network. Shows logical progression from pilot to broader features."", ""• Revenue model and sustainability: Proposes a subscription model for brands/suppliers with a defined 90-day free trial and clear success metrics (e.g., events fingerprinted). Includes exploration of enterprise upgrades, showing a path to monetization."", ""• Differentiation: Strong focus on creating a permanent, verifiable record linked to a machine-readable registry of ethical standards. The 'heirloom-quality' analogy and semantic clarity are distinctive."", ""• Impact and evidence plan: Plans to test core technology via a controlled pilot, providing a method to gather initial evidence. The registry and verification tools aim to create auditability."", ""• Risk awareness and mitigation: Implicitly addresses data privacy risks via the privacy-first, fingerprint-only design. The pilot approach mitigates development risk by starting small.""], ""Cons"": [""• Market size and demand: While the initial target is specific, the broader consumer demand for verified ethical goods is assumed but not deeply quantified."", ""• Feasibility and development plan: The decentralized witness network is presented as an exploration, which adds technical complexity and potential uncertainty."", ""• Revenue model and sustainability: Relies on convincing brands/suppliers to pay for a subscription in a potentially crowded ESG/sustainability tool market. No clear pricing strategy is mentioned."", ""• Impact and evidence plan: The plan is forward-looking; there is no mention of existing partnerships or traction to validate demand."", ""• Risk awareness and mitigation: No explicit discussion of competitive risks, adoption risks (network effects), or regulatory risks around data/ledger technology.""]}, ""Project B"": {""Pros"": [""• Clarity of value proposition: Identical strong one-sentence summary as Project A, clearly defines the core offering."", ""• Market size and demand: Same solid identification of the problem and specific initial target user group (procurement teams)."", ""• Feasibility and development plan: Similar strong phased plan with registry, pilot, and verification widget. Notably, it explicitly frames the decentralized witness network as a ""long-term research initiative after core validation,"" which may be a more realistic and focused sequencing of development."", ""• Revenue model and sustainability: Proposes the same subscription model and exploration of enterprise upgrades. Lacks the specific 90-day trial detail but is otherwise identical."", ""• Differentiation: Same strong differentiators: permanent verifiable records, machine-readable registry, and semantic clarity."", ""• Impact and evidence plan: Same pilot-based validation plan, providing a clear path to initial evidence."", ""• Risk awareness and mitigation: The more cautious framing of the witness network as long-term research suggests a slightly better awareness of technical feasibility risks and a focus on validating core functionality first.""], ""Cons"": [""• Market size and demand: Same as Project A: broader consumer demand is assumed."", ""• Feasibility and development plan: Very similar to Project A; the main difference is the deferred witness network, which is a minor pro rather than a con."", ""• Revenue model and sustainability: Same reliance on subscription monetization without detailed pricing. The lack of the specific 90-day trial metric mentioned in Project A is a minor omission."", ""• Impact and evidence plan: Same forward-looking plan without existing traction."", ""• Risk awareness and mitigation: Same lack of explicit discussion on competition, adoption, and regulatory risks.""]}}"
"local","3","3","L3.3","2","L3.2","L3.3","plan_3","PROJECT A PROS:\n• Clarity of value proposition: Excellent clarity with a concise one-sentence summary that effectively communicates the core offering (privacy-first, verifiable fingerprints, tamper-proof ledger).\n• Market size and demand: Identifies a clear, growing problem (digital manipulation, skepticism) and targets a substantial market (brands, consumers, procurement teams) with regulatory and certification drivers.\n• Feasibility and development plan: Shows strong planning with a proposed foundational step (open-source registry of standards), a specific pilot use case (organic agriculture), and exploration of a verification widget and witness network, indicating a phased, testable approach.\n• Revenue model and sustainability: Clear subscription model targeting brands/suppliers, with a proposed 90-day free trial and defined success metrics (e.g., events fingerprinted) to inform pricing, suggesting a data-driven go-to-market strategy.\n• Differentiation: Strong focus on 'heirloom-quality' goods with enduring digital proof, plus the innovative idea of a machine-readable, open registry of ethical standards, creating semantic clarity beyond simple tamper-proof records.\n• Impact and evidence plan: The pilot plan (single standard, controlled environment) provides a clear path to generate initial evidence and validate the technology and workflows.\n• Risk awareness and mitigation: Implicitly addresses risks (data privacy via anonymized fingerprints, skepticism via public ledger, complexity via limited pilot) though not explicitly listed.\n\nPROJECT A CONS:\n• Market size and demand: While the problem is well-stated, the specific market size for ethical sourcing verification is not quantified, leaving some uncertainty about total addressable market.\n• Feasibility and development plan: The plan involves multiple complex components (registry, ledger, widget, witness network) which could pose integration and execution challenges.\n• Revenue model and sustainability: Relies on convincing brands/suppliers to pay for a subscription in a potentially crowded sustainability tech market; long-term sustainability depends on widespread adoption.\n• Differentiation: The core concept of blockchain/anchor-based provenance is not entirely novel; differentiation hinges on execution of the registry and focus on ethical standards.\n• Impact and evidence plan: The evidence plan is still exploratory ('plans to explore'); no concrete results or partnerships are mentioned to demonstrate initial traction.\n• Risk awareness and mitigation: No explicit discussion of risks (e.g., adoption barriers, competition, technology failure) or detailed mitigation strategies.\n\nPROJECT B PROS:\n• Clarity of value proposition: Identical to Project A, so equally excellent clarity.\n• Market size and demand: Identical to Project A, so equally strong problem identification and target market.\n• Feasibility and development plan: Identical to Project A in proposing the foundational registry, pilot use case, verification widget, and witness network, indicating the same phased approach.\n• Revenue model and sustainability: Similar subscription model with free trial and exploration of optional upgrades, but lacks the specific 90-day trial duration and success metrics mentioned in Project A, making it slightly less detailed.\n• Differentiation: Identical to Project A, focusing on heirloom-quality goods and the machine-readable registry.\n• Impact and evidence plan: Identical pilot plan, providing the same clear path for initial evidence.\n• Risk awareness and mitigation: Identical implicit risk addressing, with no explicit discussion.\n\nPROJECT B CONS:\n• All cons are identical to Project A, with one key exception: Revenue model and sustainability is slightly weaker due to the lack of specific trial duration and success metrics, making the go-to-market strategy appear less concrete.\n\nWINNER: Project A wins by a narrow margin. Both projects are virtually identical in description, suggesting they may be the same project with minor variations. However, Project A demonstrates marginally better planning and specificity in its revenue logic (90-day free trial with clear metrics to inform pricing), which indicates a more data-driven and measurable approach to initial customer onboarding and model validation. This small but meaningful detail in operational execution gives Project A a slight edge in feasibility and sustainability assessment."
"local","3","3","L3.3","4","L3.4","L3.4","plan_4","PROJECT A PROS:\n• Clarity of value proposition: Clear one-sentence summary and problem statement focused on verifiable provenance.\n• Market size and demand: Targets both brands and consumers in ethical sourcing, addressing regulatory and certification needs.\n• Feasibility and development plan: Proposes a limited pilot (e.g., 'organic' for a specific product) to validate technology, showing practical approach.\n• Revenue model and sustainability: Subscription model with 90-day free trial and clear success metrics (e.g., events fingerprinted) for pricing refinement.\n• Differentiation: Emphasizes 'heirloom-quality' goods with enduring digital proof and a machine-readable open registry of standards.\n• Impact and evidence plan: Plans for open-source verification widget and public registry of ethical claim definitions.\n• Risk awareness and mitigation: Privacy-first design avoids storing sensitive data, uses anonymized fingerprints.\n\nPROJECT A CONS:\n• Market size and demand: Relies on adoption by brands and suppliers without proven demand metrics.\n• Feasibility and development plan: Decentralized witness network and open-source widget are exploratory, adding complexity.\n• Revenue model and sustainability: Subscription model may face resistance if value isn't proven post-trial.\n• Impact and evidence plan: No specific partnerships mentioned to drive registry adoption.\n• Risk awareness and mitigation: No mention of regulatory or standardization risks in ethical claims.\n\nPROJECT B PROS:\n• Clarity of value proposition: Identical clear summary and problem statement as Project A.\n• Market size and demand: Same target users, but adds specific outreach to certification bodies (e.g., Fair Trade International).\n• Feasibility and development plan: Includes planned partnership with a sustainability certification body to co-define a standard, enhancing feasibility.\n• Revenue model and sustainability: Subscription model with free trial, though less detailed on metrics than Project A.\n• Differentiation: Same core differentiation as Project A, but partnership plan adds credibility.\n• Impact and evidence plan: Partnership exploration with certification bodies could accelerate registry adoption and impact.\n• Risk awareness and mitigation: Same privacy-first design as Project A.\n\nPROJECT B CONS:\n• Feasibility and development plan: Partnership is exploratory ('plans to explore'), not confirmed.\n• Revenue model and sustainability: Lacks the specific success metrics mentioned in Project A for trial evaluation.\n• Impact and evidence plan: Registry success depends on partnership outcomes, which are uncertain.\n• Risk awareness and mitigation: No additional risk mitigation beyond Project A.\n\nOverall, Project B wins due to its proactive approach to partnering with established certification bodies, which addresses a critical adoption hurdle (standardization) and enhances credibility, market access, and feasibility. While Project A has slightly more detailed revenue metrics, Project B's partnership plan offers a clearer path to impact and differentiation."
"local","3","3","L3.3","5","L3.5","L3.3","plan_3","{
  ""Project A"": {
    ""Pros"": [
      ""• Clarity of value proposition: Clearly articulates a privacy-first approach to verifiable provenance with specific focus on ethical sourcing events. The one-sentence summary is strong and memorable."",
      ""• Market size and demand: Identifies clear target users (brands, procurement teams, consumers) and addresses growing demand for trustworthy sustainability claims and regulatory compliance."",
      ""• Feasibility and development plan: Shows structured planning with foundational registry creation, pilot focused on single standard, and exploration of verification widget. The 90-day free trial with success metrics indicates thoughtful go-to-market planning."",
      ""• Revenue model and sustainability: Subscription model targeting brands/suppliers is logical, with clear mention of free trial period and metrics to inform pricing. Optional enterprise upgrades provide scalability potential."",
      ""• Differentiation: Strong focus on creating machine-readable, open registry of ethical standards as semantic framework. Combines heirloom-quality goods concept with digital verification for unique positioning."",
      ""• Impact and evidence plan: Pilot approach with controlled environment testing shows methodical validation plan. Public ledger and open-source components enhance transparency."",
      ""• Risk awareness and mitigation: Privacy-first design addresses data sensitivity concerns. Decentralized witness network exploration shows awareness of trust/centralization risks.""
    ],
    ""Cons"": [
      ""• Market size and demand: While target users are identified, quantification of market opportunity is absent."",
      ""• Feasibility and development plan: Technical complexity of creating standardized registry and decentralized witness network may be underestimated."",
      ""• Revenue model and sustainability: Subscription pricing details and customer acquisition costs are unspecified. Enterprise sales cycles could be lengthy."",
      ""• Differentiation: 'Heirloom-quality goods' concept seems somewhat disconnected from the digital platform focus."",
      ""• Impact and evidence plan: No specific pilot participation targets mentioned, making success measurement vague."",
      ""• Risk awareness and mitigation: No discussion of regulatory risks around sustainability claims or ledger technology adoption barriers.""
    ]
  },
  ""Project B"": {
    ""Pros"": [
      ""• Clarity of value proposition: Identical strong value proposition to Project A with clear privacy-first, tamper-proof approach."",
      ""• Market size and demand: Same well-identified target users and use cases as Project A, addressing genuine market need."",
      ""• Feasibility and development plan: Includes more specific pilot details with target of 3-5 local farms/cooperatives for coffee organic standard testing. This concrete testing plan enhances credibility."",
      ""• Revenue model and sustainability: Same logical subscription model as Project A with enterprise upgrade potential."",
      ""• Differentiation: Same strong differentiation around machine-readable registry and semantic framework for ethical standards."",
      ""• Impact and evidence plan: More concrete pilot implementation plan with participant targets shows stronger evidence-gathering approach."",
      ""• Risk awareness and mitigation: Same privacy-first design and decentralized witness network exploration as Project A.""
    ],
    ""Cons"": [
      ""• Market size and demand: Same lack of market quantification as Project A."",
      ""• Feasibility and development plan: Missing the structured 90-day trial with success metrics that Project A mentions, making go-to-market less defined."",
      ""• Revenue model and sustainability: Less detailed revenue model planning compared to Project A's metric-informed pricing approach."",
      ""• Differentiation: Same potential disconnect with 'heirloom-quality goods' concept."",
      ""• Impact and evidence plan: While pilot is more specific, overall evidence plan is less comprehensive than Project A's multi-component approach."",
      ""• Risk awareness and mitigation: Same lack of regulatory risk discussion as Project A.""
    ]
  },
  ""Comparison Summary"": ""Both projects share identical core concepts, value propositions, target markets, and differentiators. The key differences are in implementation planning: Project A shows more structured business planning with 90-day trial metrics and methodical pilot design, while Project B offers more concrete pilot participant targets. Project A demonstrates slightly stronger operational thinking with its metric-driven trial period and clearer success measurement approach, which is crucial for early-stage ventures. Project B's specific pilot targets are valuable but don't fully compensate for the less developed business planning aspects.""
}"
"local","3","4","L3.4","0","L2.1","L3.4","plan_4","Both projects are identical in their core description, but Project A contains additional specific details in its 'Solution / Product Overview' section that demonstrate more concrete planning and execution strategy. These additions include: 1) exploring a targeted outreach to a specific sustainability certification body (e.g., Fair Trade International, USDA Organic) for a pilot collaboration to co-define a standard in the registry, and 2) exploring the development of a simple, open-source verification widget for third-party website embedding. These details, while still exploratory ('plans to explore'), show a more granular approach to partnership development and product rollout. Since both projects share identical strengths and weaknesses across all other sections, these additional concrete steps in Project A tip the balance.\n\n**PROJECT A**\n**Pros:**\n• Clear value proposition: Privacy-first verifiable digital fingerprints for ethical sourcing events anchored to tamper-proof ledger.\n• Addresses significant market need: Growing demand for supply chain transparency and verification of sustainability claims among brands and consumers.\n• Strong differentiation: Focus on creating a machine-readable, open registry of ethical sourcing standards linked to verifiable fingerprints.\n• Good risk mitigation through privacy-first design (stores fingerprints, not sensitive data).\n• Concrete planning: Specific mention of exploring outreach to certification bodies (Fair Trade International, USDA Organic) for pilot collaboration and developing an open-source verification widget.\n\n**Cons:**\n• Market entry strategy relies heavily on partnership development with certification bodies, which can be slow and difficult.\n• Revenue model (subscription service to brands/suppliers) depends on achieving critical mass of adoption.\n• Technical feasibility of decentralized witness network and registry implementation is complex.\n• Pilot use case ('organic' for specific product) is mentioned but lacks concrete timeline or validation metrics.\n• No genuine evidence of traction, partnerships, or completed development beyond exploratory plans.\n\n**PROJECT B**\n**Pros:**\n• Identical clear value proposition as Project A.\n• Identical address of significant market need.\n• Identical strong differentiation through machine-readable registry of standards.\n• Identical good risk mitigation through privacy-first design.\n\n**Cons:**\n• Identical market entry challenges as Project A.\n• Identical revenue model dependencies.\n• Identical technical complexity concerns.\n• Identical lack of concrete pilot timeline/metrics.\n• Identical lack of genuine evidence of traction.\n• Lacks the specific partnership outreach and widget development exploration details present in Project A, making its execution plan slightly less concrete.\n\n**Overall Winner:** Project A wins due to its marginally more detailed and concrete planning around partnership development (specific certification body outreach) and product extension (open-source verification widget), which suggests slightly better strategic execution thinking despite both projects being otherwise identical."
"local","3","4","L3.4","1","L3.1","L3.4","plan_4","{'Project A': {'pros': ['• Clear value proposition: Privacy-first platform for verifiable ethical sourcing proof with specific use cases like corporate matching gift programs.', '• Strong differentiation: Combines heirloom-quality goods with enduring digital proof and proposes a machine-readable open registry of ethical standards.', '• Concrete development plan: Specific pilot use case (organic agricultural product) and targeted outreach to certification bodies (e.g., Fair Trade International, USDA Organic) for partnership.', ""• Good risk mitigation: Lightweight, privacy-first implementation that doesn't store sensitive data, focusing on digital fingerprints."", '• Clear revenue model: Subscription service for brands/suppliers with free trial period and potential enterprise upgrades.'], 'cons': ['• Market validation unclear: No evidence of existing demand or pilot results mentioned.', '• Feasibility concerns: Decentralized witness network and open-source verification widget add technical complexity without clear implementation timeline.', '• Revenue sustainability uncertain: Relies on brand/supplier adoption without clear pricing or customer acquisition strategy.', '• Impact evidence plan weak: No metrics or KPIs defined for measuring success of the pilot or platform adoption.']}, 'Project B': {'pros': ['• Clear value proposition: Identical to Project A with privacy-first approach for ethical sourcing verification.', '• More realistic development plan: Decentralized witness network is framed as a long-term research initiative after core validation, reducing immediate complexity.', '• Same strong differentiation: Machine-readable open registry of ethical standards and focus on verifiable provenance.', '• Same clear revenue model: Subscription service with free trial and enterprise upgrade options.', '• Better risk awareness: Acknowledges technical complexity by sequencing advanced features after core validation.'], 'cons': ['• Identical weaknesses to Project A: No market validation evidence, unclear demand quantification, weak impact measurement plan.', ""• Less specific partnership approach: Missing Project A's targeted outreach to specific certification bodies."", '• Same revenue sustainability concerns: Reliance on brand/supplier adoption without clear path to market penetration.', ""• No competitive analysis: Doesn't address existing solutions in ethical sourcing verification space.""]}}"
"local","3","4","L3.4","2","L3.2","L3.4","plan_4","Both projects share identical core descriptions of their technology, problem, target users, solution, delivery model, revenue logic, and distinctiveness. However, Project A provides more detailed and concrete plans for execution and validation, particularly in the 'Solution / Product Overview' section. Key differences that affect the evaluation:

**PROJECT A PROS:**
• **Clarity & Feasibility:** More specific development plan, including a targeted outreach to a single sustainability certification body (e.g., Fair Trade International, USDA Organic) for a pilot partnership to co-define a standard. This demonstrates a clearer path to initial validation and industry buy-in.
• **Impact & Evidence Plan:** The plan for a pilot collaboration with a specific certification body is a concrete step toward generating real-world evidence and establishing credibility.
• **Risk Mitigation:** The explicit mention of exploring a partnership with an established body shows awareness of the adoption risk and a planned mitigation strategy through collaboration.

**PROJECT A CONS:**
• Still highly conceptual; most advantages over Project B are in the specificity of planning, not in demonstrated execution.

**PROJECT B PROS:**
• Identical strong core value proposition: privacy-first, verifiable digital fingerprints for ethical sourcing anchored to a tamper-proof ledger.
• Same clear target users (procurement teams in consumer goods companies) and viable subscription revenue model.

**PROJECT B CONS:**
• **Feasibility & Development Plan:** Less specific than Project A. While it mentions exploring a pilot use case (e.g., 'organic' for a specific product), it lacks the concrete step of targeting a specific certification body for partnership, making its path to validation vaguer.
• **Impact & Evidence Plan:** The plan for testing is less detailed, lacking the strategic partnership element that could accelerate adoption and standard-setting.
• **Risk Awareness:** Appears less cognizant of the critical need to engage with existing certification ecosystems to mitigate the risk of being an isolated, unused standard.

Given the criteria, Project A wins because its slightly more detailed and concrete plans in the 'Solution / Product Overview'—specifically the planned outreach to a certification body for a pilot collaboration—demonstrate superior thoughtfulness in feasibility, evidence generation, and risk mitigation. In early-stage ventures, the clarity and specificity of the path to validation are critical differentiators."
"local","3","4","L3.4","3","L3.3","L3.3","plan_3","PROJECT A: Pros: • Strong clarity of value proposition with specific examples of ethical sourcing events • Good market size targeting both brands and consumers with clear regulatory drivers • Detailed development plan with specific pilot focus on 'organic' agricultural products • Clear revenue model with subscription service and enterprise upgrades • Strong differentiation through machine-readable open registry and semantic framework • Good impact plan with specific outreach to certification bodies like Fair Trade International • Some risk awareness shown through privacy-first design and controlled pilot environment Cons: • Market demand validation not explicitly addressed • Technical feasibility of decentralized witness network not detailed • Sustainability of revenue model depends on adoption by brands/suppliers • Evidence plan lacks specific metrics for pilot success • Risk mitigation strategies are somewhat vague PROJECT B: Pros: • Identical strong clarity of value proposition as Project A • Same solid market size and target users • Similar detailed development plan with organic product pilot • More specific revenue model with 90-day free trial and success metrics • Same strong differentiation through machine-readable registry • Good impact plan with controlled pilot environment • Better evidence plan with specific metrics for trial period (sourcing events fingerprinted) Cons: • Same lack of market demand validation • Same technical feasibility concerns • Revenue sustainability similarly dependent on adoption • Lacks Project A's specific partnership outreach to certification bodies • Risk mitigation still somewhat vague WINNER: Project B wins by a narrow margin. While both projects are nearly identical in most respects, Project B demonstrates slightly stronger operational discipline by specifying a 90-day free trial period with clear success metrics (number of sourcing events fingerprinted). This shows more concrete planning for evidence collection and revenue model validation. Project A has the advantage of mentioning specific outreach to certification bodies, but Project B's quantifiable trial metrics provide a more actionable path to validating demand and refining the business model. Both projects share the same strengths in clarity, differentiation, and technical approach, but Project B's more specific evidence-gathering plan gives it a slight edge in feasibility and sustainability assessment."
"local","3","4","L3.4","5","L3.5","L3.5","plan_5","{'Project A': {'pros': ['• Strong clarity of value proposition: clearly explains privacy-first approach with verifiable digital fingerprints anchored to tamper-proof ledger', '• Good market size identification: targets both brands and consumers in ethical sourcing space with regulatory drivers', '• Thoughtful development plan: proposes pilot with single certification body partnership and controlled environment testing', '• Clear revenue model: subscription service with free trials and enterprise upgrades', '• Strong differentiation: combines heirloom-quality goods with digital proof and proposes machine-readable registry of ethical standards', '• Good impact plan: proposes foundational registry of standard definitions and verification widget for third-party sites', '• Shows risk awareness: acknowledges need for controlled pilot and partnership development'], 'cons': ['• Market demand evidence is theoretical rather than demonstrated', ""• Feasibility depends heavily on partnership with certification bodies which isn't guaranteed"", '• Revenue sustainability unclear without customer acquisition cost analysis or market validation', ""• Differentiation claim about 'heirloom-quality goods' seems disconnected from the digital platform described"", '• Impact plan lacks specific metrics or timeline for the pilot', '• Risk mitigation strategies are exploratory rather than concrete']}, 'Project B': {'pros': ['• Excellent clarity of value proposition: identical to Project A but with more concrete implementation details', '• Same strong market identification as Project A', '• Superior feasibility and development plan: specifies pilot with 3-5 local farms/cooperatives for coffee organic certification', '• Clear and identical revenue model to Project A', '• Same strong differentiation as Project A', '• Better impact and evidence plan: concrete pilot scope with specific participant targets', '• Shows practical risk awareness through limited, focused pilot approach'], 'cons': ['• Same theoretical market demand evidence as Project A', '• Revenue model identical to Project A with same sustainability concerns', ""• Same disconnect between 'heirloom-quality goods' claim and digital platform"", '• Still lacks quantified evidence of market need or willingness to pay', '• Risk mitigation through pilot is good but limited in scale', '• No mention of how to scale beyond initial pilot participants']}}"
"local","3","5","L3.5","0","L2.1","L3.5","plan_5","{""Project A"": {""Pros"": [""• Clear, specific value proposition: focuses on verifiable digital fingerprints for ethical sourcing with privacy protection."", ""• Strong differentiation: emphasizes creating a permanent, independently verifiable record and proposes a foundational registry of ethical sourcing definitions."", ""• Concrete development plan: includes a specific pilot use case (organic coffee with 3-5 farms/cooperatives) and details like a verification widget and witness network."", ""• Clear revenue model: subscription service for brands/suppliers with free trials and optional enterprise upgrades."", ""• Good risk awareness: acknowledges need for testing and controlled pilot, though explicit mitigation strategies are limited.""], ""Cons"": [""• Market size not quantified: while demand is implied from sustainability trends, no specific market data or growth projections are provided."", ""• Evidence plan is exploratory: uses phrases like 'plans to explore' and 'propose the creation of', indicating early stage with unproven assumptions."", ""• Feasibility hinges on adoption: success depends on convincing brands, suppliers, and possibly regulators to adopt the registry and verification system."", ""• Sustainability relies on subscription uptake: revenue model depends on converting trial users to paying subscribers in a competitive space.""]}, ""Project B"": {""Pros"": [""• Clear value proposition: identical to Project A's core offering of privacy-first verifiable provenance."", ""• Similar differentiation: also emphasizes the permanent record and open registry of ethical standards."", ""• Similar revenue model: subscription-based with free trials and enterprise options."", ""• Privacy-focused delivery model: lightweight, anonymized fingerprints protect sensitive data.""], ""Cons"": [""• Less specific development plan: pilot use case is vaguer ('specific agricultural product' vs. A's 'organic coffee'), lacking target participant numbers."", ""• Less concrete evidence plan: more exploratory language overall, with fewer specific steps for testing and validation."", ""• Same unquantified market size: no data on addressable market or demand metrics."", ""• Same adoption risk: relies on industry buy-in without clear path to overcome network effects or existing solutions."", ""• Nearly identical to Project A but with less operational detail, making it harder to assess feasibility and execution capability.""]}}"
"local","3","5","L3.5","1","L3.1","L3.1","plan_1","Project A and B are nearly identical in concept, value proposition, and structure. Both propose a privacy-first platform for verifiable digital fingerprints of ethical sourcing events anchored to a tamper-proof ledger. The key differences lie in subtle but important variations in their solution/development plans and risk awareness.

**PROJECT A**
Pros:
• Clear value proposition: Provides indisputable proof of provenance while protecting sensitive data.
• Addresses a substantial market need: Growing demand for ethical sourcing verification from brands and consumers.
• Detailed development plan: Proposes a specific pilot with 3-5 local farms/cooperatives focusing on a single standard (e.g., organic coffee).
• Sustainable revenue model: Subscription service for brands/suppliers with potential enterprise upgrades.
• Strong differentiation: Combines heirloom-quality goods with digital proof and proposes a machine-readable registry of ethical standards.
• Good evidence plan: Specific pilot with measurable scope (single standard, specific product, target participants).
• Shows some risk awareness: Privacy-first design protects sensitive data.

Cons:
• Market entry strategy is ambitious: Targeting both brands and consumers simultaneously may dilute focus.
• Revenue model depends heavily on enterprise adoption which can be slow.
• Technical complexity is high: Building decentralized witness network and open-source registry simultaneously.
• Pilot scope is still somewhat vague regarding actual implementation partners.
• Limited discussion of competitive landscape or regulatory risks.

**PROJECT B**
Pros:
• Identical strong value proposition and market opportunity as Project A.
• More realistic development timeline: Positions decentralized witness network as ""long-term research initiative after core ledger functionality is validated.""
• Same sustainable revenue model with subscription approach.
• Same strong differentiation through heirloom-quality goods and machine-readable registry.
• Good evidence plan through controlled pilot environment.
• Shows better risk awareness: Phased approach to complex features reduces technical and execution risk.

Cons:
• Less specific pilot plan: Mentions ""specific agricultural product"" but lacks Project A's specificity about coffee and target participant numbers.
• Same market entry challenges as Project A.
• Same revenue model dependency on enterprise adoption.
• Still lacks detailed discussion of competitive threats.
• Both projects share the fundamental challenge of needing critical mass adoption to create network effects.

**Comparison**: Both projects are fundamentally the same concept. The critical difference is in execution planning and risk management. Project B demonstrates superior risk awareness by explicitly phasing the decentralized witness network as a post-validation research initiative rather than integrating it into the core development plan. This shows more mature technical risk assessment and prioritization. While Project A offers slightly more specificity in its pilot plan (mentioning coffee and 3-5 participants), Project B's more realistic feature roadmap and clearer risk mitigation through phased development gives it a slight edge in feasibility assessment.

**Winner**: Project B wins due to its more realistic development approach and better implicit risk management, despite Project A's slightly more detailed pilot description. In venture evaluation, realistic execution planning often outweighs unspecific ambition."
"local","3","5","L3.5","2","L3.2","L3.2","plan_2","PROJECT A:
Pros:
• Clear value proposition: Privacy-first platform for verifiable ethical sourcing proof with specific use cases like corporate matching gift programs.
• Good market size: Addresses growing demand for supply chain transparency from brands and consumers.
• Practical development plan: Specific pilot with 3-5 local farms/cooperatives focusing on single standard (organic coffee) provides testable roadmap.
• Sustainable revenue model: Subscription service for brands/suppliers with free trials and enterprise upgrades.
• Strong differentiation: Combines heirloom-quality goods with digital proof and proposes machine-readable registry of ethical standards.
• Good impact plan: Public open-source registry of standards and verification widget for third-party websites.
• Some risk awareness: Privacy-first design protects sensitive data, but limited discussion of operational risks.

Cons:
• Overly ambitious scope: Combining physical goods with digital verification adds complexity.
• Vague technical details: 'Decentralized witness network' and 'semantic framework' lack implementation specifics.
• Market adoption risk: Requires simultaneous buy-in from brands, suppliers, and consumers.
• Revenue dependency: Relies on subscription uptake in competitive sustainability software market.

PROJECT B:
Pros:
• Identical clear value proposition to Project A.
• Same strong market opportunity.
• More focused development: Pilot focuses on 'specific agricultural product' without specifying coffee or exact farm count, allowing flexibility.
• Same sustainable revenue model.
• Same strong differentiation points.
• Same impact plan components.
• Same risk mitigation through privacy-first design.

Cons:
• Less specific pilot plan: 'Specific agricultural product' is vaguer than Project A's 'organic coffee' with 3-5 farms.
• Same technical vagueness issues.
• Same market adoption risks.
• Same revenue dependency concerns.

Comparison: Both projects are nearly identical in description, suggesting they may be variants of the same proposal. The key difference is Project A's slightly more concrete pilot specification (organic coffee with 3-5 farms), while Project B keeps the pilot more generic. However, Project A's mention of 'heirloom-quality goods' creates confusion about whether it's a physical product company or a software platform, potentially diluting focus. Project B maintains clearer platform focus. Neither provides genuine evidence of traction, partnerships, or completed development beyond planned exploration."
"local","3","5","L3.5","3","L3.3","L3.5","plan_5","PROJECT A: Pros: • Clear, specific value proposition combining privacy with verifiable provenance. • Well-defined initial target user group (procurement teams in consumer goods companies). • Concrete development plan with specific pilot scope (3-5 local coffee farms testing organic standard). • Logical revenue model with subscription service. • Strong differentiation through machine-readable registry of ethical standards and heirloom-quality positioning. • Includes impact plan through open-source verification widget and registry. • Shows risk awareness through privacy-first design and controlled pilot. Cons: • Market size quantification missing. • Technical feasibility details of decentralized witness network not elaborated. • Revenue sustainability beyond subscriptions unclear. • No specific metrics for pilot success measurement. PROJECT B: Pros: • Identical strong value proposition to Project A. • Same well-defined target user group. • Includes specific metric-driven approach to trial period (90-day free trial with measurement of fingerprinting events). • Same strong differentiation points. • Same privacy-first delivery model. • Shows slightly better operational planning with trial metrics. Cons: • Less specific pilot plan (only mentions 'specific agricultural product' without target participant numbers). • Same missing market size quantification. • Same technical feasibility gaps. • Same revenue sustainability concerns. Both projects share identical core descriptions across most sections, with minor variations in the Solution/Product Overview and Revenue Logic sections. Project A demonstrates superior specificity in its pilot execution plan (3-5 local farms/cooperatives for coffee organic standard), while Project B shows slightly better operational rigor in its trial measurement approach. The concrete pilot details in Project A provide stronger evidence of execution capability and testable validation, giving it a slight edge in feasibility assessment."
"local","3","5","L3.5","4","L3.4","L3.5","plan_5","{""Project A"": {""pros"": [""• Clear value proposition: Privacy-first digital fingerprinting for ethical sourcing with verifiable provenance. Addresses credibility gap in sustainability claims."", ""• Strong differentiation: Combines heirloom-quality goods with digital proof. Proposes foundational registry of ethical standards definitions for semantic clarity and auditability."", ""• Concrete development plan: Specific pilot use case with 3-5 local farms/cooperatives focusing on organic coffee. Provides clear test scope."", ""• Evidence plan: Pilot with tangible participants validates core technology and workflows in real-world context."", ""• Revenue model clarity: Subscription service for brands/suppliers with free trial period and potential enterprise upgrades.""], ""cons"": [""• Market validation risk: While target users are identified (procurement teams), no specific outreach strategy or partnership mentioned to validate demand."", ""• Implementation feasibility: Building decentralized witness network and open-source verification widget adds technical complexity."", ""• Revenue sustainability: Relies heavily on brand/supplier adoption; may face chicken-and-egg problem in early stages."", ""• Risk mitigation limited: No explicit discussion of technical, regulatory, or adoption risks beyond general design principles."", ""• Scalability concerns: Focus on heirloom-quality goods may limit addressable market compared to broader ethical sourcing applications.""]}, ""Project B"": {""pros"": [""• Clear value proposition: Identical strong core proposition as Project A with privacy-first digital fingerprinting for ethical sourcing."", ""• Strategic partnership focus: Plans outreach to specific certification body (e.g., Fair Trade International, USDA Organic) for co-defining standards. This provides validation pathway."", ""• Strong differentiation: Same semantic registry approach as Project A with machine-readable ethical standards definitions."", ""• Pragmatic pilot approach: Focused pilot on single ethical standard (organic) in controlled environment to validate technology."", ""• Revenue model identical to Project A: Subscription-based with clear enterprise upgrade path.""], ""cons"": [""• Less specific pilot implementation: No mention of concrete participant targets (like 3-5 farms) compared to Project A."", ""• Same feasibility challenges: Decentralized witness network and verification widget development remain complex."", ""• Identical revenue sustainability risks: Chicken-and-egg adoption problem persists."", ""• Risk awareness still limited: No detailed risk mitigation strategies provided."", ""• Market entry dependency: Success heavily relies on partnership with certification body, creating single point of failure.""]}}"
"local","4","0","L3.3","1","L4.1","L4.1","plan_1","{'Project A': {'pros': ['• Clarity of value proposition: Strong, focused on ethical sourcing with clear privacy-first approach and verifiable digital fingerprints.', '• Market size and demand: Targets growing demand for ethical sourcing verification from both brands and consumers, with specific focus on procurement teams in sustainability programs.', ""• Feasibility and development plan: Well-structured with planned pilot on 'organic' agricultural products - a concrete, testable use case with established standards."", '• Revenue model and sustainability: Clear subscription model with 90-day trial period and metrics-driven approach to pricing.', '• Differentiation: Strong focus on heirloom-quality goods with enduring digital proof, plus innovative open registry of ethical standards definitions.', '• Impact and evidence plan: Specific pilot plan provides clear path to demonstrate value and validate technology.', '• Risk awareness and mitigation: Shows awareness of privacy concerns through anonymized fingerprints and minimal data storage.'], 'cons': ['• Market size and demand: Organic certification market may be crowded with existing verification systems, potentially limiting differentiation.', '• Feasibility and development plan: Requires building both technical infrastructure AND semantic registry - significant dual development burden.', '• Revenue model and sustainability: Subscription model may face resistance from suppliers already paying for existing certification programs.', ""• Differentiation: 'Heirloom-quality goods' focus seems disconnected from the B2B verification platform described elsewhere."", '• Risk awareness and mitigation: No mention of regulatory compliance risks for agricultural claims or competition from established certifiers.', '• Impact and evidence plan: Pilot scope limited to single product/standard, may not demonstrate scalability across supply chain types.']}, 'Project B': {'pros': ['• Clarity of value proposition: Identical to Project A - clear privacy-first approach with verifiable digital fingerprints for provenance.', '• Market size and demand: Targets same growing market but with pilot focused on recycled plastics - addressing pressing environmental concern with regulatory tailwinds (plastic bans, circular economy mandates).', '• Feasibility and development plan: Pilot on recycled PET packaging is timely, measurable, and addresses a market with fewer established digital verification solutions than organic food.', '• Revenue model and sustainability: Same clear subscription model with trial period as Project A.', '• Differentiation: Same strong differentiation through open registry and permanent verification records.', '• Impact and evidence plan: Recycled content verification pilot addresses high-visibility sustainability issue with potential for regulatory compliance use cases.', '• Risk awareness and mitigation: Shows same privacy awareness, plus chosen pilot area (recycled plastics) has growing regulatory support reducing adoption risk.'], 'cons': ['• Feasibility and development plan: Recycled content verification faces technical challenges in tracking material flows through complex recycling chains.', '• Market size and demand: While growing, recycled plastics verification market may be smaller initially than broader ethical sourcing market.', '• Revenue model and sustainability: Same subscription model challenges as Project A, with added complexity of verifying physical material transformations.', ""• Differentiation: Same potential disconnect between 'heirloom-quality goods' messaging and B2B verification platform."", ""• Risk awareness and mitigation: No mention of how to handle the 'mass balance' accounting problem common in recycled content claims."", '• Impact and evidence plan: Pilot may be technically more challenging than organic verification due to need to track material transformation.']}, 'comparative_assessment': ""Both projects share identical core descriptions across most sections, with the ONLY substantive difference being their chosen pilot use cases: Project A focuses on 'organic' agricultural products, while Project B focuses on 'recycled PET' packaging. This single difference drives the evaluation. Project B's recycled plastics pilot addresses a more urgent, less digitally-served market with stronger regulatory tailwinds. The organic certification space is already crowded with established players, while digital verification of recycled content is a growing need with fewer solutions. Project B's pilot also aligns better with current environmental priorities and corporate ESG reporting demands. Both projects share the same strengths in clarity, revenue model, and differentiation, but Project B's market entry strategy appears more strategically positioned for impact and growth.""}"
"local","4","0","L3.3","2","L4.2","tie","tie","Exact same normalized text; skipped LLM call."
"local","4","0","L3.3","3","L4.3","L4.3","plan_3","PROJECT A PROS:\n• Clarity of value proposition: Strong, concise one-sentence summary clearly states the privacy-first approach, verifiable digital fingerprints, and tamper-proof ledger for provenance proof.\n• Market size and demand: Identifies a clear problem in digital authenticity and ethical sourcing verification, with specific mention of corporate matching gift programs as a related challenge. Targets brands, suppliers, and consumers.\n• Feasibility and development plan: Outlines a stepwise approach: building the fingerprinting tool, exploring a witness network, developing a verification widget, creating a foundational registry of ethical claim definitions, and running a limited pilot (e.g., 'organic' for a specific product). Shows logical progression.\n• Revenue model and sustainability: Proposes a subscription service for brands/suppliers with a 90-day free trial and metrics-driven pricing adjustment. Mentions optional enterprise upgrades. Model is clear and B2B-focused.\n• Differentiation: Strong emphasis on 'heirloom-quality goods' combined with digital proof, and the creation of a machine-readable, open registry of ethical standards for semantic clarity and auditability. This goes beyond simple ledger recording.\n• Impact and evidence plan: Plan to create an open-source registry of standard definitions and run a controlled pilot provides a clear path to generate initial evidence and test workflows.\n• Risk awareness and mitigation: Implicitly addresses privacy risks by not storing sensitive raw data, only fingerprints. The pilot approach mitigates scaling risk.\n\nPROJECT A CONS:\n• Market size and demand: While the problem is described, the specific market size for ethical sourcing verification is not quantified.\n• Feasibility and development plan: Relies heavily on 'plans to explore' (witness network, widget, registry). The foundational registry creation is a significant undertaking requiring industry buy-in.\n• Revenue model and sustainability: Subscription model success depends on rapid adoption by brands/suppliers; the value proposition for paying may need stronger validation post-trial.\n• Impact and evidence plan: The evidence plan is primarily forward-looking (planned pilot). No mention of existing partnerships or traction.\n• Risk awareness and mitigation: Does not explicitly discuss risks like low industry adoption of the standard registry, competition, or technological challenges with the ledger.\n\nPROJECT B PROS:\n• Clarity of value proposition: Identical strong one-sentence summary to Project A.\n• Market size and demand: Identical problem statement and target user identification to Project A.\n• Feasibility and development plan: Contains all the same logical steps as Project A (tool, witness network, widget, registry, pilot).\n• Revenue model and sustainability: Identical revenue logic to Project A.\n• Differentiation: Identical differentiation points to Project A, including the heirloom-quality angle and the machine-readable open registry.\n• Impact and evidence plan: Includes a CRITICAL ADDITION not in Project A: a 'targeted outreach plan to a specific sustainability certification body (e.g., Fair Trade International, GOTS) to explore a potential partnership for integrating the registry.' This is a concrete, proactive step to establish credibility, utility, and industry alignment for the foundational registry.\n• Risk awareness and mitigation: Similar implicit privacy mitigation. The partnership outreach plan specifically mitigates the risk of the registry being an isolated, unused standard.\n\nPROJECT B CONS:\n• Shares all the same cons as Project A regarding unquantified market size, reliance on exploratory plans, subscription model risks, and lack of existing traction.\n• The partnership outreach is framed as 'to explore a potential partnership,' so it is not a secured commitment, but it is a more advanced plan than Project A's.\n\nWINNER RATIONALE: Project B is the winner. The projects are virtually identical across all seven criteria, with one decisive difference in Criterion 6 (Impact and evidence plan). Project B's specific plan for 'targeted outreach' to a major certification body (e.g., Fair Trade International) to explore integrating its foundational registry represents a more sophisticated and credible go-to-market strategy. This action directly addresses the critical adoption risk for its core differentiator (the standard registry) and shows a clearer understanding of the ecosystem and a plan to build evidence through partnership, however preliminary. In the absence of other differentiating genuine source facts, this single, concrete strategic element gives Project B a slight but meaningful edge in feasibility, impact potential, and risk mitigation."
"local","4","0","L3.3","4","L4.4","L4.4","plan_4","{
  ""Project A"": {
    ""Pros"": [
      ""• Clear value proposition: Privacy-first verifiable digital fingerprints for ethical sourcing events anchored to tamper-proof ledger addresses authenticity problem directly."",
      ""• Strong market demand: Targets growing need for supply chain transparency from brands (procurement teams) and consumers seeking ethical goods."",
      ""• Thoughtful development plan: Includes foundational registry of ethical sourcing definitions, pilot use case for validation, and exploration of decentralized witness network."",
      ""• Sustainable revenue model: Subscription service for brands/suppliers with free trial period and clear success metrics."",
      ""• Strong differentiation: Combines heirloom-quality goods with enduring digital proof and proposes machine-readable open registry of standards."",
      ""• Good impact plan: Verification widget for third-party websites enables independent verification by consumers."",
      ""• Some risk mitigation: Privacy-first design protects sensitive data, pilot approach allows controlled testing.""
    ],
    ""Cons"": [
      ""• Overly ambitious scope: Attempts to address both ethical sourcing AND charitable donations/matching gifts simultaneously."",
      ""• Technical complexity: Building decentralized witness network and open-source registry adds significant development burden."",
      ""• Market adoption risk: Requires buy-in from multiple stakeholders (brands, suppliers, consumers) to create network effects."",
      ""• Revenue model validation: Subscription pricing and willingness-to-pay untested despite planned metrics."",
      ""• Limited evidence of execution: Most elements are 'planned' or 'proposed' without concrete validation.""
    ]
  },
  ""Project B"": {
    ""Pros"": [
      ""• Clear value proposition: Identical to Project A - addresses same core problem effectively."",
      ""• Strong market demand: Same target markets with clear initial focus on procurement teams."",
      ""• More focused development: Specific prototype plan for nonprofit blog widget with detailed user steps shows clearer execution path."",
      ""• Identical sustainable revenue model: Subscription-based with trial period and metrics."",
      ""• Strong differentiation: Same combination of physical goods with digital proof and machine-readable registry."",
      ""• Better evidence plan: Concrete widget prototype with specific user interaction steps demonstrates clearer validation approach."",
      ""• Same risk mitigation: Privacy-first design and pilot approach.""
    ],
    ""Cons"": [
      ""• Same scope ambiguity: Still attempts to cover both ethical sourcing and charitable donations."",
      ""• Technical complexity: Similar challenges with ledger implementation and registry development."",
      ""• Market adoption risk: Same multi-stakeholder challenge."",
      ""• Revenue validation: Same untested subscription model."",
      ""• Slightly less ambitious on differentiation: Mentions but doesn't emphasize the semantic clarity aspect as strongly.""
    ]
  }
}"
"local","4","0","L3.3","5","L4.5","L4.5","plan_5","{""Project A"": {""Pros"": [""• Clarity of value proposition: The one-sentence summary is strong and clearly articulates a privacy-first, verifiable provenance solution for ethical sourcing."", ""• Market size and demand: Identifies a clear problem in digital authenticity and ethical sourcing verification, with specific initial target users (procurement teams in sustainability programs) indicating a tangible demand."", ""• Feasibility and development plan: Outlines a stepwise approach including a foundational registry, a pilot focused on a single standard (e.g., organic), and exploration of a verification widget and witness network, showing a logical path to validate the technology."", ""• Differentiation: Proposes a unique combination of heirloom-quality goods with digital proof and a machine-readable, open registry of ethical standards, aiming to add semantic clarity beyond simple tamper-proof records."", ""• Impact and evidence plan: The plan for a controlled pilot to test the fingerprinting and verification process end-to-end is a credible approach to generating initial evidence."", ""• Risk awareness and mitigation: Implicitly addresses data privacy risks through its privacy-first design (no storage of sensitive raw data) and explores trust enhancement via a decentralized witness network.""], ""Cons"": [""• Revenue model and sustainability: The revenue model is described but lacks specificity on pricing tiers or scalability details, relying on a free trial and metrics to inform future design, which is less concrete."", ""• Market size and demand: While the problem is clear, the description is somewhat broad, and the pivot from charitable/donation use cases to ethical sourcing could indicate a focus that needs sharper validation."", ""• Feasibility and development plan: Many elements are framed as 'plans to explore' or 'propose,' indicating early-stage conceptualization rather than committed execution.""]}, ""Project B"": {""Pros"": [""• Clarity of value proposition: Identical to Project A's strong, clear summary."", ""• Market size and demand: Same as Project A, with a well-defined initial user group and problem statement."", ""• Feasibility and development plan: Same as Project A, with a logical, stepwise development plan including a pilot and foundational registry."", ""• Revenue model and sustainability: Provides a more detailed and scalable revenue logic with a clear, tiered subscription structure (Basic, Pro, Enterprise), including hypothetical feature differentiators, which enhances credibility and shows clearer thinking on monetization and growth."", ""• Differentiation: Same as Project A, with the unique focus on verifiable provenance and an open registry of standards."", ""• Impact and evidence plan: Same as Project A, with a planned pilot for evidence generation."", ""• Risk awareness and mitigation: Same privacy-first design and exploration of trust enhancements as Project A.""], ""Cons"": [""• Feasibility and development plan: Like Project A, many components are still in the exploration or proposal phase, indicating early-stage risk."", ""• Market size and demand: Shares the same potential issue of a broad focus spanning donations and sourcing, though the initial target user group helps.""]}}"
"local","4","1","L4.1","0","L3.3","L4.1","plan_1","PROJECT A PROS: • Clear value proposition: Privacy-first digital fingerprinting for ethical sourcing with specific pilot focus on recycled PET plastic packaging. • Good market targeting: Identifies procurement teams in consumer goods companies as specific initial users. • Practical development plan: Proposes controlled pilot with recycled PET to validate technology in real supply chain context. • Logical revenue model: Subscription service with 90-day free trial and clear success metrics. • Strong differentiation: Combines heirloom-quality goods with digital provenance and proposes machine-readable registry of ethical standards. • Specific impact plan: Pilot with recycled PET provides concrete test case for evidence generation. • Risk awareness: Acknowledges need for controlled environment testing. PROJECT A CONS: • Market size not quantified. • Technical feasibility of decentralized witness network described as 'planned to explore' rather than concrete. • Revenue sustainability depends on adoption by brands/suppliers without clear pricing strategy. • Differentiation claims about 'heirloom-quality goods' seem disconnected from the digital platform described. PROJECT B PROS: • Identical strong value proposition to Project A. • Same clear target user identification. • Similar privacy-first delivery model. • Same logical revenue approach. • Identical differentiation strategy. PROJECT B CONS: • Less specific pilot: Focuses on 'organic' for agricultural products which is broader and more complex than Project A's recycled PET focus. • All development described as 'planned to explore' rather than concrete. • Same market size quantification issue. • Same revenue sustainability concerns. • Same disconnect between 'heirloom-quality goods' and digital platform. KEY DIFFERENCE: Project A demonstrates superior specificity in its feasibility plan with the recycled PET packaging pilot, which is more focused, measurable, and addresses a pressing sustainability issue with clearer boundaries than Project B's organic agriculture pilot. This gives Project A better evidence generation potential and more controlled risk management."
"local","4","1","L4.1","2","L4.2","L4.1","plan_1","Both projects are nearly identical in their core descriptions, but subtle differences in their pilot use cases and some phrasing create distinct profiles. Here is the comparative analysis:

**PROJECT A**

Pros:
• **Clarity of value proposition:** Strong, with a clear focus on verifiable provenance for ethical sourcing. The one-sentence summary is precise.
• **Market size and demand:** Targets procurement teams in consumer goods companies, a well-defined B2B segment with regulatory and certification needs, suggesting clear demand drivers.
• **Feasibility and development plan:** Outlines a specific, limited pilot for recycled PET plastic packaging. This is a concrete, technical use case that tests the technology in a real-world supply chain context, showing practical planning.
• **Revenue model and sustainability:** Subscription model targeting brands/suppliers is logical for a B2B service. The 90-day free trial with success metrics indicates a data-driven approach to pricing.
• **Differentiation:** Highlights the combination of 'heirloom-quality goods' with digital proof (though this seems slightly at odds with a pure platform model) and the machine-readable, open registry of standards, which is a sophisticated differentiator.
• **Impact and evidence plan:** The pilot on recycled PET provides a clear path to generating initial evidence and validating workflows.
• **Risk awareness and mitigation:** The privacy-first design and lightweight implementation show awareness of data security and infrastructure risks.

Cons:
• **Clarity of value proposition:** Slightly muddled by mentioning 'heirloom-quality goods,' which implies a physical product, conflicting with the described platform/service model.
• **Feasibility and development plan:** The decentralized witness network and open-source widget are described as exploratory ('plans to explore'), indicating early-stage uncertainty.
• **Revenue model and sustainability:** Relies on convincing brands to pay for a subscription in a potentially crowded ESG tech market. No pricing details or customer acquisition cost analysis is provided.
• **Differentiation:** The 'heirloom-quality goods' claim is confusing and not well-supported by the rest of the description, potentially diluting the core tech message.
• **Risk awareness and mitigation:** While technical risks are addressed, market adoption risks (e.g., convincing suppliers to undergo verification) are not deeply explored.

**PROJECT B**

Pros:
• **Clarity of value proposition:** Identical to Project A's strong core proposition.
• **Market size and demand:** Identical to Project A, targeting the same valid B2B segment.
• **Feasibility and development plan:** Proposes a pilot focusing on 'organic' for a specific agricultural product. This is also a concrete, high-profile use case with established standards and consumer interest.
• **Revenue model and sustainability:** Identical to Project A's logical subscription model and trial plan.
• **Differentiation:** Identical to Project A's strong points regarding the verifiable record and machine-readable registry.
• **Impact and evidence plan:** The organic agriculture pilot is a classic, high-visibility test case for ethical sourcing, likely to attract attention.
• **Risk awareness and mitigation:** Identical privacy-first and lightweight implementation approach.

Cons:
• **Feasibility and development plan:** The organic agriculture pilot may involve more complex supply chains and stakeholder relationships (farmers, certifiers) compared to recycled plastic, potentially making initial validation more challenging.
• **Revenue model and sustainability:** Shares the same cons as Project A regarding market adoption and lack of pricing specifics.
• **Risk awareness and mitigation:** Shares the same cons as Project A, with no additional insight into market risks.
• **Impact and evidence plan:** Slightly less specific than Project A's pilot (recycled PET is a very specific material stream).

**Overall Winner: Project A**

Project A wins by a narrow margin due to a slightly more feasible and focused initial pilot plan. The recycled PET packaging use case is highly relevant, often subject to regulatory scrutiny (e.g., recycled content mandates), and may involve a more controlled, industrial supply chain for a first test. This suggests a more pragmatic path to generating early evidence and refining the technology. While both projects share nearly all strengths and weaknesses, Project A's choice of pilot demonstrates a marginally sharper execution strategy, which is critical for early-stage ventures."
"local","4","1","L4.1","3","L4.3","L4.3","plan_3","{'Project A': {'pros': ['• Clarity of value proposition: Strong, focused on verifiable digital fingerprints for ethical sourcing with clear privacy-first approach.', '• Market size and demand: Addresses growing need for supply chain transparency in consumer goods and sustainability reporting.', '• Feasibility and development plan: Concrete pilot plan focusing on recycled PET packaging provides a clear, testable use case.', '• Revenue model and sustainability: Subscription model with free trial and clear success metrics (events fingerprinted) shows thoughtful go-to-market strategy.', '• Differentiation: Combines heirloom-quality goods with digital provenance and proposes a machine-readable registry of ethical standards.', '• Impact and evidence plan: Pilot on recycled content claims offers a tangible path to demonstrate impact and validate technology.', '• Risk awareness and mitigation: Privacy-first design and lightweight implementation address data security and scalability risks.'], 'cons': ['• Market size and demand: Initial focus on procurement teams may limit early adoption if enterprise sales cycles are long.', '• Feasibility and development plan: Relies on building both technology and a registry of standards, which adds complexity.', '• Revenue model and sustainability: Subscription model may face resistance if perceived as adding cost without immediate ROI.', ""• Differentiation: 'Heirloom-quality goods' mention seems disconnected from the digital platform described."", '• Impact and evidence plan: No mention of partnerships or external validation for the registry of standards.', '• Risk awareness and mitigation: No explicit discussion of competition or regulatory risks.']}, 'Project B': {'pros': ['• Clarity of value proposition: Identical to Project A—clear and compelling.', '• Market size and demand: Same strong market need as Project A.', '• Feasibility and development plan: Proposed outreach to certification bodies (e.g., Fair Trade International) adds credibility and potential for partnerships.', '• Revenue model and sustainability: Same subscription model with trial and metrics as Project A.', '• Differentiation: Same strong differentiation via machine-readable registry and verifiable provenance.', ""• Impact and evidence plan: Pilot on 'organic' for a specific agricultural product is well-defined and relatable."", '• Risk awareness and mitigation: Same privacy-first design and lightweight implementation as Project A.'], 'cons': ['• Feasibility and development plan: Outreach to certification bodies is proposed but not guaranteed, adding dependency risk.', ""• Impact and evidence plan: Pilot on organic standards may face more complex supply chain dynamics than Project A's recycled PET focus."", ""• Differentiation: Same disconnect with 'heirloom-quality goods' as Project A."", '• Risk awareness and mitigation: No explicit discussion of competition, regulatory risks, or challenges in standardizing definitions across certifications.']}, 'comparison': ""Both projects are nearly identical in core description, value proposition, target users, solution, delivery model, revenue logic, and distinctiveness. The key differences lie in their pilot use cases and partnership plans. Project A proposes a pilot on recycled PET packaging, which is a concrete, controlled test environment. Project B proposes a pilot on organic agricultural products and outreach to certification bodies, which could offer greater credibility but also more complexity and dependency. Project B's planned outreach to established certification bodies is a stronger evidence and impact plan, as it directly addresses adoption and standardization challenges. However, Project A's pilot may be more feasible to execute quickly. Both share the same strengths and weaknesses in other criteria.""}"
"local","4","1","L4.1","4","L4.4","L4.1","plan_1","{""Project A"": {""Pros"": [""• Clear value proposition: Privacy-first verifiable digital fingerprints for ethical sourcing events with tamper-proof ledger anchoring addresses authenticity and provenance credibility problems directly."", ""• Strong differentiation: Machine-readable open registry of ethical sourcing standards creates semantic clarity and auditability layer beyond basic ledger functionality."", ""• Practical feasibility plan: Specific pilot use case (recycled PET packaging) demonstrates focused testing approach with clear validation goals."", ""• Good risk awareness: Lightweight, privacy-first implementation protects sensitive data while maintaining verifiability."", ""• Sustainable revenue model: Subscription service for brands/suppliers with free trial period and clear success metrics.""], ""Cons"": [""• Market validation evidence limited: No specific traction, partnerships, or testimonials mentioned to demonstrate demand."", ""• Development timeline vague: Multiple 'plans to explore' elements suggest early conceptual stage."", ""• Impact measurement unclear: No concrete plan for demonstrating real-world adoption or behavior change metrics."", ""• Competitive landscape not addressed: No analysis of existing provenance solutions or blockchain alternatives."", ""• Scalability concerns: Decentralized witness network adds complexity without clear implementation path.""]}, ""Project B"": {""Pros"": [""• Clear value proposition: Same core privacy-first verifiable fingerprinting approach as Project A with tamper-proof ledger."", ""• Concrete prototype plan: Specific widget prototype for hypothetical nonprofit blog post demonstrates tangible development thinking."", ""• Practical pilot focus: Single ethical standard (organic agriculture) provides manageable testing scope."", ""• Same sustainable revenue model: Subscription service with trial period and success metrics."", ""• Good differentiation: Machine-readable open registry of ethical standards similar to Project A.""], ""Cons"": [""• Less specific development plan: Missing Project A's recycled PET pilot specificity, making feasibility harder to assess."", ""• Same lack of market evidence: No traction, partnerships, or testimonials mentioned."", ""• Same vague impact measurement: No concrete plan for demonstrating adoption or behavior change."", ""• Same competitive landscape gap: No analysis of existing solutions."", ""• Less detailed differentiation: Registry concept mentioned but without Project A's emphasis on semantic clarity and auditability.""]}}"
"local","4","1","L4.1","5","L4.5","L4.5","plan_5","PROJECT A:
Pros:
• Clarity of value proposition: Clear, concise one-sentence summary explaining privacy-first digital fingerprinting for ethical sourcing.
• Market size and demand: Identifies multiple user groups (brands, consumers, procurement teams) and addresses regulatory/certification needs.
• Feasibility and development plan: Specific pilot use case (recycled PET verification) shows focused testing approach. Plans for foundational registry and verification widget demonstrate phased thinking.
• Revenue model and sustainability: Subscription model with free trial period and clear success metrics. Mentions optional enterprise upgrades.
• Differentiation: Strong focus on 'heirloom-quality' goods with permanent verifiable records. Machine-readable registry concept adds semantic clarity.
• Impact and evidence plan: Pilot program provides concrete validation path. Public ledger creates transparent proof mechanism.
• Risk awareness and mitigation: Privacy-first approach addresses data sensitivity. Lightweight implementation shows resource consciousness.

Cons:
• Market size and demand: While multiple markets identified, lacks quantification of addressable market.
• Revenue model and sustainability: Subscription tiers not clearly defined compared to Project B.
• Feasibility and development plan: Decentralized witness network mentioned but implementation details vague.
• Risk awareness and mitigation: No explicit discussion of competitive risks or adoption challenges.

PROJECT B:
Pros:
• Clarity of value proposition: Identical clear value proposition to Project A.
• Market size and demand: Same strong identification of user groups and regulatory needs.
• Revenue model and sustainability: More detailed tiered subscription structure (Basic, Pro, Enterprise) with specific feature differentiators shows clearer monetization strategy.
• Differentiation: Same strong differentiation around permanent verifiable records and machine-readable registry.
• Impact and evidence plan: Pilot focused on 'organic' standard provides clear validation path.
• Risk awareness and mitigation: Same privacy-first approach and lightweight implementation.

Cons:
• Feasibility and development plan: Pilot use case ('organic' standard) potentially more complex than Project A's recycled PET due to agricultural supply chain variables.
• Market size and demand: Same lack of market quantification as Project A.
• Risk awareness and mitigation: Same lack of explicit competitive risk discussion.
• Feasibility and development plan: Less specific about testing across different supply chain dynamics than Project A.

Both projects are nearly identical in core concept, problem statement, target users, and differentiation. The key differences are in the pilot focus (Project A: recycled PET packaging; Project B: organic agriculture) and revenue model detail (Project B has clearer tiered subscription structure). Project B's more detailed revenue model shows better thinking about scalability and market segmentation, while Project A's pilot use case might be slightly more focused for initial validation. However, Project B's clearer monetization strategy gives it a slight edge for venture capital evaluation where revenue model clarity is crucial."
"local","4","2","L4.2","0","L3.3","tie","tie","Exact same normalized text; skipped LLM call."
"local","4","2","L4.2","1","L4.1","L4.1","plan_1","{""Project A"": {""Pros"": [""• Clear value proposition: Offers verifiable digital fingerprints for ethical sourcing with privacy protection, addressing trust issues in supply chains."", ""• Large market potential: Targets brands needing sustainability verification and consumers seeking ethical goods, tapping into growing demand for transparency."", ""• Structured development plan: Proposes a foundational registry of ethical standards and a pilot focused on organic agriculture to validate technology."", ""• Sustainable revenue model: Subscription service for brands/suppliers with free trials and metrics-driven pricing adjustments."", ""• Strong differentiation: Combines heirloom-quality goods with permanent digital provenance and a machine-readable ledger for auditability."", ""• Impact evidence plan: Pilot on organic standards provides a controlled test for workflows and verification."", ""• Risk awareness: Acknowledges skepticism and manipulation risks, mitigates with tamper-proof ledger and privacy-first design.""], ""Cons"": [""• Feasibility concerns: Relies on creating a decentralized witness network and open-source registry, which may be complex to implement."", ""• Revenue dependency: Success hinges on convincing brands to adopt subscription model, with unclear pricing or adoption barriers."", ""• Limited pilot scope: Organic agriculture pilot may not fully represent broader supply chain challenges (e.g., manufacturing, logistics)."", ""• Ambiguous user adoption: No evidence of traction or partnerships; reliance on procurement teams may face slow enterprise sales cycles.""]}, ""Project B"": {""Pros"": [""• Clear value proposition: Identical to Project A, offering verifiable digital fingerprints for ethical sourcing with privacy protection."", ""• Large market potential: Same target users and use cases as Project A, addressing sustainability certification and regulatory needs."", ""• Feasible development plan: Similar structured approach but with a pilot focused on recycled plastic (PET), which may be more scalable and relevant to circular economy trends."", ""• Sustainable revenue model: Same subscription-based model with trial periods and metrics-driven adjustments."", ""• Strong differentiation: Same emphasis on heirloom-quality goods, permanent digital records, and machine-readable ledger for auditability."", ""• Impact evidence plan: Pilot on recycled PET packaging demonstrates flexibility across supply chains and aligns with environmental priorities."", ""• Risk awareness: Same mitigation strategies as Project A, including tamper-proof ledger and privacy-first design.""], ""Cons"": [""• Same feasibility concerns as Project A: Decentralized witness network and registry implementation remain complex."", ""• Revenue dependency: Identical to Project A, with reliance on brand subscriptions and unclear adoption barriers."", ""• Pilot limitations: Recycled PET pilot may face technical challenges in tracking post-consumer content verification."", ""• No unique advantages over Project A in most criteria, except pilot focus.""]}}"
"local","4","2","L4.2","3","L4.3","L4.3","plan_3","Both projects share identical core descriptions across most sections, including the one-sentence summary, problem statement, target users, solution overview, delivery model, revenue logic, and distinctiveness. The only differences appear in the 'Solution / Product Overview' section. Project A focuses on building a verification widget and a pilot with a single ethical standard. Project B adds a targeted outreach plan to a sustainability certification body for partnership on the registry. Given the near-identical nature, the evaluation must focus on these subtle differences.\n\n**PROJECT A**\n**Pros:**\n• **Clarity of value proposition:** Clear focus on verifiable digital fingerprints for ethical sourcing.\n• **Feasibility and development plan:** Includes a concrete pilot plan focusing on a single standard ('organic' for a specific product) to validate technology.\n• **Differentiation:** Strong emphasis on creating a machine-readable, open registry of ethical standards.\n• **Impact and evidence plan:** The planned pilot provides a clear path to generating initial evidence.\n\n**Cons:**\n• **Market size and demand:** No specific outreach strategy mentioned to engage key market stakeholders (e.g., certification bodies).\n• **Revenue model and sustainability:** Subscription model is clear but lacks detail on how to achieve critical mass of partners.\n• **Risk awareness and mitigation:** Limited discussion of risks related to adoption by certification bodies or brands.\n• **Impact and evidence plan:** The pilot is a good start but lacks a strategy for broader ecosystem validation.\n\n**PROJECT B**\n**Pros:**\n• **Clarity of value proposition:** Identical to Project A, very clear.\n• **Feasibility and development plan:** Adds a crucial element: a targeted outreach plan to a specific certification body (e.g., Fair Trade International) for partnership on the registry. This significantly enhances feasibility.\n• **Market size and demand:** The partnership outreach plan demonstrates a concrete strategy to tap into established certification networks, addressing demand more directly.\n• **Differentiation:** Same strong differentiation as Project A, but the partnership plan strengthens the credibility of the open registry.\n• **Impact and evidence plan:** The partnership exploration plan is a proactive step to validate the concept with a major stakeholder, complementing the technical pilot.\n• **Risk awareness and mitigation:** Implicitly addresses the adoption risk by planning direct engagement with a key ecosystem player.\n\n**Cons:**\n• **Feasibility and development plan:** Slightly more complex due to the partnership outreach, but this is a strategic positive.\n• **Revenue model and sustainability:** Same as Project A; the subscription model's success still depends on adoption.\n\n**Overall Winner:** Project B wins. The single added element—a planned, targeted outreach to a sustainability certification body for partnership on the foundational registry—is a critical differentiator. It shows superior strategic thinking for tackling the chicken-and-egg problem of ecosystem adoption. This move directly addresses market demand, enhances feasibility by seeking validation from an authoritative source, mitigates the risk of the registry being ignored, and creates a more credible path to impact. Project A's plan is technically sound but lacks this crucial go-to-market insight."
"local","4","2","L4.2","4","L4.4","L4.4","plan_4","{'Project A': {'pros': ['• Clear value proposition: Privacy-first verification of ethical sourcing with tamper-proof ledger provides strong solution to credibility problem.', '• Good market size: Targets both brands (B2B) and consumers (B2C) in growing ethical sourcing/sustainability market.', '• Thoughtful development plan: Includes foundational registry of standards, pilot use case, and exploration of witness network and verification widget.', '• Clear revenue model: Subscription service with free trial period and enterprise upgrade options.', '• Strong differentiation: Combines heirloom-quality goods with digital provenance and machine-readable registry of standards.', '• Good impact plan: Focus on creating independently verifiable records for sustainability claims.', '• Some risk awareness: Privacy-first design addresses data sensitivity concerns.'], 'cons': ['• Market demand validation unclear: No evidence of customer interviews or validated need.', '• Feasibility concerns: Complex technical stack (ledger, witness network, registry) with no implementation details.', '• Revenue sustainability uncertain: Subscription model assumes brands will pay without proven ROI.', ""• Differentiation somewhat abstract: 'Heirloom-quality goods' concept doesn't clearly connect to digital platform."", '• Impact evidence plan weak: No metrics or validation approach beyond pilot concept.', '• Risk mitigation insufficient: No discussion of adoption barriers, competition, or technical challenges.', '• Overly ambitious scope: Trying to serve brands, suppliers, consumers, and certification programs simultaneously.']}, 'Project B': {'pros': ['• Clear value proposition: Identical to Project A - strong focus on verifiable provenance.', '• Good market targeting: Specific focus on procurement teams in sustainability programs provides clearer initial market.', '• More concrete development plan: Includes specific prototype plan for nonprofit blog widget with user steps.', '• Same clear revenue model as Project A with subscription approach.', '• Strong differentiation: Same machine-readable registry concept as Project A.', '• Better evidence plan: Specific prototype testing approach makes validation more tangible.', '• Same privacy-first approach addresses key data risks.'], 'cons': ['• Same market validation issues as Project A: No evidence of customer discovery.', '• Still complex technical implementation with no proven team capability.', '• Revenue model identical to Project A with same sustainability concerns.', '• Differentiation identical to Project A - no unique advantage.', '• Impact evidence still limited to prototype testing.', '• Same insufficient risk mitigation: No discussion of adoption challenges.', '• Potentially confusing scope: Mixes charitable donations with ethical sourcing use cases.']}, 'Comparison': ""Both projects are nearly identical in concept, value proposition, and business model. The key differences are: Project B provides more concrete development details with specific prototype steps for the verification widget, while Project A mentions the widget but lacks implementation specifics. Project B's description of the prototype user steps ('visitor clicks widget, pastes fingerprint, gets visual confirmation') demonstrates slightly better planning for user experience validation. However, both suffer from identical weaknesses: unvalidated market demand, overly complex technical scope, unclear differentiation from existing solutions, and insufficient risk mitigation. Neither project demonstrates genuine traction, partnerships, or completed development work.""}"
"local","4","2","L4.2","5","L4.5","L4.5","plan_5","PROJECT A PROS:
• Clear value proposition: Privacy-first verifiable digital fingerprints for ethical sourcing with tamper-proof ledger
• Large market addressing sustainability certification, regulatory compliance, and consumer trust in ethical goods
• Practical development plan with pilot focus on single standard (e.g., 'organic') to validate technology
• Subscription revenue model with free trial period to test market fit
• Strong differentiation through open-source registry of ethical standards and machine-readable ledger
• Impact plan includes verifiable proof for certifications and regulatory requirements
• Risk awareness shown through privacy-first design and controlled pilot approach

PROJECT A CONS:
• Revenue model lacks concrete pricing structure or tier details
• Market validation metrics (number of fingerprints per partner) are somewhat vague
• Development plan uses exploratory language ('plans to explore') reducing confidence in execution
• No mention of competitive analysis or existing solutions in the space
• Technical feasibility of decentralized witness network not detailed

PROJECT B PROS:
• Clear value proposition identical to Project A: Privacy-first verifiable digital fingerprints for ethical sourcing
• Same large market addressing sustainability and compliance needs
• Same practical development plan with pilot focus on single standard
• Superior revenue model with clear tiered subscription structure (Basic, Pro, Enterprise) with feature differentiators
• Same strong differentiation through open-source registry and machine-readable ledger
• Same impact plan for certifications and regulatory requirements
• Same risk awareness through privacy-first design and controlled pilot

PROJECT B CONS:
• All other cons identical to Project A (vague metrics, exploratory language, lack of competitive analysis)
• No additional differentiation beyond what Project A offers

Both projects are nearly identical in all aspects except revenue model. Project B provides a more concrete, scalable revenue structure with clear tiers and feature differentiators, which demonstrates better business planning and potential for sustainable growth. The identical strengths in other areas mean the revenue model becomes the deciding factor. Project B's tiered subscription approach shows clearer thinking about customer segmentation and value capture."
"local","4","3","L4.3","0","L3.3","L4.3","plan_3","PROJECT A:
Pros:
• Clarity of value proposition: Strong, focused on verifiable ethical sourcing with clear privacy-first approach.
• Market size and demand: Addresses growing need for supply chain transparency driven by consumer demand and regulatory pressure.
• Feasibility and development plan: Includes specific foundational steps (public registry creation) and targeted partnership outreach to certification bodies.
• Revenue model and sustainability: Clear subscription model with 90-day trial and defined success metrics.
• Differentiation: Strong focus on creating machine-readable registry of ethical standards and semantic clarity.
• Impact and evidence plan: Proposes targeted pilot with specific ethical standard (organic agriculture) to validate technology.
• Risk awareness and mitigation: Addresses privacy concerns through fingerprinting rather than raw data storage.

Cons:
• Market size and demand: While problem is real, adoption may be slow due to industry inertia.
• Feasibility and development plan: Multiple components (registry, widget, witness network) increase complexity.
• Revenue model and sustainability: Subscription model may face resistance in price-sensitive supply chain segments.
• Differentiation: Technology approach (fingerprinting + ledger) is not entirely novel; execution will be key.
• Impact and evidence plan: Success heavily depends on certification body partnerships which are not guaranteed.

PROJECT B:
Pros:
• Clarity of value proposition: Identical to Project A - clear and compelling.
• Market size and demand: Same strong market opportunity as Project A.
• Feasibility and development plan: Includes pilot testing with specific ethical standard.
• Revenue model and sustainability: Same subscription model with trial period.
• Differentiation: Same focus on machine-readable registry and semantic clarity.
• Impact and evidence plan: Pilot testing provides validation pathway.
• Risk awareness and mitigation: Same privacy-first approach.

Cons:
• Feasibility and development plan: Missing the specific partnership outreach plan with certification bodies that Project A includes.
• Feasibility and development plan: Lacks the foundational step of targeted registry development partnership mentioned in Project A.
• Impact and evidence plan: Less detailed path to establishing credibility through certification body collaboration.
• Differentiation: While identical in description, Project A shows more concrete planning for differentiation execution.
• Risk awareness and mitigation: Same as Project A but with potentially higher adoption risk due to less specific partnership planning.

Both projects are identical in most sections, but Project A demonstrates superior planning in two critical areas: (1) It includes a specific plan for outreach to sustainability certification bodies (e.g., Fair Trade International, GOTS) to establish credibility and utility of its foundational registry, and (2) It frames this as a collaborative development effort rather than just a technical implementation. This shows better strategic thinking about ecosystem adoption and validation, which is crucial for a standards-based platform. Project B mentions the registry but lacks this specific partnership strategy. Given that network effects and industry buy-in are critical success factors for provenance platforms, Project A's more detailed approach to building credibility through certification body partnerships gives it a meaningful advantage in feasibility and impact potential."
"local","4","3","L4.3","1","L4.1","L4.3","plan_3","{""Project A"": {""Pros"": [""• Clear value proposition: Privacy-first digital fingerprinting for ethical sourcing events with tamper-proof ledger provides specific solution to provenance verification"", ""• Strong differentiation: Combines heirloom-quality goods concept with verifiable digital proof and proposes open-source registry of ethical standards definitions"", ""• Good feasibility plan: Outlines specific pilot use case (organic agricultural product) and partnership outreach plan to certification bodies"", ""• Thoughtful risk mitigation: Proposes decentralized witness network for additional attestation layer and open-source verification widget for third-party validation"", ""• Evidence plan: Includes targeted outreach to specific certification bodies and controlled pilot to validate technology""], ""Cons"": [""• Market size specificity: While targeting procurement teams is specific, overall market quantification is lacking"", ""• Revenue model validation: Subscription model proposed but lacks pricing tiers or validation of willingness-to-pay"", ""• Development timeline: Multiple exploration phases ('plans to explore') suggest early stage without concrete implementation roadmap"", ""• Competitive landscape: Does not address existing blockchain-based provenance solutions or traditional certification alternatives""]}, ""Project B"": {""Pros"": [""• Clear value proposition: Identical to Project A with strong focus on privacy-first approach to ethical sourcing verification"", ""• Relevant pilot selection: Recycled PET packaging verification addresses timely sustainability concern with clear regulatory drivers"", ""• Good differentiation: Same strong points as Project A regarding machine-readable registry and semantic clarity"", ""• Similar risk awareness: Includes decentralized witness network and open-source verification tools"", ""• Market relevance: Recycled content claims verification aligns with growing circular economy initiatives and packaging regulations""], ""Cons"": [""• Identical weaknesses to Project A on market quantification and revenue validation"", ""• Less specific partnership outreach: Lacks Project A's targeted outreach plan to certification bodies"", ""• Potentially more complex pilot: Recycled content verification may involve more complex supply chain dynamics than organic agricultural product"", ""• Same development stage concerns: Multiple 'plans to explore' indicate early conceptual phase""]}}"
"local","4","3","L4.3","2","L4.2","L4.3","plan_3","Both Project A and Project B are identical in their descriptions across all sections. There is no discernible difference in their value proposition, market approach, feasibility plan, revenue model, differentiation, impact plan, or risk awareness. Both propose a privacy-first platform for verifiable digital fingerprints of ethical sourcing events anchored to a tamper-proof ledger. Both target the same users, outline the same solution with a foundational registry and pilot plan, propose the same delivery model and revenue logic, and claim the same distinctiveness. Since the projects are identical, their pros and cons are the same:

Pros:
• Clear value proposition: addresses the credibility gap in ethical sourcing with verifiable, privacy-preserving digital proof.
• Large and growing market: taps into demand from brands, suppliers, and consumers for transparent, trustworthy provenance.
• Practical development plan: includes a focused pilot (e.g., organic agricultural product) to validate technology and workflows.
• Sustainable revenue model: subscription-based with free trials and potential enterprise upgrades.
• Strong differentiation: combines tamper-proof ledger with an open registry of ethical standards for semantic clarity and auditability.
• Measurable impact plan: uses metrics like number of sourcing events fingerprinted during trials to inform scaling.
• Risk-aware: acknowledges challenges like standardization and adoption friction, with mitigation through partnerships and pilot testing.

Cons:
• Overly broad initial target: simultaneously targeting brands, suppliers, and consumers may dilute early focus.
• Technical complexity: building a decentralized witness network and open registry requires significant development and industry buy-in.
• Adoption risk: relies on partnerships with certification bodies and enterprises, which may be slow to materialize.
• Revenue dependency on subscription uptake in a competitive sustainability tech landscape.
• Pilot scope is limited but success is not guaranteed; scaling beyond a single standard may be challenging.

Given the identical content, there is no basis to favor one project over the other. The winner is arbitrarily assigned as Project A due to its listing first."
"local","4","3","L4.3","4","L4.4","L4.3","plan_3","{
  ""Project A"": {
    ""Pros"": [
      ""• Clarity of value proposition: Strong, concise one-sentence summary that clearly communicates the privacy-first, verifiable provenance value."",
      ""• Feasibility and development plan: More detailed and structured. Includes specific outreach plan to sustainability certification bodies (e.g., Fair Trade International) for partnership on the registry, which adds credibility and a concrete path to adoption."",
      ""• Differentiation: Stronger emphasis on the machine-readable, open registry of ethical sourcing standards as a core differentiator. Explicitly links the ledger to the registry for semantic clarity and auditability."",
      ""• Impact and evidence plan: More robust. Proposes a targeted partnership approach for the foundational registry and frames the pilot (e.g., 'organic' for a specific product) as a controlled validation of core technology and workflows.""
    ],
    ""Cons"": [
      ""• Market size and demand: While target users (procurement teams, brands) are identified, the description of market size and immediate demand lacks quantification or specific market signals."",
      ""• Revenue model and sustainability: Subscription model is clear but untested. The 90-day trial is a good idea, but success metrics ('number of sourcing events fingerprinted') are intermediate; ultimate willingness-to-pay is not validated."",
      ""• Risk awareness and mitigation: Risks (e.g., adoption by certification bodies, competition, technology acceptance) are implied but not explicitly listed or addressed with mitigation strategies.""
    ]
  },
  ""Project B"": {
    ""Pros"": [
      ""• Clarity of value proposition: Identical to Project A's strong core proposition."",
      ""• Feasibility and development plan: Includes a valuable, concrete step: building a minimal prototype widget for a hypothetical nonprofit blog post with defined user steps. This demonstrates a focus on user experience and tangible testing."",
      ""• Market size and demand: Similarly identifies target users but lacks quantified market analysis.""
    ],
    ""Cons"": [
      ""• Differentiation: Mentions the machine-readable registry but with less emphasis and detail than Project A. Lacks the explicit linkage for semantic clarity."",
      ""• Impact and evidence plan: Weaker than Project A. The widget prototype is a good tactical step, but the overall plan for establishing impact (e.g., partnerships, pilot definition) is less developed and specific."",
      ""• Revenue model and sustainability: Same as Project A's cons."",
      ""• Risk awareness and mitigation: Not explicitly addressed.""
    ]
  },
  ""Overall Winner Rationale"": ""Project A wins. While both projects share identical core value propositions, problems, target users, and revenue logic, Project A demonstrates superior strategic planning and execution detail in critical areas. Its feasibility plan is more comprehensive, outlining a specific partnership outreach strategy for the foundational registry with named entities (Fair Trade International, GOTS), which directly addresses adoption risk and credibility. Its differentiation is more sharply defined, emphasizing the machine-readable registry's role in creating semantic clarity. Its impact plan is more robust, framing the pilot as a controlled validation and proposing collaborative development. Project B's widget prototype is a good tactical detail, but it does not outweigh Project A's stronger strategic groundwork for ecosystem building, partnership development, and clearer long-term differentiation. Project A appears better positioned to execute and scale.""
}"
"local","4","3","L4.3","5","L4.5","L4.3","plan_3","Both projects share identical core descriptions, problems, target users, solution overviews, delivery models, and distinctiveness sections. The only differences appear in the Solution/Product Overview and Revenue Logic sections. 

PROJECT A PROS:
• Stronger evidence plan with specific partnership outreach to sustainability certification bodies (Fair Trade International, GOTS)
• More concrete differentiation through proposed foundational registry of ethical sourcing claim definitions
• Clear pilot testing approach with single well-defined standard (organic agriculture)

PROJECT A CONS:
• Revenue model lacks the tiered subscription structure detail found in Project B
• Development plan slightly less detailed on subscription model implementation
• Both share identical risk profiles with no specific mitigation strategies mentioned

PROJECT B PROS:
• More detailed revenue model with clear tiered subscription structure (Basic, Pro, Enterprise)
• Better scalability planning through defined subscription tiers
• Same strong pilot testing approach as Project A

PROJECT B CONS:
• Missing the specific partnership outreach plan to certification bodies
• Evidence plan slightly weaker without the targeted partnership development effort
• Both share identical weaknesses in risk awareness and mitigation

WINNER: Project A wins due to its stronger evidence plan with specific partnership outreach strategy and more concrete differentiation through the foundational registry. While Project B has a better-defined revenue model, Project A's approach to establishing credibility through certification body partnerships and semantic framework development addresses critical adoption barriers in the ethical sourcing space."
"local","4","4","L4.4","0","L3.3","L4.4","plan_4","{
  ""Project A"": {
    ""Pros"": [
      ""• Clarity of value proposition: Excellent - clear privacy-first approach with verifiable digital fingerprints for ethical sourcing. One-sentence summary is strong and memorable."",
      ""• Market size and demand: Good - addresses growing need for supply chain transparency and ethical sourcing verification across brands and consumers."",
      ""• Feasibility and development plan: Very good - includes specific pilot plan focusing on single ethical standard (e.g., 'organic'), prototype widget development, and clear testing methodology."",
      ""• Revenue model and sustainability: Good - subscription model with 90-day free trial and clear success metrics for pricing refinement. Enterprise upgrade potential adds scalability."",
      ""• Differentiation: Strong - combines heirloom-quality goods with digital provenance, plus machine-readable open registry of ethical standards. Decentralized witness network adds trust layer."",
      ""• Impact and evidence plan: Good - includes widget prototype for nonprofit blog post and specific pilot use case for testing verification process."",
      ""• Risk awareness and mitigation: Good - acknowledges digital manipulation problem and addresses with tamper-proof ledger. Privacy-first design mitigates data sensitivity risks.""
    ],
    ""Cons"": [
      ""• Market size and demand: Moderate - while problem is real, initial focus on corporate matching gift programs and procurement teams may be narrow before broader adoption."",
      ""• Feasibility and development plan: Moderate - decentralized witness network and open-source registry add technical complexity that could delay implementation."",
      ""• Revenue model and sustainability: Moderate - subscription model depends on convincing brands/suppliers to pay for verification when alternatives may exist."",
      ""• Impact and evidence plan: Limited - plans are exploratory ('plans to explore') rather than demonstrated; no actual traction or partnerships mentioned."",
      ""• Risk awareness and mitigation: Limited - doesn't address competition from existing blockchain solutions or regulatory challenges for ethical standards.""
    ]
  },
  ""Project B"": {
    ""Pros"": [
      ""• Clarity of value proposition: Excellent - identical strong one-sentence summary and clear privacy-first approach as Project A."",
      ""• Market size and demand: Good - same target markets and use cases as Project A with focus on sustainability certification programs."",
      ""• Feasibility and development plan: Good - includes specific pilot use case for single ethical standard and clear semantic framework through open-source registry."",
      ""• Revenue model and sustainability: Good - identical subscription model with trial period and enterprise upgrade potential as Project A."",
      ""• Differentiation: Strong - emphasizes machine-readable, open registry linking fingerprints to precise ethical standard definitions, adding semantic clarity."",
      ""• Impact and evidence plan: Good - includes pilot testing plan and specific examples of where verification widget could be embedded."",
      ""• Risk awareness and mitigation: Good - addresses digital manipulation and privacy concerns through same technical approach as Project A.""
    ],
    ""Cons"": [
      ""• Market size and demand: Moderate - same narrow initial focus limitations as Project A."",
      ""• Feasibility and development plan: Moderate - lacks the specific widget prototype development plan that Project A includes, making implementation less concrete."",
      ""• Revenue model and sustainability: Moderate - identical dependency on convincing brands/suppliers to pay as Project A."",
      ""• Impact and evidence plan: More limited - less detailed testing approach than Project A's specific nonprofit blog post prototype."",
      ""• Risk awareness and mitigation: Limited - same lack of competitive and regulatory risk acknowledgment as Project A."",
      ""• Differentiation: Slightly less distinctive - while strong, Project A's heirloom-quality goods angle and decentralized witness network provide slightly more unique positioning.""
    ]
  }
}"
"local","4","4","L4.4","1","L4.1","L4.1","plan_1","{""Project A"": {""pros"": [""• Clarity of value proposition: Strong and clear. The one-sentence summary effectively communicates the core offering of a privacy-first, verifiable provenance ledger. The problem statement is well-defined, addressing digital authenticity and a specific pain point in corporate matching gift programs."", ""• Market size and demand: Identifies a substantial and growing market. Targets brands under regulatory/sustainability pressure and ethically-conscious consumers. The initial focus on procurement teams for certifications is a logical beachhead."", ""• Feasibility and development plan: Shows a pragmatic, staged approach. Plans for a foundational registry, a limited pilot (organic standard), and a prototype verification widget demonstrate a clear path to test core assumptions. The lightweight, privacy-first delivery model is sensible."", ""• Revenue model and sustainability: The subscription model targeting brands/suppliers is logical and aligns with value delivered. The planned 90-day free trial with success metrics indicates a data-driven approach to pricing. Exploring enterprise upgrades adds potential for scalability."", ""• Differentiation: Good. The combination of heirloom-quality goods (tangible) with enduring digital proof is a compelling angle. The focus on creating a permanent, verifiable record and the proposed open registry of standards are distinctive features that address credibility gaps."", ""• Impact and evidence plan: The plan to build a prototype widget and run a limited pilot on a single ethical standard (e.g., organic) provides a concrete, testable path to generate initial evidence and validate the technology and user workflows."", ""• Risk awareness and mitigation: Implicitly addresses technical risks (privacy via fingerprints, security via ledger) and adoption risks (free trial, focus on a specific user group). The decentralized witness network exploration shows awareness of trust/centralization risks.""], ""cons"": [""• The connection between the stated solution (digital fingerprints for charitable events/donations) and the primary target use case (ethical sourcing for physical goods) is slightly less direct than in Project B. The pilot on 'organic' is relevant but the initial tool description focuses on charitable data."", ""• While a pilot is planned, the specific metrics for the free trial (number of events fingerprinted) are more process-oriented than outcome-oriented (e.g., partner retention, cost savings)."", ""• The distinctiveness claim about 'heirloom-quality goods' is somewhat abstract and not fully elaborated in the solution overview, which is more technical.""]}, ""Project B"": {""pros"": [""• Clarity of value proposition: Excellent and identical to Project A in core message, but the solution description aligns more seamlessly with the target use case. It directly discusses ethical sourcing fingerprints and the pilot is on recycled plastic packaging, which is a core supply chain issue."", ""• Market size and demand: Identical strong points to Project A. The focus on recycled content claims taps into a high-demand area due to plastic waste regulations and corporate sustainability goals."", ""• Feasibility and development plan: Slightly stronger and more focused than Project A. The pilot on verifying recycled content for a specific plastic (PET) is an excellent, well-scoped test case that directly demonstrates value for a pressing supply chain need. The plan for a machine-readable registry linked to precise definitions adds a layer of practical utility."", ""• Revenue model and sustainability: Identical and sound as Project A."", ""• Differentiation: Very strong. Builds on all of Project A's points and adds a crucial layer: the machine-readable, open registry that programmatically links fingerprints to precise ethical standard definitions. This directly tackles the 'semantic clarity' problem in sustainability claims, offering a deeper, more auditable form of verification."", ""• Impact and evidence plan: Stronger and more relevant. The pilot on recycled PET packaging is a superior choice for generating compelling evidence. It tests the technology in a complex, real-world supply chain context with clear stakeholders (brands, regulators, consumers) and immediate applicability."", ""• Risk awareness and mitigation: Similar to Project A, with the added benefit that the chosen pilot domain (recycled plastics) has clearer regulatory drivers and industry demand, potentially mitigating early adoption risk.""], ""cons"": [""• The cons are minimal and largely shared with Project A. The revenue model remains untested."", ""• The development of the machine-readable registry and precise definition linking is ambitious and could add complexity.""]}}"
"local","4","4","L4.4","2","L4.2","L4.2","plan_2","{""Project A"": {""pros"": [""• Clear value proposition: Privacy-first digital fingerprinting for ethical sourcing with tamper-proof ledger provides concrete solution to provenance verification"", ""• Strong market demand: Addresses growing need for supply chain transparency from both brands (regulatory compliance) and consumers (trust)"", ""• Practical development plan: Specific pilot focus on single standard (e.g., 'organic'), open-source verification widget prototype, and foundational registry creation show phased approach"", ""• Sustainable revenue model: Subscription service for brands/suppliers with free trial period and clear success metrics (events fingerprinted)"", ""• Good differentiation: Combines tangible goods with digital proof, machine-readable registry of ethical standards, and decentralized witness network exploration"", ""• Evidence plan: Specific pilot use case and widget prototype testing provide validation path"", ""• Risk awareness: Acknowledges need for standardization and addresses privacy concerns through anonymized fingerprints""], ""cons"": [""• Some solution ambiguity: Shifts between charitable donations and ethical sourcing without clear prioritization"", ""• Market sizing unclear: No quantification of target market size or growth projections"", ""• Technical feasibility questions: Decentralized witness network and semantic registry implementation complexity understated"", ""• Revenue sustainability concerns: Relies heavily on brand adoption; consumer-facing value capture not addressed"", ""• Competitive landscape not addressed: No mention of existing blockchain provenance solutions"", ""• Impact measurement vague: No specific metrics for how success will be measured beyond pilot"", ""• Execution risks: Multiple exploratory components (widget, witness network, registry) could dilute focus""]}, ""Project B"": {""pros"": [""• Clear value proposition: Identical to Project A with strong focus on semantic clarity through programmatic linking to ethical standards"", ""• Strong market demand: Same compelling need for supply chain transparency and regulatory compliance"", ""• Structured development plan: Clear pilot focus on single standard with controlled environment testing"", ""• Identical sustainable revenue model: Subscription-based with trial period and metrics-driven pricing"", ""• Enhanced differentiation: Emphasis on semantic framework and programmatic auditability as unique advantage"", ""• Better evidence plan: More explicit about pilot as validation of core technology and user workflows"", ""• Good risk mitigation: Privacy-first design and controlled pilot approach""], ""cons"": [""• Same solution ambiguity: Charitable donations vs. ethical sourcing focus remains unclear"", ""• Identical market sizing deficiency: No quantitative market analysis"", ""• Technical complexity: Semantic registry implementation challenges similar to Project A"", ""• Revenue model identical: Same potential limitations regarding brand adoption dependency"", ""• Competitive analysis missing: No acknowledgment of existing solutions"", ""• Impact metrics still vague: Lacks specific KPIs for long-term success"", ""• Execution scope: Multiple exploratory components similar to Project A""]}, ""Comparison"": ""Both projects are nearly identical in core concept, problem statement, target users, solution, delivery model, revenue logic, and distinctiveness. The key differences are subtle: Project A provides slightly more concrete detail about the verification widget prototype (including hypothetical nonprofit blog post example and user steps), while Project B emphasizes the semantic framework more strongly with explicit mention of programmatic linking to auditable definitions. Both suffer from the same weaknesses: unclear market sizing, ambiguous focus between charitable donations and ethical sourcing, unaddressed competition, and vague impact metrics. Project B's slightly stronger emphasis on the semantic framework and programmatic auditability gives it a marginal advantage in differentiation and clarity of technical vision, though both projects are fundamentally the same proposal.""}"
"local","4","4","L4.4","3","L4.3","L4.3","plan_3","{'Project A': {'Pros': ['• Clarity: Strong value proposition focused on verifiable digital fingerprints for ethical sourcing with privacy protection.', '• Market: Addresses growing demand for supply chain transparency from both brands and consumers.', '• Feasibility: Clear development plan with specific prototype (verification widget) and pilot use case (organic standard).', '• Revenue: Straightforward subscription model with free trial period to test market fit.', '• Differentiation: Unique focus on combining tangible goods with enduring digital proof and creating a machine-readable registry.', '• Impact: Provides concrete verification mechanism for sustainability claims, addressing greenwashing concerns.', '• Risk: Shows awareness of privacy concerns through anonymized fingerprints and decentralized witness network.'], 'Cons': ['• Market: Initial focus on corporate matching gift programs may be narrow compared to broader supply chain applications.', '• Feasibility: Decentralized witness network adds technical complexity without clear implementation details.', '• Revenue: Subscription model may face adoption challenges from smaller suppliers with limited budgets.', ""• Differentiation: 'Heirloom-quality goods' concept seems disconnected from the digital platform described."", '• Impact: Lacks specific partnership plans with certification bodies to validate registry approach.', '• Risk: No mention of regulatory compliance challenges for cross-border supply chain data.']}, 'Project B': {'Pros': ['• Clarity: Identical strong value proposition to Project A with same privacy-first approach.', '• Market: Same compelling market opportunity in ethical sourcing verification.', '• Feasibility: More concrete outreach plan to sustainability certification bodies (Fair Trade International, GOTS) for partnerships.', '• Revenue: Same reasonable subscription model with trial period and clear success metrics.', '• Differentiation: Emphasizes semantic clarity through machine-readable registry linked to precise ethical definitions.', '• Impact: Clearer path to industry adoption through proposed certification body partnerships.', '• Risk: Same privacy-aware approach with additional focus on standardization through registry development.'], 'Cons': [""• Feasibility: Partnership outreach is only 'planned' and 'exploratory' without committed partners."", '• Revenue: Same potential adoption challenges as Project A for smaller suppliers.', '• Differentiation: Very similar to Project A in most aspects; minimal unique positioning.', '• Impact: Like Project A, lacks demonstrated traction or existing partnerships.', '• Risk: No specific technical implementation details for the machine-readable registry.', '• Market: Same potential narrow focus issue with initial corporate matching gift angle.']}, 'Comparison': ""Both projects are nearly identical in core concept, value proposition, target market, and business model. The key differences are in execution details: Project A has a more developed prototype concept (verification widget with specific user steps), while Project B has a more concrete partnership strategy with certification bodies. Project B shows slightly better strategic thinking by explicitly planning outreach to established sustainability organizations, which could accelerate adoption and standardization. Project A's 'heirloom-quality goods' mention is confusing and inconsistent with the digital platform description. Both lack genuine traction evidence, but Project B demonstrates marginally better planning for ecosystem development.""}"
"local","4","4","L4.4","5","L4.5","L4.5","plan_5","PROJECT A PROS: • Clear value proposition focused on verifiable provenance with privacy protection • Identifies specific market need for ethical sourcing verification and corporate matching programs • Concrete development plan with prototype widget and pilot focused on single ethical standard • Revenue model includes free trial with clear success metrics • Strong differentiation through heirloom-quality goods concept and machine-readable registry • Impact plan includes open-source registry and verification widget • Identifies risk of skepticism and addresses with tamper-proof ledger
PROJECT A CONS: • Market size not quantified • Subscription pricing details vague • Decentralized witness network described as 'exploratory' • Limited evidence of traction or partnerships • Risk mitigation strategies not detailed beyond technical design
PROJECT B PROS: • Clear value proposition identical to Project A but with enhanced semantic framework • Same market identification with corporate matching programs and sustainability certification needs • Similar development plan with pilot focus • More detailed revenue model with tiered subscription structure (Basic, Pro, Enterprise) • Strong differentiation with emphasis on semantic clarity and programmatic linking to standards • Impact plan includes open-source registry with semantic framework • Same risk awareness as Project A
PROJECT B CONS: • Same lack of market quantification • Decentralized witness network still exploratory • No evidence of traction or partnerships • Risk mitigation not detailed beyond technical approach • Pilot described more generically than Project A's specific nonprofit blog prototype
WINNER RATIONALE: Project B wins due to its more detailed and scalable revenue model with tiered subscription structure, which shows clearer thinking about market segmentation and growth potential. While both projects share identical core value propositions and similar development plans, Project B's revenue logic demonstrates better business model refinement with hypothetical feature differentiators across tiers. Project A's prototype widget for a nonprofit blog is slightly more concrete, but Project B's emphasis on semantic clarity and programmatic linking to ethical standards represents a stronger long-term differentiation strategy. Both projects lack quantified evidence, but Project B shows marginally better planning in monetization and scalability."
"local","4","5","L4.5","0","L3.3","L4.5","plan_5","PROJECT A: Pros: • Clarity of value proposition is high; the one-sentence summary and problem statement are crisp and focused on ethical sourcing. • Market size and demand are well-addressed by targeting procurement teams in consumer goods companies, a clear initial beachhead. • Feasibility and development plan are strong; includes a specific, limited pilot (e.g., 'organic' for a specific product) to validate workflows, and proposes a foundational registry of ethical sourcing definitions. • Revenue model and sustainability are detailed; includes a clear, tiered subscription structure (Basic, Pro, Enterprise) with hypothetical feature differentiators, enhancing credibility. • Differentiation is robust; emphasizes 'heirloom-quality goods' with enduring digital proof and a machine-readable, open registry of standards. • Impact and evidence plan is concrete; proposes a 90-day free trial with success metrics (e.g., number of sourcing events fingerprinted). • Risk awareness and mitigation is implied through the pilot and privacy-first design. Cons: • Some sections (e.g., Solution) mix charitable event data with ethical sourcing, creating slight ambiguity in primary use case. • Relies on planned exploration (e.g., decentralized witness network, verification widget) without evidence of execution. PROJECT B: Pros: • Clarity of value proposition is identical to Project A's strong summary. • Market size and demand are similarly well-defined, targeting the same procurement teams. • Feasibility and development plan includes the same foundational registry and pilot approach as Project A. • Differentiation is identical to Project A, emphasizing the open registry and verifiable provenance. • Risk awareness and mitigation is similar, with a privacy-first model. Cons: • Revenue model and sustainability are weaker than Project A; lacks the detailed tiered subscription structure, only mentioning a free trial and exploring upgrades, making it less convincing. • Impact and evidence plan is less specific; mentions measuring success metrics but without the structured subscription tiers to contextualize them. • Overall, Project B reads as a slightly less developed version of Project A, missing key details in revenue logic that reduce its credibility. Overall, both projects share identical descriptions in most sections, but Project A provides a more concrete and scalable revenue model with a tiered subscription structure, enhancing its assessment in sustainability and feasibility. Project B's revenue logic is vaguer, which is a critical flaw for a venture capital analysis. Therefore, Project A wins due to its superior specificity in monetization and planning."
"local","4","5","L4.5","1","L4.1","L4.1","plan_1","{""Project A"": {""pros"": [""• Clear value proposition: Privacy-first platform providing verifiable digital fingerprints for ethical sourcing events with tamper-proof ledger anchoring. Addresses credibility gap in sustainability claims."", ""• Strong differentiation: Combines heirloom-quality goods concept with digital provenance. Proposes machine-readable open registry of ethical standards definitions, adding semantic clarity."", ""• Detailed revenue model: Clear tiered subscription structure (Basic, Pro, Enterprise) with defined features, free trial period, and measurable success metrics."", ""• Thoughtful development plan: Proposes foundational registry of standards and controlled pilot (organic agriculture) to validate technology in specific context."", ""• Good risk awareness: Addresses privacy concerns through anonymized fingerprints, plans decentralized witness network for added trust.""], ""cons"": [""• Market validation limited: While target users (procurement teams) are identified, no evidence of existing demand or partnerships."", ""• Feasibility questions: Building both registry infrastructure and verification widget requires significant technical and standardization effort."", ""• Revenue sustainability uncertain: Subscription model depends on widespread adoption by suppliers and brands; may face chicken-and-egg problem."", ""• Impact evidence plan vague: Mentions pilot but lacks clear metrics for measuring real-world adoption or trust improvement.""]}, ""Project B"": {""pros"": [""• Clear value proposition: Identical strong core proposition as Project A with same privacy-first, tamper-proof approach to provenance verification."", ""• Excellent pilot selection: Recycled PET packaging pilot addresses high-visibility sustainability issue with clear regulatory and consumer interest drivers."", ""• Strong market potential: Recycled content claims are increasingly mandated by regulations (EU, US) and demanded by major brands, creating immediate demand."", ""• Good differentiation: Same machine-readable registry concept as Project A, applied to pressing environmental problem."", ""• Privacy-conscious delivery model: Same lightweight approach protecting sensitive data while enabling verification.""], ""cons"": [""• Weaker revenue model: Lacks Project A's detailed tiered subscription structure, making monetization strategy less clear and scalable."", ""• Less detailed development plan: While pilot is well-chosen, less specificity about foundational registry implementation timeline."", ""• Same market validation gap: No evidence of existing traction or partnerships despite strong market need."", ""• Risk mitigation less detailed: Mentions same technical approach but less explicit about witness network or verification widget development.""]}}"
"local","4","5","L4.5","2","L4.2","L4.5","plan_5","PROJECT A PROS:
• Clarity of value proposition: Strong and consistent privacy-first, verifiable provenance message.
• Market size and demand: Addresses large, growing market for ethical sourcing verification and sustainability reporting.
• Feasibility and development plan: Clear, phased approach with pilot plan for specific use case (organic agriculture).
• Revenue model and sustainability: Well-defined tiered subscription structure (Basic, Pro, Enterprise) with clear feature differentiators and trial period.
• Differentiation: Strong dual focus on tamper-proof ledger AND machine-readable open registry of ethical standards.
• Impact and evidence plan: Pilot testing plan provides clear path to validate technology and workflows.
• Risk awareness and mitigation: Shows awareness of trust issues through planned witness network and privacy-preserving design.

PROJECT A CONS:
• Revenue model: Subscription tiers are hypothetical and untested.
• Development plan: Heavy reliance on 'plans to explore' language indicates early stage.
• Market adoption: Requires simultaneous adoption by both brands and suppliers (chicken-and-egg problem).
• Technical complexity: Building decentralized witness network and open registry adds development burden.
• Competition: Faces established players in supply chain verification and blockchain provenance.

PROJECT B PROS:
• Clarity of value proposition: Identical strong message to Project A.
• Market size and demand: Same large addressable market.
• Feasibility and development plan: Same phased approach with pilot plan.
• Differentiation: Same strong dual differentiation points.
• Impact and evidence plan: Same pilot testing approach.
• Risk awareness: Same privacy-preserving design approach.

PROJECT B CONS:
• Revenue model: CRITICAL WEAKNESS - Lacks the specific tiered subscription structure that Project A proposes, making revenue logic less clear and scalable.
• Development plan: Same 'plans to explore' language indicating early stage.
• Market adoption: Same chicken-and-egg problem.
• Technical complexity: Same development challenges.
• Competition: Same competitive landscape.
• Sustainability: Less clear path to monetization without defined pricing tiers.

Both projects are identical in most sections, but Project A demonstrates superior strategic thinking in its revenue model by proposing a clear, tiered subscription structure with specific feature differentiators across Basic, Pro, and Enterprise tiers. This specificity in Project A's revenue logic shows better planning for scalability, customer segmentation, and sustainable monetization. Project B's revenue section is vaguer, lacking the concrete pricing strategy that would give investors confidence in its path to profitability. Since all other aspects are identical, Project A's superior revenue model planning gives it the edge."
"local","4","5","L4.5","3","L4.3","L4.3","plan_3","{
  ""Project A"": {
    ""Pros"": [
      ""• Clarity of value proposition: Excellent. The one-sentence summary is clear and compelling, explaining the core technology (digital fingerprints anchored to a tamper-proof ledger) and the dual benefit (indisputable proof for brands/consumers, privacy protection)."",
      ""• Market size and demand: Strong. Identifies a clear, growing problem (lack of trust in sustainability claims, cumbersome verification processes) and targets a well-defined initial user group (procurement teams in consumer goods companies). The inefficiency in corporate matching gift programs is a specific, relatable pain point."",
      ""• Feasibility and development plan: Good. Outlines a phased, test-driven approach: building a foundational registry, running a controlled pilot (e.g., 'organic' for a specific product), and exploring additional trust layers (witness network, verification widget). This shows logical progression."",
      ""• Revenue model and sustainability: Very Good. Proposes a clear, scalable, tiered subscription model (Basic, Pro, Enterprise) with specific feature differentiators and a 90-day free trial to gather usage data. This demonstrates serious thought about monetization and growth."",
      ""• Differentiation: Strong. Highlights two key unique aspects: 1) combining 'heirloom-quality' goods with enduring digital proof, and 2) the machine-readable, open registry of ethical standards that adds semantic clarity and auditability beyond simple timestamping."",
      ""• Impact and evidence plan: Good. The plan for a limited pilot to validate core technology and the creation of a public registry of standards are concrete steps to generate initial evidence and utility."",
      ""• Risk awareness and mitigation: Implicitly addressed. The privacy-first design, lightweight implementation, and pilot approach show awareness of technical, adoption, and data sensitivity risks.""
    ],
    ""Cons"": [
      ""• Market size and demand: The initial focus on 'heirloom-quality goods' might be a niche market, potentially limiting early scale unless the technology is positioned as broadly applicable from the start."",
      ""• Feasibility and development plan: While logical, the plan involves multiple complex components (foundational registry, ledger, witness network, widget). The dependencies and resource requirements for building all these are not addressed."",
      ""• Impact and evidence plan: Lacks a specific, actionable plan for establishing the critical foundational registry (e.g., how to get industry buy-in for standard definitions). Success hinges on this registry's adoption."",
      ""• Risk awareness and mitigation: Does not explicitly discuss key business risks like competition from existing blockchain provenance solutions, regulatory uncertainty, or the challenge of achieving critical mass in a two-sided marketplace (brands and suppliers).""
    ]
  },
  ""Project B"": {
    ""Pros"": [
      ""• Clarity of value proposition: Excellent. Identical to Project A's strong summary."",
      ""• Market size and demand: Strong. Identical to Project A's identification of the problem and target users."",
      ""• Feasibility and development plan: Very Good. Includes all of Project A's logical steps AND adds a crucial, specific element: a ""targeted outreach plan to a specific sustainability certification body (e.g., Fair Trade International, GOTS) to explore a potential partnership"" for the foundational registry. This is a concrete, high-impact action to de-risk the most critical component of the project."",
      ""• Differentiation: Strong. Identical to Project A's compelling points on verifiable provenance and the machine-readable registry."",
      ""• Impact and evidence plan: Very Good. The partnership exploration plan for the registry is a significant upgrade over Project A. It directly addresses the major adoption hurdle and provides a clear path to generating credible, third-party validation and evidence."",
      ""• Risk awareness and mitigation: The explicit plan to partner with an established certification body shows superior awareness of the ecosystem adoption risk and a proactive mitigation strategy. This is a material advantage.""
    ],
    ""Cons"": [
      ""• Revenue model and sustainability: Weaker than Project A. Lacks the detailed, tiered subscription structure. While it mentions a subscription service, trial, and optional upgrades, the absence of a defined pricing and feature tier framework makes the revenue logic less concrete and scalable in presentation."",
      ""• Feasibility and development plan: Shares the same complexity concerns as Project A. The partnership outreach, while valuable, adds another layer of business development effort on top of technical build."",
      ""• Market size and demand: Shares the same potential niche concern regarding 'heirloom-quality goods.'""
    ]
  }
}"
"local","4","5","L4.5","4","L4.4","L4.5","plan_5","{""Project A"": {""pros"": [""• Clear value proposition: Privacy-first digital fingerprinting for ethical sourcing with tamper-proof ledger provides specific solution to provenance verification."", ""• Strong differentiation: Machine-readable open registry of ethical standards and heirloom-quality goods concept creates unique positioning."", ""• Detailed revenue model: Clear tiered subscription structure (Basic, Pro, Enterprise) with specific features and 90-day trial shows thoughtful monetization planning."", ""• Good feasibility approach: Plans for controlled pilot with single ethical standard (e.g., 'organic') to validate technology in realistic environment."", ""• Strong risk awareness: Addresses privacy concerns by not storing sensitive data, only anonymized fingerprints.""], ""cons"": [""• Market validation unclear: While target users (procurement teams) are identified, no evidence of demand validation or early traction."", ""• Development plan vague: Mentions building 'clean public interface' but lacks technical specifics or timeline."", ""• Impact measurement generic: Success metrics limited to 'number of sourcing events fingerprinted' without broader impact indicators."", ""• Competitive landscape not addressed: No discussion of existing blockchain provenance solutions or how this differs beyond technical approach.""]}, ""Project B"": {""pros"": [""• Excellent clarity with concrete prototype: Specific widget prototype description with user steps (paste fingerprint → query ledger → visual confirmation) demonstrates tangible execution plan."", ""• Strong feasibility: Detailed widget implementation plan shows practical development approach beyond theoretical concepts."", ""• Good risk mitigation: Same privacy-first approach as Project A with additional trust layer via decentralized witness network exploration."", ""• Clear pilot focus: Single ethical standard pilot provides manageable scope for testing."", ""• Identified target users: Procurement teams in sustainability programs represent specific, addressable market segment.""], ""cons"": [""• Weaker revenue model: Lacks Project A's detailed tiered subscription structure, making financial sustainability less clear."", ""• Less distinctive positioning: Missing Project A's 'heirloom-quality goods' angle and machine-readable registry emphasis."", ""• Market size assessment absent: No discussion of total addressable market for ethical sourcing verification."", ""• Evidence plan limited: Similar to Project A, lacks concrete validation approach beyond pilot metrics."", ""• Integration strategy vague: 'Enhanced connectivity services' mentioned but not elaborated.""]}}"
"local","5","0","L4.3","1","L5.1","L5.1","plan_1","Both projects are identical in their core descriptions, sharing the same one-sentence summary, problem statement, target users, solution overview, delivery model, and distinctiveness. The only difference lies in the 'Revenue Logic' section, where Project B adds one additional metric for its free trial period: 'To test the end-user verification demand, the venture also plans to propose measuring the ratio of verification widget embeds to fingerprints generated.' This single addition shows slightly more detailed thinking about validating product-market fit and user engagement. However, since this is a 'plans to propose' statement and not an actual result, its impact is minimal. Given the overwhelming similarity, both projects share identical strengths and weaknesses across all criteria. Therefore, a comparison yields the same pros and cons for each.

**Project A & B - Shared Pros:**
• **Clarity of Value Proposition:** Strong. Clearly articulates a privacy-first, verifiable proof system for ethical sourcing.
• **Market Size and Demand:** Identifies a relevant and growing problem (greenwashing, supply chain transparency) with clear initial users (procurement teams).
• **Feasibility and Development Plan:** Shows structured planning with a foundational registry, pilot use case, and phased exploration of features (witness network, widget).
• **Revenue Model and Sustainability:** Proposes a logical B2B SaaS subscription model with a free trial and clear initial success metrics.
• **Differentiation:** Strong focus on combining tamper-proof ledger with a machine-readable registry of ethical standards, aiming for semantic clarity beyond simple verification.
• **Impact and Evidence Plan:** Plans for a controlled pilot and partnership outreach with certification bodies provide a credible path to gather evidence.
• **Risk Awareness and Mitigation:** Implicitly addresses data privacy risks through the fingerprinting model and proposes a decentralized witness network to mitigate trust concentration.

**Project A & B - Shared Cons:**
• **Clarity of Value Proposition:** Slightly conflates charitable donations with physical goods sourcing, creating some initial ambiguity.
• **Market Size and Demand:** Lacks specific market sizing or data on willingness-to-pay from the target user groups.
• **Feasibility and Development Plan:** Highly dependent on successful partnerships with major certification bodies; technical complexity of the semantic registry is significant.
• **Revenue Model and Sustainability:** Subscription model viability is unproven; no pricing strategy or customer acquisition cost analysis is mentioned.
• **Differentiation:** While the concept is distinctive, competition from established blockchain provenance solutions and certification bodies themselves is not addressed.
• **Impact and Evidence Plan:** All evidence is prospective ('plans to explore'); no actual traction, partnerships, or pilot results are presented.
• **Risk Awareness and Mitigation:** Does not explicitly discuss key risks like adoption chicken-and-egg problem, regulatory changes, or competition.

**Overall Winner:** Project B wins by the narrowest possible margin. The addition of a plan to measure the 'ratio of verification widget embeds to fingerprints generated' demonstrates a slightly more nuanced approach to validating two-sided network effects (suppliers creating proofs vs. end-users/partners verifying them). This shows marginally better strategic thinking about the core metrics for platform growth and sustainability, even though it remains a plan rather than an achievement. In a direct comparison of otherwise identical projects, this small detail in operational planning tips the scale."
"local","5","0","L4.3","2","L5.2","L5.2","plan_2","PROJECT A PROS:
• Clear value proposition: Privacy-first verifiable digital fingerprints for ethical sourcing events anchored to tamper-proof ledger.
• Strong market size/demand: Addresses growing need for supply chain transparency from brands, consumers, and regulatory requirements.
• Good feasibility plan: Specific pilot plan focusing on single standard (e.g., 'organic'), clean interface design, and lightweight implementation.
• Clear revenue model: Subscription service for brands/suppliers with 90-day free trial and metrics-driven pricing.
• Good differentiation: Heirloom-quality goods with enduring digital proof, machine-readable open registry of ethical standards.
• Practical evidence plan: Targeted outreach to certification bodies, limited pilot use case, verification widget development.
• Some risk awareness: Privacy-first approach protects sensitive data, but lacks explicit risk mitigation strategies.

PROJECT A CONS:
• Somewhat generic problem statement about 'digital manipulation' without enough focus on specific ethical sourcing pain points.
• Development plan mentions exploring multiple features (witness network, widget, registry) without clear prioritization.
• Revenue sustainability depends heavily on adoption by brands/suppliers - no mention of alternative monetization.
• Impact measurement plan is light on specifics beyond the pilot.
• Risk mitigation is implied rather than explicitly addressed.

PROJECT B PROS:
• Identical strong value proposition to Project A.
• Identical strong market opportunity.
• Enhanced feasibility through specific open-source licensing (Apache 2.0) for both registry and widget, increasing credibility and adoption potential.
• Identical clear revenue model.
• Identical strong differentiation.
• Better evidence plan: Specific licensing strategy strengthens 'open-source' claims, same targeted outreach and pilot approach.
• Slightly better risk mitigation through explicit open-source strategy that builds trust and community collaboration.

PROJECT B CONS:
• Same generic problem statement issue as Project A.
• Same development prioritization challenge.
• Same revenue sustainability concern.
• Same light impact measurement specifics.
• Risk awareness still somewhat implicit despite improved licensing strategy.

WINNER RATIONALE: Project B wins by a narrow margin due to its more concrete implementation details around open-source licensing (Apache 2.0). This specificity in Project B's solution section demonstrates better planning for credibility building, developer adoption, and trust establishment - critical factors for a platform dealing with verification and transparency. While both projects share identical strengths in value proposition, market, revenue, and differentiation, Project B's explicit licensing strategy shows more thoughtful execution planning around the 'open-source' claims that are central to its credibility. This represents marginally better feasibility planning and risk mitigation through community building."
"local","5","0","L4.3","3","L5.3","L5.3","plan_3","Both projects are identical in their core descriptions, with one critical difference in the 'Solution / Product Overview' section. PROJECT A describes the pilot selection criterion as focusing on 'a single, well-defined ethical standard, such as 'organic' for a specific agricultural product.' PROJECT B adds a specific methodological criterion for selecting the pilot standard: 'the standard with the most publicly available, machine-readable certification data, to demonstrate methodological rigor.' This single addition in PROJECT B provides a concrete, logical foundation for the pilot, enhancing the assessment across several criteria. For PROJECT A: Pros: • Clear value proposition centered on privacy-first, verifiable provenance. • Addresses a large and growing market demand for supply chain transparency and ethical sourcing verification. • Outlines a phased development plan with a foundational registry, pilot, and exploration of additional features (widget, witness network). • Subscription-based revenue model targeting brands/suppliers with potential for tiered services. • Strong differentiation via the combination of heirloom-quality goods with enduring digital proof and a machine-readable registry of standards. • Clear impact plan through creating verifiable proof and semantic clarity for ethical claims. • Demonstrates risk awareness by proposing a limited pilot and privacy-preserving architecture. Cons: • Market validation and specific demand metrics are not provided. • Technical feasibility of the decentralized witness network and registry integration is assumed, not proven. • Revenue model depends on convincing brands to pay for a new verification layer; adoption risk is high. • The pilot selection criterion is generic ('single, well-defined ethical standard'), lacking a stated rationale for choosing the most effective test case. • No evidence of existing traction, partnerships, or completed development. For PROJECT B: Pros: • All the pros listed for PROJECT A apply equally. • The specific pilot selection criterion ('the standard with the most publicly available, machine-readable certification data') is a significant pro. It demonstrates a more thoughtful, evidence-based, and pragmatic approach to de-risking the initial development and validation phase. This directly improves the assessment of Feasibility and development plan (criterion 3) and Impact and evidence plan (criterion 6), as it shows a plan to maximize learning and demonstration potential from the pilot. Cons: • All the cons listed for PROJECT A apply equally, except for the generic pilot criterion, which is addressed by the added specificity in PROJECT B. Overall Winner: PROJECT B wins. The projects are otherwise identical, but PROJECT B's inclusion of a logical, data-driven criterion for selecting its pilot standard demonstrates superior methodological rigor and planning. This small but meaningful detail indicates a more thoughtful approach to de-risking the initial product validation, which is critical for an early-stage venture. It enhances the project's credibility regarding its development plan and evidence-gathering strategy without making unsupported claims."
"local","5","0","L4.3","4","L5.4","L5.4","plan_4","Both projects are identical in their core description, with Project B containing one additional paragraph in the Solution/Product Overview section about exploring the matching gift use case via outreach to a university sustainability office. This creates a subtle but meaningful difference in evaluation.

PROJECT A:
Pros:
• Clear value proposition: Privacy-first digital fingerprinting for ethical sourcing with tamper-proof ledger
• Addresses large market: Growing demand for supply chain transparency and ethical sourcing verification
• Thoughtful development plan: Includes pilot testing with specific ethical standard, foundational registry creation, and partnership outreach
• Logical revenue model: Subscription service for brands/suppliers with free trial period
• Strong differentiation: Machine-readable open registry of ethical standards combined with tamper-proof verification
• Good risk awareness: Privacy-first design protects sensitive data while enabling verification

Cons:
• Limited evidence plan: Only mentions pilot testing but lacks concrete validation metrics
• Narrow initial focus: Concentrates primarily on procurement teams without exploring secondary use cases
• Unclear demand validation: No specific plan to test different customer segments simultaneously
• Technical complexity: Building both ledger and semantic registry represents significant development challenge

PROJECT B:
Pros:
• All pros from Project A apply equally
• Enhanced evidence plan: Proposes parallel outreach to university sustainability office to validate matching gift use case
• Broader market exploration: Tests two distinct customer segments (procurement teams AND university programs)
• Better risk mitigation: Diversified validation approach reduces dependency on single use case success
• More comprehensive feasibility testing: Examines both supply chain and donation verification applications

Cons:
• Slightly diluted focus: Adding parallel validation could stretch limited resources
• No additional differentiation beyond Project A
• Same technical complexity challenges as Project A

Both projects are fundamentally the same strong proposal addressing a genuine market need with thoughtful technical approach. Project B's single additional paragraph demonstrates superior strategic thinking by proposing to validate demand from two angles simultaneously (procurement teams AND university sustainability offices). This shows better risk awareness, more comprehensive evidence gathering, and potentially faster market validation without significantly increasing complexity. The parallel validation approach in Project B represents a more robust go-to-market strategy."
"local","5","0","L4.3","5","L5.5","L5.5","plan_5","PROJECT A PROS:\n• Clarity of value proposition: Excellent. The one-sentence summary is clear, and the problem-solution narrative is coherent, focusing on verifiable provenance for ethical sourcing.\n• Market size and demand: Good. Targets a growing market (brands needing proof for certifications/regulations, consumers seeking ethical goods) with a clear initial user group (procurement teams).\n• Feasibility and development plan: Good. Outlines a phased, pragmatic approach: building a foundational registry, targeting a partnership with a certification body, and running a limited pilot (e.g., 'organic' for a specific product) to validate the tech.\n• Revenue model and sustainability: Good. Clear subscription model for brands/suppliers, with a planned 90-day free trial and metrics (events fingerprinted) to inform pricing. Mentions optional enterprise upgrades.\n• Differentiation: Strong. Differentiates via the combination of 'heirloom-quality' goods with digital proof, and the innovative idea of a machine-readable, open registry of ethical standards linked to fingerprints for semantic clarity.\n• Impact and evidence plan: Good. Plan to create an open-source registry and partner with a certification body adds credibility. The pilot provides a clear path to generate initial evidence.\n• Risk awareness and mitigation: Adequate. Implicitly addresses data privacy risks via the 'privacy-first, fingerprint-only' design. The pilot and partnership outreach are forms of de-risking.\n\nPROJECT A CONS:\n• Market size and demand: The initial focus on corporate matching gift programs (mentioned in Problem) seems somewhat disconnected from the core ethical sourcing use case, potentially diluting focus.\n• Feasibility and development plan: Building a 'decentralized, community-run witness network' is mentioned as an exploration, which could add significant technical and operational complexity.\n• Revenue model and sustainability: The revenue model is clear but untested. The plan lacks a specific method for validating the willingness-to-pay of the target customers during the trial.\n• Impact and evidence plan: Success of the foundational registry and pilot is contingent on securing a partnership with a major certification body, which is a significant hurdle.\n\nPROJECT B PROS:\n• All pros from Project A apply equally, as the descriptions are identical in all sections except Revenue Logic.\n• Revenue model and sustainability: Slightly stronger. Adds a specific, actionable test during the trial: surveying brands on their willingness-to-pay at a hypothetical price point, using the collected usage metrics to inform the survey. This shows a more rigorous approach to validating the business model.\n\nPROJECT B CONS:\n• All cons from Project A apply equally, except the con regarding revenue model validation is mitigated.\n\nOverall, both projects are identical in their core proposition, plan, and differentiation. The only substantive difference is in the Revenue Logic section, where Project B demonstrates a slightly more thoughtful and evidence-based approach to validating its pricing model by explicitly planning to survey trial users on willingness-to-pay. This gives Project B a marginal edge in the critical area of business model validation and sustainability. Therefore, Project B is the winner."
"local","5","1","L5.1","0","L4.3","L5.1","plan_1","{""Project A"": {""pros"": [""• Clear value proposition: Provides verifiable digital fingerprints for ethical sourcing events anchored to a tamper-proof ledger, addressing authenticity and trust in supply chains."", ""• Strong differentiation: Focus on 'heirloom-quality goods' with enduring digital proof, plus a machine-readable open registry of ethical standards adds semantic clarity."", ""• Good risk awareness: Proposes a limited pilot (e.g., 'organic' for a specific product) to validate technology and workflows in a controlled environment."", ""• Evidence plan: Includes targeted outreach to certification bodies (e.g., Fair Trade International) for partnership on the registry, and metrics for pilot success (e.g., fingerprints per partner, widget embeds).""], ""cons"": [""• Market size and demand: While targeting brands and consumers, the description lacks quantification of the addressable market or specific demand indicators."", ""• Feasibility and development plan: Relies on exploring multiple components (witness network, verification widget, registry) without a clear phased roadmap or technical specifics."", ""• Revenue model and sustainability: Subscription model is proposed but lacks pricing tiers, customer acquisition cost analysis, or long-term financial projections."", ""• Impact measurement: Though metrics are planned, there's no baseline or historical data to gauge potential impact.""]}, ""Project B"": {""pros"": [""• Clear value proposition: Identical to Project A: verifiable digital fingerprints for ethical sourcing with privacy-first design."", ""• Similar differentiation: Emphasizes heirloom-quality goods and machine-readable open registry for ethical standards."", ""• Similar risk awareness: Proposes the same limited pilot for validation."", ""• Similar evidence plan: Includes outreach to certification bodies and success metrics for the pilot.""], ""cons"": [""• Identical weaknesses to Project A in market size quantification, feasibility details, revenue model specifics, and impact measurement."", ""• No unique advantages over Project A; the descriptions are virtually the same, suggesting a lack of distinct strategic planning or innovation.""]}}"
"local","5","1","L5.1","2","L5.2","L5.1","plan_1","Both projects are nearly identical in core concept, addressing the same problem with the same solution. However, key differences in their plans for execution and evidence generation create distinct pros and cons.

**PROJECT A PROS:**
• **Clarity of Value Proposition:** Explicitly links the foundational registry to the ledger's functionality as a 'semantic framework,' enhancing clarity on how the system creates auditability.
• **Feasibility & Development Plan:** Proposes a clear, measurable test for end-user demand (ratio of verification widget embeds to fingerprints generated), which is a stronger evidence-gathering plan.
• **Revenue Model & Sustainability:** Proposes measuring two specific metrics during the free trial (events fingerprinted *and* widget embed ratio) to inform subscription design, showing a more data-driven approach to pricing.
• **Impact & Evidence Plan:** The plan to measure widget embed ratio is a concrete, forward-looking metric for tracking adoption and verification demand.

**PROJECT A CONS:**
• **Differentiation:** Slightly less specific than Project B on the open-source licensing strategy for its core components, which could affect perceived trust and developer adoption.

**PROJECT B PROS:**
• **Feasibility & Development Plan:** More specific on open-source strategy, naming the Apache License 2.0 for both the registry and widget. This strengthens the credibility of its 'public, open-source' claims and could aid in building trust and a developer community.
• **Differentiation:** The explicit open-source licensing plan is a tangible point of operational differentiation that supports its trust-building narrative.

**PROJECT B CONS:**
• **Revenue Model & Sustainability:** Its success metrics for the free trial are less comprehensive (only measuring events fingerprinted), providing a narrower data set to inform the critical subscription model.
• **Impact & Evidence Plan:** Lacks Project A's specific plan to measure verification widget adoption as a leading indicator of end-user demand and impact.
• **Clarity of Value Proposition:** Slightly less explicit than Project A in describing the registry as the 'semantic framework' that enables programmatic linking, though the difference is minor.

**WINNER: PROJECT A**
While Project B has a marginally stronger plan for building trust via specific open-source licensing, Project A demonstrates superior strategic thinking in its **evidence plan and revenue model validation**. Its plan to measure the 'ratio of verification widget embeds to fingerprints generated' is a critical, insightful metric that directly tests the core hypothesis of external verification demand. This shows a more sophisticated approach to de-risking the business model and understanding the product's market fit. In early-stage ventures, a robust plan for gathering actionable evidence to validate key assumptions is often more valuable than slightly more detailed operational plans."
"local","5","1","L5.1","3","L5.3","L5.1","plan_1","PROJECT A PROS:\n• Clarity of value proposition: Clear one-sentence summary and problem statement about proving authenticity in digital landscape.\n• Market size and demand: Targets substantial markets (brands validating supply chains, consumers seeking ethical goods) with regulatory tailwinds.\n• Feasibility and development plan: Has phased approach with pilot use case (single ethical standard like organic) and foundational registry development.\n• Revenue model and sustainability: Subscription model with free trial period and clear success metrics (fingerprints per partner, widget embeds).\n• Differentiation: Strong focus on heirloom-quality goods with permanent verifiable records and machine-readable registry of standards.\n• Impact and evidence plan: Proposes outreach to certification bodies and verification widget for independent validation.\n• Risk awareness and mitigation: Privacy-first design protects sensitive data, pilot approach reduces implementation risk.\n\nPROJECT A CONS:\n• Market size and demand: While market is large, adoption barriers may be high given need to change industry practices.\n• Feasibility and development plan: Decentralized witness network adds complexity without clear implementation details.\n• Revenue model and sustainability: Subscription model may face resistance in price-sensitive industries like agriculture.\n• Impact and evidence plan: Partnerships with certification bodies are proposed but not secured.\n• Risk awareness and mitigation: No mention of technical risks like ledger scalability or fingerprint collision possibilities.\n\nPROJECT B PROS:\n• Clarity of value proposition: Identical clear value proposition to Project A.\n• Market size and demand: Same substantial target markets as Project A.\n• Feasibility and development plan: Adds methodological rigor to pilot selection (standard with most machine-readable data).\n• Revenue model and sustainability: Same subscription model with free trial and success metrics.\n• Differentiation: Same strong differentiation points as Project A.\n• Impact and evidence plan: Same outreach plans and verification widget.\n• Risk awareness and mitigation: Same privacy-first design and pilot approach.\n\nPROJECT B CONS:\n• Market size and demand: Same adoption barriers as Project A.\n• Feasibility and development plan: Same complexity with decentralized witness network.\n• Revenue model and sustainability: Missing Project A's additional metric about widget embeds to fingerprints ratio.\n• Impact and evidence plan: Same unsecured partnership proposals.\n• Risk awareness and mitigation: Same lack of technical risk acknowledgment.\n\nBoth projects are nearly identical in content and structure, with Project B showing slightly more methodological rigor in pilot selection criteria. However, Project A demonstrates slightly better planning by including an additional metric (ratio of verification widget embeds to fingerprints generated) to test end-user verification demand, which shows more comprehensive thinking about market validation and product-market fit. This additional metric in Project A provides better evidence planning and could lead to more informed pricing and subscription model design. The projects are otherwise equivalent across all criteria, making this small but meaningful difference in evidence planning the deciding factor."
"local","5","1","L5.1","4","L5.4","L5.4","plan_4","PROJECT A ANALYSIS:

PROS:
• Clear value proposition: Privacy-first verifiable digital fingerprints for ethical sourcing with tamper-proof ledger
• Strong market focus: Targets both brands (supply chain validation) and consumers (trustworthy ethical goods)
• Good development plan: Includes foundational registry, pilot use case, and verification widget development
• Clear revenue model: Subscription service with 90-day free trial and defined success metrics
• Strong differentiation: Machine-readable open registry of ethical standards with semantic clarity
• Good risk mitigation: Lightweight implementation, privacy-first design, controlled pilot environment
• Evidence plan: Specific metrics planned (fingerprints per partner, widget embeds ratio)

CONS:
• Market validation appears theoretical rather than proven
• No mention of parallel validation approaches for different use cases
• Limited exploration of secondary market opportunities beyond primary focus
• Development plan mentions 'exploring' multiple components rather than concrete implementation

PROJECT B ANALYSIS:

PROS:
• All the strengths of Project A PLUS additional validation approach
• Enhanced evidence plan: Adds parallel outreach to university sustainability offices for matching gift program validation
• Better risk mitigation: Tests two distinct use cases (ethical sourcing AND matching gift programs)
• Stronger market exploration: Actively validates demand from multiple angles
• More comprehensive development approach: Considers multiple stakeholder types from different sectors

CONS:
• Same theoretical market validation as Project A
• May be attempting to validate too many use cases simultaneously
• No additional resources mentioned for the expanded validation efforts
• Could dilute focus if not properly managed

WINNER RATIONALE: Project B wins because it demonstrates superior strategic thinking in market validation and risk mitigation. While both projects share identical core technology and business model, Project B shows more sophisticated planning by proposing parallel validation approaches for different use cases (ethical sourcing AND matching gift programs). The additional outreach to university sustainability offices represents a concrete step toward validating a secondary market opportunity, which reduces overall business risk. This demonstrates better evidence planning and more comprehensive market understanding without compromising the core value proposition. Project B's approach of testing multiple validation paths simultaneously shows stronger entrepreneurial judgment and increases the likelihood of finding product-market fit."
"local","5","1","L5.1","5","L5.5","L5.5","plan_5","{""Project A"": {""Pros"": [""• Strong clarity of value proposition: Clearly articulates the privacy-first approach and verifiable digital fingerprints for ethical sourcing, addressing both brand and consumer needs."", ""• Good market size and demand: Targets the growing sustainability certification and regulatory compliance market with specific initial focus on procurement teams."", ""• Thoughtful feasibility and development plan: Proposes a pilot with a single ethical standard (e.g., organic) to validate technology, and outlines a registry of standard definitions with partnership outreach."", ""• Clear revenue model: Subscription service with 90-day free trial and metrics-driven approach (events fingerprinted, widget embeds) to inform pricing."", ""• Strong differentiation: Combines tangible goods with digital provenance and proposes a machine-readable, open registry of ethical standards for semantic clarity."", ""• Good impact and evidence plan: Plans to measure verification widget embeds ratio to gauge end-user demand, and proposes pilot validation."", ""• Moderate risk awareness: Implicitly addresses data privacy risks through lightweight design, but lacks explicit risk mitigation strategies.""], ""Cons"": [""• Limited explicit risk mitigation: Does not detail specific risks (e.g., adoption barriers, ledger security) or concrete mitigation plans."", ""• Revenue sustainability uncertain: Subscription model depends on brand adoption; no clear path to scale beyond initial target."", ""• Feasibility hinges on partnerships: Success of registry depends on collaboration with certification bodies, which may be challenging.""]}, ""Project B"": {""Pros"": [""• Identical strengths to Project A in clarity, market, feasibility, differentiation, and delivery model."", ""• Slightly stronger revenue validation: Proposes surveying brands on willingness-to-pay during trial, adding a direct feedback loop for pricing."", ""• Maintains all other advantages: Pilot plan, registry development, and privacy-first approach.""], ""Cons"": [""• Same risks as Project A: No explicit risk mitigation strategies mentioned."", ""• Identical feasibility challenges: Relies on partnerships for registry credibility."", ""• No significant edge over Project A beyond minor revenue validation improvement.""]}}"
"local","5","2","L5.2","0","L4.3","L5.2","plan_2","PROJECT A PROS:
• Clarity of value proposition: Excellent clarity with specific technical details (Apache License 2.0) and concrete implementation plans.
• Market size and demand: Identifies clear target users (procurement teams in consumer goods companies) with regulatory/certification needs.
• Feasibility and development plan: Strong plan with specific open-source licensing strategy, pilot use case (organic agriculture), and verification widget development.
• Revenue model and sustainability: Clear subscription model with 90-day free trial and defined success metrics (sourcing events fingerprinted per partner).
• Differentiation: Strong differentiation through heirloom-quality goods concept, machine-readable registry of ethical standards, and semantic clarity layer.
• Impact and evidence plan: Excellent plan including targeted outreach to certification bodies (Fair Trade International, GOTS) and collaborative development framing.
• Risk awareness and mitigation: Shows awareness through privacy-first design, limited pilot approach, and community-run witness network exploration.

PROJECT A CONS:
• Market size and demand: While target users are clear, the initial focus on corporate matching gift programs might be narrower than broader supply chain applications.
• Feasibility and development plan: Multiple ambitious components (registry, widget, pilot, witness network) could stretch resources thin.
• Revenue model and sustainability: Subscription model success depends heavily on enterprise adoption; consumer-side revenue not addressed.

PROJECT B PROS:
• Clarity of value proposition: Good clarity with privacy-first approach and tamper-proof ledger concept.
• Market size and demand: Same clear target users as Project A with regulatory/certification needs.
• Feasibility and development plan: Includes pilot use case and verification widget development.
• Revenue model and sustainability: Same clear subscription model with trial period and metrics.
• Differentiation: Good differentiation through verifiable provenance and machine-readable registry concept.
• Impact and evidence plan: Includes targeted outreach to certification bodies and pilot testing.
• Risk awareness and mitigation: Shows awareness through privacy-first design and pilot approach.

PROJECT B CONS:
• Clarity of value proposition: Less specific than Project A regarding implementation details (no specific licensing mentioned).
• Feasibility and development plan: Less detailed than Project A regarding open-source strategy and technical specifications.
• Differentiation: While similar concepts to Project A, lacks the specific 'heirloom-quality goods' framing and detailed semantic clarity layer.
• Impact and evidence plan: Less structured than Project A's specific collaborative development framing.
• Risk awareness and mitigation: Similar to Project A but with slightly less detailed mitigation strategies.

WINNER RATIONALE: Project A wins due to superior specificity and execution planning. While both projects share identical core concepts, Project A demonstrates stronger operational thinking through: 1) Specific open-source licensing strategy (Apache 2.0), 2) More detailed technical implementation plans, 3) Clearer collaborative development approach with certification bodies, 4) Stronger differentiation with 'heirloom-quality goods' concept, and 5) More comprehensive evidence plan. Project A shows greater attention to practical execution details that would increase investor confidence in feasibility and market adoption."
"local","5","2","L5.2","1","L5.1","L5.1","plan_1","Project A Pros: • Stronger clarity on open-source licensing (Apache 2.0) for registry and widget, enhancing credibility and collaboration potential. • More detailed pilot plan with controlled environment validation. • Clearer initial metrics focus (sourcing events fingerprinted) for subscription model design. • Better structured solution overview with sequential steps. Project A Cons: • Less emphasis on end-user verification demand metrics compared to Project B. • Some redundancy in descriptions of registry and differentiation. Project B Pros: • Includes additional key metric (ratio of verification widget embeds to fingerprints) to test end-user demand, showing stronger evidence plan. • More concise presentation of foundational registry plan. • Maintains all core differentiation elements. Project B Cons: • Lacks specific open-source license mention, reducing credibility of 'public, open-source' claims. • Less structured pilot description. • Slightly less detailed on registry implementation credibility. Overall, both projects are nearly identical in core value proposition, market, feasibility, revenue model, and differentiation. Project B wins due to its inclusion of the verification widget embed ratio metric, which demonstrates a more comprehensive evidence-gathering approach for both supply-side adoption (fingerprints) and demand-side validation (widget embeds). This shows stronger risk awareness and validation planning."
"local","5","2","L5.2","3","L5.3","L5.2","plan_2","PROJECT A PROS:
• Strong clarity of value proposition with specific licensing choices (Apache 2.0) and detailed implementation plans
• Excellent feasibility plan with concrete steps: open-source registry creation, widget development, and targeted pilot with clear focus
• Strong differentiation through proposed machine-readable ledger and semantic clarity layer
• Good risk mitigation through privacy-first design and controlled pilot approach
• Clear evidence plan with partnership outreach to certification bodies and pilot methodology

PROJECT A CONS:
• Market size validation remains somewhat theoretical despite identifying target users
• Revenue model dependent on subscription adoption after free trial without clear pricing strategy
• Somewhat complex solution requiring multiple components to work together
• Risk of slow adoption if certification bodies don't partner initially

PROJECT B PROS:
• Clear problem statement addressing both general authenticity and specific matching gift inefficiencies
• Well-defined target users with procurement teams as initial focus
• Privacy-first delivery model that protects sensitive data
• Good market awareness of sustainability certification and regulatory requirements

PROJECT B CONS:
• Less specific implementation details compared to Project A
• No mention of licensing strategy for open-source components
• Pilot selection criterion mentioned but less detailed execution plan
• Less developed evidence plan for establishing credibility
• Identical distinctiveness claims but with less supporting detail
• Same revenue model but with less measurement specificity

Both projects share identical core concepts, problem statements, target users, delivery models, and revenue logic. However, Project A demonstrates superior execution planning with specific licensing choices, clearer development sequencing, and more detailed evidence-gathering strategies. Project A's proposed approach to building credibility through open-source licensing and structured pilot methodology shows stronger operational thinking and risk awareness.

Overall, Project A wins due to its more concrete, actionable plans across all criteria while maintaining the same strong foundational concept as Project B."
"local","5","2","L5.2","4","L5.4","L5.4","plan_4","{'Project A': {'pros': ['• Strong clarity of value proposition: Focuses on creating verifiable digital fingerprints for ethical sourcing with clear privacy-first approach.', '• Well-defined feasibility plan: Proposes specific open-source licensing (Apache 2.0), targeted pilot with single ethical standard, and clear development steps.', '• Strong differentiation: Emphasizes machine-readable registry of ethical standards and semantic clarity beyond just tamper-proof records.', '• Good risk mitigation: Proposes controlled pilot, open-source approach to build trust, and specific outreach to certification bodies.', '• Clear evidence plan: Proposes measuring success metrics during free trial period to inform subscription pricing.'], 'cons': ['• Market validation approach is somewhat narrow: Focuses primarily on certification bodies without exploring secondary validation paths.', '• Revenue model relies heavily on subscription adoption after trial period without exploring alternative monetization.', '• Limited exploration of additional use cases beyond the core ethical sourcing focus.', '• Development plan while specific, may be too focused on technical infrastructure rather than user adoption.']}, 'Project B': {'pros': ['• Broader market validation strategy: Proposes parallel outreach to university sustainability offices to validate matching gift use case.', '• More comprehensive user research: Explores secondary organization type to gauge demand from different angles.', '• Same strong core value proposition as Project A with privacy-first verifiable fingerprints.', '• Maintains same clear development plan with pilot testing and foundational registry.', '• Good risk awareness: Exploring multiple validation paths reduces dependency on single partnership.'], 'cons': [""• Slightly less specific on implementation details compared to Project A's licensing specificity."", '• May be spreading resources thin by pursuing two validation paths simultaneously.', '• Same revenue model limitations as Project A.', '• Less emphasis on the technical differentiation through open-source licensing strategy.']}, 'Comparison Summary': ""Both projects share identical core value propositions, problems, target users, solutions, delivery models, revenue logic, and distinctiveness statements. The key differences lie in Project B's additional market validation strategy through parallel outreach to university sustainability offices, while Project A provides more specific implementation details around open-source licensing and focuses more narrowly on the certification body partnership. Project B demonstrates better market validation thinking by exploring multiple angles for demand confirmation, while Project A shows stronger technical execution planning. Project B's approach to validating the matching gift use case through secondary organizations shows more sophisticated market understanding and risk mitigation.""}"
"local","5","2","L5.2","5","L5.5","L5.2","plan_2","{'Project A': {'pros': ['• Clear value proposition: Privacy-first platform with verifiable digital fingerprints anchored to tamper-proof ledger addresses authenticity problem effectively.', '• Strong differentiation: Focus on creating a machine-readable open registry of ethical sourcing standards with specific licensing (Apache 2.0) adds credibility and technical distinctiveness.', '• Good development plan: Specific pilot use case (organic agricultural product) provides clear validation path; open-source widget encourages adoption.', '• Evidence plan: Targeted outreach to certification bodies (Fair Trade International, GOTS) shows strategic partnership approach.', '• Revenue model clarity: Subscription service with 90-day free trial and clear success metrics (events fingerprinted) shows thoughtful monetization planning.'], 'cons': ['• Market size validation: While target users are identified (procurement teams, brands), quantification of market demand is missing.', '• Risk mitigation: Limited discussion of technical risks (ledger scalability, fingerprint collision) or competitive threats.', '• Sustainability concerns: Revenue model relies heavily on brand adoption; consumer-side value proposition less developed for driving network effects.', '• Development feasibility: Building both ledger infrastructure and open-source registry represents significant technical complexity with unclear timeline.']}, 'Project B': {'pros': ['• Identical strong value proposition to Project A: Privacy-first verification addresses same authenticity problem effectively.', '• Superior revenue validation: Includes specific willingness-to-pay survey during trial period, showing more rigorous approach to pricing strategy.', '• Good development plan: Same pilot use case (organic product) and open-source widget approach as Project A.', '• Evidence plan: Same targeted partnership outreach to certification bodies.', '• Clear target user focus: Procurement teams in sustainability programs are well-defined initial market.'], 'cons': [""• Weaker differentiation: Lacks Project A's specific open-source licensing commitment and detailed registry implementation plan."", ""• Less developed distinctiveness: While mentioning machine-readable registry, doesn't specify implementation details like licensing."", '• Same market size limitations: No quantification of demand or market sizing.', '• Identical risk awareness gaps: Minimal discussion of technical or competitive risks.', '• Slightly less structured: Overall presentation shows slightly less specificity in implementation planning compared to Project A.']}}"
"local","5","3","L5.3","0","L4.3","L5.3","plan_3","PROJECT A:
Pros:
• Clarity of value proposition: Excellent. The one-sentence summary and problem statement are clear, focused on verifiable provenance for ethical sourcing.
• Market size and demand: Strong. Targets a growing need for supply chain transparency driven by consumer demand, regulations, and certification programs.
• Feasibility and development plan: Good. Proposes a clear, phased approach: building a foundational registry, running a controlled pilot (with a clear selection criterion), and developing verification tools. Shows methodological rigor.
• Revenue model and sustainability: Clear. Subscription model for brands/suppliers with a planned free trial and success metrics. Explores optional enterprise upgrades.
• Differentiation: Strong. Focuses on creating a permanent, independently verifiable record linked to a machine-readable registry of ethical standards. Aims for 'heirloom-quality' goods with digital proof.
• Impact and evidence plan: Good. Proposes specific outreach to a certification body for partnership and a controlled pilot to test the core technology.
• Risk awareness and mitigation: Implicitly addressed through privacy-first design, phased development, and pilot testing. Could be more explicit about technical or adoption risks.

Cons:
• The one-sentence summary mentions 'ethical sourcing events,' but the solution overview initially describes 'charitable event data' (donations), creating a slight inconsistency. The pilot clarifies the focus on ethical sourcing (organic).
• The revenue model is plausible but untested; success depends on convincing brands of the ROI.
• Some plans are exploratory ('plans to explore'), which is reasonable for an early-stage venture but indicates uncertainty.

PROJECT B:
Pros:
• Clarity of value proposition: Excellent. Identical to Project A's strong summary and problem statement.
• Market size and demand: Strong. Same target market as Project A.
• Feasibility and development plan: Good. Similar phased approach: foundational registry, pilot, and tool development.
• Revenue model and sustainability: Clear. Identical subscription model with trial period and metrics.
• Differentiation: Strong. Same focus on verifiable provenance and a machine-readable registry.
• Impact and evidence plan: Good. Proposes outreach to a certification body and a controlled pilot.
• Risk awareness and mitigation: Implicitly similar to Project A.

Cons:
• The solution overview also contains the same slight inconsistency between 'ethical sourcing' and initial mention of 'charitable event data.'
• The pilot plan is less detailed than Project A's. Project A specifies a 'clear criterion for selecting this pilot standard' (e.g., most machine-readable data), demonstrating more rigorous planning.
• Project B's description is nearly identical to Project A's but is missing the specific detail about the pilot selection criterion found in Project A's Solution section. This makes Project A's development plan appear slightly more concrete and methodical.

WINNER AND REASON:
Project A wins by a narrow margin. The projects are virtually identical in concept, target, and proposed execution. However, Project A demonstrates a marginally higher level of operational specificity and planning rigor in its development plan. Specifically, in the 'Solution / Product Overview' section, Project A includes an additional sentence detailing a 'clear criterion for selecting this pilot standard, such as the standard with the most publicly available, machine-readable certification data, to demonstrate methodological rigor.' This detail, though small, shows a more thoughtful and evidence-based approach to validating its core technology. In early-stage ventures, such concrete planning details are a positive signal of execution capability. Therefore, based on a slight edge in feasibility and evidence planning (criteria 3 & 6), Project A is the preferred investment."
"local","5","3","L5.3","1","L5.1","L5.3","plan_3","{
  ""Project A"": {
    ""Pros"": [
      ""• Clear value proposition: Privacy-first digital fingerprinting for ethical sourcing with tamper-proof ledger provides specific solution to provenance verification."",
      ""• Strong differentiation: Combines heirloom-quality goods concept with machine-readable registry of ethical standards, creating semantic clarity beyond simple verification."",
      ""• Thoughtful development plan: Includes pilot selection criteria (most machine-readable certification data), partnership outreach to certification bodies, and widget development for third-party verification."",
      ""• Good risk awareness: Privacy-first design avoids storing sensitive data, uses anonymized fingerprints."",
      ""• Revenue model includes clear trial metrics: Number of sourcing events fingerprinted per partner to inform subscription design.""
    ],
    ""Cons"": [
      ""• Market size not quantified: No specific market data or demand metrics provided."",
      ""• Revenue sustainability unclear: Subscription model viability depends on adoption by brands/suppliers without clear pricing strategy."",
      ""• Evidence plan limited: Pilot described but no concrete validation metrics or timeline."",
      ""• Somewhat complex solution: Multiple components (registry, ledger, widget, witness network) increase implementation risk.""
    ]
  },
  ""Project B"": {
    ""Pros"": [
      ""• Clear value proposition: Identical to Project A - strong focus on privacy-first provenance verification."",
      ""• Enhanced evidence plan: Adds specific metric for verification demand (ratio of widget embeds to fingerprints generated)."",
      ""• Same strong differentiation: Machine-readable registry of ethical standards with semantic clarity."",
      ""• Same thoughtful development approach: Pilot with single ethical standard, partnership outreach."",
      ""• Same privacy-first delivery model.""
    ],
    ""Cons"": [
      ""• Identical market size limitation: No specific market data or demand metrics."",
      ""• Same revenue sustainability concerns."",
      ""• Lacks Project A's pilot selection criterion: No mention of selecting standard with most machine-readable data."",
      ""• Slightly weaker development specificity: Missing the methodological rigor criterion for pilot selection.""
    ]
  },
  ""Comparison"": ""Both projects are nearly identical in core description, but Project A demonstrates slightly stronger methodological thinking through its pilot selection criterion and maintains all other strengths. Project B adds one useful metric (widget embed ratio) but lacks the pilot selection rigor. Given the high similarity, the edge goes to Project A for its more systematic approach to validation.""
}"
"local","5","3","L5.3","2","L5.2","L5.3","plan_3","{
  ""Project A"": {
    ""Pros"": [
      ""• Clarity of value proposition: Clear focus on ethical sourcing with specific pilot plan using 'organic' standard with selection criteria (most machine-readable data)."",
      ""• Feasibility and development plan: Strong structured approach with foundational registry, targeted partnership outreach, and controlled pilot environment."",
      ""• Differentiation: Emphasizes 'heirloom-quality goods' with permanent verifiable records and semantic clarity through machine-readable registry."",
      ""• Impact and evidence plan: Methodical pilot validation plan with clear success metrics for subscription trial (sourcing events fingerprinted).""
    ],
    ""Cons"": [
      ""• Market size and demand: While targeting brands/consumers, lacks specificity on market size quantification or demand validation."",
      ""• Revenue model and sustainability: Subscription model depends on network effects; unclear pricing strategy beyond free trial."",
      ""• Risk awareness and mitigation: Mentions decentralized witness network but lacks explicit risk analysis of adoption barriers or technical challenges.""
    ]
  },
  ""Project B"": {
    ""Pros"": [
      ""• Feasibility and development plan: Stronger open-source strategy with specific licensing (Apache 2.0) for registry and widget, encouraging adoption."",
      ""• Differentiation: Similar semantic registry focus but with clearer open-source implementation plan."",
      ""• Impact and evidence plan: Open-source approach may accelerate ecosystem development and trust through transparency.""
    ],
    ""Cons"": [
      ""• Clarity of value proposition: Slightly less specific than A on pilot selection criteria (no mention of machine-readable data criterion)."",
      ""• Market size and demand: Same generic targeting as A without quantified market analysis."",
      ""• Revenue model and sustainability: Identical subscription model with same uncertainties; open-source components may complicate monetization."",
      ""• Risk awareness and mitigation: No explicit risk discussion despite proposing decentralized witness network.""
    ]
  }
}"
"local","5","3","L5.3","4","L5.4","L5.4","plan_4","Both projects are identical in their core description, value proposition, problem statement, target users, solution overview, delivery model, revenue logic, and distinctiveness. The only difference appears in the 'Solution / Product Overview' section where Project B adds one additional paragraph about exploring the matching gift program use case through outreach to a university sustainability office. This represents a minor expansion of validation efforts but does not materially change the product, market approach, or feasibility. Given this minimal difference, both projects share identical strengths and weaknesses across all evaluation criteria. Strengths include: clear value proposition addressing greenwashing and provenance verification; large market potential in ethical sourcing; privacy-first architecture; subscription revenue model with enterprise focus; and strong differentiation through machine-readable registry of standards. Weaknesses include: reliance on planned partnerships rather than confirmed ones; unproven market adoption; technical complexity of decentralized witness network; chicken-and-egg problem requiring both brands and suppliers to adopt; and regulatory uncertainty around digital verification standards. Since both projects are fundamentally the same with only a minor additional validation step in Project B, they receive identical evaluations. Project B's additional outreach plan represents slightly more thorough market validation but doesn't overcome the shared fundamental challenges."
"local","5","3","L5.3","5","L5.5","L5.3","plan_3","PROJECT A PROS:\n• Clarity of value proposition: Clear focus on verifiable ethical sourcing with specific mention of 'heirloom-quality goods' and permanent digital proof.\n• Market size and demand: Identifies specific target users (procurement teams in consumer goods companies) and addresses regulatory/certification needs.\n• Feasibility and development plan: Strong methodological approach with clear pilot selection criteria (standard with most machine-readable data) and proposed outreach to certification bodies.\n• Revenue model and sustainability: Clear subscription model with 90-day trial and success metrics (events fingerprinted per partner).\n• Differentiation: Strong emphasis on semantic clarity through machine-readable registry of ethical standards and heirloom-quality positioning.\n• Impact and evidence plan: Specific pilot use case (organic agricultural product) and registry development plan.\n• Risk awareness and mitigation: Privacy-first design and decentralized witness network for trust enhancement.\n\nPROJECT A CONS:\n• Somewhat complex implementation requiring certification body partnerships.\n• Revenue model relies heavily on brand/supplier adoption.\n• Pilot success depends on cooperation from external stakeholders.\n\nPROJECT B PROS:\n• Clarity of value proposition: Same clear proposition as Project A.\n• Market size and demand: Same strong market identification.\n• Feasibility and development plan: Similar strong approach but slightly less specific on pilot selection criteria.\n• Revenue model and sustainability: Adds valuable market validation step with willingness-to-pay survey during trial.\n• Differentiation: Same strong differentiation as Project A.\n• Impact and evidence plan: Similar pilot approach but less methodological rigor in selection.\n• Risk awareness and mitigation: Same privacy-first design.\n\nPROJECT B CONS:\n• Slightly less rigorous pilot selection methodology compared to Project A.\n• Missing Project A's clear criterion for pilot standard selection.\n• Otherwise identical to Project A in most aspects.\n\nBoth projects are nearly identical with minor differences. Project A demonstrates slightly better methodological rigor in its pilot selection criteria ('standard with the most publicly available, machine-readable certification data'), which shows stronger evidence planning and feasibility approach. Project B's addition of willingness-to-pay surveys is valuable for revenue validation, but Project A's methodological specificity gives it a slight edge in execution planning."
"local","5","4","L5.4","0","L4.3","L5.4","plan_4","{""Project A"": {""pros"": [""• Clear value proposition centered on verifiable digital fingerprints for ethical sourcing, addressing trust deficits in sustainability claims."", ""• Identifies multiple potential market segments (brands, suppliers, consumers) with regulatory and certification drivers creating demand."", ""• Thoughtful development plan includes pilot testing with a specific standard (e.g., organic), open-source registry creation, and outreach to certification bodies."", ""• Revenue model (subscription for brands/suppliers) aligns with value delivered and includes a free trial to validate pricing."", ""• Strong differentiation through the combination of heirloom-quality goods with permanent digital provenance and a machine-readable registry of ethical standards."", ""• Impact plan includes specific outreach to sustainability certification bodies and universities for pilot validation."", ""• Acknowledges risks (e.g., adoption, competition) implicitly through planned pilots and partnership outreach.""], ""cons"": [""• Market size is implied but not quantified; demand relies on brands' willingness to pay for verification amid existing certification programs."", ""• Feasibility depends on successful partnerships with certification bodies and adoption of the open-source registry, which is uncertain."", ""• Revenue sustainability hinges on converting trial users to paid subscriptions without clear pricing or conversion metrics."", ""• Differentiation's 'heirloom-quality goods' focus seems incongruent with the core platform description, potentially confusing positioning."", ""• Risk mitigation is not explicitly detailed beyond pilot planning; no mention of technical, regulatory, or competitive risks.""]}, ""Project B"": {""pros"": [""• Identical to Project A in all provided sections, including one-sentence summary, problem, target users, solution, delivery model, revenue logic, and distinctiveness."", ""• Shares all strengths of Project A: clear value proposition, multi-segment market approach, structured development plan, and innovative differentiation.""], ""cons"": [""• Identical to Project A in all provided sections, sharing the same weaknesses: unquantified market, partnership dependency, unclear revenue conversion, and limited risk discussion."", ""• No unique pros or cons differentiate it from Project A based on the provided descriptions.""]}}"
"local","5","4","L5.4","1","L5.1","L5.1","plan_1","Both projects are identical in their core description, sharing the same one-sentence summary, problem statement, target users, solution overview, delivery model, and distinctiveness sections. The only differences are minor and appear in the 'Revenue Logic' section of Project B and a slight phrasing variation in the 'Distinctiveness' section of Project A.

**Project A Pros:**
• The distinctiveness section mentions ""heirloom-quality goods,"" which, while potentially confusing with the digital platform description, hints at a tangible product connection that could strengthen the value proposition for certain consumers.
• The revenue logic includes a clear plan for a 90-day free trial with specific success metrics (number of sourcing events fingerprinted) to inform subscription pricing.
• The solution overview includes a specific, actionable parallel outreach plan to a university sustainability office to validate the matching gift use case, demonstrating a thoughtful approach to market validation.

**Project A Cons:**
• The ""heirloom-quality goods"" phrasing in distinctiveness is slightly inconsistent with the described digital platform, potentially indicating a lack of clarity in the final product offering.
• The revenue model, while clear, is relatively standard (SaaS subscription) and faces the classic challenge of convincing brands to pay for a new verification layer in a crowded sustainability tech market.
• The project description is highly exploratory (uses phrases like ""plans to explore,"" ""propose,"" ""aims to""), indicating very early stage with no proven execution.

**Project B Pros:**
• The revenue logic is slightly more detailed, proposing to measure not only the number of fingerprints generated but also the ""ratio of verification widget embeds to fingerprints generated."" This shows a more nuanced understanding of tracking both supply-side adoption and end-user verification demand.
• The distinctiveness section is clearer, focusing solely on the digital provenance system without the potentially confusing reference to physical goods.
• All other strengths from Project A apply equally: strong clarity of value proposition (privacy-first, tamper-proof ledger), addressing a large and growing market (ethical sourcing verification), a feasible and privacy-conscious technical approach, and a clear plan for differentiation through an open registry of standards.

**Project B Cons:**
• Identical to Project A in its early-stage, exploratory nature with no demonstrated traction or partnerships.
• Shares the same risks: market adoption risk (convincing brands to subscribe), competition risk (from other blockchain provenance solutions), and the challenge of achieving critical mass in both suppliers and verifiers.
• The solution overview lacks the specific parallel outreach plan to a university (mentioned in Project A) for the matching gift validation, making its evidence plan slightly less comprehensive.

**Overall Winner:** Project B wins by a narrow margin. The key differentiator is the more sophisticated and insightful revenue validation metric (widget embed ratio) in its logic, which demonstrates a deeper consideration of the two-sided network dynamics essential for this platform's success. While Project A's outreach to a university is a good tactic, Project B's focus on measuring actual verification behavior is a stronger indicator of product-market fit validation. Project B also maintains slightly clearer and more consistent messaging in its distinctiveness section. Both projects are strong conceptually, but Project B edges ahead on the critical criterion of revenue model and sustainability planning."
"local","5","4","L5.4","2","L5.2","L5.2","plan_2","{
  ""Project A"": {
    ""Pros"": [
      ""• Clarity of value proposition: Strong, focused on solving credibility of sustainability claims with verifiable provenance. Clearly states the problem of manipulation and need for indisputable proof."",
      ""• Market size and demand: Targets large market of brands needing supply chain validation and consumers seeking ethical goods. Specific initial target (procurement teams in consumer goods companies) shows clear entry point."",
      ""• Feasibility and development plan: Well-structured with phased approach: foundational registry → pilot (single ethical standard like 'organic') → verification widget. Shows understanding of incremental validation."",
      ""• Revenue model and sustainability: Clear subscription model for brands/suppliers with 90-day free trial and metrics-driven pricing. Optional enterprise upgrades provide scalability."",
      ""• Differentiation: Strong focus on 'heirloom-quality goods' with enduring digital proof. Machine-readable registry of ethical standards adds semantic clarity beyond basic verification."",
      ""• Impact and evidence plan: Good validation plan with targeted outreach to certification bodies and university sustainability offices. Pilot with specific product/standard shows practical testing approach."",
      ""• Risk awareness and mitigation: Implicitly addresses data privacy risks through fingerprinting instead of raw data storage. Decentralized witness network planned for additional trust layer.""
    ],
    ""Cons"": [
      ""• Somewhat ambitious scope covering both supply chain provenance and matching gift programs may dilute focus."",
      ""• Technical complexity of creating machine-readable registry and linking to fingerprints may be underestimated."",
      ""• Revenue model depends heavily on brand/supplier adoption which may be slow in regulated industries."",
      ""• No mention of specific open-source licensing strategy for foundational components (unlike Project B).""
    ]
  },
  ""Project B"": {
    ""Pros"": [
      ""• Clarity of value proposition: Identical strong proposition to Project A - clear focus on privacy-first verifiable provenance."",
      ""• Market size and demand: Same large target market with identical specific initial user group."",
      ""• Feasibility and development plan: Similar phased approach but adds specific open-source licensing (Apache 2.0) for registry and widget, showing stronger commitment to openness and developer adoption."",
      ""• Revenue model and sustainability: Identical subscription model with trial period and metrics tracking."",
      ""• Differentiation: Same core differentiation around verifiable provenance and machine-readable registry."",
      ""• Impact and evidence plan: Similar validation approach with certification body outreach and pilot testing."",
      ""• Risk awareness and mitigation: Explicit open-source strategy may mitigate adoption risks and build community trust more effectively.""
    ],
    ""Cons"": [
      ""• Slightly less detailed in exploring secondary use cases (matching gift programs) compared to Project A."",
      ""• Like Project A, faces same challenges of technical complexity and market adoption."",
      ""• No mention of exploring enhanced connectivity/integration services as explicitly as Project A."",
      ""• Identical ambitious scope may present same focus challenges.""
    ]
  },
  ""Comparison"": ""Both projects are nearly identical in core concept, target market, and business model. The key differences are: 1) Project A explores matching gift programs more thoroughly as a secondary validation angle, 2) Project B specifies open-source licensing (Apache 2.0) for its foundational components, showing stronger commitment to transparency and developer ecosystem building. While Project A's exploration of additional use cases is valuable, Project B's explicit open-source strategy addresses a critical adoption barrier for trust-based platforms and may enable faster ecosystem growth. The licensing specification in Project B demonstrates more concrete planning for community building and standards adoption.""
}"
"local","5","4","L5.4","3","L5.3","L5.4","plan_4","PROJECT A:
• Pros:
  1. Clear value proposition: Privacy-first platform for verifiable ethical sourcing proof with specific use cases (matching gift programs, supply chain validation).
  2. Large market potential: Addresses growing demand for supply chain transparency and ethical sourcing verification.
  3. Feasible development plan: Proposes pilot with single ethical standard (e.g., 'organic' for specific product) and targeted outreach to certification bodies.
  4. Sustainable revenue model: Subscription service for brands/suppliers with 90-day free trial and clear metrics for pricing validation.
  5. Strong differentiation: Combines heirloom-quality goods with digital provenance proof and machine-readable registry of ethical standards.
  6. Good impact plan: Proposes outreach to sustainability certification bodies and university matching gift programs for validation.
  7. Risk awareness: Addresses privacy concerns through fingerprinting rather than raw data storage.
• Cons:
  1. Market adoption risk: Requires coordination between multiple stakeholders (brands, suppliers, certification bodies).
  2. Technical complexity: Decentralized witness network and open-source registry add development challenges.
  3. Revenue uncertainty: Subscription model depends on convincing brands to pay for verification services.
  4. Pilot selection lacks specific criteria for choosing the initial ethical standard.
  5. Matching gift use case feels somewhat disconnected from core supply chain focus.

PROJECT B:
• Pros:
  1. Identical strong value proposition to Project A.
  2. Identical market size and demand assessment.
  3. More rigorous pilot selection: Specifically mentions selecting standard with 'most publicly available, machine-readable certification data'.
  4. Identical sustainable revenue model.
  5. Identical strong differentiation.
  6. Good impact plan with certification body outreach.
  7. Identical risk awareness and privacy protection.
• Cons:
  1. Lacks Project A's parallel outreach to university matching gift programs for additional validation.
  2. Same market adoption risks as Project A.
  3. Same technical complexity challenges.
  4. Same revenue uncertainty.
  5. Slightly less comprehensive validation approach than Project A.

Both projects are nearly identical in content and quality, sharing the same core description across most sections. The key differences are:
1. Project A proposes additional outreach to university sustainability offices for matching gift program validation.
2. Project B specifies more rigorous criteria for pilot standard selection.

While Project B demonstrates slightly better methodological rigor in pilot selection, Project A shows broader thinking about market validation through multiple parallel outreach efforts. The university outreach in Project A represents additional de-risking through exploring a secondary use case, making it slightly more comprehensive in its approach to validating demand.

Overall Winner: Project A, by a narrow margin, due to its more comprehensive validation strategy through multiple parallel outreach efforts, which better addresses the market adoption risk inherent in this type of platform."
"local","5","4","L5.4","5","L5.5","L5.5","plan_5","Both projects are identical in their core description, with only subtle differences in their revenue logic sections. Both describe a privacy-first platform for verifiable digital fingerprints of ethical sourcing events anchored to a tamper-proof ledger. They share identical one-sentence summaries, problem statements, target users, solution overviews, delivery models, and distinctiveness sections.

**PROJECT A:**
• **Pros:** Clear value proposition addressing greenwashing and verification inefficiencies; targets a large and growing market for ethical sourcing and supply chain transparency; privacy-first design is a strong technical approach; subscription revenue model with enterprise upgrades has potential; strong differentiation through the combination of physical goods with digital provenance and the open registry of standards; includes concrete validation plans (pilot with specific standard, outreach to certification body, outreach to university for matching gift validation); acknowledges technical and adoption risks implicitly through its phased approach.
• **Cons:** Market size is described but not quantified; development plan is exploratory ('plans to explore,' 'plans to propose') with limited concrete technical specifics; revenue model validation during the trial is limited to usage metrics without direct willingness-to-pay testing; the 'heirloom-quality goods' mention in distinctiveness seems slightly disconnected from the primarily B2B platform described.

**PROJECT B:**
• **Pros:** All the same pros as Project A regarding clarity, market, feasibility, differentiation, and impact/evidence plans.
• **Cons:** All the same cons as Project A. However, Project B has a marginally stronger point in its **Revenue Logic** section: it explicitly proposes surveying trial participants on their willingness to pay a specific price point, using the collected metrics to inform the survey. This shows a slightly more sophisticated and direct approach to validating the business model.

**Comparison:** The projects are virtually identical. The only substantive difference is that Project B includes a more detailed plan for pricing validation within its revenue logic ('surveying participating brands on their willingness to pay a specific, hypothetical subscription price point'). This represents a marginally better grasp of business model validation. In all other criteria—clarity, market, feasibility, sustainability, differentiation, impact/evidence, and risk—they are assessed as equal. Therefore, Project B wins based on this single, slight advantage in the concrete planning of its revenue model validation.

**Winner:** Project B, by a very narrow margin, due to its slightly more detailed and direct approach to testing price sensitivity during its proposed free trial."
"local","5","5","L5.5","0","L4.3","L5.5","plan_5","{
  ""Project A"": {
    ""pros"": [
      ""• Clear, specific value proposition: privacy-first digital fingerprinting for ethical sourcing with verifiable provenance\n• Strong market identification: targets procurement teams in sustainability programs with clear regulatory/certification needs\n• Thoughtful development plan: proposes foundational registry, targeted partnership outreach, and controlled pilot with specific standard\n• Revenue model includes concrete testing: 90-day trial with success metrics and willingness-to-pay survey\n• Strong differentiation: combines heirloom-quality goods with digital proof and machine-readable registry of standards\n• Good evidence plan: specific pilot focus on 'organic' agricultural product for controlled validation\n• Shows risk awareness: acknowledges need for partnership development and controlled testing""
    ],
    ""cons"": [
      ""• Somewhat complex solution requiring multiple components (registry, ledger, widget, witness network)\n• Revenue model testing relies on hypothetical survey rather than actual payment data\n• Pilot scope limited but reasonable for early validation""
    ]
  },
  ""Project B"": {
    ""pros"": [
      ""• Identical strong value proposition to Project A\n• Same clear market identification and target users\n• Identical thoughtful development approach with registry and pilot\n• Same revenue model structure with trial period\n• Same strong differentiation points""
    ],
    ""cons"": [
      ""• Missing the specific revenue model testing component (willingness-to-pay survey) that Project A includes\n• Otherwise identical to Project A in all aspects""
    ]
  }
}"
"local","5","5","L5.5","1","L5.1","L5.5","plan_5","PROJECT A PROS: • Clarity of value proposition: Excellent clarity with consistent privacy-first, verifiable provenance messaging throughout. • Market size and demand: Identifies clear target users (procurement teams, brands, consumers) and specific pain points (certification compliance, consumer trust). • Feasibility and development plan: Strong, phased approach with foundational registry, pilot use case (organic agriculture), and specific partnership outreach plan. • Revenue model and sustainability: Clear subscription model with 90-day free trial and specific metrics (events fingerprinted) to inform pricing. Includes willingness-to-pay survey plan. • Differentiation: Strong dual differentiation: heirloom-quality goods concept AND machine-readable open registry of ethical standards. • Impact and evidence plan: Good evidence plan with pilot testing and partnership outreach. • Risk awareness and mitigation: Implicitly addresses privacy risks through design, but explicit risk discussion is limited. PROJECT A CONS: • Somewhat aspirational language ('heirloom-quality goods') that may not align perfectly with the digital platform described. • Limited explicit discussion of competitive landscape or technical implementation risks. PROJECT B PROS: • Nearly identical strong points to Project A in clarity, market identification, feasibility, and differentiation. • Revenue model includes additional metric (verification widget embeds to fingerprints ratio) for testing end-user demand, which is a slight improvement. PROJECT B CONS: • Contains identical text to Project A in most sections, suggesting potential copying or lack of original thought. • The identical nature raises concerns about authenticity and independent validation of claims. • No additional substantive improvements beyond the single additional metric. OVERALL COMPARISON: Both projects describe an identical, well-conceived venture with strong scores across all criteria. Project B has a minor advantage in its revenue model by proposing to measure verification widget embeds, which directly tests consumer-side demand. However, Project A demonstrates more authentic, original presentation with slight variations in wording that suggest independent thought. In venture evaluation, originality and authenticity of thought are critical indicators of founder capability. The identical nature of Project B's text raises red flags about its provenance and the team's genuine understanding. Therefore, despite the minor metric advantage in Project B, Project A wins due to its presentation as a more authentic, independently conceived proposal."
"local","5","5","L5.5","2","L5.2","L5.2","plan_2","PROJECT A PROS:\n• Clarity of value proposition: Strong, concise one-sentence summary clearly articulates the core offering of verifiable provenance with privacy protection.\n• Market size and demand: Identifies clear target users (brands, consumers, procurement teams) and specific pain points (sustainability certification, regulatory requirements), suggesting understanding of market need.\n• Feasibility and development plan: Proposes concrete foundational steps including public registry creation, targeted pilot with specific standard (organic agriculture), and exploration of verification widget. Shows phased approach.\n• Revenue model and sustainability: Clear subscription model with 90-day free trial and specific success metrics (events fingerprinted). Includes willingness-to-pay survey plan to validate pricing.\n• Differentiation: Strong focus on 'heirloom-quality' goods with enduring digital proof and machine-readable ledger with semantic clarity. Addresses credibility gap in sustainability claims.\n• Impact and evidence plan: Proposes specific pilot with organic standard and outreach to certification bodies (Fair Trade International, GOTS) for partnership.\n• Risk awareness and mitigation: Implicitly addresses privacy risks through fingerprinting approach rather than raw data storage. Pilot approach suggests risk mitigation through controlled testing.\n\nPROJECT A CONS:\n• Market size and demand: While target users are identified, no quantification of market size or specific demand validation metrics provided.\n• Feasibility and development plan: Decentralized witness network is described as 'explore adding,' suggesting uncertainty about implementation.\n• Revenue model and sustainability: Subscription model depends on brand/supplier adoption; no clear path to consumer-side revenue or network effects described.\n• Differentiation: Concept of 'heirloom-quality goods' seems somewhat disconnected from the digital platform described.\n• Impact and evidence plan: Partnership outreach is 'planned' but not secured; no evidence of existing relationships.\n\nPROJECT B PROS:\n• Clarity of value proposition: Identical strong one-sentence summary to Project A.\n• Market size and demand: Same clear target user identification as Project A.\n• Feasibility and development plan: Adds specific open-source licensing details (Apache License 2.0) for both registry and widget, showing more concrete implementation planning for community collaboration.\n• Revenue model and sustainability: Same subscription model with trial period as Project A.\n• Differentiation: Same strong differentiation around verifiable provenance and machine-readable ledger.\n• Impact and evidence plan: Same pilot plan and certification body outreach as Project A, plus open-source licensing strategy to encourage adoption.\n• Risk awareness and mitigation: Open-source approach may mitigate adoption risks and build trust through transparency.\n\nPROJECT B CONS:\n• Market size and demand: Same lack of quantification as Project A.\n• Feasibility and development plan: Like Project A, decentralized witness network remains uncertain ('explore adding').\n• Revenue model and sustainability: Same dependency on brand/supplier adoption without clear consumer revenue path. Missing Project A's specific willingness-to-pay survey plan.\n• Differentiation: Same potential disconnect with 'heirloom-quality goods' concept.\n• Impact and evidence plan: Same unsecured partnership plans as Project A.\n\nWINNER ANALYSIS:\nProject B demonstrates slightly stronger execution planning through its specific open-source licensing strategy (Apache 2.0 for both registry and widget), which shows more concrete thinking about community building, trust through transparency, and adoption strategy. While both projects are nearly identical in core concept, Project B's attention to licensing details suggests better understanding of how to operationalize the 'open' components of their platform. Project A's willingness-to-pay survey is a good validation tactic, but Project B's open-source approach addresses a more fundamental adoption barrier for a platform requiring ecosystem buy-in. The open-source strategy in Project B provides clearer path to building the network effects necessary for a provenance platform's success."
"local","5","5","L5.5","3","L5.3","L5.3","plan_3","{""Project A"": {""Pros"": [""• Clarity of Value Proposition: Clearly articulates a privacy-first solution for verifiable ethical sourcing, addressing both brand and consumer needs with specific use cases like procurement teams and certification programs."", ""• Market Size & Demand: Targets a growing market for ethical sourcing verification, driven by regulatory requirements (ESG reporting) and consumer demand for transparency. The focus on corporate procurement teams provides a clear initial beachhead."", ""• Feasibility & Development Plan: Outlines a pragmatic, phased approach: starting with a foundational registry of standards, pursuing a partnership with a certification body, and running a controlled pilot on a single standard (e.g., organic). This demonstrates methodological rigor."", ""• Revenue Model & Sustainability: Proposes a subscription model for brands/suppliers with a planned 90-day free trial and clear success metrics (events fingerprinted). Importantly, it includes a specific test (willingness-to-pay survey) to validate pricing, showing a data-driven approach to business model validation."", ""• Differentiation: Strong focus on creating a machine-readable, open registry of ethical standards linked to fingerprints, adding semantic clarity and auditability beyond simple tamper-proof records. The concept of 'heirloom-quality' digital proof is distinctive."", ""• Impact & Evidence Plan: Proposes concrete steps to build evidence: creating the foundational registry, targeting a partnership with a major certification body, and running a limited pilot. This shows a plan to demonstrate utility and credibility."", ""• Risk Awareness & Mitigation: Implicitly addresses key risks: data privacy (via fingerprinting, not storing raw data), adoption (via partnership outreach and pilot), and technology credibility (via decentralized witness network exploration).""], ""Cons"": [""• The solution overview initially mentions charitable event data (donations), which seems slightly misaligned with the core focus on ethical sourcing provenance. This could indicate some scope ambiguity."", ""• While a pilot is planned, the description lacks a specific, measurable criterion for selecting the pilot standard (e.g., 'most publicly available machine-readable data'), which Project B includes."", ""• The revenue model, while thoughtful, relies on B2B subscription sales in a market that may have entrenched alternatives or require significant education. The success of the pricing survey is hypothetical."", ""• The decentralized witness network is mentioned as an exploration, adding technical complexity and potential adoption hurdles for a secondary trust layer.""]}, ""Project B"": {""Pros"": [""• Clarity of Value Proposition: Identical to Project A, clearly presenting the privacy-first, verifiable provenance value proposition."", ""• Market Size & Demand: Same strong market targeting as Project A."", ""• Feasibility & Development Plan: Includes all the strong, phased elements of Project A's plan. Notably, it adds a specific, rigorous criterion for selecting the pilot standard: 'the standard with the most publicly available, machine-readable certification data.' This demonstrates a higher degree of methodological precision and de-risking in the validation step."", ""• Revenue Model & Sustainability: Proposes the same subscription model and 90-day trial with clear metrics. However, it lacks the specific willingness-to-pay survey test mentioned in Project A, making its approach to pricing validation slightly less concrete."", ""• Differentiation: Identical strong differentiation around the machine-readable registry and heirloom-quality proof."", ""• Impact & Evidence Plan: Same strong plan as Project A, enhanced by the more specific pilot selection criterion."", ""• Risk Awareness & Mitigation: Same implicit risk mitigation as Project A.""], ""Cons"": [""• Shares the same minor con regarding the initial mention of charitable data in the solution overview, creating a slight scope ambiguity."", ""• The revenue model description, while solid, omits the specific pricing validation test (survey) that Project A includes, making it slightly less robust in its business model planning."", ""• Also shares the con regarding the exploratory decentralized witness network adding complexity.""]}}"
"local","5","5","L5.5","4","L5.4","L5.4","plan_4","{
  ""Project A"": {
    ""Pros"": [
      ""• Clear value proposition: Privacy-first platform for verifiable ethical sourcing proof with tamper-proof ledger"",
      ""• Strong market demand: Addresses growing need for trustworthy provenance in sustainability-driven markets"",
      ""• Thoughtful development plan: Includes foundational registry, pilot with specific standard (e.g., 'organic'), and partnership outreach to certification bodies"",
      ""• Logical revenue model: Subscription service for brands/suppliers with free trial and metrics-driven pricing validation"",
      ""• Good differentiation: Combines heirloom-quality goods with digital provenance and machine-readable registry of standards"",
      ""• Solid impact plan: Specific outreach to certification bodies and controlled pilot to validate technology"",
      ""• Some risk awareness: Privacy-first design protects sensitive data, but mitigation strategies could be more explicit""
    ],
    ""Cons"": [
      ""• Somewhat broad initial target users (brands AND consumers) may dilute focus"",
      ""• Revenue model relies heavily on brand adoption without clear consumer-side monetization"",
      ""• Matching gift program use case mentioned but not deeply integrated into validation plan"",
      ""• Risk mitigation for ledger security/trust (beyond witness network) could be more detailed"",
      ""• No specific timeline or milestones beyond the 90-day trial mentioned""
    ]
  },
  ""Project B"": {
    ""Pros"": [
      ""• All strengths of Project A plus additional validation angle"",
      ""• Enhanced demand validation: Adds parallel outreach to university sustainability offices for matching gift use case"",
      ""• Better market exploration: Tests two distinct user segments (certification bodies AND university programs) simultaneously"",
      ""• More comprehensive feasibility testing: Validates both supply chain and donation verification use cases"",
      ""• Stronger evidence plan: Dual-track validation approach reduces risk of single-market dependency"",
      ""• Maintains all positive aspects of Project A's clarity, differentiation, and revenue logic""
    ],
    ""Cons"": [
      ""• Slightly more complex execution with dual validation tracks"",
      ""• Potential resource dilution across two validation efforts"",
      ""• Same revenue model limitations as Project A"",
      ""• Matching gift use case still somewhat disconnected from core supply chain focus"",
      ""• Similar lack of detailed implementation timeline""
    ]
  },
  ""Comparison Summary"": ""Both projects are identical in core description except for one critical difference: Project B adds a parallel validation track targeting university sustainability offices for the matching gift use case. This gives Project B superior market validation strategy (Criteria 2 & 6), better risk mitigation through diversified testing (Criteria 7), and demonstrates more thoughtful demand exploration without compromising other strengths. While both share the same weaknesses in revenue model specificity and implementation timelines, Project B's additional validation approach shows stronger strategic thinking and reduces go-to-market risk.""
}"
"local","6","0","L5.4","1","L6.1","L6.1","plan_1","PROJECT A PROS:\n• Clarity of value proposition: Strong, concise one-sentence summary clearly articulates the privacy-first, verifiable provenance value.\n• Market size and demand: Identifies a clear problem in digital authenticity and ethical sourcing verification, with specific initial target (procurement teams in sustainability programs).\n• Feasibility and development plan: Presents a structured, phased approach starting with a foundational registry, pilot with a single ethical standard, and parallel outreach to certification bodies and university sustainability offices.\n• Revenue model and sustainability: Clear subscription model for brands/suppliers with 90-day free trial and metrics-driven pricing refinement.\n• Differentiation: Strong focus on creating a machine-readable, open registry of ethical standards linked to fingerprints, adding semantic clarity beyond tamper-proof records.\n• Impact and evidence plan: Proposes concrete pilot testing (organic standard for specific product) and partnership outreach to establish credibility.\n• Risk awareness and mitigation: Implicitly addresses privacy risks through lightweight, anonymized fingerprinting and explores decentralized witness network for trust.\n\nPROJECT A CONS:\n• Market size and demand: While problem is identified, quantification of market size is absent.\n• Feasibility and development plan: Relies heavily on proposed partnerships (certification bodies) which may be challenging to secure.\n• Revenue model and sustainability: Subscription model may face adoption hurdles if perceived value isn't immediately clear to suppliers.\n• Impact and evidence plan: Evidence plan is mostly proposed future actions rather than demonstrated traction.\n\nPROJECT B PROS:\n• Clarity of value proposition: Identical strong summary to Project A.\n• Market size and demand: Same clear problem identification and target users as Project A.\n• Feasibility and development plan: Includes all of Project A's elements plus an additional specific pilot for the verification widget on a nonprofit blog with engagement metrics.\n• Revenue model and sustainability: Same clear subscription model with trial period as Project A.\n• Differentiation: Same strong focus on machine-readable registry and semantic clarity.\n• Impact and evidence plan: More comprehensive evidence plan with two specific pilots (organic standard AND widget deployment) and clear engagement metrics for widget pilot.\n• Risk awareness and mitigation: Same privacy-focused approach as Project A.\n\nPROJECT B CONS:\n• Market size and demand: Same lack of quantification as Project A.\n• Feasibility and development plan: More complex with multiple simultaneous pilots, potentially stretching resources.\n• Revenue model and sustainability: Same adoption challenges as Project A.\n• Impact and evidence plan: Still mostly proposed actions rather than demonstrated results.\n\nCOMPARISON: Both projects are nearly identical in core description, value proposition, and structure. The critical difference is in their evidence plans. Project B demonstrates superior strategic thinking by proposing an additional, specific pilot for the verification widget with clear engagement metrics (clicks, verifications performed). This shows a more nuanced understanding of validation, testing both the core fingerprinting technology (organic standard pilot) AND the consumer-facing verification component (widget pilot). Project B's evidence plan is more comprehensive and addresses both supply-side (brands/suppliers) and demand-side (end-user verification) validation. While both projects share the same strengths and weaknesses, Project B's more detailed and multi-faceted validation approach gives it a slight edge in feasibility assessment and impact planning."
"local","6","0","L5.4","2","L6.2","tie","tie","Exact same normalized text; skipped LLM call."
"local","6","0","L5.4","3","L6.3","L6.3","plan_3","Both projects are identical in their core description, value proposition, problem statement, target users, solution overview, delivery model, and distinctiveness. The only difference lies in the Revenue Logic section where they specify different success metrics for their trial period. Project A proposes measuring 'the number of sourcing events fingerprinted per partner,' while Project B proposes measuring 'the percentage of trial partners who complete a defined workflow (e.g., fingerprint 5 sourcing events and generate 1 verification report).'

**PROJECT A**
Pros:
• Clarity of Value Proposition: Clear and compelling. Offers verifiable, privacy-first proof of ethical sourcing.
• Market Size & Demand: Targets a large, growing market (sustainable goods, corporate ESG reporting) with a genuine pain point (credibility of claims).
• Feasibility & Development Plan: Shows structured thinking with a foundational registry, pilot plan (single standard like 'organic'), and targeted outreach to certification bodies and university offices. The plan is phased and testable.
• Revenue Model & Sustainability: Subscription model targeting brands/suppliers is logical. The 90-day free trial with a simple metric (events per partner) is easy to track and directly correlates to platform usage.
• Differentiation: Strong. Combines heirloom-quality goods with enduring digital proof and a machine-readable, open registry of standards, moving beyond simple claims to auditable semantics.
• Impact & Evidence Plan: Good. Plans for a foundational registry, a controlled pilot, and parallel outreach to certification bodies and potential users (university offices) to validate demand.
• Risk Awareness & Mitigation: Implicitly addresses risks of data sensitivity (privacy-first design) and credibility (partnerships with standards bodies, decentralized witness network). The pilot approach mitigates technical and adoption risk.
Cons:
• The success metric for the trial ('number of sourcing events fingerprinted') is a pure activity metric. It doesn't inherently measure user commitment or successful completion of a valuable workflow, which could lead to inflated trial success signals.
• All plans are stated as future intentions ('plans to,' 'aims to'), with no presented evidence of executed steps, partnerships, or traction.
• The dual focus on ethical sourcing for physical goods and charitable donation matching, while related, could dilute initial efforts.

**PROJECT B**
Pros:
• All pros listed for Project A apply equally, as the projects are otherwise identical.
• Revenue Model & Sustainability: The proposed trial success metric ('percentage of trial partners who complete a defined workflow') is superior. It measures meaningful engagement and successful outcome completion, which is a stronger indicator of product-market fit and willingness to pay than raw activity counts. This suggests a more sophisticated approach to validating the business model.
Cons:
• All cons listed for Project A apply equally, except for the con regarding the trial metric.

**Overall Assessment:**
The projects are virtually the same, presenting a well-articulated, ambitious solution to a significant problem. The key differentiator is the subtle but important detail in the revenue validation plan. Project B's focus on measuring the percentage of partners completing a defined workflow is a more robust and insightful key performance indicator (KPI) for a B2B SaaS trial. It moves beyond measuring usage to measuring successful adoption and value realization, which is critical for converting trial users to paying subscribers. This indicates a slightly more mature or customer-centric approach to business model validation. Therefore, Project B has a marginal but decisive advantage.
"
"local","6","0","L5.4","4","L6.4","tie","tie","Exact same normalized text; skipped LLM call."
"local","6","0","L5.4","5","L6.5","tie","tie","Exact same normalized text; skipped LLM call."
"local","6","1","L6.1","0","L5.4","L6.1","plan_1","{""Project A"": {""Pros"": [""• Clear value proposition: Privacy-first digital fingerprinting for ethical sourcing with tamper-proof ledger provides specific solution to provenance verification problem."", ""• Strong feasibility plan: Includes specific pilot testing (widget on nonprofit blog, organic standard pilot) with defined metrics and outreach plans to certification bodies and university sustainability offices."", ""• Well-developed differentiation: Combines heirloom-quality goods concept with machine-readable open registry of ethical standards, creating semantic clarity beyond basic verification."", ""• Good risk mitigation: Lightweight privacy-first implementation, open-source registry, and pilot testing approach shows awareness of technical and adoption challenges."", ""• Concrete evidence plan: Specific pilot metrics (widget engagement, sourcing events fingerprinted) and partnership outreach strategies provide clear validation path.""], ""Cons"": [""• Market size assessment: While targeting brands and consumers in ethical goods space, lacks specific market sizing data or growth projections."", ""• Revenue model uncertainty: Subscription model viability untested; enterprise upgrades mentioned but not detailed; depends heavily on adoption by procurement teams."", ""• Development complexity: Building decentralized witness network, open-source registry, and verification widget simultaneously may stretch resources."", ""• Competitive landscape: Does not address existing blockchain-based provenance solutions or explain why this approach would overcome adoption barriers.""]}, ""Project B"": {""Pros"": [""• Clear value proposition: Identical to Project A - privacy-first digital fingerprinting for ethical sourcing with tamper-proof ledger."", ""• Good problem identification: Recognizes both general digital authenticity challenges and specific matching gift program inefficiencies."", ""• Privacy-focused delivery: Lightweight implementation that doesn't store sensitive data addresses important security concerns."", ""• Open approach: Public, open-source registry of ethical standards definitions could foster ecosystem adoption.""], ""Cons"": [""• Vague development plan: Lacks the specific pilot testing details, metrics, and timeline that Project A includes; more conceptual than actionable."", ""• Weak evidence strategy: No concrete validation plans beyond general outreach; lacks the widget pilot and organic standard testing that Project A proposes."", ""• Less differentiated: While identical in stated differentiation, lacks Project A's emphasis on heirloom-quality goods and specific semantic clarity innovation."", ""• Higher execution risk: Without clear piloting strategy, faces greater uncertainty in technology validation and user adoption."", ""• Revenue model identical to A but with less supporting validation plan.""]}}"
"local","6","1","L6.1","2","L6.2","L6.1","plan_1","{
  ""Project A"": {
    ""pros"": [
      ""• Clarity of value proposition: Strong, focused on ethical sourcing provenance with clear privacy-first approach and verifiable digital fingerprints."",
      ""• Market size and demand: Addresses growing need for supply chain transparency in sustainability-driven consumer goods markets."",
      ""• Feasibility and development plan: Well-structured with specific pilot plans (nonprofit widget pilot, organic standard pilot) and measurable metrics."",
      ""• Revenue model and sustainability: Clear subscription model for brands/suppliers with 90-day trial period and defined success metrics."",
      ""• Differentiation: Unique combination of heirloom-quality goods concept with machine-readable ethical standards registry and decentralized witness network."",
      ""• Impact and evidence plan: Strong validation approach with multiple pilot pathways and targeted outreach to certification bodies."",
      ""• Risk awareness and mitigation: Shows awareness through controlled pilots, privacy-first design, and partnership exploration.""
    ],
    ""cons"": [
      ""• Market size and demand: While addressing important problem, may face adoption challenges in fragmented sustainability certification landscape."",
      ""• Feasibility and development plan: Multiple parallel initiatives (widget, registry, witness network) could stretch resources."",
      ""• Revenue model and sustainability: Subscription model depends on convincing brands of ROI, which may be challenging initially."",
      ""• Differentiation: Concept of 'heirloom-quality goods' seems somewhat disconnected from the core digital verification platform."",
      ""• Risk awareness and mitigation: Limited discussion of technical risks around ledger technology or regulatory compliance.""
    ]
  },
  ""Project B"": {
    ""pros"": [
      ""• Clarity of value proposition: Identical to Project A - clear privacy-first approach to ethical sourcing verification."",
      ""• Market size and demand: Same addressable market as Project A with focus on sustainability certification programs."",
      ""• Feasibility and development plan: Includes foundational registry creation and pilot testing with organic standard."",
      ""• Revenue model and sustainability: Same subscription model with trial period and metrics tracking."",
      ""• Differentiation: Same machine-readable registry concept and focus on semantic clarity for ethical standards."",
      ""• Impact and evidence plan: Includes targeted outreach to certification bodies and university sustainability offices."",
      ""• Risk awareness and mitigation: Shows some awareness through controlled pilot approach.""
    ],
    ""cons"": [
      ""• Clarity of value proposition: While clear, lacks the specific widget pilot testing mentioned in Project A."",
      ""• Feasibility and development plan: Less detailed than Project A - missing the specific nonprofit widget pilot with engagement metrics."",
      ""• Differentiation: Missing the decentralized witness network concept mentioned in Project A."",
      ""• Impact and evidence plan: Less concrete validation plan than Project A's specific widget pilot with measurable metrics."",
      ""• Risk awareness and mitigation: Less developed testing and validation approach compared to Project A."",
      ""• Overall: Project B appears to be a slightly less developed version of Project A, missing key implementation details.""
    ]
  }
}"
"local","6","1","L6.1","3","L6.3","L6.1","plan_1","{
  ""Project A"": {
    ""Pros"": [
      ""• Clarity of value proposition: Strong, concise one-sentence summary clearly articulates the privacy-first approach and dual benefit for brands/consumers."",
      ""• Feasibility and development plan: Includes specific pilot plans (widget on nonprofit blog, organic standard pilot) with defined metrics (user engagement clicks/verifications) to test functionality and engagement."",
      ""• Revenue model and sustainability: Clear subscription model with 90-day free trial and specific success metric (number of sourcing events fingerprinted per partner) to inform pricing."",
      ""• Differentiation: Strong emphasis on 'heirloom-quality goods' merging tangible qualities with digital proof, plus machine-readable open registry of standards."",
      ""• Impact and evidence plan: Multiple validation approaches: widget pilot, foundational registry outreach to certification bodies, parallel outreach to university sustainability offices.""
    ],
    ""Cons"": [
      ""• Market size and demand: While target users are identified (procurement teams, brands, consumers), quantification of market size or demand evidence is absent."",
      ""• Risk awareness and mitigation: Limited explicit discussion of risks (e.g., adoption barriers, competition, ledger security) and mitigation strategies."",
      ""• Solution scope: Potentially broad scope covering ethical sourcing, matching gifts, and donation verification may dilute focus.""
    ]
  },
  ""Project B"": {
    ""Pros"": [
      ""• Clarity of value proposition: Identical strong one-sentence summary to Project A, clearly communicating core value."",
      ""• Differentiation: Same strong differentiation points as Project A regarding heirloom-quality goods and machine-readable registry."",
      ""• Impact and evidence plan: Similar structured validation approach with registry outreach and organic standard pilot."",
      ""• Revenue model and sustainability: Subscription model with 90-day trial and slightly more sophisticated success metric (percentage of partners completing defined workflow).""
    ],
    ""Cons"": [
      ""• Feasibility and development plan: Lacks the specific widget pilot with engagement metrics that Project A includes, making validation plan slightly less concrete."",
      ""• Market size and demand: Same absence of quantified market evidence as Project A."",
      ""• Risk awareness and mitigation: Same limited explicit risk discussion as Project A."",
      ""• Solution scope: Same potential scope dilution concern as Project A.""
    ]
  }
}"
"local","6","1","L6.1","4","L6.4","L6.1","plan_1","**Project A Analysis:**

**Pros:**
• **Clarity of Value Proposition:** The one-sentence summary is strong, clearly linking the technology (digital fingerprints on a tamper-proof ledger) to the specific benefit (indisputable proof of provenance).
• **Feasibility and Development Plan:** Demonstrates a clear, phased approach with specific pilot plans (e.g., widget on a single nonprofit's blog, pilot on 'organic' standard). This shows actionable thinking.
• **Impact and Evidence Plan:** Strongest in this area. Includes specific pilot metrics (user engagement with widget), targeted outreach plans to certification bodies and university sustainability offices, and a clear plan to measure trial success (events fingerprinted per partner).
• **Risk Awareness and Mitigation:** The detailed pilot and outreach plans implicitly show an understanding of market and technical risks, aiming to validate assumptions in controlled environments.

**Cons:**
• **Market Size and Demand:** While target users are identified (procurement teams, brands, consumers), the total addressable market isn't quantified. The reliance on pilot outcomes to gauge demand is noted but is a forward-looking plan, not current evidence.
• **Revenue Model and Sustainability:** The subscription model is logical but untested. The 90-day trial is a good plan but doesn't constitute proven traction.
• **Differentiation:** The distinctiveness claim around 'heirloom-quality goods' seems slightly disconnected from the core platform-as-a-service model described elsewhere, creating minor narrative friction.

**Project B Analysis:**

**Pros:**
• **Clarity of Value Proposition:** Identical to Project A's strong, clear summary.
• **Differentiation:** Clearly articulates the dual differentiation of a tamper-proof ledger combined with a machine-readable registry of standards, which is a coherent and potentially powerful moat.
• **Market Size and Demand:** Correctly identifies large, relevant problem spaces (supply chain verification, matching gift programs) with clear user pain points.

**Cons:**
• **Feasibility and Development Plan:** Describes the same foundational steps and pilots as Project A but lacks the specific, actionable detail found in Project A (e.g., the specific widget pilot metric is absent in the provided text for Project B). This makes it feel more conceptual.
• **Impact and Evidence Plan:** Significantly weaker than Project A. While it mentions plans for outreach and a pilot, it lacks the concrete metrics and specific pilot scopes that Project A outlines. The assessment cannot reward claims of planned actions as evidence; only the specificity of the plan itself can be judged. Project B's description is less specific.
• **Risk Awareness and Mitigation:** The less detailed planning suggests a potentially less mature approach to de-risking the venture through validation.
• **Revenue Model and Sustainability:** Same as Project A—logical but unproven.

**Overall Verdict:**
Both projects describe the same core idea, problem, and target market. The critical difference lies in execution planning and evidence strategy. Project A demonstrates superior rigor in its approach to validation, with more concrete pilot designs, specific success metrics, and targeted outreach plans. This gives a stronger signal of founder execution capability and risk awareness. In early-stage venture analysis, a detailed, measurable plan for learning and validation often outweighs a conceptually identical idea with vaguer plans. Therefore, based on the provided texts, Project A is the stronger candidate due to its more developed and specific evidence and impact plan, which positively influences the assessment of its feasibility and overall execution likelihood.

**Winner: A**"
"local","6","1","L6.1","5","L6.5","L6.1","plan_1","PROJECT A PROS:
• Clarity of value proposition: Excellent clarity with specific examples (matching gift programs, ethical sourcing) and concrete mechanisms (fingerprinting, ledger anchoring, verification widget).
• Market size and demand: Identifies multiple high-value segments (brands, consumers, procurement teams, certification programs) with clear pain points.
• Feasibility and development plan: Strong, phased approach with specific pilot plans (nonprofit blog widget, organic product pilot) and clear metrics for success.
• Revenue model and sustainability: Clear subscription model with 90-day trial and defined success metrics; explores enterprise upgrades.
• Differentiation: Strong dual differentiation: verifiable provenance + machine-readable registry of ethical standards; mentions 'heirloom-quality goods' as unique angle.
• Impact and evidence plan: Excellent evidence plan with multiple pilot proposals, targeted outreach to certification bodies and universities, and clear engagement metrics.
• Risk awareness and mitigation: Implicitly addresses privacy risks through fingerprinting approach; explores decentralized witness network for trust enhancement.

PROJECT A CONS:
• Some technical complexity in implementing decentralized witness network and registry integration.
• Relies heavily on partnerships with certification bodies for registry credibility.
• Subscription model may face adoption challenges if perceived value isn't immediately clear during trial.

PROJECT B PROS:
• Clarity of value proposition: Good clarity with same core value proposition as Project A.
• Market size and demand: Identifies same target segments and pain points as Project A.
• Feasibility and development plan: Solid plan with registry creation, pilot exploration, and targeted outreach.
• Revenue model and sustainability: Same clear subscription model with trial period as Project A.
• Differentiation: Same strong differentiation points as Project A.
• Impact and evidence plan: Good evidence plan with registry outreach and pilot exploration.
• Risk awareness and mitigation: Same privacy-first approach as Project A.

PROJECT B CONS:
• Lacks the specific, actionable pilot details found in Project A (no mention of widget deployment on nonprofit blog with engagement metrics).
• Less developed evidence collection plan compared to Project A's multiple, specific validation approaches.
• Slightly less concrete in testing methodology and success measurement.

WINNER RATIONALE: Project A wins due to superior specificity in its execution plan. While both projects share identical core concepts and value propositions, Project A demonstrates more rigorous thinking about validation and evidence collection. Specifically, Project A includes: 1) A concrete pilot plan for the verification widget with clear engagement metrics, 2) More detailed exploration of the matching gift use case with parallel outreach, and 3) Better articulation of how it will measure success during the trial period. This specificity suggests stronger operational planning and higher likelihood of executing effectively against its vision. Project B covers the same ground but with less granularity in its validation approach, making Project A the more compelling investment opportunity."
"local","6","2","L6.2","0","L5.4","tie","tie","Exact same normalized text; skipped LLM call."
"local","6","2","L6.2","1","L6.1","L6.1","plan_1","PROJECT A PROS:\n• Clarity of value proposition: Excellent - clear, concise one-sentence summary articulating privacy-first verifiable provenance.\n• Market size and demand: Strong - addresses growing need for ethical sourcing verification across brands, suppliers, consumers, and certification programs.\n• Feasibility and development plan: Good - proposes foundational registry, targeted pilot with specific ethical standard (organic agriculture), and outreach to certification bodies.\n• Revenue model and sustainability: Good - subscription model with 90-day trial and clear metrics for pricing refinement.\n• Differentiation: Excellent - combines heirloom-quality goods with digital provenance, plus machine-readable registry of ethical standards.\n• Impact and evidence plan: Good - proposes pilot with specific product/standard and outreach to certification body.\n• Risk awareness and mitigation: Moderate - acknowledges privacy concerns through fingerprinting approach but lacks detailed risk analysis.\n\nPROJECT A CONS:\n• Somewhat ambitious scope spanning multiple use cases (sourcing, matching gifts).\n• Lacks specific metrics for pilot success beyond 'number of sourcing events fingerprinted'.\n• No mention of technical implementation details or development timeline.\n\nPROJECT B PROS:\n• Clarity of value proposition: Excellent - identical clear summary to Project A.\n• Market size and demand: Strong - same broad market addressing as Project A.\n• Feasibility and development plan: Better than A - adds specific pilot for verification widget with engagement metrics (clicks, verifications).\n• Revenue model and sustainability: Good - identical subscription model to Project A.\n• Differentiation: Excellent - identical strong differentiation to Project A.\n• Impact and evidence plan: Better than A - includes widget pilot with measurable engagement metrics.\n• Risk awareness and mitigation: Moderate - same privacy approach as A, no additional risk analysis.\n\nPROJECT B CONS:\n• Same ambitious scope as Project A.\n• Despite better pilot planning, still lacks technical implementation details.\n• No competitive analysis mentioned.\n\nWINNER RATIONALE: Project B wins by a narrow margin due to its slightly more concrete evidence plan. Both projects are nearly identical in most aspects, but Project B specifies a widget pilot with measurable engagement metrics (clicks, verifications performed), while Project A's pilot metrics are less specific. This demonstrates slightly better planning for validation and user adoption. However, both projects share the same weaknesses: overly broad scope, lack of technical details, and insufficient risk analysis. The decision is based on Project B's marginally stronger approach to gathering evidence of user engagement."
"local","6","2","L6.2","3","L6.3","L6.3","plan_3","PROJECT A:
Pros:
• Clear value proposition: Privacy-first platform with verifiable digital fingerprints for ethical sourcing events anchored to tamper-proof ledger
• Large market addressing sustainability certification, supply chain validation, and matching gift programs
• Detailed development plan with specific pilot use case (organic agricultural product) and outreach to certification bodies
• Subscription revenue model with 90-day free trial and clear success metrics (number of sourcing events fingerprinted)
• Strong differentiation through machine-readable open registry of ethical standards and heirloom-quality goods concept
• Good evidence plan with targeted outreach to certification bodies and university sustainability offices
• Risk awareness shown through privacy-first design and controlled pilot approach

Cons:
• Overly broad target users (brands, consumers, procurement teams) may dilute focus
• Multiple exploratory components (witness network, verification widget) increase complexity
• Revenue model depends on brand/supplier adoption which may be slow
• Matching gift program use case feels secondary and potentially distracting
• No mention of existing competitors or market validation

PROJECT B:
Pros:
• Identical strong value proposition and market opportunity as Project A
• Same detailed development plan with specific pilot and outreach strategy
• Subscription revenue model with improved success metrics (percentage completing defined workflow)
• Same strong differentiation through machine-readable registry
• Good evidence plan with same outreach strategy
• Same risk awareness through privacy-first design

Cons:
• All the same cons as Project A regarding broad target users and complexity
• Revenue model success metric (percentage completing workflow) is more rigorous but may be harder to achieve
• No meaningful differences from Project A in core analysis criteria

Key Difference: The only substantive difference between the two projects is in the revenue logic success metrics. Project A measures ""number of sourcing events fingerprinted per partner"" while Project B measures ""percentage of trial partners who complete a defined workflow."" Project B's metric is more sophisticated and business-relevant, focusing on user engagement and completion rather than just activity volume.

Overall: Both projects are essentially identical except for this one metric difference. Project B demonstrates slightly better business acumen by focusing on completion rates rather than raw activity counts, suggesting a more mature understanding of what constitutes successful adoption. However, the difference is minimal, and both projects share the same strengths and weaknesses across all other criteria."
"local","6","2","L6.2","4","L6.4","tie","tie","Exact same normalized text; skipped LLM call."
"local","6","2","L6.2","5","L6.5","tie","tie","Exact same normalized text; skipped LLM call."
"local","6","3","L6.3","0","L5.4","L6.3","plan_3","PROJECT A PROS:
• Clarity of value proposition: Strong, concise one-sentence summary clearly articulates the privacy-first, verifiable provenance solution.
• Market size and demand: Identifies multiple high-value use cases (ethical sourcing verification, matching gift programs) with clear regulatory and consumer trust drivers.
• Feasibility and development plan: Well-structured phased approach with specific pilot focus (single ethical standard), foundational registry development, and parallel validation paths.
• Revenue model and sustainability: Clear subscription model with defined 90-day trial and specific success metrics (percentage completing workflows) for validation.
• Differentiation: Strong emphasis on semantic clarity through machine-readable registry and heirloom-quality goods positioning.
• Impact and evidence plan: Concrete outreach plans to certification bodies and university sustainability offices for validation.
• Risk awareness and mitigation: Privacy-first design addresses data sensitivity concerns; pilot approach mitigates implementation risk.

PROJECT A CONS:
• Market adoption risk: Requires coordination among multiple stakeholders (brands, suppliers, certification bodies).
• Technical complexity: Building decentralized witness network and semantic registry adds development complexity.
• Revenue model validation: Subscription pricing and willingness-to-pay need to be proven during trial period.

PROJECT B PROS:
• Clarity of value proposition: Identical strong summary to Project A.
• Market size and demand: Same comprehensive market identification as Project A.
• Feasibility and development plan: Same structured approach with pilot focus and parallel validation.
• Differentiation: Same emphasis on semantic clarity and machine-readable registry.
• Risk awareness: Same privacy-first design addressing data sensitivity.

PROJECT B CONS:
• Revenue model specificity: Less precise success metrics (""number of sourcing events fingerprinted per partner"" vs Project A's percentage completing specific workflows).
• Slightly weaker evidence planning: While outreach plans are similar, Project A's metrics are more actionable for subscription model validation.
• Identical content suggests possible duplication or lack of distinct strategic thinking.

WINNER RATIONALE: Project A wins due to marginally superior execution in revenue model validation. While both projects are nearly identical in content and quality, Project A demonstrates slightly more rigorous thinking in its subscription model validation approach, specifying measurable success criteria (percentage of trial partners completing defined workflows) versus Project B's less actionable metric (number of events fingerprinted). This subtle difference suggests better operational planning for business model validation, which is critical for venture success. Both projects are strong across all criteria with identical strengths in value proposition, market identification, development planning, and differentiation."
"local","6","3","L6.3","1","L6.1","L6.3","plan_3","{""Project A"": {""Pros"": [""• Clear, specific value proposition: verifiable digital fingerprints anchored to public ledger for ethical sourcing proof"", ""• Well-defined market: targets procurement teams in sustainability programs with clear regulatory/certification needs"", ""• Detailed development plan: includes foundational registry, pilot with specific standard (organic agriculture), and targeted outreach to certification bodies"", ""• Concrete revenue model: subscription service with 90-day trial and defined success metrics (workflow completion)"", ""• Strong differentiation: combines heirloom-quality goods with digital proof and machine-readable registry of ethical standards"", ""• Solid evidence plan: proposes two parallel outreach plans (certification bodies + university sustainability offices) and controlled pilot"", ""• Good risk awareness: acknowledges need for credibility through partnerships and controlled testing""], ""Cons"": [""• Market validation still theoretical: relies on proposed outreach rather than proven demand"", ""• Technical complexity: building decentralized witness network and semantic registry requires significant development"", ""• Revenue model unproven: subscription pricing and willingness-to-pay not validated"", ""• Dual focus on ethical goods and matching gifts may dilute resources"", ""• Implementation risk: depends on adoption by certification bodies for registry credibility""]}, ""Project B"": {""Pros"": [""• Identical strong value proposition and market definition as Project A"", ""• Additional specific pilot plan: includes widget deployment on nonprofit blog with engagement metrics (clicks, verifications)"", ""• Same solid foundational registry and partnership outreach strategy"", ""• Same revenue model with free trial period"", ""• Same strong differentiation points"", ""• Good evidence gathering: adds widget pilot for user behavior data""], ""Cons"": [""• Slightly less specific success metrics for subscription trial (number of events vs. workflow completion)"", ""• Same market validation challenges as Project A"", ""• Same technical complexity risks"", ""• Same revenue model uncertainties"", ""• Same dual focus dilution risk"", ""• Widget pilot adds development scope without clear revenue connection""]}}"
"local","6","3","L6.3","2","L6.2","L6.3","plan_3","PROJECT A PROS:\n• Clarity of value proposition: Excellent clarity with a strong one-sentence summary and detailed problem/solution alignment. The value of verifiable provenance is clearly articulated.\n• Market size and demand: Identifies a substantial market (brands, consumers, procurement teams) with clear regulatory and certification drivers. The matching gift program use case adds another potential revenue stream.\n• Feasibility and development plan: Strong, phased approach. Proposes a foundational registry, targeted pilot (e.g., 'organic' for a specific product), and specific outreach plans to certification bodies and university sustainability offices. This shows a logical, test-driven build.\n• Revenue model and sustainability: Clear subscription model for brands/suppliers with a planned 90-day free trial and success metrics (e.g., % of partners completing a defined workflow). This indicates a focus on validating the model before scaling.\n• Differentiation: Strong. Focus on 'heirloom-quality' goods with enduring digital proof and a machine-readable, open registry of ethical standards adds semantic clarity beyond simple tamper-proof records.\n• Impact and evidence plan: Good. Plans for a public registry, pilot, and partnerships provide a roadmap for generating evidence. The verification widget for third-party sites could enhance visibility and trust.\n• Risk awareness and mitigation: Implicitly addressed through privacy-first design (no raw data storage), phased piloting, and outreach to establish credibility with certification bodies.\n\nPROJECT A CONS:\n• Market size and demand: While large, the market may be fragmented and require significant effort to standardize across certifications and regions.\n• Feasibility and development plan: The decentralized witness network and open-source widget are noted as 'exploratory,' which could add complexity and delay.\n• Revenue model and sustainability: Relies on brands/suppliers seeing enough value to pay a subscription; may face competition from existing supply chain solutions.\n• Risk awareness and mitigation: No explicit discussion of risks like adoption barriers, competition, or technology scalability.\n\nPROJECT B PROS:\n• Identical to Project A in all sections except Revenue Logic, where the success metric is slightly different (number of events fingerprinted vs. percentage completing a workflow).\n• All other pros from Project A apply equally.\n\nPROJECT B CONS:\n• Identical to Project A in all sections except Revenue Logic. The success metric (number of events fingerprinted) is less rigorous than Project A's metric (percentage completing a defined workflow), as it measures volume rather than meaningful engagement.\n• All other cons from Project A apply equally.\n\nCOMPARISON AND WINNER:\nProjects A and B are nearly identical, with the only difference being the success metric in the Revenue Logic section. Project A proposes measuring 'the percentage of trial partners who complete a defined workflow (e.g., fingerprint 5 sourcing events and generate 1 verification report),' while Project B proposes measuring 'the number of sourcing events fingerprinted per partner.' Project A's metric is superior for venture evaluation because it focuses on user engagement and completion of a valuable action, which is a stronger indicator of product-market fit and willingness to pay. Project B's metric could be gamed by low-quality usage and does not ensure users derive value. Therefore, Project A demonstrates slightly better strategic thinking in its go-to-market validation, giving it a marginal edge. All other criteria are identical, so Project A wins."
"local","6","3","L6.3","4","L6.4","L6.3","plan_3","PROJECT A PROS:\n• Clarity of value proposition: Clear privacy-first approach with verifiable digital fingerprints anchored to tamper-proof ledger.\n• Market size and demand: Targets growing demand for ethical sourcing verification across brands, suppliers, and consumers.\n• Feasibility and development plan: Well-structured with foundational registry, pilot use case (organic agriculture), and specific outreach plans to certification bodies and university sustainability offices.\n• Revenue model and sustainability: Subscription model with 90-day free trial and clear success metrics (percentage completing workflows).\n• Differentiation: Combines heirloom-quality goods with digital proof and proposes machine-readable open registry of ethical standards.\n• Impact and evidence plan: Specific pilot testing plan and dual outreach strategy to validate different use cases.\n• Risk awareness and mitigation: Privacy-first design addresses data sensitivity; pilot approach reduces implementation risk.\n\nPROJECT A CONS:\n• Market adoption risk: Requires coordination across multiple stakeholders (brands, suppliers, certification bodies).\n• Technical complexity: Building decentralized witness network and semantic registry adds development challenges.\n• Revenue uncertainty: Subscription model success depends on proving sufficient value during trial period.\n• Competitive landscape: Other blockchain-based provenance solutions exist, though semantic registry offers differentiation.\n\nPROJECT B PROS:\n• Clarity of value proposition: Identical clear value proposition to Project A.\n• Market size and demand: Same strong market opportunity.\n• Feasibility and development plan: Same structured approach with registry, pilot, and outreach plans.\n• Revenue model and sustainability: Similar subscription model but measures success by number of events fingerprinted (less specific than Project A's workflow completion metric).\n• Differentiation: Same combination of tangible goods with digital proof and semantic registry.\n• Impact and evidence plan: Same pilot and outreach strategies.\n• Risk awareness and mitigation: Same privacy-first design and pilot approach.\n\nPROJECT B CONS:\n• All same cons as Project A regarding market adoption, technical complexity, revenue uncertainty, and competition.\n• Slightly weaker success metric in revenue model (number of events vs. workflow completion percentage).\n\nBoth projects are identical in almost all aspects except for one subtle difference in their revenue logic success metrics. Project A specifies measuring 'the percentage of trial partners who complete a defined workflow (e.g., fingerprint 5 sourcing events and generate 1 verification report)' while Project B measures 'the number of sourcing events fingerprinted per partner.' Project A's metric is more sophisticated as it measures engagement quality (workflow completion) rather than just quantity (events fingerprinted), suggesting better understanding of what drives conversion to paid subscriptions. This small but meaningful difference in measurement sophistication gives Project A a slight edge in revenue model execution planning."
"local","6","3","L6.3","5","L6.5","L6.3","plan_3","{""Project A"": {""Pros"": [""• Clear value proposition: Privacy-first digital fingerprinting for ethical sourcing events with tamper-proof ledger provides concrete solution to provenance verification."", ""• Strong market demand: Addresses growing need for supply chain transparency among brands and consumers, with regulatory tailwinds."", ""• Thoughtful development plan: Includes foundational registry creation, targeted pilot with specific ethical standard, and parallel outreach to certification bodies and universities."", ""• Sustainable revenue model: Subscription service for brands/suppliers with free trial and clear success metrics (percentage completing workflows)."", ""• Good differentiation: Combines heirloom-quality goods with digital proof and proposes machine-readable registry of ethical standards."", ""• Solid evidence plan: Specific pilot focus on 'organic' agricultural product and outreach to Fair Trade International/GOTS."", ""• Risk awareness: Acknowledges need for credibility through partnerships and controlled pilot environment.""], ""Cons"": [""• Complex implementation: Building decentralized witness network and open-source registry requires significant technical and coordination effort."", ""• Market adoption risk: Requires buy-in from multiple stakeholders (brands, suppliers, certification bodies) simultaneously."", ""• Revenue model uncertainty: Subscription pricing not defined, enterprise upgrades remain exploratory."", ""• Somewhat scattered focus: Simultaneously targeting ethical sourcing and matching gift programs may dilute resources.""]}, ""Project B"": {""Pros"": [""• Identical strong value proposition and market opportunity as Project A."", ""• Same thoughtful development approach with registry, pilot, and outreach plans."", ""• Similar sustainable revenue model with subscription service."", ""• Same strong differentiation strategy with heirloom-quality goods and machine-readable registry."", ""• Identical evidence plan with specific pilot and partnership outreach."", ""• Same risk awareness through controlled testing and partnership development.""], ""Cons"": [""• Less precise success metrics: Measures 'number of sourcing events fingerprinted per partner' rather than workflow completion percentage (Project A's metric is more behavior-focused)."", ""• Slightly weaker metric design: Event count alone doesn't capture meaningful adoption or value realization."", ""• Otherwise identical to Project A's cons regarding implementation complexity and market adoption risks.""]}}"
"local","6","4","L6.4","0","L5.4","tie","tie","Exact same normalized text; skipped LLM call."
"local","6","4","L6.4","1","L6.1","L6.1","plan_1","PROJECT A PROS:\n• Clarity of value proposition: Strong, consistent focus on ethical sourcing provenance with clear privacy-first approach\n• Market size and demand: Addresses growing demand for supply chain transparency and ethical certification\n• Feasibility and development plan: Clear phased approach with foundational registry, pilot with specific standard, and targeted outreach\n• Revenue model and sustainability: Subscription model with 90-day trial and clear metrics for refinement\n• Differentiation: Strong focus on heirloom-quality goods with enduring digital proof and machine-readable registry\n• Impact and evidence plan: Specific pilot plan for organic agricultural product and outreach to certification bodies\n• Risk awareness and mitigation: Privacy-first design addresses data sensitivity concerns\n\nPROJECT A CONS:\n• Somewhat complex solution requiring multiple stakeholder coordination\n• Revenue model depends on brand/supplier adoption which may be slow\n• Matching gift use case feels like secondary focus rather than core\n\nPROJECT B PROS:\n• Clarity of value proposition: Identical to Project A - clear privacy-first provenance solution\n• Market size and demand: Same addressable markets as Project A\n• Feasibility and development plan: Includes widget pilot with specific engagement metrics\n• Revenue model and sustainability: Same subscription model with trial period\n• Differentiation: Same emphasis on verifiable provenance and machine-readable registry\n• Impact and evidence plan: Widget pilot adds concrete user engagement measurement\n• Risk awareness and mitigation: Same privacy-first approach\n\nPROJECT B CONS:\n• Nearly identical to Project A in most aspects\n• Slightly more scattered focus with widget pilot diverting from core ethical sourcing focus\n• No meaningful differentiation from Project A in value proposition or execution\n\nCRITICAL OBSERVATION: The two project descriptions are virtually identical. The only differences are:\n1. Project B adds a specific widget pilot with user engagement metrics\n2. Project B's solution section mentions the widget pilot earlier\n3. Otherwise, the text is essentially the same\n\nGiven the near-identical nature, both projects score similarly across all criteria. However, Project B's additional widget pilot with specific engagement metrics provides slightly more concrete evidence planning, though it also slightly dilutes the core focus. The differences are minimal enough that neither project demonstrates clear superiority."
"local","6","4","L6.4","2","L6.2","tie","tie","Exact same normalized text; skipped LLM call."
"local","6","4","L6.4","3","L6.3","L6.3","plan_3","Both projects are identical in their core description, value proposition, target users, solution, delivery model, and distinctiveness. The only differences are in two specific details within the Revenue Logic section. Both projects propose a subscription model with a 90-day free trial and plan to measure success during that trial to inform the subsequent subscription model. The difference lies in the specific success metric they plan to use. Project A plans to measure 'the number of sourcing events fingerprinted per partner.' Project B plans to measure 'the percentage of trial partners who complete a defined workflow (e.g., fingerprint 5 sourcing events and generate 1 verification report).' This subtle difference in metric selection is the sole basis for comparison. Based on the evaluation criteria: 1. Clarity of value proposition: Identical and clear for both. 2. Market size and demand: Identical for both. 3. Feasibility and development plan: Identical for both. 4. Revenue model and sustainability: Both propose the same model. Project B's success metric is slightly more sophisticated, focusing on user engagement and completion of a valuable workflow rather than just raw activity count. This could lead to better insights for pricing and feature design, indicating a marginally more thoughtful approach to validating the business model. 5. Differentiation: Identical for both. 6. Impact and evidence plan: Identical for both. 7. Risk awareness and mitigation: Identical for both. Given the near-identical nature of the projects, the evaluation hinges on the minor detail in the revenue validation plan. Project B's metric is a better indicator of product-market fit and user adoption of the core value proposition, as it measures completion of a meaningful task rather than just volume of a single action. Therefore, Project B has a slight edge."
"local","6","4","L6.4","5","L6.5","tie","tie","Exact same normalized text; skipped LLM call."
"local","6","5","L6.5","0","L5.4","tie","tie","Exact same normalized text; skipped LLM call."
"local","6","5","L6.5","1","L6.1","L6.5","plan_5","PROJECT A PROS:\n• Clarity of value proposition: Clear one-sentence summary explaining privacy-first verifiable provenance.\n• Market size and demand: Targets both brands and consumers in ethical sourcing, with specific initial focus on procurement teams in sustainability programs.\n• Feasibility and development plan: Detailed plan including foundational registry creation, pilot with specific ethical standard, and parallel outreach to university sustainability offices.\n• Revenue model and sustainability: Subscription service with 90-day free trial and clear success metrics, plus potential enterprise upgrades.\n• Differentiation: Strong focus on machine-readable open registry of ethical standards and semantic clarity beyond tamper-proof records.\n• Impact and evidence plan: Specific pilot plan for organic agricultural product and outreach to certification bodies.\n• Risk awareness and mitigation: Privacy-first design protects sensitive data, pilot approach reduces implementation risk.\n\nPROJECT A CONS:\n• Somewhat complex solution requiring multiple components (registry, ledger, widget, witness network).\n• Revenue model depends on brand/supplier adoption which may be slow in traditional industries.\n• Requires coordination with certification bodies which may have competing interests.\n\nPROJECT B PROS:\n• Clarity of value proposition: Identical clear summary to Project A.\n• Market size and demand: Same target markets as Project A.\n• Feasibility and development plan: Includes widget pilot with specific metrics (clicks, verifications) on nonprofit blog.\n• Revenue model and sustainability: Same subscription model as Project A.\n• Differentiation: Same focus on machine-readable registry and semantic clarity.\n• Impact and evidence plan: Widget pilot provides concrete user engagement measurement.\n• Risk awareness and mitigation: Same privacy-first approach.\n\nPROJECT B CONS:\n• Nearly identical to Project A in most aspects, suggesting potential lack of original thinking.\n• The widget pilot, while measurable, is less comprehensive than Project A's end-to-end pilot.\n• Same dependency on certification body partnerships.\n\nBoth projects are remarkably similar in content and structure, with Project B appearing to be essentially the same as Project A but with minor wording variations. The key difference is Project A's more comprehensive pilot approach focusing on end-to-end validation of core technology, while Project B emphasizes widget engagement metrics. Given the near-identical nature, Project A wins due to its slightly more coherent and comprehensive development plan that addresses the core technology validation more directly."
"local","6","5","L6.5","2","L6.2","tie","tie","Exact same normalized text; skipped LLM call."
"local","6","5","L6.5","3","L6.3","L6.5","plan_5","{""Project A"": {""Pros"": [""• Clear value proposition: Privacy-first verifiable digital fingerprints for ethical sourcing events anchored to tamper-proof ledger addresses authenticity and provenance verification needs directly."", ""• Large market potential: Targets both brands (supply chain validation) and consumers (trustworthy ethical goods) across multiple industries with regulatory tailwinds."", ""• Thoughtful development plan: Includes foundational registry creation, targeted pilot with specific ethical standard, and parallel outreach to certification bodies and university programs."", ""• Sustainable revenue model: Subscription service for brands/suppliers with 90-day free trial and clear success metrics (number of sourcing events fingerprinted)."", ""• Strong differentiation: Combines heirloom-quality goods concept with machine-readable open registry of ethical standards, creating semantic clarity layer."", ""• Good evidence plan: Proposes specific pilot (organic agricultural product) and outreach to Fair Trade International/GOTS and university sustainability offices."", ""• Risk awareness: Addresses privacy concerns through lightweight implementation that doesn't store sensitive data, only fingerprints.""], ""Cons"": [""• Market validation still theoretical: While plans exist, no actual traction or partnerships confirmed."", ""• Technical complexity: Building decentralized witness network and open-source registry requires significant development resources."", ""• Revenue model assumes B2B willingness to pay: Subscription pricing untested despite planned trial period."", ""• Dual focus (sourcing + matching gifts) could dilute initial execution."", ""• No quantified evidence of demand or pilot results provided.""]}, ""Project B"": {""Pros"": [""• Clear value proposition: Identical to Project A - privacy-first verifiable digital fingerprints for ethical sourcing events."", ""• Large market potential: Same target markets and use cases as Project A with regulatory drivers."", ""• Thoughtful development plan: Same foundational registry, pilot approach, and parallel outreach strategy."", ""• Sustainable revenue model: Subscription service with 90-day free trial and slightly more sophisticated success metrics (percentage completing defined workflow)."", ""• Strong differentiation: Same combination of heirloom-quality goods concept with machine-readable open registry."", ""• Good evidence plan: Same specific pilot and outreach plans to certification bodies and universities."", ""• Risk awareness: Same privacy-first implementation approach.""], ""Cons"": [""• Identical to Project A in nearly all aspects, suggesting potential lack of original thinking or copy-paste approach."", ""• Slightly better success metric (percentage completing workflow vs. number of events) is only marginal improvement."", ""• Same theoretical market validation issues as Project A."", ""• Same technical complexity challenges."", ""• Same revenue model assumptions."", ""• Same dual focus dilution risk."", ""• Same lack of quantified evidence.""]}}"
"local","6","5","L6.5","4","L6.4","tie","tie","Exact same normalized text; skipped LLM call."
"local","7","0","L6.1","1","L7.1","L6.1","plan_0","PROJECT A PROS:
• Clarity of value proposition: Strong, clear articulation of privacy-first digital fingerprinting for ethical sourcing with specific use cases.
• Market size and demand: Identifies substantial market needs across brands, consumers, and certification programs with clear regulatory drivers.
• Feasibility and development plan: Well-structured phased approach with specific pilot plans (nonprofit widget, organic standard pilot) and foundational registry development.
• Revenue model and sustainability: Clear subscription model for brands/suppliers with 90-day trial and metrics-driven approach to pricing.
• Differentiation: Strong dual differentiation: heirloom-quality goods concept combined with machine-readable open registry of ethical standards.
• Impact and evidence plan: Excellent evidence generation strategy with multiple pilot tests (widget engagement, organic standard validation, partnership outreach).
• Risk awareness and mitigation: Implicitly addresses privacy and trust risks through technical design; shows awareness of adoption challenges through pilot approach.

PROJECT A CONS:
• Somewhat complex with multiple parallel initiatives (widget, registry, matching gift outreach) that could dilute focus.
• Matching gift use case feels secondary to main ethical sourcing focus.
• Technical implementation of decentralized witness network adds complexity.

PROJECT B PROS:
• Clarity of value proposition: Identical to Project A - clear and well-articulated.
• Market size and demand: Same strong identification of market needs as Project A.
• Feasibility and development plan: Similar structured approach with specific pilots and foundational work.
• Revenue model and sustainability: Clear subscription model with targeted pilot to test value proposition.
• Differentiation: Same strong differentiation as Project A.
• Impact and evidence plan: Good evidence generation with pilot focus on brand partner usage metrics.
• Risk awareness and mitigation: Similar implicit risk awareness through technical design and pilot approach.

PROJECT B CONS:
• Slightly less comprehensive evidence generation plan compared to Project A (fewer parallel validation paths).
• Same complexity concerns regarding multiple initiatives.
• Matching gift use case similarly feels secondary.

COMPARATIVE ASSESSMENT:
Both projects are nearly identical in content and quality, sharing the same core value proposition, market analysis, solution design, and differentiation strategy. The only substantive difference appears in their evidence generation plans:
- Project A proposes measuring user engagement with a verification widget on a nonprofit blog
- Project B proposes measuring active usage (sourcing events fingerprinted) with a single brand partner

Project A demonstrates slightly more comprehensive thinking about evidence generation by planning to test both user-facing engagement (widget) and the core technology (organic standard pilot), while Project B focuses primarily on partner usage metrics. Project A's approach to gathering evidence from multiple angles (end-user engagement and technical validation) shows stronger strategic planning for de-risking the venture.

Both projects are strong, but Project A's more diversified evidence generation strategy gives it a slight edge in demonstrating viability and understanding different aspects of market adoption."
"local","7","0","L6.1","2","L7.2","L7.2","plan_2","Both projects are identical in their core description, value proposition, and overall structure. However, a detailed comparison reveals a subtle but critical difference in their development and validation approach, particularly within the 'Solution / Product Overview' section.

**PROJECT A**
**Pros:**
• **Clarity of value proposition:** Very clear. Offers a privacy-first, verifiable digital fingerprint for ethical sourcing events anchored to a public ledger.
• **Market size and demand:** Identifies a relevant and growing market (ethical sourcing verification, corporate matching gifts) with clear initial user groups (procurement teams, certification bodies).
• **Feasibility and development plan:** Outlines a logical, stepwise plan including a foundational registry, targeted pilot with a nonprofit blog for the widget, and a parallel pilot for a specific ethical standard (e.g., 'organic').
• **Revenue model and sustainability:** Proposes a clear SaaS subscription model for brands/suppliers with a 90-day free trial and defined success metrics.
• **Differentiation:** Strong. Combines tamper-proof ledger with a machine-readable registry of ethical standards, aiming for semantic clarity and auditability beyond simple verification.
• **Impact and evidence plan:** Plans for specific, limited pilots (nonprofit widget, organic standard) to gather user engagement and technical validation data.
• **Risk awareness and mitigation:** Implicitly addresses data privacy risks through its 'privacy-first' design (fingerprints, not raw data). The plan to explore a decentralized witness network shows awareness of ledger trust risks.

**Cons:**
• **Feasibility and development plan:** The widget pilot plan jumps directly to a live deployment on a nonprofit's blog to measure user engagement. This lacks a prior, controlled technical validation step, which could risk a poor user experience or technical failures during the pilot, potentially damaging early credibility.
• **Risk awareness and mitigation:** The direct-to-pilot approach for the widget indicates a potential underestimation of technical integration and reliability risks before public exposure.

**PROJECT B**
**Pros:**
• **Clarity of value proposition:** Identical to Project A – very clear.
• **Market size and demand:** Identical to Project A – well-identified.
• **Feasibility and development plan:** **Superior to Project A.** It includes an explicit, planned 'closed alpha' technical test with internal testers for the verification widget *before* the single-nonprofit pilot. This demonstrates a more methodical, risk-aware development approach.
• **Revenue model and sustainability:** Identical to Project A – clear and viable.
• **Differentiation:** Identical to Project A – strong and well-articulated.
• **Impact and evidence plan:** Enhanced by the two-phase validation (technical alpha then live pilot), which is more likely to yield reliable evidence and a polished final product.
• **Risk awareness and mitigation:** **Superior to Project A.** The inclusion of a closed alpha test specifically to 'assess technical reliability and interface clarity' before public deployment shows a higher degree of operational risk awareness and a concrete mitigation strategy.

**Cons:**
• **Feasibility and development plan:** The two-phase approach (alpha then pilot) may slightly extend the timeline to initial market feedback compared to Project A's more direct approach, though this is a minor trade-off for reduced risk.

**Overall Winner:** Project B wins. The core ideas, market fit, and business models are identical and strong for both. However, Project B demonstrates superior execution planning and risk management by explicitly incorporating a technical validation phase (closed alpha) before its public pilot. This reflects a more mature, systematic approach to product development, which significantly increases the likelihood of a successful, credible pilot and reduces the risk of early failures that could undermine stakeholder trust. In venture analysis, the quality of the execution plan is often the decisive factor between otherwise similar concepts."
"local","7","0","L6.1","3","L7.3","L7.3","plan_3","{""Project A"": {""Pros"": [""• Clear value proposition: Privacy-first platform providing verifiable digital fingerprints of ethical sourcing events anchored to tamper-proof ledger addresses the credibility problem of sustainability claims directly."", ""• Strong market potential: Targets growing demand for supply chain transparency from both brands (for certifications/regulations) and conscious consumers, with specific initial focus on procurement teams."", ""• Thoughtful development plan: Includes multiple specific pilot concepts (nonprofit widget, organic product pilot) to test different aspects, showing iterative approach."", ""• Clear revenue model: Subscription service for brands/suppliers with 90-day free trial and defined success metrics provides straightforward monetization path."", ""• Good differentiation: Focus on creating permanent, independently verifiable records linked to precise ethical standard definitions via open registry adds semantic clarity missing in current solutions."", ""• Solid evidence plan: Proposes targeted outreach to certification bodies (Fair Trade International, GOTS) and specific pilot deployments to validate assumptions."", ""• Some risk awareness: Privacy-first approach addresses data sensitivity concerns, though specific mitigation strategies could be more detailed.""], ""Cons"": [""• Market validation still theoretical: While pilots are planned, no actual traction or partnerships are confirmed yet."", ""• Development complexity: Building both the fingerprinting technology, ledger system, open registry, and verification widget simultaneously is ambitious."", ""• Revenue model validation needed: Subscription pricing and willingness-to-pay from target users remains unproven despite planned trial."", ""• Competitive landscape not addressed: No mention of existing provenance/blockchain solutions or how this specifically outperforms them."", ""• Risk mitigation underdeveloped: While privacy is addressed, other risks like adoption barriers, technical challenges, or regulatory issues aren't thoroughly explored.""]}, ""Project B"": {""Pros"": [""• All strengths of Project A plus additional validation step: Adds targeted outreach to specific procurement team for direct feedback on core concepts before full build."", ""• More comprehensive user validation: Includes three distinct validation approaches (certification body partnership, nonprofit pilot, procurement team feedback) showing systematic approach to de-risking."", ""• Better risk mitigation: The additional procurement team outreach specifically addresses the risk of building features that don't match actual user needs."", ""• Stronger evidence plan: Multiple concrete validation activities planned across different user segments (nonprofits, certification bodies, procurement teams, university offices)."", ""• More iterative development approach: The procurement feedback loop suggests willingness to refine based on real user input rather than assumptions.""], ""Cons"": [""• Same core challenges as Project A: All the cons listed for Project A still apply equally to Project B."", ""• Potentially slower initial progress: Additional validation steps might delay development timeline compared to Project A's approach."", ""• Resource allocation: Managing multiple parallel validation activities simultaneously could stretch early-stage resources thin.""]}}"
"local","7","0","L6.1","4","L7.4","L7.4","plan_4","{""Project A"": {""Pros"": [""• Clear value proposition: Privacy-first platform providing verifiable digital fingerprints for ethical sourcing events with tamper-proof ledger anchoring addresses a clear market need for provenance verification."", ""• Strong market potential: Targets both brands (supply chain validation) and consumers (trustworthy ethical goods) with specific focus on procurement teams in sustainability programs."", ""• Well-structured development plan: Includes specific pilot programs (nonprofit widget deployment, organic product pilot), targeted outreach to certification bodies, and foundational registry development."", ""• Sustainable revenue model: Subscription service for brands/suppliers with 90-day free trial and clear success metrics provides predictable revenue stream."", ""• Good differentiation: Combines tangible goods with digital provenance proof and proposes machine-readable open registry of ethical standards."", ""• Comprehensive evidence plan: Multiple pilot tests planned (widget engagement, organic product workflow, certification body partnership)."", ""• Risk awareness: Addresses privacy concerns through fingerprinting rather than raw data storage and proposes decentralized witness network for trust.""], ""Cons"": [""• Market validation still theoretical: While pilots are planned, no actual results or partnerships are confirmed."", ""• Complex implementation: Requires coordination between multiple stakeholders (brands, suppliers, certification bodies) which could slow adoption."", ""• Revenue model dependency: Success hinges on convincing brands to pay subscriptions before network effects are established."", ""• Consumer adoption unproven: While targeting consumers, the primary revenue comes from B2B, creating potential misalignment.""]}, ""Project B"": {""Pros"": [""• All strengths of Project A plus additional validation component."", ""• Enhanced evidence plan: Adds specific user comprehension testing through surveys/focus groups comparing digital fingerprints vs traditional certificates."", ""• More thorough market validation: Additional testing layer addresses critical adoption barrier of consumer trust and understanding."", ""• Better risk mitigation: User comprehension testing helps mitigate the risk of market misunderstanding of the core technology."", ""• Stronger foundation for scaling: Understanding user perception before full rollout reduces implementation risk.""], ""Cons"": [""• Same core limitations as Project A regarding market validation and implementation complexity."", ""• Additional testing phase could potentially delay time-to-market."", ""• No quantified evidence yet from the proposed comprehension testing.""]}}"
"local","7","0","L6.1","5","L7.5","L6.1","plan_0","Both projects present identical core concepts with nearly identical descriptions across all sections. The only discernible differences are minor variations in pilot testing targets: Project A specifies a 'single nonprofit's blog' for widget testing and a 'university sustainability office' for matching gift validation, while Project B specifies a 'single nonprofit's blog' and a 'corporate foundation' for the same purposes. Given the overwhelming similarity, both projects share identical strengths and weaknesses across all evaluation criteria. The differences in pilot targets are too minor to constitute meaningful differentiation in feasibility, market validation, or risk mitigation. Both projects demonstrate: 1) Clear value proposition for verifiable ethical provenance; 2) Large potential market addressing sustainability verification needs; 3) Thoughtful but complex development plan with multiple technical components; 4) Subscription revenue model with unclear pricing and adoption challenges; 5) Good differentiation through privacy-first, ledger-based approach; 6) Detailed evidence-gathering plans but no actual results; 7) Some risk awareness but limited mitigation specifics. Since the projects are functionally identical, the assessment must be equal.

PROJECT A PROS:
• Clear value proposition addressing verifiable ethical sourcing
• Large addressable market in sustainability-conscious brands and consumers
• Detailed, phased development plan with specific pilot concepts
• Subscription model targets enterprise customers with potential for recurring revenue
• Strong differentiation through privacy-first ledger and open registry approach
• Good evidence plan with proposed pilots and partnership outreach
• Acknowledges complexity and proposes controlled testing

PROJECT A CONS:
• Highly complex technical implementation requiring multiple components (ledger, widget, registry)
• Revenue model depends on enterprise adoption with unclear willingness-to-pay
• No actual traction, partnerships, or completed development mentioned
• Requires coordination across multiple stakeholder groups (brands, suppliers, certifiers)
• Market education challenge for new verification paradigm
• Pilot targets (nonprofit blog, university office) may not validate core enterprise revenue model

PROJECT B PROS:
• Identical to Project A: Clear value proposition for verifiable ethical sourcing
• Identical to Project A: Large addressable market in sustainability verification
• Identical to Project A: Detailed development plan with specific pilot concepts
• Identical to Project A: Subscription revenue model targeting enterprises
• Identical to Project A: Strong differentiation through privacy-first ledger approach
• Identical to Project A: Good evidence plan with proposed pilots and outreach
• Identical to Project A: Acknowledges implementation complexity

PROJECT B CONS:
• Identical to Project A: Highly complex technical implementation
• Identical to Project A: Unproven enterprise revenue model
• Identical to Project A: No actual traction or partnerships demonstrated
• Identical to Project A: Requires multi-stakeholder coordination
• Identical to Project A: Market education challenge
• Pilot targets (nonprofit blog, corporate foundation) similar in validation power to Project A's

Given the projects are essentially identical with only trivial differences in pilot target selection, neither project demonstrates meaningful superiority. The minor variation in secondary outreach targets (university vs. corporate foundation) doesn't significantly impact feasibility, market validation, or risk profile."
"local","7","1","L7.1","0","L6.1","L7.1","plan_1","{""Project A"": {""pros"": [""• Clear, focused value proposition centered on verifiable digital fingerprints for ethical sourcing events"", ""• Strong market demand from brands needing proof for certifications and consumers seeking trustworthy goods"", ""• Well-structured development plan with specific pilots: widget testing, organic standard validation, and matching gift outreach"", ""• Clear revenue model with subscription service and free trial period to test adoption"", ""• Strong differentiation through machine-readable registry of ethical standards and heirloom-quality positioning"", ""• Good evidence plan with multiple targeted pilots and outreach to certification bodies"", ""• Risk awareness shown through privacy-first design, limited pilots, and exploration of witness network""], ""cons"": [""• Market size quantification is absent; demand is described but not quantified"", ""• Technical feasibility of decentralized witness network and semantic registry requires significant development"", ""• Revenue sustainability depends on brand adoption; consumer-side monetization not addressed"", ""• Competitive landscape analysis is missing; similar blockchain provenance solutions exist"", ""• Operational risks of maintaining public ledger and partnerships with certification bodies are underexplored""]}, ""Project B"": {""pros"": [""• Identical core value proposition to Project A: privacy-first platform for verifiable ethical sourcing fingerprints"", ""• Same strong market demand from brands and consumers"", ""• Identical development plan with specific pilots and outreach strategies"", ""• Identical revenue model with subscription service and free trial"", ""• Same strong differentiation through machine-readable registry and heirloom-quality positioning"", ""• Same good evidence plan with multiple targeted pilots"", ""• Same risk awareness through privacy-first design and limited pilots""], ""cons"": [""• All cons from Project A apply equally: no market quantification, technical feasibility challenges, revenue dependency on brands, missing competitive analysis, underexplored operational risks"", ""• No meaningful differentiation from Project A in any criteria; appears to be a duplicate description with minor wording variations""]}}"
"local","7","1","L7.1","2","L7.2","L7.2","plan_2","{""Project A"": {""Pros"": [""• Clear value proposition: Privacy-first platform providing verifiable digital fingerprints for ethical sourcing events with tamper-proof ledger"", ""• Strong market demand: Addresses growing need for supply chain transparency and sustainability verification"", ""• Thoughtful development plan: Includes specific pilot programs (single nonprofit widget test, organic standard pilot) and outreach to certification bodies"", ""• Clear revenue model: Subscription service for brands/suppliers with 90-day free trial and targeted pilot"", ""• Good differentiation: Combines heirloom-quality goods with digital provenance and machine-readable registry of ethical standards"", ""• Solid evidence plan: Multiple pilot tests planned with specific metrics (user engagement, sourcing events fingerprinted)"", ""• Good risk awareness: Addresses privacy concerns through fingerprinting rather than raw data storage""], ""Cons"": [""• Market size not quantified: No specific market size data provided"", ""• Technical feasibility questions: Decentralized witness network adds complexity without clear implementation details"", ""• Revenue sustainability concerns: Relies heavily on brand/supplier adoption; consumer side monetization unclear"", ""• Execution risk: Multiple parallel initiatives (widget, registry, matching gift outreach) may dilute focus"", ""• Limited risk mitigation: No clear contingency plans if certification body partnerships fail""]}, ""Project B"": {""Pros"": [""• Identical clear value proposition to Project A"", ""• Identical strong market demand assessment"", ""• More structured development approach: Adds closed alpha technical test for widget before nonprofit pilot, showing better phased validation"", ""• Identical clear revenue model with success metrics"", ""• Identical strong differentiation strategy"", ""• Better evidence collection: Explicit technical validation step shows more rigorous testing approach"", ""• Identical good risk awareness regarding privacy""], ""Cons"": [""• Same lack of quantified market size"", ""• Same technical feasibility questions with decentralized network"", ""• Same revenue sustainability concerns"", ""• Same execution risk with multiple parallel initiatives"", ""• Same limited risk mitigation strategies""]}, ""Comparison"": ""Both projects are nearly identical in concept, value proposition, target market, and differentiation strategy. The key difference is in development approach: Project B demonstrates superior planning by including a closed alpha technical test for the verification widget before proceeding to the nonprofit pilot. This shows more methodical validation, better risk management in product development, and potentially stronger execution discipline. While both have identical strengths in addressing a genuine market need with clear privacy-first architecture and subscription revenue model, Project B's additional validation step gives it a slight edge in feasibility planning and evidence collection.""}"
"local","7","1","L7.1","3","L7.3","L7.3","plan_3","{
  ""Project A"": {
    ""Pros"": [
      ""• Clear value proposition: Privacy-first verifiable digital fingerprints for ethical sourcing events anchored to tamper-proof ledger"",
      ""• Strong differentiation: Combines heirloom-quality goods with enduring digital proof and proposes machine-readable open registry of ethical standards"",
      ""• Good market awareness: Targets both brands (procurement teams) and consumers, addresses sustainability certification needs"",
      ""• Practical development approach: Proposes specific pilots (nonprofit widget, organic product validation) to test functionality"",
      ""• Revenue model clarity: Subscription service with 90-day free trial and pilot measurement plan""
    ],
    ""Cons"": [
      ""• Overly ambitious scope: Attempts to address both ethical goods provenance AND charitable donation verification simultaneously"",
      ""• Feasibility concerns: Building decentralized witness network and open-source registry adds significant technical complexity"",
      ""• Market validation gaps: No evidence of existing partnerships or traction with mentioned certification bodies"",
      ""• Risk mitigation underdeveloped: Limited discussion of technical risks, adoption barriers, or competitive threats"",
      ""• Evidence plan relies heavily on proposed pilots rather than existing validation""
    ]
  },
  ""Project B"": {
    ""Pros"": [
      ""• Identical strong value proposition to Project A: Privacy-first verifiable digital fingerprints anchored to tamper-proof ledger"",
      ""• More focused validation approach: Adds targeted outreach to procurement team for direct feedback before full build"",
      ""• Better evidence planning: Specifically mentions measuring success metrics during trial period"",
      ""• Maintains all strong differentiation points: Machine-readable registry, semantic clarity, auditability advantages"",
      ""• Same practical pilots as Project A but with additional user research component""
    ],
    ""Cons"": [
      ""• Shares same scope challenges as Project A: Dual focus on ethical goods and charitable donations"",
      ""• Same feasibility concerns: Technical complexity of decentralized systems and registry development"",
      ""• Identical market validation gaps: No actual partnerships or traction demonstrated"",
      ""• Revenue model identical to Project A with same sustainability questions"",
      ""• Risk awareness still insufficient despite slightly better validation approach""
    ]
  }
}"
"local","7","1","L7.1","4","L7.4","L7.4","plan_4","PROJECT A PROS: • Clear value proposition focusing on verifiable provenance for ethical sourcing • Identifies substantial market need driven by sustainability certification and regulatory requirements • Well-structured development plan with specific pilot tests (widget pilot, organic standard pilot, brand partner pilot) • Revenue model with subscription service and free trial period demonstrates business thinking • Strong differentiation through machine-readable registry of ethical standards and semantic clarity • Good evidence plan with multiple targeted pilots and outreach to certification bodies • Shows risk awareness through privacy-first design and controlled pilot approach PROJECT A CONS: • Market validation relies heavily on planned outreach rather than demonstrated traction • Revenue model depends on brand adoption which may be slow in regulated industries • Technical feasibility of decentralized witness network is complex and untested • Consumer adoption path is less clear than B2B focus • No mention of competitive landscape analysis PROJECT B PROS: • Includes all strengths of Project A's core proposition • Adds valuable consumer-focused experiment to test comprehension of digital fingerprint concept • More explicit about measuring success metrics during free trial period • Maintains same strong privacy-first architecture and development approach • Same clear differentiation through semantic registry approach PROJECT B CONS: • Same market validation challenges as Project A • Revenue model faces same adoption hurdles • Additional consumer experiment adds minor complexity without addressing core business risks • Slightly less focused on immediate B2B validation than Project A (though difference is minimal) WINNER ANALYSIS: Both projects are nearly identical in their core proposition, with Project B having a slight edge due to its planned consumer comprehension experiment. However, Project A demonstrates slightly stronger focus on immediate business validation through its specific brand partner pilot plan. The differences are minimal, but Project B's additional validation step for consumer understanding of the core technology gives it a marginal advantage in evidence planning. Both face similar challenges in market adoption and technical execution, but Project B shows slightly more comprehensive validation planning."
"local","7","1","L7.1","5","L7.5","L7.1","plan_1","PROJECT A PROS:\n• Clarity of value proposition: Clear one-sentence summary and problem statement focused on ethical sourcing provenance with privacy protection.\n• Market size and demand: Targets both brands and consumers in ethical goods market, identifies procurement teams as initial target with clear regulatory/certification drivers.\n• Feasibility and development plan: Contains specific pilot plans including widget deployment on nonprofit blog, organic standard pilot, and outreach to certification bodies.\n• Revenue model and sustainability: Subscription model with 90-day free trial and clear pilot metrics (number of sourcing events fingerprinted).\n• Differentiation: Strong focus on machine-readable registry of ethical standards and semantic clarity beyond basic tamper-proof records.\n• Impact and evidence plan: Multiple specific pilot proposals with measurable metrics (user engagement clicks, verification counts).\n• Risk awareness and mitigation: Privacy-first design protects sensitive data, lightweight implementation reduces infrastructure risk.\n\nPROJECT A CONS:\n• Somewhat complex solution with multiple components (widget, registry, witness network) that may increase development complexity.\n• Revenue model relies heavily on brand/supplier adoption which may be slow in traditional industries.\n• Matching gift program use case feels somewhat disconnected from core ethical sourcing focus.\n• No mention of existing partnerships or traction beyond proposed outreach plans.\n\nPROJECT B PROS:\n• Identical strong value proposition and problem statement as Project A.\n• Same clear target market and user identification.\n• Similar privacy-first delivery model and revenue logic.\n• Contains specific pilot plans and outreach strategies.\n\nPROJECT B CONS:\n• Slightly less specific in pilot execution compared to Project A (mentions 'corporate foundation' rather than 'university sustainability office' for matching gift validation).\n• Revenue metrics described more generically ('clear metrics' vs Project A's 'number of sourcing events fingerprinted per partner').\n• Slightly less detailed evidence plan overall, though still substantial.\n\nBoth projects are nearly identical in core description, but Project A demonstrates marginally better planning specificity with: (1) more concrete pilot targets (university sustainability office vs corporate foundation), (2) slightly more detailed success metrics, and (3) maintains all the same strong differentiation elements. The differences are subtle but meaningful in crowdfunding where execution details matter. Project A shows slightly more thoughtful validation planning across multiple use cases."
"local","7","2","L7.2","0","L6.1","L7.2","plan_2","{
  ""Project A"": {
    ""Pros"": [
      ""• Clarity of value proposition: Excellent clarity with specific examples of ethical sourcing and matching gift programs. The one-sentence summary is strong and memorable."",
      ""• Market size and demand: Targets a large, growing market (ethical sourcing verification) with clear regulatory and consumer demand drivers. Identifies specific initial user groups (procurement teams, certification programs)."",
      ""• Feasibility and development plan: Strong, detailed plan with multiple validation steps: technical alpha test for widget, pilot with single nonprofit, pilot for ethical standard (e.g., organic), and parallel outreach to university sustainability office. Shows methodical, risk-aware approach."",
      ""• Revenue model and sustainability: Clear subscription model for brands/suppliers with planned 90-day free trial and defined success metrics (events fingerprinted). Potential for enterprise upgrades."",
      ""• Differentiation: Strong dual differentiation: (1) heirloom-quality goods with digital proof, (2) machine-readable, open registry of ethical standards linked to fingerprints. Creates unique semantic clarity."",
      ""• Impact and evidence plan: Robust evidence plan includes technical tests, specific pilots, and targeted partnership outreach (certification bodies, university). Metrics defined for widget engagement."",
      ""• Risk awareness and mitigation: Implicitly addresses technical risks via alpha test, adoption risks via pilots and outreach, and credibility risks via partnership with certification bodies.""
    ],
    ""Cons"": [
      ""• Market size and demand: While large, the market may be fragmented across standards and geographies, requiring significant effort to achieve scale."",
      ""• Feasibility and development plan: The plan is complex with multiple parallel tracks (widget, registry, pilots, outreach). Execution risk is high if resources are limited."",
      ""• Revenue model and sustainability: Relies on B2B subscription sales, which can have long sales cycles. Free trial conversion rates are uncertain."",
      ""• Differentiation: The 'heirloom-quality goods' angle in Distinctiveness seems slightly disconnected from the core platform description, potentially confusing."",
      ""• Impact and evidence plan: No explicit mention of quantifying reduction in verification friction or increase in matching gift participation—key value metrics."",
      ""• Risk awareness and mitigation: No explicit discussion of competition (e.g., existing blockchain provenance solutions) or data privacy regulatory risks (e.g., GDPR).""
    ]
  },
  ""Project B"": {
    ""Pros"": [
      ""• Clarity of value proposition: Same strong one-sentence summary as Project A. Clear problem statement around digital authenticity and matching gift inefficiency."",
      ""• Market size and demand: Identical to Project A—targets large ethical sourcing and donation verification markets with specific initial user groups."",
      ""• Feasibility and development plan: Includes key elements: widget pilot with nonprofit, registry creation, outreach to certification body, pilot for ethical standard, and outreach to university. Logically structured."",
      ""• Revenue model and sustainability: Identical to Project A—subscription model with free trial and metrics."",
      ""• Differentiation: Identical to Project A—strong focus on verifiable provenance and machine-readable registry of standards."",
      ""• Impact and evidence plan: Plans for widget pilot with engagement metrics, registry partnership outreach, and ethical standard pilot. Good focus on validation."",
      ""• Risk awareness and mitigation: Similar implicit risk mitigation through pilots and partnerships.""
    ],
    ""Cons"": [
      ""• Feasibility and development plan: Less detailed than Project A. Missing the explicit technical alpha test for the widget before the nonprofit pilot, which Project A includes. This suggests a slightly higher technical execution risk."",
      ""• Impact and evidence plan: Slightly less rigorous validation plan than Project A due to absence of the technical alpha test step. May lead to pilot failures if widget is not robust."",
      ""• Risk awareness and mitigation: Same as Project A—no explicit competition or regulatory risk discussion. Additionally, the lack of technical alpha test indicates potentially lower awareness of technical implementation risks."",
      ""• All other cons are identical to Project A's cons (market fragmentation, revenue model challenges, slightly confusing 'heirloom' differentiation, missing key metrics).""
    ]
  }
}"
"local","7","2","L7.2","1","L7.1","L7.2","plan_2","{""Project A"": {""Pros"": [""• Clarity of value proposition: Clear, specific explanation of how digital fingerprints and ledger anchoring provide verifiable proof while protecting sensitive data. Explicitly connects to solving credibility problems in sustainability claims."", ""• Market size and demand: Identifies multiple target segments (brands, consumers, procurement teams) with specific pain points around certification compliance and consumer trust. Mentions corporate matching gift programs as an additional market."", ""• Feasibility and development plan: Shows strong planning with sequential validation steps: internal technical test (closed alpha) before nonprofit pilot, parallel outreach to certification bodies and university sustainability offices, and controlled pilot for organic standard validation."", ""• Revenue model and sustainability: Clear subscription model with 90-day free trial and specific success metrics (number of sourcing events fingerprinted per partner). Mentions optional enterprise upgrades."", ""• Differentiation: Strong emphasis on semantic clarity through machine-readable registry of ethical standards. Combines tangible material qualities with enduring digital proof."", ""• Impact and evidence plan: Excellent validation approach with multiple planned pilots (technical alpha, nonprofit widget, organic standard, subscription pilot) and clear metrics for each."", ""• Risk awareness and mitigation: Implicitly addresses privacy risks through lightweight implementation, technical risks through phased testing, and adoption risks through partnership outreach.""], ""Cons"": [""• Market size and demand: While multiple segments are identified, no quantification of market size or specific demand validation beyond planned outreach."", ""• Revenue model and sustainability: Subscription pricing details are vague, and enterprise upgrade exploration is not specific."", ""• Risk awareness and mitigation: No explicit discussion of ledger technology risks, regulatory compliance issues, or competitive threats.""]}, ""Project B"": {""Pros"": [""• Clarity of value proposition: Same clear explanation as Project A regarding digital fingerprints and ledger anchoring for provenance verification."", ""• Market size and demand: Identifies same target segments and pain points as Project A, showing good market understanding."", ""• Feasibility and development plan: Includes nonprofit widget pilot, registry development, organic standard pilot, and university outreach. Shows reasonable planning."", ""• Revenue model and sustainability: Same subscription model with 90-day trial, plus specific pilot with single brand partner to test value proposition."", ""• Differentiation: Same strong emphasis on semantic clarity and machine-readable registry as Project A."", ""• Impact and evidence plan: Good validation approach with multiple planned pilots and outreach activities.""], ""Cons"": [""• Feasibility and development plan: Less rigorous than Project A - lacks the internal technical test (closed alpha) before the nonprofit widget pilot, increasing technical risk."", ""• Impact and evidence plan: Validation approach is less systematic than Project A's sequential testing methodology."", ""• Market size and demand: Same lack of quantification as Project A."", ""• Revenue model and sustainability: Same vagueness in pricing and enterprise upgrades."", ""• Risk awareness and mitigation: No explicit risk discussion, and the less phased testing approach suggests lower technical risk awareness.""]}}"
"local","7","2","L7.2","3","L7.3","L7.2","plan_2","{""Project A"": {""pros"": [""• Clarity of value proposition: Clear, focused on verifiable digital fingerprints for ethical sourcing with specific use cases (matching gift programs, supplier discovery)."", ""• Market size and demand: Addresses growing need for supply chain transparency and sustainability verification across multiple sectors (consumer goods, nonprofits)."", ""• Feasibility and development plan: Well-structured with phased approach: technical alpha test for widget, single-nonprofit pilot, foundational registry development, and targeted outreach to certification bodies. Shows methodical validation."", ""• Revenue model and sustainability: Subscription model with 90-day free trial and clear metrics (events fingerprinted per partner) to inform pricing. Potential for enterprise upgrades."", ""• Differentiation: Strong focus on machine-readable, open registry of ethical standards linked to fingerprints, creating semantic clarity beyond tamper-proof records."", ""• Impact and evidence plan: Specific pilot plans (organic product standard, nonprofit widget) and outreach to certification bodies (Fair Trade International, GOTS) to establish credibility."", ""• Risk awareness and mitigation: Implicitly addresses data privacy risks through lightweight, anonymized fingerprinting and explores decentralized witness network for trust.""], ""cons"": [""• Market size and demand: Relies on adoption by multiple stakeholder groups (brands, suppliers, certification bodies), which may be slow."", ""• Feasibility and development plan: Complex due to need for registry standardization and partnerships with certification bodies, which could delay implementation."", ""• Revenue model and sustainability: Subscription model may face resistance if perceived value isn't immediately clear during free trial."", ""• Risk awareness and mitigation: No explicit mention of technical risks (e.g., ledger security, fingerprint collision) or competitive threats.""]}, ""Project B"": {""pros"": [""• Clarity of value proposition: Identical to Project A, with same focus on verifiable digital fingerprints for ethical sourcing."", ""• Market size and demand: Same as Project A, targeting brands, consumers, and procurement teams for sustainability verification."", ""• Feasibility and development plan: Includes all of Project A's elements plus additional targeted outreach to a procurement team for feedback before full build, enhancing user-centric design."", ""• Revenue model and sustainability: Identical to Project A's subscription model with free trial and metrics."", ""• Differentiation: Same as Project A, emphasizing machine-readable registry and semantic clarity."", ""• Impact and evidence plan: Similar pilots (nonprofit widget, organic product standard) and outreach to certification bodies, but adds procurement team feedback loop."", ""• Risk awareness and mitigation: Additional user feedback step may reduce product-market fit risks.""], ""cons"": [""• Feasibility and development plan: More steps (procurement outreach) could lengthen timeline compared to Project A's focused technical validation."", ""• Differentiation: No additional distinctiveness beyond Project A."", ""• Risk awareness and mitigation: Like Project A, lacks explicit technical risk mitigation.""]}}"
"local","7","2","L7.2","4","L7.4","L7.2","plan_2","{""Project A"": {""pros"": [""• Clarity of value proposition: Strong and consistent focus on ethical sourcing provenance with clear privacy-first approach.\n• Market size and demand: Identifies multiple high-value target segments (brands, procurement teams, consumers) with regulatory/certification drivers.\n• Feasibility and development plan: Well-structured phased approach with technical alpha test before pilot, demonstrating methodical validation.\n• Revenue model and sustainability: Clear subscription model with 90-day trial and defined success metrics (events fingerprinted per partner).\n• Differentiation: Unique combination of tamper-proof ledger + machine-readable registry of ethical standards creates semantic auditability.\n• Impact and evidence plan: Specific pilot design with single nonprofit blog and clear engagement metrics (clicks, verifications).\n• Risk awareness and mitigation: Addresses privacy concerns through fingerprinting rather than raw data storage; explores decentralized witness network for trust.""], ""cons"": [""• Market validation: While outreach plans exist, no evidence of actual partnerships or pilot results yet.\n• Technical complexity: Building both ledger infrastructure and open-source registry requires significant development resources.\n• User adoption: Relies heavily on network effects between brands, suppliers, and certification bodies.\n• Revenue timing: Subscription model depends on proving value during trial period before monetization.""]}, ""Project B"": {""pros"": [""• Clarity of value proposition: Identical strong value proposition to Project A with same privacy-first approach.\n• Market size and demand: Same well-identified target segments and use cases as Project A.\n• Feasibility and development plan: Includes additional user comprehension experiment (survey/focus group) to validate consumer trust.\n• Revenue model and sustainability: Same clear subscription model with trial period and metrics.\n• Differentiation: Same unique ledger + registry approach as Project A.\n• Impact and evidence plan: Adds consumer trust validation component beyond just technical/engagement metrics.\n• Risk awareness and mitigation: Additional focus on consumer perception risk through planned experiment.""], ""cons"": [""• Development sequencing: Lacks Project A's explicit technical alpha test before pilot, potentially risking technical issues in live pilot.\n• Market validation: Same lack of actual partnerships or results as Project A.\n• Technical complexity: Identical complex development requirements as Project A.\n• Scope creep: Additional consumer experiment may divert resources from core technology validation.""]}}"
"local","7","2","L7.2","5","L7.5","L7.2","plan_2","PROJECT A ANALYSIS:
Pros:
• Clarity of value proposition: Clear 'privacy-first' positioning with specific technical mechanism (fingerprints + ledger).
• Feasibility and development plan: Excellent structured approach with technical alpha test before pilot, showing methodical validation.
• Impact and evidence plan: Strong evidence plan with specific pilot metrics (widget engagement) and parallel outreach to university sustainability offices.
• Risk awareness and mitigation: Shows awareness through staged testing (alpha → pilot) and targeted partnership outreach.
• Differentiation: Strong focus on machine-readable registry and semantic clarity beyond simple timestamping.

Cons:
• Market size and demand: While target users are identified, quantification of market size is absent.
• Revenue model and sustainability: Subscription model is clear but pricing strategy and scalability details are limited.
• Some redundancy in describing outreach plans across sections.

PROJECT B ANALYSIS:
Pros:
• Clarity of value proposition: Identical clear core proposition to Project A.
• Market size and demand: Identifies same target segments with reasonable specificity.
• Differentiation: Same strong differentiation points around machine-readable registry.
• Revenue model: Same clear subscription model with trial period.

Cons:
• Feasibility and development plan: Less structured than A; jumps directly to pilot without technical validation phase.
• Impact and evidence plan: Less comprehensive evidence gathering; single pilot without preliminary technical testing.
• Risk awareness and mitigation: Shows less explicit risk mitigation in development approach.
• Outreach to 'corporate foundation' is less specific than A's 'university sustainability office'.

COMPARISON:
Both projects share identical core value propositions, target markets, revenue models, and differentiation strategies. The critical difference lies in execution planning. Project A demonstrates superior operational thinking with its staged validation approach (technical alpha before pilot), more specific secondary outreach target (university sustainability office vs. vague corporate foundation), and generally more meticulous planning for evidence collection. Project B's plans are similar but less rigorously structured. Neither project provides quantified market size or detailed financial projections, but Project A shows stronger evidence of thoughtful, risk-aware development methodology.

WINNER: Project A wins due to its more methodical, staged approach to validation and testing, demonstrating better operational planning and risk mitigation while maintaining all the strengths of the shared concept."
"local","7","3","L7.3","0","L6.1","L7.3","plan_3","Both projects are identical in their core descriptions, which presents an analytical challenge. However, upon close inspection, Project A contains one additional, specific planning element in the 'Solution / Product Overview' section that Project B lacks. This element is: 'To refine the proposed supplier discovery and proof provision workflows before building the full platform, the venture plans to propose a targeted outreach plan to a single, specific procurement team within a consumer goods company (as identified in the target users) to gather direct feedback on these core concepts.' This represents a subtle but concrete difference in the proposed validation and development approach. The evaluation for each project, based on the provided text, is as follows:

**Project A Pros:**
• **Clarity of Value Proposition:** Clear, consistent message of providing verifiable, privacy-first proof of ethical sourcing.
• **Market Size and Demand:** Identifies a substantial market (brands, consumers, procurement teams) driven by regulatory and consumer pressure for provenance.
• **Feasibility and Development Plan:** Outlines a phased, pilot-driven approach (nonprofit widget pilot, organic standard pilot, university outreach, procurement team feedback). The plan to gather feedback from a procurement team before full build is a specific, risk-mitigating step.
• **Revenue Model and Sustainability:** Proposes a clear B2B subscription model with a trial period and defined success metrics, plus potential for premium services.
• **Differentiation:** Strong focus on combining a tamper-proof ledger with a machine-readable registry of ethical standards, aiming for semantic clarity beyond simple verification.
• **Impact and Evidence Plan:** Proposes multiple specific pilots (widget, organic standard) and outreach plans (certification body, university, procurement team) to test and validate key assumptions.
• **Risk Awareness and Mitigation:** Implicitly addresses data privacy risks through the fingerprinting design. The iterative pilot and feedback approach mitigates build risk.

**Project A Cons:**
• **Feasibility and Development Plan:** The plan is exploratory ('plans to explore,' 'plans to propose'). Success hinges on securing partnerships (certification bodies, pilot organizations).
• **Revenue Model and Sustainability:** The subscription pricing and willingness-to-pay are untested. The model depends on achieving network effects between brands and suppliers.
• **Differentiation:** The concept of a provenance ledger is not novel; execution and adoption of the semantic registry will be the true differentiator.
• **Risk Awareness and Mitigation:** The analysis lacks explicit discussion of key risks like technological complexity, competition from established supply chain platforms, or regulatory changes.

**Project B Pros:**
• **Clarity of Value Proposition:** Identical to Project A: clear and compelling.
• **Market Size and Demand:** Identical to Project A: targets a large, relevant market.
• **Feasibility and Development Plan:** Outlines a phased, pilot-driven approach (nonprofit widget pilot, organic standard pilot, university outreach).
• **Revenue Model and Sustainability:** Identical to Project A: proposes a B2B subscription model with a trial and metrics.
• **Differentiation:** Identical to Project A: focuses on the tamper-proof ledger combined with a semantic registry of standards.
• **Impact and Evidence Plan:** Proposes specific pilots (widget, organic standard) and outreach plans (certification body, university) to gather evidence.
• **Risk Awareness and Mitigation:** Identical implicit mitigations as Project A via design and piloting.

**Project B Cons:**
• **Feasibility and Development Plan:** Slightly less detailed than Project A. It lacks the specific, additional step of gathering pre-build feedback from a core user (procurement team), which is a minor but tangible planning gap.
• All other cons are identical to those listed for Project A.

**Overall Winner:** Project A wins. The projects are 99.9% identical, but Project A demonstrates a marginally more thorough and user-centric development plan by explicitly including a step to gather direct feedback from a key target user (a procurement team) before full platform development. This indicates a slightly sharper focus on de-risking the product-market fit assumption through early, concrete user engagement. In venture analysis, even small differences in planning specificity and validation rigor can be significant indicators of execution capability."
"local","7","3","L7.3","1","L7.1","L7.3","plan_3","PROJECT A ANALYSIS:
Pros:
• Clarity of value proposition: Clear, concise one-sentence summary that effectively communicates the core offering.
• Market size and demand: Addresses multiple high-potential markets (ethical sourcing verification, matching gift programs, sustainability certification).
• Feasibility and development plan: Includes specific pilot plans (nonprofit widget pilot, organic standard pilot) and targeted outreach strategies (certification body partnership, procurement team feedback).
• Revenue model and sustainability: Subscription model with clear 90-day trial metrics (number of sourcing events fingerprinted per partner).
• Differentiation: Strong focus on creating a machine-readable, open registry of ethical standards as a semantic framework.
• Impact and evidence plan: Multiple concrete pilot proposals with specific metrics (widget engagement, sourcing events fingerprinted).
• Risk awareness and mitigation: Privacy-first approach protects sensitive data while providing verification.

Cons:
• Somewhat complex with multiple parallel initiatives (matching gift programs, supplier discovery, certification integration).
• The 'heirloom-quality goods' mention in distinctiveness seems disconnected from the digital platform described.
• No clear prioritization among the various pilot initiatives.

PROJECT B ANALYSIS:
Pros:
• Clarity of value proposition: Identical clear summary to Project A.
• Market size and demand: Same strong market opportunities as Project A.
• Feasibility and development plan: Includes similar pilot plans and outreach strategies as Project A.
• Revenue model and sustainability: Subscription model with focused pilot testing (single brand partner during trial).
• Differentiation: Same strong semantic registry approach as Project A.
• Impact and evidence plan: Concrete pilot proposals with specific metrics.
• Risk awareness and mitigation: Same privacy-first approach as Project A.

Cons:
• Missing the targeted outreach to refine supplier discovery workflows before platform build (present in Project A).
• Slightly less comprehensive validation approach than Project A.
• Same disconnected 'heirloom-quality goods' mention in distinctiveness.
• Identical to Project A in most aspects, making differentiation difficult.

WINNER RATIONALE: Project A wins by a narrow margin due to its more comprehensive validation approach. While both projects are nearly identical in core concept and strengths, Project A includes an additional targeted outreach plan to gather direct feedback from procurement teams on supplier discovery workflows before building the full platform. This demonstrates slightly more thorough market validation and risk mitigation in the development process. Both projects suffer from the same weaknesses (complex parallel initiatives, disconnected 'heirloom' language), but Project A's more complete validation strategy gives it a slight edge in feasibility and risk management."
"local","7","3","L7.3","2","L7.2","L7.2","plan_2","PROJECT A PROS:\n• Clarity of value proposition: Strong, clear focus on ethical sourcing provenance with specific use cases (procurement teams, certification programs).\n• Market size and demand: Addresses growing demand for supply chain transparency from both brands and consumers; targets specific regulatory/certification pain points.\n• Feasibility and development plan: Proposes concrete pilot steps (single nonprofit widget pilot, organic standard pilot) and targeted outreach to certification bodies and procurement teams.\n• Revenue model and sustainability: Clear subscription model with 90-day trial and defined success metrics (sourcing events fingerprinted).\n• Differentiation: Strong focus on 'heirloom-quality' goods with enduring digital proof; plans for machine-readable registry of ethical standards.\n• Impact and evidence plan: Specific pilot metrics (widget engagement, sourcing events fingerprinted) and partnership outreach plans.\n• Risk awareness and mitigation: Implicitly addresses privacy risks through lightweight, fingerprint-only design; plans controlled pilots.\n\nPROJECT A CONS:\n• Some concepts remain exploratory ('plans to explore' appears frequently).\n• Revenue model depends on brand/supplier adoption which may be slow.\n• Technical complexity of decentralized witness network and registry development.\n\nPROJECT B PROS:\n• Clarity of value proposition: Identical to Project A - clear privacy-first provenance solution.\n• Market size and demand: Same target markets as Project A with same specific user groups.\n• Feasibility and development plan: Adds valuable technical validation step (closed alpha testing) before nonprofit widget pilot, showing more disciplined approach.\n• Revenue model and sustainability: Same subscription model with trial period and metrics.\n• Differentiation: Same strong differentiation around verifiable provenance and machine-readable registry.\n• Impact and evidence plan: Includes technical validation step, otherwise similar to Project A.\n• Risk awareness and mitigation: Technical validation step shows awareness of implementation risks.\n\nPROJECT B CONS:\n• Lacks Project A's explicit plan to refine workflows with procurement team feedback before full build.\n• Otherwise shares same cons as Project A regarding exploratory nature and adoption challenges.\n\nCOMPARISON:\nBoth projects are nearly identical in core concept, value proposition, and target markets. The key differences are in execution planning. Project B demonstrates slightly stronger technical discipline by proposing closed alpha testing before the nonprofit widget pilot, showing more risk-aware development sequencing. However, Project A shows slightly better user-centric planning by explicitly proposing to gather procurement team feedback before building the full platform. Both have identical revenue models and differentiation strategies.\n\nOverall, Project B's inclusion of technical validation represents a more methodical, risk-aware approach to development, giving it a slight edge in feasibility planning."
"local","7","3","L7.3","4","L7.4","L7.4","plan_4","{""Project A"": {""pros"": [""• Clear, focused value proposition: Provides verifiable digital fingerprints for ethical sourcing events anchored to a tamper-proof ledger, addressing provenance credibility.\n• Large addressable market: Targets brands, suppliers, and consumers in ethical goods and sustainability certification programs.\n• Thoughtful development plan: Includes specific pilot tests (nonprofit widget, organic product pilot) and outreach to certification bodies and procurement teams.\n• Sustainable revenue model: Subscription service for brands/suppliers with a 90-day free trial and clear success metrics.\n• Strong differentiation: Combines heirloom-quality goods with enduring digital proof and a machine-readable registry of ethical standards.\n• Evidence-based approach: Plans for targeted outreach, pilot deployments, and metric tracking to validate assumptions.\n• Risk awareness: Acknowledges need for trust, adoption, and technical validation through controlled pilots.""], ""cons"": [""• Overly broad initial target users: Simultaneously targeting brands, suppliers, consumers, and procurement teams may dilute focus.\n• Complex implementation: Building a decentralized witness network, open-source registry, and verification widget simultaneously is ambitious.\n• Revenue dependency on B2B adoption: Success hinges on convincing brands and suppliers to pay for subscription amid competing solutions.\n• Limited consumer validation: While B2B pilots are planned, direct consumer trust testing is not explicitly mentioned.""]}, ""Project B"": {""pros"": [""• Identical strong value proposition and market potential as Project A.\n• Similar robust development plan with pilots for nonprofit widget and organic product use case.\n• Includes unique consumer validation step: Plans a controlled experiment (survey/focus group) to test user comprehension and trust in digital fingerprint vs. traditional certificate.\n• Same sustainable revenue model with subscription service and trial period.\n• Equal differentiation through heirloom-quality goods and machine-readable registry.\n• Evidence plan enhanced by consumer trust testing, adding a critical validation layer.\n• Similar risk awareness with added focus on consumer perception risks.""], ""cons"": [""• Same over-broad target user challenge as Project A.\n• Identical complex implementation risks.\n• Revenue model equally dependent on B2B adoption.\n• Slightly less specific on B2B pilot feedback: While A mentions gathering direct feedback from a procurement team, B emphasizes consumer testing but is less explicit on B2B validation.""]}}"
"local","7","3","L7.3","5","L7.5","L7.3","plan_3","PROJECT A PROS:\n• Clarity of value proposition: Strong, consistent message of verifiable, privacy-first provenance proof.\n• Market size and demand: Targets multiple high-value segments (brands, suppliers, consumers) with clear regulatory and certification drivers.\n• Feasibility and development plan: Highly detailed with multiple concrete pilot plans (nonprofit widget, organic standard pilot, university outreach, procurement team feedback). Shows systematic validation approach.\n• Revenue model and sustainability: Clear subscription model with free trial and defined success metrics (events fingerprinted).\n• Differentiation: Strong focus on heirloom-quality goods with enduring digital proof and machine-readable registry of standards.\n• Impact and evidence plan: Excellent. Proposes specific pilots with measurable metrics (widget engagement, sourcing events fingerprinted) and targeted outreach to certification bodies and enterprises.\n• Risk awareness and mitigation: Implicitly addresses technical and adoption risks through phased pilots and partnership outreach.\n\nPROJECT A CONS:\n• Some complexity in managing multiple pilot initiatives simultaneously.\n• Revenue model relies heavily on B2B adoption, which can be slow.\n• The 'heirloom-quality goods' mention in distinctiveness seems slightly disconnected from the core platform description.\n\nPROJECT B PROS:\n• Clarity of value proposition: Identical to Project A - strong and clear.\n• Market size and demand: Same as Project A - addresses substantial market need.\n• Feasibility and development plan: Good with nonprofit widget pilot, organic standard pilot, and outreach to certification bodies and corporate foundations.\n• Revenue model and sustainability: Same as Project A - clear subscription approach.\n• Differentiation: Same as Project A - strong focus on verifiable provenance and machine-readable registry.\n• Impact and evidence plan: Good with specific pilot plans and outreach, though slightly less comprehensive than Project A.\n\nPROJECT B CONS:\n• Less detailed validation approach than Project A (missing university outreach and direct procurement team feedback components).\n• Same revenue model challenges as Project A.\n• Same slight disconnect with 'heirloom-quality goods' mention.\n\nCOMPARISON:\nBoth projects share identical core descriptions across most sections, suggesting they may be variations of the same concept. However, Project A demonstrates superior planning and validation rigor through its additional specific outreach plans (to a university sustainability office and a procurement team) and more comprehensive pilot strategy. This gives Project A better feasibility, evidence planning, and risk mitigation. The projects are otherwise equivalent in value proposition, market, revenue, and differentiation."
"local","7","4","L7.4","0","L6.1","L7.4","plan_4","PROJECT A ANALYSIS:
Pros:
• Excellent clarity of value proposition: Clear, concise one-sentence summary and well-articulated problem statement addressing digital authenticity and ethical sourcing verification
• Strong market size potential: Addresses growing demand for supply chain transparency from both brands and consumers, with specific regulatory and certification drivers
• Thoughtful development plan: Multiple planned pilots (nonprofit widget, organic product pilot), user testing experiments, and targeted outreach to certification bodies and universities
• Clear revenue model: Subscription service with 90-day free trial and defined success metrics, plus potential enterprise upgrades
• Good differentiation: Focus on 'heirloom-quality' goods with permanent digital proof, plus machine-readable registry of ethical standards
• Strong evidence plan: Multiple validation approaches including widget engagement metrics, pilot testing, user comprehension experiments, and partnership outreach
• Good risk awareness: Privacy-first design, lightweight implementation, and multiple validation steps before scaling

Cons:
• Somewhat complex solution with multiple components (fingerprinting, ledger, widget, registry) that may require significant development resources
• Revenue model relies on brand/supplier adoption which may face resistance in price-sensitive industries
• Matching gift program use case feels somewhat disconnected from main ethical sourcing focus

PROJECT B ANALYSIS:
Pros:
• Identical to Project A in all substantive content including value proposition, problem statement, target users, solution, delivery model, revenue logic, and distinctiveness
• Same strong points: Clear value prop, good market potential, privacy-first design, subscription revenue model
• Same planned validation approaches: Nonprofit widget pilot, organic product pilot, certification body outreach

Cons:
• Contains exactly the same text as Project A in every section, suggesting it may be a duplicate submission or copy
• No unique advantages or improvements over Project A
• If this is intended to be a different project, it fails to demonstrate any differentiation from Project A

WINNER RATIONALE:
Project A wins by default since Project B appears to be an identical copy. Both projects have the same strengths and weaknesses, but Project A is presented as the original. If these are meant to be different projects, Project B shows no effort at differentiation or improvement. The projects are substantively identical in every criterion evaluated, making Project A the logical choice as it would be considered the 'first' instance of this proposal."
"local","7","4","L7.4","1","L7.1","L7.4","plan_4","Both projects share identical core descriptions, value propositions, and most details, suggesting they are variations of the same fundamental proposal. The key differences lie in their plans for testing, validation, and initial execution. 

**Project A Pros:**
• **Clarity of Value Proposition:** High. Clearly explains a privacy-first, verifiable provenance system.
• **Market Size & Demand:** Identifies two clear initial user groups (procurement teams, matching gift programs) and a broad potential market.
• **Feasibility & Development Plan:** Strong. Outlines a clear, phased approach starting with a foundational registry, specific pilot (organic product), and a verification widget pilot.
• **Revenue Model & Sustainability:** Clear B2B SaaS subscription logic with a planned free trial and usage-based metrics.
• **Differentiation:** Strong. Combines tamper-proof ledger with a machine-readable registry of ethical standards, aiming for semantic clarity.
• **Impact & Evidence Plan:** Excellent. Proposes multiple, specific validation steps: a widget pilot (measuring engagement), a core technology pilot (organic product), an outreach plan to a certification body, outreach to a university for matching gifts, and a consumer comprehension experiment.
• **Risk Awareness & Mitigation:** Implicitly addressed through its multiple, small-scale pilots and outreach plans designed to test assumptions before scaling.

**Project A Cons:**
• **Feasibility:** Ambitious scope with multiple parallel validation paths (widget, core tech, registry outreach, matching gift outreach, consumer experiment). This could dilute focus and resources.
• **Revenue Model:** Relies on B2B adoption; success hinges on convincing brands and certification bodies of the value, which is untested.

**Project B Pros:**
• **Clarity of Value Proposition:** High. Identical to Project A.
• **Market Size & Demand:** Identical to Project A.
• **Feasibility & Development Plan:** Strong. Includes the same foundational registry, core technology pilot (organic product), and verification widget pilot.
• **Revenue Model & Sustainability:** Clear B2B SaaS model with a specific plan for a single-brand pilot during the free trial to measure active usage.
• **Differentiation:** Identical strong proposition to Project A.
• **Impact & Evidence Plan:** Good. Proposes specific validation steps: widget pilot, core tech pilot, outreach to a certification body, and outreach for matching gifts.
• **Risk Awareness & Mitigation:** The single-brand subscription pilot is a focused test of the core revenue model.

**Project B Cons:**
• **Impact & Evidence Plan:** Slightly less comprehensive than Project A. It lacks the proposed consumer comprehension experiment to test the core 'digital fingerprint' concept's market acceptance, which is a key risk.
• The matching gift outreach is mentioned but not tied to a specific pilot test like the subscription pilot, making it slightly less concrete.

**Overall Winner: Project A.** While both are strong and nearly identical, Project A demonstrates a marginally more thorough and rigorous approach to de-risking the venture through evidence gathering. Its plan includes a direct test of consumer comprehension and trust—a critical component for a solution ultimately aimed at bolstering consumer confidence. This additional validation step shows greater depth in thinking about product-market fit across the entire chain (supplier, brand, certifier, consumer). Project B's focused subscription pilot is excellent, but Project A's multi-faceted testing strategy covers more foundational assumptions."
"local","7","4","L7.4","2","L7.2","L7.2","plan_2","{""Project A"": {""Pros"": [""• Clarity of value proposition: Strong, concise one-sentence summary clearly articulates the core benefit: verifiable proof of provenance with privacy protection."", ""• Market size and demand: Identifies a clear, growing problem in ethical sourcing verification and greenwashing, with specific initial targets (procurement teams in consumer goods)."", ""• Feasibility and development plan: Outlines a clear, phased approach with specific pilots (nonprofit widget, organic product pilot) and a foundational registry development plan."", ""• Revenue model and sustainability: Proposes a logical B2B subscription model with a planned free trial and metrics to inform pricing, suggesting a path to monetization."", ""• Differentiation: Strong focus on creating a 'machine-readable, open registry of ethical sourcing standards' as a key differentiator, adding semantic clarity to provenance."", ""• Impact and evidence plan: Proposes multiple concrete validation steps: a user comprehension experiment, a nonprofit widget pilot, and outreach to certification bodies and universities."", ""• Risk awareness and mitigation: Implicitly addresses data privacy risks through its 'privacy-first' design and avoids storing sensitive raw data.""], ""Cons"": [""• Market size and demand: While the problem is clear, the initial focus on 'matching gift programs' feels like a secondary use case that may dilute the core supply chain proposition."", ""• Feasibility and development plan: The plan to build a 'decentralized, community-run witness network' adds significant technical and operational complexity with unclear immediate value."", ""• Revenue model and sustainability: Relies heavily on B2B adoption; sales cycles to large brands and certification bodies could be long and challenging."", ""• Differentiation: The concept of 'heirloom-quality goods' mentioned in distinctiveness seems disconnected from the described digital platform service."", ""• Risk awareness and mitigation: Lacks explicit discussion of key risks like adoption chicken-and-egg (needing both brands and suppliers), competition from larger blockchain platforms, or regulatory changes.""]}, ""Project B"": {""Pros"": [""• Clarity of value proposition: Identical to Project A's strong, clear summary."", ""• Market size and demand: Identical to Project A's identification of a valid market need."", ""• Feasibility and development plan: Adds a valuable, specific step: a 'closed alpha' technical test of the verification widget before the nonprofit pilot. This shows a more methodical, risk-aware approach to development."", ""• Revenue model and sustainability: Identical to Project A's logical subscription model."", ""• Differentiation: Identical to Project A's strong focus on the machine-readable registry as a key differentiator."", ""• Impact and evidence plan: Includes the same strong validation steps as Project A (pilots, outreach). The addition of the closed alpha test strengthens the technical evidence plan."", ""• Risk awareness and mitigation: The inclusion of a closed alpha test before public piloting demonstrates a more cautious, iterative approach to mitigating technical and UX risks.""], ""Cons"": [""• Market size and demand: Shares the same con as Project A regarding the potentially dilutive matching gift program focus."", ""• Feasibility and development plan: Also shares the con regarding the complexity of the proposed decentralized witness network."", ""• Revenue model and sustainability: Shares the same challenge of long B2B sales cycles."", ""• Differentiation: Shares the same disconnect with the 'heirloom-quality goods' phrasing."", ""• Risk awareness and mitigation: Like Project A, lacks explicit discussion of broader business and market risks beyond the added technical validation step.""]}}"
"local","7","4","L7.4","3","L7.3","L7.4","plan_4","{""Project A"": {""Pros"": [""• Clear value proposition: Privacy-first platform providing verifiable digital fingerprints for ethical sourcing with tamper-proof ledger anchoring. Addresses credibility gap in sustainability claims."", ""• Large potential market: Targets both B2B (brands, procurement teams) and B2C (ethical consumers) segments. Addresses growing demand for supply chain transparency."", ""• Thoughtful development plan: Includes specific pilots (nonprofit widget, organic standard pilot), user comprehension testing, and partnership outreach to certification bodies."", ""• Sustainable revenue model: Subscription service for brands/suppliers with free trial period and clear success metrics. Optional enterprise upgrades provide scalability."", ""• Strong differentiation: Combines heirloom-quality goods with enduring digital proof. Machine-readable registry of ethical standards adds semantic clarity."", ""• Good evidence plan: Multiple validation approaches including widget engagement metrics, user comprehension experiments, and partnership outreach."", ""• Risk awareness: Addresses privacy concerns through fingerprinting instead of raw data storage. Plans decentralized witness network for additional trust.""], ""Cons"": [""• Complex implementation: Requires building ledger infrastructure, widget ecosystem, and registry of standards simultaneously."", ""• Market adoption risk: Requires convincing multiple stakeholders (brands, suppliers, certification bodies) to adopt new standards."", ""• Revenue dependency: Relies on B2B subscription adoption before achieving scale."", ""• Technical risk: Decentralized witness network adds complexity without proven demand.""]}, ""Project B"": {""Pros"": [""• Identical strong value proposition and market opportunity as Project A."", ""• Slightly more focused validation: Includes targeted outreach to procurement teams for direct feedback on workflows before full build."", ""• Same sustainable revenue model with trial period and metrics."", ""• Same strong differentiation through machine-readable registry and verifiable provenance."", ""• Good evidence plan with multiple pilots and outreach strategies."", ""• Same privacy-first approach and risk mitigation through fingerprinting.""], ""Cons"": [""• Slightly less comprehensive testing: Lacks Project A's user comprehension experiment comparing digital fingerprints vs traditional certificates."", ""• Identical complexity and market adoption risks as Project A."", ""• Same revenue dependency on B2B subscriptions."", ""• Same technical risks with decentralized infrastructure.""]}}"
"local","7","4","L7.4","5","L7.5","L7.4","plan_4","Both projects share identical core descriptions, but differ in specific details of their validation plans. The assessment is based on the provided text only, with no external assumptions.

PROJECT A:
Pros:
• Clarity of value proposition: Strong, focused on verifiable digital fingerprints for ethical sourcing with privacy protection.
• Market size and demand: Addresses growing need for supply chain transparency and ethical sourcing verification across multiple sectors.
• Feasibility and development plan: Contains detailed validation plans including pilot with nonprofit blog, outreach to certification bodies, and consumer comprehension testing.
• Revenue model and sustainability: Clear subscription model with free trial period and metrics for success measurement.
• Differentiation: Strong focus on machine-readable registry of ethical standards and semantic clarity beyond simple verification.
• Impact and evidence plan: Strong evidence plan with multiple validation approaches: nonprofit pilot, certification body outreach, university outreach, and consumer testing.
• Risk awareness and mitigation: Implicitly addresses privacy risks through fingerprinting approach rather than raw data storage.

Cons:
• Market size and demand: While addressing multiple use cases, may face adoption challenges across different stakeholder groups.
• Feasibility and development plan: Multiple parallel validation efforts could stretch resources thin for an early-stage venture.
• Revenue model and sustainability: Subscription model may face resistance in price-sensitive supply chain sectors.
• Risk awareness and mitigation: No explicit discussion of technical risks (ledger security, fingerprint collisions) or business risks (competition, regulatory changes).

PROJECT B:
Pros:
• Clarity of value proposition: Identical strong proposition to Project A.
• Market size and demand: Same strong market opportunity as Project A.
• Feasibility and development plan: Contains validation plans including nonprofit pilot and outreach to certification bodies.
• Revenue model and sustainability: Identical clear subscription model to Project A.
• Differentiation: Same strong differentiation as Project A with machine-readable registry focus.
• Impact and evidence plan: Good evidence plan with nonprofit pilot and certification body outreach.
• Risk awareness and mitigation: Same implicit privacy risk mitigation as Project A.

Cons:
• Feasibility and development plan: Less comprehensive validation approach than Project A, missing university outreach and consumer testing components.
• Impact and evidence plan: Weaker than Project A, lacking the parallel validation from different angles and consumer comprehension testing.
• Risk awareness and mitigation: Same lack of explicit risk discussion as Project A.
• All other cons identical to Project A.

The key difference is in validation rigor: Project A proposes more comprehensive evidence gathering through multiple parallel approaches (nonprofit pilot + certification body outreach + university outreach + consumer testing), while Project B has a narrower validation scope (nonprofit pilot + certification body outreach + corporate foundation outreach). Project A's approach to testing consumer comprehension and exploring a university sustainability office use case demonstrates deeper thinking about adoption barriers and market validation.

Both projects share identical strengths in core proposition, market opportunity, revenue model, and differentiation. The tie-breaker is Project A's more thorough and multi-faceted approach to validating assumptions and gathering evidence, which suggests better risk management and learning orientation."
"local","7","5","L7.5","0","L6.1","L6.1","plan_0","Both projects are identical in their core description, with only one minor difference in their outreach plans for the matching gift program use case. Project A targets 'a corporate foundation known for its matching gift program,' while Project B targets 'a university sustainability office with an active employee matching gift program.' Given the near-identical nature of the proposals, the evaluation is based on this single point of divergence. For each project, the pros and cons are largely the same, with the distinction in the secondary outreach target providing the only basis for comparison.

**PROJECT A PROS:**
• **Clarity of Value Proposition:** Clearly articulates a privacy-first, verifiable provenance solution for ethical sourcing.
• **Market Size and Demand:** Identifies a large, growing market (ethical consumer goods, sustainability reporting) with clear pain points.
• **Feasibility and Development Plan:** Outlines a structured, phased approach with specific pilots (widget, organic standard) and foundational work (registry).
• **Revenue Model and Sustainability:** Proposes a clear subscription model for B2B customers with a planned trial period and metrics.
• **Differentiation:** Strong focus on creating a machine-readable, open registry of standards linked to tamper-proof records, moving beyond simple claims.
• **Impact and Evidence Plan:** Plans for specific, measurable pilots (widget engagement, fingerprinting events) to validate assumptions.
• **Risk Awareness and Mitigation:** Implicitly addresses data privacy risks through its 'fingerprint' design and explores trust via a witness network.

**PROJECT A CONS:**
• **Feasibility and Development Plan:** Highly ambitious scope spanning multiple complex domains (supply chain, certification, philanthropy). Execution risk is high.
• **Market Size and Demand:** While the market is large, convincing brands and certification bodies to adopt a new, unproven standard is a significant adoption hurdle.
• **Revenue Model and Sustainability:** Relies on B2B subscription adoption before clear network effects are established; pricing strategy is undefined.
• **Impact and Evidence Plan:** All evidence is planned/future-oriented; no current traction, partnerships, or completed development is claimed.
• **Risk Awareness and Mitigation:** The proposal does not explicitly detail major risks (e.g., competition, regulatory changes, technology failure) or concrete mitigation strategies.
• **Differentiation:** The concept of a verifiable ledger for provenance is not unique; success hinges on execution, partnerships, and adoption of its registry.

**PROJECT B PROS:**
• **Clarity of Value Proposition:** Identical to Project A: clear and compelling.
• **Market Size and Demand:** Identical to Project A: targets a substantial market.
• **Feasibility and Development Plan:** Identical structured approach. The outreach to a **university sustainability office** may offer a slightly more accessible, contained pilot environment for the matching gift use case, potentially allowing for faster iteration and relationship building within an institution focused on ethics and impact.
• **Revenue Model and Sustainability:** Identical to Project A.
• **Differentiation:** Identical strong focus on the open standards registry.
• **Impact and Evidence Plan:** Identical planned pilot structure.
• **Risk Awareness and Mitigation:** Identical implicit approach.

**PROJECT B CONS:**
• **Feasibility and Development Plan:** Identical high ambition and execution risk.
• **Market Size and Demand:** Identical adoption hurdle.
• **Revenue Model and Sustainability:** Identical reliance on B2B subscriptions.
• **Impact and Evidence Plan:** Identical lack of current evidence.
• **Risk Awareness and Mitigation:** Identical lack of explicit risk detailing.
• **Differentiation:** Identical challenge in a competitive space.

**WINNER AND WHY:** Project B wins by a narrow margin. The core differentiator is the secondary outreach target for the matching gift validation. Targeting a **university sustainability office** (Project B) is a marginally stronger strategic choice than a corporate foundation (Project A) for an early validation pilot. Universities are often innovation hubs, have structured matching gift programs, and their sustainability offices are typically mission-aligned, making them potentially more collaborative partners for testing a new verification standard. This suggests a slightly more nuanced and practical approach to early market validation for one of its use cases, which slightly improves its assessment on 'Feasibility and development plan' and 'Impact and evidence plan.'"
"local","7","5","L7.5","1","L7.1","L7.1","plan_1","Both projects are identical in their core concept, problem statement, solution architecture, and revenue model. The only differences appear in two specific details of their validation plans. Project A specifies outreach to a 'corporate foundation known for its matching gift program' for its secondary validation, while Project B specifies a 'university sustainability office with an active employee matching gift program.' Project A's pilot for the subscription service focuses on measuring 'the number of sourcing events fingerprinted per partner' across multiple partners, while Project B proposes a 'small, targeted pilot with a single brand partner' to measure active usage. Given the overwhelming similarity, the assessment of pros and cons is nearly identical, with minor distinctions based on these planned validation steps.

**Project A Pros:**
• Clarity of value proposition: Strong and consistent. Clearly articulates a privacy-first, verifiable proof system for ethical sourcing.
• Market size and demand: Identifies a large, relevant market (sustainable goods, corporate procurement) with clear pain points (greenwashing, verification friction).
• Feasibility and development plan: Outlines a logical, phased approach starting with a foundational registry, pilot use cases, and widget development. The plan to partner with a major certification body (e.g., Fair Trade International) is a credible credibility-building step.
• Revenue model and sustainability: Subscription model targeting B2B customers (brands/suppliers) is logical and scalable. The 90-day free trial with success metrics is a sensible go-to-market tactic.
• Differentiation: Strong. Focuses on creating a machine-readable, open registry of standards linked to tamper-proof records, moving beyond simple claims to auditable proof.
• Impact and evidence plan: Good. Includes specific pilot plans (nonprofit widget, organic product pilot) and targeted outreach to certification bodies and corporate foundations to validate demand.
• Risk awareness and mitigation: Implicitly addresses key risks (data privacy via fingerprinting, credibility via partnerships, adoption via free trials and open-source tools).

**Project A Cons:**
• Market size and demand: While the problem is clear, the plan to 'explore' matching gift programs and 'propose' outreach indicates early-stage validation, not proven demand.
• Feasibility and development plan: Ambitious. Building the ledger, widget, registry, and witness network is a complex technical undertaking. Success heavily depends on securing the proposed partnerships.
• Revenue model and sustainability: Unproven. The subscription pricing and willingness-to-pay of brands/suppliers are not yet tested.
• Impact and evidence plan: The evidence is all planned, not yet gathered. The outreach to a 'corporate foundation' (Project A) is slightly less specific than Project B's 'university sustainability office,' which might be a more accessible initial contact.

**Project B Pros:**
• Clarity of value proposition: Strong and consistent. Identical to Project A.
• Market size and demand: Identical to Project A.
• Feasibility and development plan: Identical logical, phased approach. The plan to partner with a major certification body remains a strength.
• Revenue model and sustainability: Identical subscription model and trial plan. The proposed pilot with a 'single brand partner' (Project B) is a slightly more focused and manageable initial test than Project A's multi-partner metric tracking.
• Differentiation: Identical strong focus on the open registry and machine-readable proof.
• Impact and evidence plan: Good, with the same core pilots. The outreach to a 'university sustainability office' (Project B) is a slightly more concrete and potentially easier-to-access stakeholder for the matching gift validation than Project A's 'corporate foundation.'
• Risk awareness and mitigation: Identical implicit addressing of key risks.

**Project B Cons:**
• Market size and demand: Same early-stage validation caveat as Project A.
• Feasibility and development plan: Same ambitious technical and partnership challenges.
• Revenue model and sustainability: Same unproven model.
• Impact and evidence plan: Same reliance on planned, not gathered, evidence. The single-partner pilot (Project B) is focused but provides less breadth of initial data than Project A's plan.

**Overall Winner:** Project B wins by a negligible margin. The decision hinges on the minor differences in validation plans. Project B's specification of a 'university sustainability office' for its secondary outreach is a more tangible, accessible, and common entity for piloting a matching gift solution compared to Project A's more generic 'corporate foundation.' Furthermore, Project B's plan for a 'targeted pilot with a single brand partner' to test the subscription service is a more prudent and focused initial step for a startup, allowing for deeper learning and iteration before scaling the trial. Project A's plan to measure metrics 'per partner' during the trial implies a broader rollout prematurely. Therefore, Project B demonstrates slightly more realistic and executable planning in its evidence-gathering phase."
"local","7","5","L7.5","2","L7.2","L7.2","plan_2","Both projects share identical core descriptions, value propositions, and business models, making them fundamentally the same venture. The only differences lie in minor details of their validation and outreach plans. PROJECT A proposes a technical pilot with a single nonprofit blog to test a verification widget and targets a corporate foundation for its matching gift outreach. PROJECT B adds an extra step: a closed alpha technical test of the widget before the pilot and targets a university sustainability office instead of a corporate foundation. Given the near-identical nature, the evaluation is based on the subtle differences in their planned validation approaches. PROS FOR A: • Clearer initial pilot structure: The direct move to a single-nonprofit pilot for the widget is more straightforward for early user engagement testing. • Potentially higher-value outreach target: A corporate foundation for matching gifts may have more resources and a clearer business case than a university office. CONS FOR A: • Less technical risk mitigation: Lacks the planned closed alpha test for the widget, potentially risking a poor user experience in the live pilot. PROS FOR B: • More methodical technical validation: The planned closed alpha test before the pilot shows greater awareness of technical risk and a more iterative development mindset. CONS FOR B: • Possibly lower-impact initial outreach: A university sustainability office might have less budget and influence than a corporate foundation for driving early adoption. Overall, both projects are strong on Clarity (1), Market Size (2 - addressing a clear need), and Differentiation (5 - the ledger+registry concept is distinctive). They are moderately strong on Feasibility (3 - plans are logical but complex), Revenue Model (4 - subscription model is clear but dependent on adoption), and Impact Plan (6 - specific pilots are planned). Risk Awareness (7) is present but could be deeper. The slight edge goes to PROJECT B due to its more cautious, staged approach to technical validation (the closed alpha), which demonstrates slightly better risk mitigation in the Feasibility and Development Plan criterion, a critical factor for a technology-heavy venture."
"local","7","5","L7.5","3","L7.3","L7.3","plan_3","Both projects share identical core descriptions for the one-sentence summary, problem, target users, solution overview, delivery model, revenue logic, and distinctiveness. The only differences lie in their specific plans for validation and outreach in the 'Solution / Product Overview' section. Therefore, the pros and cons are nearly identical, with minor distinctions in the evidence plan and risk mitigation approaches.

**PROJECT A**
**Pros:**
• Clarity of value proposition is strong, clearly linking privacy-first digital fingerprints to verifiable ethical sourcing proof.
• Market size and demand is addressed by targeting both brands (for compliance/certification) and consumers (for trust), with specific initial focus on procurement teams.
• Feasibility and development plan includes a stepwise approach: building a foundational registry, developing a verification widget, and planning targeted pilots (nonprofit blog widget, organic product pilot).
• Revenue model and sustainability is subscription-based for brands/suppliers, with a planned 90-day free trial and metrics to inform pricing.
• Differentiation is clear: combines tamper-proof ledger with a machine-readable, open registry of ethical standards for semantic clarity and auditability.
• Impact and evidence plan includes specific pilot ideas (nonprofit widget, organic product pilot) and outreach to a sustainability certification body (e.g., Fair Trade International) and a corporate foundation for matching gifts.
• Risk awareness and mitigation is partially addressed through privacy-by-design (no raw data storage) and exploring a decentralized witness network for added trust.

**Cons:**
• Market size and demand: While target users are identified, no quantification of market size or validation of demand beyond planned outreach.
• Feasibility and development plan: Heavy reliance on partnerships (certification bodies, corporate foundation) which may be difficult to secure; technical complexity of creating a decentralized witness network is noted only as an exploration.
• Revenue model and sustainability: Subscription model may face adoption challenges if brands do not perceive sufficient value; reliance on supplier/brand subscriptions could be a bottleneck.
• Impact and evidence plan: Pilots are planned but not executed; outreach is proposed but not confirmed.
• Risk awareness and mitigation: Limited discussion of specific risks (e.g., competition, regulatory hurdles, technology adoption barriers) beyond general privacy and trust measures.

**PROJECT B**
**Pros:**
• Clarity of value proposition is strong, identical to Project A.
• Market size and demand is identical to Project A, with same target users.
• Feasibility and development plan includes similar stepwise approach but adds a specific plan for targeted outreach to a procurement team for feedback before full build.
• Revenue model and sustainability is identical to Project A.
• Differentiation is identical to Project A.
• Impact and evidence plan includes similar pilots (nonprofit widget, organic product pilot) but outreach targets a university sustainability office (for matching gifts) instead of a corporate foundation, and adds procurement team feedback outreach.
• Risk awareness and mitigation is identical to Project A.

**Cons:**
• Market size and demand: Same lack of quantification as Project A.
• Feasibility and development plan: Same partnership reliance; added procurement feedback step is good but may delay development.
• Revenue model and sustainability: Same challenges as Project A.
• Impact and evidence plan: Similar reliance on unexecuted pilots; university outreach may have less influence than corporate foundation for scaling matching gift use case.
• Risk awareness and mitigation: Same limited risk discussion as Project A.

**Overall Winner:** B
**Why:** Project B demonstrates a slightly more comprehensive and grounded validation plan. While both projects are nearly identical, Project B includes an additional, concrete step to gather feedback from a procurement team (a core target user) before building the full platform. This shows a more iterative, user-centric approach to de-risking development. Project A's outreach to a corporate foundation for matching gifts is valuable, but Project B's combination of university outreach (for a different angle on matching gifts) plus direct procurement team feedback offers a marginally better evidence plan for understanding user needs and mitigating product-market fit risk."
"local","7","5","L7.5","4","L7.4","L7.4","plan_4","{""Project A"": {""pros"": [""• Clarity of value proposition: Excellent clarity - privacy-first digital fingerprinting for ethical sourcing with tamper-proof ledger provides clear value to brands and consumers."", ""• Market size and demand: Strong identification of multiple market segments (brands, consumers, procurement teams) with regulatory tailwinds from sustainability reporting requirements."", ""• Feasibility and development plan: Good structured approach with specific pilot plans (nonprofit widget, organic product pilot) and targeted outreach to certification bodies."", ""• Revenue model and sustainability: Clear subscription model with 90-day trial period and defined success metrics (fingerprints per partner) for pricing validation."", ""• Differentiation: Strong dual differentiation - heirloom-quality goods concept combined with machine-readable registry of ethical standards creates unique positioning."", ""• Impact and evidence plan: Solid evidence gathering through specific pilots measuring user engagement and technology validation in controlled environments."", ""• Risk awareness and mitigation: Implicit risk awareness through privacy-first design and controlled pilot approach, though not explicitly articulated.""], ""cons"": [""• Market size and demand: While multiple segments identified, lacks quantification of market opportunity."", ""• Feasibility and development plan: Relies heavily on partnerships with certification bodies which could be challenging to secure."", ""• Revenue model and sustainability: Subscription model may face adoption challenges if value proposition isn't immediately clear to suppliers."", ""• Impact and evidence plan: Missing direct consumer validation of the digital fingerprint concept versus traditional certificates."", ""• Risk awareness and mitigation: No explicit discussion of technical, regulatory, or adoption risks.""]}, ""Project B"": {""pros"": [""• Clarity of value proposition: Excellent clarity - identical strong value proposition to Project A."", ""• Market size and demand: Strong identification of multiple market segments with additional focus on university sustainability offices for matching gift programs."", ""• Feasibility and development plan: More comprehensive validation approach including consumer perception testing (survey/focus group) alongside technical pilots."", ""• Revenue model and sustainability: Identical clear subscription model with trial period and metrics for validation."", ""• Differentiation: Strong dual differentiation identical to Project A."", ""• Impact and evidence plan: Superior evidence plan - includes both technical validation (pilots) AND consumer perception testing of core concept."", ""• Risk awareness and mitigation: Better implicit risk mitigation through consumer perception testing before full development.""], ""cons"": [""• Market size and demand: Same lack of quantification as Project A."", ""• Feasibility and development plan: University outreach for matching gifts may be less impactful than corporate foundation outreach (Project A's approach)."", ""• Revenue model and sustainability: Same potential adoption challenges as Project A."", ""• Risk awareness and mitigation: Still lacks explicit risk discussion despite better validation approach.""]}}"
"local","8","0","L7.2","1","L8.1","tie","tie","Exact same normalized text; skipped LLM call."
"local","8","0","L7.2","2","L8.2","tie","tie","Exact same normalized text; skipped LLM call."
"local","8","0","L7.2","3","L8.3","L7.2","plan_0","Both projects are identical in their descriptions across all sections, including the one-sentence summary, problem statement, target users, solution, delivery model, revenue logic, and distinctiveness. This indicates either an error in the provided materials or that the projects are, in fact, the same venture. Therefore, a direct comparison along the specified criteria yields identical evaluations for both.

**PROJECT A (Identical to B)**
**Pros:**
• **Clarity of Value Proposition:** Clear core concept: privacy-first, verifiable digital fingerprints for ethical sourcing anchored to a tamper-proof ledger.
• **Market Size and Demand:** Targets a relevant and growing market (ethical sourcing verification, sustainability reporting) with identified user pain points (brands needing proof for certifications, cumbersome matching gift programs).
• **Feasibility and Development Plan:** Shows structured, phased thinking with specific pilot plans (single nonprofit blog widget test, single agricultural product pilot) and technical validation steps (closed alpha).
• **Revenue Model and Sustainability:** Proposes a logical B2B SaaS subscription model with a planned free trial and metrics for validation.
• **Differentiation:** Identifies a strong potential differentiator in creating a machine-readable, open registry of ethical standards linked to fingerprints, adding semantic clarity.
• **Impact and Evidence Plan:** Plans for concrete evidence gathering through pilots, outreach to certification bodies (e.g., Fair Trade International), and measuring user engagement metrics.
• **Risk Awareness and Mitigation:** Implicitly addresses technical and adoption risks through phased testing, partnerships, and a lightweight, privacy-first architecture.

**Cons:**
• **Clarity of Value Proposition:** The connection between the initial 'digital truth' problem and the specific 'ethical sourcing' solution could be more directly articulated.
• **Market Size and Demand:** While the target market is described, no quantification or evidence of existing demand (e.g., letters of intent) is presented.
• **Feasibility and Development Plan:** The plan involves multiple complex components (ledger, widget, registry, witness network) and critical dependencies on external partnerships (certification bodies), which increases execution risk.
• **Revenue Model and Sustainability:** The subscription pricing strategy is undefined. The model's success hinges on achieving network effects between brands and suppliers, which is challenging.
• **Differentiation:** The concept of a tamper-proof ledger for provenance is not unique (e.g., blockchain applications). Success depends on execution, partnerships, and the proposed 'open registry' differentiation.
• **Impact and Evidence Plan:** All evidence is planned/future-oriented. No current traction, completed pilots, or secured partnerships are mentioned.
• **Risk Awareness and Mitigation:** The description does not explicitly list key risks (e.g., competition, regulatory changes, technology adoption barriers) or detailed mitigation strategies.

**PROJECT B (Identical to A)**
**Pros:**
• **Clarity of Value Proposition:** Clear core concept: privacy-first, verifiable digital fingerprints for ethical sourcing anchored to a tamper-proof ledger.
• **Market Size and Demand:** Targets a relevant and growing market (ethical sourcing verification, sustainability reporting) with identified user pain points (brands needing proof for certifications, cumbersome matching gift programs).
• **Feasibility and Development Plan:** Shows structured, phased thinking with specific pilot plans (single nonprofit blog widget test, single agricultural product pilot) and technical validation steps (closed alpha).
• **Revenue Model and Sustainability:** Proposes a logical B2B SaaS subscription model with a planned free trial and metrics for validation.
• **Differentiation:** Identifies a strong potential differentiator in creating a machine-readable, open registry of ethical standards linked to fingerprints, adding semantic clarity.
• **Impact and Evidence Plan:** Plans for concrete evidence gathering through pilots, outreach to certification bodies (e.g., Fair Trade International), and measuring user engagement metrics.
• **Risk Awareness and Mitigation:** Implicitly addresses technical and adoption risks through phased testing, partnerships, and a lightweight, privacy-first architecture.

**Cons:**
• **Clarity of Value Proposition:** The connection between the initial 'digital truth' problem and the specific 'ethical sourcing' solution could be more directly articulated.
• **Market Size and Demand:** While the target market is described, no quantification or evidence of existing demand (e.g., letters of intent) is presented.
• **Feasibility and Development Plan:** The plan involves multiple complex components (ledger, widget, registry, witness network) and critical dependencies on external partnerships (certification bodies), which increases execution risk.
• **Revenue Model and Sustainability:** The subscription pricing strategy is undefined. The model's success hinges on achieving network effects between brands and suppliers, which is challenging.
• **Differentiation:** The concept of a tamper-proof ledger for provenance is not unique (e.g., blockchain applications). Success depends on execution, partnerships, and the proposed 'open registry' differentiation.
• **Impact and Evidence Plan:** All evidence is planned/future-oriented. No current traction, completed pilots, or secured partnerships are mentioned.
• **Risk Awareness and Mitigation:** The description does not explicitly list key risks (e.g., competition, regulatory changes, technology adoption barriers) or detailed mitigation strategies.

Given the projects are identical in all provided details, there is no basis for declaring one superior to the other. The 'winner' is therefore a tie, but the required output format demands a choice of A or B. Selecting one arbitrarily based on the label."
"local","8","0","L7.2","4","L8.4","tie","tie","Exact same normalized text; skipped LLM call."
"local","8","0","L7.2","5","L8.5","L8.5","plan_5","{""Project A"": {""Pros"": [""• Clear value proposition: Privacy-first platform providing verifiable digital fingerprints anchored to tamper-proof ledger addresses authenticity and provenance verification needs directly."", ""• Strong market demand: Targets growing need for ethical sourcing verification among brands, consumers, and certification programs with regulatory tailwinds."", ""• Thoughtful development plan: Proposes specific pilot tests (widget technical test, single-nonprofit pilot, organic standard pilot) to validate technology and user workflows."", ""• Clear revenue model: Subscription service for brands/suppliers with 90-day free trial and defined success metrics (sourcing events fingerprinted)."", ""• Good differentiation: Combines heirloom-quality goods with digital provenance proof and proposes machine-readable registry of ethical standards."", ""• Solid evidence plan: Outlines multiple validation steps including technical alpha, nonprofit pilot, and outreach to certification bodies."", ""• Some risk awareness: Implicitly addresses data privacy risks through privacy-first design and avoids storing sensitive data.""], ""Cons"": [""• Market size quantification missing: No specific market data or TAM estimates provided."", ""• Development feasibility concerns: Building decentralized witness network and open-source registry requires significant technical and ecosystem coordination."", ""• Revenue sustainability questions: Subscription model may face adoption challenges if value isn't immediately clear; lacks pricing strategy details."", ""• Limited risk mitigation specifics: Doesn't explicitly address key risks like competitor response, ledger security, or regulatory compliance."", ""• Impact measurement vague: While engagement metrics are mentioned, broader impact on ethical sourcing adoption isn't quantified.""]}, ""Project B"": {""Pros"": [""• Clear value proposition: Identical to Project A's strong privacy-first approach to provenance verification."", ""• Strong market demand: Same compelling target markets with regulatory and consumer pressure for ethical sourcing transparency."", ""• Thoughtful development plan: Same structured validation approach with technical tests and controlled pilots."", ""• Slightly better revenue metrics: Includes additional success metrics (active supplier profiles, verification check frequency) beyond Project A's single metric."", ""• Good differentiation: Same combination of physical goods with digital provenance and machine-readable standards registry."", ""• Solid evidence plan: Same multi-step validation approach with specific outreach plans."", ""• Some risk awareness: Same privacy-first design mitigates data security risks.""], ""Cons"": [""• Identical weaknesses to Project A: Same missing market quantification, feasibility concerns, revenue sustainability questions, and limited risk mitigation specifics."", ""• No meaningful differentiation from Project A: The projects are essentially identical except for minor metric differences in revenue section."", ""• Potentially less focused: While metrics are more comprehensive, this doesn't address core weaknesses shared with Project A.""]}}"
"local","8","1","L8.1","0","L7.2","tie","tie","Exact same normalized text; skipped LLM call."
"local","8","1","L8.1","2","L8.2","tie","tie","Exact same normalized text; skipped LLM call."
"local","8","1","L8.1","3","L8.3","L8.1","plan_1","PROJECT A: Pros: • Clear, specific value proposition focused on ethical sourcing provenance with tangible heirloom-quality goods • Well-defined market targeting procurement teams in sustainability certification programs • Detailed, phased development plan with specific pilots (nonprofit widget, organic product pilot) • Revenue model includes subscription service with 90-day free trial and clear metrics • Strong differentiation through machine-readable open registry of ethical standards and heirloom goods focus • Good evidence plan with targeted outreach to certification bodies and university sustainability offices • Identifies risks in adoption and technical validation with mitigation through pilots and partnerships. Cons: • Somewhat complex solution combining physical goods with digital verification • Market adoption depends on certification body partnerships • Revenue sustainability relies on enterprise subscription adoption. PROJECT B: Pros: • Identical core value proposition and technical approach to Project A • Same clear problem statement addressing digital authenticity and matching gift inefficiencies • Identical target users and use cases • Same detailed solution with fingerprinting, ledger, and verification widget • Identical delivery model and revenue logic • Same differentiation through machine-readable registry. Cons: • No unique advantages or differentiation from Project A • Appears to be an exact duplicate of Project A in all sections • No additional specificity or evidence beyond what's in Project A • Lacks the heirloom-quality goods focus mentioned in Project A's distinctiveness section. Both projects share identical descriptions across all sections except for the distinctiveness section where Project A mentions 'heirloom-quality goods' while Project B does not include this phrase. Since Project B appears to be a duplicate of Project A with slightly less specificity in one section, Project A demonstrates marginally better clarity and consistency in its distinctiveness claim."
"local","8","1","L8.1","4","L8.4","tie","tie","Exact same normalized text; skipped LLM call."
"local","8","1","L8.1","5","L8.5","L8.5","plan_5","Both projects are identical in their core description, with one minor difference in the Revenue Logic section. Project B includes slightly more specific metrics for measuring trial success: 'the number of sourcing events fingerprinted per partner, the number of active supplier profiles created, and the frequency of verification checks performed by end-users,' whereas Project A only mentions 'the number of sourcing events fingerprinted per partner.' This gives Project B a marginal edge in criteria 4 (Revenue model and sustainability) and 6 (Impact and evidence plan) due to a more detailed measurement plan. However, the difference is extremely minor. In all other criteria—Clarity, Market, Feasibility, Differentiation, and Risk—the projects are identical. The identical nature means both face the same strengths and weaknesses. Strengths include a clear, privacy-first value proposition addressing a real problem (greenwashing, verification friction), a large addressable market in ethical sourcing and corporate sustainability, a thoughtful development plan with specific pilot tests, and a clear differentiation via a machine-readable ledger of standards. Weaknesses include high complexity in establishing the foundational registry and securing partnerships with certification bodies, potential chicken-and-egg adoption challenges, and an unproven revenue model for B2B subscriptions. Given the near-identical nature, the winner is determined by the one with the marginally more concrete evidence plan."
"local","8","2","L8.2","0","L7.2","tie","tie","Exact same normalized text; skipped LLM call."
"local","8","2","L8.2","1","L8.1","tie","tie","Exact same normalized text; skipped LLM call."
"local","8","2","L8.2","3","L8.3","L8.2","plan_2","PROJECT A:
Pros:
• Clarity of value proposition: Clear one-sentence summary explains privacy-first verification of ethical sourcing events.
• Market size and demand: Targets multiple segments (brands, consumers, procurement teams) addressing growing demand for ethical sourcing verification.
• Feasibility and development plan: Shows structured approach with planned technical tests, pilot with single nonprofit, and foundational registry development.
• Revenue model and sustainability: Subscription model with 90-day free trial and clear metrics for validation is logical.
• Differentiation: Strong focus on verifiable provenance with machine-readable registry of ethical standards creates unique position.
• Impact and evidence plan: Specific pilot plans (nonprofit widget, organic product pilot) demonstrate systematic validation approach.
• Risk awareness and mitigation: Privacy-first design and planned partnerships with certification bodies show awareness of implementation challenges.

Cons:
• Market size and demand: While targeting multiple segments, lacks specific market sizing data to quantify opportunity.
• Feasibility and development plan: Multiple parallel initiatives (widget, registry, pilots) could stretch resources thin for early-stage venture.
• Revenue model and sustainability: Subscription model success depends heavily on enterprise adoption which can be slow.
• Impact and evidence plan: All validation activities are planned rather than completed, creating execution risk.
• Risk awareness and mitigation: No mention of technical risks around ledger technology or adoption barriers.

PROJECT B:
Pros:
• Clarity of value proposition: Identical clear summary to Project A explaining the core value proposition effectively.
• Market size and demand: Same comprehensive target market addressing verification needs across supply chains.
• Feasibility and development plan: Identical structured approach with technical tests, pilots, and registry development.
• Revenue model and sustainability: Same subscription model with trial period and metrics for validation.
• Differentiation: Same strong differentiation through machine-readable registry and verifiable provenance.
• Impact and evidence plan: Same specific pilot plans for systematic validation.
• Risk awareness and mitigation: Same privacy-first approach and partnership plans.

Cons:
• All cons identical to Project A since descriptions are exactly the same.
• No unique advantages or disadvantages compared to Project A.

CRITICAL OBSERVATION: The two project descriptions are IDENTICAL in every section. There is no meaningful difference between Project A and Project B in the provided text. Both have the same strengths and weaknesses across all criteria. This appears to be either an error in the submission or a test of the evaluation system.

WINNER DECISION: Given the identical descriptions, neither project demonstrates superiority over the other. However, since a winner must be selected, Project A is chosen arbitrarily as the first listed option. In reality, both projects would receive identical scores and neither would have a competitive advantage."
"local","8","2","L8.2","4","L8.4","tie","tie","Exact same normalized text; skipped LLM call."
"local","8","2","L8.2","5","L8.5","L8.5","plan_5","PROJECT A: Pros: • Clear value proposition: Privacy-first digital fingerprinting for ethical sourcing with verifiable proof. • Large potential market addressing supply chain transparency and sustainability certification needs. • Well-structured development plan with specific pilot tests (widget technical test, single-nonprofit pilot, organic product pilot). • Clear revenue model through B2B subscriptions with 90-day trial period. • Strong differentiation through machine-readable registry of ethical standards and semantic clarity. • Good impact plan with outreach to certification bodies and university sustainability offices. • Good risk awareness shown through planned technical validation and controlled pilots. Cons: • Somewhat complex solution spanning multiple use cases (ethical sourcing, matching gifts) which may dilute focus. • Market validation still in planning stages with no confirmed partnerships. • Revenue sustainability depends on enterprise adoption which can be slow. • Technical feasibility of decentralized witness network adds complexity. • Limited evidence of traction beyond planned pilots. PROJECT B: Pros: • Identical strong value proposition to Project A. • Same large market opportunity addressing supply chain transparency needs. • Identical well-structured development plan with specific pilot tests. • More detailed revenue model metrics including 'active supplier profiles' and 'frequency of verification checks' in addition to sourcing events. • Same strong differentiation through machine-readable registry. • Same good impact plan with outreach to certification bodies and university offices. • Same good risk awareness through planned validation. Cons: • Same complexity spanning multiple use cases as Project A. • Same market validation still in planning stages. • Same revenue sustainability challenges. • Same technical complexity with decentralized network. • Same limited evidence of traction. CRITICAL DIFFERENCE: While both projects are nearly identical in content, Project B demonstrates slightly better strategic thinking in its revenue logic section by including additional, more sophisticated metrics ('active supplier profiles created' and 'frequency of verification checks performed by end-users') beyond Project A's single metric ('number of sourcing events fingerprinted'). This suggests Project B has given more consideration to measuring both supply-side adoption AND demand-side engagement, which is crucial for a two-sided marketplace/platform business. This subtle but important difference in metric selection shows slightly better understanding of what drives sustainable platform growth."
"local","8","3","L8.3","0","L7.2","L8.3","plan_3","PROJECT A PROS:
• Clarity of value proposition: Strong, concise one-sentence summary clearly communicates the privacy-first, verifiable provenance solution.
• Market size and demand: Identifies multiple target segments (brands, consumers, procurement teams) with clear pain points around sustainability verification and matching gift inefficiencies.
• Feasibility and development plan: Detailed, phased approach with specific pilot plans (single nonprofit blog, organic product pilot), technical validation steps, and partnership outreach strategies.
• Revenue model and sustainability: Clear subscription model with 90-day free trial and defined success metrics, plus potential enterprise upgrades.
• Differentiation: Strong focus on combining tangible goods with digital proof, plus innovative machine-readable registry of ethical standards.
• Impact and evidence plan: Specific pilot metrics (widget engagement, sourcing events fingerprinted) and planned partnerships with certification bodies.
• Risk awareness and mitigation: Shows awareness of data privacy concerns through privacy-first design and addresses credibility through decentralized witness network.

PROJECT A CONS:
• Market validation: While pilots are planned, no actual traction or partnerships are confirmed yet.
• Technical complexity: Building both the ledger system and registry of standards represents significant development challenge.
• Revenue timing: Subscription model depends on achieving critical mass of brands/suppliers, which may take time.

PROJECT B PROS:
• Clarity of value proposition: Identical to Project A - clear and compelling.
• Market size and demand: Same target segments and pain points identified as Project A.
• Feasibility and development plan: Same detailed, phased approach with specific pilots and technical validation.
• Revenue model and sustainability: Same subscription model with trial period and metrics.
• Differentiation: Same focus on tangible-digital combination and machine-readable registry.
• Impact and evidence plan: Same pilot metrics and partnership outreach plans.
• Risk awareness and mitigation: Same privacy-first design and credibility measures.

PROJECT B CONS:
• Identical to Project A in all respects - no distinguishing features or advantages.
• Appears to be an exact duplicate of Project A in content.
• No unique strengths or weaknesses compared to Project A.

Both projects are identical in every substantive aspect. Since they present exactly the same information, strengths, and weaknesses, there is no meaningful basis for preferring one over the other. However, given the requirement to select a winner and the fact that Project A is presented first, it receives the default selection."
"local","8","3","L8.3","1","L8.1","L8.3","plan_3","PROJECT A: Pros: • Clear value proposition combining privacy-first digital fingerprints with verifiable ethical sourcing • Addresses large market of sustainability certification and consumer demand for transparency • Detailed development plan with specific pilot tests (widget technical test, single-nonprofit pilot, organic product pilot) • Revenue model includes subscription service with 90-day free trial and clear success metrics • Strong differentiation through machine-readable registry of ethical standards and semantic clarity • Good impact plan with specific outreach to certification bodies and university sustainability offices • Shows risk awareness with controlled pilot environments and technical validation steps. Cons: • Somewhat complex solution spanning multiple use cases (sourcing, donations, matching gifts) • Relies heavily on partnerships with certification bodies for registry adoption • Subscription model success depends on convincing brands of ROI • Technical complexity of decentralized witness network adds implementation risk. PROJECT B: Identical to Project A in all aspects - same text, same structure, same details. No discernible differences in any criteria. Cons: • Being identical to Project A, shares all the same weaknesses • Offers no competitive advantage or unique approach • Presents no reason for an investor to prefer it over Project A. Both projects are identical in content, but Project A is presented first and would be considered the original submission in a comparative analysis context. Since they are substantively the same, Project A wins by default as the first instance."
"local","8","3","L8.3","2","L8.2","L8.3","plan_3","Both projects are identical in their written descriptions, presenting the same concept, problem statement, solution, delivery model, revenue logic, and distinctiveness. Therefore, a comparative analysis based on the provided text yields identical pros and cons for both. The evaluation is based solely on the information contained within each project description. 

**PROJECT A & PROJECT B (Identical Assessment)**

**Pros:**
• **Clarity of Value Proposition:** The one-sentence summary is strong, clearly articulating a privacy-first, verifiable provenance solution for ethical sourcing.
• **Market Size & Demand:** Identifies a relevant and growing market (ethical sourcing, sustainability reporting, matching gift programs) with clear pain points around trust and verification inefficiency.
• **Feasibility & Development Plan:** Outlines a thoughtful, staged approach: starting with a foundational registry, proceeding through technical alpha tests, and planning controlled pilots (e.g., single nonprofit, single product standard). Shows awareness of incremental validation.
• **Revenue Model & Sustainability:** Proposes a logical B2B subscription model targeting brands/suppliers, with a planned free trial and metrics to inform pricing. Explores potential enterprise upgrades.
• **Differentiation:** Clearly defines a dual-layer differentiator: 1) combining tamper-proof ledger proof with specific ethical standards, and 2) creating a machine-readable, open registry of standard definitions for semantic clarity.
• **Impact & Evidence Plan:** Plans specific, limited pilots and outreach (to a certification body, a university sustainability office) to gather evidence of utility and demand. Proposes clear engagement metrics for the widget pilot.
• **Risk Awareness & Mitigation:** Implicitly addresses technical and adoption risks through a privacy-by-design architecture, phased testing, and plans for partnership outreach to build credibility and utility.

**Cons:**
• **Clarity of Value Proposition:** The description oscillates between charitable/donation use cases and ethical supply chain use cases, which could indicate a lack of initial focus or confuse the core product-market fit.
• **Market Size & Demand:** While the problem is acknowledged, the description lacks any specific data or evidence (e.g., market size figures, citation of industry reports) to quantify the demand or validate the urgency of the stated problems.
• **Feasibility & Development Plan:** Highly aspirational and exploratory language ('plans to explore,' 'propose,' 'aims to') dominates. There is no description of a completed milestone, existing prototype, or committed team expertise, making the path to execution uncertain.
• **Revenue Model & Sustainability:** The subscription pricing strategy is undefined. The model relies on convincing brands/suppliers to pay for a service whose value is predicated on network effects (adoption by their partners and consumers), creating a classic chicken-and-egg problem.
• **Differentiation:** The concept of using cryptographic fingerprints/ledgers for provenance is not novel (e.g., blockchain for supply chain). The success of the proposed differentiation hinges entirely on the difficult task of establishing the open registry as a widely adopted standard.
• **Impact & Evidence Plan:** All evidence-gathering activities are *planned* future actions. There is no mention of completed user interviews, existing letters of intent, or prior validation work, making the impact potential speculative.
• **Risk Awareness & Mitigation:** The description does not explicitly name key execution risks (e.g., achieving critical mass for the ledger/registry, competing with established certification bodies, technical complexity of integrations) or detail concrete mitigation strategies beyond general pilot plans.

**Overall Winner:** The projects are identical. Therefore, there is no basis to declare one a winner over the other based on the provided text. A tie is the only logical conclusion."
"local","8","3","L8.3","4","L8.4","L8.3","plan_3","PROJECT A:
Pros:
• Strong clarity of value proposition with privacy-first, verifiable digital fingerprints for ethical sourcing
• Addresses large market of brands needing supply chain validation and consumers seeking trustworthy goods
• Well-structured development plan with phased approach: technical alpha test, single-nonprofit pilot, and specific agricultural product pilot
• Clear revenue model with subscription service and 90-day free trial with defined success metrics
• Strong differentiation through machine-readable open registry of ethical standards and semantic clarity
• Good evidence plan with targeted outreach to certification bodies and university sustainability offices
• Acknowledges risks through controlled pilots and technical validation before broader deployment

Cons:
• Market validation appears preliminary with planned outreach rather than confirmed partnerships
• Technical complexity of decentralized witness network adds implementation risk
• Revenue sustainability depends on brand adoption which may be slow in regulated industries
• Impact measurement plan focuses on engagement metrics but lacks clear business outcome validation

PROJECT B:
Pros:
• Identical strong value proposition to Project A with privacy-first verifiable provenance
• Same large addressable market for ethical sourcing verification
• Same structured development approach with technical validation and controlled pilots
• Same clear subscription revenue model with trial period and success metrics
• Same strong differentiation through machine-readable standards registry
• Same evidence plan with targeted outreach to certification bodies
• Same risk awareness through phased testing approach

Cons:
• Project description is identical to Project A in all sections, suggesting potential duplication or lack of original analysis
• No unique strengths or approaches identified compared to Project A
• Appears to be a copy of Project A without independent validation or differentiation
• Raises questions about authenticity and originality of the submission

Both projects describe identical solutions, plans, and approaches. However, Project B appears to be a verbatim copy of Project A without any original content or independent thinking. In venture analysis, originality of thought and authentic differentiation are critical. Project A, while having the same content, is presented as the original submission. Project B's identical nature suggests either a submission error or lack of independent work, which raises significant concerns about the team's capability and authenticity.

Winner: Project A wins by default as it represents the original submission. Project B offers no additional value, innovation, or differentiation while raising red flags about its authenticity."
"local","8","3","L8.3","5","L8.5","L8.5","plan_5","PROJECT A PROS: • Strong clarity of value proposition with clear privacy-first approach and verifiable digital fingerprints • Identifies substantial market demand in ethical sourcing verification and corporate matching programs • Well-structured development plan with specific pilot tests (closed alpha, single-nonprofit blog) and clear validation steps • Revenue model includes subscription service with 90-day free trial and clear success metrics • Strong differentiation through machine-readable registry of ethical standards and semantic clarity • Good impact plan with targeted outreach to certification bodies and university sustainability offices • Shows risk awareness through controlled pilot environments and technical validation before deployment PROJECT A CONS: • Market size quantification missing • Revenue sustainability depends heavily on brand/supplier adoption • Technical complexity of decentralized witness network • Dependency on partnerships with certification bodies • Limited consumer-side monetization strategy PROJECT B PROS: • Identical strong value proposition and problem identification as Project A • Same well-defined target users and use cases • Identical development plan with specific technical tests and pilot structures • More comprehensive revenue metrics during trial (adds 'active supplier profiles' and 'frequency of verification checks') • Same strong differentiation through machine-readable registry • Same impact and evidence plan with targeted outreach • Same risk awareness through controlled validation PROJECT B CONS: • Identical to Project A's cons • No additional advantages over Project A beyond slightly more detailed revenue metrics • Both projects are essentially identical except for minor wording differences in revenue metrics section WINNER: Project B wins by a narrow margin due to having slightly more comprehensive revenue metrics during the trial period ('number of active supplier profiles created' and 'frequency of verification checks performed by end-users'), which shows slightly more sophisticated thinking about measuring platform engagement and value creation. However, both projects are nearly identical in all other aspects, making this a very close comparison."
"local","8","4","L8.4","0","L7.2","tie","tie","Exact same normalized text; skipped LLM call."
"local","8","4","L8.4","1","L8.1","tie","tie","Exact same normalized text; skipped LLM call."
"local","8","4","L8.4","2","L8.2","tie","tie","Exact same normalized text; skipped LLM call."
"local","8","4","L8.4","3","L8.3","L8.4","plan_4","Both projects are identical in content and description. They share the same one-sentence summary, problem statement, target users, solution overview, delivery model, revenue logic, and distinctiveness. Therefore, a comparison based on the given criteria yields identical pros and cons for both. Both projects present a clear, privacy-first value proposition for verifiable ethical sourcing. They identify a substantial market need (brands, consumers, certification programs) and propose a feasible, staged development plan with specific pilot tests (widget technical test, single-nonprofit pilot, organic product pilot). Their revenue model (B2B subscription) is logical but dependent on network adoption. Differentiation through a machine-readable registry of standards is a strong conceptual advantage. Their impact and evidence plan is detailed, involving outreach to certification bodies and university programs. They demonstrate risk awareness by planning controlled pilots and technical tests. However, both share significant cons: they are highly conceptual with no demonstrated traction; the development plan, while specific, is still exploratory ('plans to explore'); the revenue model is untested; and the solution's success hinges on critical partnerships (e.g., with major certification bodies) that are not secured. No genuine source facts (like completed tests, signed partnerships, or user metrics) are provided to elevate the assessment of either project. Since the projects are identical, there is no basis to favor one over the other based on the provided information.

Pros for Both Projects:
• Clarity of Value Proposition: High. Clearly articulates a privacy-first platform for verifiable digital provenance of ethical sourcing.
• Market Size and Demand: Identifies a relevant and growing market (sustainable sourcing, certification programs, matching gifts).
• Feasibility and Development Plan: Good. Proposes a staged, logical approach: foundational registry, technical widget test, limited pilots (single nonprofit, single product standard).
• Revenue Model and Sustainability: Logical B2B subscription model with a planned free trial and metric-driven pricing adjustment.
• Differentiation: Strong conceptual differentiator via the machine-readable, open registry of ethical standards definitions, adding semantic clarity.
• Impact and Evidence Plan: Detailed. Includes plans for targeted outreach to certification bodies and university programs, and specific pilot metrics (e.g., widget engagement).
• Risk Awareness and Mitigation: Shows awareness by planning controlled, limited-scope tests before broader rollout.

Cons for Both Projects:
• Clarity of Value Proposition: Slightly diluted by exploring two distinct initial use cases (ethical sourcing and matching gift programs).
• Market Size and Demand: Demand is assumed; no primary market validation data (e.g., letters of intent) is presented.
• Feasibility and Development Plan: Entirely prospective ('plans to'). No evidence of completed technical milestones or prototype.
• Revenue Model and Sustainability: Untested. Success depends on convincing brands/suppliers to pay for a service whose network value is not yet proven.
• Differentiation: The 'heirloom-quality goods' mention in the Distinctiveness section seems disconnected from the core B2B platform description, creating minor confusion.
• Impact and Evidence Plan: All evidence is planned, not achieved. Critical partnerships (e.g., with Fair Trade International) are only targets for outreach.
• Risk Awareness and Mitigation: Major execution and adoption risks remain, particularly the 'chicken-and-egg' problem of building a useful registry and ledger without established partners."
"local","8","4","L8.4","5","L8.5","L8.5","plan_5","Both projects are identical in their core descriptions, presenting the same solution, problem, target users, delivery model, and distinctiveness. The only differences are minor and appear in two sections: the Solution/Product Overview and Revenue Logic. In Project A's Solution section, the pilot metric is described as 'measuring user engagement with the widget (e.g., clicks, verifications performed).' In Project B's Solution section, the identical text appears. In the Revenue Logic, Project A mentions measuring 'the number of sourcing events fingerprinted per partner' during the trial, while Project B adds two additional metrics: 'the number of active supplier profiles created, and the frequency of verification checks performed by end-users.' This addition in Project B's Revenue Logic section is the sole substantive difference, suggesting a slightly more detailed plan for measuring initial traction and product-market fit. However, this difference is extremely minor. Given the overwhelming similarity, both projects share the same strengths and weaknesses.

**Shared Pros:**
• **Clarity of Value Proposition:** Strong. The one-sentence summary clearly articulates a privacy-first, verifiable provenance solution for ethical sourcing.
• **Market Size & Demand:** Addresses a significant and growing need for trust and transparency in supply chains and sustainability claims, targeting a large market (brands, suppliers, consumers).
• **Feasibility & Development Plan:** Shows structured, phased thinking with planned technical tests, a controlled pilot (organic product), and targeted outreach to certification bodies and university offices. The privacy-first, lightweight delivery model is pragmatic.
• **Differentiation:** Potentially strong. The combination of a tamper-proof ledger, a machine-readable registry of standards, and a focus on 'heirloom-quality' verifiable proof addresses a clear gap in current provenance claims.
• **Impact & Evidence Plan:** Good. The plan includes creating a foundational registry, partnerships with certification bodies, and specific pilot tests to generate evidence of utility and engagement.
• **Risk Awareness & Mitigation:** Implicitly addressed through the phased, test-driven approach (alpha test, limited pilot) and the focus on privacy-by-design (not storing raw data).

**Shared Cons:**
• **Feasibility & Development Plan:** The plan is largely exploratory ('plans to explore,' 'plans to propose'). While structured, it lacks concrete milestones or timelines. The reliance on partnerships (certification bodies) for the foundational registry is a potential execution risk.
• **Revenue Model & Sustainability:** The subscription model is logical but untested. The target customers (procurement teams, brands) may have long sales cycles and require significant proof of ROI before subscribing. The model's scalability and pricing are not detailed.
• **Market Size & Demand:** While the problem is real, demand from the stated target users (procurement teams) for a *new* verification layer versus existing audit/certification processes is assumed but not yet validated. The pilot is very limited in scope.
• **Impact & Evidence Plan:** The evidence plan is prospective. Success metrics for the pilot (e.g., widget engagement) are intermediate metrics, not yet business metrics like conversion or retention.

**Project-Specific Notes:**
• **Project A:** Slightly less detailed in its proposed trial success metrics in the Revenue Logic section.
• **Project B:** Includes a marginally more comprehensive set of proposed metrics ('active supplier profiles,' 'verification checks') in its Revenue Logic, indicating a slightly more nuanced view of what constitutes early success for the platform.

Given the projects are 99.9% identical, the decision is marginal. Project B's slightly more detailed consideration of success metrics in its revenue model suggests a marginally more thorough operational mindset, which could translate to better early validation and iteration. Therefore, Project B is the very narrow winner."
"local","8","5","L8.5","0","L7.2","L8.5","plan_5","Both projects are identical in their core descriptions, sharing the exact same text across all sections except for minor differences in the Revenue Logic section (Project A includes additional metrics in the trial period success measurement). Since the projects are nearly identical, the evaluation must focus on the subtle differences and treat them as essentially the same venture with slight variations in planning detail.\n\nPROJECT A:\nPros:\n• Clarity of value proposition: Excellent - clear privacy-first approach with verifiable digital fingerprints for ethical sourcing.\n• Market size and demand: Addresses growing need for supply chain transparency in sustainability-driven markets.\n• Feasibility and development plan: Well-structured with planned technical tests, pilot programs, and foundational registry development.\n• Revenue model and sustainability: Subscription model with 90-day free trial and clear success metrics (events fingerprinted, supplier profiles, verification checks).\n• Differentiation: Strong - combines heirloom-quality goods with digital provenance and machine-readable ethical standards registry.\n• Impact and evidence plan: Good - plans for pilot with single nonprofit blog and specific outreach to certification bodies.\n• Risk awareness and mitigation: Implicit through phased testing approach and privacy-first design.\n\nCons:\n• Market size and demand: While addressing important problems, the venture targets multiple user groups (brands, suppliers, consumers) which may dilute focus.\n• Feasibility and development plan: Ambitious scope with multiple parallel initiatives (widget development, registry creation, pilot programs).\n• Revenue model and sustainability: Subscription model may face adoption challenges in price-sensitive supply chain sectors.\n• Impact and evidence plan: Lacks specific timeline details for pilot execution and partnership development.\n• Risk awareness and mitigation: No explicit discussion of technical risks, competitive threats, or regulatory challenges.\n\nPROJECT B:\nPros:\n• Clarity of value proposition: Excellent - identical to Project A with clear privacy-first approach.\n• Market size and demand: Same strong market opportunity as Project A.\n• Feasibility and development plan: Same structured approach with technical tests and pilot planning.\n• Revenue model and sustainability: Subscription model with 90-day free trial and success measurement (though with fewer metrics than Project A).\n• Differentiation: Same strong differentiation as Project A.\n• Impact and evidence plan: Same planned pilot and outreach activities.\n• Risk awareness and mitigation: Same implicit risk management through phased approach.\n\nCons:\n• All the same cons as Project A apply equally.\n• Revenue model and sustainability: Slightly less detailed success metrics during trial period compared to Project A.\n\nThe only discernible difference between the projects is in the Revenue Logic section where Project A specifies more comprehensive success metrics during the trial period ('number of sourcing events fingerprinted per partner, the number of active supplier profiles created, and the frequency of verification checks performed by end-users') while Project B mentions only 'number of sourcing events fingerprinted per partner.' This suggests Project A has slightly more detailed planning for measuring product-market fit and customer engagement during the critical trial phase. However, this difference is minor and both projects otherwise present identical visions, plans, and approaches. Given their near-identical nature, the evaluation must acknowledge they are essentially the same venture with Project A showing marginally better operational planning in one specific area."
"local","8","5","L8.5","1","L8.1","L8.5","plan_5","PROJECT A PROS:\n• Clarity of value proposition: Strong, concise one-sentence summary clearly communicates privacy-first, verifiable provenance solution.\n• Market size and demand: Targets multiple high-value segments (brands, suppliers, consumers) with clear regulatory and certification drivers.\n• Feasibility and development plan: Well-structured phased approach with specific pilot plans (nonprofit widget test, organic product pilot), technical validation steps, and parallel outreach strategies.\n• Revenue model and sustainability: Clear subscription model with defined 90-day trial and specific success metrics (events fingerprinted, active profiles, verification checks).\n• Differentiation: Strong focus on machine-readable registry of ethical standards and semantic clarity beyond basic tamper-proof recording.\n• Impact and evidence plan: Multiple validation paths planned (technical alpha, nonprofit pilot, certification body outreach, university outreach).\n• Risk awareness and mitigation: Implicitly addresses privacy risks through fingerprinting approach and proposes decentralized witness network for trust enhancement.\n\nPROJECT A CONS:\n• Market validation still hypothetical - all plans are proposed rather than executed.\n• Multiple parallel initiatives (widget development, registry creation, pilot programs) could stretch resources thin.\n• Revenue model depends on brand/supplier adoption which may require significant sales effort.\n• The 'heirloom-quality goods' mention in distinctiveness seems disconnected from the core platform service.\n\nPROJECT B PROS:\n• Clarity of value proposition: Identical strong summary to Project A.\n• Market size and demand: Same compelling target markets as Project A.\n• Feasibility and development plan: Same well-structured approach with specific pilot plans and validation steps.\n• Differentiation: Same focus on machine-readable registry and semantic clarity.\n• Risk awareness: Same privacy-first approach and decentralized witness network consideration.\n\nPROJECT B CONS:\n• Revenue model metrics are less comprehensive - only mentions 'number of sourcing events fingerprinted' as trial metric vs. Project A's three metrics.\n• Slightly less detailed evidence plan in revenue section.\n• All the same cons as Project A regarding market validation and resource allocation.\n\nCOMPARISON:\nProjects A and B are nearly identical in content and structure, with only one meaningful difference: Project A specifies more comprehensive success metrics for its revenue model trial period (events fingerprinted, active supplier profiles, verification checks) while Project B only mentions events fingerprinted. This gives Project A a slight edge in demonstrating more thoughtful measurement of product-market fit and user engagement. Both projects show strong strategic thinking across all criteria, with clear value propositions addressing real market needs, phased development approaches, and innovative differentiation through semantic registries. However, neither project presents actual executed validation or traction - all plans are forward-looking.\n\nWINNER: Project A wins by a narrow margin due to its more comprehensive approach to measuring success during the revenue model trial period, suggesting slightly better operational rigor and understanding of what drives sustainable adoption."
"local","8","5","L8.5","2","L8.2","L8.5","plan_5","Both projects are identical in their core description, one-sentence summary, problem statement, target users, solution overview, delivery model, revenue logic, and distinctiveness. They both describe a privacy-first platform for verifiable digital fingerprints of ethical sourcing events anchored to a tamper-proof ledger. Both outline identical plans for development, including creating an open-source registry of ethical sourcing claim definitions, developing a verification widget, conducting technical tests and limited pilots (single nonprofit blog, organic product pilot), and targeted outreach to sustainability certification bodies and university sustainability offices. Both propose the same revenue model (subscription service with 90-day free trial) and differentiation strategy (heirloom-quality goods with digital proof, machine-readable ledger). The only observable difference is in the 'Revenue Logic' section where Project A includes slightly more detailed success metrics ('number of sourcing events fingerprinted per partner, the number of active supplier profiles created, and the frequency of verification checks performed by end-users') compared to Project B ('number of sourcing events fingerprinted per partner'). This minor difference does not substantively alter the assessment across the seven criteria. Therefore, both projects have identical pros and cons.

PROJECT A & B PROS:
• Clarity of value proposition: Strong. Clearly articulates a privacy-first, verifiable proof system for ethical sourcing.
• Market size and demand: Addresses a significant and growing need for supply chain transparency and trust in sustainability claims.
• Feasibility and development plan: Well-structured with a phased approach: foundational registry, technical tests, limited pilots, and targeted outreach. Shows logical progression.
• Revenue model and sustainability: Clear subscription model targeting brands/suppliers with a free trial to drive adoption. Enterprise upgrades provide scalability.
• Differentiation: Strong. Combines tamper-proof ledger with a machine-readable registry of ethical standards, adding semantic clarity beyond simple provenance.
• Impact and evidence plan: Good. Plans for specific pilots (nonprofit widget, organic product) and metrics (engagement, fingerprint volume) to validate demand and functionality.
• Risk awareness and mitigation: Implicitly addressed through privacy-by-design, phased testing, and partnership outreach to establish credibility.

PROJECT A & B CONS:
• Clarity of value proposition: Slightly complex due to dual focus on ethical sourcing and charitable donations/matching gifts.
• Market size and demand: No quantification of market size. Relies on assumed demand from brands under regulatory/sustainability pressure.
• Feasibility and development plan: Ambitious. Requires building ledger technology, registry standards, widget, and securing partnerships—significant technical and coordination challenges.
• Revenue model and sustainability: Unproven willingness-to-pay. Brands may already use existing certification bodies; need to demonstrate clear ROI.
• Differentiation: While unique, faces competition from blockchain-based supply chain solutions and established certification agencies.
• Impact and evidence plan: All evidence is planned/future-oriented. No current traction, partnerships, or completed pilots mentioned.
• Risk awareness and mitigation: No explicit discussion of key risks (e.g., adoption chicken-and-egg, regulatory changes, competition)."
"local","8","5","L8.5","3","L8.3","L8.5","plan_5","Both projects are identical in their descriptions, presenting a privacy-first platform for verifiable digital fingerprints of ethical sourcing events anchored to a tamper-proof ledger. They share the same one-sentence summary, problem statement, target users, solution overview, delivery model, revenue logic, and distinctiveness. The only minor difference appears in the Revenue Logic section: Project A includes additional metrics for its 90-day free trial ('number of active supplier profiles created, and the frequency of verification checks performed by end-users'), while Project B only mentions 'number of sourcing events fingerprinted per partner.' Given that both projects are virtually identical, they share the same strengths and weaknesses across all criteria. Strengths include a clear value proposition addressing provenance verification, a large potential market in ethical sourcing, a privacy-first technical approach, a subscription revenue model, and differentiation through a machine-readable ledger of standards. Weaknesses include reliance on unvalidated partnerships, unproven user adoption, technical complexity, and unclear competitive moats. Since the projects are essentially the same, neither has a decisive advantage. However, Project A demonstrates slightly more detailed planning in its revenue validation metrics, suggesting marginally better operational rigor. Therefore, Project A is selected as the winner based on this minimal distinction."
"local","8","5","L8.5","4","L8.4","L8.5","plan_5","{
  ""Project A"": {
    ""pros"": [
      ""• Clear, focused value proposition centered on verifiable ethical sourcing with privacy protection."",
      ""• Addresses a large and growing market (ethical goods, supply chain transparency) with clear regulatory tailwinds."",
      ""• Detailed, phased development plan with specific pilots (widget test, organic product pilot) and metrics for validation."",
      ""• Subscription revenue model targeting brands/suppliers is logical and scalable; includes a 90-day trial with defined success metrics."",
      ""• Strong differentiation via the combination of tamper-proof ledger, open registry of standards, and focus on semantic clarity/auditability."",
      ""• Good impact evidence plan: specific pilot designs, outreach to certification bodies and university sustainability offices to test demand."",
      ""• Demonstrates risk awareness by proposing limited technical tests and controlled pilots before broader rollout.""
    ],
    ""cons"": [
      ""• The matching gift program use case feels secondary and potentially distracting from the core supply chain focus."",
      ""• Revenue model relies on convincing brands/suppliers to pay for a service where the value must be proven (chicken-and-egg adoption)."",
      ""• Technical complexity of building a decentralized witness network and machine-readable registry is high."",
      ""• No mention of existing traction, partnerships, or completed technical milestones—all plans are forward-looking.""
    ]
  },
  ""Project B"": {
    ""pros"": [
      ""• Identical to Project A in all substantive aspects: value proposition, problem, target users, solution, delivery model, and distinctiveness."",
      ""• Same strong market rationale and differentiation strategy."",
      ""• Same detailed development and pilot approach.""
    ],
    ""cons"": [
      ""• The revenue logic section is slightly less detailed than Project A's. It omits the specific success metrics mentioned in Project A (e.g., 'number of active supplier profiles created,' 'frequency of verification checks'), suggesting a marginally less rigorous plan for validating the subscription model."",
      ""• Otherwise, shares all the same cons as Project A, including no demonstrated traction.""
    ]
  }
}"
"local","9","0","L8.5","1","L9.1","tie","tie","Exact same normalized text; skipped LLM call."
"local","9","0","L8.5","2","L9.2","L9.2","plan_2","PROJECT A PROS:\n• Clarity of value proposition: Clear, concise one-sentence summary articulates the privacy-first approach and value of indisputable proof.\n• Market size and demand: Identifies two substantial markets (brands/consumers) and a specific initial target (procurement teams in sustainability programs).\n• Feasibility and development plan: Proposes a phased approach with technical alpha, single-nonprofit pilot, and controlled pilot for a specific ethical standard.\n• Revenue model and sustainability: Subscription model with clear metrics for trial success measurement and potential enterprise upgrades.\n• Differentiation: Strong focus on heirloom-quality goods with enduring digital proof and machine-readable open registry of standards.\n• Impact and evidence plan: Plans for outreach to certification bodies and university sustainability offices to validate demand.\n• Risk awareness and mitigation: Privacy-first design addresses data sensitivity concerns; phased testing mitigates implementation risks.\n\nPROJECT A CONS:\n• Market validation still theoretical with no proven traction.\n• Revenue model depends on brand/supplier adoption which may be slow.\n• Technical complexity of decentralized witness network adds development risk.\n• Requires coordination with multiple stakeholders (certification bodies, suppliers, brands).\n\nPROJECT B PROS:\n• All the strengths of Project A plus enhanced usability focus.\n• Feasibility and development plan: Includes additional metric (time to complete verification) in pilot, showing stronger user experience focus.\n• Impact and evidence plan: More comprehensive measurement approach with usability tracking.\n\nPROJECT B CONS:\n• Identical to Project A's cons - same fundamental challenges.\n• Slightly more complex pilot measurement could delay learning.\n\nPROJECT B WINS because it demonstrates marginally stronger execution planning through its more detailed usability metrics in the pilot phase. While both projects are essentially identical in concept and structure, Project B's inclusion of 'time taken for a user to complete a verification' as a tracked metric shows greater attention to user experience optimization and more sophisticated validation planning. This subtle but important difference suggests slightly better operational thinking and customer-centric development approach."
"local","9","0","L8.5","3","L9.3","L9.3","plan_3","PROJECT A PROS:\n• Clarity of value proposition: Excellent clarity with specific examples (matching gift programs, ethical sourcing).\n• Market size and demand: Identifies clear target segments (procurement teams, sustainability certification participants) with regulatory tailwinds.\n• Feasibility and development plan: Strong staged approach with technical alpha test, nonprofit pilot, and agricultural product pilot. Shows logical progression.\n• Revenue model and sustainability: Clear subscription model with 90-day trial and defined success metrics (fingerprints per partner, verification checks).\n• Differentiation: Strong dual differentiation: heirloom-quality goods with digital proof AND machine-readable registry of ethical standards.\n• Impact and evidence plan: Multiple validation paths: technical test, nonprofit widget pilot, agricultural pilot, certification body outreach.\n• Risk awareness and mitigation: Shows awareness of privacy concerns through anonymized fingerprints and lightweight implementation.\n\nPROJECT A CONS:\n• Market size and demand: While segments are identified, quantification of market size is missing.\n• Feasibility and development plan: Relies on partnerships with certification bodies which could be difficult to secure.\n• Revenue model and sustainability: Subscription pricing details are unspecified.\n• Risk awareness and mitigation: No mention of ledger technology risks or competition from established players.\n\nPROJECT B PROS:\n• Clarity of value proposition: Excellent clarity with specific examples (matching gift programs, ethical sourcing).\n• Market size and demand: Identifies clear target segments (procurement teams, sustainability certification participants) with regulatory tailwinds.\n• Feasibility and development plan: Strong staged approach with technical alpha test, nonprofit pilot, and agricultural product pilot. Shows logical progression.\n• Revenue model and sustainability: Clear subscription model with 90-day trial and ADDITIONAL validation through mock-up report templates for partner feedback.\n• Differentiation: Strong dual differentiation: heirloom-quality goods with digital proof AND machine-readable registry of ethical standards.\n• Impact and evidence plan: Multiple validation paths: technical test, nonprofit widget pilot, agricultural pilot, certification body outreach.\n• Risk awareness and mitigation: Shows awareness of privacy concerns through anonymized fingerprints and lightweight implementation.\n\nPROJECT B CONS:\n• Market size and demand: While segments are identified, quantification of market size is missing.\n• Feasibility and development plan: Relies on partnerships with certification bodies which could be difficult to secure.\n• Revenue model and sustainability: Subscription pricing details are unspecified.\n• Risk awareness and mitigation: No mention of ledger technology risks or competition from established players.\n\nWINNER ANALYSIS:\nBoth projects are nearly identical in their descriptions, with only one meaningful difference in the Revenue Logic section. Project B includes an additional, specific validation step for its revenue model: \""creating mock-up report templates for the 90-day trial partners to review and provide feedback on.\"" This demonstrates slightly stronger execution planning and customer validation focus for the subscription service's value proposition. Since all other criteria are equal, this concrete plan for testing a core revenue component gives Project B a marginal advantage in feasibility and revenue model validation. The projects are otherwise equally strong across all criteria with identical pros and cons."
"local","9","0","L8.5","4","L9.4","L9.4","plan_4","Both projects are identical in their core description, value proposition, problem statement, target users, solution overview, delivery model, revenue logic, and distinctiveness. The only difference appears in the 'Solution / Product Overview' section where Project B adds one specific detail: 'Specifically, the venture plans to propose exploring integration of the proof-of-donation solution with a single, existing internal platform the university uses, such as their HR portal or a specific matching gift software.' This represents a marginally more concrete implementation plan for one specific pilot use case. However, given that both projects are otherwise identical and this difference is minimal, the assessment across all criteria is essentially the same for both. Both projects demonstrate: 1) Good clarity of value proposition (privacy-first, verifiable provenance). 2) Large potential market size (ethical sourcing, corporate matching). 3) Moderately detailed feasibility plan with proposed pilots and technical tests. 4) Clear subscription-based revenue model with trial period. 5) Strong differentiation through machine-readable ledger and registry of standards. 6) Good impact and evidence plan with specific pilot metrics. 7) Some risk awareness shown through privacy-by-design and phased testing. The main cons for both are the speculative nature of many plans ('plans to explore', 'propose', 'aims to') and lack of demonstrated traction or partnerships. Since the projects are nearly identical, the slight edge in specificity for Project B's integration plan gives it a minor advantage in 'Feasibility and development plan'."
"local","9","0","L8.5","5","L9.5","L8.5","plan_0","{""Project A"": {""Pros"": [""• Clear value proposition: Privacy-first platform providing verifiable digital fingerprints for ethical sourcing events anchored to tamper-proof ledger.\n• Addresses significant market need: Growing demand for supply chain transparency from both brands and consumers.\n• Thoughtful development plan: Includes technical testing phase (closed alpha) before pilot implementation.\n• Revenue model has clear logic: Subscription service for brands/suppliers with 90-day free trial and measurable success metrics.\n• Strong differentiation: Focus on heirloom-quality goods with enduring digital proof and machine-readable registry concept.\n• Good evidence plan: Multiple pilot approaches including single nonprofit blog widget test and organic standard validation.\n• Risk awareness: Shows understanding of technical reliability needs and user experience considerations.""], ""Cons"": [""• Market validation appears theoretical: No evidence of existing partnerships or proven demand.\n• Development plan lacks timeline specifics: Multiple 'planned' explorations without clear sequencing.\n• Revenue sustainability uncertain: Subscription model dependent on network effects that may be slow to develop.\n• Technical complexity high: Requires building both fingerprinting technology and witness network.\n• Competitive landscape not addressed: Similar blockchain-based provenance solutions exist.\n• Implementation risks: Integrating with certification bodies could be challenging.\n• Matching gift use case seems secondary: May dilute focus from core ethical sourcing proposition.""]}, ""Project B"": {""Pros"": [""• Identical strong value proposition to Project A.\n• Same market opportunity addressing transparency needs.\n• More detailed technical implementation: Specifically mentions JSON-LD format for registry encoding.\n• Parallel pilot approach: Simultaneous testing of core technology and registry concept.\n• Same revenue logic with clear metrics.\n• Strong differentiation with machine-readable registry focus.\n• Good outreach plan to certification bodies.\n• Privacy-first approach well articulated.""], ""Cons"": [""• All same cons as Project A regarding market validation and timeline.\n• Additional technical complexity: JSON-LD implementation adds development burden.\n• Potentially over-engineered: Machine-readable registry may be premature before proving core value.\n• Same dependency on network effects.\n• No clear advantage over Project A in execution planning.\n• Identical risk profile regarding certification body partnerships.\n• Matching gift distraction remains.""]}}"
"local","9","1","L9.1","0","L8.5","tie","tie","Exact same normalized text; skipped LLM call."
"local","9","1","L9.1","2","L9.2","L9.2","plan_2","Both projects are identical in their core description, value proposition, and most details, with only one key difference in Project B's pilot testing plan. Project B adds a specific usability metric ('time taken for a user to complete a verification from the embedded widget') to its planned pilot with a single nonprofit blog. This demonstrates slightly stronger operational rigor and user-centric thinking in its evidence plan (criterion 6). All other aspects—clarity, market, feasibility, revenue model, differentiation, and risk awareness—are equivalent between the two. Given the identical strengths and the single, meaningful enhancement in Project B's validation approach, Project B earns a marginal advantage.

**Project A Pros:**
• Clear, concise value proposition centered on privacy-first, verifiable digital fingerprints for ethical sourcing.
• Addresses a substantial and growing market need for supply chain transparency and trust in sustainability claims.
• Detailed, phased development plan with specific pilot tests and foundational registry development.
• Straightforward subscription-based revenue model with a planned free trial and clear success metrics.
• Strong differentiation via the combination of a tamper-proof ledger, open registry of standards, and focus on semantic clarity.
• Good risk awareness shown through planned technical tests, controlled pilots, and targeted partnership outreach.
• Includes a specific plan to measure user engagement (clicks, verifications) in its pilot.

**Project A Cons:**
• Lacks a specific, planned metric for assessing usability/friction in its verification widget pilot (only engagement metrics mentioned).
• While the evidence plan is good, it could be more granular in measuring user experience efficiency.

**Project B Pros:**
• All the strengths listed for Project A.
• Enhanced evidence plan: explicitly plans to track and report 'the time taken for a user to complete a verification' in its nonprofit blog pilot. This shows a more rigorous focus on usability and reducing friction—a core part of the stated problem.

**Project B Cons:**
• Same as Project A, aside from the slightly improved metric in the pilot plan.

Given the projects are otherwise identical, the added specificity in Project B's validation metric indicates a marginally more thoughtful and user-focused approach to testing and evidence gathering, which slightly improves its assessment on feasibility and evidence plan criteria."
"local","9","1","L9.1","3","L9.3","L9.3","plan_3","Both projects are identical in their core description, problem statement, target users, solution overview, delivery model, and distinctiveness. The only differences appear in the 'Revenue Logic' section. Both propose a subscription model with a 90-day free trial and metrics tracking. However, Project A's trial metrics focus on core platform engagement (events fingerprinted, profiles created, verification checks), while Project B adds a specific plan to test advanced reporting features by creating mock-up report templates for trial partners to review. This addition in Project B shows marginally more concrete planning for feature validation and user feedback within the revenue model. Given the near-identical nature of the projects, this small difference in specificity within the revenue model testing plan gives Project B a slight edge in 'Revenue model and sustainability' and 'Feasibility and development plan' criteria. All other criteria are equally addressed (or not addressed) by both projects. Neither project provides genuine evidence of traction, partnerships, or completed development; both are presented as plans and explorations. Therefore, the assessment is based solely on the textual differences provided.

PROJECT A:
Pros:
• Clear value proposition: Privacy-first, verifiable digital fingerprints for ethical sourcing.
• Addresses a significant problem: Lack of trust and verification in sustainability claims and digital records.
• Targets a large market: Brands, suppliers, consumers in ethical goods space.
• Thoughtful, phased development plan with specific pilot tests (widget, organic standard).
• Privacy-first delivery model is appropriate for the sensitive data involved.
• Strong differentiation through permanent, machine-readable ledger linked to ethical standards.
• Shows risk awareness through planned technical tests and controlled pilots.

Cons:
• Market validation plans (outreach to certification bodies, universities) are exploratory, not confirmed.
• Revenue model relies on subscription adoption without clear pricing or validation of willingness to pay.
• No evidence of existing partnerships, traction, or completed technical development.
• The matching gift program use case feels somewhat tangential to the core ethical sourcing focus.
• Impact measurement plan is vague beyond pilot engagement metrics.

PROJECT B:
Pros:
• All the same pros as Project A regarding value proposition, problem, market, delivery, and differentiation.
• Slightly more detailed revenue model validation plan: Includes specific test of advanced reporting features via mock-ups with trial partners.
• This additional step shows slightly more concrete planning for gathering user feedback on a key paid feature.

Cons:
• All the same cons as Project A regarding lack of evidence, exploratory validation, and tangential use cases.
• The added detail in the revenue plan is minor and does not fundamentally de-risk the business model.

Overall, Project B wins due to its marginally more detailed and actionable plan for validating a component of its revenue model, demonstrating slightly better planning in the 'Feasibility and development plan' and 'Revenue model and sustainability' criteria. The difference is minimal, but in the absence of other distinguishing factors, it tips the balance."
"local","9","1","L9.1","4","L9.4","L9.4","plan_4","{""Project A"": {""Pros"": [""• Clear value proposition centered on privacy-first verifiable provenance for ethical sourcing"", ""• Addresses large market demand from both brands (supply chain validation) and consumers (trustworthy goods)"", ""• Thoughtful development plan with multiple validation steps: technical alpha, single-nonprofit pilot, and controlled pilot for ethical standards"", ""• Revenue model based on B2B subscription with clear trial metrics and potential enterprise upgrades"", ""• Strong differentiation through machine-readable open registry of ethical standards and semantic clarity"", ""• Good evidence plan with specific outreach to certification bodies and university sustainability offices"", ""• Acknowledges risks (trust in ledger, adoption) and proposes mitigation (witness network, partnerships)""], ""Cons"": [""• Market entry relies heavily on partnerships with certification bodies, creating dependency"", ""• Revenue model assumes brands will pay for subscription before network effects are proven"", ""• Development plan is exploratory (""plans to explore"") rather than definitive, indicating early stage"", ""• Matching gift use case feels secondary and may dilute focus from core ethical sourcing proposition"", ""• No mention of technical team expertise or existing prototypes to bolster feasibility claims""]}, ""Project B"": {""Pros"": [""• Identical strong value proposition and market analysis as Project A"", ""• Same robust development approach with technical validation and pilot stages"", ""• Revenue model includes same subscription logic with measurable trial metrics"", ""• Maintains strong differentiation through open registry of ethical standards"", ""• Same thoughtful evidence plan with outreach to certification bodies"", ""• Additional specificity in matching gift use case: proposes integration with existing university platforms (HR portal/matching gift software)"", ""• This integration detail shows more concrete thinking about implementation pathways""], ""Cons"": [""• Shares all the same cons as Project A regarding partnership dependency and revenue assumptions"", ""• Despite slightly more specificity in one area, overall remains equally exploratory in tone"", ""• No additional differentiation beyond what Project A offers"", ""• Like Project A, lacks evidence of technical execution capability or existing traction""]}}"
"local","9","1","L9.1","5","L9.5","L9.1","plan_1","Both projects share identical core descriptions but differ in implementation details. PROJECT A has a more coherent development sequence with clearer validation steps. Its planned technical test before the nonprofit pilot shows better risk management. PROJECT B introduces a parallel technical pilot for the registry format (JSON-LD) alongside the core validation, which adds complexity without clear incremental value. Both share identical strengths: clear value proposition addressing greenwashing, large market potential in ethical sourcing and corporate compliance, privacy-first architecture, subscription revenue model, and strong differentiation through tamper-proof ledger + semantic registry. Both also share identical weaknesses: overly broad initial target users (brands, consumers, procurement teams), reliance on unvalidated partnerships with certification bodies, unproven demand for the matching gift use case, and unclear path to critical mass for the ledger network effect. PROJECT A's more linear, staged validation approach gives it a slight edge in feasibility and risk mitigation, making it the marginally stronger candidate despite nearly identical content."
"local","9","2","L9.2","0","L8.5","L9.2","plan_2","PROJECT A PROS:\n• Clarity of value proposition: Clear, concise one-sentence summary that effectively communicates the core offering.\n• Feasibility and development plan: Strong, detailed plan with specific pilot tests (closed alpha for widget, single nonprofit pilot), clear metrics for success (user engagement, verification time), and structured validation steps.\n• Impact and evidence plan: Well-defined pilot with measurable outcomes (clicks, verifications, time-to-verify) and targeted outreach to certification bodies and university sustainability offices.\n• Risk awareness and mitigation: Implicitly addressed through phased testing and validation before broader rollout.\n• Differentiation: Clear focus on verifiable provenance and machine-readable registry of ethical standards, with additional emphasis on heirloom-quality goods as a unique angle.\n\nPROJECT A CONS:\n• Market size and demand: While target users are identified, specific market sizing or demand validation is not quantified.\n• Revenue model and sustainability: Subscription model is clear but lacks pricing details or validation of willingness to pay.\n\nPROJECT B PROS:\n• Clarity of value proposition: Identical clear one-sentence summary to Project A.\n• Market size and demand: Same target users as Project A, but no additional market sizing.\n• Differentiation: Same strong differentiation points as Project A.\n• Revenue model and sustainability: Same subscription model with free trial and success metrics.\n\nPROJECT B CONS:\n• Feasibility and development plan: Less detailed than Project A; mentions pilot but lacks specific technical validation step (closed alpha) and omits the key usability metric of verification time.\n• Impact and evidence plan: Less rigorous; pilot metrics are limited to engagement (clicks, verifications) without measuring friction (verification time).\n• Risk awareness and mitigation: Less explicit; phased approach is mentioned but with fewer concrete validation steps.\n\nOverall, both projects share identical core descriptions, value propositions, target users, revenue models, and differentiation. However, Project A demonstrates superior planning and execution detail in its feasibility, development, and evidence plans. It includes a specific technical validation step (closed alpha) and an additional key metric (verification time) to assess usability, indicating a more thorough and risk-aware approach. Therefore, Project A wins due to its more robust and measurable implementation strategy."
"local","9","2","L9.2","1","L9.1","L9.2","plan_2","PROJECT A PROS:
• Clarity of value proposition: Strong, consistent message about privacy-first verifiable provenance with clear technical approach (fingerprints + ledger).
• Market size and demand: Identifies two substantial markets (ethical supply chain verification and matching gift programs) with regulatory tailwinds.
• Feasibility and development plan: Excellent specificity with planned technical alpha test, single-nonprofit pilot, and clear metrics for widget usability (including time-to-verify metric).
• Revenue model and sustainability: Clear subscription model for brands/suppliers with 90-day trial and defined success metrics to inform pricing.
• Differentiation: Strong dual differentiation: heirloom-quality goods with digital proof AND machine-readable open registry of ethical standards.
• Impact and evidence plan: Strong planned validation through multiple pilots (technical alpha, nonprofit widget, organic product pilot) and outreach to certification bodies.
• Risk awareness and mitigation: Implicitly addresses technical risks through phased testing and privacy risks through fingerprinting approach.

PROJECT A CONS:
• Market validation: While outreach is planned, actual demand from procurement teams and certification bodies remains unproven.
• Revenue model reliance: Success depends on convincing brands/suppliers to pay for subscription, which may face adoption hurdles.
• Technical complexity: Building decentralized witness network and open registry adds development complexity.

PROJECT B PROS:
• Clarity of value proposition: Identical to Project A - strong and clear.
• Market size and demand: Same substantial market identification as Project A.
• Feasibility and development plan: Good planning with technical test and nonprofit pilot planned, though less specific than Project A on usability metrics.
• Revenue model and sustainability: Same clear subscription model with trial period as Project A.
• Differentiation: Same strong dual differentiation as Project A.
• Impact and evidence plan: Good planned validation through pilots and certification body outreach.
• Risk awareness and mitigation: Same implicit risk awareness as Project A.

PROJECT B CONS:
• Less specific development plan: Missing the detailed usability metric (time-to-verify) that Project A includes for widget testing.
• Slightly less rigorous validation: While both have similar plans, Project A's additional specificity suggests more thorough approach to testing.
• Same market validation and revenue risks as Project A.

WINNER: Project A wins due to superior specificity in its development and validation approach. While both projects share identical core concepts, value propositions, and differentiation, Project A demonstrates more rigorous planning through its inclusion of specific usability metrics (time-to-verify in widget pilot) and slightly more detailed testing methodology. This suggests a team that thinks more critically about user experience validation and has a more meticulous approach to product development, which is crucial for technical solutions requiring trust and adoption."
"local","9","2","L9.2","3","L9.3","L9.2","plan_2","PROJECT A PROS:
• Clarity of value proposition: Excellent clarity with specific examples of ethical sourcing and matching gift programs.
• Market size and demand: Addresses large markets in ethical sourcing ($) and corporate philanthropy.
• Feasibility and development plan: Strong plan with specific pilot (single nonprofit blog), technical alpha test, and clear metrics (user engagement, verification time).
• Revenue model and sustainability: Subscription model with 90-day trial and clear success metrics (events fingerprinted, profiles created, verification checks).
• Differentiation: Strong focus on heirloom-quality goods with verifiable provenance and machine-readable ledger of ethical standards.
• Impact and evidence plan: Robust plan with pilot, technical test, and outreach to certification bodies and university sustainability offices.
• Risk awareness and mitigation: Implicitly addresses privacy risks through fingerprinting approach; plans for technical validation.

PROJECT A CONS:
• Somewhat complex solution spanning multiple use cases (sourcing, donations).
• Relies heavily on partnerships with certification bodies for registry adoption.
• Revenue model depends on convincing brands/suppliers to pay for subscription.

PROJECT B PROS:
• Clarity of value proposition: Same excellent clarity as Project A.
• Market size and demand: Same large market opportunities.
• Feasibility and development plan: Similar strong plan with pilot and technical test.
• Revenue model and sustainability: Subscription model with 90-day trial and additional technical test for report templates.
• Differentiation: Same strong differentiation as Project A.
• Impact and evidence plan: Similar robust plan with outreach and testing.
• Risk awareness and mitigation: Similar implicit privacy protection.

PROJECT B CONS:
• Slightly less detailed user experience metrics in pilot (doesn't specify tracking verification time).
• Same complexity and partnership dependencies as Project A.
• Same revenue model challenges.

Key differences: Project A shows slightly stronger evidence planning by specifying it will track 'time taken for a user to complete a verification' in its pilot, indicating deeper user experience focus. Project B adds a technical test for report templates, which is good but less critical than core usability metrics. Both projects are nearly identical in most criteria, but Project A's more comprehensive pilot metrics give it a slight edge in evidence-based validation.

Overall winner: Project A wins due to its more detailed user experience measurement plan in the pilot phase, demonstrating stronger focus on validating usability and friction points - critical for adoption in both ethical sourcing and donation verification contexts."
"local","9","2","L9.2","4","L9.4","L9.2","plan_2","Both projects share identical core concepts: a privacy-first platform using digital fingerprints anchored to a tamper-proof ledger to verify ethical sourcing. Their problem statements, target users, solution overviews, delivery models, revenue logic, and distinctiveness sections are largely the same. However, subtle differences in their 'Solution / Product Overview' sections reveal key distinctions in their development and validation approaches.

--- PROJECT A ---
PROS:
• Clarity of Value Proposition: Clear focus on verifiable provenance for ethical sourcing with privacy protection.
• Market Size & Demand: Targets a large, growing market of brands needing supply chain transparency and consumers seeking ethical goods.
• Feasibility & Development Plan: Shows structured planning with a proposed technical alpha test for the verification widget, followed by a single-nonprofit pilot. Plans to measure user engagement and a specific usability metric (time to complete verification).
• Revenue Model & Sustainability: Subscription model for brands/suppliers with a proposed 90-day free trial and clear success metrics (events fingerprinted, active profiles, verification checks).
• Differentiation: Strong focus on creating a machine-readable, open registry of ethical standards linked to fingerprints, adding semantic clarity.
• Impact & Evidence Plan: Proposes foundational registry creation and targeted outreach to a certification body. Plans a controlled pilot for a single ethical standard (e.g., 'organic').
• Risk Awareness & Mitigation: Implicitly addresses technical and adoption risks through phased testing and partnership outreach.

CONS:
• Market Validation: While outreach is planned, no concrete evidence of existing demand or partnerships is presented.
• Technical Complexity: Building a decentralized witness network and open registry adds significant development overhead.
• Revenue Certainty: Subscription model success depends on convincing brands to pay, which may be challenging without proven ROI.
• Scalability: The focus on 'heirloom-quality goods' might limit initial market size compared to broader ethical goods.

--- PROJECT B ---
PROS:
• Clarity of Value Proposition: Identical to Project A's clear proposition.
• Market Size & Demand: Identical large target market.
• Feasibility & Development Plan: Similar structured plan but adds a specific integration detail for the matching gift use case: proposes exploring integration with a single existing university platform (e.g., HR portal).
• Revenue Model & Sustainability: Identical subscription model with trial and metrics.
• Differentiation: Identical strong focus on the machine-readable registry.
• Impact & Evidence Plan: Similar plans for registry, certification body outreach, and a controlled pilot.
• Risk Awareness & Mitigation: Similar implicit risk management; the specific integration exploration for universities shows slightly more concrete thinking for one use case.

CONS:
• Market Validation: Same lack of concrete evidence as Project A.
• Technical Complexity: Same high complexity.
• Revenue Certainty: Same dependency on brand adoption.
• Scalability: Same potential limitation from the 'heirloom' focus.
• Development Specificity: Slightly less detailed than Project A regarding the widget pilot's usability metrics (does not specify tracking 'time to complete verification').

WINNER: Project A wins by a narrow margin. Both projects are extremely similar, but Project A demonstrates a marginally more thorough and measurable validation plan for its core verification widget. It proposes tracking not just user engagement (clicks, verifications) but also the 'time taken for a user to complete a verification,' which is a critical usability metric that directly addresses the 'friction' problem mentioned in the problem statement. This shows a slightly deeper understanding of user experience validation. Project B's additional detail about exploring a specific university platform integration is a positive, but it is less central to the core product than the widget's usability. Therefore, Project A's edge in planning a more quantifiable test for a fundamental component gives it the advantage."
"local","9","2","L9.2","5","L9.5","L9.2","plan_2","{'Project A': {'pros': ['• Clarity of value proposition: Strong, clear statement about privacy-first verifiable digital fingerprints for ethical sourcing', '• Market size and demand: Addresses growing need for supply chain transparency in sustainability-driven markets', '• Feasibility and development plan: Well-structured phased approach with technical alpha test before pilot', '• Revenue model and sustainability: Clear subscription model with defined metrics for free trial period', '• Differentiation: Strong focus on machine-readable open registry and semantic clarity for ethical standards', '• Impact and evidence plan: Specific pilot metrics including verification completion time for usability assessment', '• Risk awareness and mitigation: Privacy-first design protects sensitive data while enabling verification'], 'cons': ['• Market size and demand: Relies on adoption by certification bodies and enterprises - challenging network effect', '• Feasibility and development plan: Multiple parallel initiatives (widget, registry, pilots) may stretch resources', '• Revenue model and sustainability: Subscription model may face resistance in price-sensitive supply chain sectors', '• Differentiation: Similar to other blockchain-based provenance solutions in market', '• Risk awareness and mitigation: Limited discussion of regulatory compliance challenges across jurisdictions', '• Impact and evidence plan: Success metrics focused on engagement rather than business outcomes']}, 'Project B': {'pros': ['• Clarity of value proposition: Identical strong value proposition to Project A', '• Market size and demand: Same addressable market with clear pain points in ethical sourcing verification', '• Feasibility and development plan: More focused technical implementation with JSON-LD format specification', '• Revenue model and sustainability: Identical subscription model with trial period and clear metrics', '• Differentiation: Strong emphasis on machine-readable open registry with specific technical implementation', '• Impact and evidence plan: Parallel pilot structure allows simultaneous testing of core tech and registry concept', '• Risk awareness and mitigation: Same privacy-first approach with targeted outreach to certification bodies'], 'cons': ['• Feasibility and development plan: Less structured testing approach for widget (no mention of technical alpha)', '• Impact and evidence plan: Missing specific usability metric (verification completion time) mentioned in Project A', '• All other cons identical to Project A: same market adoption challenges, revenue model risks, and regulatory concerns']}, 'Comparison': 'Both projects are nearly identical in concept, value proposition, and structure. The key differences are in execution details: Project A shows slightly stronger operational planning with a more structured testing approach (technical alpha before pilot) and includes an additional usability metric (verification completion time). Project B has slightly more technical specificity about the registry implementation (JSON-LD format). Both suffer from the same fundamental challenges around market adoption and business model validation.'}"
"local","9","3","L9.3","0","L8.5","L9.3","plan_3","Both projects are identical in their core description, addressing the same problem with the same solution, target users, delivery model, revenue logic, and distinctiveness. The only difference is that Project A includes an additional specific, planned technical test for its subscription service's advanced provenance reporting features (creating mock-up report templates for trial partners to review), while Project B does not mention this specific test. This gives Project A a slight edge in demonstrating a more granular and thoughtful approach to validating its revenue model and product features. However, since both projects are otherwise identical, the assessment across all criteria is the same for both. 

**PROJECT A**
**Pros:**
• **Clarity of value proposition:** Clear, concise one-sentence summary explaining the privacy-first, verifiable proof of provenance.
• **Market size and demand:** Identifies a significant, growing problem in ethical sourcing and digital trust, targeting both B2B (brands/procurement) and B2C (consumers) markets with clear initial use cases.
• **Feasibility and development plan:** Outlines a phased, test-driven approach with specific planned pilots (widget test, organic product pilot), foundational registry development, and targeted outreach to certification bodies and universities. The additional planned test for report templates shows extra diligence.
• **Revenue model and sustainability:** Proposes a logical B2B SaaS subscription model with a planned free trial, clear success metrics, and exploration of premium upgrades. The extra validation step for reporting features is a pro.
• **Differentiation:** Strong focus on combining tangible goods with 'heirloom-quality' digital proof and a machine-readable, open registry of standards to create semantic clarity and auditability.
• **Impact and evidence plan:** Plans to measure impact through pilot engagement metrics (widget clicks, verifications) and partner activity during trials. The outreach to certification bodies aims to build credibility.
• **Risk awareness and mitigation:** Implicitly addresses risks (data privacy, trust, adoption) through privacy-first design, open-source components, partnership outreach, and controlled pilot testing.

**Cons:**
• **Feasibility and development plan:** Highly ambitious scope spanning multiple complex domains (supply chain tech, blockchain/ledger tech, certification standards). Success heavily depends on securing key partnerships (certification bodies, pilot partners).
• **Revenue model and sustainability:** The subscription model's value proposition and pricing are untested. The target customers (brands/suppliers) may have existing solutions or be slow to adopt new systems. Revenue relies on achieving significant network effects.
• **Differentiation:** While the concept is distinctive, the practical implementation of a 'machine-readable, open registry' is a significant technical and governance challenge that may be difficult to execute.
• **Impact and evidence plan:** The planned pilots are limited in scale. There is no mention of quantifiable market research or pre-existing demand validation beyond planned outreach.
• **Risk awareness and mitigation:** The description does not explicitly list major risks (e.g., competition, regulatory changes, technology failure) or detailed mitigation strategies; the approach is more assumptive.

**PROJECT B**
**Pros:**
• **Clarity of value proposition:** Clear, concise one-sentence summary explaining the privacy-first, verifiable proof of provenance.
• **Market size and demand:** Identifies a significant, growing problem in ethical sourcing and digital trust, targeting both B2B (brands/procurement) and B2C (consumers) markets with clear initial use cases.
• **Feasibility and development plan:** Outlines a phased, test-driven approach with specific planned pilots (widget test, organic product pilot), foundational registry development, and targeted outreach to certification bodies and universities.
• **Revenue model and sustainability:** Proposes a logical B2B SaaS subscription model with a planned free trial, clear success metrics, and exploration of premium upgrades.
• **Differentiation:** Strong focus on combining tangible goods with 'heirloom-quality' digital proof and a machine-readable, open registry of standards to create semantic clarity and auditability.
• **Impact and evidence plan:** Plans to measure impact through pilot engagement metrics (widget clicks, verifications) and partner activity during trials. The outreach to certification bodies aims to build credibility.
• **Risk awareness and mitigation:** Implicitly addresses risks (data privacy, trust, adoption) through privacy-first design, open-source components, partnership outreach, and controlled pilot testing.

**Cons:**
• **Feasibility and development plan:** Highly ambitious scope spanning multiple complex domains (supply chain tech, blockchain/ledger tech, certification standards). Success heavily depends on securing key partnerships (certification bodies, pilot partners).
• **Revenue model and sustainability:** The subscription model's value proposition and pricing are untested. The target customers (brands/suppliers) may have existing solutions or be slow to adopt new systems. Revenue relies on achieving significant network effects. Lacks the extra validation step for reporting features mentioned in Project A.
• **Differentiation:** While the concept is distinctive, the practical implementation of a 'machine-readable, open registry' is a significant technical and governance challenge that may be difficult to execute.
• **Impact and evidence plan:** The planned pilots are limited in scale. There is no mention of quantifiable market research or pre-existing demand validation beyond planned outreach.
• **Risk awareness and mitigation:** The description does not explicitly list major risks (e.g., competition, regulatory changes, technology failure) or detailed mitigation strategies; the approach is more assumptive.

**Overall Winner:** Project A wins by a very narrow margin. The sole differentiating factor is Project A's mention of a specific, additional planned technical test for its subscription service's advanced reporting features (creating mock-up templates for trial partner feedback). This indicates a marginally more detailed and user-centric approach to validating a core component of its revenue model. In a venture context where execution detail matters, this slight edge in planned validation gives Project A the advantage. Both projects, however, face identical significant challenges and opportunities."
"local","9","3","L9.3","1","L9.1","L9.3","plan_3","{""Project A"": {""Pros"": [""• Clear value proposition: Privacy-first platform creating verifiable digital fingerprints for ethical sourcing events with tamper-proof ledger anchoring.\n• Strong differentiation: Combines heirloom-quality goods with enduring digital proof and proposes machine-readable open registry of ethical standards.\n• Detailed evidence plan: Specific pilot plans including technical alpha test, single-nonprofit widget pilot, and organic product pilot with clear metrics.\n• Comprehensive risk mitigation: Multiple validation steps (technical test → nonprofit pilot → organic standard pilot) and targeted outreach to certification bodies.\n• Thoughtful revenue model testing: 90-day free trial with specific metrics and mock-up report templates for feedback.""], ""Cons"": [""• Market validation still theoretical: While specific user groups are identified (procurement teams), actual demand needs confirmation through pilots.\n• Complex implementation: Multiple components (ledger, widget, registry, witness network) require significant technical coordination.\n• Revenue model uncertainty: Subscription pricing not defined; enterprise upgrades exploratory.\n• Two-sided market challenge: Needs both brands/suppliers and consumers to achieve network effects.""]}, ""Project B"": {""Pros"": [""• Clear value proposition: Identical to Project A - privacy-first verifiable fingerprints for ethical sourcing.\n• Same strong differentiation: Heirloom-quality goods with digital proof and machine-readable registry concept.\n• Good foundational planning: Registry development with certification body outreach and organic product pilot.\n• Same privacy-first delivery model: Lightweight implementation with anonymized fingerprints.\n• Identical revenue logic: Subscription model with 90-day trial and enterprise upgrade exploration.""], ""Cons"": [""• Less detailed evidence plan: Missing Project A's specific technical alpha test for widget and mock-up report template testing.\n• Less comprehensive validation: While similar pilot structure, lacks the layered testing approach of Project A.\n• Identical market validation challenges: Theoretical demand until pilots confirm interest.\n• Same implementation complexity and revenue uncertainty as Project A.""]}}"
"local","9","3","L9.3","2","L9.2","L9.3","plan_3","Both projects share identical core concepts, problem statements, target users, solutions, delivery models, revenue logic, and distinctiveness. The key difference lies in Project A's more detailed and specific evidence-gathering plan. Project A includes an additional technical test for its verification widget (creating mock-up report templates for trial partners to review) and specifies clearer success metrics for its 90-day trial. Project B adds one extra metric (time to complete verification) but lacks the mock-up testing component. Both projects demonstrate strong clarity of value proposition, address a significant market need for ethical sourcing verification, propose technically feasible privacy-first solutions, have plausible subscription revenue models, offer meaningful differentiation through machine-readable registries, and show good risk awareness with planned pilots and outreach. However, Project A shows slightly more rigorous planning for gathering concrete evidence about feature usability and value, which gives it a marginal edge in feasibility testing and risk mitigation."
"local","9","3","L9.3","4","L9.4","L9.3","plan_3","{""Project A"": {""Pros"": [""• Clear value proposition: Privacy-first platform providing verifiable digital fingerprints for ethical sourcing events anchored to a tamper-proof ledger. Addresses credibility gap in sustainability claims."", ""• Strong differentiation: Focus on creating a machine-readable, open registry of ethical sourcing standards linked to fingerprints, adding semantic clarity and auditability. Unique 'heirloom-quality' positioning merging tangible goods with digital proof."", ""• Detailed evidence plan: Specific pilot plans including technical alpha test for verification widget, single-nonprofit pilot with engagement metrics, and controlled pilot for organic agricultural product."", ""• Thoughtful revenue model: Subscription service with 90-day free trial and clear success metrics (fingerprints per partner, active profiles, verification checks). Additional proposal for mock-up report templates to test advanced features."", ""• Good risk mitigation: Lightweight, privacy-first implementation that doesn't store sensitive data. Planned outreach to certification bodies and parallel outreach to university sustainability offices to validate demand.""], ""Cons"": [""• Market validation still theoretical: While target users are identified (procurement teams, brands, consumers), actual market demand needs validation through proposed pilots."", ""• Development complexity: Building decentralized witness network, open-source registry, and verification widget creates multiple technical dependencies."", ""• Revenue sustainability uncertain: Subscription model for brands/suppliers may face adoption challenges in price-sensitive industries."", ""• Competition from established players: Existing blockchain provenance solutions and certification bodies could develop similar capabilities.""]}, ""Project B"": {""Pros"": [""• Clear value proposition: Identical to Project A - privacy-first platform for verifiable ethical sourcing fingerprints anchored to tamper-proof ledger."", ""• Strong differentiation: Same machine-readable registry concept and 'heirloom-quality' positioning as Project A."", ""• Good evidence plan: Similar pilot structure including technical widget test, nonprofit pilot, and organic product validation."", ""• Practical integration focus: Specific mention of exploring integration with existing university platforms (HR portal, matching gift software) for matching gift use case."", ""• Same thoughtful revenue model: Subscription service with 90-day trial and success metrics.""], ""Cons"": [""• Less comprehensive evidence testing: Missing Project A's specific proposal for mock-up report templates to test advanced provenance reporting features during trial period."", ""• Slightly less detailed technical validation: While both have similar plans, Project A explicitly mentions measuring user engagement metrics (clicks, verifications) in nonprofit pilot."", ""• Same market validation challenges as Project A."", ""• Same development complexity and competition risks.""]}}"
"local","9","3","L9.3","5","L9.5","L9.5","plan_5","{'Project A': {'Pros': ['• Clarity of value proposition: Strong, concise one-sentence summary clearly articulates the privacy-first, verifiable provenance solution.', '• Feasibility and development plan: Includes specific technical validation steps (closed alpha for widget testing) before pilot, showing methodical approach.', '• Impact and evidence plan: Clear metrics defined for 90-day trial (events fingerprinted, active profiles, verification checks) and specific pilot engagement measurement.', '• Risk awareness and mitigation: Shows awareness of need for technical reliability testing before user-facing pilots.'], 'Cons': ['• Market size and demand: While target users are identified, quantification of market size or demand validation is limited beyond planned outreach.', '• Revenue model and sustainability: Subscription model is clear but lacks pricing strategy or validation of willingness-to-pay beyond trial metrics.', '• Differentiation: Heirloom-quality goods mention seems disconnected from the digital platform focus, creating potential positioning confusion.', '• Risk awareness: Limited discussion of competitive risks or technical adoption barriers beyond the planned pilots.']}, 'Project B': {'Pros': ['• Clarity of value proposition: Identical strong summary to Project A, equally clear.', '• Feasibility and development plan: More integrated approach with parallel pilot for machine-readable registry (JSON-LD encoding) alongside core validation.', '• Differentiation: Machine-readable registry concept is more concretely specified with technical implementation details (JSON-LD format).', '• Impact and evidence plan: Similar clear metrics to Project A, plus specific technical validation of registry concept.', '• Risk awareness: Shows understanding of need to validate both technical and semantic layers simultaneously.'], 'Cons': ['• Market size and demand: Same limitation as Project A - lacks quantified market analysis.', ""• Revenue model and sustainability: Identical to Project A's limitations - no pricing strategy or payment validation."", '• Feasibility: Slightly more complex with parallel technical tracks (registry encoding + core validation) which could strain resources.', '• Risk awareness: Does not address potential challenges in getting certification bodies to adopt the registry standard.']}, 'Comparison Summary': ""Both projects share identical core descriptions in most sections, suggesting they originate from similar concepts. Key differences emerge in the Solution/Product Overview and Distinctiveness sections. Project B demonstrates slightly stronger technical specificity by explicitly mentioning JSON-LD for the registry encoding and running parallel validation pilots. Project A has a slightly more methodical, stepwise testing approach for the widget but includes the potentially confusing 'heirloom-quality goods' language in differentiation. Project B's integrated approach to validating both the fingerprinting technology and the semantic registry framework shows more comprehensive thinking about the complete solution.""}"
"local","9","4","L9.4","0","L8.5","L9.4","plan_4","PROJECT A PROS:\n• Clarity of value proposition: Clear privacy-first approach with verifiable digital fingerprints anchored to tamper-proof ledger.\n• Market size and demand: Addresses growing need for ethical sourcing verification across brands and consumers, with specific focus on procurement teams in sustainability programs.\n• Feasibility and development plan: Well-structured phased approach with technical alpha test, single-nonprofit pilot, and controlled pilot for organic certification.\n• Revenue model and sustainability: Subscription model with 90-day free trial and clear success metrics; explores enterprise upgrades.\n• Differentiation: Combines heirloom-quality goods with digital provenance; proposes machine-readable open registry of ethical standards.\n• Impact and evidence plan: Specific pilot plans with measurable metrics (widget engagement, fingerprinting volume).\n• Risk awareness and mitigation: Privacy-first design protects sensitive data; explores decentralized witness network for additional trust.\n\nPROJECT A CONS:\n• Revenue model relies heavily on brand/supplier adoption which may be slow.\n• Multiple pilot explorations (nonprofit widget, organic certification, matching gift) could dilute focus.\n• Requires partnerships with certification bodies for registry credibility.\n• Technical complexity of decentralized witness network adds development risk.\n\nPROJECT B PROS:\n• Identical strong value proposition as Project A.\n• Same clear market opportunity addressing ethical sourcing verification.\n• Similar phased development approach with technical testing and pilot planning.\n• Same revenue model with subscription service and trial period.\n• Same differentiation through verifiable provenance and open registry concept.\n• Good risk awareness with privacy-first implementation.\n\nPROJECT B CONS:\n• Slightly less detailed implementation plan than Project A (missing specific integration detail for university matching gift program).\n• Identical revenue model challenges as Project A.\n• Same partnership dependency risks.\n• Same technical complexity risks.\n\nBoth projects are nearly identical in content, but Project A shows marginally better planning specificity in one area: it includes a more concrete integration plan for the matching gift use case (\""explore integration with a single, existing internal platform the university uses\""). While both projects share the same strengths and weaknesses, Project A demonstrates slightly more detailed operational thinking in this specific aspect, giving it a slight edge in feasibility planning."
"local","9","4","L9.4","1","L9.1","L9.4","plan_4","PROJECT A PROS:
• Clarity of value proposition: Excellent clarity with specific mention of 'verifiable digital fingerprints of ethical sourcing events' and 'protecting sensitive operational data'.
• Market size and demand: Addresses substantial market of ethical sourcing verification and corporate matching gift programs with clear user groups.
• Feasibility and development plan: Strong, phased approach with specific pilot plans (single-nonprofit blog widget test, organic agricultural product pilot), technical alpha testing, and targeted outreach to certification bodies.
• Revenue model and sustainability: Clear subscription model with 90-day free trial and defined success metrics (events fingerprinted, active profiles, verification checks).
• Differentiation: Strong focus on machine-readable, open registry of ethical standards and semantic clarity beyond basic tamper-proof recording.
• Impact and evidence plan: Concrete plans for pilot metrics (widget engagement, verification checks) and partnership outreach.
• Risk awareness and mitigation: Implicit in phased testing approach and privacy-first design.

PROJECT A CONS:
• Some complexity in managing multiple pilot initiatives simultaneously.
• Reliance on external partnerships (certification bodies) for registry credibility.
• Matching gift program validation appears secondary to main ethical sourcing focus.

PROJECT B PROS:
• Clarity of value proposition: Identical to Project A - excellent clarity.
• Market size and demand: Identical to Project A - addresses substantial markets.
• Feasibility and development plan: Strong with similar phased approach, pilot plans, and technical testing.
• Revenue model and sustainability: Identical to Project A - clear subscription model.
• Differentiation: Identical to Project A - strong focus on machine-readable registry.
• Impact and evidence plan: Good but slightly less specific than Project A regarding integration details.
• Risk awareness and mitigation: Similar implicit approach.

PROJECT B CONS:
• Slightly less specific integration plan for matching gift program (mentions exploring integration but less concrete than Project A's 'single existing internal platform' specification).
• Otherwise identical cons to Project A.

The projects are nearly identical in content and quality, with Project A demonstrating marginally greater specificity in execution details, particularly in the matching gift program integration plan ('single, existing internal platform' vs. more general exploration) and slightly more concrete pilot structure. Both projects are strong across all criteria with excellent clarity, substantial market opportunity, thoughtful development planning, sustainable revenue model, strong differentiation through the machine-readable registry concept, and good evidence planning. Project A's edge comes from slightly more detailed operational planning in one specific area."
"local","9","4","L9.4","2","L9.2","L9.4","plan_4","PROJECT A ANALYSIS:
Pros:
• Clarity of value proposition: Clear one-sentence summary explaining privacy-first verifiable provenance for ethical sourcing.
• Market size and demand: Targets both brands and consumers, identifies specific pain points in supply chain verification and matching gift programs.
• Feasibility and development plan: Well-structured phased approach with specific pilots (single-nonprofit widget test, organic agricultural product pilot), technical alpha testing, and partnership outreach plans.
• Revenue model and sustainability: Clear subscription model for brands/suppliers with 90-day free trial and defined success metrics; explores enterprise upgrades.
• Differentiation: Strong focus on heirloom-quality goods with enduring digital proof, machine-readable open registry of ethical standards, semantic clarity for auditability.
• Impact and evidence plan: Specific pilot metrics (widget engagement, verification checks), partnership outreach to certification bodies, controlled environment testing.
• Risk awareness and mitigation: Privacy-first design protects sensitive data, phased testing approach reduces technical risk, explores decentralized witness network for additional trust.

Cons:
• Market validation still theoretical despite outreach plans.
• Revenue model depends on brand/supplier adoption which may be slow.
• Complex ecosystem requiring coordination between multiple stakeholders (certification bodies, suppliers, brands).
• Matching gift program use case appears secondary to main ethical sourcing focus.

PROJECT B ANALYSIS:
Pros:
• Clarity of value proposition: Identical clear summary to Project A.
• Market size and demand: Same target markets and pain points identified.
• Feasibility and development plan: Similar phased approach with additional usability metric (time to complete verification) in nonprofit pilot.
• Revenue model and sustainability: Same subscription model with trial period and metrics.
• Differentiation: Same strong differentiation points around verifiable provenance and machine-readable registry.
• Impact and evidence plan: Similar pilot structure with added usability measurement.
• Risk awareness and mitigation: Same privacy-first approach and phased testing.

Cons:
• Lacks Project A's specific integration plan with university internal platforms for matching gift validation.
• Slightly less detailed technical validation approach for widget.
• Matching gift outreach appears less developed without specific integration pathway.
• All cons from Project A apply equally.

COMPARISON:
Both projects are nearly identical in core description, suggesting they may be variations of the same proposal. Key differences:
1. Project A has more specific integration details for the matching gift use case (mentions integration with ""HR portal or specific matching gift software"").
2. Project B adds a usability metric (verification completion time) but lacks Project A's specific platform integration plan.
3. Project A's outreach to university sustainability offices includes more concrete integration planning.

WINNER RATIONALE:
Project A wins due to slightly more concrete implementation planning in the matching gift use case, which demonstrates deeper thinking about user adoption pathways. While both projects are remarkably similar, Project A's specific mention of integrating with existing internal platforms shows more practical understanding of enterprise adoption challenges. The added usability metric in Project B is valuable but less impactful than concrete integration planning."
"local","9","4","L9.4","3","L9.3","L9.4","plan_4","PROJECT A:
Pros:
• Clarity of value proposition: Clear privacy-first approach with verifiable digital fingerprints for ethical sourcing events
• Market size and demand: Addresses growing need for supply chain transparency across multiple industries
• Feasibility and development plan: Well-structured phased approach with specific pilot plans (single-nonprofit blog widget test, organic product pilot)
• Revenue model and sustainability: Subscription model with 90-day free trial and clear success metrics
• Differentiation: Unique combination of heirloom-quality goods with digital proof and machine-readable registry of ethical standards
• Impact and evidence plan: Specific outreach plans to certification bodies and university sustainability offices
• Risk awareness and mitigation: Privacy-first design protects sensitive data, explores decentralized witness network

Cons:
• Technical complexity of integrating with existing platforms (HR portals, matching gift software)
• Reliance on partnerships with certification bodies for registry adoption
• Potential scalability challenges with decentralized witness network
• Market education required for adoption of new verification paradigm

PROJECT B:
Pros:
• Clarity of value proposition: Identical clear value proposition to Project A
• Market size and demand: Same strong market opportunity addressing supply chain transparency
• Feasibility and development plan: Similar structured approach with specific technical tests and pilot plans
• Revenue model and sustainability: Subscription model with added focus on testing provenance reporting features through mock-up templates
• Differentiation: Same strong differentiation points as Project A
• Impact and evidence plan: Similar outreach plans but lacks Project A's specific integration exploration
• Risk awareness and mitigation: Same privacy-first approach and technical validation plans

Cons:
• Less detailed integration strategy for existing enterprise systems
• Missing specific technical integration plan mentioned in Project A
• Slightly less comprehensive approach to testing user workflows in real environments
• Same partnership dependency challenges as Project A

Comparison: Both projects are nearly identical in core concept and structure. Project A demonstrates slightly stronger execution planning with more specific integration details (exploring integration with university HR portals/matching gift software) and a clearer path to testing in real operational environments. Project B adds a valuable focus on testing reporting features but lacks the same level of specific integration planning. The difference is subtle, but Project A shows marginally better operational thinking."
"local","9","4","L9.4","5","L9.5","L9.4","plan_4","Both projects are identical in their core description, problem statement, target users, solution overview, delivery model, revenue logic, and distinctiveness. The only difference appears to be in the 'Solution / Product Overview' section where Project A includes a more detailed plan for exploring integration with a university's internal platform for the matching gift use case ('Specifically, the venture plans to propose exploring integration of the proof-of-donation solution with a single, existing internal platform the university uses, such as their HR portal or a specific matching gift software.'), while Project B does not include this specific integration detail. Given this minor difference, the assessment across all criteria is identical for both projects. Both demonstrate a clear value proposition (privacy-first, verifiable provenance), address a large market (ethical sourcing verification), have a feasible, stepwise development plan with pilots, propose a subscription revenue model, differentiate via a machine-readable open registry, plan for impact evidence through pilot metrics, and show risk awareness via controlled tests. The single added specificity in Project A's integration plan is too minor to constitute a meaningful advantage, as it remains a 'plan to propose' and is not a genuine source fact like a completed integration or partnership. Therefore, both projects are effectively equal.

PROJECT A PROS:
• Clear, compelling value proposition addressing trust and verification in ethical sourcing.
• Targets a large and growing market driven by consumer demand for transparency and regulatory pressure.
• Development plan is logical, phased, and includes specific pilot tests (technical alpha, single-nonprofit blog, single ethical standard).
• Subscription model with a planned free trial and success metrics is reasonable for a B2B SaaS.
• Strong differentiation via the combination of tamper-proof ledger and a machine-readable, open registry of standards.
• Evidence plan is clear through pilot metrics (e.g., user engagement with widget, fingerprinting events).
• Shows risk awareness by planning controlled, limited pilots before broader rollout.

PROJECT A CONS:
• Market adoption risk is high; requires convincing multiple stakeholders (brands, suppliers, certification bodies) to adopt a new standard.
• Revenue model depends on achieving critical mass of users on the platform; the 'two-sided' network between brands and suppliers can be challenging to bootstrap.
• The 'decentralized, community-run witness network' adds technical and governance complexity.
• The outreach plans to certification bodies and universities are just plans; no genuine partnerships or traction are indicated.
• The link between the core technology (fingerprinting donations/events) and the target use case (ethical sourcing of physical goods) requires clear explanation and validation.

PROJECT B PROS:
• Identical to Project A's pros: Clear value proposition, large market, feasible phased plan, reasonable revenue model, strong differentiation, clear evidence plan, and risk awareness.

PROJECT B CONS:
• Identical to Project A's cons: High market adoption risk, challenging network effects, technical complexity, lack of genuine partnerships/traction, and need to validate the link between technology and use case.

Given the projects are substantively the same, the winner is a tie. However, as the instruction requires choosing A or B, Project A is selected due to its marginally more detailed action plan for one specific integration exploration, even though it remains unsupported by genuine facts."
"local","9","5","L9.5","0","L8.5","L9.5","plan_5","PROJECT A:
Pros:
• Clarity of value proposition: Strong and clear - 'privacy-first platform' with 'verifiable digital fingerprints' for ethical sourcing events. The one-sentence summary effectively communicates the core offering.
• Market size and demand: Addresses a growing need for supply chain transparency and ethical sourcing verification. Targets both brands and consumers in a substantial market.
• Feasibility and development plan: Shows thoughtful planning with specific pilots (single nonprofit blog, single ethical standard like 'organic'), technical tests (closed alpha), and parallel outreach plans. The approach is phased and realistic.
• Revenue model and sustainability: Subscription model targeting brands/suppliers with a 90-day free trial and clear success metrics. Explores optional upgrades for enterprise integrations.
• Differentiation: Strong focus on 'heirloom-quality goods' merging tangible materials with digital proof. Aims to create a 'machine-readable, open registry' of ethical standards for semantic clarity.
• Impact and evidence plan: Plans to measure user engagement with verification widget, track sourcing events fingerprinted, and establish partnerships with certification bodies.
• Risk awareness and mitigation: Implicitly addresses privacy risks through 'privacy-first' design and sensitive data protection. Plans for technical validation before broader pilots.
Cons:
• Somewhat complex solution with multiple components (fingerprinting, ledger, widget, registry) that could face integration challenges.
• Revenue model relies heavily on brand/supplier adoption which may be slow in established industries.
• The 'heirloom-quality goods' mention in distinctiveness seems slightly disconnected from the core platform description.

PROJECT B:
Pros:
• Identical to Project A in all substantive aspects: same value proposition, problem statement, target users, solution, delivery model, revenue logic, and distinctiveness.
• Same strong points in clarity, market demand, feasibility planning, revenue model, differentiation, impact measurement, and risk mitigation.
• All planned pilots, tests, and outreach strategies are identical to Project A.
Cons:
• Exactly the same cons as Project A.
• No distinguishing features or advantages compared to Project A.
• Appears to be a duplicate submission with identical content.

Both projects are identical in content and quality. Since there is no meaningful difference between them, and Project A is presented first, it receives the default preference."
"local","9","5","L9.5","1","L9.1","L9.5","plan_5","PROJECT A PROS:
• Clear value proposition: Privacy-first verifiable digital fingerprints for ethical sourcing with tamper-proof ledger
• Addresses large market: Growing demand for supply chain transparency from brands, consumers, and regulators
• Strong feasibility plan: Multiple specific pilot tests planned (widget technical test, single-nonprofit pilot, organic standard pilot)
• Clear revenue model: Subscription service for brands/suppliers with 90-day free trial and defined success metrics
• Good differentiation: Combines heirloom-quality goods with digital proof, plus machine-readable open registry of standards
• Strong impact plan: Multiple validation pilots and outreach to certification bodies
• Good risk awareness: Plans for technical validation before broader pilots, privacy-first design

PROJECT A CONS:
• Market entry may be challenging against established supply chain verification solutions
• Revenue model depends on convincing brands to pay for subscription service
• Technical complexity of decentralized witness network may create implementation risks
• Multiple parallel pilots could stretch resources thin

PROJECT B PROS:
• Identical strong value proposition to Project A
• Addresses same large market opportunity
• Similar strong feasibility plan with multiple specific pilots
• Same clear revenue model
• Same differentiation strategy
• Similar impact validation approach
• Same risk awareness

PROJECT B CONS:
• Project description is IDENTICAL to Project A in every section except the Distinctiveness section
• No actual differentiation from Project A in execution plan
• Appears to be a copy of Project A with minor wording variations
• No unique strengths or approaches identified

CRITICAL OBSERVATION: The two project descriptions are nearly identical. Project B appears to be a duplicate of Project A with only the Distinctiveness section showing minor variations. Since both projects propose the same solution, target the same users, have identical plans, and share the same strengths and weaknesses, there is no meaningful difference to evaluate. However, since Project A is presented first and Project B appears to be a copy, Project A receives the default advantage."
"local","9","5","L9.5","2","L9.2","L9.5","plan_5","{""Project A"": {""Pros"": [""• Clear value proposition: Privacy-first digital fingerprinting for ethical sourcing verification addresses a genuine market need for trustworthy provenance claims."", ""• Strong differentiation: Combines tamper-proof ledger with machine-readable registry of ethical standards, creating semantic clarity missing from current solutions."", ""• Thoughtful development plan: Multiple phased pilots (technical alpha, single-nonprofit widget test, organic standard pilot) demonstrate methodical validation approach."", ""• Good risk awareness: Recognizes need for partnerships with certification bodies and explores secondary outreach to universities for matching gift validation."", ""• Sustainable revenue model: Subscription service for brands/suppliers with clear trial metrics to inform pricing.""], ""Cons"": [""• Market validation still theoretical: While pilots are planned, no evidence of existing traction or proven demand from target users."", ""• Technical feasibility unproven: Decentralized witness network and registry implementation are complex and untested."", ""• Revenue model dependency: Success hinges on convincing brands/suppliers to pay for subscription despite unclear ROI."", ""• Impact evidence limited: No concrete metrics yet for how verification actually influences consumer trust or certification outcomes."", ""• Competitive landscape not addressed: No analysis of existing blockchain provenance solutions or verification platforms.""]}, ""Project B"": {""Pros"": [""• Clear value proposition: Identical to Project A's strong focus on privacy-first verification of ethical sourcing events."", ""• Enhanced usability testing: Adds specific metric (time to complete verification) in nonprofit widget pilot, showing deeper user experience consideration."", ""• Same strong differentiation: Machine-readable registry of ethical standards provides unique semantic layer."", ""• Same thoughtful partnership approach: Targeted outreach to certification bodies and universities."", ""• Same sustainable revenue logic: Subscription model with trial period and clear metrics.""], ""Cons"": [""• Identical market validation gaps: Same lack of proven traction or demand evidence as Project A."", ""• Same unproven technical feasibility: Complex decentralized components remain theoretical."", ""• Missing parallel pilot structure: Project B omits Project A's planned parallel pilot for encoding organic standards in JSON-LD format, suggesting less comprehensive technical validation."", ""• Same revenue model risks: Dependent on brand/supplier adoption without proven ROI."", ""• Same impact measurement gaps: No concrete evidence plan for trust or certification outcomes.""]}}"
"local","9","5","L9.5","3","L9.3","L9.5","plan_5","{""Project A"": {""pros"": [""• Clear value proposition: Privacy-first digital fingerprinting for ethical sourcing provides verifiable provenance while protecting sensitive data. Addresses greenwashing and trust deficits in supply chains."", ""• Large market potential: Targets growing demand for ethical goods from both brands (for compliance/certification) and consumers. Specific initial focus on procurement teams in sustainability programs provides a clear entry point."", ""• Detailed development plan: Outlines multiple specific, limited pilots (technical widget test, single-standard pilot, nonprofit blog pilot) with clear metrics and sequencing. Shows methodical approach to validation."", ""• Logical revenue model: Subscription service for brands/suppliers with 90-day free trial and clear success metrics (events fingerprinted, verification checks). Optional enterprise upgrades provide scalability."", ""• Strong differentiation: Combines tamper-proof ledger with machine-readable open registry of ethical standards. Creates semantic clarity and auditability beyond simple timestamping."", ""• Good evidence plan: Proposes targeted outreach to certification bodies (e.g., Fair Trade International) and university sustainability offices to validate demand and explore partnerships."", ""• Some risk awareness: Privacy-first design addresses data sensitivity. Planned pilots allow for controlled testing before scaling.""], ""cons"": [""• Market validation still theoretical: While pilots are planned, no actual traction or partnerships are confirmed. Demand from brands/suppliers remains unproven."", ""• Technical complexity: Building decentralized witness network and machine-readable registry requires significant technical expertise and industry adoption."", ""• Revenue model dependency: Success hinges on convincing brands/suppliers to pay for subscription, which may be challenging without proven ROI or regulatory mandates."", ""• Competitive landscape: Blockchain-based provenance solutions exist; differentiation depends on execution of open registry and semantic layer."", ""• Limited consumer-side monetization: Revenue focused on B2B, potentially missing direct consumer verification value capture.""]}, ""Project B"": {""pros"": [""• Identical strong value proposition and market potential as Project A."", ""• Similar detailed development plan with specific pilots and metrics."", ""• Enhanced revenue model testing: Adds specific technical test for mock-up provenance report templates during 90-day trial, showing more focus on validating the paid features."", ""• Same strong differentiation with machine-readable open registry."", ""• Same good evidence plan with targeted outreach to certification bodies and universities."", ""• Privacy-first delivery model identical to Project A.""], ""cons"": [""• All the same cons as Project A regarding theoretical market validation, technical complexity, revenue dependency, and competition."", ""• Slightly less detailed pilot sequencing: While it includes the report template test, it lacks the explicit parallel pilot structure for registry encoding mentioned in Project A, making the development path slightly less clear."", ""• No mention of testing the widget's technical performance before the nonprofit pilot, which Project A includes as a closed alpha step.""]}}"
"local","9","5","L9.5","4","L9.4","L9.4","plan_4","Both projects are identical in their core concept, problem statement, target users, solution overview, delivery model, revenue logic, and distinctiveness. The only discernible difference is found in the 'Solution / Product Overview' section under the exploration of the matching gift program use case. Project B includes an additional, more specific integration detail: 'Specifically, the venture plans to propose exploring integration of the proof-of-donation solution with a single, existing internal platform the university uses, such as their HR portal or a specific matching gift software.' This represents a marginally more concrete and actionable plan for a pilot integration, slightly improving its score in 'Feasibility and development plan' and 'Impact and evidence plan' by demonstrating more detailed planning for a key validation step. All other criteria are scored equally. Given the near-total parity, this single point of added specificity in Project B's pilot planning gives it a slight edge.

**Project A**
**Pros:**
• Clear, compelling value proposition centered on verifiable, privacy-first provenance.
• Addresses a large and growing market (ethical sourcing, supply chain transparency, donation verification).
• Thoughtful, staged development plan with technical alpha and pilot phases.
• Subscription-based revenue model targeting enterprise clients (brands/suppliers) with clear success metrics for a trial period.
• Strong differentiation via the combination of tamper-proof ledger, open registry of standards, and focus on semantic clarity.
• Good evidence plan involving pilots with a nonprofit, a specific ethical standard, and outreach to certification bodies.
• Acknowledges risks (trust in ledger) and proposes mitigation (decentralized witness network).

**Cons:**
• The matching gift program validation plan is slightly less detailed than Project B's, lacking the specific integration target mentioned by B.
• Relies heavily on proposed pilots and outreach; success is not yet demonstrated.
• Revenue model depends on convincing brands/suppliers to pay for a service where the value must be proven during the trial.
• The 'heirloom-quality goods' mention in Distinctiveness seems slightly disconnected from the core platform description.

**Project B**
**Pros:**
• Clear, compelling value proposition centered on verifiable, privacy-first provenance.
• Addresses a large and growing market (ethical sourcing, supply chain transparency, donation verification).
• Thoughtful, staged development plan with technical alpha and pilot phases.
• Slightly more detailed feasibility plan for the matching gift pilot, specifying exploration of integration with an existing internal platform (e.g., HR portal).
• Subscription-based revenue model targeting enterprise clients (brands/suppliers) with clear success metrics for a trial period.
• Strong differentiation via the combination of tamper-proof ledger, open registry of standards, and focus on semantic clarity.
• Good evidence plan involving pilots with a nonprofit, a specific ethical standard, and outreach to certification bodies.
• Acknowledges risks (trust in ledger) and proposes mitigation (decentralized witness network).

**Cons:**
• Identical to Project A in almost all respects; the differentiation is minimal.
• Relies heavily on proposed pilots and outreach; success is not yet demonstrated.
• Revenue model depends on convincing brands/suppliers to pay for a service where the value must be proven during the trial.
• The 'heirloom-quality goods' mention in Distinctiveness seems slightly disconnected from the core platform description.

**Overall Winner:** Project B wins by a very narrow margin due to the single, slightly more concrete and actionable detail in its pilot planning for the matching gift use case integration. This demonstrates a marginally higher level of operational thinking within the 'Feasibility and development plan' criterion."
"local","10","0","L9.4","1","L10.1","tie","tie","Exact same normalized text; skipped LLM call."
"local","10","0","L9.4","2","L10.2","tie","tie","Exact same normalized text; skipped LLM call."
"local","10","0","L9.4","3","L10.3","L9.4","plan_0","Both projects are identical in their descriptions across all sections, presenting the same venture concept. Therefore, the evaluation for each criterion yields identical pros and cons for both projects. The analysis is as follows:

**PROJECT A & PROJECT B - IDENTICAL ANALYSIS**

**Pros:**
• **Clarity of Value Proposition:** The one-sentence summary is strong and clear, articulating a privacy-first, verifiable provenance solution for ethical sourcing.
• **Market Size & Demand:** Identifies a relevant and growing problem in supply chain transparency and consumer trust in ethical claims. Targets a dual-sided market (brands/suppliers and consumers) with specific initial user groups (procurement teams, certification programs).
• **Feasibility & Development Plan:** Shows structured, phased thinking. Plans include specific, limited pilots (single nonprofit blog, single agricultural standard), technical alpha tests, and foundational work on a standards registry. This demonstrates a logical, risk-aware approach to validation.
• **Revenue Model & Sustainability:** Proposes a clear B2B subscription model targeting brands and suppliers, with a planned free trial and defined metrics for success. Explores potential upsell paths (integration services).
• **Differentiation:** Highlights a unique combination of tangible goods with enduring digital proof and proposes a machine-readable, open registry of ethical standards, moving beyond simple record-keeping to semantic clarity.
• **Impact & Evidence Plan:** Plans for concrete evidence gathering through pilots, measuring user engagement (widget clicks), and partnership outreach to certification bodies. The focus on creating an open registry aims for systemic impact.
• **Risk Awareness & Mitigation:** Implicitly addresses technical and adoption risks through phased testing (alpha, limited pilots), a lightweight/privacy-first architecture, and plans for partnership development to build credibility and utility.

**Cons:**
• **Clarity of Value Proposition:** Slightly convoluted by mixing two core use cases (ethical sourcing provenance and charitable donation/matching gifts) without a clear prioritization or narrative link between them.
• **Market Size & Demand:** While the problem is recognized, the description is somewhat generic (""digital landscape saturated with manipulation""). The venture ""plans to explore"" specific challenges, indicating early-stage validation.
• **Feasibility & Development Plan:** Highly aspirational and exploratory. Many key activities are framed as ""plans to explore"" or ""propose,"" including the decentralized witness network, widget development, and registry creation. No completed milestones are mentioned.
• **Revenue Model & Sustainability:** The subscription model is plausible but untested. Success depends entirely on convincing brands/suppliers of the value, which the pilots are designed to prove but have not yet. The model's scalability with a lightweight architecture is unproven.
• **Differentiation:** The concept of combining physical goods with digital proof (""heirloom-quality goods"") appears in the Distinctiveness section but is not well-integrated into the core Solution or Delivery Model descriptions, creating some conceptual ambiguity.
• **Impact & Evidence Plan:** All evidence is planned for the future. There are no stated results from past tests, existing partnerships, or user traction. The plan is methodical but unproven.
• **Risk Awareness & Mitigation:** Lacks explicit discussion of major business risks such as competition from established players, regulatory hurdles for data/ledger systems, or the challenge of achieving critical mass in a two-sided marketplace. Mitigation is more tactical (testing) than strategic.

**Overall Winner:** Since the project descriptions are verbatim copies, there is no basis for differentiation. The winner is declared as Project A by default, as it was presented first. In a real scenario with identical proposals, other factors (team, existing traction, pitch quality) would be decisive, but those are not provided here."
"local","10","0","L9.4","4","L10.4","tie","tie","Exact same normalized text; skipped LLM call."
"local","10","0","L9.4","5","L10.5","tie","tie","Exact same normalized text; skipped LLM call."
"local","10","1","L10.1","0","L9.4","tie","tie","Exact same normalized text; skipped LLM call."
"local","10","1","L10.1","2","L10.2","tie","tie","Exact same normalized text; skipped LLM call."
"local","10","1","L10.1","3","L10.3","L10.1","plan_1","Both projects are identical in their descriptions, presenting the exact same content across all sections. Therefore, the evaluation against all seven criteria yields identical results for both projects.

PROJECT A & PROJECT B (Identical Assessment):

PROS:
• Clarity of value proposition: Strong. The one-sentence summary clearly articulates a privacy-first platform for verifiable digital provenance of ethical sourcing.
• Market size and demand: Good identification of target users (brands, consumers, procurement teams) and clear problem statements around verification inefficiencies in supply chains and matching gift programs.
• Feasibility and development plan: Strong. Shows a structured, phased approach with specific, limited pilots (single nonprofit blog, single agricultural product), technical alpha tests, and foundational registry development. The plan to explore partnerships with certification bodies adds credibility.
• Revenue model and sustainability: Clear B2B subscription model targeting brands/suppliers, with a proposed 90-day free trial and defined success metrics to inform pricing. Exploration of optional enterprise upgrades shows forward thinking.
• Differentiation: Strong. Focus on combining 'heirloom-quality' goods with enduring digital proof, and the innovative concept of a machine-readable, open registry of ethical standards linked to fingerprints.
• Impact and evidence plan: Excellent. Detailed pilot plans with specific metrics (e.g., widget engagement clicks, fingerprinting events), targeted outreach to certification bodies and university sustainability offices, and a focus on creating a public good (open-source registry).
• Risk awareness and mitigation: Good implicit awareness. The privacy-first design mitigates data sensitivity risks. The phased pilot approach mitigates technical and adoption risks by testing in controlled environments before scaling.

CONS:
• Market size and demand: While the problem is well-defined, the initial user base (procurement teams in certified companies) might be niche. Scaling to broader consumer adoption presents a challenge not fully addressed.
• Feasibility and development plan: Highly dependent on successful partnerships (e.g., with major certification bodies) for the registry's credibility. The 'explore' language indicates these are not secured.
• Revenue model and sustainability: The subscription model's pricing and willingness-to-pay among suppliers is untested. The plan mentions measuring metrics during the trial but does not specify target thresholds.
• Differentiation: The concept is innovative but technically complex. The value of a 'machine-readable, open registry' may not be immediately obvious to all target users, requiring significant education.
• Impact and evidence plan: All evidence is planned/future-oriented (""plans to propose"", ""plans to explore""). There is no mention of existing traction, prototypes, or validated learnings.
• Risk awareness and mitigation: No explicit discussion of competitive risks (e.g., existing blockchain provenance solutions), regulatory risks around data/ledgers, or the risk of low adoption by the very certification bodies it seeks to partner with.

Given the projects are identical, there is no basis for differentiation. The winner is arbitrarily assigned based on the order presented."
"local","10","1","L10.1","4","L10.4","tie","tie","Exact same normalized text; skipped LLM call."
"local","10","1","L10.1","5","L10.5","tie","tie","Exact same normalized text; skipped LLM call."
"local","10","2","L10.2","0","L9.4","tie","tie","Exact same normalized text; skipped LLM call."
"local","10","2","L10.2","1","L10.1","tie","tie","Exact same normalized text; skipped LLM call."
"local","10","2","L10.2","3","L10.3","L10.2","plan_2","Both projects are identical in their descriptions across all sections, including one-sentence summary, problem statement, target users, solution, delivery model, revenue logic, and distinctiveness. Upon careful comparison, there is no discernible difference between Project A and Project B in terms of content, structure, or proposed execution. Therefore, the pros and cons for each are identical. 

Pros for both projects:
• Clarity of value proposition: Strong, concise one-sentence summary clearly articulates a privacy-first, verifiable provenance solution.
• Market size and demand: Identifies a relevant and growing need in ethical sourcing and donation verification, though lacks specific market sizing.
• Feasibility and development plan: Outlines a thoughtful, phased approach with specific pilot tests (widget technical test, single-nonprofit pilot, organic product pilot) and targeted outreach plans (to certification bodies, university sustainability offices).
• Revenue model and sustainability: Proposes a clear subscription model for brands/suppliers with a planned 90-day free trial and defined success metrics to inform pricing.
• Differentiation: Highlights a unique combination of privacy-first fingerprinting, a tamper-proof ledger, and a planned open registry of ethical standards definitions for semantic clarity.
• Impact and evidence plan: Plans for specific, limited pilots and outreach to validate technology and demand, though these are proposed, not executed.
• Risk awareness and mitigation: Implicitly addresses risks (data privacy, trust) through the privacy-first design and plans for a decentralized witness network and partnerships with established bodies.

Cons for both projects:
• Market size and demand: Lacks quantified market data or evidence of existing demand beyond problem description.
• Feasibility and development plan: Relies heavily on planned explorations and proposals (e.g., 'plans to explore,' 'plans to propose'); no evidence of completed steps or existing partnerships.
• Revenue model and sustainability: Subscription model is common; no detail on pricing tiers or evidence of willingness-to-pay from target customers.
• Differentiation: While the concept is distinctive, the competitive landscape is not analyzed, and the 'heirloom-quality goods' mention in the Distinctiveness section seems incongruent with the described B2B software platform.
• Impact and evidence plan: All validation steps are future plans; no genuine traction, partnerships, or user testimonials are presented as completed facts.
• Risk awareness and mitigation: Does not explicitly list key risks (e.g., adoption chicken-and-egg, reliance on partner ecosystems, regulatory changes) or detailed mitigation strategies.

Given the projects are identical, there is no basis to declare one superior to the other. The evaluation must be a tie."
"local","10","2","L10.2","4","L10.4","tie","tie","Exact same normalized text; skipped LLM call."
"local","10","2","L10.2","5","L10.5","tie","tie","Exact same normalized text; skipped LLM call."
"local","10","3","L10.3","0","L9.4","L10.3","plan_3","Both projects are identical in their descriptions, presenting the same venture concept. Therefore, the pros and cons for each project are identical. The assessment is based solely on the provided text, with no external or unsupported information considered.

**Project A Pros:**
• **Clarity of Value Proposition:** The one-sentence summary is strong and clear, articulating a privacy-first platform for verifiable ethical sourcing proof.
• **Market Size and Demand:** Identifies a clear problem in supply chain transparency and matching gift inefficiencies, targeting a growing market for ethical goods and corporate sustainability reporting.
• **Feasibility and Development Plan:** Outlines a thoughtful, phased approach with specific pilot plans (technical alpha, single-nonprofit blog widget test, single-standard agricultural pilot) and foundational work on a standards registry.
• **Revenue Model and Sustainability:** Proposes a logical B2B subscription model for brands/suppliers with a planned 90-day free trial and clear success metrics to inform pricing.
• **Differentiation:** Highlights a unique combination of privacy-first design, a machine-readable open registry of ethical standards, and the creation of 'heirloom-quality' verifiable records.
• **Impact and Evidence Plan:** Plans for specific, measurable pilots and targeted outreach to certification bodies and university sustainability offices to validate demand and utility.
• **Risk Awareness and Mitigation:** Implicitly addresses technical and adoption risks through planned technical tests, controlled pilots, and partnership outreach to establish credibility.

**Project A Cons:**
• **Clarity of Value Proposition:** The connection between the core 'digital fingerprint' technology and the distinct 'heirloom-quality goods' mentioned in the Distinctiveness section is somewhat unclear and potentially conflates a platform with a physical product.
• **Market Size and Demand:** While problems are identified, the initial target user (procurement teams in certified companies) may be a narrow beachhead with high sales friction.
• **Feasibility and Development Plan:** The plan is exploratory ('plans to explore') and involves multiple parallel development tracks (widget, registry, pilots), which could dilute focus and resources.
• **Revenue Model and Sustainability:** The subscription model's value proposition and pricing are not defined; success depends entirely on proving value during the free trial, which is risky.
• **Differentiation:** The 'heirloom-quality goods' differentiator seems disconnected from the described SaaS platform, creating potential brand confusion. Competition from established supply chain traceability solutions is not addressed.
• **Impact and Evidence Plan:** All evidence is planned; there is no mention of existing traction, prototypes, or committed partners, making the impact hypothetical.
• **Risk Awareness and Mitigation:** Major risks like achieving critical mass in the ledger/registry, competing with incumbents, and changing regulatory landscapes are not explicitly discussed.

**Project B Pros:**
• Identical to Project A Pros.

**Project B Cons:**
• Identical to Project A Cons.

Given the projects are verbatim copies, there is no basis for differentiation. The 'winner' is arbitrarily assigned as Project A, as it is listed first."
"local","10","3","L10.3","1","L10.1","L10.3","plan_3","PROJECT A PROS:\n• Excellent clarity of value proposition with specific examples (ethical sourcing events, matching gift programs)\n• Strong market awareness of sustainability certification demand and regulatory requirements\n• Detailed, phased development plan with specific pilot tests (widget technical test, single-nonprofit pilot, organic product pilot)\n• Clear revenue model with defined metrics for trial success measurement\n• Strong differentiation through machine-readable registry of ethical standards and semantic clarity\n• Comprehensive evidence plan with targeted outreach to certification bodies and university sustainability offices\n• Good risk awareness shown through planned technical validation before pilot deployment\n\nPROJECT A CONS:\n• Somewhat complex solution with multiple components (fingerprinting, ledger, widget, registry)\n• Revenue model relies heavily on subscription adoption by brands/suppliers\n• Initial user acquisition may be challenging given enterprise focus\n\nPROJECT B PROS:\n• Identical strong value proposition as Project A\n• Same market understanding and target users\n• Same privacy-first delivery model\n\nPROJECT B CONS:\n• The description is identical to Project A in all sections, suggesting it may be a duplicate submission or lacks original thinking\n• No additional specificity or evidence beyond what's in Project A\n• No unique advantages or differentiation from Project A\n• No independent validation or testing plans beyond what's already described\n\nBoth projects describe the exact same venture with identical wording throughout all sections. Since they are substantively identical, Project A wins by default as it appears first. However, if these are meant to be different projects, Project B shows no evidence of independent thought, planning, or execution beyond copying Project A's description. This suggests Project A's team has done more thorough planning or Project B's submission is incomplete/duplicative."
"local","10","3","L10.3","2","L10.2","L10.3","plan_3","{
  ""Project A"": {
    ""pros"": [
      ""• Clear value proposition: Privacy-first digital fingerprinting for ethical sourcing events with tamper-proof ledger anchoring addresses greenwashing concerns directly."",
      ""• Strong market demand: Targets growing need for supply chain transparency from brands, consumers, and regulatory bodies."",
      ""• Thoughtful development plan: Includes technical alpha test, single-nonprofit pilot, and controlled agricultural product pilot for organic standard validation."",
      ""• Sustainable revenue model: Subscription service for brands/suppliers with 90-day free trial and clear success metrics."",
      ""• Good differentiation: Combines heirloom-quality goods with digital provenance and machine-readable ethical standards registry."",
      ""• Solid evidence plan: Multiple validation steps including certification body outreach and university matching gift program exploration."",
      ""• Risk awareness: Acknowledges need for technical validation before pilots and explores integration challenges.""
    ],
    ""cons"": [
      ""• Overly ambitious scope: Attempting to address both ethical sourcing AND charitable donations/matching gifts simultaneously."",
      ""• Complex implementation: Requires building multiple components (ledger, widget, registry, witness network) simultaneously."",
      ""• Market validation uncertainty: No clear evidence of existing demand or pilot results despite detailed plans."",
      ""• Revenue model risk: Subscription model depends on convincing both suppliers AND brands to pay, creating chicken-and-egg problem."",
      ""• Integration challenges: University HR portal integration mentioned but likely complex and time-consuming.""
    ]
  },
  ""Project B"": {
    ""pros"": [
      ""• Identical strong value proposition to Project A: Privacy-first digital fingerprinting for ethical sourcing with tamper-proof ledger."",
      ""• Same market opportunity: Addresses identical growing demand for supply chain transparency."",
      ""• Identical development approach: Same technical validation, nonprofit pilot, and agricultural product pilot plans."",
      ""• Same revenue model: Subscription service with 90-day trial and clear metrics."",
      ""• Same differentiation strategy: Heirloom-quality goods with digital provenance and machine-readable standards registry."",
      ""• Same evidence collection: Certification body outreach and university matching gift program exploration."",
      ""• Same risk awareness: Technical validation before pilots and integration considerations.""
    ],
    ""cons"": [
      ""• Identical scope concerns: Same dual focus on ethical sourcing AND charitable donations creates focus dilution."",
      ""• Same implementation complexity: Building multiple components simultaneously."",
      ""• Same market validation gaps: No actual evidence beyond planned validation."",
      ""• Same revenue model risks: Chicken-and-egg problem between suppliers and brands."",
      ""• Same integration challenges: University HR portal integration complexity."",
      ""• CRITICAL ISSUE: Project B appears to be an exact duplicate of Project A in all substantive aspects, suggesting either an error in submission or lack of original thinking.""
    ]
  },
  ""Comparison"": ""Both projects are substantively identical in every criterion: same value proposition, same market, same development plan, same revenue model, same differentiation, same evidence plans, and same risk awareness. The only difference appears to be in name only. Since no meaningful distinction exists between the projects, the assessment must consider whether this duplication represents an error or strategic issue."",
  ""Evaluation"": ""Given the identical content, neither project demonstrates superior execution or planning. However, as a venture capital analyst, I must assess based on what's presented. Since Project A is presented first and there's no substantive difference, Project A receives the default advantage. The duplication itself is concerning and would require clarification in real due diligence.""
}"
"local","10","3","L10.3","4","L10.4","L10.3","plan_3","PROJECT A: Pros: • Clear, specific value proposition focused on verifiable digital fingerprints for ethical sourcing • Identifies concrete market segments (procurement teams, sustainability programs) with regulatory/certification needs • Detailed development plan with phased testing (technical alpha, nonprofit pilot, agricultural product pilot) • Subscription revenue model with clear trial metrics and enterprise upgrade potential • Strong differentiation through machine-readable registry of ethical standards and heirloom-quality goods concept • Good impact plan with specific outreach to certification bodies and university sustainability offices • Recognizes technical and adoption risks with mitigation through phased pilots and partnerships. Cons: • Market size quantification missing • Complex technical implementation with multiple components (ledger, widget, registry, witness network) • Revenue model relies heavily on B2B adoption which can be slow • No mention of competitive landscape analysis. PROJECT B: Pros: • Identical strong value proposition as Project A • Same clear market segmentation and use cases • Identical detailed development plan with phased testing • Same subscription revenue model with trial metrics • Same strong differentiation points • Same impact and outreach plans • Same risk awareness through phased approach. Cons: • All content is identical to Project A, suggesting this may be a duplicate submission or lack of independent thought • No unique strengths or weaknesses to distinguish it • Potential lack of originality in analysis or execution planning. Both projects present identical content across all sections. Since they are indistinguishable in substance, the assessment must be based on the presentation. Project A appears first and is therefore the reference point. Project B shows no differentiation or improvement, making it effectively a copy. In venture analysis, originality and independent execution capability matter. A duplicate submission suggests either an error or lack of independent strategic thinking. Therefore, Project A wins by default as the original presentation of these ideas."
"local","10","3","L10.3","5","L10.5","L10.3","plan_3","{""Project A"": {""pros"": [""• Clear value proposition: Privacy-first platform for verifiable ethical sourcing proof with specific use cases (matching gift programs, supply chain validation)."", ""• Strong market demand: Addresses growing need for trustworthy sustainability claims among brands, consumers, and certification programs."", ""• Detailed development plan: Includes specific pilot tests (widget technical test, single-nonprofit pilot), foundational registry creation, and targeted outreach to certification bodies."", ""• Clear revenue model: Subscription service for brands/suppliers with 90-day free trial and defined success metrics."", ""• Good differentiation: Combines heirloom-quality goods with digital provenance proof and proposes machine-readable registry of ethical standards."", ""• Strong evidence plan: Proposes concrete pilot tests, outreach to specific organizations (Fair Trade International, university sustainability offices), and integration tests."", ""• Good risk awareness: Acknowledges need for technical validation, user adoption, and partnership development with mitigation steps.""], ""cons"": [""• Complex solution with multiple components (fingerprinting, ledger, widget, registry) may face integration challenges."", ""• Revenue model relies heavily on brand/supplier adoption which may be slow in regulated industries."", ""• Matching gift program use case seems secondary and may dilute focus from core ethical sourcing proposition."", ""• No mention of existing traction or completed development milestones.""]}, ""Project B"": {""pros"": [""• Identical strong value proposition to Project A: Privacy-first platform for verifiable ethical sourcing proof."", ""• Same strong market demand addressing sustainability verification needs."", ""• Identical detailed development plan with specific pilot tests and outreach strategies."", ""• Same clear revenue model with subscription service and trial period."", ""• Same good differentiation through heirloom-quality goods combined with digital provenance."", ""• Same strong evidence plan with concrete pilot tests and partnership outreach."", ""• Same good risk awareness with mitigation strategies.""], ""cons"": [""• All cons identical to Project A: complex solution, slow adoption risk, diluted focus on matching gift programs, no existing traction."", ""• Project description is word-for-word identical to Project A in all sections, suggesting either a duplicate submission or lack of original thinking.""]}}"
"local","10","4","L10.4","0","L9.4","tie","tie","Exact same normalized text; skipped LLM call."
"local","10","4","L10.4","1","L10.1","tie","tie","Exact same normalized text; skipped LLM call."
"local","10","4","L10.4","2","L10.2","tie","tie","Exact same normalized text; skipped LLM call."
"local","10","4","L10.4","3","L10.3","L10.4","plan_4","Both projects are identical in their descriptions, presenting the same solution, target market, revenue model, and development plan. They share identical strengths and weaknesses across all criteria:

PROJECT A & B (Identical):
Pros:
• Clear value proposition: Privacy-first verifiable digital fingerprints for ethical sourcing provide indisputable proof of provenance while protecting sensitive data.
• Large market potential: Addresses growing demand for supply chain transparency from both brands and consumers, with regulatory tailwinds for sustainability reporting.
• Thoughtful development plan: Includes phased testing with technical alpha, nonprofit pilot, and specific use case validation (organic agricultural product).
• Clear revenue model: Subscription service for brands/suppliers with free trial period and measurable success metrics.
• Strong differentiation: Combines tamper-proof ledger with machine-readable registry of ethical standards, creating semantic clarity missing from current solutions.
• Good impact measurement plan: Specific metrics planned for pilot (widget engagement, fingerprinting events, verification checks).
• Risk awareness: Shows understanding of trust challenges and proposes decentralized witness network for additional verification.

Cons:
• Market validation assumptions: While outreach plans exist, no evidence of actual partnerships or pilot results.
• Implementation complexity: Building both the ledger system and standards registry requires significant technical and industry coordination.
• Revenue model dependency: Success depends on convincing brands to pay for subscription before network effects are established.
• Competition risk: Blockchain-based provenance solutions exist, though differentiation is claimed.
• Two-sided market challenge: Needs to attract both suppliers and brands simultaneously.
• No evidence of completed development: All plans are future-oriented with no demonstrated technical execution.
• No quantified evidence: No user numbers, partnership confirmations, or pilot results provided.

Since both projects are identical in every aspect described, there is no basis for differentiation. The evaluation must treat them as equivalent proposals with the same strengths and weaknesses."
"local","10","4","L10.4","5","L10.5","tie","tie","Exact same normalized text; skipped LLM call."
"local","10","5","L10.5","0","L9.4","tie","tie","Exact same normalized text; skipped LLM call."
"local","10","5","L10.5","1","L10.1","tie","tie","Exact same normalized text; skipped LLM call."
"local","10","5","L10.5","2","L10.2","tie","tie","Exact same normalized text; skipped LLM call."
"local","10","5","L10.5","3","L10.3","L10.5","plan_5","{""Project A"": {""pros"": [""• Clarity of value proposition: Clear, concise one-sentence summary effectively communicates the core offering of verifiable digital fingerprints for ethical sourcing anchored to a tamper-proof ledger.\n• Market size and demand: Identifies a compelling problem in digital authenticity and ethical sourcing, with specific target users (procurement teams, brands, consumers) and use cases (supplier discovery, provenance verification, certification compliance).\n• Feasibility and development plan: Outlines a structured, phased approach including technical alpha tests, a limited pilot with a single nonprofit, and a foundational registry development. Shows awareness of iterative validation.\n• Revenue model and sustainability: Proposes a subscription service for brands/suppliers with a 90-day free trial and clear success metrics (events fingerprinted, active profiles, verification checks). Explores optional enterprise upgrades.\n• Differentiation: Focuses on 'heirloom-quality goods' with enduring digital proof and a machine-readable, open registry of ethical standards. Aims for semantic clarity and auditability beyond simple provenance.\n• Impact and evidence plan: Plans to measure user engagement (clicks, verifications) in the nonprofit pilot and track partner metrics during the trial. Proposes outreach to certification bodies (e.g., Fair Trade International) for partnership.\n• Risk awareness and mitigation: Implicitly addresses privacy risks via a 'privacy-first' design that avoids storing sensitive raw data. Plans controlled pilots to validate technology and workflows.""], ""cons"": [""• Clarity of value proposition: The one-sentence summary is strong but the subsequent description occasionally conflates charitable/donation use cases with ethical sourcing, which could dilute the core message.\n• Market size and demand: While the problem is broad, the initial focus on procurement teams and a single pilot (nonprofit blog) may be too narrow to validate broader market demand quickly.\n• Feasibility and development plan: Relies heavily on 'plans to explore' and 'propose' language, indicating early stage with many unvalidated assumptions. The decentralized witness network adds technical complexity.\n• Revenue model and sustainability: Subscription model depends on convincing brands/suppliers to pay for a service whose value (increased trust) may be hard to quantify initially. No clear pricing strategy or customer acquisition cost analysis.\n• Differentiation: The 'heirloom-quality goods' angle seems somewhat disconnected from the core platform technology described. Differentiation via an open registry is promising but requires broad adoption to be effective.\n• Impact and evidence plan: Evidence collection is planned but not yet executed. Partnerships with certification bodies are only proposed, not secured. Lack of concrete traction or existing testimonials.\n• Risk awareness and mitigation: Does not explicitly address key risks such as competition from existing blockchain provenance solutions, regulatory challenges, or the chicken-and-egg problem of network effects.""]}, ""Project B"": {""pros"": [""• Clarity of value proposition: Identical to Project A's strong one-sentence summary, clearly articulating the privacy-first, verifiable provenance value proposition.\n• Market size and demand: Same as Project A: addresses a significant problem in digital authenticity and ethical sourcing, with well-defined target users and use cases.\n• Feasibility and development plan: Same structured, phased approach as Project A, including technical alpha, nonprofit pilot, and foundational registry. Shows methodological rigor.\n• Revenue model and sustainability: Identical to Project A's subscription model with trial period and metrics. Potentially sustainable if adoption is achieved.\n• Differentiation: Same as Project A: emphasizes heirloom-quality goods with enduring digital proof and the machine-readable open registry for semantic clarity.\n• Impact and evidence plan: Same planned metrics and partnership outreach as Project A, indicating a thoughtful approach to validation and ecosystem building.\n• Risk awareness and mitigation: Same privacy-by-design approach and controlled pilot strategy as Project A, showing awareness of technical and validation risks.""], ""cons"": [""• Clarity of value proposition: The description is identical to Project A, including the same occasional conflation of charitable and ethical sourcing use cases, which may indicate a lack of focused positioning.\n• Market size and demand: Shares the same potential narrowness in initial focus as Project A. The market validation is still prospective.\n• Feasibility and development plan: Identical to Project A, with the same reliance on exploratory language and unproven technical components (decentralized witness network).\n• Revenue model and sustainability: Same uncertainties as Project A regarding willingness-to-pay and customer acquisition.\n• Differentiation: Identical to Project A, including the same potential disconnect between the 'heirloom-quality goods' narrative and the core platform technology.\n• Impact and evidence plan: Same as Project A: all evidence is planned, not yet gathered. No demonstrated traction or partnerships.\n• Risk awareness and mitigation: Identical to Project A, lacking explicit discussion of competition, regulation, or network effects risks.""]}}"
"local","10","5","L10.5","4","L10.4","tie","tie","Exact same normalized text; skipped LLM call."
"local","11","0","L9.4","1","L11.1","tie","tie","Exact same normalized text; skipped LLM call."
"local","11","0","L9.4","2","L11.2","tie","tie","Exact same normalized text; skipped LLM call."
"local","11","0","L9.4","3","L11.3","L9.4","plan_0","Both projects are identical in their descriptions across all sections, presenting the same venture concept. Therefore, the evaluation for each criterion yields identical pros and cons for both projects. The analysis is as follows:

**PROJECT A & PROJECT B - IDENTICAL ANALYSIS**

**Pros:**
• **Clarity of Value Proposition:** The one-sentence summary is strong and clear, articulating a privacy-first, verifiable provenance solution for ethical sourcing.
• **Market Size & Demand:** Identifies a relevant and growing problem in supply chain transparency and consumer trust in ethical claims. Targets a dual-sided market (brands/suppliers and consumers) with specific initial user groups (procurement teams, certification programs).
• **Feasibility & Development Plan:** Shows structured, phased thinking. Plans include specific, limited pilots (single nonprofit blog, single agricultural standard), technical alpha tests, and foundational work on a standards registry. This demonstrates a logical, risk-aware approach to validation.
• **Revenue Model & Sustainability:** Proposes a clear B2B subscription model targeting brands and suppliers, with a planned free trial and defined metrics for success. Explores potential upsell paths (integration services).
• **Differentiation:** Highlights a unique combination of tangible goods with enduring digital proof and proposes a machine-readable, open registry of ethical standards, moving beyond simple record-keeping to semantic clarity.
• **Impact & Evidence Plan:** Plans for concrete evidence gathering through pilots, measuring user engagement (widget clicks), and partnership outreach to certification bodies. The focus on creating an open registry aims for systemic impact.
• **Risk Awareness & Mitigation:** Implicitly addresses technical and adoption risks through phased testing (alpha, limited pilots), a lightweight/privacy-first architecture, and plans for partnership development to build credibility and utility.

**Cons:**
• **Clarity of Value Proposition:** Slightly convoluted by mixing two core use cases (ethical sourcing provenance and charitable donation/matching gifts) without a clear prioritization or narrative link between them.
• **Market Size & Demand:** While the problem is recognized, the description is somewhat generic (""digital landscape saturated with manipulation""). The venture ""plans to explore"" specific challenges, indicating early-stage validation.
• **Feasibility & Development Plan:** Highly aspirational and exploratory. Many key activities are framed as ""plans to explore"" or ""propose,"" including the decentralized witness network, widget development, and registry creation. No completed milestones are mentioned.
• **Revenue Model & Sustainability:** The subscription model is plausible but untested. Success depends entirely on convincing brands/suppliers of the value, which the pilots are designed to prove but have not yet. The model's scalability with a lightweight architecture is unproven.
• **Differentiation:** The concept of combining physical goods with digital proof (""heirloom-quality goods"") appears in the Distinctiveness section but is not well-integrated into the core Solution or Delivery Model descriptions, creating some conceptual ambiguity.
• **Impact & Evidence Plan:** All evidence is planned for the future. There are no stated results from past tests, existing partnerships, or user traction. The plan is methodical but unproven.
• **Risk Awareness & Mitigation:** Lacks explicit discussion of major business risks such as competition from established players, regulatory hurdles for data/ledger systems, or the challenge of achieving critical mass in a two-sided marketplace. Mitigation is more tactical (testing) than strategic.

**Overall Winner:** Since the project descriptions are verbatim copies, there is no basis for differentiation. The winner is declared as Project A by default, as it was presented first. In a real scenario with identical proposals, other factors (team, existing traction, pitch quality) would be decisive, but those are not provided here."
"local","11","0","L9.4","4","L11.4","tie","tie","Exact same normalized text; skipped LLM call."
"local","11","0","L9.4","5","L11.5","tie","tie","Exact same normalized text; skipped LLM call."
"local","11","1","L11.1","0","L9.4","tie","tie","Exact same normalized text; skipped LLM call."
"local","11","1","L11.1","2","L11.2","tie","tie","Exact same normalized text; skipped LLM call."
"local","11","1","L11.1","3","L11.3","L11.1","plan_1","Both projects are identical in their descriptions, presenting the exact same content across all sections. Therefore, the evaluation against all seven criteria yields identical results for both projects.

PROJECT A & PROJECT B (Identical Assessment):

PROS:
• Clarity of value proposition: Strong. The one-sentence summary clearly articulates a privacy-first platform for verifiable digital provenance of ethical sourcing.
• Market size and demand: Good identification of target users (brands, consumers, procurement teams) and clear problem statements around verification inefficiencies in supply chains and matching gift programs.
• Feasibility and development plan: Strong. Shows a structured, phased approach with specific, limited pilots (single nonprofit blog, single agricultural product), technical alpha tests, and foundational registry development. The plan to explore partnerships with certification bodies adds credibility.
• Revenue model and sustainability: Clear B2B subscription model targeting brands/suppliers, with a proposed 90-day free trial and defined success metrics to inform pricing. Exploration of optional enterprise upgrades shows forward thinking.
• Differentiation: Strong. Focus on combining 'heirloom-quality' goods with enduring digital proof, and the innovative concept of a machine-readable, open registry of ethical standards linked to fingerprints.
• Impact and evidence plan: Excellent. Detailed pilot plans with specific metrics (e.g., widget engagement clicks, fingerprinting events), targeted outreach to certification bodies and university sustainability offices, and a focus on creating a public good (open-source registry).
• Risk awareness and mitigation: Good implicit awareness. The privacy-first design mitigates data sensitivity risks. The phased pilot approach mitigates technical and adoption risks by testing in controlled environments before scaling.

CONS:
• Market size and demand: While the problem is well-defined, the initial user base (procurement teams in certified companies) might be niche. Scaling to broader consumer adoption presents a challenge not fully addressed.
• Feasibility and development plan: Highly dependent on successful partnerships (e.g., with major certification bodies) for the registry's credibility. The 'explore' language indicates these are not secured.
• Revenue model and sustainability: The subscription model's pricing and willingness-to-pay among suppliers is untested. The plan mentions measuring metrics during the trial but does not specify target thresholds.
• Differentiation: The concept is innovative but technically complex. The value of a 'machine-readable, open registry' may not be immediately obvious to all target users, requiring significant education.
• Impact and evidence plan: All evidence is planned/future-oriented (""plans to propose"", ""plans to explore""). There is no mention of existing traction, prototypes, or validated learnings.
• Risk awareness and mitigation: No explicit discussion of competitive risks (e.g., existing blockchain provenance solutions), regulatory risks around data/ledgers, or the risk of low adoption by the very certification bodies it seeks to partner with.

Given the projects are identical, there is no basis for differentiation. The winner is arbitrarily assigned based on the order presented."
"local","11","1","L11.1","4","L11.4","tie","tie","Exact same normalized text; skipped LLM call."
"local","11","1","L11.1","5","L11.5","tie","tie","Exact same normalized text; skipped LLM call."
"local","11","2","L11.2","0","L9.4","tie","tie","Exact same normalized text; skipped LLM call."
"local","11","2","L11.2","1","L11.1","tie","tie","Exact same normalized text; skipped LLM call."
"local","11","2","L11.2","3","L11.3","L11.2","plan_2","Both projects are identical in their descriptions across all sections, including one-sentence summary, problem statement, target users, solution, delivery model, revenue logic, and distinctiveness. Upon careful comparison, there is no discernible difference between Project A and Project B in terms of content, structure, or proposed execution. Therefore, the pros and cons for each are identical. 

Pros for both projects:
• Clarity of value proposition: Strong, concise one-sentence summary clearly articulates a privacy-first, verifiable provenance solution.
• Market size and demand: Identifies a relevant and growing need in ethical sourcing and donation verification, though lacks specific market sizing.
• Feasibility and development plan: Outlines a thoughtful, phased approach with specific pilot tests (widget technical test, single-nonprofit pilot, organic product pilot) and targeted outreach plans (to certification bodies, university sustainability offices).
• Revenue model and sustainability: Proposes a clear subscription model for brands/suppliers with a planned 90-day free trial and defined success metrics to inform pricing.
• Differentiation: Highlights a unique combination of privacy-first fingerprinting, a tamper-proof ledger, and a planned open registry of ethical standards definitions for semantic clarity.
• Impact and evidence plan: Plans for specific, limited pilots and outreach to validate technology and demand, though these are proposed, not executed.
• Risk awareness and mitigation: Implicitly addresses risks (data privacy, trust) through the privacy-first design and plans for a decentralized witness network and partnerships with established bodies.

Cons for both projects:
• Market size and demand: Lacks quantified market data or evidence of existing demand beyond problem description.
• Feasibility and development plan: Relies heavily on planned explorations and proposals (e.g., 'plans to explore,' 'plans to propose'); no evidence of completed steps or existing partnerships.
• Revenue model and sustainability: Subscription model is common; no detail on pricing tiers or evidence of willingness-to-pay from target customers.
• Differentiation: While the concept is distinctive, the competitive landscape is not analyzed, and the 'heirloom-quality goods' mention in the Distinctiveness section seems incongruent with the described B2B software platform.
• Impact and evidence plan: All validation steps are future plans; no genuine traction, partnerships, or user testimonials are presented as completed facts.
• Risk awareness and mitigation: Does not explicitly list key risks (e.g., adoption chicken-and-egg, reliance on partner ecosystems, regulatory changes) or detailed mitigation strategies.

Given the projects are identical, there is no basis to declare one superior to the other. The evaluation must be a tie."
"local","11","2","L11.2","4","L11.4","tie","tie","Exact same normalized text; skipped LLM call."
"local","11","2","L11.2","5","L11.5","tie","tie","Exact same normalized text; skipped LLM call."
"local","11","3","L11.3","0","L9.4","L11.3","plan_3","Both projects are identical in their descriptions, presenting the same venture concept. Therefore, the pros and cons for each project are identical. The assessment is based solely on the provided text, with no external or unsupported information considered.

**Project A Pros:**
• **Clarity of Value Proposition:** The one-sentence summary is strong and clear, articulating a privacy-first platform for verifiable ethical sourcing proof.
• **Market Size and Demand:** Identifies a clear problem in supply chain transparency and matching gift inefficiencies, targeting a growing market for ethical goods and corporate sustainability reporting.
• **Feasibility and Development Plan:** Outlines a thoughtful, phased approach with specific pilot plans (technical alpha, single-nonprofit blog widget test, single-standard agricultural pilot) and foundational work on a standards registry.
• **Revenue Model and Sustainability:** Proposes a logical B2B subscription model for brands/suppliers with a planned 90-day free trial and clear success metrics to inform pricing.
• **Differentiation:** Highlights a unique combination of privacy-first design, a machine-readable open registry of ethical standards, and the creation of 'heirloom-quality' verifiable records.
• **Impact and Evidence Plan:** Plans for specific, measurable pilots and targeted outreach to certification bodies and university sustainability offices to validate demand and utility.
• **Risk Awareness and Mitigation:** Implicitly addresses technical and adoption risks through planned technical tests, controlled pilots, and partnership outreach to establish credibility.

**Project A Cons:**
• **Clarity of Value Proposition:** The connection between the core 'digital fingerprint' technology and the distinct 'heirloom-quality goods' mentioned in the Distinctiveness section is somewhat unclear and potentially conflates a platform with a physical product.
• **Market Size and Demand:** While problems are identified, the initial target user (procurement teams in certified companies) may be a narrow beachhead with high sales friction.
• **Feasibility and Development Plan:** The plan is exploratory ('plans to explore') and involves multiple parallel development tracks (widget, registry, pilots), which could dilute focus and resources.
• **Revenue Model and Sustainability:** The subscription model's value proposition and pricing are not defined; success depends entirely on proving value during the free trial, which is risky.
• **Differentiation:** The 'heirloom-quality goods' differentiator seems disconnected from the described SaaS platform, creating potential brand confusion. Competition from established supply chain traceability solutions is not addressed.
• **Impact and Evidence Plan:** All evidence is planned; there is no mention of existing traction, prototypes, or committed partners, making the impact hypothetical.
• **Risk Awareness and Mitigation:** Major risks like achieving critical mass in the ledger/registry, competing with incumbents, and changing regulatory landscapes are not explicitly discussed.

**Project B Pros:**
• Identical to Project A Pros.

**Project B Cons:**
• Identical to Project A Cons.

Given the projects are verbatim copies, there is no basis for differentiation. The 'winner' is arbitrarily assigned as Project A, as it is listed first."
"local","11","3","L11.3","1","L11.1","L11.3","plan_3","PROJECT A PROS:\n• Excellent clarity of value proposition with specific examples (ethical sourcing events, matching gift programs)\n• Strong market awareness of sustainability certification demand and regulatory requirements\n• Detailed, phased development plan with specific pilot tests (widget technical test, single-nonprofit pilot, organic product pilot)\n• Clear revenue model with defined metrics for trial success measurement\n• Strong differentiation through machine-readable registry of ethical standards and semantic clarity\n• Comprehensive evidence plan with targeted outreach to certification bodies and university sustainability offices\n• Good risk awareness shown through planned technical validation before pilot deployment\n\nPROJECT A CONS:\n• Somewhat complex solution with multiple components (fingerprinting, ledger, widget, registry)\n• Revenue model relies heavily on subscription adoption by brands/suppliers\n• Initial user acquisition may be challenging given enterprise focus\n\nPROJECT B PROS:\n• Identical strong value proposition as Project A\n• Same market understanding and target users\n• Same privacy-first delivery model\n\nPROJECT B CONS:\n• The description is identical to Project A in all sections, suggesting it may be a duplicate submission or lacks original thinking\n• No additional specificity or evidence beyond what's in Project A\n• No unique advantages or differentiation from Project A\n• No independent validation or testing plans beyond what's already described\n\nBoth projects describe the exact same venture with identical wording throughout all sections. Since they are substantively identical, Project A wins by default as it appears first. However, if these are meant to be different projects, Project B shows no evidence of independent thought, planning, or execution beyond copying Project A's description. This suggests Project A's team has done more thorough planning or Project B's submission is incomplete/duplicative."
"local","11","3","L11.3","2","L11.2","L11.3","plan_3","{
  ""Project A"": {
    ""pros"": [
      ""• Clear value proposition: Privacy-first digital fingerprinting for ethical sourcing events with tamper-proof ledger anchoring addresses greenwashing concerns directly."",
      ""• Strong market demand: Targets growing need for supply chain transparency from brands, consumers, and regulatory bodies."",
      ""• Thoughtful development plan: Includes technical alpha test, single-nonprofit pilot, and controlled agricultural product pilot for organic standard validation."",
      ""• Sustainable revenue model: Subscription service for brands/suppliers with 90-day free trial and clear success metrics."",
      ""• Good differentiation: Combines heirloom-quality goods with digital provenance and machine-readable ethical standards registry."",
      ""• Solid evidence plan: Multiple validation steps including certification body outreach and university matching gift program exploration."",
      ""• Risk awareness: Acknowledges need for technical validation before pilots and explores integration challenges.""
    ],
    ""cons"": [
      ""• Overly ambitious scope: Attempting to address both ethical sourcing AND charitable donations/matching gifts simultaneously."",
      ""• Complex implementation: Requires building multiple components (ledger, widget, registry, witness network) simultaneously."",
      ""• Market validation uncertainty: No clear evidence of existing demand or pilot results despite detailed plans."",
      ""• Revenue model risk: Subscription model depends on convincing both suppliers AND brands to pay, creating chicken-and-egg problem."",
      ""• Integration challenges: University HR portal integration mentioned but likely complex and time-consuming.""
    ]
  },
  ""Project B"": {
    ""pros"": [
      ""• Identical strong value proposition to Project A: Privacy-first digital fingerprinting for ethical sourcing with tamper-proof ledger."",
      ""• Same market opportunity: Addresses identical growing demand for supply chain transparency."",
      ""• Identical development approach: Same technical validation, nonprofit pilot, and agricultural product pilot plans."",
      ""• Same revenue model: Subscription service with 90-day trial and clear metrics."",
      ""• Same differentiation strategy: Heirloom-quality goods with digital provenance and machine-readable standards registry."",
      ""• Same evidence collection: Certification body outreach and university matching gift program exploration."",
      ""• Same risk awareness: Technical validation before pilots and integration considerations.""
    ],
    ""cons"": [
      ""• Identical scope concerns: Same dual focus on ethical sourcing AND charitable donations creates focus dilution."",
      ""• Same implementation complexity: Building multiple components simultaneously."",
      ""• Same market validation gaps: No actual evidence beyond planned validation."",
      ""• Same revenue model risks: Chicken-and-egg problem between suppliers and brands."",
      ""• Same integration challenges: University HR portal integration complexity."",
      ""• CRITICAL ISSUE: Project B appears to be an exact duplicate of Project A in all substantive aspects, suggesting either an error in submission or lack of original thinking.""
    ]
  },
  ""Comparison"": ""Both projects are substantively identical in every criterion: same value proposition, same market, same development plan, same revenue model, same differentiation, same evidence plans, and same risk awareness. The only difference appears to be in name only. Since no meaningful distinction exists between the projects, the assessment must consider whether this duplication represents an error or strategic issue."",
  ""Evaluation"": ""Given the identical content, neither project demonstrates superior execution or planning. However, as a venture capital analyst, I must assess based on what's presented. Since Project A is presented first and there's no substantive difference, Project A receives the default advantage. The duplication itself is concerning and would require clarification in real due diligence.""
}"
"local","11","3","L11.3","4","L11.4","L11.3","plan_3","PROJECT A: Pros: • Clear, specific value proposition focused on verifiable digital fingerprints for ethical sourcing • Identifies concrete market segments (procurement teams, sustainability programs) with regulatory/certification needs • Detailed development plan with phased testing (technical alpha, nonprofit pilot, agricultural product pilot) • Subscription revenue model with clear trial metrics and enterprise upgrade potential • Strong differentiation through machine-readable registry of ethical standards and heirloom-quality goods concept • Good impact plan with specific outreach to certification bodies and university sustainability offices • Recognizes technical and adoption risks with mitigation through phased pilots and partnerships. Cons: • Market size quantification missing • Complex technical implementation with multiple components (ledger, widget, registry, witness network) • Revenue model relies heavily on B2B adoption which can be slow • No mention of competitive landscape analysis. PROJECT B: Pros: • Identical strong value proposition as Project A • Same clear market segmentation and use cases • Identical detailed development plan with phased testing • Same subscription revenue model with trial metrics • Same strong differentiation points • Same impact and outreach plans • Same risk awareness through phased approach. Cons: • All content is identical to Project A, suggesting this may be a duplicate submission or lack of independent thought • No unique strengths or weaknesses to distinguish it • Potential lack of originality in analysis or execution planning. Both projects present identical content across all sections. Since they are indistinguishable in substance, the assessment must be based on the presentation. Project A appears first and is therefore the reference point. Project B shows no differentiation or improvement, making it effectively a copy. In venture analysis, originality and independent execution capability matter. A duplicate submission suggests either an error or lack of independent strategic thinking. Therefore, Project A wins by default as the original presentation of these ideas."
"local","11","3","L11.3","5","L11.5","L11.3","plan_3","{""Project A"": {""pros"": [""• Clear value proposition: Privacy-first platform for verifiable ethical sourcing proof with specific use cases (matching gift programs, supply chain validation)."", ""• Strong market demand: Addresses growing need for trustworthy sustainability claims among brands, consumers, and certification programs."", ""• Detailed development plan: Includes specific pilot tests (widget technical test, single-nonprofit pilot), foundational registry creation, and targeted outreach to certification bodies."", ""• Clear revenue model: Subscription service for brands/suppliers with 90-day free trial and defined success metrics."", ""• Good differentiation: Combines heirloom-quality goods with digital provenance proof and proposes machine-readable registry of ethical standards."", ""• Strong evidence plan: Proposes concrete pilot tests, outreach to specific organizations (Fair Trade International, university sustainability offices), and integration tests."", ""• Good risk awareness: Acknowledges need for technical validation, user adoption, and partnership development with mitigation steps.""], ""cons"": [""• Complex solution with multiple components (fingerprinting, ledger, widget, registry) may face integration challenges."", ""• Revenue model relies heavily on brand/supplier adoption which may be slow in regulated industries."", ""• Matching gift program use case seems secondary and may dilute focus from core ethical sourcing proposition."", ""• No mention of existing traction or completed development milestones.""]}, ""Project B"": {""pros"": [""• Identical strong value proposition to Project A: Privacy-first platform for verifiable ethical sourcing proof."", ""• Same strong market demand addressing sustainability verification needs."", ""• Identical detailed development plan with specific pilot tests and outreach strategies."", ""• Same clear revenue model with subscription service and trial period."", ""• Same good differentiation through heirloom-quality goods combined with digital provenance."", ""• Same strong evidence plan with concrete pilot tests and partnership outreach."", ""• Same good risk awareness with mitigation strategies.""], ""cons"": [""• All cons identical to Project A: complex solution, slow adoption risk, diluted focus on matching gift programs, no existing traction."", ""• Project description is word-for-word identical to Project A in all sections, suggesting either a duplicate submission or lack of original thinking.""]}}"
"local","11","4","L11.4","0","L9.4","tie","tie","Exact same normalized text; skipped LLM call."
"local","11","4","L11.4","1","L11.1","tie","tie","Exact same normalized text; skipped LLM call."
"local","11","4","L11.4","2","L11.2","tie","tie","Exact same normalized text; skipped LLM call."
"local","11","4","L11.4","3","L11.3","L11.4","plan_4","Both projects are identical in their descriptions, presenting the same solution, target market, revenue model, and development plan. They share identical strengths and weaknesses across all criteria:

PROJECT A & B (Identical):
Pros:
• Clear value proposition: Privacy-first verifiable digital fingerprints for ethical sourcing provide indisputable proof of provenance while protecting sensitive data.
• Large market potential: Addresses growing demand for supply chain transparency from both brands and consumers, with regulatory tailwinds for sustainability reporting.
• Thoughtful development plan: Includes phased testing with technical alpha, nonprofit pilot, and specific use case validation (organic agricultural product).
• Clear revenue model: Subscription service for brands/suppliers with free trial period and measurable success metrics.
• Strong differentiation: Combines tamper-proof ledger with machine-readable registry of ethical standards, creating semantic clarity missing from current solutions.
• Good impact measurement plan: Specific metrics planned for pilot (widget engagement, fingerprinting events, verification checks).
• Risk awareness: Shows understanding of trust challenges and proposes decentralized witness network for additional verification.

Cons:
• Market validation assumptions: While outreach plans exist, no evidence of actual partnerships or pilot results.
• Implementation complexity: Building both the ledger system and standards registry requires significant technical and industry coordination.
• Revenue model dependency: Success depends on convincing brands to pay for subscription before network effects are established.
• Competition risk: Blockchain-based provenance solutions exist, though differentiation is claimed.
• Two-sided market challenge: Needs to attract both suppliers and brands simultaneously.
• No evidence of completed development: All plans are future-oriented with no demonstrated technical execution.
• No quantified evidence: No user numbers, partnership confirmations, or pilot results provided.

Since both projects are identical in every aspect described, there is no basis for differentiation. The evaluation must treat them as equivalent proposals with the same strengths and weaknesses."
"local","11","4","L11.4","5","L11.5","tie","tie","Exact same normalized text; skipped LLM call."
"local","11","5","L11.5","0","L9.4","tie","tie","Exact same normalized text; skipped LLM call."
"local","11","5","L11.5","1","L11.1","tie","tie","Exact same normalized text; skipped LLM call."
"local","11","5","L11.5","2","L11.2","tie","tie","Exact same normalized text; skipped LLM call."
"local","11","5","L11.5","3","L11.3","L11.5","plan_5","{""Project A"": {""pros"": [""• Clarity of value proposition: Clear, concise one-sentence summary effectively communicates the core offering of verifiable digital fingerprints for ethical sourcing anchored to a tamper-proof ledger.\n• Market size and demand: Identifies a compelling problem in digital authenticity and ethical sourcing, with specific target users (procurement teams, brands, consumers) and use cases (supplier discovery, provenance verification, certification compliance).\n• Feasibility and development plan: Outlines a structured, phased approach including technical alpha tests, a limited pilot with a single nonprofit, and a foundational registry development. Shows awareness of iterative validation.\n• Revenue model and sustainability: Proposes a subscription service for brands/suppliers with a 90-day free trial and clear success metrics (events fingerprinted, active profiles, verification checks). Explores optional enterprise upgrades.\n• Differentiation: Focuses on 'heirloom-quality goods' with enduring digital proof and a machine-readable, open registry of ethical standards. Aims for semantic clarity and auditability beyond simple provenance.\n• Impact and evidence plan: Plans to measure user engagement (clicks, verifications) in the nonprofit pilot and track partner metrics during the trial. Proposes outreach to certification bodies (e.g., Fair Trade International) for partnership.\n• Risk awareness and mitigation: Implicitly addresses privacy risks via a 'privacy-first' design that avoids storing sensitive raw data. Plans controlled pilots to validate technology and workflows.""], ""cons"": [""• Clarity of value proposition: The one-sentence summary is strong but the subsequent description occasionally conflates charitable/donation use cases with ethical sourcing, which could dilute the core message.\n• Market size and demand: While the problem is broad, the initial focus on procurement teams and a single pilot (nonprofit blog) may be too narrow to validate broader market demand quickly.\n• Feasibility and development plan: Relies heavily on 'plans to explore' and 'propose' language, indicating early stage with many unvalidated assumptions. The decentralized witness network adds technical complexity.\n• Revenue model and sustainability: Subscription model depends on convincing brands/suppliers to pay for a service whose value (increased trust) may be hard to quantify initially. No clear pricing strategy or customer acquisition cost analysis.\n• Differentiation: The 'heirloom-quality goods' angle seems somewhat disconnected from the core platform technology described. Differentiation via an open registry is promising but requires broad adoption to be effective.\n• Impact and evidence plan: Evidence collection is planned but not yet executed. Partnerships with certification bodies are only proposed, not secured. Lack of concrete traction or existing testimonials.\n• Risk awareness and mitigation: Does not explicitly address key risks such as competition from existing blockchain provenance solutions, regulatory challenges, or the chicken-and-egg problem of network effects.""]}, ""Project B"": {""pros"": [""• Clarity of value proposition: Identical to Project A's strong one-sentence summary, clearly articulating the privacy-first, verifiable provenance value proposition.\n• Market size and demand: Same as Project A: addresses a significant problem in digital authenticity and ethical sourcing, with well-defined target users and use cases.\n• Feasibility and development plan: Same structured, phased approach as Project A, including technical alpha, nonprofit pilot, and foundational registry. Shows methodological rigor.\n• Revenue model and sustainability: Identical to Project A's subscription model with trial period and metrics. Potentially sustainable if adoption is achieved.\n• Differentiation: Same as Project A: emphasizes heirloom-quality goods with enduring digital proof and the machine-readable open registry for semantic clarity.\n• Impact and evidence plan: Same planned metrics and partnership outreach as Project A, indicating a thoughtful approach to validation and ecosystem building.\n• Risk awareness and mitigation: Same privacy-by-design approach and controlled pilot strategy as Project A, showing awareness of technical and validation risks.""], ""cons"": [""• Clarity of value proposition: The description is identical to Project A, including the same occasional conflation of charitable and ethical sourcing use cases, which may indicate a lack of focused positioning.\n• Market size and demand: Shares the same potential narrowness in initial focus as Project A. The market validation is still prospective.\n• Feasibility and development plan: Identical to Project A, with the same reliance on exploratory language and unproven technical components (decentralized witness network).\n• Revenue model and sustainability: Same uncertainties as Project A regarding willingness-to-pay and customer acquisition.\n• Differentiation: Identical to Project A, including the same potential disconnect between the 'heirloom-quality goods' narrative and the core platform technology.\n• Impact and evidence plan: Same as Project A: all evidence is planned, not yet gathered. No demonstrated traction or partnerships.\n• Risk awareness and mitigation: Identical to Project A, lacking explicit discussion of competition, regulation, or network effects risks.""]}}"
"local","11","5","L11.5","4","L11.4","tie","tie","Exact same normalized text; skipped LLM call."
"local","12","0","L9.4","1","L12.1","tie","tie","Exact same normalized text; skipped LLM call."
"local","12","0","L9.4","2","L12.2","tie","tie","Exact same normalized text; skipped LLM call."
"local","12","0","L9.4","3","L12.3","L9.4","plan_0","Both projects are identical in their descriptions across all sections, presenting the same venture concept. Therefore, the evaluation for each criterion yields identical pros and cons for both projects. The analysis is as follows:

**PROJECT A & PROJECT B - IDENTICAL ANALYSIS**

**Pros:**
• **Clarity of Value Proposition:** The one-sentence summary is strong and clear, articulating a privacy-first, verifiable provenance solution for ethical sourcing.
• **Market Size & Demand:** Identifies a relevant and growing problem in supply chain transparency and consumer trust in ethical claims. Targets a dual-sided market (brands/suppliers and consumers) with specific initial user groups (procurement teams, certification programs).
• **Feasibility & Development Plan:** Shows structured, phased thinking. Plans include specific, limited pilots (single nonprofit blog, single agricultural standard), technical alpha tests, and foundational work on a standards registry. This demonstrates a logical, risk-aware approach to validation.
• **Revenue Model & Sustainability:** Proposes a clear B2B subscription model targeting brands and suppliers, with a planned free trial and defined metrics for success. Explores potential upsell paths (integration services).
• **Differentiation:** Highlights a unique combination of tangible goods with enduring digital proof and proposes a machine-readable, open registry of ethical standards, moving beyond simple record-keeping to semantic clarity.
• **Impact & Evidence Plan:** Plans for concrete evidence gathering through pilots, measuring user engagement (widget clicks), and partnership outreach to certification bodies. The focus on creating an open registry aims for systemic impact.
• **Risk Awareness & Mitigation:** Implicitly addresses technical and adoption risks through phased testing (alpha, limited pilots), a lightweight/privacy-first architecture, and plans for partnership development to build credibility and utility.

**Cons:**
• **Clarity of Value Proposition:** Slightly convoluted by mixing two core use cases (ethical sourcing provenance and charitable donation/matching gifts) without a clear prioritization or narrative link between them.
• **Market Size & Demand:** While the problem is recognized, the description is somewhat generic (""digital landscape saturated with manipulation""). The venture ""plans to explore"" specific challenges, indicating early-stage validation.
• **Feasibility & Development Plan:** Highly aspirational and exploratory. Many key activities are framed as ""plans to explore"" or ""propose,"" including the decentralized witness network, widget development, and registry creation. No completed milestones are mentioned.
• **Revenue Model & Sustainability:** The subscription model is plausible but untested. Success depends entirely on convincing brands/suppliers of the value, which the pilots are designed to prove but have not yet. The model's scalability with a lightweight architecture is unproven.
• **Differentiation:** The concept of combining physical goods with digital proof (""heirloom-quality goods"") appears in the Distinctiveness section but is not well-integrated into the core Solution or Delivery Model descriptions, creating some conceptual ambiguity.
• **Impact & Evidence Plan:** All evidence is planned for the future. There are no stated results from past tests, existing partnerships, or user traction. The plan is methodical but unproven.
• **Risk Awareness & Mitigation:** Lacks explicit discussion of major business risks such as competition from established players, regulatory hurdles for data/ledger systems, or the challenge of achieving critical mass in a two-sided marketplace. Mitigation is more tactical (testing) than strategic.

**Overall Winner:** Since the project descriptions are verbatim copies, there is no basis for differentiation. The winner is declared as Project A by default, as it was presented first. In a real scenario with identical proposals, other factors (team, existing traction, pitch quality) would be decisive, but those are not provided here."
"local","12","0","L9.4","4","L12.4","tie","tie","Exact same normalized text; skipped LLM call."
"local","12","0","L9.4","5","L12.5","tie","tie","Exact same normalized text; skipped LLM call."
"local","12","1","L12.1","0","L9.4","tie","tie","Exact same normalized text; skipped LLM call."
"local","12","1","L12.1","2","L12.2","tie","tie","Exact same normalized text; skipped LLM call."
"local","12","1","L12.1","3","L12.3","L12.1","plan_1","Both projects are identical in their descriptions, presenting the exact same content across all sections. Therefore, the evaluation against all seven criteria yields identical results for both projects.

PROJECT A & PROJECT B (Identical Assessment):

PROS:
• Clarity of value proposition: Strong. The one-sentence summary clearly articulates a privacy-first platform for verifiable digital provenance of ethical sourcing.
• Market size and demand: Good identification of target users (brands, consumers, procurement teams) and clear problem statements around verification inefficiencies in supply chains and matching gift programs.
• Feasibility and development plan: Strong. Shows a structured, phased approach with specific, limited pilots (single nonprofit blog, single agricultural product), technical alpha tests, and foundational registry development. The plan to explore partnerships with certification bodies adds credibility.
• Revenue model and sustainability: Clear B2B subscription model targeting brands/suppliers, with a proposed 90-day free trial and defined success metrics to inform pricing. Exploration of optional enterprise upgrades shows forward thinking.
• Differentiation: Strong. Focus on combining 'heirloom-quality' goods with enduring digital proof, and the innovative concept of a machine-readable, open registry of ethical standards linked to fingerprints.
• Impact and evidence plan: Excellent. Detailed pilot plans with specific metrics (e.g., widget engagement clicks, fingerprinting events), targeted outreach to certification bodies and university sustainability offices, and a focus on creating a public good (open-source registry).
• Risk awareness and mitigation: Good implicit awareness. The privacy-first design mitigates data sensitivity risks. The phased pilot approach mitigates technical and adoption risks by testing in controlled environments before scaling.

CONS:
• Market size and demand: While the problem is well-defined, the initial user base (procurement teams in certified companies) might be niche. Scaling to broader consumer adoption presents a challenge not fully addressed.
• Feasibility and development plan: Highly dependent on successful partnerships (e.g., with major certification bodies) for the registry's credibility. The 'explore' language indicates these are not secured.
• Revenue model and sustainability: The subscription model's pricing and willingness-to-pay among suppliers is untested. The plan mentions measuring metrics during the trial but does not specify target thresholds.
• Differentiation: The concept is innovative but technically complex. The value of a 'machine-readable, open registry' may not be immediately obvious to all target users, requiring significant education.
• Impact and evidence plan: All evidence is planned/future-oriented (""plans to propose"", ""plans to explore""). There is no mention of existing traction, prototypes, or validated learnings.
• Risk awareness and mitigation: No explicit discussion of competitive risks (e.g., existing blockchain provenance solutions), regulatory risks around data/ledgers, or the risk of low adoption by the very certification bodies it seeks to partner with.

Given the projects are identical, there is no basis for differentiation. The winner is arbitrarily assigned based on the order presented."
"local","12","1","L12.1","4","L12.4","tie","tie","Exact same normalized text; skipped LLM call."
"local","12","1","L12.1","5","L12.5","tie","tie","Exact same normalized text; skipped LLM call."
"local","12","2","L12.2","0","L9.4","tie","tie","Exact same normalized text; skipped LLM call."
"local","12","2","L12.2","1","L12.1","tie","tie","Exact same normalized text; skipped LLM call."
"local","12","2","L12.2","3","L12.3","L12.2","plan_2","Both projects are identical in their descriptions across all sections, including one-sentence summary, problem statement, target users, solution, delivery model, revenue logic, and distinctiveness. Upon careful comparison, there is no discernible difference between Project A and Project B in terms of content, structure, or proposed execution. Therefore, the pros and cons for each are identical. 

Pros for both projects:
• Clarity of value proposition: Strong, concise one-sentence summary clearly articulates a privacy-first, verifiable provenance solution.
• Market size and demand: Identifies a relevant and growing need in ethical sourcing and donation verification, though lacks specific market sizing.
• Feasibility and development plan: Outlines a thoughtful, phased approach with specific pilot tests (widget technical test, single-nonprofit pilot, organic product pilot) and targeted outreach plans (to certification bodies, university sustainability offices).
• Revenue model and sustainability: Proposes a clear subscription model for brands/suppliers with a planned 90-day free trial and defined success metrics to inform pricing.
• Differentiation: Highlights a unique combination of privacy-first fingerprinting, a tamper-proof ledger, and a planned open registry of ethical standards definitions for semantic clarity.
• Impact and evidence plan: Plans for specific, limited pilots and outreach to validate technology and demand, though these are proposed, not executed.
• Risk awareness and mitigation: Implicitly addresses risks (data privacy, trust) through the privacy-first design and plans for a decentralized witness network and partnerships with established bodies.

Cons for both projects:
• Market size and demand: Lacks quantified market data or evidence of existing demand beyond problem description.
• Feasibility and development plan: Relies heavily on planned explorations and proposals (e.g., 'plans to explore,' 'plans to propose'); no evidence of completed steps or existing partnerships.
• Revenue model and sustainability: Subscription model is common; no detail on pricing tiers or evidence of willingness-to-pay from target customers.
• Differentiation: While the concept is distinctive, the competitive landscape is not analyzed, and the 'heirloom-quality goods' mention in the Distinctiveness section seems incongruent with the described B2B software platform.
• Impact and evidence plan: All validation steps are future plans; no genuine traction, partnerships, or user testimonials are presented as completed facts.
• Risk awareness and mitigation: Does not explicitly list key risks (e.g., adoption chicken-and-egg, reliance on partner ecosystems, regulatory changes) or detailed mitigation strategies.

Given the projects are identical, there is no basis to declare one superior to the other. The evaluation must be a tie."
"local","12","2","L12.2","4","L12.4","tie","tie","Exact same normalized text; skipped LLM call."
"local","12","2","L12.2","5","L12.5","tie","tie","Exact same normalized text; skipped LLM call."
"local","12","3","L12.3","0","L9.4","L12.3","plan_3","Both projects are identical in their descriptions, presenting the same venture concept. Therefore, the pros and cons for each project are identical. The assessment is based solely on the provided text, with no external or unsupported information considered.

**Project A Pros:**
• **Clarity of Value Proposition:** The one-sentence summary is strong and clear, articulating a privacy-first platform for verifiable ethical sourcing proof.
• **Market Size and Demand:** Identifies a clear problem in supply chain transparency and matching gift inefficiencies, targeting a growing market for ethical goods and corporate sustainability reporting.
• **Feasibility and Development Plan:** Outlines a thoughtful, phased approach with specific pilot plans (technical alpha, single-nonprofit blog widget test, single-standard agricultural pilot) and foundational work on a standards registry.
• **Revenue Model and Sustainability:** Proposes a logical B2B subscription model for brands/suppliers with a planned 90-day free trial and clear success metrics to inform pricing.
• **Differentiation:** Highlights a unique combination of privacy-first design, a machine-readable open registry of ethical standards, and the creation of 'heirloom-quality' verifiable records.
• **Impact and Evidence Plan:** Plans for specific, measurable pilots and targeted outreach to certification bodies and university sustainability offices to validate demand and utility.
• **Risk Awareness and Mitigation:** Implicitly addresses technical and adoption risks through planned technical tests, controlled pilots, and partnership outreach to establish credibility.

**Project A Cons:**
• **Clarity of Value Proposition:** The connection between the core 'digital fingerprint' technology and the distinct 'heirloom-quality goods' mentioned in the Distinctiveness section is somewhat unclear and potentially conflates a platform with a physical product.
• **Market Size and Demand:** While problems are identified, the initial target user (procurement teams in certified companies) may be a narrow beachhead with high sales friction.
• **Feasibility and Development Plan:** The plan is exploratory ('plans to explore') and involves multiple parallel development tracks (widget, registry, pilots), which could dilute focus and resources.
• **Revenue Model and Sustainability:** The subscription model's value proposition and pricing are not defined; success depends entirely on proving value during the free trial, which is risky.
• **Differentiation:** The 'heirloom-quality goods' differentiator seems disconnected from the described SaaS platform, creating potential brand confusion. Competition from established supply chain traceability solutions is not addressed.
• **Impact and Evidence Plan:** All evidence is planned; there is no mention of existing traction, prototypes, or committed partners, making the impact hypothetical.
• **Risk Awareness and Mitigation:** Major risks like achieving critical mass in the ledger/registry, competing with incumbents, and changing regulatory landscapes are not explicitly discussed.

**Project B Pros:**
• Identical to Project A Pros.

**Project B Cons:**
• Identical to Project A Cons.

Given the projects are verbatim copies, there is no basis for differentiation. The 'winner' is arbitrarily assigned as Project A, as it is listed first."
"local","12","3","L12.3","1","L12.1","L12.3","plan_3","PROJECT A PROS:\n• Excellent clarity of value proposition with specific examples (ethical sourcing events, matching gift programs)\n• Strong market awareness of sustainability certification demand and regulatory requirements\n• Detailed, phased development plan with specific pilot tests (widget technical test, single-nonprofit pilot, organic product pilot)\n• Clear revenue model with defined metrics for trial success measurement\n• Strong differentiation through machine-readable registry of ethical standards and semantic clarity\n• Comprehensive evidence plan with targeted outreach to certification bodies and university sustainability offices\n• Good risk awareness shown through planned technical validation before pilot deployment\n\nPROJECT A CONS:\n• Somewhat complex solution with multiple components (fingerprinting, ledger, widget, registry)\n• Revenue model relies heavily on subscription adoption by brands/suppliers\n• Initial user acquisition may be challenging given enterprise focus\n\nPROJECT B PROS:\n• Identical strong value proposition as Project A\n• Same market understanding and target users\n• Same privacy-first delivery model\n\nPROJECT B CONS:\n• The description is identical to Project A in all sections, suggesting it may be a duplicate submission or lacks original thinking\n• No additional specificity or evidence beyond what's in Project A\n• No unique advantages or differentiation from Project A\n• No independent validation or testing plans beyond what's already described\n\nBoth projects describe the exact same venture with identical wording throughout all sections. Since they are substantively identical, Project A wins by default as it appears first. However, if these are meant to be different projects, Project B shows no evidence of independent thought, planning, or execution beyond copying Project A's description. This suggests Project A's team has done more thorough planning or Project B's submission is incomplete/duplicative."
"local","12","3","L12.3","2","L12.2","L12.3","plan_3","{
  ""Project A"": {
    ""pros"": [
      ""• Clear value proposition: Privacy-first digital fingerprinting for ethical sourcing events with tamper-proof ledger anchoring addresses greenwashing concerns directly."",
      ""• Strong market demand: Targets growing need for supply chain transparency from brands, consumers, and regulatory bodies."",
      ""• Thoughtful development plan: Includes technical alpha test, single-nonprofit pilot, and controlled agricultural product pilot for organic standard validation."",
      ""• Sustainable revenue model: Subscription service for brands/suppliers with 90-day free trial and clear success metrics."",
      ""• Good differentiation: Combines heirloom-quality goods with digital provenance and machine-readable ethical standards registry."",
      ""• Solid evidence plan: Multiple validation steps including certification body outreach and university matching gift program exploration."",
      ""• Risk awareness: Acknowledges need for technical validation before pilots and explores integration challenges.""
    ],
    ""cons"": [
      ""• Overly ambitious scope: Attempting to address both ethical sourcing AND charitable donations/matching gifts simultaneously."",
      ""• Complex implementation: Requires building multiple components (ledger, widget, registry, witness network) simultaneously."",
      ""• Market validation uncertainty: No clear evidence of existing demand or pilot results despite detailed plans."",
      ""• Revenue model risk: Subscription model depends on convincing both suppliers AND brands to pay, creating chicken-and-egg problem."",
      ""• Integration challenges: University HR portal integration mentioned but likely complex and time-consuming.""
    ]
  },
  ""Project B"": {
    ""pros"": [
      ""• Identical strong value proposition to Project A: Privacy-first digital fingerprinting for ethical sourcing with tamper-proof ledger."",
      ""• Same market opportunity: Addresses identical growing demand for supply chain transparency."",
      ""• Identical development approach: Same technical validation, nonprofit pilot, and agricultural product pilot plans."",
      ""• Same revenue model: Subscription service with 90-day trial and clear metrics."",
      ""• Same differentiation strategy: Heirloom-quality goods with digital provenance and machine-readable standards registry."",
      ""• Same evidence collection: Certification body outreach and university matching gift program exploration."",
      ""• Same risk awareness: Technical validation before pilots and integration considerations.""
    ],
    ""cons"": [
      ""• Identical scope concerns: Same dual focus on ethical sourcing AND charitable donations creates focus dilution."",
      ""• Same implementation complexity: Building multiple components simultaneously."",
      ""• Same market validation gaps: No actual evidence beyond planned validation."",
      ""• Same revenue model risks: Chicken-and-egg problem between suppliers and brands."",
      ""• Same integration challenges: University HR portal integration complexity."",
      ""• CRITICAL ISSUE: Project B appears to be an exact duplicate of Project A in all substantive aspects, suggesting either an error in submission or lack of original thinking.""
    ]
  },
  ""Comparison"": ""Both projects are substantively identical in every criterion: same value proposition, same market, same development plan, same revenue model, same differentiation, same evidence plans, and same risk awareness. The only difference appears to be in name only. Since no meaningful distinction exists between the projects, the assessment must consider whether this duplication represents an error or strategic issue."",
  ""Evaluation"": ""Given the identical content, neither project demonstrates superior execution or planning. However, as a venture capital analyst, I must assess based on what's presented. Since Project A is presented first and there's no substantive difference, Project A receives the default advantage. The duplication itself is concerning and would require clarification in real due diligence.""
}"
"local","12","3","L12.3","4","L12.4","L12.3","plan_3","PROJECT A: Pros: • Clear, specific value proposition focused on verifiable digital fingerprints for ethical sourcing • Identifies concrete market segments (procurement teams, sustainability programs) with regulatory/certification needs • Detailed development plan with phased testing (technical alpha, nonprofit pilot, agricultural product pilot) • Subscription revenue model with clear trial metrics and enterprise upgrade potential • Strong differentiation through machine-readable registry of ethical standards and heirloom-quality goods concept • Good impact plan with specific outreach to certification bodies and university sustainability offices • Recognizes technical and adoption risks with mitigation through phased pilots and partnerships. Cons: • Market size quantification missing • Complex technical implementation with multiple components (ledger, widget, registry, witness network) • Revenue model relies heavily on B2B adoption which can be slow • No mention of competitive landscape analysis. PROJECT B: Pros: • Identical strong value proposition as Project A • Same clear market segmentation and use cases • Identical detailed development plan with phased testing • Same subscription revenue model with trial metrics • Same strong differentiation points • Same impact and outreach plans • Same risk awareness through phased approach. Cons: • All content is identical to Project A, suggesting this may be a duplicate submission or lack of independent thought • No unique strengths or weaknesses to distinguish it • Potential lack of originality in analysis or execution planning. Both projects present identical content across all sections. Since they are indistinguishable in substance, the assessment must be based on the presentation. Project A appears first and is therefore the reference point. Project B shows no differentiation or improvement, making it effectively a copy. In venture analysis, originality and independent execution capability matter. A duplicate submission suggests either an error or lack of independent strategic thinking. Therefore, Project A wins by default as the original presentation of these ideas."
"local","12","3","L12.3","5","L12.5","L12.3","plan_3","{""Project A"": {""pros"": [""• Clear value proposition: Privacy-first platform for verifiable ethical sourcing proof with specific use cases (matching gift programs, supply chain validation)."", ""• Strong market demand: Addresses growing need for trustworthy sustainability claims among brands, consumers, and certification programs."", ""• Detailed development plan: Includes specific pilot tests (widget technical test, single-nonprofit pilot), foundational registry creation, and targeted outreach to certification bodies."", ""• Clear revenue model: Subscription service for brands/suppliers with 90-day free trial and defined success metrics."", ""• Good differentiation: Combines heirloom-quality goods with digital provenance proof and proposes machine-readable registry of ethical standards."", ""• Strong evidence plan: Proposes concrete pilot tests, outreach to specific organizations (Fair Trade International, university sustainability offices), and integration tests."", ""• Good risk awareness: Acknowledges need for technical validation, user adoption, and partnership development with mitigation steps.""], ""cons"": [""• Complex solution with multiple components (fingerprinting, ledger, widget, registry) may face integration challenges."", ""• Revenue model relies heavily on brand/supplier adoption which may be slow in regulated industries."", ""• Matching gift program use case seems secondary and may dilute focus from core ethical sourcing proposition."", ""• No mention of existing traction or completed development milestones.""]}, ""Project B"": {""pros"": [""• Identical strong value proposition to Project A: Privacy-first platform for verifiable ethical sourcing proof."", ""• Same strong market demand addressing sustainability verification needs."", ""• Identical detailed development plan with specific pilot tests and outreach strategies."", ""• Same clear revenue model with subscription service and trial period."", ""• Same good differentiation through heirloom-quality goods combined with digital provenance."", ""• Same strong evidence plan with concrete pilot tests and partnership outreach."", ""• Same good risk awareness with mitigation strategies.""], ""cons"": [""• All cons identical to Project A: complex solution, slow adoption risk, diluted focus on matching gift programs, no existing traction."", ""• Project description is word-for-word identical to Project A in all sections, suggesting either a duplicate submission or lack of original thinking.""]}}"
"local","12","4","L12.4","0","L9.4","tie","tie","Exact same normalized text; skipped LLM call."
"local","12","4","L12.4","1","L12.1","tie","tie","Exact same normalized text; skipped LLM call."
"local","12","4","L12.4","2","L12.2","tie","tie","Exact same normalized text; skipped LLM call."
"local","12","4","L12.4","3","L12.3","L12.4","plan_4","Both projects are identical in their descriptions, presenting the same solution, target market, revenue model, and development plan. They share identical strengths and weaknesses across all criteria:

PROJECT A & B (Identical):
Pros:
• Clear value proposition: Privacy-first verifiable digital fingerprints for ethical sourcing provide indisputable proof of provenance while protecting sensitive data.
• Large market potential: Addresses growing demand for supply chain transparency from both brands and consumers, with regulatory tailwinds for sustainability reporting.
• Thoughtful development plan: Includes phased testing with technical alpha, nonprofit pilot, and specific use case validation (organic agricultural product).
• Clear revenue model: Subscription service for brands/suppliers with free trial period and measurable success metrics.
• Strong differentiation: Combines tamper-proof ledger with machine-readable registry of ethical standards, creating semantic clarity missing from current solutions.
• Good impact measurement plan: Specific metrics planned for pilot (widget engagement, fingerprinting events, verification checks).
• Risk awareness: Shows understanding of trust challenges and proposes decentralized witness network for additional verification.

Cons:
• Market validation assumptions: While outreach plans exist, no evidence of actual partnerships or pilot results.
• Implementation complexity: Building both the ledger system and standards registry requires significant technical and industry coordination.
• Revenue model dependency: Success depends on convincing brands to pay for subscription before network effects are established.
• Competition risk: Blockchain-based provenance solutions exist, though differentiation is claimed.
• Two-sided market challenge: Needs to attract both suppliers and brands simultaneously.
• No evidence of completed development: All plans are future-oriented with no demonstrated technical execution.
• No quantified evidence: No user numbers, partnership confirmations, or pilot results provided.

Since both projects are identical in every aspect described, there is no basis for differentiation. The evaluation must treat them as equivalent proposals with the same strengths and weaknesses."
"local","12","4","L12.4","5","L12.5","tie","tie","Exact same normalized text; skipped LLM call."
"local","12","5","L12.5","0","L9.4","tie","tie","Exact same normalized text; skipped LLM call."
"local","12","5","L12.5","1","L12.1","tie","tie","Exact same normalized text; skipped LLM call."
"local","12","5","L12.5","2","L12.2","tie","tie","Exact same normalized text; skipped LLM call."
"local","12","5","L12.5","3","L12.3","L12.5","plan_5","{""Project A"": {""pros"": [""• Clarity of value proposition: Clear, concise one-sentence summary effectively communicates the core offering of verifiable digital fingerprints for ethical sourcing anchored to a tamper-proof ledger.\n• Market size and demand: Identifies a compelling problem in digital authenticity and ethical sourcing, with specific target users (procurement teams, brands, consumers) and use cases (supplier discovery, provenance verification, certification compliance).\n• Feasibility and development plan: Outlines a structured, phased approach including technical alpha tests, a limited pilot with a single nonprofit, and a foundational registry development. Shows awareness of iterative validation.\n• Revenue model and sustainability: Proposes a subscription service for brands/suppliers with a 90-day free trial and clear success metrics (events fingerprinted, active profiles, verification checks). Explores optional enterprise upgrades.\n• Differentiation: Focuses on 'heirloom-quality goods' with enduring digital proof and a machine-readable, open registry of ethical standards. Aims for semantic clarity and auditability beyond simple provenance.\n• Impact and evidence plan: Plans to measure user engagement (clicks, verifications) in the nonprofit pilot and track partner metrics during the trial. Proposes outreach to certification bodies (e.g., Fair Trade International) for partnership.\n• Risk awareness and mitigation: Implicitly addresses privacy risks via a 'privacy-first' design that avoids storing sensitive raw data. Plans controlled pilots to validate technology and workflows.""], ""cons"": [""• Clarity of value proposition: The one-sentence summary is strong but the subsequent description occasionally conflates charitable/donation use cases with ethical sourcing, which could dilute the core message.\n• Market size and demand: While the problem is broad, the initial focus on procurement teams and a single pilot (nonprofit blog) may be too narrow to validate broader market demand quickly.\n• Feasibility and development plan: Relies heavily on 'plans to explore' and 'propose' language, indicating early stage with many unvalidated assumptions. The decentralized witness network adds technical complexity.\n• Revenue model and sustainability: Subscription model depends on convincing brands/suppliers to pay for a service whose value (increased trust) may be hard to quantify initially. No clear pricing strategy or customer acquisition cost analysis.\n• Differentiation: The 'heirloom-quality goods' angle seems somewhat disconnected from the core platform technology described. Differentiation via an open registry is promising but requires broad adoption to be effective.\n• Impact and evidence plan: Evidence collection is planned but not yet executed. Partnerships with certification bodies are only proposed, not secured. Lack of concrete traction or existing testimonials.\n• Risk awareness and mitigation: Does not explicitly address key risks such as competition from existing blockchain provenance solutions, regulatory challenges, or the chicken-and-egg problem of network effects.""]}, ""Project B"": {""pros"": [""• Clarity of value proposition: Identical to Project A's strong one-sentence summary, clearly articulating the privacy-first, verifiable provenance value proposition.\n• Market size and demand: Same as Project A: addresses a significant problem in digital authenticity and ethical sourcing, with well-defined target users and use cases.\n• Feasibility and development plan: Same structured, phased approach as Project A, including technical alpha, nonprofit pilot, and foundational registry. Shows methodological rigor.\n• Revenue model and sustainability: Identical to Project A's subscription model with trial period and metrics. Potentially sustainable if adoption is achieved.\n• Differentiation: Same as Project A: emphasizes heirloom-quality goods with enduring digital proof and the machine-readable open registry for semantic clarity.\n• Impact and evidence plan: Same planned metrics and partnership outreach as Project A, indicating a thoughtful approach to validation and ecosystem building.\n• Risk awareness and mitigation: Same privacy-by-design approach and controlled pilot strategy as Project A, showing awareness of technical and validation risks.""], ""cons"": [""• Clarity of value proposition: The description is identical to Project A, including the same occasional conflation of charitable and ethical sourcing use cases, which may indicate a lack of focused positioning.\n• Market size and demand: Shares the same potential narrowness in initial focus as Project A. The market validation is still prospective.\n• Feasibility and development plan: Identical to Project A, with the same reliance on exploratory language and unproven technical components (decentralized witness network).\n• Revenue model and sustainability: Same uncertainties as Project A regarding willingness-to-pay and customer acquisition.\n• Differentiation: Identical to Project A, including the same potential disconnect between the 'heirloom-quality goods' narrative and the core platform technology.\n• Impact and evidence plan: Same as Project A: all evidence is planned, not yet gathered. No demonstrated traction or partnerships.\n• Risk awareness and mitigation: Identical to Project A, lacking explicit discussion of competition, regulation, or network effects risks.""]}}"
"local","12","5","L12.5","4","L12.4","tie","tie","Exact same normalized text; skipped LLM call."
