2026-08-08 08:47:26.826 Entrant g12-s05-parent (step-12 rank 4) duplicates an existing plan; skipped.
2026-08-08 08:47:26.827 Held-out championship: 64 plans, 4032 matches (evolved champion + local final + all 30 originals)...
2026-08-08 08:47:26.830   Evaluator (deepseek-v3.2): incumbent vs alt 1 (parse attempt 1) -> CACHE (3285 chars)
2026-08-08 08:47:26.830   Evaluator (deepseek-v3.2): incumbent vs alt 2 (parse attempt 1) -> CACHE (2890 chars)
2026-08-08 08:47:26.830   Evaluator (deepseek-v3.2): incumbent vs alt 3 (parse attempt 1) -> CACHE (2084 chars)
2026-08-08 08:47:26.830   Evaluator (deepseek-v3.2): incumbent vs alt 4 (parse attempt 1) -> CACHE (2457 chars)
2026-08-08 08:47:26.831   Evaluator (deepseek-v3.2): incumbent vs alt 5 (parse attempt 1) -> CACHE (4162 chars)
2026-08-08 08:47:26.831   Evaluator (deepseek-v3.2): incumbent vs alt 6 (parse attempt 1) -> CACHE (2666 chars)
2026-08-08 08:47:26.831   Evaluator (deepseek-v3.2): incumbent vs alt 7 (parse attempt 1) -> CACHE (2961 chars)
2026-08-08 08:47:26.831   Evaluator (deepseek-v3.2): incumbent vs alt 8 (parse attempt 1) -> CACHE (3542 chars)
2026-08-08 08:47:26.831   Evaluator (deepseek-v3.2): incumbent vs alt 9 (parse attempt 1) -> CACHE (2152 chars)
2026-08-08 08:47:26.832   Evaluator (deepseek-v3.2): incumbent vs alt 10 (parse attempt 1) -> CACHE (2786 chars)
2026-08-08 08:47:26.832   Evaluator (deepseek-v3.2): incumbent vs alt 11 (parse attempt 1) -> CACHE (2925 chars)
2026-08-08 08:47:26.832   Evaluator (deepseek-v3.2): incumbent vs alt 12 (parse attempt 1) -> CACHE (3700 chars)
2026-08-08 08:47:26.832   Evaluator (deepseek-v3.2): incumbent vs alt 13 (parse attempt 1) -> CACHE (2189 chars)
2026-08-08 08:47:26.832   Evaluator (deepseek-v3.2): incumbent vs alt 14 (parse attempt 1) -> CACHE (2556 chars)
2026-08-08 08:47:26.833   Evaluator (deepseek-v3.2): incumbent vs alt 15 (parse attempt 1) -> CACHE (2685 chars)
2026-08-08 08:47:26.833   Evaluator (deepseek-v3.2): incumbent vs alt 16 (parse attempt 1) -> CACHE (3216 chars)
2026-08-08 08:47:26.833   Evaluator (deepseek-v3.2): incumbent vs alt 17 (parse attempt 1) -> CACHE (2383 chars)
2026-08-08 08:47:26.833   Evaluator (deepseek-v3.2): incumbent vs alt 18 (parse attempt 1) -> CACHE (2945 chars)
2026-08-08 08:47:26.833   Evaluator (deepseek-v3.2): incumbent vs alt 19 (parse attempt 1) -> CACHE (3816 chars)
2026-08-08 08:47:26.833   Evaluator (deepseek-v3.2): incumbent vs alt 20 (parse attempt 1) -> CACHE (2200 chars)
2026-08-08 08:47:26.834   Evaluator (deepseek-v3.2): incumbent vs alt 21 (parse attempt 1) -> CACHE (3444 chars)
2026-08-08 08:47:26.834   Evaluator (deepseek-v3.2): incumbent vs alt 22 (parse attempt 1) -> CACHE (4799 chars)
2026-08-08 08:47:26.834 JSON parse failed (attempt 1/5): 'winner'
2026-08-08 08:47:26.834   Evaluator (deepseek-v3.2): incumbent vs alt 22 (parse attempt 2) -> CACHE (3410 chars)
2026-08-08 08:47:26.834   Evaluator (deepseek-v3.2): incumbent vs alt 23 (parse attempt 1) -> CACHE (3630 chars)
2026-08-08 08:47:26.834   Evaluator (deepseek-v3.2): incumbent vs alt 24 (parse attempt 1) -> CACHE (4448 chars)
2026-08-08 08:47:26.834 JSON parse failed (attempt 1/5): 'winner'
2026-08-08 08:47:26.835   Evaluator (deepseek-v3.2): incumbent vs alt 24 (parse attempt 2) -> CACHE (1868 chars)
2026-08-08 08:47:26.835   Evaluator (deepseek-v3.2): incumbent vs alt 25 (parse attempt 1) -> CACHE (2858 chars)
2026-08-08 08:47:26.835   Evaluator (deepseek-v3.2): incumbent vs alt 26 (parse attempt 1) -> CACHE (2450 chars)
2026-08-08 08:47:26.835   Evaluator (deepseek-v3.2): incumbent vs alt 27 (parse attempt 1) -> CACHE (2383 chars)
2026-08-08 08:47:26.835   Evaluator (deepseek-v3.2): incumbent vs alt 28 (parse attempt 1) -> CACHE (3623 chars)
2026-08-08 08:47:26.835   Evaluator (deepseek-v3.2): incumbent vs alt 29 (parse attempt 1) -> CACHE (2237 chars)
2026-08-08 08:47:26.836   Evaluator (deepseek-v3.2): incumbent vs alt 30 (parse attempt 1) -> CACHE (3060 chars)
2026-08-08 08:47:26.836   Evaluator (deepseek-v3.2): incumbent vs alt 31 (parse attempt 1) -> CACHE (2924 chars)
2026-08-08 08:47:26.836   Evaluator (deepseek-v3.2): incumbent vs alt 32 (parse attempt 1) -> CACHE (3503 chars)
2026-08-08 08:47:26.836 JSON parse failed (attempt 1/5): 'winner'
2026-08-08 08:47:26.836   Evaluator (deepseek-v3.2): incumbent vs alt 32 (parse attempt 2) -> CACHE (3555 chars)
2026-08-08 08:47:26.836   Evaluator (deepseek-v3.2): incumbent vs alt 33 (parse attempt 1) -> CACHE (2541 chars)
2026-08-08 08:47:26.837   Evaluator (deepseek-v3.2): incumbent vs alt 34 (parse attempt 1) -> CACHE (3120 chars)
2026-08-08 08:47:26.874   Evaluator (deepseek-v3.2): alt 1 vs incumbent (parse attempt 1) -> CACHE (4667 chars)
2026-08-08 08:47:26.874 JSON parse failed (attempt 1/5): 'winner'
2026-08-08 08:47:26.875   Evaluator (deepseek-v3.2): alt 1 vs incumbent (parse attempt 2) -> CACHE (3530 chars)
2026-08-08 08:47:26.875   Evaluator (deepseek-v3.2): alt 1 vs alt 2 (parse attempt 1) -> CACHE (3954 chars)
2026-08-08 08:47:26.875   Evaluator (deepseek-v3.2): alt 1 vs alt 3 (parse attempt 1) -> CACHE (3063 chars)
2026-08-08 08:47:26.875   Evaluator (deepseek-v3.2): alt 1 vs alt 4 (parse attempt 1) -> CACHE (2800 chars)
2026-08-08 08:47:26.876   Evaluator (deepseek-v3.2): alt 1 vs alt 5 (parse attempt 1) -> CACHE (2306 chars)
2026-08-08 08:47:26.876   Evaluator (deepseek-v3.2): alt 1 vs alt 6 (parse attempt 1) -> CACHE (1861 chars)
2026-08-08 08:47:26.876   Evaluator (deepseek-v3.2): alt 1 vs alt 7 (parse attempt 1) -> CACHE (3910 chars)
2026-08-08 08:47:26.876   Evaluator (deepseek-v3.2): alt 1 vs alt 8 (parse attempt 1) -> CACHE (2881 chars)
2026-08-08 08:47:26.876   Evaluator (deepseek-v3.2): alt 1 vs alt 9 (parse attempt 1) -> CACHE (2439 chars)
2026-08-08 08:47:26.877   Evaluator (deepseek-v3.2): alt 1 vs alt 10 (parse attempt 1) -> CACHE (3865 chars)
2026-08-08 08:47:26.877   Evaluator (deepseek-v3.2): alt 1 vs alt 11 (parse attempt 1) -> CACHE (2957 chars)
2026-08-08 08:47:26.877   Evaluator (deepseek-v3.2): alt 1 vs alt 12 (parse attempt 1) -> CACHE (4203 chars)
2026-08-08 08:47:26.877   Evaluator (deepseek-v3.2): alt 1 vs alt 13 (parse attempt 1) -> CACHE (3723 chars)
2026-08-08 08:47:26.878   Evaluator (deepseek-v3.2): alt 1 vs alt 14 (parse attempt 1) -> CACHE (2787 chars)
2026-08-08 08:47:26.878   Evaluator (deepseek-v3.2): alt 1 vs alt 15 (parse attempt 1) -> CACHE (2207 chars)
2026-08-08 08:47:26.878   Evaluator (deepseek-v3.2): alt 1 vs alt 16 (parse attempt 1) -> CACHE (3550 chars)
2026-08-08 08:47:26.878   Evaluator (deepseek-v3.2): alt 1 vs alt 17 (parse attempt 1) -> CACHE (2042 chars)
2026-08-08 08:47:26.878   Evaluator (deepseek-v3.2): alt 1 vs alt 18 (parse attempt 1) -> CACHE (3741 chars)
2026-08-08 08:47:26.879   Evaluator (deepseek-v3.2): alt 1 vs alt 19 (parse attempt 1) -> CACHE (3144 chars)
2026-08-08 08:47:26.879   Evaluator (deepseek-v3.2): alt 1 vs alt 20 (parse attempt 1) -> CACHE (2341 chars)
2026-08-08 08:47:26.879   Evaluator (deepseek-v3.2): alt 1 vs alt 21 (parse attempt 1) -> CACHE (4057 chars)
2026-08-08 08:47:26.879   Evaluator (deepseek-v3.2): alt 1 vs alt 22 (parse attempt 1) -> CACHE (3158 chars)
2026-08-08 08:47:26.879   Evaluator (deepseek-v3.2): alt 1 vs alt 23 (parse attempt 1) -> CACHE (3052 chars)
2026-08-08 08:47:26.880   Evaluator (deepseek-v3.2): alt 1 vs alt 24 (parse attempt 1) -> CACHE (3588 chars)
2026-08-08 08:47:26.880   Evaluator (deepseek-v3.2): alt 1 vs alt 25 (parse attempt 1) -> CACHE (4275 chars)
2026-08-08 08:47:26.880   Evaluator (deepseek-v3.2): alt 1 vs alt 26 (parse attempt 1) -> CACHE (2688 chars)
2026-08-08 08:47:26.880   Evaluator (deepseek-v3.2): alt 1 vs alt 27 (parse attempt 1) -> CACHE (1985 chars)
2026-08-08 08:47:26.880   Evaluator (deepseek-v3.2): alt 1 vs alt 28 (parse attempt 1) -> CACHE (3620 chars)
2026-08-08 08:47:26.880   Evaluator (deepseek-v3.2): alt 1 vs alt 29 (parse attempt 1) -> CACHE (2565 chars)
2026-08-08 08:47:26.881   Evaluator (deepseek-v3.2): alt 1 vs alt 30 (parse attempt 1) -> CACHE (3959 chars)
2026-08-08 08:47:26.881   Evaluator (deepseek-v3.2): alt 1 vs alt 31 (parse attempt 1) -> CACHE (2738 chars)
2026-08-08 08:47:26.881   Evaluator (deepseek-v3.2): alt 1 vs alt 32 (parse attempt 1) -> CACHE (2922 chars)
2026-08-08 08:47:26.881   Evaluator (deepseek-v3.2): alt 1 vs alt 33 (parse attempt 1) -> CACHE (2309 chars)
2026-08-08 08:47:26.881   Evaluator (deepseek-v3.2): alt 1 vs alt 34 (parse attempt 1) -> CACHE (3141 chars)
2026-08-08 08:47:26.897   Evaluator (deepseek-v3.2): alt 2 vs incumbent (parse attempt 1) -> CACHE (2277 chars)
2026-08-08 08:47:26.897   Evaluator (deepseek-v3.2): alt 2 vs alt 1 (parse attempt 1) -> CACHE (2432 chars)
2026-08-08 08:47:26.897   Evaluator (deepseek-v3.2): alt 2 vs alt 3 (parse attempt 1) -> CACHE (3309 chars)
2026-08-08 08:47:26.897   Evaluator (deepseek-v3.2): alt 2 vs alt 4 (parse attempt 1) -> CACHE (2116 chars)
2026-08-08 08:47:26.898   Evaluator (deepseek-v3.2): alt 2 vs alt 5 (parse attempt 1) -> CACHE (4136 chars)
2026-08-08 08:47:26.898   Evaluator (deepseek-v3.2): alt 2 vs alt 6 (parse attempt 1) -> CACHE (2529 chars)
2026-08-08 08:47:26.898   Evaluator (deepseek-v3.2): alt 2 vs alt 7 (parse attempt 1) -> CACHE (2930 chars)
2026-08-08 08:47:26.898   Evaluator (deepseek-v3.2): alt 2 vs alt 8 (parse attempt 1) -> CACHE (3503 chars)
2026-08-08 08:47:26.898   Evaluator (deepseek-v3.2): alt 2 vs alt 9 (parse attempt 1) -> CACHE (1925 chars)
2026-08-08 08:47:26.899   Evaluator (deepseek-v3.2): alt 2 vs alt 10 (parse attempt 1) -> CACHE (3003 chars)
2026-08-08 08:47:26.899   Evaluator (deepseek-v3.2): alt 2 vs alt 11 (parse attempt 1) -> CACHE (2425 chars)
2026-08-08 08:47:26.899   Evaluator (deepseek-v3.2): alt 2 vs alt 12 (parse attempt 1) -> CACHE (3036 chars)
2026-08-08 08:47:26.899   Evaluator (deepseek-v3.2): alt 2 vs alt 13 (parse attempt 1) -> CACHE (2471 chars)
2026-08-08 08:47:26.899   Evaluator (deepseek-v3.2): alt 2 vs alt 14 (parse attempt 1) -> CACHE (2350 chars)
2026-08-08 08:47:26.899   Evaluator (deepseek-v3.2): alt 2 vs alt 15 (parse attempt 1) -> CACHE (2662 chars)
2026-08-08 08:47:26.900   Evaluator (deepseek-v3.2): alt 2 vs alt 16 (parse attempt 1) -> CACHE (2299 chars)
2026-08-08 08:47:26.900   Evaluator (deepseek-v3.2): alt 2 vs alt 17 (parse attempt 1) -> CACHE (3724 chars)
2026-08-08 08:47:26.900   Evaluator (deepseek-v3.2): alt 2 vs alt 18 (parse attempt 1) -> CACHE (4052 chars)
2026-08-08 08:47:26.900 JSON parse failed (attempt 1/5): 'winner'
2026-08-08 08:47:26.900   Evaluator (deepseek-v3.2): alt 2 vs alt 18 (parse attempt 2) -> CACHE (2345 chars)
2026-08-08 08:47:26.900   Evaluator (deepseek-v3.2): alt 2 vs alt 19 (parse attempt 1) -> CACHE (3381 chars)
2026-08-08 08:47:26.900   Evaluator (deepseek-v3.2): alt 2 vs alt 20 (parse attempt 1) -> CACHE (1879 chars)
2026-08-08 08:47:26.901   Evaluator (deepseek-v3.2): alt 2 vs alt 21 (parse attempt 1) -> CACHE (2723 chars)
2026-08-08 08:47:26.901   Evaluator (deepseek-v3.2): alt 2 vs alt 22 (parse attempt 1) -> CACHE (4508 chars)
2026-08-08 08:47:26.901   Evaluator (deepseek-v3.2): alt 2 vs alt 23 (parse attempt 1) -> CACHE (2732 chars)
2026-08-08 08:47:26.901   Evaluator (deepseek-v3.2): alt 2 vs alt 24 (parse attempt 1) -> CACHE (2485 chars)
2026-08-08 08:47:26.901   Evaluator (deepseek-v3.2): alt 2 vs alt 25 (parse attempt 1) -> CACHE (3150 chars)
2026-08-08 08:47:26.901   Evaluator (deepseek-v3.2): alt 2 vs alt 26 (parse attempt 1) -> CACHE (2156 chars)
2026-08-08 08:47:26.902   Evaluator (deepseek-v3.2): alt 2 vs alt 27 (parse attempt 1) -> CACHE (2886 chars)
2026-08-08 08:47:26.902   Evaluator (deepseek-v3.2): alt 2 vs alt 28 (parse attempt 1) -> CACHE (4656 chars)
2026-08-08 08:47:26.902 JSON parse failed (attempt 1/5): 'winner'
2026-08-08 08:47:26.902   Evaluator (deepseek-v3.2): alt 2 vs alt 28 (parse attempt 2) -> CACHE (3675 chars)
2026-08-08 08:47:26.902   Evaluator (deepseek-v3.2): alt 2 vs alt 29 (parse attempt 1) -> CACHE (3810 chars)
2026-08-08 08:47:26.902   Evaluator (deepseek-v3.2): alt 2 vs alt 30 (parse attempt 1) -> CACHE (4167 chars)
2026-08-08 08:47:26.902   Evaluator (deepseek-v3.2): alt 2 vs alt 31 (parse attempt 1) -> CACHE (2270 chars)
2026-08-08 08:47:26.903   Evaluator (deepseek-v3.2): alt 2 vs alt 32 (parse attempt 1) -> CACHE (4063 chars)
2026-08-08 08:47:26.903   Evaluator (deepseek-v3.2): alt 2 vs alt 33 (parse attempt 1) -> CACHE (3273 chars)
2026-08-08 08:47:26.903   Evaluator (deepseek-v3.2): alt 2 vs alt 34 (parse attempt 1) -> CACHE (2448 chars)
2026-08-08 08:47:26.907   Evaluator (deepseek-v3.2): alt 3 vs incumbent (parse attempt 1) -> CACHE (2286 chars)
2026-08-08 08:47:26.908   Evaluator (deepseek-v3.2): alt 3 vs alt 1 (parse attempt 1) -> CACHE (2280 chars)
2026-08-08 08:47:26.908   Evaluator (deepseek-v3.2): alt 3 vs alt 2 (parse attempt 1) -> CACHE (2821 chars)
2026-08-08 08:47:26.908   Evaluator (deepseek-v3.2): alt 3 vs alt 4 (parse attempt 1) -> CACHE (3648 chars)
2026-08-08 08:47:26.908   Evaluator (deepseek-v3.2): alt 3 vs alt 5 (parse attempt 1) -> CACHE (3968 chars)
2026-08-08 08:47:26.908   Evaluator (deepseek-v3.2): alt 3 vs alt 6 (parse attempt 1) -> CACHE (3234 chars)
2026-08-08 08:47:26.908   Evaluator (deepseek-v3.2): alt 3 vs alt 7 (parse attempt 1) -> CACHE (3530 chars)
2026-08-08 08:47:26.909   Evaluator (deepseek-v3.2): alt 3 vs alt 8 (parse attempt 1) -> CACHE (3075 chars)
2026-08-08 08:47:26.909   Evaluator (deepseek-v3.2): alt 3 vs alt 9 (parse attempt 1) -> CACHE (1841 chars)
2026-08-08 08:47:26.909   Evaluator (deepseek-v3.2): alt 3 vs alt 10 (parse attempt 1) -> CACHE (1914 chars)
2026-08-08 08:47:26.909   Evaluator (deepseek-v3.2): alt 3 vs alt 11 (parse attempt 1) -> CACHE (1986 chars)
2026-08-08 08:47:26.909   Evaluator (deepseek-v3.2): alt 3 vs alt 12 (parse attempt 1) -> CACHE (4086 chars)
2026-08-08 08:47:26.909   Evaluator (deepseek-v3.2): alt 3 vs alt 13 (parse attempt 1) -> CACHE (2125 chars)
2026-08-08 08:47:26.910   Evaluator (deepseek-v3.2): alt 3 vs alt 14 (parse attempt 1) -> CACHE (2149 chars)
2026-08-08 08:47:26.910   Evaluator (deepseek-v3.2): alt 3 vs alt 15 (parse attempt 1) -> CACHE (4253 chars)
2026-08-08 08:47:26.910 JSON parse failed (attempt 1/5): 'winner'
2026-08-08 08:47:26.910   Evaluator (deepseek-v3.2): alt 3 vs alt 15 (parse attempt 2) -> CACHE (3411 chars)
2026-08-08 08:47:26.910   Evaluator (deepseek-v3.2): alt 3 vs alt 16 (parse attempt 1) -> CACHE (2928 chars)
2026-08-08 08:47:26.910   Evaluator (deepseek-v3.2): alt 3 vs alt 17 (parse attempt 1) -> CACHE (3339 chars)
2026-08-08 08:47:26.910   Evaluator (deepseek-v3.2): alt 3 vs alt 18 (parse attempt 1) -> CACHE (2942 chars)
2026-08-08 08:47:26.910   Evaluator (deepseek-v3.2): alt 3 vs alt 19 (parse attempt 1) -> CACHE (3733 chars)
2026-08-08 08:47:26.911   Evaluator (deepseek-v3.2): alt 3 vs alt 20 (parse attempt 1) -> CACHE (3492 chars)
2026-08-08 08:47:26.911   Evaluator (deepseek-v3.2): alt 3 vs alt 21 (parse attempt 1) -> CACHE (2061 chars)
2026-08-08 08:47:26.911   Evaluator (deepseek-v3.2): alt 3 vs alt 22 (parse attempt 1) -> CACHE (2845 chars)
2026-08-08 08:47:26.911   Evaluator (deepseek-v3.2): alt 3 vs alt 23 (parse attempt 1) -> CACHE (2680 chars)
2026-08-08 08:47:26.911   Evaluator (deepseek-v3.2): alt 3 vs alt 24 (parse attempt 1) -> CACHE (2028 chars)
2026-08-08 08:47:26.911   Evaluator (deepseek-v3.2): alt 3 vs alt 25 (parse attempt 1) -> CACHE (1977 chars)
2026-08-08 08:47:26.912   Evaluator (deepseek-v3.2): alt 3 vs alt 26 (parse attempt 1) -> CACHE (3325 chars)
2026-08-08 08:47:26.912   Evaluator (deepseek-v3.2): alt 3 vs alt 27 (parse attempt 1) -> CACHE (4073 chars)
2026-08-08 08:47:26.912 JSON parse failed (attempt 1/5): 'winner'
2026-08-08 08:47:26.912   Evaluator (deepseek-v3.2): alt 3 vs alt 27 (parse attempt 2) -> CACHE (3843 chars)
2026-08-08 08:47:26.912   Evaluator (deepseek-v3.2): alt 3 vs alt 28 (parse attempt 1) -> CACHE (1551 chars)
2026-08-08 08:47:26.912   Evaluator (deepseek-v3.2): alt 3 vs alt 29 (parse attempt 1) -> CACHE (2490 chars)
2026-08-08 08:47:26.912   Evaluator (deepseek-v3.2): alt 3 vs alt 30 (parse attempt 1) -> CACHE (2531 chars)
2026-08-08 08:47:26.912   Evaluator (deepseek-v3.2): alt 3 vs alt 31 (parse attempt 1) -> CACHE (2101 chars)
2026-08-08 08:47:26.913   Evaluator (deepseek-v3.2): alt 3 vs alt 32 (parse attempt 1) -> CACHE (3528 chars)
2026-08-08 08:47:26.913   Evaluator (deepseek-v3.2): alt 3 vs alt 33 (parse attempt 1) -> CACHE (4826 chars)
2026-08-08 08:47:26.913   Evaluator (deepseek-v3.2): alt 3 vs alt 34 (parse attempt 1) -> CACHE (2305 chars)
2026-08-08 08:47:26.917   Evaluator (deepseek-v3.2): alt 4 vs incumbent (parse attempt 1) -> CACHE (2450 chars)
2026-08-08 08:47:26.917   Evaluator (deepseek-v3.2): alt 4 vs alt 1 (parse attempt 1) -> CACHE (2486 chars)
2026-08-08 08:47:26.917   Evaluator (deepseek-v3.2): alt 4 vs alt 2 (parse attempt 1) -> CACHE (3433 chars)
2026-08-08 08:47:26.918   Evaluator (deepseek-v3.2): alt 4 vs alt 3 (parse attempt 1) -> CACHE (2177 chars)
2026-08-08 08:47:26.918   Evaluator (deepseek-v3.2): alt 4 vs alt 5 (parse attempt 1) -> CACHE (3364 chars)
2026-08-08 08:47:26.918   Evaluator (deepseek-v3.2): alt 4 vs alt 6 (parse attempt 1) -> CACHE (3556 chars)
2026-08-08 08:47:26.918   Evaluator (deepseek-v3.2): alt 4 vs alt 7 (parse attempt 1) -> CACHE (2279 chars)
2026-08-08 08:47:26.918   Evaluator (deepseek-v3.2): alt 4 vs alt 8 (parse attempt 1) -> CACHE (3716 chars)
2026-08-08 08:47:26.918   Evaluator (deepseek-v3.2): alt 4 vs alt 9 (parse attempt 1) -> CACHE (2766 chars)
2026-08-08 08:47:26.919   Evaluator (deepseek-v3.2): alt 4 vs alt 10 (parse attempt 1) -> CACHE (3365 chars)
2026-08-08 08:47:26.919   Evaluator (deepseek-v3.2): alt 4 vs alt 11 (parse attempt 1) -> CACHE (3755 chars)
2026-08-08 08:47:26.919   Evaluator (deepseek-v3.2): alt 4 vs alt 12 (parse attempt 1) -> CACHE (2891 chars)
2026-08-08 08:47:26.919   Evaluator (deepseek-v3.2): alt 4 vs alt 13 (parse attempt 1) -> CACHE (2422 chars)
2026-08-08 08:47:26.919   Evaluator (deepseek-v3.2): alt 4 vs alt 14 (parse attempt 1) -> CACHE (3466 chars)
2026-08-08 08:47:26.920   Evaluator (deepseek-v3.2): alt 4 vs alt 15 (parse attempt 1) -> CACHE (2053 chars)
2026-08-08 08:47:26.920   Evaluator (deepseek-v3.2): alt 4 vs alt 16 (parse attempt 1) -> CACHE (3410 chars)
2026-08-08 08:47:26.920   Evaluator (deepseek-v3.2): alt 4 vs alt 17 (parse attempt 1) -> CACHE (3199 chars)
2026-08-08 08:47:26.920   Evaluator (deepseek-v3.2): alt 4 vs alt 18 (parse attempt 1) -> CACHE (3403 chars)
2026-08-08 08:47:26.920   Evaluator (deepseek-v3.2): alt 4 vs alt 19 (parse attempt 1) -> CACHE (3405 chars)
2026-08-08 08:47:26.920   Evaluator (deepseek-v3.2): alt 4 vs alt 20 (parse attempt 1) -> CACHE (2796 chars)
2026-08-08 08:47:26.921   Evaluator (deepseek-v3.2): alt 4 vs alt 21 (parse attempt 1) -> CACHE (3025 chars)
2026-08-08 08:47:26.921   Evaluator (deepseek-v3.2): alt 4 vs alt 22 (parse attempt 1) -> CACHE (5278 chars)
2026-08-08 08:47:26.921   Evaluator (deepseek-v3.2): alt 4 vs alt 23 (parse attempt 1) -> CACHE (3530 chars)
2026-08-08 08:47:26.921 JSON parse failed (attempt 1/5): Extra data: line 1 column 3530 (char 3529)
2026-08-08 08:47:26.921   Evaluator (deepseek-v3.2): alt 4 vs alt 23 (parse attempt 2) -> CACHE (3497 chars)
2026-08-08 08:47:26.921   Evaluator (deepseek-v3.2): alt 4 vs alt 24 (parse attempt 1) -> CACHE (4263 chars)
2026-08-08 08:47:26.922   Evaluator (deepseek-v3.2): alt 4 vs alt 25 (parse attempt 1) -> CACHE (1968 chars)
2026-08-08 08:47:26.922   Evaluator (deepseek-v3.2): alt 4 vs alt 26 (parse attempt 1) -> CACHE (2685 chars)
2026-08-08 08:47:26.922   Evaluator (deepseek-v3.2): alt 4 vs alt 27 (parse attempt 1) -> CACHE (3209 chars)
2026-08-08 08:47:26.922   Evaluator (deepseek-v3.2): alt 4 vs alt 28 (parse attempt 1) -> CACHE (2325 chars)
2026-08-08 08:47:26.922   Evaluator (deepseek-v3.2): alt 4 vs alt 29 (parse attempt 1) -> CACHE (2473 chars)
2026-08-08 08:47:26.922   Evaluator (deepseek-v3.2): alt 4 vs alt 30 (parse attempt 1) -> CACHE (4051 chars)
2026-08-08 08:47:26.922   Evaluator (deepseek-v3.2): alt 4 vs alt 31 (parse attempt 1) -> CACHE (3146 chars)
2026-08-08 08:47:26.923   Evaluator (deepseek-v3.2): alt 4 vs alt 32 (parse attempt 1) -> CACHE (3317 chars)
2026-08-08 08:47:26.923   Evaluator (deepseek-v3.2): alt 4 vs alt 33 (parse attempt 1) -> CACHE (4272 chars)
2026-08-08 08:47:26.923   Evaluator (deepseek-v3.2): alt 4 vs alt 34 (parse attempt 1) -> CACHE (3397 chars)
2026-08-08 08:47:26.927   Evaluator (deepseek-v3.2): alt 5 vs incumbent (parse attempt 1) -> CACHE (3379 chars)
2026-08-08 08:47:26.927   Evaluator (deepseek-v3.2): alt 5 vs alt 1 (parse attempt 1) -> CACHE (3397 chars)
2026-08-08 08:47:26.927   Evaluator (deepseek-v3.2): alt 5 vs alt 2 (parse attempt 1) -> CACHE (2726 chars)
2026-08-08 08:47:26.927   Evaluator (deepseek-v3.2): alt 5 vs alt 3 (parse attempt 1) -> CACHE (3228 chars)
2026-08-08 08:47:26.928   Evaluator (deepseek-v3.2): alt 5 vs alt 4 (parse attempt 1) -> CACHE (2490 chars)
2026-08-08 08:47:26.928   Evaluator (deepseek-v3.2): alt 5 vs alt 6 (parse attempt 1) -> CACHE (3196 chars)
2026-08-08 08:47:26.928   Evaluator (deepseek-v3.2): alt 5 vs alt 7 (parse attempt 1) -> CACHE (3082 chars)
2026-08-08 08:47:26.928   Evaluator (deepseek-v3.2): alt 5 vs alt 8 (parse attempt 1) -> CACHE (3475 chars)
2026-08-08 08:47:26.928   Evaluator (deepseek-v3.2): alt 5 vs alt 9 (parse attempt 1) -> CACHE (2485 chars)
2026-08-08 08:47:26.928   Evaluator (deepseek-v3.2): alt 5 vs alt 10 (parse attempt 1) -> CACHE (3286 chars)
2026-08-08 08:47:26.929   Evaluator (deepseek-v3.2): alt 5 vs alt 11 (parse attempt 1) -> CACHE (2524 chars)
2026-08-08 08:47:26.929   Evaluator (deepseek-v3.2): alt 5 vs alt 12 (parse attempt 1) -> CACHE (2602 chars)
2026-08-08 08:47:26.929   Evaluator (deepseek-v3.2): alt 5 vs alt 13 (parse attempt 1) -> CACHE (2645 chars)
2026-08-08 08:47:26.929   Evaluator (deepseek-v3.2): alt 5 vs alt 14 (parse attempt 1) -> CACHE (3821 chars)
2026-08-08 08:47:26.929   Evaluator (deepseek-v3.2): alt 5 vs alt 15 (parse attempt 1) -> CACHE (3189 chars)
2026-08-08 08:47:26.929   Evaluator (deepseek-v3.2): alt 5 vs alt 16 (parse attempt 1) -> CACHE (3032 chars)
2026-08-08 08:47:26.930   Evaluator (deepseek-v3.2): alt 5 vs alt 17 (parse attempt 1) -> CACHE (2150 chars)
2026-08-08 08:47:26.930   Evaluator (deepseek-v3.2): alt 5 vs alt 18 (parse attempt 1) -> CACHE (2047 chars)
2026-08-08 08:47:26.930   Evaluator (deepseek-v3.2): alt 5 vs alt 19 (parse attempt 1) -> CACHE (3306 chars)
2026-08-08 08:47:26.930   Evaluator (deepseek-v3.2): alt 5 vs alt 20 (parse attempt 1) -> CACHE (2146 chars)
2026-08-08 08:47:26.931   Evaluator (deepseek-v3.2): alt 5 vs alt 21 (parse attempt 1) -> CACHE (2173 chars)
2026-08-08 08:47:26.931   Evaluator (deepseek-v3.2): alt 5 vs alt 22 (parse attempt 1) -> CACHE (2218 chars)
2026-08-08 08:47:26.931   Evaluator (deepseek-v3.2): alt 5 vs alt 23 (parse attempt 1) -> CACHE (2347 chars)
2026-08-08 08:47:26.931   Evaluator (deepseek-v3.2): alt 5 vs alt 24 (parse attempt 1) -> CACHE (2486 chars)
2026-08-08 08:47:26.931   Evaluator (deepseek-v3.2): alt 5 vs alt 25 (parse attempt 1) -> CACHE (2601 chars)
2026-08-08 08:47:26.931   Evaluator (deepseek-v3.2): alt 5 vs alt 26 (parse attempt 1) -> CACHE (3919 chars)
2026-08-08 08:47:26.931   Evaluator (deepseek-v3.2): alt 5 vs alt 27 (parse attempt 1) -> CACHE (3175 chars)
2026-08-08 08:47:26.932   Evaluator (deepseek-v3.2): alt 5 vs alt 28 (parse attempt 1) -> CACHE (1857 chars)
2026-08-08 08:47:26.932   Evaluator (deepseek-v3.2): alt 5 vs alt 29 (parse attempt 1) -> CACHE (2415 chars)
2026-08-08 08:47:26.932   Evaluator (deepseek-v3.2): alt 5 vs alt 30 (parse attempt 1) -> CACHE (1927 chars)
2026-08-08 08:47:26.932   Evaluator (deepseek-v3.2): alt 5 vs alt 31 (parse attempt 1) -> CACHE (2441 chars)
2026-08-08 08:47:26.932   Evaluator (deepseek-v3.2): alt 5 vs alt 32 (parse attempt 1) -> CACHE (2258 chars)
2026-08-08 08:47:26.932   Evaluator (deepseek-v3.2): alt 5 vs alt 33 (parse attempt 1) -> CACHE (3647 chars)
2026-08-08 08:47:26.933   Evaluator (deepseek-v3.2): alt 5 vs alt 34 (parse attempt 1) -> CACHE (3119 chars)
2026-08-08 08:47:26.936   Evaluator (deepseek-v3.2): alt 6 vs incumbent (parse attempt 1) -> CACHE (2779 chars)
2026-08-08 08:47:26.937   Evaluator (deepseek-v3.2): alt 6 vs alt 1 (parse attempt 1) -> CACHE (1813 chars)
2026-08-08 08:47:26.937   Evaluator (deepseek-v3.2): alt 6 vs alt 2 (parse attempt 1) -> CACHE (2214 chars)
2026-08-08 08:47:26.937   Evaluator (deepseek-v3.2): alt 6 vs alt 3 (parse attempt 1) -> CACHE (2952 chars)
2026-08-08 08:47:26.937   Evaluator (deepseek-v3.2): alt 6 vs alt 4 (parse attempt 1) -> CACHE (3100 chars)
2026-08-08 08:47:26.937   Evaluator (deepseek-v3.2): alt 6 vs alt 5 (parse attempt 1) -> CACHE (2531 chars)
2026-08-08 08:47:26.937   Evaluator (deepseek-v3.2): alt 6 vs alt 7 (parse attempt 1) -> CACHE (2576 chars)
2026-08-08 08:47:26.938   Evaluator (deepseek-v3.2): alt 6 vs alt 8 (parse attempt 1) -> CACHE (2232 chars)
2026-08-08 08:47:26.938   Evaluator (deepseek-v3.2): alt 6 vs alt 9 (parse attempt 1) -> CACHE (2461 chars)
2026-08-08 08:47:26.938   Evaluator (deepseek-v3.2): alt 6 vs alt 10 (parse attempt 1) -> CACHE (2383 chars)
2026-08-08 08:47:26.938   Evaluator (deepseek-v3.2): alt 6 vs alt 11 (parse attempt 1) -> CACHE (2050 chars)
2026-08-08 08:47:26.938   Evaluator (deepseek-v3.2): alt 6 vs alt 12 (parse attempt 1) -> CACHE (3811 chars)
2026-08-08 08:47:26.938   Evaluator (deepseek-v3.2): alt 6 vs alt 13 (parse attempt 1) -> CACHE (2449 chars)
2026-08-08 08:47:26.939   Evaluator (deepseek-v3.2): alt 6 vs alt 14 (parse attempt 1) -> CACHE (3279 chars)
2026-08-08 08:47:26.939   Evaluator (deepseek-v3.2): alt 6 vs alt 15 (parse attempt 1) -> CACHE (1928 chars)
2026-08-08 08:47:26.939   Evaluator (deepseek-v3.2): alt 6 vs alt 16 (parse attempt 1) -> CACHE (2455 chars)
2026-08-08 08:47:26.939   Evaluator (deepseek-v3.2): alt 6 vs alt 17 (parse attempt 1) -> CACHE (2327 chars)
2026-08-08 08:47:26.939   Evaluator (deepseek-v3.2): alt 6 vs alt 18 (parse attempt 1) -> CACHE (2511 chars)
2026-08-08 08:47:26.939   Evaluator (deepseek-v3.2): alt 6 vs alt 19 (parse attempt 1) -> CACHE (2609 chars)
2026-08-08 08:47:26.940   Evaluator (deepseek-v3.2): alt 6 vs alt 20 (parse attempt 1) -> CACHE (2204 chars)
2026-08-08 08:47:26.940   Evaluator (deepseek-v3.2): alt 6 vs alt 21 (parse attempt 1) -> CACHE (2177 chars)
2026-08-08 08:47:26.940   Evaluator (deepseek-v3.2): alt 6 vs alt 22 (parse attempt 1) -> CACHE (1940 chars)
2026-08-08 08:47:26.940   Evaluator (deepseek-v3.2): alt 6 vs alt 23 (parse attempt 1) -> CACHE (2168 chars)
2026-08-08 08:47:26.940   Evaluator (deepseek-v3.2): alt 6 vs alt 24 (parse attempt 1) -> CACHE (2993 chars)
2026-08-08 08:47:26.940   Evaluator (deepseek-v3.2): alt 6 vs alt 25 (parse attempt 1) -> CACHE (2395 chars)
2026-08-08 08:47:26.940   Evaluator (deepseek-v3.2): alt 6 vs alt 26 (parse attempt 1) -> CACHE (3382 chars)
2026-08-08 08:47:26.941   Evaluator (deepseek-v3.2): alt 6 vs alt 27 (parse attempt 1) -> CACHE (2208 chars)
2026-08-08 08:47:26.941   Evaluator (deepseek-v3.2): alt 6 vs alt 28 (parse attempt 1) -> CACHE (2751 chars)
2026-08-08 08:47:26.941   Evaluator (deepseek-v3.2): alt 6 vs alt 29 (parse attempt 1) -> CACHE (2104 chars)
2026-08-08 08:47:26.941   Evaluator (deepseek-v3.2): alt 6 vs alt 30 (parse attempt 1) -> CACHE (2143 chars)
2026-08-08 08:47:26.941   Evaluator (deepseek-v3.2): alt 6 vs alt 31 (parse attempt 1) -> CACHE (2603 chars)
2026-08-08 08:47:26.941   Evaluator (deepseek-v3.2): alt 6 vs alt 32 (parse attempt 1) -> CACHE (2245 chars)
2026-08-08 08:47:26.942   Evaluator (deepseek-v3.2): alt 6 vs alt 33 (parse attempt 1) -> CACHE (2776 chars)
2026-08-08 08:47:26.942   Evaluator (deepseek-v3.2): alt 6 vs alt 34 (parse attempt 1) -> CACHE (1857 chars)
2026-08-08 08:47:26.945   Evaluator (deepseek-v3.2): alt 7 vs incumbent (parse attempt 1) -> CACHE (2532 chars)
2026-08-08 08:47:26.946   Evaluator (deepseek-v3.2): alt 7 vs alt 1 (parse attempt 1) -> CACHE (1854 chars)
2026-08-08 08:47:26.946   Evaluator (deepseek-v3.2): alt 7 vs alt 2 (parse attempt 1) -> CACHE (3268 chars)
2026-08-08 08:47:26.946   Evaluator (deepseek-v3.2): alt 7 vs alt 3 (parse attempt 1) -> CACHE (4337 chars)
2026-08-08 08:47:26.946   Evaluator (deepseek-v3.2): alt 7 vs alt 4 (parse attempt 1) -> CACHE (3278 chars)
2026-08-08 08:47:26.946   Evaluator (deepseek-v3.2): alt 7 vs alt 5 (parse attempt 1) -> CACHE (3901 chars)
2026-08-08 08:47:26.946   Evaluator (deepseek-v3.2): alt 7 vs alt 6 (parse attempt 1) -> CACHE (3419 chars)
2026-08-08 08:47:26.947   Evaluator (deepseek-v3.2): alt 7 vs alt 8 (parse attempt 1) -> CACHE (2007 chars)
2026-08-08 08:47:26.947   Evaluator (deepseek-v3.2): alt 7 vs alt 9 (parse attempt 1) -> CACHE (3563 chars)
2026-08-08 08:47:26.947   Evaluator (deepseek-v3.2): alt 7 vs alt 10 (parse attempt 1) -> CACHE (2102 chars)
2026-08-08 08:47:26.947   Evaluator (deepseek-v3.2): alt 7 vs alt 11 (parse attempt 1) -> CACHE (3320 chars)
2026-08-08 08:47:26.947   Evaluator (deepseek-v3.2): alt 7 vs alt 12 (parse attempt 1) -> CACHE (1973 chars)
2026-08-08 08:47:26.947   Evaluator (deepseek-v3.2): alt 7 vs alt 13 (parse attempt 1) -> CACHE (3057 chars)
2026-08-08 08:47:26.948   Evaluator (deepseek-v3.2): alt 7 vs alt 14 (parse attempt 1) -> CACHE (2488 chars)
2026-08-08 08:47:26.948   Evaluator (deepseek-v3.2): alt 7 vs alt 15 (parse attempt 1) -> CACHE (2741 chars)
2026-08-08 08:47:26.948   Evaluator (deepseek-v3.2): alt 7 vs alt 16 (parse attempt 1) -> CACHE (3129 chars)
2026-08-08 08:47:26.948   Evaluator (deepseek-v3.2): alt 7 vs alt 17 (parse attempt 1) -> CACHE (3114 chars)
2026-08-08 08:47:26.948   Evaluator (deepseek-v3.2): alt 7 vs alt 18 (parse attempt 1) -> CACHE (2950 chars)
2026-08-08 08:47:26.948   Evaluator (deepseek-v3.2): alt 7 vs alt 19 (parse attempt 1) -> CACHE (4061 chars)
2026-08-08 08:47:26.949   Evaluator (deepseek-v3.2): alt 7 vs alt 20 (parse attempt 1) -> CACHE (3591 chars)
2026-08-08 08:47:26.949 JSON parse failed (attempt 1/5): 'winner'
2026-08-08 08:47:26.949   Evaluator (deepseek-v3.2): alt 7 vs alt 20 (parse attempt 2) -> CACHE (2938 chars)
2026-08-08 08:47:26.949   Evaluator (deepseek-v3.2): alt 7 vs alt 21 (parse attempt 1) -> CACHE (2510 chars)
2026-08-08 08:47:26.949   Evaluator (deepseek-v3.2): alt 7 vs alt 22 (parse attempt 1) -> CACHE (2007 chars)
2026-08-08 08:47:26.949   Evaluator (deepseek-v3.2): alt 7 vs alt 23 (parse attempt 1) -> CACHE (4010 chars)
2026-08-08 08:47:26.949   Evaluator (deepseek-v3.2): alt 7 vs alt 24 (parse attempt 1) -> CACHE (2123 chars)
2026-08-08 08:47:26.950   Evaluator (deepseek-v3.2): alt 7 vs alt 25 (parse attempt 1) -> CACHE (1897 chars)
2026-08-08 08:47:26.950   Evaluator (deepseek-v3.2): alt 7 vs alt 26 (parse attempt 1) -> CACHE (3326 chars)
2026-08-08 08:47:26.950   Evaluator (deepseek-v3.2): alt 7 vs alt 27 (parse attempt 1) -> CACHE (3536 chars)
2026-08-08 08:47:26.950   Evaluator (deepseek-v3.2): alt 7 vs alt 28 (parse attempt 1) -> CACHE (4453 chars)
2026-08-08 08:47:26.950 JSON parse failed (attempt 1/5): 'winner'
2026-08-08 08:47:26.950   Evaluator (deepseek-v3.2): alt 7 vs alt 28 (parse attempt 2) -> CACHE (2368 chars)
2026-08-08 08:47:26.950   Evaluator (deepseek-v3.2): alt 7 vs alt 29 (parse attempt 1) -> CACHE (3083 chars)
2026-08-08 08:47:26.951   Evaluator (deepseek-v3.2): alt 7 vs alt 30 (parse attempt 1) -> CACHE (2287 chars)
2026-08-08 08:47:26.951   Evaluator (deepseek-v3.2): alt 7 vs alt 31 (parse attempt 1) -> CACHE (2567 chars)
2026-08-08 08:47:26.951   Evaluator (deepseek-v3.2): alt 7 vs alt 32 (parse attempt 1) -> CACHE (3262 chars)
2026-08-08 08:47:26.951   Evaluator (deepseek-v3.2): alt 7 vs alt 33 (parse attempt 1) -> CACHE (2817 chars)
2026-08-08 08:47:26.951   Evaluator (deepseek-v3.2): alt 7 vs alt 34 (parse attempt 1) -> CACHE (3223 chars)
2026-08-08 08:47:32.493 Retrying request to /chat/completions in 0.456736 seconds
2026-08-08 08:47:36.161   Evaluator (deepseek-v3.2): incumbent vs alt 35 (parse attempt 1) -> OK (1824 chars)
2026-08-08 08:47:36.226   Evaluator (deepseek-v3.2): incumbent vs alt 52 (parse attempt 1) -> OK (2380 chars)
2026-08-08 08:47:36.234   Evaluator (deepseek-v3.2): incumbent vs alt 54 (parse attempt 1) -> OK (1789 chars)
2026-08-08 08:47:36.263   Evaluator (deepseek-v3.2): incumbent vs alt 45 (parse attempt 1) -> OK (2219 chars)
2026-08-08 08:47:36.627   Evaluator (deepseek-v3.2): alt 1 vs alt 41 (parse attempt 1) -> OK (2236 chars)
2026-08-08 08:47:36.770   Evaluator (deepseek-v3.2): incumbent vs alt 41 (parse attempt 1) -> OK (2271 chars)
2026-08-08 08:47:36.848   Evaluator (deepseek-v3.2): incumbent vs alt 39 (parse attempt 1) -> OK (2222 chars)
2026-08-08 08:47:37.203   Evaluator (deepseek-v3.2): incumbent vs alt 36 (parse attempt 1) -> OK (2257 chars)
2026-08-08 08:47:37.221   Evaluator (deepseek-v3.2): alt 1 vs alt 43 (parse attempt 1) -> OK (2143 chars)
2026-08-08 08:47:37.227   Evaluator (deepseek-v3.2): alt 1 vs alt 35 (parse attempt 1) -> OK (2306 chars)
2026-08-08 08:47:37.400   Evaluator (deepseek-v3.2): alt 1 vs alt 37 (parse attempt 1) -> OK (2272 chars)
2026-08-08 08:47:37.568   Evaluator (deepseek-v3.2): incumbent vs alt 46 (parse attempt 1) -> OK (2274 chars)
2026-08-08 08:47:37.607   Evaluator (deepseek-v3.2): incumbent vs alt 62 (parse attempt 1) -> OK (1935 chars)
2026-08-08 08:47:37.867   Evaluator (deepseek-v3.2): incumbent vs alt 59 (parse attempt 1) -> OK (1955 chars)
2026-08-08 08:47:38.121   Evaluator (deepseek-v3.2): incumbent vs alt 58 (parse attempt 1) -> OK (2821 chars)
2026-08-08 08:47:38.314   Evaluator (deepseek-v3.2): incumbent vs alt 43 (parse attempt 1) -> OK (3320 chars)
2026-08-08 08:47:38.485   Evaluator (deepseek-v3.2): incumbent vs alt 55 (parse attempt 1) -> OK (3265 chars)
2026-08-08 08:47:38.606   Evaluator (deepseek-v3.2): incumbent vs alt 37 (parse attempt 1) -> OK (3005 chars)
2026-08-08 08:47:38.611   Evaluator (deepseek-v3.2): incumbent vs alt 40 (parse attempt 1) -> OK (2995 chars)
2026-08-08 08:47:38.660   Evaluator (deepseek-v3.2): alt 1 vs alt 39 (parse attempt 1) -> OK (2247 chars)
2026-08-08 08:47:39.088   Evaluator (deepseek-v3.2): incumbent vs alt 61 (parse attempt 1) -> OK (2752 chars)
2026-08-08 08:47:39.118   Evaluator (deepseek-v3.2): incumbent vs alt 63 (parse attempt 1) -> OK (2554 chars)
2026-08-08 08:47:39.204   Evaluator (deepseek-v3.2): incumbent vs alt 48 (parse attempt 1) -> OK (2547 chars)
2026-08-08 08:47:39.553   Evaluator (deepseek-v3.2): incumbent vs alt 57 (parse attempt 1) -> OK (3004 chars)
2026-08-08 08:47:39.633   Evaluator (deepseek-v3.2): incumbent vs alt 47 (parse attempt 1) -> OK (3237 chars)
2026-08-08 08:47:39.633 JSON parse failed (attempt 1/5): 'winner'
2026-08-08 08:47:39.766   Evaluator (deepseek-v3.2): incumbent vs alt 49 (parse attempt 1) -> OK (2859 chars)
2026-08-08 08:47:39.781   Evaluator (deepseek-v3.2): incumbent vs alt 53 (parse attempt 1) -> OK (2864 chars)
2026-08-08 08:47:39.863   Evaluator (deepseek-v3.2): incumbent vs alt 50 (parse attempt 1) -> OK (2823 chars)
2026-08-08 08:47:40.098   Evaluator (deepseek-v3.2): incumbent vs alt 42 (parse attempt 1) -> OK (3209 chars)
2026-08-08 08:47:40.863   Evaluator (deepseek-v3.2): alt 1 vs alt 45 (parse attempt 1) -> OK (3660 chars)
2026-08-08 08:47:41.277   Evaluator (deepseek-v3.2): alt 1 vs alt 40 (parse attempt 1) -> OK (3746 chars)
2026-08-08 08:47:41.312   Evaluator (deepseek-v3.2): incumbent vs alt 56 (parse attempt 1) -> OK (4002 chars)
2026-08-08 08:47:42.032   Evaluator (deepseek-v3.2): incumbent vs alt 60 (parse attempt 1) -> OK (3796 chars)
2026-08-08 08:47:42.999   Evaluator (deepseek-v3.2): alt 1 vs alt 38 (parse attempt 1) -> OK (3379 chars)
2026-08-08 08:47:43.310   Evaluator (deepseek-v3.2): incumbent vs alt 51 (parse attempt 1) -> OK (3898 chars)
2026-08-08 08:47:43.437   Evaluator (deepseek-v3.2): alt 1 vs alt 42 (parse attempt 1) -> OK (3708 chars)
2026-08-08 08:47:44.555   Evaluator (deepseek-v3.2): alt 1 vs alt 36 (parse attempt 1) -> OK (3595 chars)
2026-08-08 08:47:45.374   Evaluator (deepseek-v3.2): alt 1 vs alt 52 (parse attempt 1) -> OK (2327 chars)
2026-08-08 08:47:45.702   Evaluator (deepseek-v3.2): incumbent vs alt 44 (parse attempt 1) -> OK (3018 chars)
2026-08-08 08:47:47.425   Evaluator (deepseek-v3.2): alt 1 vs alt 59 (parse attempt 1) -> OK (2948 chars)
2026-08-08 08:47:47.923   Evaluator (deepseek-v3.2): alt 2 vs alt 35 (parse attempt 1) -> OK (2070 chars)
2026-08-08 08:47:48.704   Evaluator (deepseek-v3.2): alt 1 vs alt 62 (parse attempt 1) -> OK (2451 chars)
2026-08-08 08:47:49.155   Evaluator (deepseek-v3.2): alt 2 vs alt 36 (parse attempt 1) -> OK (2303 chars)
2026-08-08 08:47:49.525   Evaluator (deepseek-v3.2): incumbent vs alt 38 (parse attempt 1) -> OK (2403 chars)
2026-08-08 08:47:49.543   Evaluator (deepseek-v3.2): alt 2 vs alt 38 (parse attempt 1) -> OK (2568 chars)
2026-08-08 08:47:49.557   Evaluator (deepseek-v3.2): alt 2 vs alt 44 (parse attempt 1) -> OK (2575 chars)
2026-08-08 08:47:49.763   Evaluator (deepseek-v3.2): alt 2 vs alt 40 (parse attempt 1) -> OK (2704 chars)
2026-08-08 08:47:49.853   Evaluator (deepseek-v3.2): alt 1 vs alt 60 (parse attempt 1) -> OK (3731 chars)
2026-08-08 08:47:50.194   Evaluator (deepseek-v3.2): alt 1 vs alt 47 (parse attempt 1) -> OK (3564 chars)
2026-08-08 08:47:50.236   Evaluator (deepseek-v3.2): alt 2 vs alt 46 (parse attempt 1) -> OK (2572 chars)
2026-08-08 08:47:50.310   Evaluator (deepseek-v3.2): alt 1 vs alt 50 (parse attempt 1) -> OK (4061 chars)
2026-08-08 08:47:50.398   Evaluator (deepseek-v3.2): alt 1 vs alt 51 (parse attempt 1) -> OK (3467 chars)
2026-08-08 08:47:50.743   Evaluator (deepseek-v3.2): alt 1 vs alt 55 (parse attempt 1) -> OK (3410 chars)
2026-08-08 08:47:50.785   Evaluator (deepseek-v3.2): alt 2 vs alt 39 (parse attempt 1) -> OK (3134 chars)
2026-08-08 08:47:50.937   Evaluator (deepseek-v3.2): alt 1 vs alt 44 (parse attempt 1) -> OK (5634 chars)
2026-08-08 08:47:51.145   Evaluator (deepseek-v3.2): alt 2 vs alt 41 (parse attempt 1) -> OK (3429 chars)
2026-08-08 08:47:51.194   Evaluator (deepseek-v3.2): alt 1 vs alt 53 (parse attempt 1) -> OK (3255 chars)
2026-08-08 08:47:51.213   Evaluator (deepseek-v3.2): alt 2 vs alt 42 (parse attempt 1) -> OK (3009 chars)
2026-08-08 08:47:51.243   Evaluator (deepseek-v3.2): alt 2 vs alt 37 (parse attempt 1) -> OK (2913 chars)
2026-08-08 08:47:51.267   Evaluator (deepseek-v3.2): alt 1 vs alt 48 (parse attempt 1) -> OK (4449 chars)
2026-08-08 08:47:51.267 JSON parse failed (attempt 1/5): 'winner'
2026-08-08 08:47:51.362   Evaluator (deepseek-v3.2): alt 1 vs alt 46 (parse attempt 1) -> OK (4275 chars)
2026-08-08 08:47:51.554   Evaluator (deepseek-v3.2): alt 2 vs alt 49 (parse attempt 1) -> OK (2444 chars)
2026-08-08 08:47:51.961   Evaluator (deepseek-v3.2): alt 2 vs alt 48 (parse attempt 1) -> OK (3128 chars)
2026-08-08 08:47:52.230   Evaluator (deepseek-v3.2): alt 2 vs alt 45 (parse attempt 1) -> OK (3524 chars)
2026-08-08 08:47:52.400   Evaluator (deepseek-v3.2): alt 1 vs alt 54 (parse attempt 1) -> OK (3785 chars)
2026-08-08 08:47:52.595   Evaluator (deepseek-v3.2): alt 2 vs alt 51 (parse attempt 1) -> OK (2457 chars)
2026-08-08 08:47:53.089   Evaluator (deepseek-v3.2): alt 2 vs alt 43 (parse attempt 1) -> OK (3277 chars)
2026-08-08 08:47:53.279   Evaluator (deepseek-v3.2): alt 1 vs alt 56 (parse attempt 1) -> OK (4072 chars)
2026-08-08 08:47:53.318   Evaluator (deepseek-v3.2): alt 2 vs alt 50 (parse attempt 1) -> OK (2820 chars)
2026-08-08 08:47:53.766   Evaluator (deepseek-v3.2): alt 2 vs alt 47 (parse attempt 1) -> OK (3182 chars)
2026-08-08 08:47:53.876   Evaluator (deepseek-v3.2): alt 1 vs alt 58 (parse attempt 1) -> OK (4650 chars)
2026-08-08 08:47:53.876 JSON parse failed (attempt 1/5): 'winner'
2026-08-08 08:47:54.133   Evaluator (deepseek-v3.2): alt 1 vs alt 61 (parse attempt 1) -> OK (3878 chars)
2026-08-08 08:47:54.663   Evaluator (deepseek-v3.2): alt 1 vs alt 49 (parse attempt 1) -> OK (4743 chars)
2026-08-08 08:47:55.294   Evaluator (deepseek-v3.2): alt 2 vs alt 55 (parse attempt 1) -> OK (2464 chars)
2026-08-08 08:47:55.328   Evaluator (deepseek-v3.2): alt 3 vs alt 39 (parse attempt 1) -> OK (2968 chars)
2026-08-08 08:47:55.432   Evaluator (deepseek-v3.2): alt 1 vs alt 57 (parse attempt 1) -> OK (4362 chars)
2026-08-08 08:47:55.514   Evaluator (deepseek-v3.2): alt 2 vs alt 52 (parse attempt 1) -> OK (2640 chars)
2026-08-08 08:47:56.389   Evaluator (deepseek-v3.2): alt 3 vs alt 37 (parse attempt 1) -> OK (1615 chars)
2026-08-08 08:47:56.578   Evaluator (deepseek-v3.2): alt 2 vs alt 53 (parse attempt 1) -> OK (2950 chars)
2026-08-08 08:47:57.727   Evaluator (deepseek-v3.2): alt 1 vs alt 63 (parse attempt 1) -> OK (5089 chars)
2026-08-08 08:47:57.889   Evaluator (deepseek-v3.2): alt 3 vs alt 57 (parse attempt 1) -> OK (2193 chars)
2026-08-08 08:47:57.921   Evaluator (deepseek-v3.2): alt 2 vs alt 59 (parse attempt 1) -> OK (1815 chars)
2026-08-08 08:47:58.641   Evaluator (deepseek-v3.2): alt 2 vs alt 56 (parse attempt 1) -> OK (2783 chars)
2026-08-08 08:47:59.354   Evaluator (deepseek-v3.2): alt 2 vs alt 60 (parse attempt 1) -> OK (2562 chars)
2026-08-08 08:47:59.612   Evaluator (deepseek-v3.2): alt 3 vs alt 62 (parse attempt 1) -> OK (1745 chars)
2026-08-08 08:48:00.289   Evaluator (deepseek-v3.2): alt 3 vs alt 61 (parse attempt 1) -> OK (2707 chars)
2026-08-08 08:48:00.548   Evaluator (deepseek-v3.2): alt 3 vs alt 51 (parse attempt 1) -> OK (3757 chars)
2026-08-08 08:48:00.548 JSON parse failed (attempt 1/5): 'winner'
2026-08-08 08:48:00.649   Evaluator (deepseek-v3.2): alt 2 vs alt 62 (parse attempt 1) -> OK (2806 chars)
2026-08-08 08:48:00.699   Evaluator (deepseek-v3.2): alt 2 vs alt 63 (parse attempt 1) -> OK (2780 chars)
2026-08-08 08:48:00.908   Evaluator (deepseek-v3.2): alt 2 vs alt 61 (parse attempt 1) -> OK (2905 chars)
2026-08-08 08:48:01.084   Evaluator (deepseek-v3.2): alt 3 vs alt 48 (parse attempt 1) -> OK (2513 chars)
2026-08-08 08:48:01.766   Evaluator (deepseek-v3.2): alt 2 vs alt 58 (parse attempt 1) -> OK (2842 chars)
2026-08-08 08:48:02.243   Evaluator (deepseek-v3.2): alt 3 vs alt 58 (parse attempt 1) -> OK (1942 chars)
2026-08-08 08:48:02.565   Evaluator (deepseek-v3.2): alt 2 vs alt 57 (parse attempt 1) -> OK (3796 chars)
2026-08-08 08:48:02.566 JSON parse failed (attempt 1/5): 'winner'
2026-08-08 08:48:02.874   Evaluator (deepseek-v3.2): alt 3 vs alt 55 (parse attempt 1) -> OK (4362 chars)
2026-08-08 08:48:02.947   Evaluator (deepseek-v3.2): alt 3 vs alt 54 (parse attempt 1) -> OK (1726 chars)
2026-08-08 08:48:03.727   Evaluator (deepseek-v3.2): alt 3 vs alt 44 (parse attempt 1) -> OK (3453 chars)
2026-08-08 08:48:04.940   Evaluator (deepseek-v3.2): alt 3 vs alt 52 (parse attempt 1) -> OK (2457 chars)
2026-08-08 08:48:05.259   Evaluator (deepseek-v3.2): alt 2 vs alt 54 (parse attempt 1) -> OK (3345 chars)
2026-08-08 08:48:05.637   Evaluator (deepseek-v3.2): alt 4 vs alt 36 (parse attempt 1) -> OK (2566 chars)
2026-08-08 08:48:05.772   Evaluator (deepseek-v3.2): alt 4 vs alt 37 (parse attempt 1) -> OK (2730 chars)
2026-08-08 08:48:06.425   Evaluator (deepseek-v3.2): alt 4 vs alt 35 (parse attempt 1) -> OK (3285 chars)
2026-08-08 08:48:06.448   Evaluator (deepseek-v3.2): alt 4 vs alt 40 (parse attempt 1) -> OK (2325 chars)
2026-08-08 08:48:06.734   Evaluator (deepseek-v3.2): alt 4 vs alt 39 (parse attempt 1) -> OK (2455 chars)
2026-08-08 08:48:07.221   Evaluator (deepseek-v3.2): alt 3 vs alt 60 (parse attempt 1) -> OK (3004 chars)
2026-08-08 08:48:08.138   Evaluator (deepseek-v3.2): alt 4 vs alt 38 (parse attempt 1) -> OK (3058 chars)
2026-08-08 08:48:08.704   Evaluator (deepseek-v3.2): alt 3 vs alt 56 (parse attempt 1) -> OK (2371 chars)
2026-08-08 08:48:08.960   Evaluator (deepseek-v3.2): alt 3 vs alt 38 (parse attempt 1) -> OK (4163 chars)
2026-08-08 08:48:09.414   Evaluator (deepseek-v3.2): alt 4 vs alt 45 (parse attempt 1) -> OK (3003 chars)
2026-08-08 08:48:09.430   Evaluator (deepseek-v3.2): alt 4 vs alt 43 (parse attempt 1) -> OK (2922 chars)
2026-08-08 08:48:09.891   Evaluator (deepseek-v3.2): alt 4 vs alt 42 (parse attempt 1) -> OK (3223 chars)
2026-08-08 08:48:09.978   Evaluator (deepseek-v3.2): alt 4 vs alt 49 (parse attempt 1) -> OK (2278 chars)
2026-08-08 08:48:10.003   Evaluator (deepseek-v3.2): alt 4 vs alt 48 (parse attempt 1) -> OK (2709 chars)
2026-08-08 08:48:10.579   Evaluator (deepseek-v3.2): alt 4 vs alt 46 (parse attempt 1) -> OK (3311 chars)
2026-08-08 08:48:10.587   Evaluator (deepseek-v3.2): alt 3 vs alt 42 (parse attempt 1) -> OK (3182 chars)
2026-08-08 08:48:10.809   Evaluator (deepseek-v3.2): alt 4 vs alt 44 (parse attempt 1) -> OK (2973 chars)
2026-08-08 08:48:10.893   Evaluator (deepseek-v3.2): alt 3 vs alt 46 (parse attempt 1) -> OK (1656 chars)
2026-08-08 08:48:11.263   Evaluator (deepseek-v3.2): alt 4 vs alt 51 (parse attempt 1) -> OK (2422 chars)
2026-08-08 08:48:11.383   Evaluator (deepseek-v3.2): alt 3 vs alt 43 (parse attempt 1) -> OK (2398 chars)
2026-08-08 08:48:11.796   Evaluator (deepseek-v3.2): alt 4 vs alt 53 (parse attempt 1) -> OK (2981 chars)
2026-08-08 08:48:11.910   Evaluator (deepseek-v3.2): alt 4 vs alt 54 (parse attempt 1) -> OK (2405 chars)
2026-08-08 08:48:12.043   Evaluator (deepseek-v3.2): alt 3 vs alt 35 (parse attempt 1) -> OK (4939 chars)
2026-08-08 08:48:12.212   Evaluator (deepseek-v3.2): alt 4 vs alt 47 (parse attempt 1) -> OK (3252 chars)
2026-08-08 08:48:12.915   Evaluator (deepseek-v3.2): alt 3 vs alt 47 (parse attempt 1) -> OK (2870 chars)
2026-08-08 08:48:13.005   Evaluator (deepseek-v3.2): alt 3 vs alt 41 (parse attempt 1) -> OK (1747 chars)
2026-08-08 08:48:13.013   Evaluator (deepseek-v3.2): alt 4 vs alt 50 (parse attempt 1) -> OK (3304 chars)
2026-08-08 08:48:13.463   Evaluator (deepseek-v3.2): alt 4 vs alt 59 (parse attempt 1) -> OK (2483 chars)
2026-08-08 08:48:13.496   Evaluator (deepseek-v3.2): alt 4 vs alt 55 (parse attempt 1) -> OK (2994 chars)
2026-08-08 08:48:13.979   Evaluator (deepseek-v3.2): alt 4 vs alt 57 (parse attempt 1) -> OK (2513 chars)
2026-08-08 08:48:14.077   Evaluator (deepseek-v3.2): alt 3 vs alt 59 (parse attempt 1) -> OK (3030 chars)
2026-08-08 08:48:14.246   Evaluator (deepseek-v3.2): alt 4 vs alt 62 (parse attempt 1) -> OK (2271 chars)
2026-08-08 08:48:14.832   Evaluator (deepseek-v3.2): alt 3 vs alt 40 (parse attempt 1) -> OK (3925 chars)
2026-08-08 08:48:14.992   Evaluator (deepseek-v3.2): alt 3 vs alt 63 (parse attempt 1) -> OK (2713 chars)
2026-08-08 08:48:16.277   Evaluator (deepseek-v3.2): alt 4 vs alt 60 (parse attempt 1) -> OK (2912 chars)
2026-08-08 08:48:16.507   Evaluator (deepseek-v3.2): alt 4 vs alt 56 (parse attempt 1) -> OK (3396 chars)
2026-08-08 08:48:16.541   Evaluator (deepseek-v3.2): alt 3 vs alt 36 (parse attempt 1) -> OK (2192 chars)
2026-08-08 08:48:16.644   Evaluator (deepseek-v3.2): alt 4 vs alt 58 (parse attempt 1) -> OK (3168 chars)
2026-08-08 08:48:17.167   Evaluator (deepseek-v3.2): alt 5 vs alt 35 (parse attempt 1) -> OK (2543 chars)
2026-08-08 08:48:17.172   Evaluator (deepseek-v3.2): alt 4 vs alt 52 (parse attempt 1) -> OK (4602 chars)
2026-08-08 08:48:17.675   Evaluator (deepseek-v3.2): alt 4 vs alt 61 (parse attempt 1) -> OK (3820 chars)
2026-08-08 08:48:17.772   Evaluator (deepseek-v3.2): alt 4 vs alt 63 (parse attempt 1) -> OK (3177 chars)
2026-08-08 08:48:18.340   Evaluator (deepseek-v3.2): alt 3 vs alt 50 (parse attempt 1) -> OK (3326 chars)
2026-08-08 08:48:19.042   Evaluator (deepseek-v3.2): alt 3 vs alt 45 (parse attempt 1) -> OK (3961 chars)
2026-08-08 08:48:19.078   Evaluator (deepseek-v3.2): alt 4 vs alt 41 (parse attempt 1) -> OK (5828 chars)
2026-08-08 08:48:19.460   Evaluator (deepseek-v3.2): alt 5 vs alt 39 (parse attempt 1) -> OK (3295 chars)
2026-08-08 08:48:19.466   Evaluator (deepseek-v3.2): alt 5 vs alt 44 (parse attempt 1) -> OK (2494 chars)
2026-08-08 08:48:19.854   Evaluator (deepseek-v3.2): alt 5 vs alt 40 (parse attempt 1) -> OK (3424 chars)
2026-08-08 08:48:20.006   Evaluator (deepseek-v3.2): alt 5 vs alt 37 (parse attempt 1) -> OK (3502 chars)
2026-08-08 08:48:20.011   Evaluator (deepseek-v3.2): alt 5 vs alt 43 (parse attempt 1) -> OK (2688 chars)
2026-08-08 08:48:20.575   Evaluator (deepseek-v3.2): alt 5 vs alt 46 (parse attempt 1) -> OK (2586 chars)
2026-08-08 08:48:20.639   Evaluator (deepseek-v3.2): alt 5 vs alt 38 (parse attempt 1) -> OK (3138 chars)
2026-08-08 08:48:20.806   Evaluator (deepseek-v3.2): alt 5 vs alt 41 (parse attempt 1) -> OK (2893 chars)
2026-08-08 08:48:20.904   Evaluator (deepseek-v3.2): alt 5 vs alt 49 (parse attempt 1) -> OK (2414 chars)
2026-08-08 08:48:21.143   Evaluator (deepseek-v3.2): alt 5 vs alt 36 (parse attempt 1) -> OK (3751 chars)
2026-08-08 08:48:21.314   Evaluator (deepseek-v3.2): alt 5 vs alt 50 (parse attempt 1) -> OK (2977 chars)
2026-08-08 08:48:21.882   Evaluator (deepseek-v3.2): alt 5 vs alt 54 (parse attempt 1) -> OK (2409 chars)
2026-08-08 08:48:22.096   Evaluator (deepseek-v3.2): alt 5 vs alt 42 (parse attempt 1) -> OK (3745 chars)
2026-08-08 08:48:22.346   Evaluator (deepseek-v3.2): alt 5 vs alt 51 (parse attempt 1) -> OK (3479 chars)
2026-08-08 08:48:23.177   Evaluator (deepseek-v3.2): alt 5 vs alt 52 (parse attempt 1) -> OK (3479 chars)
2026-08-08 08:48:23.518   Evaluator (deepseek-v3.2): alt 5 vs alt 57 (parse attempt 1) -> OK (2689 chars)
2026-08-08 08:48:23.663   Evaluator (deepseek-v3.2): alt 3 vs alt 49 (parse attempt 1) -> OK (4461 chars)
2026-08-08 08:48:23.695   Evaluator (deepseek-v3.2): alt 5 vs alt 59 (parse attempt 1) -> OK (2473 chars)
2026-08-08 08:48:23.930   Evaluator (deepseek-v3.2): alt 5 vs alt 56 (parse attempt 1) -> OK (3315 chars)
2026-08-08 08:48:24.291   Evaluator (deepseek-v3.2): alt 6 vs alt 37 (parse attempt 1) -> OK (2393 chars)
2026-08-08 08:48:24.439   Evaluator (deepseek-v3.2): alt 5 vs alt 47 (parse attempt 1) -> OK (3942 chars)
2026-08-08 08:48:24.730   Evaluator (deepseek-v3.2): alt 5 vs alt 45 (parse attempt 1) -> OK (3693 chars)
2026-08-08 08:48:24.877   Evaluator (deepseek-v3.2): alt 5 vs alt 55 (parse attempt 1) -> OK (3306 chars)
2026-08-08 08:48:25.140   Evaluator (deepseek-v3.2): alt 5 vs alt 60 (parse attempt 1) -> OK (3376 chars)
2026-08-08 08:48:25.609   Evaluator (deepseek-v3.2): alt 5 vs alt 63 (parse attempt 1) -> OK (2723 chars)
2026-08-08 08:48:25.616   Evaluator (deepseek-v3.2): alt 5 vs alt 53 (parse attempt 1) -> OK (4079 chars)
2026-08-08 08:48:25.708   Evaluator (deepseek-v3.2): alt 5 vs alt 58 (parse attempt 1) -> OK (3648 chars)
2026-08-08 08:48:26.071   Evaluator (deepseek-v3.2): alt 5 vs alt 61 (parse attempt 1) -> OK (2996 chars)
2026-08-08 08:48:26.179   Evaluator (deepseek-v3.2): alt 6 vs alt 35 (parse attempt 1) -> OK (3115 chars)
2026-08-08 08:48:26.186   Evaluator (deepseek-v3.2): alt 6 vs alt 42 (parse attempt 1) -> OK (2167 chars)
2026-08-08 08:48:26.685   Evaluator (deepseek-v3.2): alt 6 vs alt 40 (parse attempt 1) -> OK (2394 chars)
2026-08-08 08:48:27.337   Evaluator (deepseek-v3.2): alt 5 vs alt 48 (parse attempt 1) -> OK (4068 chars)
2026-08-08 08:48:27.754   Evaluator (deepseek-v3.2): alt 6 vs alt 44 (parse attempt 1) -> OK (2255 chars)
2026-08-08 08:48:27.803   Evaluator (deepseek-v3.2): alt 6 vs alt 38 (parse attempt 1) -> OK (3341 chars)
2026-08-08 08:48:27.810   Evaluator (deepseek-v3.2): alt 6 vs alt 50 (parse attempt 1) -> OK (2041 chars)
2026-08-08 08:48:28.275   Evaluator (deepseek-v3.2): alt 6 vs alt 39 (parse attempt 1) -> OK (3512 chars)
2026-08-08 08:48:28.518   Evaluator (deepseek-v3.2): alt 6 vs alt 49 (parse attempt 1) -> OK (2213 chars)
2026-08-08 08:48:28.695   Evaluator (deepseek-v3.2): alt 6 vs alt 48 (parse attempt 1) -> OK (2832 chars)
2026-08-08 08:48:28.777   Evaluator (deepseek-v3.2): alt 3 vs alt 53 (parse attempt 1) -> OK (3361 chars)
2026-08-08 08:48:28.922   Evaluator (deepseek-v3.2): alt 6 vs alt 36 (parse attempt 1) -> OK (3694 chars)
2026-08-08 08:48:28.923 JSON parse failed (attempt 1/5): 'winner'
2026-08-08 08:48:28.986   Evaluator (deepseek-v3.2): alt 5 vs alt 62 (parse attempt 1) -> OK (4182 chars)
2026-08-08 08:48:29.460   Evaluator (deepseek-v3.2): alt 6 vs alt 54 (parse attempt 1) -> OK (2392 chars)
2026-08-08 08:48:29.657   Evaluator (deepseek-v3.2): alt 6 vs alt 41 (parse attempt 1) -> OK (3643 chars)
2026-08-08 08:48:29.716   Evaluator (deepseek-v3.2): alt 6 vs alt 43 (parse attempt 1) -> OK (3379 chars)
2026-08-08 08:48:29.743   Evaluator (deepseek-v3.2): alt 6 vs alt 57 (parse attempt 1) -> OK (2431 chars)
2026-08-08 08:48:30.151   Evaluator (deepseek-v3.2): alt 6 vs alt 46 (parse attempt 1) -> OK (3440 chars)
2026-08-08 08:48:30.563   Evaluator (deepseek-v3.2): alt 6 vs alt 45 (parse attempt 1) -> OK (3567 chars)
2026-08-08 08:48:31.313   Evaluator (deepseek-v3.2): alt 6 vs alt 55 (parse attempt 1) -> OK (2843 chars)
2026-08-08 08:48:31.544   Evaluator (deepseek-v3.2): alt 6 vs alt 58 (parse attempt 1) -> OK (2306 chars)
2026-08-08 08:48:31.579   Evaluator (deepseek-v3.2): alt 6 vs alt 52 (parse attempt 1) -> OK (3399 chars)
2026-08-08 08:48:31.823   Evaluator (deepseek-v3.2): alt 6 vs alt 56 (parse attempt 1) -> OK (3263 chars)
2026-08-08 08:48:32.537   Evaluator (deepseek-v3.2): alt 6 vs alt 60 (parse attempt 1) -> OK (2295 chars)
2026-08-08 08:48:32.550   Evaluator (deepseek-v3.2): alt 6 vs alt 63 (parse attempt 1) -> OK (2750 chars)
2026-08-08 08:48:32.671   Evaluator (deepseek-v3.2): alt 6 vs alt 51 (parse attempt 1) -> OK (3238 chars)
2026-08-08 08:48:32.929   Evaluator (deepseek-v3.2): alt 6 vs alt 62 (parse attempt 1) -> OK (2988 chars)
2026-08-08 08:48:33.197   Evaluator (deepseek-v3.2): alt 6 vs alt 53 (parse attempt 1) -> OK (3893 chars)
2026-08-08 08:48:33.759   Evaluator (deepseek-v3.2): alt 7 vs alt 35 (parse attempt 1) -> OK (2183 chars)
2026-08-08 08:48:34.576   Evaluator (deepseek-v3.2): alt 6 vs alt 47 (parse attempt 1) -> OK (3710 chars)
2026-08-08 08:48:34.608   Evaluator (deepseek-v3.2): alt 7 vs alt 38 (parse attempt 1) -> OK (2195 chars)
2026-08-08 08:48:34.769   Evaluator (deepseek-v3.2): alt 7 vs alt 42 (parse attempt 1) -> OK (2146 chars)
2026-08-08 08:48:35.522   Evaluator (deepseek-v3.2): alt 7 vs alt 40 (parse attempt 1) -> OK (2423 chars)
2026-08-08 08:48:37.293   Evaluator (deepseek-v3.2): alt 7 vs alt 49 (parse attempt 1) -> OK (2235 chars)
2026-08-08 08:48:38.327   Evaluator (deepseek-v3.2): alt 7 vs alt 52 (parse attempt 1) -> OK (2006 chars)
2026-08-08 08:48:38.389   Evaluator (deepseek-v3.2): alt 6 vs alt 61 (parse attempt 1) -> OK (3875 chars)
2026-08-08 08:48:38.850   Evaluator (deepseek-v3.2): alt 7 vs alt 39 (parse attempt 1) -> OK (3424 chars)
2026-08-08 08:48:39.054   Evaluator (deepseek-v3.2): alt 7 vs alt 46 (parse attempt 1) -> OK (3317 chars)
2026-08-08 08:48:39.069   Evaluator (deepseek-v3.2): alt 7 vs alt 41 (parse attempt 1) -> OK (3390 chars)
2026-08-08 08:48:39.431   Evaluator (deepseek-v3.2): alt 7 vs alt 45 (parse attempt 1) -> OK (3464 chars)
2026-08-08 08:48:39.584   Evaluator (deepseek-v3.2): alt 7 vs alt 47 (parse attempt 1) -> OK (2736 chars)
2026-08-08 08:48:39.729   Evaluator (deepseek-v3.2): alt 6 vs alt 36 (parse attempt 2) -> OK (2451 chars)
2026-08-08 08:48:39.779   Evaluator (deepseek-v3.2): incumbent vs alt 47 (parse attempt 2) -> OK (2503 chars)
2026-08-08 08:48:39.968   Evaluator (deepseek-v3.2): alt 7 vs alt 48 (parse attempt 1) -> OK (3151 chars)
2026-08-08 08:48:40.117   Evaluator (deepseek-v3.2): alt 7 vs alt 57 (parse attempt 1) -> OK (2394 chars)
2026-08-08 08:48:40.451   Evaluator (deepseek-v3.2): alt 7 vs alt 58 (parse attempt 1) -> OK (2663 chars)
2026-08-08 08:48:40.646   Evaluator (deepseek-v3.2): alt 7 vs alt 37 (parse attempt 1) -> OK (3592 chars)
2026-08-08 08:48:40.872   Evaluator (deepseek-v3.2): alt 1 vs alt 48 (parse attempt 2) -> OK (2777 chars)
2026-08-08 08:48:40.900   Evaluator (deepseek-v3.2): alt 7 vs alt 44 (parse attempt 1) -> OK (3742 chars)
2026-08-08 08:48:40.901 JSON parse failed (attempt 1/5): 'winner'
2026-08-08 08:48:41.599   Evaluator (deepseek-v3.2): alt 1 vs alt 58 (parse attempt 2) -> OK (3000 chars)
2026-08-08 08:48:42.506   Evaluator (deepseek-v3.2): alt 7 vs alt 59 (parse attempt 1) -> OK (2887 chars)
2026-08-08 08:48:43.068   Evaluator (deepseek-v3.2): alt 7 vs alt 36 (parse attempt 1) -> OK (2768 chars)
2026-08-08 08:48:43.561   Evaluator (deepseek-v3.2): alt 7 vs alt 53 (parse attempt 1) -> OK (3903 chars)
2026-08-08 08:48:43.851   Evaluator (deepseek-v3.2): alt 2 vs alt 57 (parse attempt 2) -> OK (3347 chars)
2026-08-08 08:48:44.391   Evaluator (deepseek-v3.2): alt 7 vs alt 50 (parse attempt 1) -> OK (2576 chars)
2026-08-08 08:48:46.413   Evaluator (deepseek-v3.2): alt 6 vs alt 59 (parse attempt 1) -> OK (3738 chars)
2026-08-08 08:48:47.386   Evaluator (deepseek-v3.2): alt 7 vs alt 43 (parse attempt 1) -> OK (3381 chars)
2026-08-08 08:48:48.994   Evaluator (deepseek-v3.2): alt 7 vs alt 51 (parse attempt 1) -> OK (3501 chars)
2026-08-08 08:48:49.525   Evaluator (deepseek-v3.2): alt 7 vs alt 54 (parse attempt 1) -> OK (3534 chars)
2026-08-08 08:48:50.550   Evaluator (deepseek-v3.2): alt 7 vs alt 56 (parse attempt 1) -> OK (3708 chars)
2026-08-08 08:48:50.907   Evaluator (deepseek-v3.2): alt 7 vs alt 55 (parse attempt 1) -> OK (3144 chars)
2026-08-08 08:48:51.522   Evaluator (deepseek-v3.2): alt 3 vs alt 51 (parse attempt 2) -> OK (1878 chars)
2026-08-08 08:48:56.666   Evaluator (deepseek-v3.2): alt 7 vs alt 44 (parse attempt 2) -> OK (3970 chars)
2026-08-08 08:48:56.667   Evaluator batch 1-500 / 4032 done
2026-08-08 08:48:56.674   Evaluator (deepseek-v3.2): alt 8 vs incumbent (parse attempt 1) -> CACHE (3600 chars)
2026-08-08 08:48:56.674   Evaluator (deepseek-v3.2): alt 8 vs alt 1 (parse attempt 1) -> CACHE (2761 chars)
2026-08-08 08:48:56.674   Evaluator (deepseek-v3.2): alt 8 vs alt 2 (parse attempt 1) -> CACHE (2177 chars)
2026-08-08 08:48:56.675   Evaluator (deepseek-v3.2): alt 8 vs alt 3 (parse attempt 1) -> CACHE (4701 chars)
2026-08-08 08:48:56.675   Evaluator (deepseek-v3.2): alt 8 vs alt 4 (parse attempt 1) -> CACHE (4125 chars)
2026-08-08 08:48:56.675   Evaluator (deepseek-v3.2): alt 8 vs alt 5 (parse attempt 1) -> CACHE (2555 chars)
2026-08-08 08:48:56.675   Evaluator (deepseek-v3.2): alt 8 vs alt 6 (parse attempt 1) -> CACHE (2517 chars)
2026-08-08 08:48:56.675   Evaluator (deepseek-v3.2): alt 8 vs alt 7 (parse attempt 1) -> CACHE (1977 chars)
2026-08-08 08:48:56.675   Evaluator (deepseek-v3.2): alt 8 vs alt 9 (parse attempt 1) -> CACHE (2512 chars)
2026-08-08 08:48:56.676   Evaluator (deepseek-v3.2): alt 8 vs alt 10 (parse attempt 1) -> CACHE (3043 chars)
2026-08-08 08:48:56.676   Evaluator (deepseek-v3.2): alt 8 vs alt 11 (parse attempt 1) -> CACHE (2366 chars)
2026-08-08 08:48:56.676   Evaluator (deepseek-v3.2): alt 8 vs alt 12 (parse attempt 1) -> CACHE (2356 chars)
2026-08-08 08:48:56.676   Evaluator (deepseek-v3.2): alt 8 vs alt 13 (parse attempt 1) -> CACHE (3688 chars)
2026-08-08 08:48:56.676   Evaluator (deepseek-v3.2): alt 8 vs alt 14 (parse attempt 1) -> CACHE (2634 chars)
2026-08-08 08:48:56.677   Evaluator (deepseek-v3.2): alt 8 vs alt 15 (parse attempt 1) -> CACHE (2069 chars)
2026-08-08 08:48:56.677   Evaluator (deepseek-v3.2): alt 8 vs alt 16 (parse attempt 1) -> CACHE (2672 chars)
2026-08-08 08:48:56.677   Evaluator (deepseek-v3.2): alt 8 vs alt 17 (parse attempt 1) -> CACHE (2571 chars)
2026-08-08 08:48:56.677   Evaluator (deepseek-v3.2): alt 8 vs alt 18 (parse attempt 1) -> CACHE (2848 chars)
2026-08-08 08:48:56.677   Evaluator (deepseek-v3.2): alt 8 vs alt 19 (parse attempt 1) -> CACHE (3439 chars)
2026-08-08 08:48:56.677   Evaluator (deepseek-v3.2): alt 8 vs alt 20 (parse attempt 1) -> CACHE (2386 chars)
2026-08-08 08:48:56.678   Evaluator (deepseek-v3.2): alt 8 vs alt 21 (parse attempt 1) -> CACHE (2516 chars)
2026-08-08 08:48:56.678   Evaluator (deepseek-v3.2): alt 8 vs alt 22 (parse attempt 1) -> CACHE (1264 chars)
2026-08-08 08:48:56.678   Evaluator (deepseek-v3.2): alt 8 vs alt 23 (parse attempt 1) -> CACHE (2994 chars)
2026-08-08 08:48:56.678   Evaluator (deepseek-v3.2): alt 8 vs alt 24 (parse attempt 1) -> CACHE (4108 chars)
2026-08-08 08:48:56.678 JSON parse failed (attempt 1/5): 'winner'
2026-08-08 08:48:56.678   Evaluator (deepseek-v3.2): alt 8 vs alt 24 (parse attempt 2) -> CACHE (3519 chars)
2026-08-08 08:48:56.678 JSON parse failed (attempt 2/5): 'winner'
2026-08-08 08:48:56.678   Evaluator (deepseek-v3.2): alt 8 vs alt 24 (parse attempt 3) -> CACHE (4293 chars)
2026-08-08 08:48:56.679 JSON parse failed (attempt 3/5): 'winner'
2026-08-08 08:48:56.679   Evaluator (deepseek-v3.2): alt 8 vs alt 24 (parse attempt 4) -> CACHE (3454 chars)
2026-08-08 08:48:56.679   Evaluator (deepseek-v3.2): alt 8 vs alt 25 (parse attempt 1) -> CACHE (3623 chars)
2026-08-08 08:48:56.679   Evaluator (deepseek-v3.2): alt 8 vs alt 26 (parse attempt 1) -> CACHE (1931 chars)
2026-08-08 08:48:56.679   Evaluator (deepseek-v3.2): alt 8 vs alt 27 (parse attempt 1) -> CACHE (3011 chars)
2026-08-08 08:48:56.679   Evaluator (deepseek-v3.2): alt 8 vs alt 28 (parse attempt 1) -> CACHE (3539 chars)
2026-08-08 08:48:56.680 JSON parse failed (attempt 1/5): 'winner'
2026-08-08 08:48:56.680   Evaluator (deepseek-v3.2): alt 8 vs alt 28 (parse attempt 2) -> CACHE (3621 chars)
2026-08-08 08:48:56.680   Evaluator (deepseek-v3.2): alt 8 vs alt 29 (parse attempt 1) -> CACHE (4462 chars)
2026-08-08 08:48:56.680   Evaluator (deepseek-v3.2): alt 8 vs alt 30 (parse attempt 1) -> CACHE (3204 chars)
2026-08-08 08:48:56.680   Evaluator (deepseek-v3.2): alt 8 vs alt 31 (parse attempt 1) -> CACHE (3872 chars)
2026-08-08 08:48:56.680   Evaluator (deepseek-v3.2): alt 8 vs alt 32 (parse attempt 1) -> CACHE (4041 chars)
2026-08-08 08:48:56.681   Evaluator (deepseek-v3.2): alt 8 vs alt 33 (parse attempt 1) -> CACHE (3789 chars)
2026-08-08 08:48:56.681   Evaluator (deepseek-v3.2): alt 8 vs alt 34 (parse attempt 1) -> CACHE (3595 chars)
2026-08-08 08:48:56.720   Evaluator (deepseek-v3.2): alt 9 vs incumbent (parse attempt 1) -> CACHE (3603 chars)
2026-08-08 08:48:56.720   Evaluator (deepseek-v3.2): alt 9 vs alt 1 (parse attempt 1) -> CACHE (2399 chars)
2026-08-08 08:48:56.721   Evaluator (deepseek-v3.2): alt 9 vs alt 2 (parse attempt 1) -> CACHE (2726 chars)
2026-08-08 08:48:56.721   Evaluator (deepseek-v3.2): alt 9 vs alt 3 (parse attempt 1) -> CACHE (2696 chars)
2026-08-08 08:48:56.721   Evaluator (deepseek-v3.2): alt 9 vs alt 4 (parse attempt 1) -> CACHE (2269 chars)
2026-08-08 08:48:56.721   Evaluator (deepseek-v3.2): alt 9 vs alt 5 (parse attempt 1) -> CACHE (2929 chars)
2026-08-08 08:48:56.721   Evaluator (deepseek-v3.2): alt 9 vs alt 6 (parse attempt 1) -> CACHE (3476 chars)
2026-08-08 08:48:56.722   Evaluator (deepseek-v3.2): alt 9 vs alt 7 (parse attempt 1) -> CACHE (2328 chars)
2026-08-08 08:48:56.722   Evaluator (deepseek-v3.2): alt 9 vs alt 8 (parse attempt 1) -> CACHE (2354 chars)
2026-08-08 08:48:56.722   Evaluator (deepseek-v3.2): alt 9 vs alt 10 (parse attempt 1) -> CACHE (3077 chars)
2026-08-08 08:48:56.722   Evaluator (deepseek-v3.2): alt 9 vs alt 11 (parse attempt 1) -> CACHE (2656 chars)
2026-08-08 08:48:56.723   Evaluator (deepseek-v3.2): alt 9 vs alt 12 (parse attempt 1) -> CACHE (1864 chars)
2026-08-08 08:48:56.723   Evaluator (deepseek-v3.2): alt 9 vs alt 13 (parse attempt 1) -> CACHE (2603 chars)
2026-08-08 08:48:56.723   Evaluator (deepseek-v3.2): alt 9 vs alt 14 (parse attempt 1) -> CACHE (2753 chars)
2026-08-08 08:48:56.723   Evaluator (deepseek-v3.2): alt 9 vs alt 15 (parse attempt 1) -> CACHE (3957 chars)
2026-08-08 08:48:56.723 JSON parse failed (attempt 1/5): 'winner'
2026-08-08 08:48:56.723   Evaluator (deepseek-v3.2): alt 9 vs alt 15 (parse attempt 2) -> CACHE (2413 chars)
2026-08-08 08:48:56.723   Evaluator (deepseek-v3.2): alt 9 vs alt 16 (parse attempt 1) -> CACHE (3372 chars)
2026-08-08 08:48:56.723   Evaluator (deepseek-v3.2): alt 9 vs alt 17 (parse attempt 1) -> CACHE (1972 chars)
2026-08-08 08:48:56.724   Evaluator (deepseek-v3.2): alt 9 vs alt 18 (parse attempt 1) -> CACHE (1925 chars)
2026-08-08 08:48:56.724   Evaluator (deepseek-v3.2): alt 9 vs alt 19 (parse attempt 1) -> CACHE (2726 chars)
2026-08-08 08:48:56.724   Evaluator (deepseek-v3.2): alt 9 vs alt 20 (parse attempt 1) -> CACHE (2603 chars)
2026-08-08 08:48:56.724   Evaluator (deepseek-v3.2): alt 9 vs alt 21 (parse attempt 1) -> CACHE (3359 chars)
2026-08-08 08:48:56.724   Evaluator (deepseek-v3.2): alt 9 vs alt 22 (parse attempt 1) -> CACHE (3535 chars)
2026-08-08 08:48:56.724   Evaluator (deepseek-v3.2): alt 9 vs alt 23 (parse attempt 1) -> CACHE (2144 chars)
2026-08-08 08:48:56.725   Evaluator (deepseek-v3.2): alt 9 vs alt 24 (parse attempt 1) -> CACHE (2772 chars)
2026-08-08 08:48:56.725   Evaluator (deepseek-v3.2): alt 9 vs alt 25 (parse attempt 1) -> CACHE (1920 chars)
2026-08-08 08:48:56.725   Evaluator (deepseek-v3.2): alt 9 vs alt 26 (parse attempt 1) -> CACHE (2936 chars)
2026-08-08 08:48:56.725   Evaluator (deepseek-v3.2): alt 9 vs alt 27 (parse attempt 1) -> CACHE (1930 chars)
2026-08-08 08:48:56.725   Evaluator (deepseek-v3.2): alt 9 vs alt 28 (parse attempt 1) -> CACHE (4289 chars)
2026-08-08 08:48:56.725 JSON parse failed (attempt 1/5): 'winner'
2026-08-08 08:48:56.725   Evaluator (deepseek-v3.2): alt 9 vs alt 28 (parse attempt 2) -> CACHE (2783 chars)
2026-08-08 08:48:56.726   Evaluator (deepseek-v3.2): alt 9 vs alt 29 (parse attempt 1) -> CACHE (2745 chars)
2026-08-08 08:48:56.726   Evaluator (deepseek-v3.2): alt 9 vs alt 30 (parse attempt 1) -> CACHE (2951 chars)
2026-08-08 08:48:56.726   Evaluator (deepseek-v3.2): alt 9 vs alt 31 (parse attempt 1) -> CACHE (2587 chars)
2026-08-08 08:48:56.726   Evaluator (deepseek-v3.2): alt 9 vs alt 32 (parse attempt 1) -> CACHE (3369 chars)
2026-08-08 08:48:56.726   Evaluator (deepseek-v3.2): alt 9 vs alt 33 (parse attempt 1) -> CACHE (2970 chars)
2026-08-08 08:48:56.726   Evaluator (deepseek-v3.2): alt 9 vs alt 34 (parse attempt 1) -> CACHE (2548 chars)
2026-08-08 08:48:56.739   Evaluator (deepseek-v3.2): alt 10 vs incumbent (parse attempt 1) -> CACHE (2378 chars)
2026-08-08 08:48:56.739   Evaluator (deepseek-v3.2): alt 10 vs alt 1 (parse attempt 1) -> CACHE (2569 chars)
2026-08-08 08:48:56.740   Evaluator (deepseek-v3.2): alt 10 vs alt 2 (parse attempt 1) -> CACHE (2747 chars)
2026-08-08 08:48:56.740   Evaluator (deepseek-v3.2): alt 10 vs alt 3 (parse attempt 1) -> CACHE (2593 chars)
2026-08-08 08:48:56.740   Evaluator (deepseek-v3.2): alt 10 vs alt 4 (parse attempt 1) -> CACHE (3593 chars)
2026-08-08 08:48:56.740   Evaluator (deepseek-v3.2): alt 10 vs alt 5 (parse attempt 1) -> CACHE (3492 chars)
2026-08-08 08:48:56.740   Evaluator (deepseek-v3.2): alt 10 vs alt 6 (parse attempt 1) -> CACHE (2621 chars)
2026-08-08 08:48:56.740   Evaluator (deepseek-v3.2): alt 10 vs alt 7 (parse attempt 1) -> CACHE (2541 chars)
2026-08-08 08:48:56.741   Evaluator (deepseek-v3.2): alt 10 vs alt 8 (parse attempt 1) -> CACHE (2110 chars)
2026-08-08 08:48:56.741   Evaluator (deepseek-v3.2): alt 10 vs alt 9 (parse attempt 1) -> CACHE (1968 chars)
2026-08-08 08:48:56.741   Evaluator (deepseek-v3.2): alt 10 vs alt 11 (parse attempt 1) -> CACHE (2863 chars)
2026-08-08 08:48:56.741   Evaluator (deepseek-v3.2): alt 10 vs alt 12 (parse attempt 1) -> CACHE (3513 chars)
2026-08-08 08:48:56.741   Evaluator (deepseek-v3.2): alt 10 vs alt 13 (parse attempt 1) -> CACHE (2297 chars)
2026-08-08 08:48:56.742   Evaluator (deepseek-v3.2): alt 10 vs alt 14 (parse attempt 1) -> CACHE (2433 chars)
2026-08-08 08:48:56.742   Evaluator (deepseek-v3.2): alt 10 vs alt 15 (parse attempt 1) -> CACHE (2185 chars)
2026-08-08 08:48:56.742   Evaluator (deepseek-v3.2): alt 10 vs alt 16 (parse attempt 1) -> CACHE (2045 chars)
2026-08-08 08:48:56.742   Evaluator (deepseek-v3.2): alt 10 vs alt 17 (parse attempt 1) -> CACHE (2051 chars)
2026-08-08 08:48:56.742   Evaluator (deepseek-v3.2): alt 10 vs alt 18 (parse attempt 1) -> CACHE (2295 chars)
2026-08-08 08:48:56.743   Evaluator (deepseek-v3.2): alt 10 vs alt 19 (parse attempt 1) -> CACHE (2642 chars)
2026-08-08 08:48:56.743   Evaluator (deepseek-v3.2): alt 10 vs alt 20 (parse attempt 1) -> CACHE (2622 chars)
2026-08-08 08:48:56.743   Evaluator (deepseek-v3.2): alt 10 vs alt 21 (parse attempt 1) -> CACHE (2320 chars)
2026-08-08 08:48:56.743   Evaluator (deepseek-v3.2): alt 10 vs alt 22 (parse attempt 1) -> CACHE (3158 chars)
2026-08-08 08:48:56.743   Evaluator (deepseek-v3.2): alt 10 vs alt 23 (parse attempt 1) -> CACHE (2603 chars)
2026-08-08 08:48:56.744   Evaluator (deepseek-v3.2): alt 10 vs alt 24 (parse attempt 1) -> CACHE (2560 chars)
2026-08-08 08:48:56.744   Evaluator (deepseek-v3.2): alt 10 vs alt 25 (parse attempt 1) -> CACHE (2721 chars)
2026-08-08 08:48:56.744   Evaluator (deepseek-v3.2): alt 10 vs alt 26 (parse attempt 1) -> CACHE (361 chars)
2026-08-08 08:48:56.744   Evaluator (deepseek-v3.2): alt 10 vs alt 27 (parse attempt 1) -> CACHE (2346 chars)
2026-08-08 08:48:56.744   Evaluator (deepseek-v3.2): alt 10 vs alt 28 (parse attempt 1) -> CACHE (2465 chars)
2026-08-08 08:48:56.744   Evaluator (deepseek-v3.2): alt 10 vs alt 29 (parse attempt 1) -> CACHE (2516 chars)
2026-08-08 08:48:56.745   Evaluator (deepseek-v3.2): alt 10 vs alt 30 (parse attempt 1) -> CACHE (2229 chars)
2026-08-08 08:48:56.745   Evaluator (deepseek-v3.2): alt 10 vs alt 31 (parse attempt 1) -> CACHE (3157 chars)
2026-08-08 08:48:56.745   Evaluator (deepseek-v3.2): alt 10 vs alt 32 (parse attempt 1) -> CACHE (3073 chars)
2026-08-08 08:48:56.745   Evaluator (deepseek-v3.2): alt 10 vs alt 33 (parse attempt 1) -> CACHE (3233 chars)
2026-08-08 08:48:56.745   Evaluator (deepseek-v3.2): alt 10 vs alt 34 (parse attempt 1) -> CACHE (2438 chars)
2026-08-08 08:48:56.749   Evaluator (deepseek-v3.2): alt 11 vs incumbent (parse attempt 1) -> CACHE (1694 chars)
2026-08-08 08:48:56.749   Evaluator (deepseek-v3.2): alt 11 vs alt 1 (parse attempt 1) -> CACHE (3847 chars)
2026-08-08 08:48:56.750   Evaluator (deepseek-v3.2): alt 11 vs alt 2 (parse attempt 1) -> CACHE (2938 chars)
2026-08-08 08:48:56.750   Evaluator (deepseek-v3.2): alt 11 vs alt 3 (parse attempt 1) -> CACHE (4627 chars)
2026-08-08 08:48:56.750   Evaluator (deepseek-v3.2): alt 11 vs alt 4 (parse attempt 1) -> CACHE (2344 chars)
2026-08-08 08:48:56.750   Evaluator (deepseek-v3.2): alt 11 vs alt 5 (parse attempt 1) -> CACHE (1961 chars)
2026-08-08 08:48:56.750   Evaluator (deepseek-v3.2): alt 11 vs alt 6 (parse attempt 1) -> CACHE (2720 chars)
2026-08-08 08:48:56.751   Evaluator (deepseek-v3.2): alt 11 vs alt 7 (parse attempt 1) -> CACHE (1985 chars)
2026-08-08 08:48:56.751   Evaluator (deepseek-v3.2): alt 11 vs alt 8 (parse attempt 1) -> CACHE (2201 chars)
2026-08-08 08:48:56.751   Evaluator (deepseek-v3.2): alt 11 vs alt 9 (parse attempt 1) -> CACHE (3077 chars)
2026-08-08 08:48:56.751   Evaluator (deepseek-v3.2): alt 11 vs alt 10 (parse attempt 1) -> CACHE (3212 chars)
2026-08-08 08:48:56.751   Evaluator (deepseek-v3.2): alt 11 vs alt 12 (parse attempt 1) -> CACHE (3381 chars)
2026-08-08 08:48:56.751   Evaluator (deepseek-v3.2): alt 11 vs alt 13 (parse attempt 1) -> CACHE (3274 chars)
2026-08-08 08:48:56.752   Evaluator (deepseek-v3.2): alt 11 vs alt 14 (parse attempt 1) -> CACHE (2407 chars)
2026-08-08 08:48:56.752   Evaluator (deepseek-v3.2): alt 11 vs alt 15 (parse attempt 1) -> CACHE (1949 chars)
2026-08-08 08:48:56.752   Evaluator (deepseek-v3.2): alt 11 vs alt 16 (parse attempt 1) -> CACHE (1819 chars)
2026-08-08 08:48:56.752   Evaluator (deepseek-v3.2): alt 11 vs alt 17 (parse attempt 1) -> CACHE (3469 chars)
2026-08-08 08:48:56.752   Evaluator (deepseek-v3.2): alt 11 vs alt 18 (parse attempt 1) -> CACHE (3495 chars)
2026-08-08 08:48:56.752   Evaluator (deepseek-v3.2): alt 11 vs alt 19 (parse attempt 1) -> CACHE (2959 chars)
2026-08-08 08:48:56.753   Evaluator (deepseek-v3.2): alt 11 vs alt 20 (parse attempt 1) -> CACHE (3309 chars)
2026-08-08 08:48:56.753   Evaluator (deepseek-v3.2): alt 11 vs alt 21 (parse attempt 1) -> CACHE (2494 chars)
2026-08-08 08:48:56.753   Evaluator (deepseek-v3.2): alt 11 vs alt 22 (parse attempt 1) -> CACHE (4445 chars)
2026-08-08 08:48:56.753   Evaluator (deepseek-v3.2): alt 11 vs alt 23 (parse attempt 1) -> CACHE (4186 chars)
2026-08-08 08:48:56.753   Evaluator (deepseek-v3.2): alt 11 vs alt 24 (parse attempt 1) -> CACHE (2672 chars)
2026-08-08 08:48:56.753   Evaluator (deepseek-v3.2): alt 11 vs alt 25 (parse attempt 1) -> CACHE (4445 chars)
2026-08-08 08:48:56.754   Evaluator (deepseek-v3.2): alt 11 vs alt 26 (parse attempt 1) -> CACHE (2368 chars)
2026-08-08 08:48:56.754   Evaluator (deepseek-v3.2): alt 11 vs alt 27 (parse attempt 1) -> CACHE (2135 chars)
2026-08-08 08:48:56.754   Evaluator (deepseek-v3.2): alt 11 vs alt 28 (parse attempt 1) -> CACHE (2314 chars)
2026-08-08 08:48:56.754   Evaluator (deepseek-v3.2): alt 11 vs alt 29 (parse attempt 1) -> CACHE (1958 chars)
2026-08-08 08:48:56.754   Evaluator (deepseek-v3.2): alt 11 vs alt 30 (parse attempt 1) -> CACHE (4369 chars)
2026-08-08 08:48:56.754   Evaluator (deepseek-v3.2): alt 11 vs alt 31 (parse attempt 1) -> CACHE (1985 chars)
2026-08-08 08:48:56.755   Evaluator (deepseek-v3.2): alt 11 vs alt 32 (parse attempt 1) -> CACHE (3560 chars)
2026-08-08 08:48:56.755   Evaluator (deepseek-v3.2): alt 11 vs alt 33 (parse attempt 1) -> CACHE (4667 chars)
2026-08-08 08:48:56.755   Evaluator (deepseek-v3.2): alt 11 vs alt 34 (parse attempt 1) -> CACHE (3087 chars)
2026-08-08 08:48:56.759   Evaluator (deepseek-v3.2): alt 12 vs incumbent (parse attempt 1) -> CACHE (3842 chars)
2026-08-08 08:48:56.759 JSON parse failed (attempt 1/5): 'winner'
2026-08-08 08:48:56.759   Evaluator (deepseek-v3.2): alt 12 vs incumbent (parse attempt 2) -> CACHE (3155 chars)
2026-08-08 08:48:56.759   Evaluator (deepseek-v3.2): alt 12 vs alt 1 (parse attempt 1) -> CACHE (3842 chars)
2026-08-08 08:48:56.759 JSON parse failed (attempt 1/5): 'winner'
2026-08-08 08:48:56.759   Evaluator (deepseek-v3.2): alt 12 vs alt 1 (parse attempt 2) -> CACHE (4459 chars)
2026-08-08 08:48:56.760 JSON parse failed (attempt 2/5): 'winner'
2026-08-08 08:48:56.760   Evaluator (deepseek-v3.2): alt 12 vs alt 1 (parse attempt 3) -> CACHE (5156 chars)
2026-08-08 08:48:56.760 JSON parse failed (attempt 3/5): 'winner'
2026-08-08 08:48:56.760   Evaluator (deepseek-v3.2): alt 12 vs alt 1 (parse attempt 4) -> CACHE (5283 chars)
2026-08-08 08:48:56.760 JSON parse failed (attempt 4/5): 'winner'
2026-08-08 08:48:56.760   Evaluator (deepseek-v3.2): alt 12 vs alt 1 (parse attempt 5) -> CACHE (5371 chars)
2026-08-08 08:48:56.760 JSON parse failed (attempt 5/5): 'winner'
2026-08-08 08:48:56.760 ERROR: All JSON parse attempts failed for match, defaulting to tie
2026-08-08 08:48:56.760   Evaluator (deepseek-v3.2): alt 12 vs alt 2 (parse attempt 1) -> CACHE (3309 chars)
2026-08-08 08:48:56.760   Evaluator (deepseek-v3.2): alt 12 vs alt 3 (parse attempt 1) -> CACHE (2941 chars)
2026-08-08 08:48:56.761   Evaluator (deepseek-v3.2): alt 12 vs alt 4 (parse attempt 1) -> CACHE (3072 chars)
2026-08-08 08:48:56.761   Evaluator (deepseek-v3.2): alt 12 vs alt 5 (parse attempt 1) -> CACHE (3241 chars)
2026-08-08 08:48:56.761   Evaluator (deepseek-v3.2): alt 12 vs alt 6 (parse attempt 1) -> CACHE (3556 chars)
2026-08-08 08:48:56.761   Evaluator (deepseek-v3.2): alt 12 vs alt 7 (parse attempt 1) -> CACHE (3436 chars)
2026-08-08 08:48:56.761   Evaluator (deepseek-v3.2): alt 12 vs alt 8 (parse attempt 1) -> CACHE (2515 chars)
2026-08-08 08:48:56.761   Evaluator (deepseek-v3.2): alt 12 vs alt 9 (parse attempt 1) -> CACHE (3733 chars)
2026-08-08 08:48:56.762   Evaluator (deepseek-v3.2): alt 12 vs alt 10 (parse attempt 1) -> CACHE (3430 chars)
2026-08-08 08:48:56.762   Evaluator (deepseek-v3.2): alt 12 vs alt 11 (parse attempt 1) -> CACHE (3274 chars)
2026-08-08 08:48:56.762   Evaluator (deepseek-v3.2): alt 12 vs alt 13 (parse attempt 1) -> CACHE (2702 chars)
2026-08-08 08:48:56.762   Evaluator (deepseek-v3.2): alt 12 vs alt 14 (parse attempt 1) -> CACHE (2508 chars)
2026-08-08 08:48:56.762   Evaluator (deepseek-v3.2): alt 12 vs alt 15 (parse attempt 1) -> CACHE (2539 chars)
2026-08-08 08:48:56.763   Evaluator (deepseek-v3.2): alt 12 vs alt 16 (parse attempt 1) -> CACHE (2765 chars)
2026-08-08 08:48:56.763   Evaluator (deepseek-v3.2): alt 12 vs alt 17 (parse attempt 1) -> CACHE (2273 chars)
2026-08-08 08:48:56.763   Evaluator (deepseek-v3.2): alt 12 vs alt 18 (parse attempt 1) -> CACHE (2085 chars)
2026-08-08 08:48:56.763   Evaluator (deepseek-v3.2): alt 12 vs alt 19 (parse attempt 1) -> CACHE (3822 chars)
2026-08-08 08:48:56.763 JSON parse failed (attempt 1/5): 'winner'
2026-08-08 08:48:56.763   Evaluator (deepseek-v3.2): alt 12 vs alt 19 (parse attempt 2) -> CACHE (3113 chars)
2026-08-08 08:48:56.763   Evaluator (deepseek-v3.2): alt 12 vs alt 20 (parse attempt 1) -> CACHE (3724 chars)
2026-08-08 08:48:56.764   Evaluator (deepseek-v3.2): alt 12 vs alt 21 (parse attempt 1) -> CACHE (2592 chars)
2026-08-08 08:48:56.764   Evaluator (deepseek-v3.2): alt 12 vs alt 22 (parse attempt 1) -> CACHE (3051 chars)
2026-08-08 08:48:56.764   Evaluator (deepseek-v3.2): alt 12 vs alt 23 (parse attempt 1) -> CACHE (2686 chars)
2026-08-08 08:48:56.764   Evaluator (deepseek-v3.2): alt 12 vs alt 24 (parse attempt 1) -> CACHE (2360 chars)
2026-08-08 08:48:56.765   Evaluator (deepseek-v3.2): alt 12 vs alt 25 (parse attempt 1) -> CACHE (2156 chars)
2026-08-08 08:48:56.765   Evaluator (deepseek-v3.2): alt 12 vs alt 26 (parse attempt 1) -> CACHE (2436 chars)
2026-08-08 08:48:56.765   Evaluator (deepseek-v3.2): alt 12 vs alt 27 (parse attempt 1) -> CACHE (3453 chars)
2026-08-08 08:48:56.765   Evaluator (deepseek-v3.2): alt 12 vs alt 28 (parse attempt 1) -> CACHE (3843 chars)
2026-08-08 08:48:56.765   Evaluator (deepseek-v3.2): alt 12 vs alt 29 (parse attempt 1) -> CACHE (3356 chars)
2026-08-08 08:48:56.765   Evaluator (deepseek-v3.2): alt 12 vs alt 30 (parse attempt 1) -> CACHE (2928 chars)
2026-08-08 08:48:56.766   Evaluator (deepseek-v3.2): alt 12 vs alt 31 (parse attempt 1) -> CACHE (1937 chars)
2026-08-08 08:48:56.766   Evaluator (deepseek-v3.2): alt 12 vs alt 32 (parse attempt 1) -> CACHE (3952 chars)
2026-08-08 08:48:56.766 JSON parse failed (attempt 1/5): 'winner'
2026-08-08 08:48:56.766   Evaluator (deepseek-v3.2): alt 12 vs alt 32 (parse attempt 2) -> CACHE (2431 chars)
2026-08-08 08:48:56.766   Evaluator (deepseek-v3.2): alt 12 vs alt 33 (parse attempt 1) -> CACHE (2184 chars)
2026-08-08 08:48:56.766   Evaluator (deepseek-v3.2): alt 12 vs alt 34 (parse attempt 1) -> CACHE (3309 chars)
2026-08-08 08:48:56.770   Evaluator (deepseek-v3.2): alt 13 vs incumbent (parse attempt 1) -> CACHE (2401 chars)
2026-08-08 08:48:56.771   Evaluator (deepseek-v3.2): alt 13 vs alt 1 (parse attempt 1) -> CACHE (3108 chars)
2026-08-08 08:48:56.771   Evaluator (deepseek-v3.2): alt 13 vs alt 2 (parse attempt 1) -> CACHE (3266 chars)
2026-08-08 08:48:56.771   Evaluator (deepseek-v3.2): alt 13 vs alt 3 (parse attempt 1) -> CACHE (2183 chars)
2026-08-08 08:48:56.772   Evaluator (deepseek-v3.2): alt 13 vs alt 4 (parse attempt 1) -> CACHE (2767 chars)
2026-08-08 08:48:56.772   Evaluator (deepseek-v3.2): alt 13 vs alt 5 (parse attempt 1) -> CACHE (3304 chars)
2026-08-08 08:48:56.772   Evaluator (deepseek-v3.2): alt 13 vs alt 6 (parse attempt 1) -> CACHE (3636 chars)
2026-08-08 08:48:56.772   Evaluator (deepseek-v3.2): alt 13 vs alt 7 (parse attempt 1) -> CACHE (2127 chars)
2026-08-08 08:48:56.772   Evaluator (deepseek-v3.2): alt 13 vs alt 8 (parse attempt 1) -> CACHE (2192 chars)
2026-08-08 08:48:56.772   Evaluator (deepseek-v3.2): alt 13 vs alt 9 (parse attempt 1) -> CACHE (2893 chars)
2026-08-08 08:48:56.772 JSON parse failed (attempt 1/5): 'winner'
2026-08-08 08:48:56.773   Evaluator (deepseek-v3.2): alt 13 vs alt 9 (parse attempt 2) -> CACHE (2276 chars)
2026-08-08 08:48:56.773   Evaluator (deepseek-v3.2): alt 13 vs alt 10 (parse attempt 1) -> CACHE (2044 chars)
2026-08-08 08:48:56.773   Evaluator (deepseek-v3.2): alt 13 vs alt 11 (parse attempt 1) -> CACHE (2760 chars)
2026-08-08 08:48:56.773   Evaluator (deepseek-v3.2): alt 13 vs alt 12 (parse attempt 1) -> CACHE (3451 chars)
2026-08-08 08:48:56.773   Evaluator (deepseek-v3.2): alt 13 vs alt 14 (parse attempt 1) -> CACHE (2275 chars)
2026-08-08 08:48:56.773   Evaluator (deepseek-v3.2): alt 13 vs alt 15 (parse attempt 1) -> CACHE (3167 chars)
2026-08-08 08:48:56.774   Evaluator (deepseek-v3.2): alt 13 vs alt 16 (parse attempt 1) -> CACHE (2233 chars)
2026-08-08 08:48:56.774   Evaluator (deepseek-v3.2): alt 13 vs alt 17 (parse attempt 1) -> CACHE (1999 chars)
2026-08-08 08:48:56.774   Evaluator (deepseek-v3.2): alt 13 vs alt 18 (parse attempt 1) -> CACHE (2473 chars)
2026-08-08 08:48:56.774   Evaluator (deepseek-v3.2): alt 13 vs alt 19 (parse attempt 1) -> CACHE (3168 chars)
2026-08-08 08:48:56.774   Evaluator (deepseek-v3.2): alt 13 vs alt 20 (parse attempt 1) -> CACHE (3520 chars)
2026-08-08 08:48:56.774   Evaluator (deepseek-v3.2): alt 13 vs alt 21 (parse attempt 1) -> CACHE (2057 chars)
2026-08-08 08:48:56.775   Evaluator (deepseek-v3.2): alt 13 vs alt 22 (parse attempt 1) -> CACHE (2677 chars)
2026-08-08 08:48:56.775   Evaluator (deepseek-v3.2): alt 13 vs alt 23 (parse attempt 1) -> CACHE (2265 chars)
2026-08-08 08:48:56.775   Evaluator (deepseek-v3.2): alt 13 vs alt 24 (parse attempt 1) -> CACHE (2295 chars)
2026-08-08 08:48:56.775   Evaluator (deepseek-v3.2): alt 13 vs alt 25 (parse attempt 1) -> CACHE (2145 chars)
2026-08-08 08:48:56.775   Evaluator (deepseek-v3.2): alt 13 vs alt 26 (parse attempt 1) -> CACHE (2345 chars)
2026-08-08 08:48:56.776   Evaluator (deepseek-v3.2): alt 13 vs alt 27 (parse attempt 1) -> CACHE (3066 chars)
2026-08-08 08:48:56.776   Evaluator (deepseek-v3.2): alt 13 vs alt 28 (parse attempt 1) -> CACHE (2551 chars)
2026-08-08 08:48:56.776   Evaluator (deepseek-v3.2): alt 13 vs alt 29 (parse attempt 1) -> CACHE (2657 chars)
2026-08-08 08:48:56.776   Evaluator (deepseek-v3.2): alt 13 vs alt 30 (parse attempt 1) -> CACHE (1990 chars)
2026-08-08 08:48:56.776   Evaluator (deepseek-v3.2): alt 13 vs alt 31 (parse attempt 1) -> CACHE (2210 chars)
2026-08-08 08:48:56.776   Evaluator (deepseek-v3.2): alt 13 vs alt 32 (parse attempt 1) -> CACHE (2268 chars)
2026-08-08 08:48:56.777   Evaluator (deepseek-v3.2): alt 13 vs alt 33 (parse attempt 1) -> CACHE (3847 chars)
2026-08-08 08:48:56.777   Evaluator (deepseek-v3.2): alt 13 vs alt 34 (parse attempt 1) -> CACHE (2928 chars)
2026-08-08 08:48:56.781   Evaluator (deepseek-v3.2): alt 14 vs incumbent (parse attempt 1) -> CACHE (2446 chars)
2026-08-08 08:48:56.781   Evaluator (deepseek-v3.2): alt 14 vs alt 1 (parse attempt 1) -> CACHE (2464 chars)
2026-08-08 08:48:56.782   Evaluator (deepseek-v3.2): alt 14 vs alt 2 (parse attempt 1) -> CACHE (2734 chars)
2026-08-08 08:48:56.782   Evaluator (deepseek-v3.2): alt 14 vs alt 3 (parse attempt 1) -> CACHE (3419 chars)
2026-08-08 08:48:56.782   Evaluator (deepseek-v3.2): alt 14 vs alt 4 (parse attempt 1) -> CACHE (3322 chars)
2026-08-08 08:48:56.782   Evaluator (deepseek-v3.2): alt 14 vs alt 5 (parse attempt 1) -> CACHE (2487 chars)
2026-08-08 08:48:56.782   Evaluator (deepseek-v3.2): alt 14 vs alt 6 (parse attempt 1) -> CACHE (3010 chars)
2026-08-08 08:48:56.782 JSON parse failed (attempt 1/5): 'winner'
2026-08-08 08:48:56.783   Evaluator (deepseek-v3.2): alt 14 vs alt 6 (parse attempt 2) -> CACHE (3277 chars)
2026-08-08 08:48:56.783   Evaluator (deepseek-v3.2): alt 14 vs alt 7 (parse attempt 1) -> CACHE (2857 chars)
2026-08-08 08:48:56.783 JSON parse failed (attempt 1/5): 'winner'
2026-08-08 08:48:56.783   Evaluator (deepseek-v3.2): alt 14 vs alt 7 (parse attempt 2) -> CACHE (2771 chars)
2026-08-08 08:48:56.783   Evaluator (deepseek-v3.2): alt 14 vs alt 8 (parse attempt 1) -> CACHE (2345 chars)
2026-08-08 08:48:56.783   Evaluator (deepseek-v3.2): alt 14 vs alt 9 (parse attempt 1) -> CACHE (2913 chars)
2026-08-08 08:48:56.783   Evaluator (deepseek-v3.2): alt 14 vs alt 10 (parse attempt 1) -> CACHE (3416 chars)
2026-08-08 08:48:56.784   Evaluator (deepseek-v3.2): alt 14 vs alt 11 (parse attempt 1) -> CACHE (4001 chars)
2026-08-08 08:48:56.784   Evaluator (deepseek-v3.2): alt 14 vs alt 12 (parse attempt 1) -> CACHE (3116 chars)
2026-08-08 08:48:56.784   Evaluator (deepseek-v3.2): alt 14 vs alt 13 (parse attempt 1) -> CACHE (2203 chars)
2026-08-08 08:48:56.784   Evaluator (deepseek-v3.2): alt 14 vs alt 15 (parse attempt 1) -> CACHE (2466 chars)
2026-08-08 08:48:56.784   Evaluator (deepseek-v3.2): alt 14 vs alt 16 (parse attempt 1) -> CACHE (2319 chars)
2026-08-08 08:48:56.784   Evaluator (deepseek-v3.2): alt 14 vs alt 17 (parse attempt 1) -> CACHE (2533 chars)
2026-08-08 08:48:56.785   Evaluator (deepseek-v3.2): alt 14 vs alt 18 (parse attempt 1) -> CACHE (2536 chars)
2026-08-08 08:48:56.785   Evaluator (deepseek-v3.2): alt 14 vs alt 19 (parse attempt 1) -> CACHE (1842 chars)
2026-08-08 08:48:56.785   Evaluator (deepseek-v3.2): alt 14 vs alt 20 (parse attempt 1) -> CACHE (2423 chars)
2026-08-08 08:48:56.785   Evaluator (deepseek-v3.2): alt 14 vs alt 21 (parse attempt 1) -> CACHE (2624 chars)
2026-08-08 08:48:56.786   Evaluator (deepseek-v3.2): alt 14 vs alt 22 (parse attempt 1) -> CACHE (1979 chars)
2026-08-08 08:48:56.786   Evaluator (deepseek-v3.2): alt 14 vs alt 23 (parse attempt 1) -> CACHE (2334 chars)
2026-08-08 08:48:56.786   Evaluator (deepseek-v3.2): alt 14 vs alt 24 (parse attempt 1) -> CACHE (2280 chars)
2026-08-08 08:48:56.786   Evaluator (deepseek-v3.2): alt 14 vs alt 25 (parse attempt 1) -> CACHE (2951 chars)
2026-08-08 08:48:56.786   Evaluator (deepseek-v3.2): alt 14 vs alt 26 (parse attempt 1) -> CACHE (1586 chars)
2026-08-08 08:48:56.786   Evaluator (deepseek-v3.2): alt 14 vs alt 27 (parse attempt 1) -> CACHE (2219 chars)
2026-08-08 08:48:56.787   Evaluator (deepseek-v3.2): alt 14 vs alt 28 (parse attempt 1) -> CACHE (3370 chars)
2026-08-08 08:48:56.787   Evaluator (deepseek-v3.2): alt 14 vs alt 29 (parse attempt 1) -> CACHE (3392 chars)
2026-08-08 08:48:56.787   Evaluator (deepseek-v3.2): alt 14 vs alt 30 (parse attempt 1) -> CACHE (2735 chars)
2026-08-08 08:48:56.787   Evaluator (deepseek-v3.2): alt 14 vs alt 31 (parse attempt 1) -> CACHE (3493 chars)
2026-08-08 08:48:56.787   Evaluator (deepseek-v3.2): alt 14 vs alt 32 (parse attempt 1) -> CACHE (3567 chars)
2026-08-08 08:48:56.787 JSON parse failed (attempt 1/5): 'winner'
2026-08-08 08:48:56.787   Evaluator (deepseek-v3.2): alt 14 vs alt 32 (parse attempt 2) -> CACHE (3557 chars)
2026-08-08 08:48:56.787   Evaluator (deepseek-v3.2): alt 14 vs alt 33 (parse attempt 1) -> CACHE (3054 chars)
2026-08-08 08:48:56.788   Evaluator (deepseek-v3.2): alt 14 vs alt 34 (parse attempt 1) -> CACHE (3192 chars)
2026-08-08 08:48:56.792   Evaluator (deepseek-v3.2): alt 15 vs incumbent (parse attempt 1) -> CACHE (2926 chars)
2026-08-08 08:48:56.792   Evaluator (deepseek-v3.2): alt 15 vs alt 1 (parse attempt 1) -> CACHE (3017 chars)
2026-08-08 08:48:56.792   Evaluator (deepseek-v3.2): alt 15 vs alt 2 (parse attempt 1) -> CACHE (3228 chars)
2026-08-08 08:48:56.793   Evaluator (deepseek-v3.2): alt 15 vs alt 3 (parse attempt 1) -> CACHE (3466 chars)
2026-08-08 08:48:56.793   Evaluator (deepseek-v3.2): alt 15 vs alt 4 (parse attempt 1) -> CACHE (2371 chars)
2026-08-08 08:48:56.793   Evaluator (deepseek-v3.2): alt 15 vs alt 5 (parse attempt 1) -> CACHE (2977 chars)
2026-08-08 08:48:56.793   Evaluator (deepseek-v3.2): alt 15 vs alt 6 (parse attempt 1) -> CACHE (1807 chars)
2026-08-08 08:48:56.793   Evaluator (deepseek-v3.2): alt 15 vs alt 7 (parse attempt 1) -> CACHE (2429 chars)
2026-08-08 08:48:56.793   Evaluator (deepseek-v3.2): alt 15 vs alt 8 (parse attempt 1) -> CACHE (2478 chars)
2026-08-08 08:48:56.794   Evaluator (deepseek-v3.2): alt 15 vs alt 9 (parse attempt 1) -> CACHE (3165 chars)
2026-08-08 08:48:56.794   Evaluator (deepseek-v3.2): alt 15 vs alt 10 (parse attempt 1) -> CACHE (2439 chars)
2026-08-08 08:48:56.794   Evaluator (deepseek-v3.2): alt 15 vs alt 11 (parse attempt 1) -> CACHE (4291 chars)
2026-08-08 08:48:56.794 JSON parse failed (attempt 1/5): 'winner'
2026-08-08 08:48:56.794   Evaluator (deepseek-v3.2): alt 15 vs alt 11 (parse attempt 2) -> CACHE (3336 chars)
2026-08-08 08:48:56.794   Evaluator (deepseek-v3.2): alt 15 vs alt 12 (parse attempt 1) -> CACHE (2715 chars)
2026-08-08 08:48:56.794   Evaluator (deepseek-v3.2): alt 15 vs alt 13 (parse attempt 1) -> CACHE (3761 chars)
2026-08-08 08:48:56.795   Evaluator (deepseek-v3.2): alt 15 vs alt 14 (parse attempt 1) -> CACHE (2461 chars)
2026-08-08 08:48:56.795   Evaluator (deepseek-v3.2): alt 15 vs alt 16 (parse attempt 1) -> CACHE (3963 chars)
2026-08-08 08:48:56.795   Evaluator (deepseek-v3.2): alt 15 vs alt 17 (parse attempt 1) -> CACHE (2384 chars)
2026-08-08 08:48:56.795   Evaluator (deepseek-v3.2): alt 15 vs alt 18 (parse attempt 1) -> CACHE (2772 chars)
2026-08-08 08:48:56.795   Evaluator (deepseek-v3.2): alt 15 vs alt 19 (parse attempt 1) -> CACHE (1956 chars)
2026-08-08 08:48:56.795   Evaluator (deepseek-v3.2): alt 15 vs alt 20 (parse attempt 1) -> CACHE (3812 chars)
2026-08-08 08:48:56.796   Evaluator (deepseek-v3.2): alt 15 vs alt 21 (parse attempt 1) -> CACHE (3422 chars)
2026-08-08 08:48:56.796   Evaluator (deepseek-v3.2): alt 15 vs alt 22 (parse attempt 1) -> CACHE (2888 chars)
2026-08-08 08:48:56.796   Evaluator (deepseek-v3.2): alt 15 vs alt 23 (parse attempt 1) -> CACHE (2170 chars)
2026-08-08 08:48:56.796   Evaluator (deepseek-v3.2): alt 15 vs alt 24 (parse attempt 1) -> CACHE (3158 chars)
2026-08-08 08:48:56.796   Evaluator (deepseek-v3.2): alt 15 vs alt 25 (parse attempt 1) -> CACHE (2855 chars)
2026-08-08 08:48:56.796   Evaluator (deepseek-v3.2): alt 15 vs alt 26 (parse attempt 1) -> CACHE (1899 chars)
2026-08-08 08:48:56.797   Evaluator (deepseek-v3.2): alt 15 vs alt 27 (parse attempt 1) -> CACHE (3826 chars)
2026-08-08 08:48:56.797   Evaluator (deepseek-v3.2): alt 15 vs alt 28 (parse attempt 1) -> CACHE (2810 chars)
2026-08-08 08:48:56.797   Evaluator (deepseek-v3.2): alt 15 vs alt 29 (parse attempt 1) -> CACHE (2296 chars)
2026-08-08 08:48:56.797   Evaluator (deepseek-v3.2): alt 15 vs alt 30 (parse attempt 1) -> CACHE (1766 chars)
2026-08-08 08:48:56.797   Evaluator (deepseek-v3.2): alt 15 vs alt 31 (parse attempt 1) -> CACHE (3573 chars)
2026-08-08 08:48:56.797   Evaluator (deepseek-v3.2): alt 15 vs alt 32 (parse attempt 1) -> CACHE (3121 chars)
2026-08-08 08:48:56.798   Evaluator (deepseek-v3.2): alt 15 vs alt 33 (parse attempt 1) -> CACHE (2511 chars)
2026-08-08 08:48:56.798   Evaluator (deepseek-v3.2): alt 15 vs alt 34 (parse attempt 1) -> CACHE (2674 chars)
2026-08-08 08:49:04.816   Evaluator (deepseek-v3.2): alt 8 vs alt 52 (parse attempt 1) -> OK (1810 chars)
2026-08-08 08:49:05.097   Evaluator (deepseek-v3.2): alt 8 vs alt 41 (parse attempt 1) -> OK (2327 chars)
2026-08-08 08:49:05.300   Evaluator (deepseek-v3.2): alt 8 vs alt 39 (parse attempt 1) -> OK (2309 chars)
2026-08-08 08:49:05.306   Evaluator (deepseek-v3.2): alt 8 vs alt 36 (parse attempt 1) -> OK (1982 chars)
2026-08-08 08:49:05.614   Evaluator (deepseek-v3.2): alt 8 vs alt 43 (parse attempt 1) -> OK (1927 chars)
2026-08-08 08:49:06.183   Evaluator (deepseek-v3.2): alt 9 vs alt 35 (parse attempt 1) -> OK (2287 chars)
2026-08-08 08:49:06.824   Evaluator (deepseek-v3.2): alt 8 vs alt 56 (parse attempt 1) -> OK (2413 chars)
2026-08-08 08:49:06.884   Evaluator (deepseek-v3.2): alt 8 vs alt 38 (parse attempt 1) -> OK (2720 chars)
2026-08-08 08:49:07.323   Evaluator (deepseek-v3.2): alt 7 vs alt 60 (parse attempt 1) -> OK (2734 chars)
2026-08-08 08:49:07.778   Evaluator (deepseek-v3.2): alt 7 vs alt 63 (parse attempt 1) -> OK (2632 chars)
2026-08-08 08:49:08.097   Evaluator (deepseek-v3.2): alt 9 vs alt 39 (parse attempt 1) -> OK (2701 chars)
2026-08-08 08:49:08.458   Evaluator (deepseek-v3.2): alt 8 vs alt 35 (parse attempt 1) -> OK (3035 chars)
2026-08-08 08:49:09.017   Evaluator (deepseek-v3.2): alt 8 vs alt 47 (parse attempt 1) -> OK (2881 chars)
2026-08-08 08:49:09.228   Evaluator (deepseek-v3.2): alt 8 vs alt 45 (parse attempt 1) -> OK (3209 chars)
2026-08-08 08:49:09.271   Evaluator (deepseek-v3.2): alt 8 vs alt 63 (parse attempt 1) -> OK (2925 chars)
2026-08-08 08:49:09.387   Evaluator (deepseek-v3.2): alt 8 vs alt 58 (parse attempt 1) -> OK (3008 chars)
2026-08-08 08:49:10.010   Evaluator (deepseek-v3.2): alt 9 vs alt 37 (parse attempt 1) -> OK (3500 chars)
2026-08-08 08:49:10.077   Evaluator (deepseek-v3.2): alt 7 vs alt 62 (parse attempt 1) -> OK (3235 chars)
2026-08-08 08:49:10.155   Evaluator (deepseek-v3.2): alt 8 vs alt 46 (parse attempt 1) -> OK (4002 chars)
2026-08-08 08:49:10.368   Evaluator (deepseek-v3.2): alt 8 vs alt 57 (parse attempt 1) -> OK (3576 chars)
2026-08-08 08:49:10.414   Evaluator (deepseek-v3.2): alt 8 vs alt 51 (parse attempt 1) -> OK (3912 chars)
2026-08-08 08:49:10.414 JSON parse failed (attempt 1/5): 'winner'
2026-08-08 08:49:10.641   Evaluator (deepseek-v3.2): alt 8 vs alt 55 (parse attempt 1) -> OK (3587 chars)
2026-08-08 08:49:10.642 JSON parse failed (attempt 1/5): 'winner'
2026-08-08 08:49:10.886   Evaluator (deepseek-v3.2): alt 8 vs alt 40 (parse attempt 1) -> OK (4014 chars)
2026-08-08 08:49:11.275   Evaluator (deepseek-v3.2): alt 8 vs alt 48 (parse attempt 1) -> OK (4450 chars)
2026-08-08 08:49:11.470   Evaluator (deepseek-v3.2): alt 8 vs alt 61 (parse attempt 1) -> OK (4387 chars)
2026-08-08 08:49:11.511   Evaluator (deepseek-v3.2): alt 8 vs alt 59 (parse attempt 1) -> OK (3506 chars)
2026-08-08 08:49:12.124   Evaluator (deepseek-v3.2): alt 8 vs alt 50 (parse attempt 1) -> OK (3852 chars)
2026-08-08 08:49:12.232   Evaluator (deepseek-v3.2): alt 9 vs alt 41 (parse attempt 1) -> OK (3370 chars)
2026-08-08 08:49:12.233 JSON parse failed (attempt 1/5): 'winner'
2026-08-08 08:49:12.444   Evaluator (deepseek-v3.2): alt 8 vs alt 42 (parse attempt 1) -> OK (3798 chars)
2026-08-08 08:49:12.444 JSON parse failed (attempt 1/5): 'winner'
2026-08-08 08:49:12.784   Evaluator (deepseek-v3.2): alt 8 vs alt 60 (parse attempt 1) -> OK (3891 chars)
2026-08-08 08:49:12.784 JSON parse failed (attempt 1/5): 'winner'
2026-08-08 08:49:12.823   Evaluator (deepseek-v3.2): alt 8 vs alt 44 (parse attempt 1) -> OK (3760 chars)
2026-08-08 08:49:13.019   Evaluator (deepseek-v3.2): alt 9 vs alt 46 (parse attempt 1) -> OK (2005 chars)
2026-08-08 08:49:13.065   Evaluator (deepseek-v3.2): alt 8 vs alt 49 (parse attempt 1) -> OK (4866 chars)
2026-08-08 08:49:13.489   Evaluator (deepseek-v3.2): alt 9 vs alt 36 (parse attempt 1) -> OK (4547 chars)
2026-08-08 08:49:13.741   Evaluator (deepseek-v3.2): alt 8 vs alt 54 (parse attempt 1) -> OK (4073 chars)
2026-08-08 08:49:13.742 JSON parse failed (attempt 1/5): 'winner'
2026-08-08 08:49:14.539   Evaluator (deepseek-v3.2): alt 9 vs alt 50 (parse attempt 1) -> OK (1997 chars)
2026-08-08 08:49:14.718   Evaluator (deepseek-v3.2): alt 7 vs alt 61 (parse attempt 1) -> OK (2545 chars)
2026-08-08 08:49:15.518   Evaluator (deepseek-v3.2): alt 9 vs alt 38 (parse attempt 1) -> OK (4677 chars)
2026-08-08 08:49:16.204   Evaluator (deepseek-v3.2): alt 9 vs alt 49 (parse attempt 1) -> OK (2733 chars)
2026-08-08 08:49:16.654   Evaluator (deepseek-v3.2): alt 9 vs alt 42 (parse attempt 1) -> OK (3412 chars)
2026-08-08 08:49:16.941   Evaluator (deepseek-v3.2): alt 9 vs alt 47 (parse attempt 1) -> OK (3348 chars)
2026-08-08 08:49:17.224   Evaluator (deepseek-v3.2): alt 9 vs alt 43 (parse attempt 1) -> OK (3593 chars)
2026-08-08 08:49:17.520   Evaluator (deepseek-v3.2): alt 9 vs alt 45 (parse attempt 1) -> OK (3141 chars)
2026-08-08 08:49:17.607   Evaluator (deepseek-v3.2): alt 9 vs alt 44 (parse attempt 1) -> OK (2887 chars)
2026-08-08 08:49:18.481   Evaluator (deepseek-v3.2): alt 10 vs alt 38 (parse attempt 1) -> OK (1860 chars)
2026-08-08 08:49:18.527   Evaluator (deepseek-v3.2): alt 9 vs alt 53 (parse attempt 1) -> OK (2755 chars)
2026-08-08 08:49:19.185   Evaluator (deepseek-v3.2): alt 9 vs alt 40 (parse attempt 1) -> OK (5804 chars)
2026-08-08 08:49:19.205   Evaluator (deepseek-v3.2): alt 10 vs alt 37 (parse attempt 1) -> OK (2111 chars)
2026-08-08 08:49:19.328   Evaluator (deepseek-v3.2): alt 9 vs alt 56 (parse attempt 1) -> OK (2760 chars)
2026-08-08 08:49:19.363   Evaluator (deepseek-v3.2): alt 9 vs alt 52 (parse attempt 1) -> OK (2983 chars)
2026-08-08 08:49:19.460   Evaluator (deepseek-v3.2): alt 9 vs alt 51 (parse attempt 1) -> OK (2998 chars)
2026-08-08 08:49:19.573   Evaluator (deepseek-v3.2): alt 10 vs alt 43 (parse attempt 1) -> OK (2010 chars)
2026-08-08 08:49:19.960   Evaluator (deepseek-v3.2): alt 9 vs alt 58 (parse attempt 1) -> OK (2648 chars)
2026-08-08 08:49:19.982   Evaluator (deepseek-v3.2): alt 9 vs alt 55 (parse attempt 1) -> OK (2585 chars)
2026-08-08 08:49:20.204   Evaluator (deepseek-v3.2): alt 10 vs alt 35 (parse attempt 1) -> OK (2598 chars)
2026-08-08 08:49:20.233   Evaluator (deepseek-v3.2): alt 9 vs alt 54 (parse attempt 1) -> OK (2991 chars)
2026-08-08 08:49:20.287   Evaluator (deepseek-v3.2): alt 8 vs alt 62 (parse attempt 1) -> OK (3886 chars)
2026-08-08 08:49:20.639   Evaluator (deepseek-v3.2): alt 9 vs alt 61 (parse attempt 1) -> OK (2896 chars)
2026-08-08 08:49:20.646   Evaluator (deepseek-v3.2): alt 9 vs alt 48 (parse attempt 1) -> OK (3396 chars)
2026-08-08 08:49:20.851   Evaluator (deepseek-v3.2): alt 10 vs alt 36 (parse attempt 1) -> OK (2970 chars)
2026-08-08 08:49:21.478   Evaluator (deepseek-v3.2): alt 10 vs alt 40 (parse attempt 1) -> OK (2360 chars)
2026-08-08 08:49:21.500   Evaluator (deepseek-v3.2): alt 10 vs alt 41 (parse attempt 1) -> OK (2924 chars)
2026-08-08 08:49:21.588   Evaluator (deepseek-v3.2): alt 10 vs alt 39 (parse attempt 1) -> OK (2600 chars)
2026-08-08 08:49:21.797   Evaluator (deepseek-v3.2): alt 9 vs alt 59 (parse attempt 1) -> OK (3657 chars)
2026-08-08 08:49:22.414   Evaluator (deepseek-v3.2): alt 9 vs alt 63 (parse attempt 1) -> OK (3291 chars)
2026-08-08 08:49:23.218   Evaluator (deepseek-v3.2): alt 9 vs alt 57 (parse attempt 1) -> OK (4398 chars)
2026-08-08 08:49:23.442   Evaluator (deepseek-v3.2): alt 10 vs alt 46 (parse attempt 1) -> OK (3114 chars)
2026-08-08 08:49:23.664   Evaluator (deepseek-v3.2): alt 8 vs alt 53 (parse attempt 1) -> OK (4614 chars)
2026-08-08 08:49:23.664 JSON parse failed (attempt 1/5): 'winner'
2026-08-08 08:49:24.006   Evaluator (deepseek-v3.2): alt 10 vs alt 44 (parse attempt 1) -> OK (2698 chars)
2026-08-08 08:49:24.665   Evaluator (deepseek-v3.2): alt 10 vs alt 42 (parse attempt 1) -> OK (1720 chars)
2026-08-08 08:49:24.786   Evaluator (deepseek-v3.2): alt 10 vs alt 54 (parse attempt 1) -> OK (2090 chars)
2026-08-08 08:49:25.039   Evaluator (deepseek-v3.2): alt 9 vs alt 62 (parse attempt 1) -> OK (3826 chars)
2026-08-08 08:49:25.138   Evaluator (deepseek-v3.2): alt 10 vs alt 53 (parse attempt 1) -> OK (2095 chars)
2026-08-08 08:49:25.148   Evaluator (deepseek-v3.2): alt 10 vs alt 48 (parse attempt 1) -> OK (3098 chars)
2026-08-08 08:49:25.409   Evaluator (deepseek-v3.2): alt 10 vs alt 47 (parse attempt 1) -> OK (2710 chars)
2026-08-08 08:49:25.982   Evaluator (deepseek-v3.2): alt 8 vs alt 37 (parse attempt 1) -> OK (4169 chars)
2026-08-08 08:49:26.005   Evaluator (deepseek-v3.2): alt 10 vs alt 52 (parse attempt 1) -> OK (2420 chars)
2026-08-08 08:49:26.119   Evaluator (deepseek-v3.2): alt 10 vs alt 45 (parse attempt 1) -> OK (3068 chars)
2026-08-08 08:49:26.516   Evaluator (deepseek-v3.2): alt 10 vs alt 55 (parse attempt 1) -> OK (2574 chars)
2026-08-08 08:49:26.863   Evaluator (deepseek-v3.2): alt 10 vs alt 50 (parse attempt 1) -> OK (3954 chars)
2026-08-08 08:49:26.980   Evaluator (deepseek-v3.2): alt 10 vs alt 58 (parse attempt 1) -> OK (2676 chars)
2026-08-08 08:49:26.999   Evaluator (deepseek-v3.2): alt 9 vs alt 60 (parse attempt 1) -> OK (4549 chars)
2026-08-08 08:49:27.234   Evaluator (deepseek-v3.2): alt 10 vs alt 59 (parse attempt 1) -> OK (2209 chars)
2026-08-08 08:49:28.016   Evaluator (deepseek-v3.2): alt 10 vs alt 60 (parse attempt 1) -> OK (2454 chars)
2026-08-08 08:49:28.748   Evaluator (deepseek-v3.2): alt 10 vs alt 56 (parse attempt 1) -> OK (3502 chars)
2026-08-08 08:49:28.791   Evaluator (deepseek-v3.2): alt 10 vs alt 63 (parse attempt 1) -> OK (2508 chars)
2026-08-08 08:49:29.014   Evaluator (deepseek-v3.2): alt 11 vs alt 38 (parse attempt 1) -> OK (1831 chars)
2026-08-08 08:49:29.586   Evaluator (deepseek-v3.2): alt 10 vs alt 51 (parse attempt 1) -> OK (4150 chars)
2026-08-08 08:49:29.601   Evaluator (deepseek-v3.2): alt 11 vs alt 36 (parse attempt 1) -> OK (2145 chars)
2026-08-08 08:49:29.608   Evaluator (deepseek-v3.2): alt 10 vs alt 57 (parse attempt 1) -> OK (2988 chars)
2026-08-08 08:49:29.929   Evaluator (deepseek-v3.2): alt 10 vs alt 62 (parse attempt 1) -> OK (2766 chars)
2026-08-08 08:49:30.650   Evaluator (deepseek-v3.2): alt 10 vs alt 61 (parse attempt 1) -> OK (3485 chars)
2026-08-08 08:49:31.413   Evaluator (deepseek-v3.2): alt 11 vs alt 37 (parse attempt 1) -> OK (2462 chars)
2026-08-08 08:49:32.213   Evaluator (deepseek-v3.2): alt 11 vs alt 42 (parse attempt 1) -> OK (2472 chars)
2026-08-08 08:49:32.397   Evaluator (deepseek-v3.2): alt 11 vs alt 35 (parse attempt 1) -> OK (2857 chars)
2026-08-08 08:49:32.591   Evaluator (deepseek-v3.2): alt 10 vs alt 49 (parse attempt 1) -> OK (5142 chars)
2026-08-08 08:49:34.160   Evaluator (deepseek-v3.2): alt 11 vs alt 51 (parse attempt 1) -> OK (2692 chars)
2026-08-08 08:49:35.103   Evaluator (deepseek-v3.2): alt 12 vs alt 35 (parse attempt 1) -> OK (2424 chars)
2026-08-08 08:49:35.336   Evaluator (deepseek-v3.2): alt 11 vs alt 53 (parse attempt 1) -> OK (2480 chars)
2026-08-08 08:49:36.139   Evaluator (deepseek-v3.2): alt 11 vs alt 59 (parse attempt 1) -> OK (2703 chars)
2026-08-08 08:49:36.169   Evaluator (deepseek-v3.2): alt 11 vs alt 46 (parse attempt 1) -> OK (3853 chars)
2026-08-08 08:49:36.304   Evaluator (deepseek-v3.2): alt 11 vs alt 48 (parse attempt 1) -> OK (3521 chars)
2026-08-08 08:49:36.446   Evaluator (deepseek-v3.2): alt 11 vs alt 49 (parse attempt 1) -> OK (3613 chars)
2026-08-08 08:49:36.838   Evaluator (deepseek-v3.2): alt 11 vs alt 62 (parse attempt 1) -> OK (2608 chars)
2026-08-08 08:49:37.016   Evaluator (deepseek-v3.2): alt 11 vs alt 58 (parse attempt 1) -> OK (2990 chars)
2026-08-08 08:49:37.237   Evaluator (deepseek-v3.2): alt 12 vs alt 43 (parse attempt 1) -> OK (2242 chars)
2026-08-08 08:49:37.359   Evaluator (deepseek-v3.2): alt 11 vs alt 44 (parse attempt 1) -> OK (2368 chars)
2026-08-08 08:49:37.465   Evaluator (deepseek-v3.2): alt 11 vs alt 61 (parse attempt 1) -> OK (2927 chars)
2026-08-08 08:49:38.047   Evaluator (deepseek-v3.2): alt 11 vs alt 43 (parse attempt 1) -> OK (4009 chars)
2026-08-08 08:49:38.086   Evaluator (deepseek-v3.2): alt 11 vs alt 57 (parse attempt 1) -> OK (3545 chars)
2026-08-08 08:49:38.087 JSON parse failed (attempt 1/5): 'winner'
2026-08-08 08:49:38.090   Evaluator (deepseek-v3.2): alt 11 vs alt 60 (parse attempt 1) -> OK (3109 chars)
2026-08-08 08:49:38.365   Evaluator (deepseek-v3.2): alt 11 vs alt 54 (parse attempt 1) -> OK (3513 chars)
2026-08-08 08:49:38.496   Evaluator (deepseek-v3.2): alt 11 vs alt 39 (parse attempt 1) -> OK (2151 chars)
2026-08-08 08:49:38.850   Evaluator (deepseek-v3.2): alt 11 vs alt 63 (parse attempt 1) -> OK (3159 chars)
2026-08-08 08:49:38.895   Evaluator (deepseek-v3.2): alt 12 vs alt 41 (parse attempt 1) -> OK (2963 chars)
2026-08-08 08:49:38.902   Evaluator (deepseek-v3.2): alt 12 vs alt 36 (parse attempt 1) -> OK (3525 chars)
2026-08-08 08:49:39.102   Evaluator (deepseek-v3.2): alt 12 vs alt 44 (parse attempt 1) -> OK (2655 chars)
2026-08-08 08:49:39.160   Evaluator (deepseek-v3.2): alt 12 vs alt 39 (parse attempt 1) -> OK (3479 chars)
2026-08-08 08:49:39.254   Evaluator (deepseek-v3.2): alt 12 vs alt 46 (parse attempt 1) -> OK (2659 chars)
2026-08-08 08:49:39.373   Evaluator (deepseek-v3.2): alt 12 vs alt 37 (parse attempt 1) -> OK (3177 chars)
2026-08-08 08:49:39.488   Evaluator (deepseek-v3.2): alt 11 vs alt 41 (parse attempt 1) -> OK (2934 chars)
2026-08-08 08:49:40.526   Evaluator (deepseek-v3.2): alt 11 vs alt 40 (parse attempt 1) -> OK (3005 chars)
2026-08-08 08:49:40.622   Evaluator (deepseek-v3.2): alt 11 vs alt 56 (parse attempt 1) -> OK (2629 chars)
2026-08-08 08:49:40.832   Evaluator (deepseek-v3.2): alt 11 vs alt 47 (parse attempt 1) -> OK (2836 chars)
2026-08-08 08:49:40.991   Evaluator (deepseek-v3.2): alt 12 vs alt 45 (parse attempt 1) -> OK (3166 chars)
2026-08-08 08:49:41.312   Evaluator (deepseek-v3.2): alt 12 vs alt 42 (parse attempt 1) -> OK (3221 chars)
2026-08-08 08:49:41.732   Evaluator (deepseek-v3.2): alt 11 vs alt 50 (parse attempt 1) -> OK (2602 chars)
2026-08-08 08:49:42.055   Evaluator (deepseek-v3.2): alt 11 vs alt 52 (parse attempt 1) -> OK (2566 chars)
2026-08-08 08:49:42.506   Evaluator (deepseek-v3.2): alt 11 vs alt 45 (parse attempt 1) -> OK (4932 chars)
2026-08-08 08:49:42.647   Evaluator (deepseek-v3.2): alt 12 vs alt 48 (parse attempt 1) -> OK (2561 chars)
2026-08-08 08:49:43.352   Evaluator (deepseek-v3.2): alt 12 vs alt 47 (parse attempt 1) -> OK (3236 chars)
2026-08-08 08:49:43.928   Evaluator (deepseek-v3.2): alt 12 vs alt 50 (parse attempt 1) -> OK (3526 chars)
2026-08-08 08:49:44.565   Evaluator (deepseek-v3.2): alt 12 vs alt 38 (parse attempt 1) -> OK (4412 chars)
2026-08-08 08:49:44.722   Evaluator (deepseek-v3.2): alt 12 vs alt 49 (parse attempt 1) -> OK (3862 chars)
2026-08-08 08:49:45.688   Evaluator (deepseek-v3.2): alt 12 vs alt 56 (parse attempt 1) -> OK (2602 chars)
2026-08-08 08:49:45.918   Evaluator (deepseek-v3.2): alt 12 vs alt 52 (parse attempt 1) -> OK (3352 chars)
2026-08-08 08:49:46.261   Evaluator (deepseek-v3.2): alt 12 vs alt 40 (parse attempt 1) -> OK (4801 chars)
2026-08-08 08:49:46.525   Evaluator (deepseek-v3.2): alt 12 vs alt 58 (parse attempt 1) -> OK (2998 chars)
2026-08-08 08:49:47.091   Evaluator (deepseek-v3.2): alt 12 vs alt 59 (parse attempt 1) -> OK (2857 chars)
2026-08-08 08:49:47.419   Evaluator (deepseek-v3.2): alt 12 vs alt 54 (parse attempt 1) -> OK (3877 chars)
2026-08-08 08:49:47.777   Evaluator (deepseek-v3.2): alt 12 vs alt 53 (parse attempt 1) -> OK (2493 chars)
2026-08-08 08:49:48.120   Evaluator (deepseek-v3.2): alt 12 vs alt 51 (parse attempt 1) -> OK (3964 chars)
2026-08-08 08:49:48.287   Evaluator (deepseek-v3.2): alt 12 vs alt 55 (parse attempt 1) -> OK (3218 chars)
2026-08-08 08:49:48.899   Evaluator (deepseek-v3.2): alt 13 vs alt 46 (parse attempt 1) -> OK (2102 chars)
2026-08-08 08:49:48.937   Evaluator (deepseek-v3.2): alt 13 vs alt 41 (parse attempt 1) -> OK (2265 chars)
2026-08-08 08:49:49.086   Evaluator (deepseek-v3.2): alt 12 vs alt 63 (parse attempt 1) -> OK (3426 chars)
2026-08-08 08:49:49.440   Evaluator (deepseek-v3.2): alt 12 vs alt 57 (parse attempt 1) -> OK (3669 chars)
2026-08-08 08:49:49.465   Evaluator (deepseek-v3.2): alt 13 vs alt 42 (parse attempt 1) -> OK (2714 chars)
2026-08-08 08:49:49.698   Evaluator (deepseek-v3.2): alt 12 vs alt 62 (parse attempt 1) -> OK (3459 chars)
2026-08-08 08:49:49.708   Evaluator (deepseek-v3.2): alt 13 vs alt 39 (parse attempt 1) -> OK (2792 chars)
2026-08-08 08:49:49.709 JSON parse failed (attempt 1/5): 'winner'
2026-08-08 08:49:50.224   Evaluator (deepseek-v3.2): alt 13 vs alt 44 (parse attempt 1) -> OK (2644 chars)
2026-08-08 08:49:50.464   Evaluator (deepseek-v3.2): alt 12 vs alt 60 (parse attempt 1) -> OK (3694 chars)
2026-08-08 08:49:50.474   Evaluator (deepseek-v3.2): alt 13 vs alt 45 (parse attempt 1) -> OK (2813 chars)
2026-08-08 08:49:50.543   Evaluator (deepseek-v3.2): alt 13 vs alt 51 (parse attempt 1) -> OK (2313 chars)
2026-08-08 08:49:50.703   Evaluator (deepseek-v3.2): alt 13 vs alt 56 (parse attempt 1) -> OK (1775 chars)
2026-08-08 08:49:50.787   Evaluator (deepseek-v3.2): alt 11 vs alt 55 (parse attempt 1) -> OK (4537 chars)
2026-08-08 08:49:51.107   Evaluator (deepseek-v3.2): alt 13 vs alt 35 (parse attempt 1) -> OK (2892 chars)
2026-08-08 08:49:51.424   Evaluator (deepseek-v3.2): alt 13 vs alt 43 (parse attempt 1) -> OK (2769 chars)
2026-08-08 08:49:51.649   Evaluator (deepseek-v3.2): alt 12 vs alt 61 (parse attempt 1) -> OK (4046 chars)
2026-08-08 08:49:51.715   Evaluator (deepseek-v3.2): alt 13 vs alt 37 (parse attempt 1) -> OK (3437 chars)
2026-08-08 08:49:51.877   Evaluator (deepseek-v3.2): alt 13 vs alt 50 (parse attempt 1) -> OK (2828 chars)
2026-08-08 08:49:52.015   Evaluator (deepseek-v3.2): alt 13 vs alt 54 (parse attempt 1) -> OK (2254 chars)
2026-08-08 08:49:52.218   Evaluator (deepseek-v3.2): alt 13 vs alt 49 (parse attempt 1) -> OK (2732 chars)
2026-08-08 08:49:52.278   Evaluator (deepseek-v3.2): alt 13 vs alt 52 (parse attempt 1) -> OK (2883 chars)
2026-08-08 08:49:53.905   Evaluator (deepseek-v3.2): alt 13 vs alt 38 (parse attempt 1) -> OK (2494 chars)
2026-08-08 08:49:54.623   Evaluator (deepseek-v3.2): alt 13 vs alt 60 (parse attempt 1) -> OK (1963 chars)
2026-08-08 08:49:55.698   Evaluator (deepseek-v3.2): alt 13 vs alt 57 (parse attempt 1) -> OK (2657 chars)
2026-08-08 08:49:56.085   Evaluator (deepseek-v3.2): alt 13 vs alt 61 (parse attempt 1) -> OK (2567 chars)
2026-08-08 08:49:57.175   Evaluator (deepseek-v3.2): alt 13 vs alt 59 (parse attempt 1) -> OK (2890 chars)
2026-08-08 08:49:57.324   Evaluator (deepseek-v3.2): alt 13 vs alt 40 (parse attempt 1) -> OK (3937 chars)
2026-08-08 08:49:57.828   Evaluator (deepseek-v3.2): alt 13 vs alt 62 (parse attempt 1) -> OK (3085 chars)
2026-08-08 08:49:57.834   Evaluator (deepseek-v3.2): alt 14 vs alt 37 (parse attempt 1) -> OK (3392 chars)
2026-08-08 08:49:58.596   Evaluator (deepseek-v3.2): alt 13 vs alt 63 (parse attempt 1) -> OK (3132 chars)
2026-08-08 08:49:59.920   Evaluator (deepseek-v3.2): alt 14 vs alt 43 (parse attempt 1) -> OK (3828 chars)
2026-08-08 08:50:00.521   Evaluator (deepseek-v3.2): alt 14 vs alt 35 (parse attempt 1) -> OK (5039 chars)
2026-08-08 08:50:00.665   Evaluator (deepseek-v3.2): alt 14 vs alt 44 (parse attempt 1) -> OK (3860 chars)
2026-08-08 08:50:00.693   Evaluator (deepseek-v3.2): alt 14 vs alt 39 (parse attempt 1) -> OK (4324 chars)
2026-08-08 08:50:00.828   Evaluator (deepseek-v3.2): alt 14 vs alt 41 (parse attempt 1) -> OK (4395 chars)
2026-08-08 08:50:01.124   Evaluator (deepseek-v3.2): alt 14 vs alt 36 (parse attempt 1) -> OK (4946 chars)
2026-08-08 08:50:01.396   Evaluator (deepseek-v3.2): alt 14 vs alt 45 (parse attempt 1) -> OK (4277 chars)
2026-08-08 08:50:01.397 JSON parse failed (attempt 1/5): 'winner'
2026-08-08 08:50:01.610   Evaluator (deepseek-v3.2): alt 14 vs alt 48 (parse attempt 1) -> OK (3790 chars)
2026-08-08 08:50:01.770   Evaluator (deepseek-v3.2): alt 13 vs alt 36 (parse attempt 1) -> OK (3985 chars)
2026-08-08 08:50:02.033   Evaluator (deepseek-v3.2): alt 14 vs alt 56 (parse attempt 1) -> OK (3610 chars)
2026-08-08 08:50:02.042   Evaluator (deepseek-v3.2): alt 14 vs alt 49 (parse attempt 1) -> OK (3881 chars)
2026-08-08 08:50:02.204   Evaluator (deepseek-v3.2): alt 14 vs alt 42 (parse attempt 1) -> OK (4521 chars)
2026-08-08 08:50:02.229   Evaluator (deepseek-v3.2): alt 14 vs alt 40 (parse attempt 1) -> OK (4810 chars)
2026-08-08 08:50:02.379   Evaluator (deepseek-v3.2): alt 14 vs alt 38 (parse attempt 1) -> OK (4761 chars)
2026-08-08 08:50:02.398   Evaluator (deepseek-v3.2): alt 14 vs alt 47 (parse attempt 1) -> OK (4245 chars)
2026-08-08 08:50:02.697   Evaluator (deepseek-v3.2): alt 14 vs alt 54 (parse attempt 1) -> OK (3626 chars)
2026-08-08 08:50:02.862   Evaluator (deepseek-v3.2): alt 14 vs alt 51 (parse attempt 1) -> OK (4239 chars)
2026-08-08 08:50:02.862 JSON parse failed (attempt 1/5): 'winner'
2026-08-08 08:50:03.086   Evaluator (deepseek-v3.2): alt 14 vs alt 60 (parse attempt 1) -> OK (3651 chars)
2026-08-08 08:50:03.468   Evaluator (deepseek-v3.2): alt 13 vs alt 47 (parse attempt 1) -> OK (3702 chars)
2026-08-08 08:50:03.734   Evaluator (deepseek-v3.2): alt 14 vs alt 55 (parse attempt 1) -> OK (4616 chars)
2026-08-08 08:50:03.958   Evaluator (deepseek-v3.2): alt 14 vs alt 46 (parse attempt 1) -> OK (4806 chars)
2026-08-08 08:50:04.315   Evaluator (deepseek-v3.2): alt 13 vs alt 55 (parse attempt 1) -> OK (3755 chars)
2026-08-08 08:50:04.368   Evaluator (deepseek-v3.2): alt 14 vs alt 50 (parse attempt 1) -> OK (4932 chars)
2026-08-08 08:50:04.368 JSON parse failed (attempt 1/5): 'winner'
2026-08-08 08:50:04.564   Evaluator (deepseek-v3.2): alt 15 vs alt 36 (parse attempt 1) -> OK (2003 chars)
2026-08-08 08:50:04.878   Evaluator (deepseek-v3.2): alt 14 vs alt 58 (parse attempt 1) -> OK (4186 chars)
2026-08-08 08:50:04.897   Evaluator (deepseek-v3.2): alt 14 vs alt 52 (parse attempt 1) -> OK (5826 chars)
2026-08-08 08:50:04.897 JSON parse failed (attempt 1/5): 'winner'
2026-08-08 08:50:05.388   Evaluator (deepseek-v3.2): alt 14 vs alt 59 (parse attempt 1) -> OK (4457 chars)
2026-08-08 08:50:05.633   Evaluator (deepseek-v3.2): alt 15 vs alt 35 (parse attempt 1) -> OK (2600 chars)
2026-08-08 08:50:05.723   Evaluator (deepseek-v3.2): alt 14 vs alt 57 (parse attempt 1) -> OK (4958 chars)
2026-08-08 08:50:05.724 JSON parse failed (attempt 1/5): 'winner'
2026-08-08 08:50:05.802   Evaluator (deepseek-v3.2): alt 14 vs alt 53 (parse attempt 1) -> OK (4506 chars)
2026-08-08 08:50:06.040   Evaluator (deepseek-v3.2): alt 14 vs alt 61 (parse attempt 1) -> OK (5019 chars)
2026-08-08 08:50:06.041 JSON parse failed (attempt 1/5): 'winner'
2026-08-08 08:50:06.976   Evaluator (deepseek-v3.2): alt 13 vs alt 53 (parse attempt 1) -> OK (2740 chars)
2026-08-08 08:50:06.982   Evaluator (deepseek-v3.2): alt 14 vs alt 62 (parse attempt 1) -> OK (4363 chars)
2026-08-08 08:50:06.982 JSON parse failed (attempt 1/5): 'winner'
2026-08-08 08:50:07.331   Evaluator (deepseek-v3.2): alt 14 vs alt 63 (parse attempt 1) -> OK (4632 chars)
2026-08-08 08:50:07.795   Evaluator (deepseek-v3.2): alt 15 vs alt 38 (parse attempt 1) -> OK (3338 chars)
2026-08-08 08:50:07.893   Evaluator (deepseek-v3.2): alt 15 vs alt 40 (parse attempt 1) -> OK (2237 chars)
2026-08-08 08:50:08.037   Evaluator (deepseek-v3.2): alt 15 vs alt 43 (parse attempt 1) -> OK (2025 chars)
2026-08-08 08:50:09.275   Evaluator (deepseek-v3.2): alt 15 vs alt 44 (parse attempt 1) -> OK (2761 chars)
2026-08-08 08:50:09.369   Evaluator (deepseek-v3.2): alt 15 vs alt 41 (parse attempt 1) -> OK (2541 chars)
2026-08-08 08:50:09.446   Evaluator (deepseek-v3.2): alt 15 vs alt 37 (parse attempt 1) -> OK (3703 chars)
2026-08-08 08:50:09.567   Evaluator (deepseek-v3.2): alt 15 vs alt 51 (parse attempt 1) -> OK (1975 chars)
2026-08-08 08:50:09.573   Evaluator (deepseek-v3.2): alt 15 vs alt 46 (parse attempt 1) -> OK (2540 chars)
2026-08-08 08:50:10.307   Evaluator (deepseek-v3.2): alt 13 vs alt 58 (parse attempt 1) -> OK (5574 chars)
2026-08-08 08:50:10.747   Evaluator (deepseek-v3.2): alt 15 vs alt 52 (parse attempt 1) -> OK (2385 chars)
2026-08-08 08:50:11.125   Evaluator (deepseek-v3.2): alt 15 vs alt 55 (parse attempt 1) -> OK (2756 chars)
2026-08-08 08:50:11.458   Evaluator (deepseek-v3.2): alt 13 vs alt 48 (parse attempt 1) -> OK (3186 chars)
2026-08-08 08:50:12.314   Evaluator (deepseek-v3.2): alt 8 vs alt 54 (parse attempt 2) -> OK (1879 chars)
2026-08-08 08:50:12.359   Evaluator (deepseek-v3.2): alt 8 vs alt 60 (parse attempt 2) -> OK (1925 chars)
2026-08-08 08:50:12.435   Evaluator (deepseek-v3.2): alt 15 vs alt 39 (parse attempt 1) -> OK (3794 chars)
2026-08-08 08:50:12.901   Evaluator (deepseek-v3.2): alt 14 vs alt 62 (parse attempt 2) -> OK (2763 chars)
2026-08-08 08:50:12.959   Evaluator (deepseek-v3.2): alt 9 vs alt 41 (parse attempt 2) -> OK (2564 chars)
2026-08-08 08:50:13.077   Evaluator (deepseek-v3.2): alt 15 vs alt 47 (parse attempt 1) -> OK (2379 chars)
2026-08-08 08:50:13.318   Evaluator (deepseek-v3.2): alt 15 vs alt 50 (parse attempt 1) -> OK (3463 chars)
2026-08-08 08:50:13.442   Evaluator (deepseek-v3.2): alt 14 vs alt 45 (parse attempt 2) -> OK (4182 chars)
2026-08-08 08:50:13.453   Evaluator (deepseek-v3.2): alt 15 vs alt 54 (parse attempt 1) -> OK (3104 chars)
2026-08-08 08:50:13.544   Evaluator (deepseek-v3.2): alt 15 vs alt 53 (parse attempt 1) -> OK (3426 chars)
2026-08-08 08:50:14.308   Evaluator (deepseek-v3.2): alt 15 vs alt 42 (parse attempt 1) -> OK (3507 chars)
2026-08-08 08:50:14.481   Evaluator (deepseek-v3.2): alt 15 vs alt 49 (parse attempt 1) -> OK (3409 chars)
2026-08-08 08:50:14.505   Evaluator (deepseek-v3.2): alt 8 vs alt 51 (parse attempt 2) -> OK (3177 chars)
2026-08-08 08:50:15.449   Evaluator (deepseek-v3.2): alt 14 vs alt 50 (parse attempt 2) -> OK (4132 chars)
2026-08-08 08:50:15.449 JSON parse failed (attempt 2/5): 'winner'
2026-08-08 08:50:16.173   Evaluator (deepseek-v3.2): alt 14 vs alt 61 (parse attempt 2) -> OK (4721 chars)
2026-08-08 08:50:16.707   Evaluator (deepseek-v3.2): alt 14 vs alt 52 (parse attempt 2) -> OK (5549 chars)
2026-08-08 08:50:16.708 JSON parse failed (attempt 2/5): 'winner'
2026-08-08 08:50:16.790   Evaluator (deepseek-v3.2): alt 13 vs alt 39 (parse attempt 2) -> OK (3252 chars)
2026-08-08 08:50:17.012   Evaluator (deepseek-v3.2): alt 8 vs alt 42 (parse attempt 2) -> OK (3433 chars)
2026-08-08 08:50:17.074   Evaluator (deepseek-v3.2): alt 14 vs alt 51 (parse attempt 2) -> OK (4556 chars)
2026-08-08 08:50:17.074 JSON parse failed (attempt 2/5): 'winner'
2026-08-08 08:50:17.950   Evaluator (deepseek-v3.2): alt 14 vs alt 57 (parse attempt 2) -> OK (4565 chars)
2026-08-08 08:50:18.431   Evaluator (deepseek-v3.2): alt 11 vs alt 57 (parse attempt 2) -> OK (3888 chars)
2026-08-08 08:50:19.249   Evaluator (deepseek-v3.2): alt 15 vs alt 48 (parse attempt 1) -> OK (2777 chars)
2026-08-08 08:50:19.349   Evaluator (deepseek-v3.2): alt 15 vs alt 45 (parse attempt 1) -> OK (4807 chars)
2026-08-08 08:50:19.588   Evaluator (deepseek-v3.2): alt 8 vs alt 55 (parse attempt 2) -> OK (4414 chars)
2026-08-08 08:50:27.165   Evaluator (deepseek-v3.2): alt 14 vs alt 50 (parse attempt 3) -> OK (4122 chars)
2026-08-08 08:50:27.431   Evaluator (deepseek-v3.2): alt 8 vs alt 53 (parse attempt 2) -> OK (3534 chars)
2026-08-08 08:50:28.380   Evaluator (deepseek-v3.2): alt 14 vs alt 51 (parse attempt 3) -> OK (4435 chars)
2026-08-08 08:50:28.901   Evaluator (deepseek-v3.2): alt 14 vs alt 52 (parse attempt 3) -> OK (4893 chars)
2026-08-08 08:50:28.901   Evaluator batch 501-1000 / 4032 done
2026-08-08 08:50:28.919   Evaluator (deepseek-v3.2): alt 16 vs incumbent (parse attempt 1) -> CACHE (3358 chars)
2026-08-08 08:50:28.920   Evaluator (deepseek-v3.2): alt 16 vs alt 1 (parse attempt 1) -> CACHE (2418 chars)
2026-08-08 08:50:28.920   Evaluator (deepseek-v3.2): alt 16 vs alt 2 (parse attempt 1) -> CACHE (2659 chars)
2026-08-08 08:50:28.920   Evaluator (deepseek-v3.2): alt 16 vs alt 3 (parse attempt 1) -> CACHE (3430 chars)
2026-08-08 08:50:28.921   Evaluator (deepseek-v3.2): alt 16 vs alt 4 (parse attempt 1) -> CACHE (2318 chars)
2026-08-08 08:50:28.921   Evaluator (deepseek-v3.2): alt 16 vs alt 5 (parse attempt 1) -> CACHE (4036 chars)
2026-08-08 08:50:28.921   Evaluator (deepseek-v3.2): alt 16 vs alt 6 (parse attempt 1) -> CACHE (2092 chars)
2026-08-08 08:50:28.922   Evaluator (deepseek-v3.2): alt 16 vs alt 7 (parse attempt 1) -> CACHE (2455 chars)
2026-08-08 08:50:28.922   Evaluator (deepseek-v3.2): alt 16 vs alt 8 (parse attempt 1) -> CACHE (2847 chars)
2026-08-08 08:50:28.922   Evaluator (deepseek-v3.2): alt 16 vs alt 9 (parse attempt 1) -> CACHE (2425 chars)
2026-08-08 08:50:28.922   Evaluator (deepseek-v3.2): alt 16 vs alt 10 (parse attempt 1) -> CACHE (3764 chars)
2026-08-08 08:50:28.923   Evaluator (deepseek-v3.2): alt 16 vs alt 11 (parse attempt 1) -> CACHE (2509 chars)
2026-08-08 08:50:28.923   Evaluator (deepseek-v3.2): alt 16 vs alt 12 (parse attempt 1) -> CACHE (2137 chars)
2026-08-08 08:50:28.923   Evaluator (deepseek-v3.2): alt 16 vs alt 13 (parse attempt 1) -> CACHE (2132 chars)
2026-08-08 08:50:28.923   Evaluator (deepseek-v3.2): alt 16 vs alt 14 (parse attempt 1) -> CACHE (2208 chars)
2026-08-08 08:50:28.923   Evaluator (deepseek-v3.2): alt 16 vs alt 15 (parse attempt 1) -> CACHE (2379 chars)
2026-08-08 08:50:28.924   Evaluator (deepseek-v3.2): alt 16 vs alt 17 (parse attempt 1) -> CACHE (3861 chars)
2026-08-08 08:50:28.924   Evaluator (deepseek-v3.2): alt 16 vs alt 18 (parse attempt 1) -> CACHE (2873 chars)
2026-08-08 08:50:28.924   Evaluator (deepseek-v3.2): alt 16 vs alt 19 (parse attempt 1) -> CACHE (2397 chars)
2026-08-08 08:50:28.924   Evaluator (deepseek-v3.2): alt 16 vs alt 20 (parse attempt 1) -> CACHE (3524 chars)
2026-08-08 08:50:28.924 JSON parse failed (attempt 1/5): Invalid control character at: line 1 column 2946 (char 2945)
2026-08-08 08:50:28.925   Evaluator (deepseek-v3.2): alt 16 vs alt 20 (parse attempt 2) -> CACHE (1886 chars)
2026-08-08 08:50:28.925   Evaluator (deepseek-v3.2): alt 16 vs alt 21 (parse attempt 1) -> CACHE (3019 chars)
2026-08-08 08:50:28.925   Evaluator (deepseek-v3.2): alt 16 vs alt 22 (parse attempt 1) -> CACHE (2274 chars)
2026-08-08 08:50:28.925   Evaluator (deepseek-v3.2): alt 16 vs alt 23 (parse attempt 1) -> CACHE (2339 chars)
2026-08-08 08:50:28.925   Evaluator (deepseek-v3.2): alt 16 vs alt 24 (parse attempt 1) -> CACHE (1912 chars)
2026-08-08 08:50:28.926   Evaluator (deepseek-v3.2): alt 16 vs alt 25 (parse attempt 1) -> CACHE (1941 chars)
2026-08-08 08:50:28.926   Evaluator (deepseek-v3.2): alt 16 vs alt 26 (parse attempt 1) -> CACHE (3735 chars)
2026-08-08 08:50:28.926   Evaluator (deepseek-v3.2): alt 16 vs alt 27 (parse attempt 1) -> CACHE (2574 chars)
2026-08-08 08:50:28.926   Evaluator (deepseek-v3.2): alt 16 vs alt 28 (parse attempt 1) -> CACHE (3378 chars)
2026-08-08 08:50:28.927   Evaluator (deepseek-v3.2): alt 16 vs alt 29 (parse attempt 1) -> CACHE (3295 chars)
2026-08-08 08:50:28.927   Evaluator (deepseek-v3.2): alt 16 vs alt 30 (parse attempt 1) -> CACHE (2998 chars)
2026-08-08 08:50:28.927   Evaluator (deepseek-v3.2): alt 16 vs alt 31 (parse attempt 1) -> CACHE (2289 chars)
2026-08-08 08:50:28.927   Evaluator (deepseek-v3.2): alt 16 vs alt 32 (parse attempt 1) -> CACHE (2892 chars)
2026-08-08 08:50:28.927   Evaluator (deepseek-v3.2): alt 16 vs alt 33 (parse attempt 1) -> CACHE (2398 chars)
2026-08-08 08:50:28.928   Evaluator (deepseek-v3.2): alt 16 vs alt 34 (parse attempt 1) -> CACHE (4070 chars)
2026-08-08 08:50:28.976   Evaluator (deepseek-v3.2): alt 17 vs incumbent (parse attempt 1) -> CACHE (2640 chars)
2026-08-08 08:50:28.976   Evaluator (deepseek-v3.2): alt 17 vs alt 1 (parse attempt 1) -> CACHE (3124 chars)
2026-08-08 08:50:28.977   Evaluator (deepseek-v3.2): alt 17 vs alt 2 (parse attempt 1) -> CACHE (2193 chars)
2026-08-08 08:50:28.977   Evaluator (deepseek-v3.2): alt 17 vs alt 3 (parse attempt 1) -> CACHE (2982 chars)
2026-08-08 08:50:28.977   Evaluator (deepseek-v3.2): alt 17 vs alt 4 (parse attempt 1) -> CACHE (2062 chars)
2026-08-08 08:50:28.977   Evaluator (deepseek-v3.2): alt 17 vs alt 5 (parse attempt 1) -> CACHE (1621 chars)
2026-08-08 08:50:28.977   Evaluator (deepseek-v3.2): alt 17 vs alt 6 (parse attempt 1) -> CACHE (2801 chars)
2026-08-08 08:50:28.978   Evaluator (deepseek-v3.2): alt 17 vs alt 7 (parse attempt 1) -> CACHE (4489 chars)
2026-08-08 08:50:28.978 JSON parse failed (attempt 1/5): 'winner'
2026-08-08 08:50:28.978   Evaluator (deepseek-v3.2): alt 17 vs alt 7 (parse attempt 2) -> CACHE (5584 chars)
2026-08-08 08:50:28.978   Evaluator (deepseek-v3.2): alt 17 vs alt 8 (parse attempt 1) -> CACHE (2350 chars)
2026-08-08 08:50:28.978   Evaluator (deepseek-v3.2): alt 17 vs alt 9 (parse attempt 1) -> CACHE (3368 chars)
2026-08-08 08:50:28.978   Evaluator (deepseek-v3.2): alt 17 vs alt 10 (parse attempt 1) -> CACHE (1172 chars)
2026-08-08 08:50:28.978   Evaluator (deepseek-v3.2): alt 17 vs alt 11 (parse attempt 1) -> CACHE (2119 chars)
2026-08-08 08:50:28.979   Evaluator (deepseek-v3.2): alt 17 vs alt 12 (parse attempt 1) -> CACHE (3021 chars)
2026-08-08 08:50:28.979   Evaluator (deepseek-v3.2): alt 17 vs alt 13 (parse attempt 1) -> CACHE (3123 chars)
2026-08-08 08:50:28.979   Evaluator (deepseek-v3.2): alt 17 vs alt 14 (parse attempt 1) -> CACHE (2541 chars)
2026-08-08 08:50:28.979   Evaluator (deepseek-v3.2): alt 17 vs alt 15 (parse attempt 1) -> CACHE (2941 chars)
2026-08-08 08:50:28.979   Evaluator (deepseek-v3.2): alt 17 vs alt 16 (parse attempt 1) -> CACHE (2051 chars)
2026-08-08 08:50:28.979   Evaluator (deepseek-v3.2): alt 17 vs alt 18 (parse attempt 1) -> CACHE (2954 chars)
2026-08-08 08:50:28.979   Evaluator (deepseek-v3.2): alt 17 vs alt 19 (parse attempt 1) -> CACHE (4363 chars)
2026-08-08 08:50:28.980 JSON parse failed (attempt 1/5): 'winner'
2026-08-08 08:50:28.980   Evaluator (deepseek-v3.2): alt 17 vs alt 19 (parse attempt 2) -> CACHE (2461 chars)
2026-08-08 08:50:28.980   Evaluator (deepseek-v3.2): alt 17 vs alt 20 (parse attempt 1) -> CACHE (1940 chars)
2026-08-08 08:50:28.980   Evaluator (deepseek-v3.2): alt 17 vs alt 21 (parse attempt 1) -> CACHE (2646 chars)
2026-08-08 08:50:28.980   Evaluator (deepseek-v3.2): alt 17 vs alt 22 (parse attempt 1) -> CACHE (3092 chars)
2026-08-08 08:50:28.980   Evaluator (deepseek-v3.2): alt 17 vs alt 23 (parse attempt 1) -> CACHE (2569 chars)
2026-08-08 08:50:28.980   Evaluator (deepseek-v3.2): alt 17 vs alt 24 (parse attempt 1) -> CACHE (3720 chars)
2026-08-08 08:50:28.980   Evaluator (deepseek-v3.2): alt 17 vs alt 25 (parse attempt 1) -> CACHE (3648 chars)
2026-08-08 08:50:28.981   Evaluator (deepseek-v3.2): alt 17 vs alt 26 (parse attempt 1) -> CACHE (3953 chars)
2026-08-08 08:50:28.981   Evaluator (deepseek-v3.2): alt 17 vs alt 27 (parse attempt 1) -> CACHE (2458 chars)
2026-08-08 08:50:28.981   Evaluator (deepseek-v3.2): alt 17 vs alt 28 (parse attempt 1) -> CACHE (2386 chars)
2026-08-08 08:50:28.981   Evaluator (deepseek-v3.2): alt 17 vs alt 29 (parse attempt 1) -> CACHE (2398 chars)
2026-08-08 08:50:28.981   Evaluator (deepseek-v3.2): alt 17 vs alt 30 (parse attempt 1) -> CACHE (3951 chars)
2026-08-08 08:50:28.981   Evaluator (deepseek-v3.2): alt 17 vs alt 31 (parse attempt 1) -> CACHE (3171 chars)
2026-08-08 08:50:28.981   Evaluator (deepseek-v3.2): alt 17 vs alt 32 (parse attempt 1) -> CACHE (2050 chars)
2026-08-08 08:50:28.982   Evaluator (deepseek-v3.2): alt 17 vs alt 33 (parse attempt 1) -> CACHE (1944 chars)
2026-08-08 08:50:28.982   Evaluator (deepseek-v3.2): alt 17 vs alt 34 (parse attempt 1) -> CACHE (3534 chars)
2026-08-08 08:50:28.989   Evaluator (deepseek-v3.2): alt 18 vs incumbent (parse attempt 1) -> CACHE (2166 chars)
2026-08-08 08:50:28.989 JSON parse failed (attempt 1/5): 'winner'
2026-08-08 08:50:28.989   Evaluator (deepseek-v3.2): alt 18 vs incumbent (parse attempt 2) -> CACHE (3674 chars)
2026-08-08 08:50:28.989   Evaluator (deepseek-v3.2): alt 18 vs alt 1 (parse attempt 1) -> CACHE (2846 chars)
2026-08-08 08:50:28.989   Evaluator (deepseek-v3.2): alt 18 vs alt 2 (parse attempt 1) -> CACHE (4409 chars)
2026-08-08 08:50:28.989   Evaluator (deepseek-v3.2): alt 18 vs alt 3 (parse attempt 1) -> CACHE (3683 chars)
2026-08-08 08:50:28.990   Evaluator (deepseek-v3.2): alt 18 vs alt 4 (parse attempt 1) -> CACHE (4594 chars)
2026-08-08 08:50:28.990   Evaluator (deepseek-v3.2): alt 18 vs alt 5 (parse attempt 1) -> CACHE (1977 chars)
2026-08-08 08:50:28.990   Evaluator (deepseek-v3.2): alt 18 vs alt 6 (parse attempt 1) -> CACHE (2269 chars)
2026-08-08 08:50:28.990   Evaluator (deepseek-v3.2): alt 18 vs alt 7 (parse attempt 1) -> CACHE (2678 chars)
2026-08-08 08:50:28.990   Evaluator (deepseek-v3.2): alt 18 vs alt 8 (parse attempt 1) -> CACHE (2872 chars)
2026-08-08 08:50:28.990   Evaluator (deepseek-v3.2): alt 18 vs alt 9 (parse attempt 1) -> CACHE (1911 chars)
2026-08-08 08:50:28.991   Evaluator (deepseek-v3.2): alt 18 vs alt 10 (parse attempt 1) -> CACHE (2248 chars)
2026-08-08 08:50:28.991   Evaluator (deepseek-v3.2): alt 18 vs alt 11 (parse attempt 1) -> CACHE (2365 chars)
2026-08-08 08:50:28.991   Evaluator (deepseek-v3.2): alt 18 vs alt 12 (parse attempt 1) -> CACHE (3757 chars)
2026-08-08 08:50:28.991   Evaluator (deepseek-v3.2): alt 18 vs alt 13 (parse attempt 1) -> CACHE (3383 chars)
2026-08-08 08:50:28.991   Evaluator (deepseek-v3.2): alt 18 vs alt 14 (parse attempt 1) -> CACHE (2891 chars)
2026-08-08 08:50:28.991   Evaluator (deepseek-v3.2): alt 18 vs alt 15 (parse attempt 1) -> CACHE (3164 chars)
2026-08-08 08:50:28.991   Evaluator (deepseek-v3.2): alt 18 vs alt 16 (parse attempt 1) -> CACHE (2746 chars)
2026-08-08 08:50:28.992   Evaluator (deepseek-v3.2): alt 18 vs alt 17 (parse attempt 1) -> CACHE (3796 chars)
2026-08-08 08:50:28.992   Evaluator (deepseek-v3.2): alt 18 vs alt 19 (parse attempt 1) -> CACHE (2169 chars)
2026-08-08 08:50:28.992   Evaluator (deepseek-v3.2): alt 18 vs alt 20 (parse attempt 1) -> CACHE (2834 chars)
2026-08-08 08:50:28.992   Evaluator (deepseek-v3.2): alt 18 vs alt 21 (parse attempt 1) -> CACHE (2607 chars)
2026-08-08 08:50:28.992   Evaluator (deepseek-v3.2): alt 18 vs alt 22 (parse attempt 1) -> CACHE (2062 chars)
2026-08-08 08:50:28.992   Evaluator (deepseek-v3.2): alt 18 vs alt 23 (parse attempt 1) -> CACHE (2203 chars)
2026-08-08 08:50:28.993   Evaluator (deepseek-v3.2): alt 18 vs alt 24 (parse attempt 1) -> CACHE (2288 chars)
2026-08-08 08:50:28.993   Evaluator (deepseek-v3.2): alt 18 vs alt 25 (parse attempt 1) -> CACHE (2709 chars)
2026-08-08 08:50:28.993   Evaluator (deepseek-v3.2): alt 18 vs alt 26 (parse attempt 1) -> CACHE (1888 chars)
2026-08-08 08:50:28.993   Evaluator (deepseek-v3.2): alt 18 vs alt 27 (parse attempt 1) -> CACHE (2224 chars)
2026-08-08 08:50:28.993   Evaluator (deepseek-v3.2): alt 18 vs alt 28 (parse attempt 1) -> CACHE (2593 chars)
2026-08-08 08:50:28.993   Evaluator (deepseek-v3.2): alt 18 vs alt 29 (parse attempt 1) -> CACHE (2081 chars)
2026-08-08 08:50:28.993   Evaluator (deepseek-v3.2): alt 18 vs alt 30 (parse attempt 1) -> CACHE (3650 chars)
2026-08-08 08:50:28.994   Evaluator (deepseek-v3.2): alt 18 vs alt 31 (parse attempt 1) -> CACHE (2710 chars)
2026-08-08 08:50:28.994   Evaluator (deepseek-v3.2): alt 18 vs alt 32 (parse attempt 1) -> CACHE (2136 chars)
2026-08-08 08:50:28.994   Evaluator (deepseek-v3.2): alt 18 vs alt 33 (parse attempt 1) -> CACHE (2948 chars)
2026-08-08 08:50:28.994   Evaluator (deepseek-v3.2): alt 18 vs alt 34 (parse attempt 1) -> CACHE (2021 chars)
2026-08-08 08:50:28.998   Evaluator (deepseek-v3.2): alt 19 vs incumbent (parse attempt 1) -> CACHE (2712 chars)
2026-08-08 08:50:28.998   Evaluator (deepseek-v3.2): alt 19 vs alt 1 (parse attempt 1) -> CACHE (3492 chars)
2026-08-08 08:50:28.998   Evaluator (deepseek-v3.2): alt 19 vs alt 2 (parse attempt 1) -> CACHE (2492 chars)
2026-08-08 08:50:28.998   Evaluator (deepseek-v3.2): alt 19 vs alt 3 (parse attempt 1) -> CACHE (2601 chars)
2026-08-08 08:50:28.998   Evaluator (deepseek-v3.2): alt 19 vs alt 4 (parse attempt 1) -> CACHE (2524 chars)
2026-08-08 08:50:28.999   Evaluator (deepseek-v3.2): alt 19 vs alt 5 (parse attempt 1) -> CACHE (2565 chars)
2026-08-08 08:50:28.999   Evaluator (deepseek-v3.2): alt 19 vs alt 6 (parse attempt 1) -> CACHE (2732 chars)
2026-08-08 08:50:28.999   Evaluator (deepseek-v3.2): alt 19 vs alt 7 (parse attempt 1) -> CACHE (2273 chars)
2026-08-08 08:50:28.999   Evaluator (deepseek-v3.2): alt 19 vs alt 8 (parse attempt 1) -> CACHE (2792 chars)
2026-08-08 08:50:28.999   Evaluator (deepseek-v3.2): alt 19 vs alt 9 (parse attempt 1) -> CACHE (2404 chars)
2026-08-08 08:50:28.999   Evaluator (deepseek-v3.2): alt 19 vs alt 10 (parse attempt 1) -> CACHE (2336 chars)
2026-08-08 08:50:28.999   Evaluator (deepseek-v3.2): alt 19 vs alt 11 (parse attempt 1) -> CACHE (2186 chars)
2026-08-08 08:50:29.000   Evaluator (deepseek-v3.2): alt 19 vs alt 12 (parse attempt 1) -> CACHE (2072 chars)
2026-08-08 08:50:29.000   Evaluator (deepseek-v3.2): alt 19 vs alt 13 (parse attempt 1) -> CACHE (3922 chars)
2026-08-08 08:50:29.000   Evaluator (deepseek-v3.2): alt 19 vs alt 14 (parse attempt 1) -> CACHE (4579 chars)
2026-08-08 08:50:29.000   Evaluator (deepseek-v3.2): alt 19 vs alt 15 (parse attempt 1) -> CACHE (1760 chars)
2026-08-08 08:50:29.000   Evaluator (deepseek-v3.2): alt 19 vs alt 16 (parse attempt 1) -> CACHE (2006 chars)
2026-08-08 08:50:29.000   Evaluator (deepseek-v3.2): alt 19 vs alt 17 (parse attempt 1) -> CACHE (4030 chars)
2026-08-08 08:50:29.001   Evaluator (deepseek-v3.2): alt 19 vs alt 18 (parse attempt 1) -> CACHE (3289 chars)
2026-08-08 08:50:29.001   Evaluator (deepseek-v3.2): alt 19 vs alt 20 (parse attempt 1) -> CACHE (2528 chars)
2026-08-08 08:50:29.001   Evaluator (deepseek-v3.2): alt 19 vs alt 21 (parse attempt 1) -> CACHE (3890 chars)
2026-08-08 08:50:29.001   Evaluator (deepseek-v3.2): alt 19 vs alt 22 (parse attempt 1) -> CACHE (3728 chars)
2026-08-08 08:50:29.001 JSON parse failed (attempt 1/5): 'winner'
2026-08-08 08:50:29.001   Evaluator (deepseek-v3.2): alt 19 vs alt 22 (parse attempt 2) -> CACHE (1806 chars)
2026-08-08 08:50:29.001   Evaluator (deepseek-v3.2): alt 19 vs alt 23 (parse attempt 1) -> CACHE (3488 chars)
2026-08-08 08:50:29.001   Evaluator (deepseek-v3.2): alt 19 vs alt 24 (parse attempt 1) -> CACHE (2844 chars)
2026-08-08 08:50:29.002   Evaluator (deepseek-v3.2): alt 19 vs alt 25 (parse attempt 1) -> CACHE (2269 chars)
2026-08-08 08:50:29.002   Evaluator (deepseek-v3.2): alt 19 vs alt 26 (parse attempt 1) -> CACHE (2155 chars)
2026-08-08 08:50:29.002   Evaluator (deepseek-v3.2): alt 19 vs alt 27 (parse attempt 1) -> CACHE (2762 chars)
2026-08-08 08:50:29.002   Evaluator (deepseek-v3.2): alt 19 vs alt 28 (parse attempt 1) -> CACHE (3106 chars)
2026-08-08 08:50:29.002   Evaluator (deepseek-v3.2): alt 19 vs alt 29 (parse attempt 1) -> CACHE (3031 chars)
2026-08-08 08:50:29.002   Evaluator (deepseek-v3.2): alt 19 vs alt 30 (parse attempt 1) -> CACHE (2252 chars)
2026-08-08 08:50:29.003   Evaluator (deepseek-v3.2): alt 19 vs alt 31 (parse attempt 1) -> CACHE (3220 chars)
2026-08-08 08:50:29.003   Evaluator (deepseek-v3.2): alt 19 vs alt 32 (parse attempt 1) -> CACHE (2649 chars)
2026-08-08 08:50:29.003   Evaluator (deepseek-v3.2): alt 19 vs alt 33 (parse attempt 1) -> CACHE (4072 chars)
2026-08-08 08:50:29.003   Evaluator (deepseek-v3.2): alt 19 vs alt 34 (parse attempt 1) -> CACHE (3202 chars)
2026-08-08 08:50:29.006   Evaluator (deepseek-v3.2): alt 20 vs incumbent (parse attempt 1) -> CACHE (2202 chars)
2026-08-08 08:50:29.007   Evaluator (deepseek-v3.2): alt 20 vs alt 1 (parse attempt 1) -> CACHE (3060 chars)
2026-08-08 08:50:29.007   Evaluator (deepseek-v3.2): alt 20 vs alt 2 (parse attempt 1) -> CACHE (1168 chars)
2026-08-08 08:50:29.007   Evaluator (deepseek-v3.2): alt 20 vs alt 3 (parse attempt 1) -> CACHE (2172 chars)
2026-08-08 08:50:29.007   Evaluator (deepseek-v3.2): alt 20 vs alt 4 (parse attempt 1) -> CACHE (2755 chars)
2026-08-08 08:50:29.007   Evaluator (deepseek-v3.2): alt 20 vs alt 5 (parse attempt 1) -> CACHE (2198 chars)
2026-08-08 08:50:29.007   Evaluator (deepseek-v3.2): alt 20 vs alt 6 (parse attempt 1) -> CACHE (2841 chars)
2026-08-08 08:50:29.008   Evaluator (deepseek-v3.2): alt 20 vs alt 7 (parse attempt 1) -> CACHE (3312 chars)
2026-08-08 08:50:29.008   Evaluator (deepseek-v3.2): alt 20 vs alt 8 (parse attempt 1) -> CACHE (2597 chars)
2026-08-08 08:50:29.008   Evaluator (deepseek-v3.2): alt 20 vs alt 9 (parse attempt 1) -> CACHE (3327 chars)
2026-08-08 08:50:29.008   Evaluator (deepseek-v3.2): alt 20 vs alt 10 (parse attempt 1) -> CACHE (2564 chars)
2026-08-08 08:50:29.008   Evaluator (deepseek-v3.2): alt 20 vs alt 11 (parse attempt 1) -> CACHE (2793 chars)
2026-08-08 08:50:29.008   Evaluator (deepseek-v3.2): alt 20 vs alt 12 (parse attempt 1) -> CACHE (2107 chars)
2026-08-08 08:50:29.009   Evaluator (deepseek-v3.2): alt 20 vs alt 13 (parse attempt 1) -> CACHE (3525 chars)
2026-08-08 08:50:29.009   Evaluator (deepseek-v3.2): alt 20 vs alt 14 (parse attempt 1) -> CACHE (2150 chars)
2026-08-08 08:50:29.009   Evaluator (deepseek-v3.2): alt 20 vs alt 15 (parse attempt 1) -> CACHE (3345 chars)
2026-08-08 08:50:29.009   Evaluator (deepseek-v3.2): alt 20 vs alt 16 (parse attempt 1) -> CACHE (2249 chars)
2026-08-08 08:50:29.009   Evaluator (deepseek-v3.2): alt 20 vs alt 17 (parse attempt 1) -> CACHE (2887 chars)
2026-08-08 08:50:29.009   Evaluator (deepseek-v3.2): alt 20 vs alt 18 (parse attempt 1) -> CACHE (2337 chars)
2026-08-08 08:50:29.009 JSON parse failed (attempt 1/5): 'winner'
2026-08-08 08:50:29.009   Evaluator (deepseek-v3.2): alt 20 vs alt 18 (parse attempt 2) -> CACHE (3379 chars)
2026-08-08 08:50:29.009 JSON parse failed (attempt 2/5): 'winner'
2026-08-08 08:50:29.010   Evaluator (deepseek-v3.2): alt 20 vs alt 18 (parse attempt 3) -> CACHE (2990 chars)
2026-08-08 08:50:29.010   Evaluator (deepseek-v3.2): alt 20 vs alt 19 (parse attempt 1) -> CACHE (2481 chars)
2026-08-08 08:50:29.010   Evaluator (deepseek-v3.2): alt 20 vs alt 21 (parse attempt 1) -> CACHE (2603 chars)
2026-08-08 08:50:29.010   Evaluator (deepseek-v3.2): alt 20 vs alt 22 (parse attempt 1) -> CACHE (2020 chars)
2026-08-08 08:50:29.010   Evaluator (deepseek-v3.2): alt 20 vs alt 23 (parse attempt 1) -> CACHE (2744 chars)
2026-08-08 08:50:29.010   Evaluator (deepseek-v3.2): alt 20 vs alt 24 (parse attempt 1) -> CACHE (3797 chars)
2026-08-08 08:50:29.010   Evaluator (deepseek-v3.2): alt 20 vs alt 25 (parse attempt 1) -> CACHE (2635 chars)
2026-08-08 08:50:29.011   Evaluator (deepseek-v3.2): alt 20 vs alt 26 (parse attempt 1) -> CACHE (2055 chars)
2026-08-08 08:50:29.011   Evaluator (deepseek-v3.2): alt 20 vs alt 27 (parse attempt 1) -> CACHE (2282 chars)
2026-08-08 08:50:29.011   Evaluator (deepseek-v3.2): alt 20 vs alt 28 (parse attempt 1) -> CACHE (2272 chars)
2026-08-08 08:50:29.011   Evaluator (deepseek-v3.2): alt 20 vs alt 29 (parse attempt 1) -> CACHE (3328 chars)
2026-08-08 08:50:29.011   Evaluator (deepseek-v3.2): alt 20 vs alt 30 (parse attempt 1) -> CACHE (2240 chars)
2026-08-08 08:50:29.011   Evaluator (deepseek-v3.2): alt 20 vs alt 31 (parse attempt 1) -> CACHE (2438 chars)
2026-08-08 08:50:29.012   Evaluator (deepseek-v3.2): alt 20 vs alt 32 (parse attempt 1) -> CACHE (2911 chars)
2026-08-08 08:50:29.012   Evaluator (deepseek-v3.2): alt 20 vs alt 33 (parse attempt 1) -> CACHE (1915 chars)
2026-08-08 08:50:29.012   Evaluator (deepseek-v3.2): alt 20 vs alt 34 (parse attempt 1) -> CACHE (3335 chars)
2026-08-08 08:50:29.015   Evaluator (deepseek-v3.2): alt 21 vs incumbent (parse attempt 1) -> CACHE (3085 chars)
2026-08-08 08:50:29.015   Evaluator (deepseek-v3.2): alt 21 vs alt 1 (parse attempt 1) -> CACHE (3131 chars)
2026-08-08 08:50:29.016   Evaluator (deepseek-v3.2): alt 21 vs alt 2 (parse attempt 1) -> CACHE (2936 chars)
2026-08-08 08:50:29.016   Evaluator (deepseek-v3.2): alt 21 vs alt 3 (parse attempt 1) -> CACHE (2562 chars)
2026-08-08 08:50:29.016   Evaluator (deepseek-v3.2): alt 21 vs alt 4 (parse attempt 1) -> CACHE (4464 chars)
2026-08-08 08:50:29.016   Evaluator (deepseek-v3.2): alt 21 vs alt 5 (parse attempt 1) -> CACHE (2787 chars)
2026-08-08 08:50:29.016   Evaluator (deepseek-v3.2): alt 21 vs alt 6 (parse attempt 1) -> CACHE (4108 chars)
2026-08-08 08:50:29.016   Evaluator (deepseek-v3.2): alt 21 vs alt 7 (parse attempt 1) -> CACHE (2107 chars)
2026-08-08 08:50:29.017   Evaluator (deepseek-v3.2): alt 21 vs alt 8 (parse attempt 1) -> CACHE (2842 chars)
2026-08-08 08:50:29.017   Evaluator (deepseek-v3.2): alt 21 vs alt 9 (parse attempt 1) -> CACHE (2307 chars)
2026-08-08 08:50:29.017   Evaluator (deepseek-v3.2): alt 21 vs alt 10 (parse attempt 1) -> CACHE (1612 chars)
2026-08-08 08:50:29.017   Evaluator (deepseek-v3.2): alt 21 vs alt 11 (parse attempt 1) -> CACHE (3684 chars)
2026-08-08 08:50:29.017   Evaluator (deepseek-v3.2): alt 21 vs alt 12 (parse attempt 1) -> CACHE (3725 chars)
2026-08-08 08:50:29.017   Evaluator (deepseek-v3.2): alt 21 vs alt 13 (parse attempt 1) -> CACHE (2622 chars)
2026-08-08 08:50:29.018   Evaluator (deepseek-v3.2): alt 21 vs alt 14 (parse attempt 1) -> CACHE (3566 chars)
2026-08-08 08:50:29.018   Evaluator (deepseek-v3.2): alt 21 vs alt 15 (parse attempt 1) -> CACHE (2060 chars)
2026-08-08 08:50:29.018   Evaluator (deepseek-v3.2): alt 21 vs alt 16 (parse attempt 1) -> CACHE (2279 chars)
2026-08-08 08:50:29.018   Evaluator (deepseek-v3.2): alt 21 vs alt 17 (parse attempt 1) -> CACHE (2497 chars)
2026-08-08 08:50:29.018   Evaluator (deepseek-v3.2): alt 21 vs alt 18 (parse attempt 1) -> CACHE (3585 chars)
2026-08-08 08:50:29.018   Evaluator (deepseek-v3.2): alt 21 vs alt 19 (parse attempt 1) -> CACHE (1993 chars)
2026-08-08 08:50:29.018   Evaluator (deepseek-v3.2): alt 21 vs alt 20 (parse attempt 1) -> CACHE (3426 chars)
2026-08-08 08:50:29.019   Evaluator (deepseek-v3.2): alt 21 vs alt 22 (parse attempt 1) -> CACHE (2202 chars)
2026-08-08 08:50:29.019   Evaluator (deepseek-v3.2): alt 21 vs alt 23 (parse attempt 1) -> CACHE (2789 chars)
2026-08-08 08:50:29.019   Evaluator (deepseek-v3.2): alt 21 vs alt 24 (parse attempt 1) -> CACHE (2832 chars)
2026-08-08 08:50:29.019   Evaluator (deepseek-v3.2): alt 21 vs alt 25 (parse attempt 1) -> CACHE (2446 chars)
2026-08-08 08:50:29.019   Evaluator (deepseek-v3.2): alt 21 vs alt 26 (parse attempt 1) -> CACHE (2901 chars)
2026-08-08 08:50:29.019   Evaluator (deepseek-v3.2): alt 21 vs alt 27 (parse attempt 1) -> CACHE (2088 chars)
2026-08-08 08:50:29.020   Evaluator (deepseek-v3.2): alt 21 vs alt 28 (parse attempt 1) -> CACHE (2320 chars)
2026-08-08 08:50:29.020   Evaluator (deepseek-v3.2): alt 21 vs alt 29 (parse attempt 1) -> CACHE (2604 chars)
2026-08-08 08:50:29.020   Evaluator (deepseek-v3.2): alt 21 vs alt 30 (parse attempt 1) -> CACHE (2645 chars)
2026-08-08 08:50:29.020   Evaluator (deepseek-v3.2): alt 21 vs alt 31 (parse attempt 1) -> CACHE (3670 chars)
2026-08-08 08:50:29.020   Evaluator (deepseek-v3.2): alt 21 vs alt 32 (parse attempt 1) -> CACHE (3569 chars)
2026-08-08 08:50:29.020   Evaluator (deepseek-v3.2): alt 21 vs alt 33 (parse attempt 1) -> CACHE (3708 chars)
2026-08-08 08:50:29.020   Evaluator (deepseek-v3.2): alt 21 vs alt 34 (parse attempt 1) -> CACHE (3401 chars)
2026-08-08 08:50:29.024   Evaluator (deepseek-v3.2): alt 22 vs incumbent (parse attempt 1) -> CACHE (3423 chars)
2026-08-08 08:50:29.024   Evaluator (deepseek-v3.2): alt 22 vs alt 1 (parse attempt 1) -> CACHE (2421 chars)
2026-08-08 08:50:29.024   Evaluator (deepseek-v3.2): alt 22 vs alt 2 (parse attempt 1) -> CACHE (2528 chars)
2026-08-08 08:50:29.025   Evaluator (deepseek-v3.2): alt 22 vs alt 3 (parse attempt 1) -> CACHE (2567 chars)
2026-08-08 08:50:29.025   Evaluator (deepseek-v3.2): alt 22 vs alt 4 (parse attempt 1) -> CACHE (2411 chars)
2026-08-08 08:50:29.025   Evaluator (deepseek-v3.2): alt 22 vs alt 5 (parse attempt 1) -> CACHE (2663 chars)
2026-08-08 08:50:29.025   Evaluator (deepseek-v3.2): alt 22 vs alt 6 (parse attempt 1) -> CACHE (2095 chars)
2026-08-08 08:50:29.025   Evaluator (deepseek-v3.2): alt 22 vs alt 7 (parse attempt 1) -> CACHE (2642 chars)
2026-08-08 08:50:29.025   Evaluator (deepseek-v3.2): alt 22 vs alt 8 (parse attempt 1) -> CACHE (2107 chars)
2026-08-08 08:50:29.025   Evaluator (deepseek-v3.2): alt 22 vs alt 9 (parse attempt 1) -> CACHE (2376 chars)
2026-08-08 08:50:29.026   Evaluator (deepseek-v3.2): alt 22 vs alt 10 (parse attempt 1) -> CACHE (2497 chars)
2026-08-08 08:50:29.026   Evaluator (deepseek-v3.2): alt 22 vs alt 11 (parse attempt 1) -> CACHE (2500 chars)
2026-08-08 08:50:29.026   Evaluator (deepseek-v3.2): alt 22 vs alt 12 (parse attempt 1) -> CACHE (2598 chars)
2026-08-08 08:50:29.026   Evaluator (deepseek-v3.2): alt 22 vs alt 13 (parse attempt 1) -> CACHE (2470 chars)
2026-08-08 08:50:29.026   Evaluator (deepseek-v3.2): alt 22 vs alt 14 (parse attempt 1) -> CACHE (2216 chars)
2026-08-08 08:50:29.026   Evaluator (deepseek-v3.2): alt 22 vs alt 15 (parse attempt 1) -> CACHE (2263 chars)
2026-08-08 08:50:29.027   Evaluator (deepseek-v3.2): alt 22 vs alt 16 (parse attempt 1) -> CACHE (2625 chars)
2026-08-08 08:50:29.027   Evaluator (deepseek-v3.2): alt 22 vs alt 17 (parse attempt 1) -> CACHE (2219 chars)
2026-08-08 08:50:29.027   Evaluator (deepseek-v3.2): alt 22 vs alt 18 (parse attempt 1) -> CACHE (2594 chars)
2026-08-08 08:50:29.027   Evaluator (deepseek-v3.2): alt 22 vs alt 19 (parse attempt 1) -> CACHE (3398 chars)
2026-08-08 08:50:29.027   Evaluator (deepseek-v3.2): alt 22 vs alt 20 (parse attempt 1) -> CACHE (2735 chars)
2026-08-08 08:50:29.027   Evaluator (deepseek-v3.2): alt 22 vs alt 21 (parse attempt 1) -> CACHE (2809 chars)
2026-08-08 08:50:29.027   Evaluator (deepseek-v3.2): alt 22 vs alt 23 (parse attempt 1) -> CACHE (2149 chars)
2026-08-08 08:50:29.028   Evaluator (deepseek-v3.2): alt 22 vs alt 24 (parse attempt 1) -> CACHE (2217 chars)
2026-08-08 08:50:29.028   Evaluator (deepseek-v3.2): alt 22 vs alt 25 (parse attempt 1) -> CACHE (2577 chars)
2026-08-08 08:50:29.028   Evaluator (deepseek-v3.2): alt 22 vs alt 26 (parse attempt 1) -> CACHE (2258 chars)
2026-08-08 08:50:29.028   Evaluator (deepseek-v3.2): alt 22 vs alt 27 (parse attempt 1) -> CACHE (2099 chars)
2026-08-08 08:50:29.028   Evaluator (deepseek-v3.2): alt 22 vs alt 28 (parse attempt 1) -> CACHE (2535 chars)
2026-08-08 08:50:29.028   Evaluator (deepseek-v3.2): alt 22 vs alt 29 (parse attempt 1) -> CACHE (2493 chars)
2026-08-08 08:50:29.029   Evaluator (deepseek-v3.2): alt 22 vs alt 30 (parse attempt 1) -> CACHE (2364 chars)
2026-08-08 08:50:29.029   Evaluator (deepseek-v3.2): alt 22 vs alt 31 (parse attempt 1) -> CACHE (2600 chars)
2026-08-08 08:50:29.029   Evaluator (deepseek-v3.2): alt 22 vs alt 32 (parse attempt 1) -> CACHE (2460 chars)
2026-08-08 08:50:29.029   Evaluator (deepseek-v3.2): alt 22 vs alt 33 (parse attempt 1) -> CACHE (2409 chars)
2026-08-08 08:50:29.029   Evaluator (deepseek-v3.2): alt 22 vs alt 34 (parse attempt 1) -> CACHE (3659 chars)
2026-08-08 08:50:29.033   Evaluator (deepseek-v3.2): alt 23 vs incumbent (parse attempt 1) -> CACHE (3417 chars)
2026-08-08 08:50:29.033   Evaluator (deepseek-v3.2): alt 23 vs alt 1 (parse attempt 1) -> CACHE (3160 chars)
2026-08-08 08:50:29.033   Evaluator (deepseek-v3.2): alt 23 vs alt 2 (parse attempt 1) -> CACHE (1931 chars)
2026-08-08 08:50:29.034   Evaluator (deepseek-v3.2): alt 23 vs alt 3 (parse attempt 1) -> CACHE (2416 chars)
2026-08-08 08:50:29.034   Evaluator (deepseek-v3.2): alt 23 vs alt 4 (parse attempt 1) -> CACHE (2519 chars)
2026-08-08 08:50:29.034   Evaluator (deepseek-v3.2): alt 23 vs alt 5 (parse attempt 1) -> CACHE (2497 chars)
2026-08-08 08:50:29.034   Evaluator (deepseek-v3.2): alt 23 vs alt 6 (parse attempt 1) -> CACHE (1870 chars)
2026-08-08 08:50:29.034   Evaluator (deepseek-v3.2): alt 23 vs alt 7 (parse attempt 1) -> CACHE (3981 chars)
2026-08-08 08:50:29.034   Evaluator (deepseek-v3.2): alt 23 vs alt 8 (parse attempt 1) -> CACHE (5074 chars)
2026-08-08 08:50:29.034   Evaluator (deepseek-v3.2): alt 23 vs alt 9 (parse attempt 1) -> CACHE (4140 chars)
2026-08-08 08:50:29.035   Evaluator (deepseek-v3.2): alt 23 vs alt 10 (parse attempt 1) -> CACHE (2810 chars)
2026-08-08 08:50:29.035   Evaluator (deepseek-v3.2): alt 23 vs alt 11 (parse attempt 1) -> CACHE (2691 chars)
2026-08-08 08:50:29.035   Evaluator (deepseek-v3.2): alt 23 vs alt 12 (parse attempt 1) -> CACHE (2121 chars)
2026-08-08 08:50:29.035   Evaluator (deepseek-v3.2): alt 23 vs alt 13 (parse attempt 1) -> CACHE (2423 chars)
2026-08-08 08:50:29.035   Evaluator (deepseek-v3.2): alt 23 vs alt 14 (parse attempt 1) -> CACHE (3851 chars)
2026-08-08 08:50:29.035   Evaluator (deepseek-v3.2): alt 23 vs alt 15 (parse attempt 1) -> CACHE (2427 chars)
2026-08-08 08:50:29.036   Evaluator (deepseek-v3.2): alt 23 vs alt 16 (parse attempt 1) -> CACHE (3278 chars)
2026-08-08 08:50:29.036   Evaluator (deepseek-v3.2): alt 23 vs alt 17 (parse attempt 1) -> CACHE (3619 chars)
2026-08-08 08:50:29.036   Evaluator (deepseek-v3.2): alt 23 vs alt 18 (parse attempt 1) -> CACHE (1941 chars)
2026-08-08 08:50:29.036   Evaluator (deepseek-v3.2): alt 23 vs alt 19 (parse attempt 1) -> CACHE (3598 chars)
2026-08-08 08:50:29.036   Evaluator (deepseek-v3.2): alt 23 vs alt 20 (parse attempt 1) -> CACHE (2038 chars)
2026-08-08 08:50:29.036   Evaluator (deepseek-v3.2): alt 23 vs alt 21 (parse attempt 1) -> CACHE (3216 chars)
2026-08-08 08:50:29.037   Evaluator (deepseek-v3.2): alt 23 vs alt 22 (parse attempt 1) -> CACHE (2653 chars)
2026-08-08 08:50:29.037   Evaluator (deepseek-v3.2): alt 23 vs alt 24 (parse attempt 1) -> CACHE (1522 chars)
2026-08-08 08:50:29.037   Evaluator (deepseek-v3.2): alt 23 vs alt 25 (parse attempt 1) -> CACHE (2956 chars)
2026-08-08 08:50:29.037   Evaluator (deepseek-v3.2): alt 23 vs alt 26 (parse attempt 1) -> CACHE (3077 chars)
2026-08-08 08:50:29.037   Evaluator (deepseek-v3.2): alt 23 vs alt 27 (parse attempt 1) -> CACHE (3249 chars)
2026-08-08 08:50:29.037   Evaluator (deepseek-v3.2): alt 23 vs alt 28 (parse attempt 1) -> CACHE (2679 chars)
2026-08-08 08:50:29.037   Evaluator (deepseek-v3.2): alt 23 vs alt 29 (parse attempt 1) -> CACHE (1843 chars)
2026-08-08 08:50:29.038   Evaluator (deepseek-v3.2): alt 23 vs alt 30 (parse attempt 1) -> CACHE (2782 chars)
2026-08-08 08:50:29.038   Evaluator (deepseek-v3.2): alt 23 vs alt 31 (parse attempt 1) -> CACHE (1762 chars)
2026-08-08 08:50:29.038   Evaluator (deepseek-v3.2): alt 23 vs alt 32 (parse attempt 1) -> CACHE (3819 chars)
2026-08-08 08:50:29.038   Evaluator (deepseek-v3.2): alt 23 vs alt 33 (parse attempt 1) -> CACHE (2448 chars)
2026-08-08 08:50:29.038   Evaluator (deepseek-v3.2): alt 23 vs alt 34 (parse attempt 1) -> CACHE (3319 chars)
2026-08-08 08:50:36.932   Evaluator (deepseek-v3.2): alt 16 vs alt 48 (parse attempt 1) -> OK (1930 chars)
2026-08-08 08:50:37.338   Evaluator (deepseek-v3.2): alt 16 vs alt 49 (parse attempt 1) -> OK (1906 chars)
2026-08-08 08:50:37.935   Evaluator (deepseek-v3.2): alt 16 vs alt 58 (parse attempt 1) -> OK (1990 chars)
2026-08-08 08:50:38.150   Evaluator (deepseek-v3.2): alt 16 vs alt 62 (parse attempt 1) -> OK (1937 chars)
2026-08-08 08:50:38.155   Evaluator (deepseek-v3.2): alt 16 vs alt 35 (parse attempt 1) -> OK (2090 chars)
2026-08-08 08:50:38.764   Evaluator (deepseek-v3.2): alt 16 vs alt 37 (parse attempt 1) -> OK (2324 chars)
2026-08-08 08:50:39.006   Evaluator (deepseek-v3.2): alt 16 vs alt 43 (parse attempt 1) -> OK (2354 chars)
2026-08-08 08:50:39.332   Evaluator (deepseek-v3.2): alt 15 vs alt 63 (parse attempt 1) -> OK (2571 chars)
2026-08-08 08:50:39.496   Evaluator (deepseek-v3.2): alt 16 vs alt 55 (parse attempt 1) -> OK (2418 chars)
2026-08-08 08:50:39.562   Evaluator (deepseek-v3.2): alt 16 vs alt 38 (parse attempt 1) -> OK (3194 chars)
2026-08-08 08:50:39.581   Evaluator (deepseek-v3.2): alt 16 vs alt 42 (parse attempt 1) -> OK (2983 chars)
2026-08-08 08:50:39.667   Evaluator (deepseek-v3.2): alt 15 vs alt 56 (parse attempt 1) -> OK (3365 chars)
2026-08-08 08:50:39.730   Evaluator (deepseek-v3.2): alt 16 vs alt 39 (parse attempt 1) -> OK (2955 chars)
2026-08-08 08:50:39.803   Evaluator (deepseek-v3.2): alt 16 vs alt 44 (parse attempt 1) -> OK (2540 chars)
2026-08-08 08:50:40.066   Evaluator (deepseek-v3.2): alt 16 vs alt 52 (parse attempt 1) -> OK (2301 chars)
2026-08-08 08:50:40.073   Evaluator (deepseek-v3.2): alt 15 vs alt 61 (parse attempt 1) -> OK (2884 chars)
2026-08-08 08:50:40.125   Evaluator (deepseek-v3.2): alt 16 vs alt 46 (parse attempt 1) -> OK (2598 chars)
2026-08-08 08:50:40.138   Evaluator (deepseek-v3.2): alt 16 vs alt 63 (parse attempt 1) -> OK (2465 chars)
2026-08-08 08:50:40.164   Evaluator (deepseek-v3.2): alt 16 vs alt 54 (parse attempt 1) -> OK (2824 chars)
2026-08-08 08:50:40.217   Evaluator (deepseek-v3.2): alt 16 vs alt 60 (parse attempt 1) -> OK (3019 chars)
2026-08-08 08:50:40.434   Evaluator (deepseek-v3.2): alt 16 vs alt 50 (parse attempt 1) -> OK (3004 chars)
2026-08-08 08:50:40.755   Evaluator (deepseek-v3.2): alt 16 vs alt 61 (parse attempt 1) -> OK (3290 chars)
2026-08-08 08:50:40.887   Evaluator (deepseek-v3.2): alt 16 vs alt 47 (parse attempt 1) -> OK (3458 chars)
2026-08-08 08:50:40.949   Evaluator (deepseek-v3.2): alt 16 vs alt 56 (parse attempt 1) -> OK (2773 chars)
2026-08-08 08:50:41.046   Evaluator (deepseek-v3.2): alt 15 vs alt 62 (parse attempt 1) -> OK (3509 chars)
2026-08-08 08:50:41.046 JSON parse failed (attempt 1/5): 'winner'
2026-08-08 08:50:41.785   Evaluator (deepseek-v3.2): alt 15 vs alt 60 (parse attempt 1) -> OK (3676 chars)
2026-08-08 08:50:42.015   Evaluator (deepseek-v3.2): alt 16 vs alt 41 (parse attempt 1) -> OK (3641 chars)
2026-08-08 08:50:42.055   Evaluator (deepseek-v3.2): alt 16 vs alt 53 (parse attempt 1) -> OK (3561 chars)
2026-08-08 08:50:42.081   Evaluator (deepseek-v3.2): alt 16 vs alt 45 (parse attempt 1) -> OK (3724 chars)
2026-08-08 08:50:42.106   Evaluator (deepseek-v3.2): alt 17 vs alt 36 (parse attempt 1) -> OK (3019 chars)
2026-08-08 08:50:42.305   Evaluator (deepseek-v3.2): alt 15 vs alt 57 (parse attempt 1) -> OK (4200 chars)
2026-08-08 08:50:42.503   Evaluator (deepseek-v3.2): alt 15 vs alt 58 (parse attempt 1) -> OK (3285 chars)
2026-08-08 08:50:42.866   Evaluator (deepseek-v3.2): alt 16 vs alt 36 (parse attempt 1) -> OK (3986 chars)
2026-08-08 08:50:43.162   Evaluator (deepseek-v3.2): alt 16 vs alt 57 (parse attempt 1) -> OK (3391 chars)
2026-08-08 08:50:43.770   Evaluator (deepseek-v3.2): alt 15 vs alt 59 (parse attempt 1) -> OK (4417 chars)
2026-08-08 08:50:43.884   Evaluator (deepseek-v3.2): alt 16 vs alt 59 (parse attempt 1) -> OK (3448 chars)
2026-08-08 08:50:44.503   Evaluator (deepseek-v3.2): alt 17 vs alt 35 (parse attempt 1) -> OK (3868 chars)
2026-08-08 08:50:45.429   Evaluator (deepseek-v3.2): alt 16 vs alt 40 (parse attempt 1) -> OK (4284 chars)
2026-08-08 08:50:46.300   Evaluator (deepseek-v3.2): alt 17 vs alt 43 (parse attempt 1) -> OK (2000 chars)
2026-08-08 08:50:46.669   Evaluator (deepseek-v3.2): alt 17 vs alt 41 (parse attempt 1) -> OK (2346 chars)
2026-08-08 08:50:47.075   Evaluator (deepseek-v3.2): alt 17 vs alt 38 (parse attempt 1) -> OK (2469 chars)
2026-08-08 08:50:47.192   Evaluator (deepseek-v3.2): alt 17 vs alt 40 (parse attempt 1) -> OK (2429 chars)
2026-08-08 08:50:47.197   Evaluator (deepseek-v3.2): alt 17 vs alt 48 (parse attempt 1) -> OK (2164 chars)
2026-08-08 08:50:47.786   Evaluator (deepseek-v3.2): alt 17 vs alt 56 (parse attempt 1) -> OK (1998 chars)
2026-08-08 08:50:48.751   Evaluator (deepseek-v3.2): alt 17 vs alt 52 (parse attempt 1) -> OK (2238 chars)
2026-08-08 08:50:49.079   Evaluator (deepseek-v3.2): alt 17 vs alt 54 (parse attempt 1) -> OK (2136 chars)
2026-08-08 08:50:49.091   Evaluator (deepseek-v3.2): alt 17 vs alt 39 (parse attempt 1) -> OK (3477 chars)
2026-08-08 08:50:49.584   Evaluator (deepseek-v3.2): alt 17 vs alt 49 (parse attempt 1) -> OK (2546 chars)
2026-08-08 08:50:49.588   Evaluator (deepseek-v3.2): alt 17 vs alt 55 (parse attempt 1) -> OK (2463 chars)
2026-08-08 08:50:49.671   Evaluator (deepseek-v3.2): alt 17 vs alt 59 (parse attempt 1) -> OK (2278 chars)
2026-08-08 08:50:50.388   Evaluator (deepseek-v3.2): alt 17 vs alt 60 (parse attempt 1) -> OK (2393 chars)
2026-08-08 08:50:50.860   Evaluator (deepseek-v3.2): alt 17 vs alt 47 (parse attempt 1) -> OK (3703 chars)
2026-08-08 08:50:51.198   Evaluator (deepseek-v3.2): alt 17 vs alt 46 (parse attempt 1) -> OK (3244 chars)
2026-08-08 08:50:51.212   Evaluator (deepseek-v3.2): alt 17 vs alt 53 (parse attempt 1) -> OK (3377 chars)
2026-08-08 08:50:51.217   Evaluator (deepseek-v3.2): alt 17 vs alt 37 (parse attempt 1) -> OK (5235 chars)
2026-08-08 08:50:51.335   Evaluator (deepseek-v3.2): alt 17 vs alt 63 (parse attempt 1) -> OK (3002 chars)
2026-08-08 08:50:51.349   Evaluator (deepseek-v3.2): alt 17 vs alt 50 (parse attempt 1) -> OK (3704 chars)
2026-08-08 08:50:51.591   Evaluator (deepseek-v3.2): alt 17 vs alt 42 (parse attempt 1) -> OK (3458 chars)
2026-08-08 08:50:51.729   Evaluator (deepseek-v3.2): alt 17 vs alt 51 (parse attempt 1) -> OK (3383 chars)
2026-08-08 08:50:52.630   Evaluator (deepseek-v3.2): alt 16 vs alt 51 (parse attempt 1) -> OK (3527 chars)
2026-08-08 08:50:53.744   Evaluator (deepseek-v3.2): alt 17 vs alt 62 (parse attempt 1) -> OK (3492 chars)
2026-08-08 08:50:53.835   Evaluator (deepseek-v3.2): alt 17 vs alt 61 (parse attempt 1) -> OK (4118 chars)
2026-08-08 08:50:54.665   Evaluator (deepseek-v3.2): alt 17 vs alt 45 (parse attempt 1) -> OK (3694 chars)
2026-08-08 08:50:55.807   Evaluator (deepseek-v3.2): alt 17 vs alt 44 (parse attempt 1) -> OK (4361 chars)
2026-08-08 08:50:56.117   Evaluator (deepseek-v3.2): alt 17 vs alt 57 (parse attempt 1) -> OK (4383 chars)
2026-08-08 08:51:02.244   Evaluator (deepseek-v3.2): alt 19 vs alt 36 (parse attempt 1) -> OK (2761 chars)
2026-08-08 08:51:02.538   Evaluator (deepseek-v3.2): alt 17 vs alt 58 (parse attempt 1) -> OK (5738 chars)
2026-08-08 08:51:02.798   Evaluator (deepseek-v3.2): alt 19 vs alt 39 (parse attempt 1) -> OK (2557 chars)
2026-08-08 08:51:05.751   Evaluator (deepseek-v3.2): alt 19 vs alt 40 (parse attempt 1) -> OK (2290 chars)
2026-08-08 08:51:06.618   Evaluator (deepseek-v3.2): alt 19 vs alt 44 (parse attempt 1) -> OK (2950 chars)
2026-08-08 08:51:07.113   Evaluator (deepseek-v3.2): alt 19 vs alt 35 (parse attempt 1) -> OK (3608 chars)
2026-08-08 08:51:12.112   Evaluator (deepseek-v3.2): alt 19 vs alt 37 (parse attempt 1) -> OK (4387 chars)
2026-08-08 08:51:13.967   Evaluator (deepseek-v3.2): alt 18 vs alt 42 (parse attempt 1) -> OK (2596 chars)
2026-08-08 08:51:15.547   Evaluator (deepseek-v3.2): alt 18 vs alt 46 (parse attempt 1) -> OK (2886 chars)
2026-08-08 08:51:15.873   Evaluator (deepseek-v3.2): alt 19 vs alt 38 (parse attempt 1) -> OK (3691 chars)
2026-08-08 08:51:16.181   Evaluator (deepseek-v3.2): alt 19 vs alt 48 (parse attempt 1) -> OK (2083 chars)
2026-08-08 08:51:17.507   Evaluator (deepseek-v3.2): alt 19 vs alt 50 (parse attempt 1) -> OK (3150 chars)
2026-08-08 08:51:17.551   Evaluator (deepseek-v3.2): alt 19 vs alt 42 (parse attempt 1) -> OK (4851 chars)
2026-08-08 08:51:19.078   Evaluator (deepseek-v3.2): alt 19 vs alt 49 (parse attempt 1) -> OK (3248 chars)
2026-08-08 08:51:19.999   Evaluator (deepseek-v3.2): alt 19 vs alt 51 (parse attempt 1) -> OK (2194 chars)
2026-08-08 08:51:20.348   Evaluator (deepseek-v3.2): alt 18 vs alt 48 (parse attempt 1) -> OK (2082 chars)
2026-08-08 08:51:21.193   Evaluator (deepseek-v3.2): alt 18 vs alt 47 (parse attempt 1) -> OK (2300 chars)
2026-08-08 08:51:21.411   Evaluator (deepseek-v3.2): alt 18 vs alt 41 (parse attempt 1) -> OK (2606 chars)
2026-08-08 08:51:22.907   Evaluator (deepseek-v3.2): alt 18 vs alt 45 (parse attempt 1) -> OK (3081 chars)
2026-08-08 08:51:23.044   Evaluator (deepseek-v3.2): alt 18 vs alt 56 (parse attempt 1) -> OK (2491 chars)
2026-08-08 08:51:24.004   Evaluator (deepseek-v3.2): alt 19 vs alt 52 (parse attempt 1) -> OK (3321 chars)
2026-08-08 08:51:24.184   Evaluator (deepseek-v3.2): alt 19 vs alt 54 (parse attempt 1) -> OK (2270 chars)
2026-08-08 08:51:25.913   Evaluator (deepseek-v3.2): alt 18 vs alt 39 (parse attempt 1) -> OK (4423 chars)
2026-08-08 08:51:27.016   Evaluator (deepseek-v3.2): alt 18 vs alt 52 (parse attempt 1) -> OK (2568 chars)
2026-08-08 08:51:27.678   Evaluator (deepseek-v3.2): alt 18 vs alt 40 (parse attempt 1) -> OK (3928 chars)
2026-08-08 08:51:27.679 JSON parse failed (attempt 1/5): 'winner'
2026-08-08 08:51:27.895   Evaluator (deepseek-v3.2): alt 19 vs alt 58 (parse attempt 1) -> OK (2334 chars)
2026-08-08 08:51:28.181   Evaluator (deepseek-v3.2): alt 18 vs alt 55 (parse attempt 1) -> OK (3293 chars)
2026-08-08 08:51:28.196   Evaluator (deepseek-v3.2): alt 18 vs alt 54 (parse attempt 1) -> OK (3657 chars)
2026-08-08 08:51:28.364   Evaluator (deepseek-v3.2): alt 18 vs alt 61 (parse attempt 1) -> OK (3401 chars)
2026-08-08 08:51:28.428   Evaluator (deepseek-v3.2): alt 19 vs alt 56 (parse attempt 1) -> OK (3511 chars)
2026-08-08 08:51:28.493   Evaluator (deepseek-v3.2): alt 18 vs alt 60 (parse attempt 1) -> OK (2722 chars)
2026-08-08 08:51:29.093   Evaluator (deepseek-v3.2): alt 19 vs alt 41 (parse attempt 1) -> OK (3646 chars)
2026-08-08 08:51:29.604   Evaluator (deepseek-v3.2): alt 20 vs alt 39 (parse attempt 1) -> OK (1860 chars)
2026-08-08 08:51:30.021   Evaluator (deepseek-v3.2): alt 19 vs alt 59 (parse attempt 1) -> OK (3110 chars)
2026-08-08 08:51:30.077   Evaluator (deepseek-v3.2): alt 19 vs alt 60 (parse attempt 1) -> OK (2635 chars)
2026-08-08 08:51:30.853   Evaluator (deepseek-v3.2): alt 19 vs alt 61 (parse attempt 1) -> OK (2748 chars)
2026-08-08 08:51:31.981   Evaluator (deepseek-v3.2): alt 18 vs alt 51 (parse attempt 1) -> OK (4170 chars)
2026-08-08 08:51:31.981 JSON parse failed (attempt 1/5): 'winner'
2026-08-08 08:51:32.135   Evaluator (deepseek-v3.2): alt 19 vs alt 63 (parse attempt 1) -> OK (2935 chars)
2026-08-08 08:51:32.754   Evaluator (deepseek-v3.2): alt 18 vs alt 35 (parse attempt 1) -> OK (4496 chars)
2026-08-08 08:51:33.025   Evaluator (deepseek-v3.2): alt 19 vs alt 57 (parse attempt 1) -> OK (3400 chars)
2026-08-08 08:51:34.009   Evaluator (deepseek-v3.2): alt 19 vs alt 53 (parse attempt 1) -> OK (4909 chars)
2026-08-08 08:51:34.503   Evaluator (deepseek-v3.2): alt 20 vs alt 50 (parse attempt 1) -> OK (2624 chars)
2026-08-08 08:51:34.609   Evaluator (deepseek-v3.2): alt 20 vs alt 51 (parse attempt 1) -> OK (2154 chars)
2026-08-08 08:51:34.633   Evaluator (deepseek-v3.2): alt 19 vs alt 62 (parse attempt 1) -> OK (3716 chars)
2026-08-08 08:51:34.651   Evaluator (deepseek-v3.2): alt 18 vs alt 63 (parse attempt 1) -> OK (4270 chars)
2026-08-08 08:51:34.795   Evaluator (deepseek-v3.2): alt 20 vs alt 48 (parse attempt 1) -> OK (2884 chars)
2026-08-08 08:51:35.244   Evaluator (deepseek-v3.2): alt 18 vs alt 62 (parse attempt 1) -> OK (3628 chars)
2026-08-08 08:51:37.523   Evaluator (deepseek-v3.2): alt 20 vs alt 46 (parse attempt 1) -> OK (2380 chars)
2026-08-08 08:51:37.618   Evaluator (deepseek-v3.2): alt 18 vs alt 43 (parse attempt 1) -> OK (3354 chars)
2026-08-08 08:51:38.451   Evaluator (deepseek-v3.2): alt 20 vs alt 53 (parse attempt 1) -> OK (3136 chars)
2026-08-08 08:51:38.750   Evaluator (deepseek-v3.2): alt 19 vs alt 45 (parse attempt 1) -> OK (3487 chars)
2026-08-08 08:51:39.153   Evaluator (deepseek-v3.2): alt 20 vs alt 60 (parse attempt 1) -> OK (2273 chars)
2026-08-08 08:51:39.945   Evaluator (deepseek-v3.2): alt 20 vs alt 56 (parse attempt 1) -> OK (3818 chars)
2026-08-08 08:51:40.300   Evaluator (deepseek-v3.2): alt 19 vs alt 55 (parse attempt 1) -> OK (5613 chars)
2026-08-08 08:51:40.301 JSON parse failed (attempt 1/5): 'winner'
2026-08-08 08:51:40.784   Evaluator (deepseek-v3.2): alt 20 vs alt 44 (parse attempt 1) -> OK (3537 chars)
2026-08-08 08:51:41.587   Evaluator (deepseek-v3.2): alt 20 vs alt 45 (parse attempt 1) -> OK (3248 chars)
2026-08-08 08:51:41.638   Evaluator (deepseek-v3.2): alt 20 vs alt 35 (parse attempt 1) -> OK (4092 chars)
2026-08-08 08:51:41.829   Evaluator (deepseek-v3.2): alt 20 vs alt 58 (parse attempt 1) -> OK (2937 chars)
2026-08-08 08:51:43.911   Evaluator (deepseek-v3.2): alt 20 vs alt 49 (parse attempt 1) -> OK (1467 chars)
2026-08-08 08:51:45.379   Evaluator (deepseek-v3.2): alt 19 vs alt 43 (parse attempt 1) -> OK (2782 chars)
2026-08-08 08:51:45.594   Evaluator (deepseek-v3.2): alt 20 vs alt 42 (parse attempt 1) -> OK (2567 chars)
2026-08-08 08:51:45.847   Evaluator (deepseek-v3.2): alt 19 vs alt 47 (parse attempt 1) -> OK (4025 chars)
2026-08-08 08:51:46.684   Evaluator (deepseek-v3.2): alt 18 vs alt 50 (parse attempt 1) -> OK (4918 chars)
2026-08-08 08:51:46.684 JSON parse failed (attempt 1/5): 'winner'
2026-08-08 08:51:47.065   Evaluator (deepseek-v3.2): alt 18 vs alt 38 (parse attempt 1) -> OK (4260 chars)
2026-08-08 08:51:47.128   Evaluator (deepseek-v3.2): alt 21 vs alt 35 (parse attempt 1) -> OK (2396 chars)
2026-08-08 08:51:47.394   Evaluator (deepseek-v3.2): alt 20 vs alt 43 (parse attempt 1) -> OK (2957 chars)
2026-08-08 08:51:49.008   Evaluator (deepseek-v3.2): alt 20 vs alt 63 (parse attempt 1) -> OK (3655 chars)
2026-08-08 08:51:49.530   Evaluator (deepseek-v3.2): alt 21 vs alt 36 (parse attempt 1) -> OK (2847 chars)
2026-08-08 08:51:49.594   Evaluator (deepseek-v3.2): alt 18 vs alt 37 (parse attempt 1) -> OK (3966 chars)
2026-08-08 08:51:50.397   Evaluator (deepseek-v3.2): alt 20 vs alt 57 (parse attempt 1) -> OK (2428 chars)
2026-08-08 08:51:50.895   Evaluator (deepseek-v3.2): alt 21 vs alt 39 (parse attempt 1) -> OK (2695 chars)
2026-08-08 08:51:51.107   Evaluator (deepseek-v3.2): alt 21 vs alt 37 (parse attempt 1) -> OK (3379 chars)
2026-08-08 08:51:51.316   Evaluator (deepseek-v3.2): alt 21 vs alt 38 (parse attempt 1) -> OK (3702 chars)
2026-08-08 08:51:52.414   Evaluator (deepseek-v3.2): alt 20 vs alt 36 (parse attempt 1) -> OK (2408 chars)
2026-08-08 08:51:52.994   Evaluator (deepseek-v3.2): alt 19 vs alt 46 (parse attempt 1) -> OK (4675 chars)
2026-08-08 08:51:52.994 JSON parse failed (attempt 1/5): Expecting ',' delimiter: line 11 column 20 (char 881)
2026-08-08 08:51:53.108   Evaluator (deepseek-v3.2): alt 21 vs alt 43 (parse attempt 1) -> OK (3176 chars)
2026-08-08 08:51:53.700   Evaluator (deepseek-v3.2): alt 21 vs alt 41 (parse attempt 1) -> OK (4222 chars)
2026-08-08 08:51:54.631   Evaluator (deepseek-v3.2): alt 21 vs alt 42 (parse attempt 1) -> OK (3469 chars)
2026-08-08 08:51:54.993   Evaluator (deepseek-v3.2): alt 20 vs alt 41 (parse attempt 1) -> OK (2478 chars)
2026-08-08 08:51:55.003   Evaluator (deepseek-v3.2): alt 18 vs alt 58 (parse attempt 1) -> OK (3818 chars)
2026-08-08 08:51:55.048   Evaluator (deepseek-v3.2): alt 20 vs alt 37 (parse attempt 1) -> OK (2613 chars)
2026-08-08 08:51:55.758   Evaluator (deepseek-v3.2): alt 20 vs alt 61 (parse attempt 1) -> OK (3030 chars)
2026-08-08 08:51:55.818   Evaluator (deepseek-v3.2): alt 21 vs alt 44 (parse attempt 1) -> OK (4236 chars)
2026-08-08 08:51:56.330   Evaluator (deepseek-v3.2): alt 20 vs alt 52 (parse attempt 1) -> OK (3296 chars)
2026-08-08 08:51:56.397   Evaluator (deepseek-v3.2): alt 21 vs alt 40 (parse attempt 1) -> OK (3799 chars)
2026-08-08 08:51:56.398 JSON parse failed (attempt 1/5): 'winner'
2026-08-08 08:51:56.652   Evaluator (deepseek-v3.2): alt 21 vs alt 45 (parse attempt 1) -> OK (3420 chars)
2026-08-08 08:51:56.951   Evaluator (deepseek-v3.2): alt 21 vs alt 52 (parse attempt 1) -> OK (2827 chars)
2026-08-08 08:51:57.648   Evaluator (deepseek-v3.2): alt 20 vs alt 54 (parse attempt 1) -> OK (3096 chars)
2026-08-08 08:51:57.978   Evaluator (deepseek-v3.2): alt 20 vs alt 59 (parse attempt 1) -> OK (3632 chars)
2026-08-08 08:51:58.095   Evaluator (deepseek-v3.2): alt 18 vs alt 53 (parse attempt 1) -> OK (5151 chars)
2026-08-08 08:51:58.238   Evaluator (deepseek-v3.2): alt 20 vs alt 55 (parse attempt 1) -> OK (4737 chars)
2026-08-08 08:51:58.396   Evaluator (deepseek-v3.2): alt 21 vs alt 47 (parse attempt 1) -> OK (3795 chars)
2026-08-08 08:51:58.742   Evaluator (deepseek-v3.2): alt 20 vs alt 38 (parse attempt 1) -> OK (3217 chars)
2026-08-08 08:51:58.747   Evaluator (deepseek-v3.2): alt 21 vs alt 46 (parse attempt 1) -> OK (4071 chars)
2026-08-08 08:51:59.509   Evaluator (deepseek-v3.2): alt 21 vs alt 51 (parse attempt 1) -> OK (3648 chars)
2026-08-08 08:52:00.025   Evaluator (deepseek-v3.2): alt 21 vs alt 55 (parse attempt 1) -> OK (2775 chars)
2026-08-08 08:52:00.246   Evaluator (deepseek-v3.2): alt 21 vs alt 50 (parse attempt 1) -> OK (4098 chars)
2026-08-08 08:52:00.547   Evaluator (deepseek-v3.2): alt 21 vs alt 48 (parse attempt 1) -> OK (4501 chars)
2026-08-08 08:52:00.760   Evaluator (deepseek-v3.2): alt 21 vs alt 56 (parse attempt 1) -> OK (2604 chars)
2026-08-08 08:52:00.855   Evaluator (deepseek-v3.2): alt 18 vs alt 44 (parse attempt 1) -> OK (4551 chars)
2026-08-08 08:52:01.134   Evaluator (deepseek-v3.2): alt 18 vs alt 36 (parse attempt 1) -> OK (4938 chars)
2026-08-08 08:52:01.135 JSON parse failed (attempt 1/5): 'winner'
2026-08-08 08:52:02.093   Evaluator (deepseek-v3.2): alt 21 vs alt 53 (parse attempt 1) -> OK (3986 chars)
2026-08-08 08:52:02.339   Evaluator (deepseek-v3.2): alt 22 vs alt 37 (parse attempt 1) -> OK (2205 chars)
2026-08-08 08:52:02.732   Evaluator (deepseek-v3.2): alt 21 vs alt 59 (parse attempt 1) -> OK (3012 chars)
2026-08-08 08:52:02.988   Evaluator (deepseek-v3.2): alt 21 vs alt 60 (parse attempt 1) -> OK (2961 chars)
2026-08-08 08:52:03.732   Evaluator (deepseek-v3.2): alt 21 vs alt 62 (parse attempt 1) -> OK (2389 chars)
2026-08-08 08:52:03.878   Evaluator (deepseek-v3.2): alt 21 vs alt 54 (parse attempt 1) -> OK (4050 chars)
2026-08-08 08:52:04.220   Evaluator (deepseek-v3.2): alt 18 vs alt 59 (parse attempt 1) -> OK (5130 chars)
2026-08-08 08:52:04.334   Evaluator (deepseek-v3.2): alt 18 vs alt 57 (parse attempt 1) -> OK (4203 chars)
2026-08-08 08:52:04.608   Evaluator (deepseek-v3.2): alt 22 vs alt 39 (parse attempt 1) -> OK (2196 chars)
2026-08-08 08:52:04.926   Evaluator (deepseek-v3.2): alt 22 vs alt 35 (parse attempt 1) -> OK (2690 chars)
2026-08-08 08:52:05.079   Evaluator (deepseek-v3.2): alt 22 vs alt 41 (parse attempt 1) -> OK (2234 chars)
2026-08-08 08:52:05.086   Evaluator (deepseek-v3.2): alt 21 vs alt 61 (parse attempt 1) -> OK (3426 chars)
2026-08-08 08:52:05.243   Evaluator (deepseek-v3.2): alt 21 vs alt 63 (parse attempt 1) -> OK (3684 chars)
2026-08-08 08:52:05.676   Evaluator (deepseek-v3.2): alt 21 vs alt 58 (parse attempt 1) -> OK (4021 chars)
2026-08-08 08:52:06.738   Evaluator (deepseek-v3.2): alt 22 vs alt 42 (parse attempt 1) -> OK (2664 chars)
2026-08-08 08:52:06.876   Evaluator (deepseek-v3.2): alt 22 vs alt 38 (parse attempt 1) -> OK (3850 chars)
2026-08-08 08:52:07.071   Evaluator (deepseek-v3.2): alt 22 vs alt 43 (parse attempt 1) -> OK (2800 chars)
2026-08-08 08:52:07.385   Evaluator (deepseek-v3.2): alt 22 vs alt 44 (parse attempt 1) -> OK (2897 chars)
2026-08-08 08:52:07.579   Evaluator (deepseek-v3.2): alt 18 vs alt 49 (parse attempt 1) -> OK (5103 chars)
2026-08-08 08:52:08.321   Evaluator (deepseek-v3.2): alt 22 vs alt 45 (parse attempt 1) -> OK (3084 chars)
2026-08-08 08:52:08.387   Evaluator (deepseek-v3.2): alt 22 vs alt 46 (parse attempt 1) -> OK (2689 chars)
2026-08-08 08:52:08.541   Evaluator (deepseek-v3.2): alt 22 vs alt 50 (parse attempt 1) -> OK (2385 chars)
2026-08-08 08:52:09.131   Evaluator (deepseek-v3.2): alt 22 vs alt 58 (parse attempt 1) -> OK (2153 chars)
2026-08-08 08:52:09.149   Evaluator (deepseek-v3.2): alt 22 vs alt 48 (parse attempt 1) -> OK (2938 chars)
2026-08-08 08:52:09.376   Evaluator (deepseek-v3.2): alt 22 vs alt 57 (parse attempt 1) -> OK (2446 chars)
2026-08-08 08:52:09.565   Evaluator (deepseek-v3.2): alt 22 vs alt 52 (parse attempt 1) -> OK (2843 chars)
2026-08-08 08:52:09.709   Evaluator (deepseek-v3.2): alt 22 vs alt 36 (parse attempt 1) -> OK (4225 chars)
2026-08-08 08:52:09.715   Evaluator (deepseek-v3.2): alt 21 vs alt 49 (parse attempt 1) -> OK (5399 chars)
2026-08-08 08:52:09.886   Evaluator (deepseek-v3.2): alt 22 vs alt 55 (parse attempt 1) -> OK (2546 chars)
2026-08-08 08:52:10.383   Evaluator (deepseek-v3.2): alt 22 vs alt 56 (parse attempt 1) -> OK (2577 chars)
2026-08-08 08:52:10.696   Evaluator (deepseek-v3.2): alt 22 vs alt 53 (parse attempt 1) -> OK (3150 chars)
2026-08-08 08:52:10.775   Evaluator (deepseek-v3.2): alt 22 vs alt 60 (parse attempt 1) -> OK (2264 chars)
2026-08-08 08:52:11.215   Evaluator (deepseek-v3.2): alt 22 vs alt 47 (parse attempt 1) -> OK (3174 chars)
2026-08-08 08:52:11.431   Evaluator (deepseek-v3.2): alt 22 vs alt 51 (parse attempt 1) -> OK (3235 chars)
2026-08-08 08:52:11.689   Evaluator (deepseek-v3.2): alt 22 vs alt 49 (parse attempt 1) -> OK (4050 chars)
2026-08-08 08:52:11.694   Evaluator (deepseek-v3.2): alt 22 vs alt 59 (parse attempt 1) -> OK (2679 chars)
2026-08-08 08:52:12.097   Evaluator (deepseek-v3.2): alt 22 vs alt 61 (parse attempt 1) -> OK (2611 chars)
2026-08-08 08:52:12.122   Evaluator (deepseek-v3.2): alt 22 vs alt 62 (parse attempt 1) -> OK (2828 chars)
2026-08-08 08:52:12.259   Evaluator (deepseek-v3.2): alt 22 vs alt 54 (parse attempt 1) -> OK (3257 chars)
2026-08-08 08:52:12.904   Evaluator (deepseek-v3.2): alt 20 vs alt 40 (parse attempt 1) -> OK (3792 chars)
2026-08-08 08:52:12.905 JSON parse failed (attempt 1/5): 'winner'
2026-08-08 08:52:13.090   Evaluator (deepseek-v3.2): alt 22 vs alt 40 (parse attempt 1) -> OK (4852 chars)
2026-08-08 08:52:13.428   Evaluator (deepseek-v3.2): alt 21 vs alt 57 (parse attempt 1) -> OK (3569 chars)
2026-08-08 08:52:13.477   Evaluator (deepseek-v3.2): alt 22 vs alt 63 (parse attempt 1) -> OK (2624 chars)
2026-08-08 08:52:13.638   Evaluator (deepseek-v3.2): alt 23 vs alt 43 (parse attempt 1) -> OK (2210 chars)
2026-08-08 08:52:14.493   Evaluator (deepseek-v3.2): alt 23 vs alt 35 (parse attempt 1) -> OK (2759 chars)
2026-08-08 08:52:14.555   Evaluator (deepseek-v3.2): alt 23 vs alt 37 (parse attempt 1) -> OK (2889 chars)
2026-08-08 08:52:14.876   Evaluator (deepseek-v3.2): alt 23 vs alt 41 (parse attempt 1) -> OK (3102 chars)
2026-08-08 08:52:15.492   Evaluator (deepseek-v3.2): alt 23 vs alt 39 (parse attempt 1) -> OK (3273 chars)
2026-08-08 08:52:16.204   Evaluator (deepseek-v3.2): alt 23 vs alt 46 (parse attempt 1) -> OK (2506 chars)
2026-08-08 08:52:16.530   Evaluator (deepseek-v3.2): alt 23 vs alt 40 (parse attempt 1) -> OK (3219 chars)
2026-08-08 08:52:16.961   Evaluator (deepseek-v3.2): alt 23 vs alt 36 (parse attempt 1) -> OK (3418 chars)
2026-08-08 08:52:17.140   Evaluator (deepseek-v3.2): alt 23 vs alt 51 (parse attempt 1) -> OK (2168 chars)
2026-08-08 08:52:17.145   Evaluator (deepseek-v3.2): alt 23 vs alt 42 (parse attempt 1) -> OK (3734 chars)
2026-08-08 08:52:17.978   Evaluator (deepseek-v3.2): alt 23 vs alt 44 (parse attempt 1) -> OK (3059 chars)
2026-08-08 08:52:18.466   Evaluator (deepseek-v3.2): alt 23 vs alt 48 (parse attempt 1) -> OK (2821 chars)
2026-08-08 08:52:18.581   Evaluator (deepseek-v3.2): alt 20 vs alt 47 (parse attempt 1) -> OK (3719 chars)
2026-08-08 08:52:19.789   Evaluator (deepseek-v3.2): alt 23 vs alt 50 (parse attempt 1) -> OK (3687 chars)
2026-08-08 08:52:20.124   Evaluator (deepseek-v3.2): alt 15 vs alt 62 (parse attempt 2) -> OK (3632 chars)
2026-08-08 08:52:20.523   Evaluator (deepseek-v3.2): alt 23 vs alt 47 (parse attempt 1) -> OK (3445 chars)
2026-08-08 08:52:20.558   Evaluator (deepseek-v3.2): alt 23 vs alt 38 (parse attempt 1) -> OK (3863 chars)
2026-08-08 08:52:21.599   Evaluator (deepseek-v3.2): alt 20 vs alt 62 (parse attempt 1) -> OK (4161 chars)
2026-08-08 08:52:21.909   Evaluator (deepseek-v3.2): alt 21 vs alt 40 (parse attempt 2) -> OK (3162 chars)
2026-08-08 08:52:22.784   Evaluator (deepseek-v3.2): alt 23 vs alt 45 (parse attempt 1) -> OK (4751 chars)
2026-08-08 08:52:26.908   Evaluator (deepseek-v3.2): alt 23 vs alt 49 (parse attempt 1) -> OK (4823 chars)
2026-08-08 08:52:30.662   Evaluator (deepseek-v3.2): alt 18 vs alt 50 (parse attempt 2) -> OK (1797 chars)
2026-08-08 08:52:31.032   Evaluator (deepseek-v3.2): alt 20 vs alt 40 (parse attempt 2) -> OK (3594 chars)
2026-08-08 08:52:33.252   Evaluator (deepseek-v3.2): alt 19 vs alt 55 (parse attempt 2) -> OK (3896 chars)
2026-08-08 08:52:37.476   Evaluator (deepseek-v3.2): alt 19 vs alt 46 (parse attempt 2) -> OK (2891 chars)
2026-08-08 08:52:37.835   Evaluator (deepseek-v3.2): alt 18 vs alt 36 (parse attempt 2) -> OK (2513 chars)
2026-08-08 08:52:51.230   Evaluator (deepseek-v3.2): alt 18 vs alt 40 (parse attempt 2) -> OK (4139 chars)
2026-08-08 08:52:57.284   Evaluator (deepseek-v3.2): alt 18 vs alt 51 (parse attempt 2) -> OK (4407 chars)
2026-08-08 08:52:57.285   Evaluator batch 1001-1500 / 4032 done
2026-08-08 08:52:57.301   Evaluator (deepseek-v3.2): alt 24 vs incumbent (parse attempt 1) -> CACHE (2872 chars)
2026-08-08 08:52:57.302   Evaluator (deepseek-v3.2): alt 24 vs alt 1 (parse attempt 1) -> CACHE (3047 chars)
2026-08-08 08:52:57.302   Evaluator (deepseek-v3.2): alt 24 vs alt 2 (parse attempt 1) -> CACHE (3995 chars)
2026-08-08 08:52:57.302   Evaluator (deepseek-v3.2): alt 24 vs alt 3 (parse attempt 1) -> CACHE (2539 chars)
2026-08-08 08:52:57.302   Evaluator (deepseek-v3.2): alt 24 vs alt 4 (parse attempt 1) -> CACHE (3363 chars)
2026-08-08 08:52:57.302   Evaluator (deepseek-v3.2): alt 24 vs alt 5 (parse attempt 1) -> CACHE (2213 chars)
2026-08-08 08:52:57.303   Evaluator (deepseek-v3.2): alt 24 vs alt 6 (parse attempt 1) -> CACHE (2124 chars)
2026-08-08 08:52:57.303   Evaluator (deepseek-v3.2): alt 24 vs alt 7 (parse attempt 1) -> CACHE (2057 chars)
2026-08-08 08:52:57.303   Evaluator (deepseek-v3.2): alt 24 vs alt 8 (parse attempt 1) -> CACHE (2751 chars)
2026-08-08 08:52:57.303   Evaluator (deepseek-v3.2): alt 24 vs alt 9 (parse attempt 1) -> CACHE (3407 chars)
2026-08-08 08:52:57.303   Evaluator (deepseek-v3.2): alt 24 vs alt 10 (parse attempt 1) -> CACHE (2506 chars)
2026-08-08 08:52:57.304   Evaluator (deepseek-v3.2): alt 24 vs alt 11 (parse attempt 1) -> CACHE (2374 chars)
2026-08-08 08:52:57.304   Evaluator (deepseek-v3.2): alt 24 vs alt 12 (parse attempt 1) -> CACHE (2288 chars)
2026-08-08 08:52:57.304   Evaluator (deepseek-v3.2): alt 24 vs alt 13 (parse attempt 1) -> CACHE (1833 chars)
2026-08-08 08:52:57.304   Evaluator (deepseek-v3.2): alt 24 vs alt 14 (parse attempt 1) -> CACHE (4092 chars)
2026-08-08 08:52:57.304   Evaluator (deepseek-v3.2): alt 24 vs alt 15 (parse attempt 1) -> CACHE (3665 chars)
2026-08-08 08:52:57.305   Evaluator (deepseek-v3.2): alt 24 vs alt 16 (parse attempt 1) -> CACHE (3193 chars)
2026-08-08 08:52:57.305   Evaluator (deepseek-v3.2): alt 24 vs alt 17 (parse attempt 1) -> CACHE (1882 chars)
2026-08-08 08:52:57.305   Evaluator (deepseek-v3.2): alt 24 vs alt 18 (parse attempt 1) -> CACHE (2211 chars)
2026-08-08 08:52:57.305   Evaluator (deepseek-v3.2): alt 24 vs alt 19 (parse attempt 1) -> CACHE (2115 chars)
2026-08-08 08:52:57.305   Evaluator (deepseek-v3.2): alt 24 vs alt 20 (parse attempt 1) -> CACHE (3743 chars)
2026-08-08 08:52:57.306   Evaluator (deepseek-v3.2): alt 24 vs alt 21 (parse attempt 1) -> CACHE (1884 chars)
2026-08-08 08:52:57.306   Evaluator (deepseek-v3.2): alt 24 vs alt 22 (parse attempt 1) -> CACHE (1957 chars)
2026-08-08 08:52:57.306   Evaluator (deepseek-v3.2): alt 24 vs alt 23 (parse attempt 1) -> CACHE (2106 chars)
2026-08-08 08:52:57.306   Evaluator (deepseek-v3.2): alt 24 vs alt 25 (parse attempt 1) -> CACHE (2451 chars)
2026-08-08 08:52:57.306   Evaluator (deepseek-v3.2): alt 24 vs alt 26 (parse attempt 1) -> CACHE (2876 chars)
2026-08-08 08:52:57.306   Evaluator (deepseek-v3.2): alt 24 vs alt 27 (parse attempt 1) -> CACHE (1954 chars)
2026-08-08 08:52:57.307   Evaluator (deepseek-v3.2): alt 24 vs alt 28 (parse attempt 1) -> CACHE (2037 chars)
2026-08-08 08:52:57.307   Evaluator (deepseek-v3.2): alt 24 vs alt 29 (parse attempt 1) -> CACHE (3183 chars)
2026-08-08 08:52:57.307   Evaluator (deepseek-v3.2): alt 24 vs alt 30 (parse attempt 1) -> CACHE (5129 chars)
2026-08-08 08:52:57.307   Evaluator (deepseek-v3.2): alt 24 vs alt 31 (parse attempt 1) -> CACHE (2661 chars)
2026-08-08 08:52:57.307   Evaluator (deepseek-v3.2): alt 24 vs alt 32 (parse attempt 1) -> CACHE (2814 chars)
2026-08-08 08:52:57.307   Evaluator (deepseek-v3.2): alt 24 vs alt 33 (parse attempt 1) -> CACHE (1938 chars)
2026-08-08 08:52:57.308   Evaluator (deepseek-v3.2): alt 24 vs alt 34 (parse attempt 1) -> CACHE (1849 chars)
2026-08-08 08:52:57.343   Evaluator (deepseek-v3.2): alt 25 vs incumbent (parse attempt 1) -> CACHE (2386 chars)
2026-08-08 08:52:57.344   Evaluator (deepseek-v3.2): alt 25 vs alt 1 (parse attempt 1) -> CACHE (2213 chars)
2026-08-08 08:52:57.344   Evaluator (deepseek-v3.2): alt 25 vs alt 2 (parse attempt 1) -> CACHE (2697 chars)
2026-08-08 08:52:57.344   Evaluator (deepseek-v3.2): alt 25 vs alt 3 (parse attempt 1) -> CACHE (2043 chars)
2026-08-08 08:52:57.344   Evaluator (deepseek-v3.2): alt 25 vs alt 4 (parse attempt 1) -> CACHE (2508 chars)
2026-08-08 08:52:57.344   Evaluator (deepseek-v3.2): alt 25 vs alt 5 (parse attempt 1) -> CACHE (3597 chars)
2026-08-08 08:52:57.345   Evaluator (deepseek-v3.2): alt 25 vs alt 6 (parse attempt 1) -> CACHE (3015 chars)
2026-08-08 08:52:57.345   Evaluator (deepseek-v3.2): alt 25 vs alt 7 (parse attempt 1) -> CACHE (2568 chars)
2026-08-08 08:52:57.345   Evaluator (deepseek-v3.2): alt 25 vs alt 8 (parse attempt 1) -> CACHE (2347 chars)
2026-08-08 08:52:57.345   Evaluator (deepseek-v3.2): alt 25 vs alt 9 (parse attempt 1) -> CACHE (3904 chars)
2026-08-08 08:52:57.345   Evaluator (deepseek-v3.2): alt 25 vs alt 10 (parse attempt 1) -> CACHE (2048 chars)
2026-08-08 08:52:57.346   Evaluator (deepseek-v3.2): alt 25 vs alt 11 (parse attempt 1) -> CACHE (2753 chars)
2026-08-08 08:52:57.346   Evaluator (deepseek-v3.2): alt 25 vs alt 12 (parse attempt 1) -> CACHE (2348 chars)
2026-08-08 08:52:57.346   Evaluator (deepseek-v3.2): alt 25 vs alt 13 (parse attempt 1) -> CACHE (2942 chars)
2026-08-08 08:52:57.346   Evaluator (deepseek-v3.2): alt 25 vs alt 14 (parse attempt 1) -> CACHE (2955 chars)
2026-08-08 08:52:57.346   Evaluator (deepseek-v3.2): alt 25 vs alt 15 (parse attempt 1) -> CACHE (2036 chars)
2026-08-08 08:52:57.346   Evaluator (deepseek-v3.2): alt 25 vs alt 16 (parse attempt 1) -> CACHE (3428 chars)
2026-08-08 08:52:57.347   Evaluator (deepseek-v3.2): alt 25 vs alt 17 (parse attempt 1) -> CACHE (1702 chars)
2026-08-08 08:52:57.347   Evaluator (deepseek-v3.2): alt 25 vs alt 18 (parse attempt 1) -> CACHE (4244 chars)
2026-08-08 08:52:57.347   Evaluator (deepseek-v3.2): alt 25 vs alt 19 (parse attempt 1) -> CACHE (1998 chars)
2026-08-08 08:52:57.347   Evaluator (deepseek-v3.2): alt 25 vs alt 20 (parse attempt 1) -> CACHE (2189 chars)
2026-08-08 08:52:57.347   Evaluator (deepseek-v3.2): alt 25 vs alt 21 (parse attempt 1) -> CACHE (3037 chars)
2026-08-08 08:52:57.348   Evaluator (deepseek-v3.2): alt 25 vs alt 22 (parse attempt 1) -> CACHE (2285 chars)
2026-08-08 08:52:57.348   Evaluator (deepseek-v3.2): alt 25 vs alt 23 (parse attempt 1) -> CACHE (2486 chars)
2026-08-08 08:52:57.348   Evaluator (deepseek-v3.2): alt 25 vs alt 24 (parse attempt 1) -> CACHE (4096 chars)
2026-08-08 08:52:57.348   Evaluator (deepseek-v3.2): alt 25 vs alt 26 (parse attempt 1) -> CACHE (3340 chars)
2026-08-08 08:52:57.348   Evaluator (deepseek-v3.2): alt 25 vs alt 27 (parse attempt 1) -> CACHE (2042 chars)
2026-08-08 08:52:57.348   Evaluator (deepseek-v3.2): alt 25 vs alt 28 (parse attempt 1) -> CACHE (2493 chars)
2026-08-08 08:52:57.349   Evaluator (deepseek-v3.2): alt 25 vs alt 29 (parse attempt 1) -> CACHE (2372 chars)
2026-08-08 08:52:57.349   Evaluator (deepseek-v3.2): alt 25 vs alt 30 (parse attempt 1) -> CACHE (2347 chars)
2026-08-08 08:52:57.349   Evaluator (deepseek-v3.2): alt 25 vs alt 31 (parse attempt 1) -> CACHE (2437 chars)
2026-08-08 08:52:57.349   Evaluator (deepseek-v3.2): alt 25 vs alt 32 (parse attempt 1) -> CACHE (2129 chars)
2026-08-08 08:52:57.349   Evaluator (deepseek-v3.2): alt 25 vs alt 33 (parse attempt 1) -> CACHE (3559 chars)
2026-08-08 08:52:57.349   Evaluator (deepseek-v3.2): alt 25 vs alt 34 (parse attempt 1) -> CACHE (3047 chars)
2026-08-08 08:52:57.353   Evaluator (deepseek-v3.2): alt 26 vs incumbent (parse attempt 1) -> CACHE (2399 chars)
2026-08-08 08:52:57.353   Evaluator (deepseek-v3.2): alt 26 vs alt 1 (parse attempt 1) -> CACHE (2967 chars)
2026-08-08 08:52:57.353   Evaluator (deepseek-v3.2): alt 26 vs alt 2 (parse attempt 1) -> CACHE (1755 chars)
2026-08-08 08:52:57.354   Evaluator (deepseek-v3.2): alt 26 vs alt 3 (parse attempt 1) -> CACHE (2438 chars)
2026-08-08 08:52:57.354   Evaluator (deepseek-v3.2): alt 26 vs alt 4 (parse attempt 1) -> CACHE (2765 chars)
2026-08-08 08:52:57.354   Evaluator (deepseek-v3.2): alt 26 vs alt 5 (parse attempt 1) -> CACHE (2177 chars)
2026-08-08 08:52:57.354   Evaluator (deepseek-v3.2): alt 26 vs alt 6 (parse attempt 1) -> CACHE (3089 chars)
2026-08-08 08:52:57.354   Evaluator (deepseek-v3.2): alt 26 vs alt 7 (parse attempt 1) -> CACHE (2945 chars)
2026-08-08 08:52:57.354   Evaluator (deepseek-v3.2): alt 26 vs alt 8 (parse attempt 1) -> CACHE (2099 chars)
2026-08-08 08:52:57.355   Evaluator (deepseek-v3.2): alt 26 vs alt 9 (parse attempt 1) -> CACHE (2331 chars)
2026-08-08 08:52:57.355   Evaluator (deepseek-v3.2): alt 26 vs alt 10 (parse attempt 1) -> CACHE (2098 chars)
2026-08-08 08:52:57.355   Evaluator (deepseek-v3.2): alt 26 vs alt 11 (parse attempt 1) -> CACHE (3473 chars)
2026-08-08 08:52:57.355   Evaluator (deepseek-v3.2): alt 26 vs alt 12 (parse attempt 1) -> CACHE (2215 chars)
2026-08-08 08:52:57.355   Evaluator (deepseek-v3.2): alt 26 vs alt 13 (parse attempt 1) -> CACHE (2432 chars)
2026-08-08 08:52:57.355   Evaluator (deepseek-v3.2): alt 26 vs alt 14 (parse attempt 1) -> CACHE (2121 chars)
2026-08-08 08:52:57.356   Evaluator (deepseek-v3.2): alt 26 vs alt 15 (parse attempt 1) -> CACHE (3756 chars)
2026-08-08 08:52:57.356   Evaluator (deepseek-v3.2): alt 26 vs alt 16 (parse attempt 1) -> CACHE (289 chars)
2026-08-08 08:52:57.356 JSON parse failed (attempt 1/5): Expecting value: line 1 column 1 (char 0)
2026-08-08 08:52:57.356   Evaluator (deepseek-v3.2): alt 26 vs alt 16 (parse attempt 2) -> CACHE (2789 chars)
2026-08-08 08:52:57.356   Evaluator (deepseek-v3.2): alt 26 vs alt 17 (parse attempt 1) -> CACHE (2812 chars)
2026-08-08 08:52:57.356   Evaluator (deepseek-v3.2): alt 26 vs alt 18 (parse attempt 1) -> CACHE (2708 chars)
2026-08-08 08:52:57.356   Evaluator (deepseek-v3.2): alt 26 vs alt 19 (parse attempt 1) -> CACHE (3355 chars)
2026-08-08 08:52:57.357   Evaluator (deepseek-v3.2): alt 26 vs alt 20 (parse attempt 1) -> CACHE (2661 chars)
2026-08-08 08:52:57.357   Evaluator (deepseek-v3.2): alt 26 vs alt 21 (parse attempt 1) -> CACHE (2250 chars)
2026-08-08 08:52:57.357   Evaluator (deepseek-v3.2): alt 26 vs alt 22 (parse attempt 1) -> CACHE (2556 chars)
2026-08-08 08:52:57.357   Evaluator (deepseek-v3.2): alt 26 vs alt 23 (parse attempt 1) -> CACHE (2560 chars)
2026-08-08 08:52:57.357   Evaluator (deepseek-v3.2): alt 26 vs alt 24 (parse attempt 1) -> CACHE (2550 chars)
2026-08-08 08:52:57.357   Evaluator (deepseek-v3.2): alt 26 vs alt 25 (parse attempt 1) -> CACHE (2316 chars)
2026-08-08 08:52:57.358   Evaluator (deepseek-v3.2): alt 26 vs alt 27 (parse attempt 1) -> CACHE (2043 chars)
2026-08-08 08:52:57.358   Evaluator (deepseek-v3.2): alt 26 vs alt 28 (parse attempt 1) -> CACHE (2303 chars)
2026-08-08 08:52:57.358   Evaluator (deepseek-v3.2): alt 26 vs alt 29 (parse attempt 1) -> CACHE (4020 chars)
2026-08-08 08:52:57.358   Evaluator (deepseek-v3.2): alt 26 vs alt 30 (parse attempt 1) -> CACHE (2416 chars)
2026-08-08 08:52:57.358   Evaluator (deepseek-v3.2): alt 26 vs alt 31 (parse attempt 1) -> CACHE (3260 chars)
2026-08-08 08:52:57.358   Evaluator (deepseek-v3.2): alt 26 vs alt 32 (parse attempt 1) -> CACHE (2907 chars)
2026-08-08 08:52:57.359   Evaluator (deepseek-v3.2): alt 26 vs alt 33 (parse attempt 1) -> CACHE (2519 chars)
2026-08-08 08:52:57.359   Evaluator (deepseek-v3.2): alt 26 vs alt 34 (parse attempt 1) -> CACHE (2380 chars)
2026-08-08 08:52:57.362   Evaluator (deepseek-v3.2): alt 27 vs incumbent (parse attempt 1) -> CACHE (2154 chars)
2026-08-08 08:52:57.362   Evaluator (deepseek-v3.2): alt 27 vs alt 1 (parse attempt 1) -> CACHE (2968 chars)
2026-08-08 08:52:57.363   Evaluator (deepseek-v3.2): alt 27 vs alt 2 (parse attempt 1) -> CACHE (2068 chars)
2026-08-08 08:52:57.363   Evaluator (deepseek-v3.2): alt 27 vs alt 3 (parse attempt 1) -> CACHE (2969 chars)
2026-08-08 08:52:57.363   Evaluator (deepseek-v3.2): alt 27 vs alt 4 (parse attempt 1) -> CACHE (3268 chars)
2026-08-08 08:52:57.363   Evaluator (deepseek-v3.2): alt 27 vs alt 5 (parse attempt 1) -> CACHE (2550 chars)
2026-08-08 08:52:57.363   Evaluator (deepseek-v3.2): alt 27 vs alt 6 (parse attempt 1) -> CACHE (3632 chars)
2026-08-08 08:52:57.364   Evaluator (deepseek-v3.2): alt 27 vs alt 7 (parse attempt 1) -> CACHE (1781 chars)
2026-08-08 08:52:57.364   Evaluator (deepseek-v3.2): alt 27 vs alt 8 (parse attempt 1) -> CACHE (3631 chars)
2026-08-08 08:52:57.364 JSON parse failed (attempt 1/5): 'winner'
2026-08-08 08:52:57.364   Evaluator (deepseek-v3.2): alt 27 vs alt 8 (parse attempt 2) -> CACHE (1674 chars)
2026-08-08 08:52:57.364   Evaluator (deepseek-v3.2): alt 27 vs alt 9 (parse attempt 1) -> CACHE (2180 chars)
2026-08-08 08:52:57.364   Evaluator (deepseek-v3.2): alt 27 vs alt 10 (parse attempt 1) -> CACHE (3286 chars)
2026-08-08 08:52:57.364 JSON parse failed (attempt 1/5): 'winner'
2026-08-08 08:52:57.364   Evaluator (deepseek-v3.2): alt 27 vs alt 10 (parse attempt 2) -> CACHE (2219 chars)
2026-08-08 08:52:57.365   Evaluator (deepseek-v3.2): alt 27 vs alt 11 (parse attempt 1) -> CACHE (2600 chars)
2026-08-08 08:52:57.365   Evaluator (deepseek-v3.2): alt 27 vs alt 12 (parse attempt 1) -> CACHE (2397 chars)
2026-08-08 08:52:57.365   Evaluator (deepseek-v3.2): alt 27 vs alt 13 (parse attempt 1) -> CACHE (2375 chars)
2026-08-08 08:52:57.365   Evaluator (deepseek-v3.2): alt 27 vs alt 14 (parse attempt 1) -> CACHE (2712 chars)
2026-08-08 08:52:57.365   Evaluator (deepseek-v3.2): alt 27 vs alt 15 (parse attempt 1) -> CACHE (2300 chars)
2026-08-08 08:52:57.365   Evaluator (deepseek-v3.2): alt 27 vs alt 16 (parse attempt 1) -> CACHE (2317 chars)
2026-08-08 08:52:57.366   Evaluator (deepseek-v3.2): alt 27 vs alt 17 (parse attempt 1) -> CACHE (1452 chars)
2026-08-08 08:52:57.366   Evaluator (deepseek-v3.2): alt 27 vs alt 18 (parse attempt 1) -> CACHE (2179 chars)
2026-08-08 08:52:57.366   Evaluator (deepseek-v3.2): alt 27 vs alt 19 (parse attempt 1) -> CACHE (3170 chars)
2026-08-08 08:52:57.366   Evaluator (deepseek-v3.2): alt 27 vs alt 20 (parse attempt 1) -> CACHE (3367 chars)
2026-08-08 08:52:57.366   Evaluator (deepseek-v3.2): alt 27 vs alt 21 (parse attempt 1) -> CACHE (3419 chars)
2026-08-08 08:52:57.366   Evaluator (deepseek-v3.2): alt 27 vs alt 22 (parse attempt 1) -> CACHE (1841 chars)
2026-08-08 08:52:57.367   Evaluator (deepseek-v3.2): alt 27 vs alt 23 (parse attempt 1) -> CACHE (2980 chars)
2026-08-08 08:52:57.367   Evaluator (deepseek-v3.2): alt 27 vs alt 24 (parse attempt 1) -> CACHE (1516 chars)
2026-08-08 08:52:57.367   Evaluator (deepseek-v3.2): alt 27 vs alt 25 (parse attempt 1) -> CACHE (1779 chars)
2026-08-08 08:52:57.367   Evaluator (deepseek-v3.2): alt 27 vs alt 26 (parse attempt 1) -> CACHE (1991 chars)
2026-08-08 08:52:57.367   Evaluator (deepseek-v3.2): alt 27 vs alt 28 (parse attempt 1) -> CACHE (2654 chars)
2026-08-08 08:52:57.367 JSON parse failed (attempt 1/5): 'winner'
2026-08-08 08:52:57.367   Evaluator (deepseek-v3.2): alt 27 vs alt 28 (parse attempt 2) -> CACHE (3302 chars)
2026-08-08 08:52:57.367   Evaluator (deepseek-v3.2): alt 27 vs alt 29 (parse attempt 1) -> CACHE (2245 chars)
2026-08-08 08:52:57.368   Evaluator (deepseek-v3.2): alt 27 vs alt 30 (parse attempt 1) -> CACHE (2634 chars)
2026-08-08 08:52:57.368   Evaluator (deepseek-v3.2): alt 27 vs alt 31 (parse attempt 1) -> CACHE (3411 chars)
2026-08-08 08:52:57.368   Evaluator (deepseek-v3.2): alt 27 vs alt 32 (parse attempt 1) -> CACHE (3377 chars)
2026-08-08 08:52:57.368   Evaluator (deepseek-v3.2): alt 27 vs alt 33 (parse attempt 1) -> CACHE (2050 chars)
2026-08-08 08:52:57.368   Evaluator (deepseek-v3.2): alt 27 vs alt 34 (parse attempt 1) -> CACHE (2635 chars)
2026-08-08 08:52:57.372   Evaluator (deepseek-v3.2): alt 28 vs incumbent (parse attempt 1) -> CACHE (2284 chars)
2026-08-08 08:52:57.372   Evaluator (deepseek-v3.2): alt 28 vs alt 1 (parse attempt 1) -> CACHE (2854 chars)
2026-08-08 08:52:57.372   Evaluator (deepseek-v3.2): alt 28 vs alt 2 (parse attempt 1) -> CACHE (4095 chars)
2026-08-08 08:52:57.372   Evaluator (deepseek-v3.2): alt 28 vs alt 3 (parse attempt 1) -> CACHE (2659 chars)
2026-08-08 08:52:57.372   Evaluator (deepseek-v3.2): alt 28 vs alt 4 (parse attempt 1) -> CACHE (1768 chars)
2026-08-08 08:52:57.373   Evaluator (deepseek-v3.2): alt 28 vs alt 5 (parse attempt 1) -> CACHE (4017 chars)
2026-08-08 08:52:57.373   Evaluator (deepseek-v3.2): alt 28 vs alt 6 (parse attempt 1) -> CACHE (4019 chars)
2026-08-08 08:52:57.373   Evaluator (deepseek-v3.2): alt 28 vs alt 7 (parse attempt 1) -> CACHE (4867 chars)
2026-08-08 08:52:57.373   Evaluator (deepseek-v3.2): alt 28 vs alt 8 (parse attempt 1) -> CACHE (2496 chars)
2026-08-08 08:52:57.373 JSON parse failed (attempt 1/5): 'winner'
2026-08-08 08:52:57.373   Evaluator (deepseek-v3.2): alt 28 vs alt 8 (parse attempt 2) -> CACHE (2001 chars)
2026-08-08 08:52:57.373   Evaluator (deepseek-v3.2): alt 28 vs alt 9 (parse attempt 1) -> CACHE (3769 chars)
2026-08-08 08:52:57.374   Evaluator (deepseek-v3.2): alt 28 vs alt 10 (parse attempt 1) -> CACHE (4040 chars)
2026-08-08 08:52:57.374   Evaluator (deepseek-v3.2): alt 28 vs alt 11 (parse attempt 1) -> CACHE (2351 chars)
2026-08-08 08:52:57.374   Evaluator (deepseek-v3.2): alt 28 vs alt 12 (parse attempt 1) -> CACHE (2377 chars)
2026-08-08 08:52:57.374   Evaluator (deepseek-v3.2): alt 28 vs alt 13 (parse attempt 1) -> CACHE (3756 chars)
2026-08-08 08:52:57.374   Evaluator (deepseek-v3.2): alt 28 vs alt 14 (parse attempt 1) -> CACHE (3984 chars)
2026-08-08 08:52:57.374   Evaluator (deepseek-v3.2): alt 28 vs alt 15 (parse attempt 1) -> CACHE (2490 chars)
2026-08-08 08:52:57.374   Evaluator (deepseek-v3.2): alt 28 vs alt 16 (parse attempt 1) -> CACHE (2601 chars)
2026-08-08 08:52:57.375   Evaluator (deepseek-v3.2): alt 28 vs alt 17 (parse attempt 1) -> CACHE (2434 chars)
2026-08-08 08:52:57.375   Evaluator (deepseek-v3.2): alt 28 vs alt 18 (parse attempt 1) -> CACHE (3831 chars)
2026-08-08 08:52:57.375   Evaluator (deepseek-v3.2): alt 28 vs alt 19 (parse attempt 1) -> CACHE (2449 chars)
2026-08-08 08:52:57.375   Evaluator (deepseek-v3.2): alt 28 vs alt 20 (parse attempt 1) -> CACHE (1840 chars)
2026-08-08 08:52:57.375   Evaluator (deepseek-v3.2): alt 28 vs alt 21 (parse attempt 1) -> CACHE (3352 chars)
2026-08-08 08:52:57.375   Evaluator (deepseek-v3.2): alt 28 vs alt 22 (parse attempt 1) -> CACHE (2361 chars)
2026-08-08 08:52:57.376   Evaluator (deepseek-v3.2): alt 28 vs alt 23 (parse attempt 1) -> CACHE (3531 chars)
2026-08-08 08:52:57.376   Evaluator (deepseek-v3.2): alt 28 vs alt 24 (parse attempt 1) -> CACHE (3945 chars)
2026-08-08 08:52:57.376   Evaluator (deepseek-v3.2): alt 28 vs alt 25 (parse attempt 1) -> CACHE (3030 chars)
2026-08-08 08:52:57.376   Evaluator (deepseek-v3.2): alt 28 vs alt 26 (parse attempt 1) -> CACHE (3823 chars)
2026-08-08 08:52:57.376   Evaluator (deepseek-v3.2): alt 28 vs alt 27 (parse attempt 1) -> CACHE (4093 chars)
2026-08-08 08:52:57.376   Evaluator (deepseek-v3.2): alt 28 vs alt 29 (parse attempt 1) -> CACHE (4529 chars)
2026-08-08 08:52:57.377   Evaluator (deepseek-v3.2): alt 28 vs alt 30 (parse attempt 1) -> CACHE (2274 chars)
2026-08-08 08:52:57.377   Evaluator (deepseek-v3.2): alt 28 vs alt 31 (parse attempt 1) -> CACHE (3754 chars)
2026-08-08 08:52:57.377   Evaluator (deepseek-v3.2): alt 28 vs alt 32 (parse attempt 1) -> CACHE (3070 chars)
2026-08-08 08:52:57.377   Evaluator (deepseek-v3.2): alt 28 vs alt 33 (parse attempt 1) -> CACHE (2282 chars)
2026-08-08 08:52:57.377   Evaluator (deepseek-v3.2): alt 28 vs alt 34 (parse attempt 1) -> CACHE (3775 chars)
2026-08-08 08:52:57.381   Evaluator (deepseek-v3.2): alt 29 vs incumbent (parse attempt 1) -> CACHE (3626 chars)
2026-08-08 08:52:57.381 JSON parse failed (attempt 1/5): 'winner'
2026-08-08 08:52:57.381   Evaluator (deepseek-v3.2): alt 29 vs incumbent (parse attempt 2) -> CACHE (2668 chars)
2026-08-08 08:52:57.381   Evaluator (deepseek-v3.2): alt 29 vs alt 1 (parse attempt 1) -> CACHE (2857 chars)
2026-08-08 08:52:57.381   Evaluator (deepseek-v3.2): alt 29 vs alt 2 (parse attempt 1) -> CACHE (3166 chars)
2026-08-08 08:52:57.381   Evaluator (deepseek-v3.2): alt 29 vs alt 3 (parse attempt 1) -> CACHE (2711 chars)
2026-08-08 08:52:57.382   Evaluator (deepseek-v3.2): alt 29 vs alt 4 (parse attempt 1) -> CACHE (3425 chars)
2026-08-08 08:52:57.382   Evaluator (deepseek-v3.2): alt 29 vs alt 5 (parse attempt 1) -> CACHE (2652 chars)
2026-08-08 08:52:57.382   Evaluator (deepseek-v3.2): alt 29 vs alt 6 (parse attempt 1) -> CACHE (3153 chars)
2026-08-08 08:52:57.382   Evaluator (deepseek-v3.2): alt 29 vs alt 7 (parse attempt 1) -> CACHE (2843 chars)
2026-08-08 08:52:57.382   Evaluator (deepseek-v3.2): alt 29 vs alt 8 (parse attempt 1) -> CACHE (3065 chars)
2026-08-08 08:52:57.382   Evaluator (deepseek-v3.2): alt 29 vs alt 9 (parse attempt 1) -> CACHE (2289 chars)
2026-08-08 08:52:57.383   Evaluator (deepseek-v3.2): alt 29 vs alt 10 (parse attempt 1) -> CACHE (2191 chars)
2026-08-08 08:52:57.383   Evaluator (deepseek-v3.2): alt 29 vs alt 11 (parse attempt 1) -> CACHE (2677 chars)
2026-08-08 08:52:57.383   Evaluator (deepseek-v3.2): alt 29 vs alt 12 (parse attempt 1) -> CACHE (2676 chars)
2026-08-08 08:52:57.383   Evaluator (deepseek-v3.2): alt 29 vs alt 13 (parse attempt 1) -> CACHE (3301 chars)
2026-08-08 08:52:57.383   Evaluator (deepseek-v3.2): alt 29 vs alt 14 (parse attempt 1) -> CACHE (2656 chars)
2026-08-08 08:52:57.383   Evaluator (deepseek-v3.2): alt 29 vs alt 15 (parse attempt 1) -> CACHE (3019 chars)
2026-08-08 08:52:57.384   Evaluator (deepseek-v3.2): alt 29 vs alt 16 (parse attempt 1) -> CACHE (3130 chars)
2026-08-08 08:52:57.384 JSON parse failed (attempt 1/5): Expecting ',' delimiter: line 7 column 20 (char 286)
2026-08-08 08:52:57.384   Evaluator (deepseek-v3.2): alt 29 vs alt 16 (parse attempt 2) -> CACHE (2294 chars)
2026-08-08 08:52:57.384   Evaluator (deepseek-v3.2): alt 29 vs alt 17 (parse attempt 1) -> CACHE (4536 chars)
2026-08-08 08:52:57.384   Evaluator (deepseek-v3.2): alt 29 vs alt 18 (parse attempt 1) -> CACHE (2865 chars)
2026-08-08 08:52:57.384   Evaluator (deepseek-v3.2): alt 29 vs alt 19 (parse attempt 1) -> CACHE (2165 chars)
2026-08-08 08:52:57.384   Evaluator (deepseek-v3.2): alt 29 vs alt 20 (parse attempt 1) -> CACHE (3996 chars)
2026-08-08 08:52:57.384 JSON parse failed (attempt 1/5): 'winner'
2026-08-08 08:52:57.384   Evaluator (deepseek-v3.2): alt 29 vs alt 20 (parse attempt 2) -> CACHE (2934 chars)
2026-08-08 08:52:57.385   Evaluator (deepseek-v3.2): alt 29 vs alt 21 (parse attempt 1) -> CACHE (2436 chars)
2026-08-08 08:52:57.385   Evaluator (deepseek-v3.2): alt 29 vs alt 22 (parse attempt 1) -> CACHE (5411 chars)
2026-08-08 08:52:57.385   Evaluator (deepseek-v3.2): alt 29 vs alt 23 (parse attempt 1) -> CACHE (2011 chars)
2026-08-08 08:52:57.385   Evaluator (deepseek-v3.2): alt 29 vs alt 24 (parse attempt 1) -> CACHE (3620 chars)
2026-08-08 08:52:57.385   Evaluator (deepseek-v3.2): alt 29 vs alt 25 (parse attempt 1) -> CACHE (5325 chars)
2026-08-08 08:52:57.385 JSON parse failed (attempt 1/5): 'winner'
2026-08-08 08:52:57.385   Evaluator (deepseek-v3.2): alt 29 vs alt 25 (parse attempt 2) -> CACHE (3462 chars)
2026-08-08 08:52:57.386   Evaluator (deepseek-v3.2): alt 29 vs alt 26 (parse attempt 1) -> CACHE (3250 chars)
2026-08-08 08:52:57.386   Evaluator (deepseek-v3.2): alt 29 vs alt 27 (parse attempt 1) -> CACHE (3358 chars)
2026-08-08 08:52:57.386 JSON parse failed (attempt 1/5): 'winner'
2026-08-08 08:52:57.386   Evaluator (deepseek-v3.2): alt 29 vs alt 27 (parse attempt 2) -> CACHE (3829 chars)
2026-08-08 08:52:57.386   Evaluator (deepseek-v3.2): alt 29 vs alt 28 (parse attempt 1) -> CACHE (1849 chars)
2026-08-08 08:52:57.386   Evaluator (deepseek-v3.2): alt 29 vs alt 30 (parse attempt 1) -> CACHE (2715 chars)
2026-08-08 08:52:57.386   Evaluator (deepseek-v3.2): alt 29 vs alt 31 (parse attempt 1) -> CACHE (1821 chars)
2026-08-08 08:52:57.386   Evaluator (deepseek-v3.2): alt 29 vs alt 32 (parse attempt 1) -> CACHE (2401 chars)
2026-08-08 08:52:57.387   Evaluator (deepseek-v3.2): alt 29 vs alt 33 (parse attempt 1) -> CACHE (2400 chars)
2026-08-08 08:52:57.387   Evaluator (deepseek-v3.2): alt 29 vs alt 34 (parse attempt 1) -> CACHE (3632 chars)
2026-08-08 08:52:57.391   Evaluator (deepseek-v3.2): alt 30 vs incumbent (parse attempt 1) -> CACHE (3542 chars)
2026-08-08 08:52:57.391   Evaluator (deepseek-v3.2): alt 30 vs alt 1 (parse attempt 1) -> CACHE (2932 chars)
2026-08-08 08:52:57.391   Evaluator (deepseek-v3.2): alt 30 vs alt 2 (parse attempt 1) -> CACHE (3299 chars)
2026-08-08 08:52:57.391   Evaluator (deepseek-v3.2): alt 30 vs alt 3 (parse attempt 1) -> CACHE (3002 chars)
2026-08-08 08:52:57.391   Evaluator (deepseek-v3.2): alt 30 vs alt 4 (parse attempt 1) -> CACHE (3772 chars)
2026-08-08 08:52:57.391 JSON parse failed (attempt 1/5): 'winner'
2026-08-08 08:52:57.391   Evaluator (deepseek-v3.2): alt 30 vs alt 4 (parse attempt 2) -> CACHE (3940 chars)
2026-08-08 08:52:57.392 JSON parse failed (attempt 2/5): 'winner'
2026-08-08 08:52:57.392   Evaluator (deepseek-v3.2): alt 30 vs alt 4 (parse attempt 3) -> CACHE (3838 chars)
2026-08-08 08:52:57.392   Evaluator (deepseek-v3.2): alt 30 vs alt 5 (parse attempt 1) -> CACHE (3594 chars)
2026-08-08 08:52:57.392   Evaluator (deepseek-v3.2): alt 30 vs alt 6 (parse attempt 1) -> CACHE (3139 chars)
2026-08-08 08:52:57.392   Evaluator (deepseek-v3.2): alt 30 vs alt 7 (parse attempt 1) -> CACHE (2415 chars)
2026-08-08 08:52:57.392   Evaluator (deepseek-v3.2): alt 30 vs alt 8 (parse attempt 1) -> CACHE (2982 chars)
2026-08-08 08:52:57.392   Evaluator (deepseek-v3.2): alt 30 vs alt 9 (parse attempt 1) -> CACHE (2158 chars)
2026-08-08 08:52:57.393   Evaluator (deepseek-v3.2): alt 30 vs alt 10 (parse attempt 1) -> CACHE (2221 chars)
2026-08-08 08:52:57.393   Evaluator (deepseek-v3.2): alt 30 vs alt 11 (parse attempt 1) -> CACHE (2333 chars)
2026-08-08 08:52:57.393   Evaluator (deepseek-v3.2): alt 30 vs alt 12 (parse attempt 1) -> CACHE (3607 chars)
2026-08-08 08:52:57.393   Evaluator (deepseek-v3.2): alt 30 vs alt 13 (parse attempt 1) -> CACHE (3238 chars)
2026-08-08 08:52:57.393   Evaluator (deepseek-v3.2): alt 30 vs alt 14 (parse attempt 1) -> CACHE (1955 chars)
2026-08-08 08:52:57.393   Evaluator (deepseek-v3.2): alt 30 vs alt 15 (parse attempt 1) -> CACHE (2329 chars)
2026-08-08 08:52:57.394   Evaluator (deepseek-v3.2): alt 30 vs alt 16 (parse attempt 1) -> CACHE (2633 chars)
2026-08-08 08:52:57.394   Evaluator (deepseek-v3.2): alt 30 vs alt 17 (parse attempt 1) -> CACHE (2167 chars)
2026-08-08 08:52:57.394   Evaluator (deepseek-v3.2): alt 30 vs alt 18 (parse attempt 1) -> CACHE (2450 chars)
2026-08-08 08:52:57.394   Evaluator (deepseek-v3.2): alt 30 vs alt 19 (parse attempt 1) -> CACHE (2774 chars)
2026-08-08 08:52:57.394   Evaluator (deepseek-v3.2): alt 30 vs alt 20 (parse attempt 1) -> CACHE (4449 chars)
2026-08-08 08:52:57.394 JSON parse failed (attempt 1/5): 'winner'
2026-08-08 08:52:57.394   Evaluator (deepseek-v3.2): alt 30 vs alt 20 (parse attempt 2) -> CACHE (3338 chars)
2026-08-08 08:52:57.395   Evaluator (deepseek-v3.2): alt 30 vs alt 21 (parse attempt 1) -> CACHE (3931 chars)
2026-08-08 08:52:57.395   Evaluator (deepseek-v3.2): alt 30 vs alt 22 (parse attempt 1) -> CACHE (1981 chars)
2026-08-08 08:52:57.395   Evaluator (deepseek-v3.2): alt 30 vs alt 23 (parse attempt 1) -> CACHE (2686 chars)
2026-08-08 08:52:57.395   Evaluator (deepseek-v3.2): alt 30 vs alt 24 (parse attempt 1) -> CACHE (3788 chars)
2026-08-08 08:52:57.395 JSON parse failed (attempt 1/5): 'winner'
2026-08-08 08:52:57.395   Evaluator (deepseek-v3.2): alt 30 vs alt 24 (parse attempt 2) -> CACHE (2820 chars)
2026-08-08 08:52:57.395   Evaluator (deepseek-v3.2): alt 30 vs alt 25 (parse attempt 1) -> CACHE (2962 chars)
2026-08-08 08:52:57.396   Evaluator (deepseek-v3.2): alt 30 vs alt 26 (parse attempt 1) -> CACHE (2313 chars)
2026-08-08 08:52:57.396   Evaluator (deepseek-v3.2): alt 30 vs alt 27 (parse attempt 1) -> CACHE (4239 chars)
2026-08-08 08:52:57.396 JSON parse failed (attempt 1/5): 'winner'
2026-08-08 08:52:57.396   Evaluator (deepseek-v3.2): alt 30 vs alt 27 (parse attempt 2) -> CACHE (1935 chars)
2026-08-08 08:52:57.396   Evaluator (deepseek-v3.2): alt 30 vs alt 28 (parse attempt 1) -> CACHE (3336 chars)
2026-08-08 08:52:57.396   Evaluator (deepseek-v3.2): alt 30 vs alt 29 (parse attempt 1) -> CACHE (1972 chars)
2026-08-08 08:52:57.396   Evaluator (deepseek-v3.2): alt 30 vs alt 31 (parse attempt 1) -> CACHE (2769 chars)
2026-08-08 08:52:57.396   Evaluator (deepseek-v3.2): alt 30 vs alt 32 (parse attempt 1) -> CACHE (2834 chars)
2026-08-08 08:52:57.397   Evaluator (deepseek-v3.2): alt 30 vs alt 33 (parse attempt 1) -> CACHE (3705 chars)
2026-08-08 08:52:57.397   Evaluator (deepseek-v3.2): alt 30 vs alt 34 (parse attempt 1) -> CACHE (2482 chars)
2026-08-08 08:52:57.401   Evaluator (deepseek-v3.2): alt 31 vs incumbent (parse attempt 1) -> CACHE (3755 chars)
2026-08-08 08:52:57.401   Evaluator (deepseek-v3.2): alt 31 vs alt 1 (parse attempt 1) -> CACHE (3049 chars)
2026-08-08 08:52:57.401   Evaluator (deepseek-v3.2): alt 31 vs alt 2 (parse attempt 1) -> CACHE (2797 chars)
2026-08-08 08:52:57.401   Evaluator (deepseek-v3.2): alt 31 vs alt 3 (parse attempt 1) -> CACHE (2758 chars)
2026-08-08 08:52:57.402   Evaluator (deepseek-v3.2): alt 31 vs alt 4 (parse attempt 1) -> CACHE (2596 chars)
2026-08-08 08:52:57.402   Evaluator (deepseek-v3.2): alt 31 vs alt 5 (parse attempt 1) -> CACHE (3129 chars)
2026-08-08 08:52:57.402   Evaluator (deepseek-v3.2): alt 31 vs alt 6 (parse attempt 1) -> CACHE (2955 chars)
2026-08-08 08:52:57.402   Evaluator (deepseek-v3.2): alt 31 vs alt 7 (parse attempt 1) -> CACHE (3636 chars)
2026-08-08 08:52:57.402   Evaluator (deepseek-v3.2): alt 31 vs alt 8 (parse attempt 1) -> CACHE (3528 chars)
2026-08-08 08:52:57.402 JSON parse failed (attempt 1/5): 'winner'
2026-08-08 08:52:57.402   Evaluator (deepseek-v3.2): alt 31 vs alt 8 (parse attempt 2) -> CACHE (3061 chars)
2026-08-08 08:52:57.402   Evaluator (deepseek-v3.2): alt 31 vs alt 9 (parse attempt 1) -> CACHE (1978 chars)
2026-08-08 08:52:57.403   Evaluator (deepseek-v3.2): alt 31 vs alt 10 (parse attempt 1) -> CACHE (3455 chars)
2026-08-08 08:52:57.403   Evaluator (deepseek-v3.2): alt 31 vs alt 11 (parse attempt 1) -> CACHE (3776 chars)
2026-08-08 08:52:57.403   Evaluator (deepseek-v3.2): alt 31 vs alt 12 (parse attempt 1) -> CACHE (2197 chars)
2026-08-08 08:52:57.403   Evaluator (deepseek-v3.2): alt 31 vs alt 13 (parse attempt 1) -> CACHE (3097 chars)
2026-08-08 08:52:57.403   Evaluator (deepseek-v3.2): alt 31 vs alt 14 (parse attempt 1) -> CACHE (2860 chars)
2026-08-08 08:52:57.403   Evaluator (deepseek-v3.2): alt 31 vs alt 15 (parse attempt 1) -> CACHE (3094 chars)
2026-08-08 08:52:57.404   Evaluator (deepseek-v3.2): alt 31 vs alt 16 (parse attempt 1) -> CACHE (2162 chars)
2026-08-08 08:52:57.404   Evaluator (deepseek-v3.2): alt 31 vs alt 17 (parse attempt 1) -> CACHE (3049 chars)
2026-08-08 08:52:57.404   Evaluator (deepseek-v3.2): alt 31 vs alt 18 (parse attempt 1) -> CACHE (3473 chars)
2026-08-08 08:52:57.404   Evaluator (deepseek-v3.2): alt 31 vs alt 19 (parse attempt 1) -> CACHE (3232 chars)
2026-08-08 08:52:57.404   Evaluator (deepseek-v3.2): alt 31 vs alt 20 (parse attempt 1) -> CACHE (3615 chars)
2026-08-08 08:52:57.404   Evaluator (deepseek-v3.2): alt 31 vs alt 21 (parse attempt 1) -> CACHE (3016 chars)
2026-08-08 08:52:57.404   Evaluator (deepseek-v3.2): alt 31 vs alt 22 (parse attempt 1) -> CACHE (2822 chars)
2026-08-08 08:52:57.405   Evaluator (deepseek-v3.2): alt 31 vs alt 23 (parse attempt 1) -> CACHE (3661 chars)
2026-08-08 08:52:57.405   Evaluator (deepseek-v3.2): alt 31 vs alt 24 (parse attempt 1) -> CACHE (2707 chars)
2026-08-08 08:52:57.405   Evaluator (deepseek-v3.2): alt 31 vs alt 25 (parse attempt 1) -> CACHE (1940 chars)
2026-08-08 08:52:57.405   Evaluator (deepseek-v3.2): alt 31 vs alt 26 (parse attempt 1) -> CACHE (3228 chars)
2026-08-08 08:52:57.405   Evaluator (deepseek-v3.2): alt 31 vs alt 27 (parse attempt 1) -> CACHE (3473 chars)
2026-08-08 08:52:57.405   Evaluator (deepseek-v3.2): alt 31 vs alt 28 (parse attempt 1) -> CACHE (2518 chars)
2026-08-08 08:52:57.406   Evaluator (deepseek-v3.2): alt 31 vs alt 29 (parse attempt 1) -> CACHE (2519 chars)
2026-08-08 08:52:57.406   Evaluator (deepseek-v3.2): alt 31 vs alt 30 (parse attempt 1) -> CACHE (3168 chars)
2026-08-08 08:52:57.406   Evaluator (deepseek-v3.2): alt 31 vs alt 32 (parse attempt 1) -> CACHE (2164 chars)
2026-08-08 08:52:57.406   Evaluator (deepseek-v3.2): alt 31 vs alt 33 (parse attempt 1) -> CACHE (3417 chars)
2026-08-08 08:52:57.406   Evaluator (deepseek-v3.2): alt 31 vs alt 34 (parse attempt 1) -> CACHE (2778 chars)
2026-08-08 08:53:05.456   Evaluator (deepseek-v3.2): alt 24 vs alt 40 (parse attempt 1) -> OK (1996 chars)
2026-08-08 08:53:05.489   Evaluator (deepseek-v3.2): alt 24 vs alt 42 (parse attempt 1) -> OK (1823 chars)
2026-08-08 08:53:06.648   Evaluator (deepseek-v3.2): alt 24 vs alt 62 (parse attempt 1) -> OK (2016 chars)
2026-08-08 08:53:07.187   Evaluator (deepseek-v3.2): alt 24 vs alt 37 (parse attempt 1) -> OK (2474 chars)
2026-08-08 08:53:07.537   Evaluator (deepseek-v3.2): alt 24 vs alt 49 (parse attempt 1) -> OK (2420 chars)
2026-08-08 08:53:07.757   Evaluator (deepseek-v3.2): alt 23 vs alt 52 (parse attempt 1) -> OK (2600 chars)
2026-08-08 08:53:07.763   Evaluator (deepseek-v3.2): alt 24 vs alt 48 (parse attempt 1) -> OK (2369 chars)
2026-08-08 08:53:08.231   Evaluator (deepseek-v3.2): alt 23 vs alt 62 (parse attempt 1) -> OK (2904 chars)
2026-08-08 08:53:08.314   Evaluator (deepseek-v3.2): alt 24 vs alt 59 (parse attempt 1) -> OK (2313 chars)
2026-08-08 08:53:08.466   Evaluator (deepseek-v3.2): alt 24 vs alt 54 (parse attempt 1) -> OK (2592 chars)
2026-08-08 08:53:08.471   Evaluator (deepseek-v3.2): alt 23 vs alt 53 (parse attempt 1) -> OK (3468 chars)
2026-08-08 08:53:08.547   Evaluator (deepseek-v3.2): alt 23 vs alt 60 (parse attempt 1) -> OK (2762 chars)
2026-08-08 08:53:08.616   Evaluator (deepseek-v3.2): alt 23 vs alt 54 (parse attempt 1) -> OK (2765 chars)
2026-08-08 08:53:08.672   Evaluator (deepseek-v3.2): alt 24 vs alt 43 (parse attempt 1) -> OK (3127 chars)
2026-08-08 08:53:08.839   Evaluator (deepseek-v3.2): alt 24 vs alt 50 (parse attempt 1) -> OK (3254 chars)
2026-08-08 08:53:09.091   Evaluator (deepseek-v3.2): alt 24 vs alt 41 (parse attempt 1) -> OK (3108 chars)
2026-08-08 08:53:09.608   Evaluator (deepseek-v3.2): alt 24 vs alt 44 (parse attempt 1) -> OK (3095 chars)
2026-08-08 08:53:10.236   Evaluator (deepseek-v3.2): alt 24 vs alt 58 (parse attempt 1) -> OK (3542 chars)
2026-08-08 08:53:10.246   Evaluator (deepseek-v3.2): alt 24 vs alt 38 (parse attempt 1) -> OK (3212 chars)
2026-08-08 08:53:10.442   Evaluator (deepseek-v3.2): alt 23 vs alt 61 (parse attempt 1) -> OK (3368 chars)
2026-08-08 08:53:10.823   Evaluator (deepseek-v3.2): alt 23 vs alt 56 (parse attempt 1) -> OK (4057 chars)
2026-08-08 08:53:10.921   Evaluator (deepseek-v3.2): alt 24 vs alt 60 (parse attempt 1) -> OK (2863 chars)
2026-08-08 08:53:10.921 JSON parse failed (attempt 1/5): 'winner'
2026-08-08 08:53:11.040   Evaluator (deepseek-v3.2): alt 23 vs alt 63 (parse attempt 1) -> OK (3971 chars)
2026-08-08 08:53:11.096   Evaluator (deepseek-v3.2): alt 24 vs alt 39 (parse attempt 1) -> OK (4216 chars)
2026-08-08 08:53:11.347   Evaluator (deepseek-v3.2): alt 24 vs alt 45 (parse attempt 1) -> OK (3828 chars)
2026-08-08 08:53:11.416   Evaluator (deepseek-v3.2): alt 23 vs alt 59 (parse attempt 1) -> OK (4222 chars)
2026-08-08 08:53:11.719   Evaluator (deepseek-v3.2): alt 24 vs alt 57 (parse attempt 1) -> OK (3449 chars)
2026-08-08 08:53:11.864   Evaluator (deepseek-v3.2): alt 24 vs alt 55 (parse attempt 1) -> OK (3549 chars)
2026-08-08 08:53:12.420   Evaluator (deepseek-v3.2): alt 23 vs alt 57 (parse attempt 1) -> OK (4516 chars)
2026-08-08 08:53:12.425   Evaluator (deepseek-v3.2): alt 23 vs alt 55 (parse attempt 1) -> OK (4227 chars)
2026-08-08 08:53:12.889   Evaluator (deepseek-v3.2): alt 24 vs alt 61 (parse attempt 1) -> OK (3466 chars)
2026-08-08 08:53:13.133   Evaluator (deepseek-v3.2): alt 24 vs alt 52 (parse attempt 1) -> OK (4440 chars)
2026-08-08 08:53:13.247   Evaluator (deepseek-v3.2): alt 24 vs alt 47 (parse attempt 1) -> OK (3898 chars)
2026-08-08 08:53:13.384   Evaluator (deepseek-v3.2): alt 24 vs alt 53 (parse attempt 1) -> OK (4199 chars)
2026-08-08 08:53:13.882   Evaluator (deepseek-v3.2): alt 24 vs alt 46 (parse attempt 1) -> OK (4184 chars)
2026-08-08 08:53:14.715   Evaluator (deepseek-v3.2): alt 24 vs alt 51 (parse attempt 1) -> OK (4099 chars)
2026-08-08 08:53:14.996   Evaluator (deepseek-v3.2): alt 23 vs alt 58 (parse attempt 1) -> OK (4692 chars)
2026-08-08 08:53:15.374   Evaluator (deepseek-v3.2): alt 25 vs alt 38 (parse attempt 1) -> OK (2038 chars)
2026-08-08 08:53:15.649   Evaluator (deepseek-v3.2): alt 24 vs alt 36 (parse attempt 1) -> OK (4620 chars)
2026-08-08 08:53:16.459   Evaluator (deepseek-v3.2): alt 25 vs alt 42 (parse attempt 1) -> OK (2021 chars)
2026-08-08 08:53:16.802   Evaluator (deepseek-v3.2): alt 24 vs alt 63 (parse attempt 1) -> OK (2895 chars)
2026-08-08 08:53:16.916   Evaluator (deepseek-v3.2): alt 25 vs alt 36 (parse attempt 1) -> OK (2986 chars)
2026-08-08 08:53:17.447   Evaluator (deepseek-v3.2): alt 25 vs alt 41 (parse attempt 1) -> OK (2424 chars)
2026-08-08 08:53:17.610   Evaluator (deepseek-v3.2): alt 25 vs alt 40 (parse attempt 1) -> OK (2461 chars)
2026-08-08 08:53:17.895   Evaluator (deepseek-v3.2): alt 25 vs alt 37 (parse attempt 1) -> OK (2705 chars)
2026-08-08 08:53:17.984   Evaluator (deepseek-v3.2): alt 25 vs alt 39 (parse attempt 1) -> OK (3239 chars)
2026-08-08 08:53:17.990   Evaluator (deepseek-v3.2): alt 24 vs alt 56 (parse attempt 1) -> OK (5074 chars)
2026-08-08 08:53:18.429   Evaluator (deepseek-v3.2): alt 25 vs alt 48 (parse attempt 1) -> OK (2635 chars)
2026-08-08 08:53:18.684   Evaluator (deepseek-v3.2): alt 25 vs alt 52 (parse attempt 1) -> OK (2292 chars)
2026-08-08 08:53:18.717   Evaluator (deepseek-v3.2): alt 24 vs alt 35 (parse attempt 1) -> OK (3891 chars)
2026-08-08 08:53:18.791   Evaluator (deepseek-v3.2): alt 25 vs alt 56 (parse attempt 1) -> OK (2183 chars)
2026-08-08 08:53:19.068   Evaluator (deepseek-v3.2): alt 25 vs alt 58 (parse attempt 1) -> OK (2197 chars)
2026-08-08 08:53:19.329   Evaluator (deepseek-v3.2): alt 25 vs alt 43 (parse attempt 1) -> OK (3702 chars)
2026-08-08 08:53:19.490   Evaluator (deepseek-v3.2): alt 25 vs alt 44 (parse attempt 1) -> OK (2908 chars)
2026-08-08 08:53:19.696   Evaluator (deepseek-v3.2): alt 25 vs alt 50 (parse attempt 1) -> OK (2689 chars)
2026-08-08 08:53:19.938   Evaluator (deepseek-v3.2): alt 25 vs alt 35 (parse attempt 1) -> OK (3871 chars)
2026-08-08 08:53:20.410   Evaluator (deepseek-v3.2): alt 25 vs alt 46 (parse attempt 1) -> OK (3785 chars)
2026-08-08 08:53:21.227   Evaluator (deepseek-v3.2): alt 25 vs alt 55 (parse attempt 1) -> OK (2789 chars)
2026-08-08 08:53:21.303   Evaluator (deepseek-v3.2): alt 25 vs alt 57 (parse attempt 1) -> OK (2906 chars)
2026-08-08 08:53:21.617   Evaluator (deepseek-v3.2): alt 25 vs alt 49 (parse attempt 1) -> OK (3361 chars)
2026-08-08 08:53:21.760   Evaluator (deepseek-v3.2): alt 25 vs alt 63 (parse attempt 1) -> OK (2361 chars)
2026-08-08 08:53:21.842   Evaluator (deepseek-v3.2): alt 25 vs alt 47 (parse attempt 1) -> OK (4150 chars)
2026-08-08 08:53:21.857   Evaluator (deepseek-v3.2): alt 26 vs alt 38 (parse attempt 1) -> OK (2745 chars)
2026-08-08 08:53:22.011   Evaluator (deepseek-v3.2): alt 26 vs alt 35 (parse attempt 1) -> OK (2391 chars)
2026-08-08 08:53:22.053   Evaluator (deepseek-v3.2): alt 25 vs alt 51 (parse attempt 1) -> OK (3220 chars)
2026-08-08 08:53:22.079   Evaluator (deepseek-v3.2): alt 26 vs alt 37 (parse attempt 1) -> OK (2389 chars)
2026-08-08 08:53:22.180   Evaluator (deepseek-v3.2): alt 25 vs alt 59 (parse attempt 1) -> OK (2761 chars)
2026-08-08 08:53:22.224   Evaluator (deepseek-v3.2): alt 25 vs alt 62 (parse attempt 1) -> OK (2639 chars)
2026-08-08 08:53:22.413   Evaluator (deepseek-v3.2): alt 25 vs alt 61 (parse attempt 1) -> OK (2698 chars)
2026-08-08 08:53:22.421   Evaluator (deepseek-v3.2): alt 25 vs alt 60 (parse attempt 1) -> OK (2776 chars)
2026-08-08 08:53:22.847   Evaluator (deepseek-v3.2): alt 25 vs alt 45 (parse attempt 1) -> OK (3729 chars)
2026-08-08 08:53:22.910   Evaluator (deepseek-v3.2): alt 25 vs alt 53 (parse attempt 1) -> OK (3722 chars)
2026-08-08 08:53:23.207   Evaluator (deepseek-v3.2): alt 26 vs alt 39 (parse attempt 1) -> OK (2526 chars)
2026-08-08 08:53:24.477   Evaluator (deepseek-v3.2): alt 25 vs alt 54 (parse attempt 1) -> OK (3467 chars)
2026-08-08 08:53:24.548   Evaluator (deepseek-v3.2): alt 26 vs alt 44 (parse attempt 1) -> OK (2018 chars)
2026-08-08 08:53:25.428   Evaluator (deepseek-v3.2): alt 26 vs alt 42 (parse attempt 1) -> OK (2888 chars)
2026-08-08 08:53:26.358   Evaluator (deepseek-v3.2): alt 26 vs alt 36 (parse attempt 1) -> OK (3894 chars)
2026-08-08 08:53:26.358 JSON parse failed (attempt 1/5): 'winner'
2026-08-08 08:53:26.558   Evaluator (deepseek-v3.2): alt 26 vs alt 40 (parse attempt 1) -> OK (3725 chars)
2026-08-08 08:53:26.591   Evaluator (deepseek-v3.2): alt 26 vs alt 48 (parse attempt 1) -> OK (2467 chars)
2026-08-08 08:53:27.555   Evaluator (deepseek-v3.2): alt 26 vs alt 51 (parse attempt 1) -> OK (3061 chars)
2026-08-08 08:53:27.796   Evaluator (deepseek-v3.2): alt 26 vs alt 60 (parse attempt 1) -> OK (2174 chars)
2026-08-08 08:53:27.856   Evaluator (deepseek-v3.2): alt 26 vs alt 47 (parse attempt 1) -> OK (2601 chars)
2026-08-08 08:53:27.885   Evaluator (deepseek-v3.2): alt 26 vs alt 50 (parse attempt 1) -> OK (2462 chars)
2026-08-08 08:53:28.031   Evaluator (deepseek-v3.2): alt 26 vs alt 41 (parse attempt 1) -> OK (3217 chars)
2026-08-08 08:53:28.466   Evaluator (deepseek-v3.2): alt 26 vs alt 54 (parse attempt 1) -> OK (2603 chars)
2026-08-08 08:53:29.137   Evaluator (deepseek-v3.2): alt 26 vs alt 46 (parse attempt 1) -> OK (3891 chars)
2026-08-08 08:53:29.169   Evaluator (deepseek-v3.2): alt 26 vs alt 61 (parse attempt 1) -> OK (2829 chars)
2026-08-08 08:53:29.958   Evaluator (deepseek-v3.2): alt 26 vs alt 56 (parse attempt 1) -> OK (2734 chars)
2026-08-08 08:53:30.056   Evaluator (deepseek-v3.2): alt 26 vs alt 58 (parse attempt 1) -> OK (3447 chars)
2026-08-08 08:53:30.449   Evaluator (deepseek-v3.2): alt 26 vs alt 55 (parse attempt 1) -> OK (3757 chars)
2026-08-08 08:53:30.660   Evaluator (deepseek-v3.2): alt 26 vs alt 45 (parse attempt 1) -> OK (4213 chars)
2026-08-08 08:53:30.811   Evaluator (deepseek-v3.2): alt 26 vs alt 57 (parse attempt 1) -> OK (2924 chars)
2026-08-08 08:53:31.190   Evaluator (deepseek-v3.2): alt 27 vs alt 40 (parse attempt 1) -> OK (2858 chars)
2026-08-08 08:53:31.276   Evaluator (deepseek-v3.2): alt 27 vs alt 37 (parse attempt 1) -> OK (2400 chars)
2026-08-08 08:53:31.474   Evaluator (deepseek-v3.2): alt 27 vs alt 45 (parse attempt 1) -> OK (2516 chars)
2026-08-08 08:53:31.641   Evaluator (deepseek-v3.2): alt 26 vs alt 43 (parse attempt 1) -> OK (2835 chars)
2026-08-08 08:53:32.206   Evaluator (deepseek-v3.2): alt 26 vs alt 49 (parse attempt 1) -> OK (4464 chars)
2026-08-08 08:53:32.206 JSON parse failed (attempt 1/5): 'winner'
2026-08-08 08:53:32.357   Evaluator (deepseek-v3.2): alt 27 vs alt 43 (parse attempt 1) -> OK (3088 chars)
2026-08-08 08:53:32.671   Evaluator (deepseek-v3.2): alt 27 vs alt 42 (parse attempt 1) -> OK (2868 chars)
2026-08-08 08:53:32.980   Evaluator (deepseek-v3.2): alt 26 vs alt 62 (parse attempt 1) -> OK (3171 chars)
2026-08-08 08:53:33.637   Evaluator (deepseek-v3.2): alt 27 vs alt 35 (parse attempt 1) -> OK (3366 chars)
2026-08-08 08:53:33.674   Evaluator (deepseek-v3.2): alt 26 vs alt 59 (parse attempt 1) -> OK (4190 chars)
2026-08-08 08:53:33.793   Evaluator (deepseek-v3.2): alt 27 vs alt 38 (parse attempt 1) -> OK (3662 chars)
2026-08-08 08:53:34.076   Evaluator (deepseek-v3.2): alt 27 vs alt 48 (parse attempt 1) -> OK (3411 chars)
2026-08-08 08:53:34.316   Evaluator (deepseek-v3.2): alt 27 vs alt 36 (parse attempt 1) -> OK (3534 chars)
2026-08-08 08:53:34.401   Evaluator (deepseek-v3.2): alt 27 vs alt 41 (parse attempt 1) -> OK (3233 chars)
2026-08-08 08:53:34.605   Evaluator (deepseek-v3.2): alt 27 vs alt 44 (parse attempt 1) -> OK (1620 chars)
2026-08-08 08:53:34.655   Evaluator (deepseek-v3.2): alt 27 vs alt 39 (parse attempt 1) -> OK (3711 chars)
2026-08-08 08:53:34.756   Evaluator (deepseek-v3.2): alt 27 vs alt 53 (parse attempt 1) -> OK (2028 chars)
2026-08-08 08:53:34.975   Evaluator (deepseek-v3.2): alt 27 vs alt 52 (parse attempt 1) -> OK (2437 chars)
2026-08-08 08:53:35.206   Evaluator (deepseek-v3.2): alt 26 vs alt 52 (parse attempt 1) -> OK (2463 chars)
2026-08-08 08:53:35.364   Evaluator (deepseek-v3.2): alt 26 vs alt 53 (parse attempt 1) -> OK (2564 chars)
2026-08-08 08:53:35.530   Evaluator (deepseek-v3.2): alt 27 vs alt 47 (parse attempt 1) -> OK (3837 chars)
2026-08-08 08:53:35.892   Evaluator (deepseek-v3.2): alt 26 vs alt 63 (parse attempt 1) -> OK (4382 chars)
2026-08-08 08:53:35.893 JSON parse failed (attempt 1/5): 'winner'
2026-08-08 08:53:35.919   Evaluator (deepseek-v3.2): alt 27 vs alt 46 (parse attempt 1) -> OK (4030 chars)
2026-08-08 08:53:36.155   Evaluator (deepseek-v3.2): alt 27 vs alt 57 (parse attempt 1) -> OK (2153 chars)
2026-08-08 08:53:36.549   Evaluator (deepseek-v3.2): alt 27 vs alt 51 (parse attempt 1) -> OK (3472 chars)
2026-08-08 08:53:36.806   Evaluator (deepseek-v3.2): alt 28 vs alt 41 (parse attempt 1) -> OK (3581 chars)
2026-08-08 08:53:36.989   Evaluator (deepseek-v3.2): alt 28 vs alt 43 (parse attempt 1) -> OK (2821 chars)
2026-08-08 08:53:37.932   Evaluator (deepseek-v3.2): alt 27 vs alt 49 (parse attempt 1) -> OK (3687 chars)
2026-08-08 08:53:38.523   Evaluator (deepseek-v3.2): alt 27 vs alt 54 (parse attempt 1) -> OK (3120 chars)
2026-08-08 08:53:38.538   Evaluator (deepseek-v3.2): alt 27 vs alt 60 (parse attempt 1) -> OK (3360 chars)
2026-08-08 08:53:38.667   Evaluator (deepseek-v3.2): alt 27 vs alt 61 (parse attempt 1) -> OK (2492 chars)
2026-08-08 08:53:38.822   Evaluator (deepseek-v3.2): alt 27 vs alt 59 (parse attempt 1) -> OK (2935 chars)
2026-08-08 08:53:38.854   Evaluator (deepseek-v3.2): alt 27 vs alt 62 (parse attempt 1) -> OK (2769 chars)
2026-08-08 08:53:39.133   Evaluator (deepseek-v3.2): alt 27 vs alt 55 (parse attempt 1) -> OK (3549 chars)
2026-08-08 08:53:39.282   Evaluator (deepseek-v3.2): alt 27 vs alt 58 (parse attempt 1) -> OK (3514 chars)
2026-08-08 08:53:39.812   Evaluator (deepseek-v3.2): alt 27 vs alt 50 (parse attempt 1) -> OK (4228 chars)
2026-08-08 08:53:40.994   Evaluator (deepseek-v3.2): alt 27 vs alt 63 (parse attempt 1) -> OK (2545 chars)
2026-08-08 08:53:41.175   Evaluator (deepseek-v3.2): alt 28 vs alt 62 (parse attempt 1) -> OK (1879 chars)
2026-08-08 08:53:41.432   Evaluator (deepseek-v3.2): alt 28 vs alt 44 (parse attempt 1) -> OK (2557 chars)
2026-08-08 08:53:41.878   Evaluator (deepseek-v3.2): alt 28 vs alt 42 (parse attempt 1) -> OK (2026 chars)
2026-08-08 08:53:43.916   Evaluator (deepseek-v3.2): alt 28 vs alt 51 (parse attempt 1) -> OK (2451 chars)
2026-08-08 08:53:44.937   Evaluator (deepseek-v3.2): alt 28 vs alt 45 (parse attempt 1) -> OK (3811 chars)
2026-08-08 08:53:45.082   Evaluator (deepseek-v3.2): alt 28 vs alt 48 (parse attempt 1) -> OK (3664 chars)
2026-08-08 08:53:45.155   Evaluator (deepseek-v3.2): alt 28 vs alt 52 (parse attempt 1) -> OK (3730 chars)
2026-08-08 08:53:45.965   Evaluator (deepseek-v3.2): alt 28 vs alt 57 (parse attempt 1) -> OK (2404 chars)
2026-08-08 08:53:46.835   Evaluator (deepseek-v3.2): alt 29 vs alt 35 (parse attempt 1) -> OK (2229 chars)
2026-08-08 08:53:47.520   Evaluator (deepseek-v3.2): alt 27 vs alt 56 (parse attempt 1) -> OK (2999 chars)
2026-08-08 08:53:48.122   Evaluator (deepseek-v3.2): alt 28 vs alt 55 (parse attempt 1) -> OK (2938 chars)
2026-08-08 08:53:48.197   Evaluator (deepseek-v3.2): alt 29 vs alt 49 (parse attempt 1) -> OK (1874 chars)
2026-08-08 08:53:48.271   Evaluator (deepseek-v3.2): alt 29 vs alt 36 (parse attempt 1) -> OK (3754 chars)
2026-08-08 08:53:48.651   Evaluator (deepseek-v3.2): alt 29 vs alt 40 (parse attempt 1) -> OK (2885 chars)
2026-08-08 08:53:48.907   Evaluator (deepseek-v3.2): alt 28 vs alt 54 (parse attempt 1) -> OK (3502 chars)
2026-08-08 08:53:48.908 JSON parse failed (attempt 1/5): Expecting ',' delimiter: line 26 column 20 (char 2385)
2026-08-08 08:53:48.950   Evaluator (deepseek-v3.2): alt 28 vs alt 39 (parse attempt 1) -> OK (2556 chars)
2026-08-08 08:53:49.031   Evaluator (deepseek-v3.2): alt 28 vs alt 38 (parse attempt 1) -> OK (2929 chars)
2026-08-08 08:53:49.538   Evaluator (deepseek-v3.2): alt 29 vs alt 44 (parse attempt 1) -> OK (2871 chars)
2026-08-08 08:53:49.690   Evaluator (deepseek-v3.2): alt 29 vs alt 45 (parse attempt 1) -> OK (2742 chars)
2026-08-08 08:53:49.863   Evaluator (deepseek-v3.2): alt 29 vs alt 42 (parse attempt 1) -> OK (2962 chars)
2026-08-08 08:53:50.469   Evaluator (deepseek-v3.2): alt 29 vs alt 41 (parse attempt 1) -> OK (2702 chars)
2026-08-08 08:53:50.700   Evaluator (deepseek-v3.2): alt 29 vs alt 48 (parse attempt 1) -> OK (2415 chars)
2026-08-08 08:53:51.181   Evaluator (deepseek-v3.2): alt 28 vs alt 61 (parse attempt 1) -> OK (3586 chars)
2026-08-08 08:53:51.187   Evaluator (deepseek-v3.2): alt 29 vs alt 39 (parse attempt 1) -> OK (2899 chars)
2026-08-08 08:53:51.268   Evaluator (deepseek-v3.2): alt 29 vs alt 46 (parse attempt 1) -> OK (2449 chars)
2026-08-08 08:53:51.799   Evaluator (deepseek-v3.2): alt 28 vs alt 59 (parse attempt 1) -> OK (3332 chars)
2026-08-08 08:53:52.782   Evaluator (deepseek-v3.2): alt 28 vs alt 47 (parse attempt 1) -> OK (4253 chars)
2026-08-08 08:53:53.721   Evaluator (deepseek-v3.2): alt 29 vs alt 43 (parse attempt 1) -> OK (3805 chars)
2026-08-08 08:53:54.382   Evaluator (deepseek-v3.2): alt 28 vs alt 56 (parse attempt 1) -> OK (4375 chars)
2026-08-08 08:53:54.543   Evaluator (deepseek-v3.2): alt 29 vs alt 52 (parse attempt 1) -> OK (2642 chars)
2026-08-08 08:53:54.563   Evaluator (deepseek-v3.2): alt 29 vs alt 50 (parse attempt 1) -> OK (2836 chars)
2026-08-08 08:53:54.590   Evaluator (deepseek-v3.2): alt 29 vs alt 47 (parse attempt 1) -> OK (4307 chars)
2026-08-08 08:53:55.331   Evaluator (deepseek-v3.2): alt 29 vs alt 53 (parse attempt 1) -> OK (3464 chars)
2026-08-08 08:53:55.493   Evaluator (deepseek-v3.2): alt 28 vs alt 49 (parse attempt 1) -> OK (3766 chars)
2026-08-08 08:53:55.572   Evaluator (deepseek-v3.2): alt 28 vs alt 63 (parse attempt 1) -> OK (2771 chars)
2026-08-08 08:53:55.658   Evaluator (deepseek-v3.2): alt 28 vs alt 53 (parse attempt 1) -> OK (3424 chars)
2026-08-08 08:53:56.580   Evaluator (deepseek-v3.2): alt 29 vs alt 51 (parse attempt 1) -> OK (2887 chars)
2026-08-08 08:53:56.993   Evaluator (deepseek-v3.2): alt 28 vs alt 58 (parse attempt 1) -> OK (3926 chars)
2026-08-08 08:53:57.469   Evaluator (deepseek-v3.2): alt 29 vs alt 60 (parse attempt 1) -> OK (2381 chars)
2026-08-08 08:53:57.560   Evaluator (deepseek-v3.2): alt 29 vs alt 37 (parse attempt 1) -> OK (3110 chars)
2026-08-08 08:53:58.061   Evaluator (deepseek-v3.2): alt 29 vs alt 61 (parse attempt 1) -> OK (2661 chars)
2026-08-08 08:53:58.708   Evaluator (deepseek-v3.2): alt 30 vs alt 35 (parse attempt 1) -> OK (2411 chars)
2026-08-08 08:53:58.714   Evaluator (deepseek-v3.2): alt 29 vs alt 57 (parse attempt 1) -> OK (3115 chars)
2026-08-08 08:53:59.412   Evaluator (deepseek-v3.2): alt 29 vs alt 38 (parse attempt 1) -> OK (3282 chars)
2026-08-08 08:53:59.475   Evaluator (deepseek-v3.2): alt 29 vs alt 63 (parse attempt 1) -> OK (3585 chars)
2026-08-08 08:54:00.158   Evaluator (deepseek-v3.2): alt 29 vs alt 56 (parse attempt 1) -> OK (3891 chars)
2026-08-08 08:54:00.200   Evaluator (deepseek-v3.2): alt 28 vs alt 36 (parse attempt 1) -> OK (2804 chars)
2026-08-08 08:54:00.456   Evaluator (deepseek-v3.2): alt 29 vs alt 54 (parse attempt 1) -> OK (3576 chars)
2026-08-08 08:54:00.612   Evaluator (deepseek-v3.2): alt 28 vs alt 46 (parse attempt 1) -> OK (3810 chars)
2026-08-08 08:54:00.756   Evaluator (deepseek-v3.2): alt 29 vs alt 55 (parse attempt 1) -> OK (4391 chars)
2026-08-08 08:54:00.789   Evaluator (deepseek-v3.2): alt 30 vs alt 36 (parse attempt 1) -> OK (2829 chars)
2026-08-08 08:54:00.821   Evaluator (deepseek-v3.2): alt 28 vs alt 40 (parse attempt 1) -> OK (3290 chars)
2026-08-08 08:54:00.961   Evaluator (deepseek-v3.2): alt 28 vs alt 37 (parse attempt 1) -> OK (3229 chars)
2026-08-08 08:54:01.037   Evaluator (deepseek-v3.2): alt 28 vs alt 50 (parse attempt 1) -> OK (3785 chars)
2026-08-08 08:54:01.504   Evaluator (deepseek-v3.2): alt 29 vs alt 58 (parse attempt 1) -> OK (3681 chars)
2026-08-08 08:54:01.546   Evaluator (deepseek-v3.2): alt 30 vs alt 37 (parse attempt 1) -> OK (2809 chars)
2026-08-08 08:54:01.629   Evaluator (deepseek-v3.2): alt 30 vs alt 42 (parse attempt 1) -> OK (2332 chars)
2026-08-08 08:54:01.938   Evaluator (deepseek-v3.2): alt 29 vs alt 59 (parse attempt 1) -> OK (4367 chars)
2026-08-08 08:54:02.800   Evaluator (deepseek-v3.2): alt 29 vs alt 62 (parse attempt 1) -> OK (4052 chars)
2026-08-08 08:54:03.329   Evaluator (deepseek-v3.2): alt 30 vs alt 38 (parse attempt 1) -> OK (3507 chars)
2026-08-08 08:54:03.336   Evaluator (deepseek-v3.2): alt 30 vs alt 47 (parse attempt 1) -> OK (2074 chars)
2026-08-08 08:54:03.816   Evaluator (deepseek-v3.2): alt 30 vs alt 46 (parse attempt 1) -> OK (2365 chars)
2026-08-08 08:54:04.505   Evaluator (deepseek-v3.2): alt 30 vs alt 43 (parse attempt 1) -> OK (3287 chars)
2026-08-08 08:54:05.166   Evaluator (deepseek-v3.2): alt 30 vs alt 49 (parse attempt 1) -> OK (2469 chars)
2026-08-08 08:54:06.674   Evaluator (deepseek-v3.2): alt 30 vs alt 50 (parse attempt 1) -> OK (2887 chars)
2026-08-08 08:54:07.601   Evaluator (deepseek-v3.2): alt 30 vs alt 60 (parse attempt 1) -> OK (2409 chars)
2026-08-08 08:54:08.547   Evaluator (deepseek-v3.2): alt 31 vs alt 40 (parse attempt 1) -> OK (2161 chars)
2026-08-08 08:54:08.800   Evaluator (deepseek-v3.2): alt 30 vs alt 59 (parse attempt 1) -> OK (2140 chars)
2026-08-08 08:54:08.862   Evaluator (deepseek-v3.2): alt 31 vs alt 35 (parse attempt 1) -> OK (2907 chars)
2026-08-08 08:54:09.158   Evaluator (deepseek-v3.2): alt 30 vs alt 58 (parse attempt 1) -> OK (2634 chars)
2026-08-08 08:54:09.192   Evaluator (deepseek-v3.2): alt 30 vs alt 54 (parse attempt 1) -> OK (3011 chars)
2026-08-08 08:54:09.353   Evaluator (deepseek-v3.2): alt 31 vs alt 39 (parse attempt 1) -> OK (2381 chars)
2026-08-08 08:54:09.777   Evaluator (deepseek-v3.2): alt 30 vs alt 52 (parse attempt 1) -> OK (2352 chars)
2026-08-08 08:54:10.113   Evaluator (deepseek-v3.2): alt 30 vs alt 53 (parse attempt 1) -> OK (3853 chars)
2026-08-08 08:54:10.207   Evaluator (deepseek-v3.2): alt 30 vs alt 41 (parse attempt 1) -> OK (3364 chars)
2026-08-08 08:54:10.552   Evaluator (deepseek-v3.2): alt 30 vs alt 40 (parse attempt 1) -> OK (3429 chars)
2026-08-08 08:54:10.614   Evaluator (deepseek-v3.2): alt 30 vs alt 44 (parse attempt 1) -> OK (2804 chars)
2026-08-08 08:54:10.667   Evaluator (deepseek-v3.2): alt 31 vs alt 44 (parse attempt 1) -> OK (2565 chars)
2026-08-08 08:54:10.764   Evaluator (deepseek-v3.2): alt 30 vs alt 61 (parse attempt 1) -> OK (2994 chars)
2026-08-08 08:54:11.126   Evaluator (deepseek-v3.2): alt 30 vs alt 63 (parse attempt 1) -> OK (2519 chars)
2026-08-08 08:54:11.306   Evaluator (deepseek-v3.2): alt 31 vs alt 47 (parse attempt 1) -> OK (2923 chars)
2026-08-08 08:54:11.483   Evaluator (deepseek-v3.2): alt 31 vs alt 41 (parse attempt 1) -> OK (2679 chars)
2026-08-08 08:54:12.219   Evaluator (deepseek-v3.2): alt 24 vs alt 60 (parse attempt 2) -> OK (2869 chars)
2026-08-08 08:54:12.643   Evaluator (deepseek-v3.2): alt 31 vs alt 37 (parse attempt 1) -> OK (3326 chars)
2026-08-08 08:54:12.786   Evaluator (deepseek-v3.2): alt 30 vs alt 57 (parse attempt 1) -> OK (3820 chars)
2026-08-08 08:54:13.049   Evaluator (deepseek-v3.2): alt 30 vs alt 51 (parse attempt 1) -> OK (2892 chars)
2026-08-08 08:54:13.062   Evaluator (deepseek-v3.2): alt 30 vs alt 48 (parse attempt 1) -> OK (3347 chars)
2026-08-08 08:54:13.404   Evaluator (deepseek-v3.2): alt 31 vs alt 42 (parse attempt 1) -> OK (3292 chars)
2026-08-08 08:54:13.437   Evaluator (deepseek-v3.2): alt 30 vs alt 56 (parse attempt 1) -> OK (3947 chars)
2026-08-08 08:54:13.952   Evaluator (deepseek-v3.2): alt 31 vs alt 36 (parse attempt 1) -> OK (3741 chars)
2026-08-08 08:54:14.191   Evaluator (deepseek-v3.2): alt 31 vs alt 46 (parse attempt 1) -> OK (4010 chars)
2026-08-08 08:54:15.781   Evaluator (deepseek-v3.2): alt 31 vs alt 43 (parse attempt 1) -> OK (4103 chars)
2026-08-08 08:54:15.871   Evaluator (deepseek-v3.2): alt 30 vs alt 62 (parse attempt 1) -> OK (2603 chars)
2026-08-08 08:54:16.112   Evaluator (deepseek-v3.2): alt 31 vs alt 45 (parse attempt 1) -> OK (3584 chars)
2026-08-08 08:54:16.324   Evaluator (deepseek-v3.2): alt 26 vs alt 49 (parse attempt 2) -> OK (3756 chars)
2026-08-08 08:54:16.327   Evaluator (deepseek-v3.2): alt 26 vs alt 63 (parse attempt 2) -> OK (3790 chars)
2026-08-08 08:54:16.685   Evaluator (deepseek-v3.2): alt 30 vs alt 39 (parse attempt 1) -> OK (3621 chars)
2026-08-08 08:54:17.371   Evaluator (deepseek-v3.2): alt 30 vs alt 55 (parse attempt 1) -> OK (3254 chars)
2026-08-08 08:54:19.017   Evaluator (deepseek-v3.2): alt 30 vs alt 45 (parse attempt 1) -> OK (4028 chars)
2026-08-08 08:54:19.185   Evaluator (deepseek-v3.2): alt 26 vs alt 36 (parse attempt 2) -> OK (4088 chars)
2026-08-08 08:54:21.742   Evaluator (deepseek-v3.2): alt 31 vs alt 38 (parse attempt 1) -> OK (3754 chars)
2026-08-08 08:54:23.002   Evaluator (deepseek-v3.2): alt 28 vs alt 60 (parse attempt 1) -> OK (3685 chars)
2026-08-08 08:54:23.003 JSON parse failed (attempt 1/5): 'winner'
2026-08-08 08:54:32.398   Evaluator (deepseek-v3.2): alt 28 vs alt 54 (parse attempt 2) -> OK (3669 chars)
2026-08-08 08:54:38.256   Evaluator (deepseek-v3.2): alt 28 vs alt 35 (parse attempt 1) -> OK (5580 chars)
2026-08-08 08:55:19.608   Evaluator (deepseek-v3.2): alt 28 vs alt 60 (parse attempt 2) -> OK (3279 chars)
2026-08-08 08:55:19.610   Evaluator batch 1501-2000 / 4032 done
2026-08-08 08:55:19.646   Evaluator (deepseek-v3.2): alt 32 vs incumbent (parse attempt 1) -> CACHE (2856 chars)
2026-08-08 08:55:19.646   Evaluator (deepseek-v3.2): alt 32 vs alt 1 (parse attempt 1) -> CACHE (4056 chars)
2026-08-08 08:55:19.646   Evaluator (deepseek-v3.2): alt 32 vs alt 2 (parse attempt 1) -> CACHE (4012 chars)
2026-08-08 08:55:19.647   Evaluator (deepseek-v3.2): alt 32 vs alt 3 (parse attempt 1) -> CACHE (2456 chars)
2026-08-08 08:55:19.647   Evaluator (deepseek-v3.2): alt 32 vs alt 4 (parse attempt 1) -> CACHE (2769 chars)
2026-08-08 08:55:19.647   Evaluator (deepseek-v3.2): alt 32 vs alt 5 (parse attempt 1) -> CACHE (2459 chars)
2026-08-08 08:55:19.647   Evaluator (deepseek-v3.2): alt 32 vs alt 6 (parse attempt 1) -> CACHE (3351 chars)
2026-08-08 08:55:19.648   Evaluator (deepseek-v3.2): alt 32 vs alt 7 (parse attempt 1) -> CACHE (2195 chars)
2026-08-08 08:55:19.648   Evaluator (deepseek-v3.2): alt 32 vs alt 8 (parse attempt 1) -> CACHE (4196 chars)
2026-08-08 08:55:19.648   Evaluator (deepseek-v3.2): alt 32 vs alt 9 (parse attempt 1) -> CACHE (4546 chars)
2026-08-08 08:55:19.649   Evaluator (deepseek-v3.2): alt 32 vs alt 10 (parse attempt 1) -> CACHE (2094 chars)
2026-08-08 08:55:19.649   Evaluator (deepseek-v3.2): alt 32 vs alt 11 (parse attempt 1) -> CACHE (4534 chars)
2026-08-08 08:55:19.650   Evaluator (deepseek-v3.2): alt 32 vs alt 12 (parse attempt 1) -> CACHE (2249 chars)
2026-08-08 08:55:19.650   Evaluator (deepseek-v3.2): alt 32 vs alt 13 (parse attempt 1) -> CACHE (2141 chars)
2026-08-08 08:55:19.650   Evaluator (deepseek-v3.2): alt 32 vs alt 14 (parse attempt 1) -> CACHE (2422 chars)
2026-08-08 08:55:19.651   Evaluator (deepseek-v3.2): alt 32 vs alt 15 (parse attempt 1) -> CACHE (3920 chars)
2026-08-08 08:55:19.651   Evaluator (deepseek-v3.2): alt 32 vs alt 16 (parse attempt 1) -> CACHE (3662 chars)
2026-08-08 08:55:19.651   Evaluator (deepseek-v3.2): alt 32 vs alt 17 (parse attempt 1) -> CACHE (3550 chars)
2026-08-08 08:55:19.651   Evaluator (deepseek-v3.2): alt 32 vs alt 18 (parse attempt 1) -> CACHE (2577 chars)
2026-08-08 08:55:19.652   Evaluator (deepseek-v3.2): alt 32 vs alt 19 (parse attempt 1) -> CACHE (2574 chars)
2026-08-08 08:55:19.652   Evaluator (deepseek-v3.2): alt 32 vs alt 20 (parse attempt 1) -> CACHE (3240 chars)
2026-08-08 08:55:19.652   Evaluator (deepseek-v3.2): alt 32 vs alt 21 (parse attempt 1) -> CACHE (3618 chars)
2026-08-08 08:55:19.652   Evaluator (deepseek-v3.2): alt 32 vs alt 22 (parse attempt 1) -> CACHE (2196 chars)
2026-08-08 08:55:19.652   Evaluator (deepseek-v3.2): alt 32 vs alt 23 (parse attempt 1) -> CACHE (3624 chars)
2026-08-08 08:55:19.653   Evaluator (deepseek-v3.2): alt 32 vs alt 24 (parse attempt 1) -> CACHE (3908 chars)
2026-08-08 08:55:19.653   Evaluator (deepseek-v3.2): alt 32 vs alt 25 (parse attempt 1) -> CACHE (3752 chars)
2026-08-08 08:55:19.653   Evaluator (deepseek-v3.2): alt 32 vs alt 26 (parse attempt 1) -> CACHE (2033 chars)
2026-08-08 08:55:19.653   Evaluator (deepseek-v3.2): alt 32 vs alt 27 (parse attempt 1) -> CACHE (3337 chars)
2026-08-08 08:55:19.654   Evaluator (deepseek-v3.2): alt 32 vs alt 28 (parse attempt 1) -> CACHE (3080 chars)
2026-08-08 08:55:19.654   Evaluator (deepseek-v3.2): alt 32 vs alt 29 (parse attempt 1) -> CACHE (4731 chars)
2026-08-08 08:55:19.654   Evaluator (deepseek-v3.2): alt 32 vs alt 30 (parse attempt 1) -> CACHE (2761 chars)
2026-08-08 08:55:19.654   Evaluator (deepseek-v3.2): alt 32 vs alt 31 (parse attempt 1) -> CACHE (3377 chars)
2026-08-08 08:55:19.655   Evaluator (deepseek-v3.2): alt 32 vs alt 33 (parse attempt 1) -> CACHE (3828 chars)
2026-08-08 08:55:19.655   Evaluator (deepseek-v3.2): alt 32 vs alt 34 (parse attempt 1) -> CACHE (2254 chars)
2026-08-08 08:55:19.690   Evaluator (deepseek-v3.2): alt 33 vs incumbent (parse attempt 1) -> CACHE (3948 chars)
2026-08-08 08:55:19.691   Evaluator (deepseek-v3.2): alt 33 vs alt 1 (parse attempt 1) -> CACHE (5514 chars)
2026-08-08 08:55:19.691   Evaluator (deepseek-v3.2): alt 33 vs alt 2 (parse attempt 1) -> CACHE (2147 chars)
2026-08-08 08:55:19.691   Evaluator (deepseek-v3.2): alt 33 vs alt 3 (parse attempt 1) -> CACHE (2088 chars)
2026-08-08 08:55:19.691   Evaluator (deepseek-v3.2): alt 33 vs alt 4 (parse attempt 1) -> CACHE (2188 chars)
2026-08-08 08:55:19.691   Evaluator (deepseek-v3.2): alt 33 vs alt 5 (parse attempt 1) -> CACHE (2805 chars)
2026-08-08 08:55:19.692   Evaluator (deepseek-v3.2): alt 33 vs alt 6 (parse attempt 1) -> CACHE (3711 chars)
2026-08-08 08:55:19.692   Evaluator (deepseek-v3.2): alt 33 vs alt 7 (parse attempt 1) -> CACHE (3945 chars)
2026-08-08 08:55:19.692   Evaluator (deepseek-v3.2): alt 33 vs alt 8 (parse attempt 1) -> CACHE (3891 chars)
2026-08-08 08:55:19.692 JSON parse failed (attempt 1/5): 'winner'
2026-08-08 08:55:19.692   Evaluator (deepseek-v3.2): alt 33 vs alt 8 (parse attempt 2) -> CACHE (3303 chars)
2026-08-08 08:55:19.692   Evaluator (deepseek-v3.2): alt 33 vs alt 9 (parse attempt 1) -> CACHE (2191 chars)
2026-08-08 08:55:19.692   Evaluator (deepseek-v3.2): alt 33 vs alt 10 (parse attempt 1) -> CACHE (1763 chars)
2026-08-08 08:55:19.693   Evaluator (deepseek-v3.2): alt 33 vs alt 11 (parse attempt 1) -> CACHE (2696 chars)
2026-08-08 08:55:19.693   Evaluator (deepseek-v3.2): alt 33 vs alt 12 (parse attempt 1) -> CACHE (3911 chars)
2026-08-08 08:55:19.693   Evaluator (deepseek-v3.2): alt 33 vs alt 13 (parse attempt 1) -> CACHE (2011 chars)
2026-08-08 08:55:19.693   Evaluator (deepseek-v3.2): alt 33 vs alt 14 (parse attempt 1) -> CACHE (4558 chars)
2026-08-08 08:55:19.693 JSON parse failed (attempt 1/5): 'winner'
2026-08-08 08:55:19.693   Evaluator (deepseek-v3.2): alt 33 vs alt 14 (parse attempt 2) -> CACHE (4761 chars)
2026-08-08 08:55:19.693 JSON parse failed (attempt 2/5): 'winner'
2026-08-08 08:55:19.693   Evaluator (deepseek-v3.2): alt 33 vs alt 14 (parse attempt 3) -> CACHE (4497 chars)
2026-08-08 08:55:19.694 JSON parse failed (attempt 3/5): 'winner'
2026-08-08 08:55:19.694   Evaluator (deepseek-v3.2): alt 33 vs alt 14 (parse attempt 4) -> CACHE (6019 chars)
2026-08-08 08:55:19.694 JSON parse failed (attempt 4/5): 'winner'
2026-08-08 08:55:19.694   Evaluator (deepseek-v3.2): alt 33 vs alt 14 (parse attempt 5) -> CACHE (5642 chars)
2026-08-08 08:55:19.694 JSON parse failed (attempt 5/5): 'winner'
2026-08-08 08:55:19.694 ERROR: All JSON parse attempts failed for match, defaulting to tie
2026-08-08 08:55:19.694   Evaluator (deepseek-v3.2): alt 33 vs alt 15 (parse attempt 1) -> CACHE (4173 chars)
2026-08-08 08:55:19.694   Evaluator (deepseek-v3.2): alt 33 vs alt 16 (parse attempt 1) -> CACHE (4521 chars)
2026-08-08 08:55:19.694   Evaluator (deepseek-v3.2): alt 33 vs alt 17 (parse attempt 1) -> CACHE (2357 chars)
2026-08-08 08:55:19.694   Evaluator (deepseek-v3.2): alt 33 vs alt 18 (parse attempt 1) -> CACHE (2415 chars)
2026-08-08 08:55:19.695   Evaluator (deepseek-v3.2): alt 33 vs alt 19 (parse attempt 1) -> CACHE (3033 chars)
2026-08-08 08:55:19.695   Evaluator (deepseek-v3.2): alt 33 vs alt 20 (parse attempt 1) -> CACHE (3902 chars)
2026-08-08 08:55:19.695   Evaluator (deepseek-v3.2): alt 33 vs alt 21 (parse attempt 1) -> CACHE (3984 chars)
2026-08-08 08:55:19.695   Evaluator (deepseek-v3.2): alt 33 vs alt 22 (parse attempt 1) -> CACHE (3418 chars)
2026-08-08 08:55:19.695   Evaluator (deepseek-v3.2): alt 33 vs alt 23 (parse attempt 1) -> CACHE (4160 chars)
2026-08-08 08:55:19.695 JSON parse failed (attempt 1/5): 'winner'
2026-08-08 08:55:19.695   Evaluator (deepseek-v3.2): alt 33 vs alt 23 (parse attempt 2) -> CACHE (4269 chars)
2026-08-08 08:55:19.696   Evaluator (deepseek-v3.2): alt 33 vs alt 24 (parse attempt 1) -> CACHE (3034 chars)
2026-08-08 08:55:19.696   Evaluator (deepseek-v3.2): alt 33 vs alt 25 (parse attempt 1) -> CACHE (3143 chars)
2026-08-08 08:55:19.696   Evaluator (deepseek-v3.2): alt 33 vs alt 26 (parse attempt 1) -> CACHE (3194 chars)
2026-08-08 08:55:19.696   Evaluator (deepseek-v3.2): alt 33 vs alt 27 (parse attempt 1) -> CACHE (3037 chars)
2026-08-08 08:55:19.696   Evaluator (deepseek-v3.2): alt 33 vs alt 28 (parse attempt 1) -> CACHE (2864 chars)
2026-08-08 08:55:19.697   Evaluator (deepseek-v3.2): alt 33 vs alt 29 (parse attempt 1) -> CACHE (3176 chars)
2026-08-08 08:55:19.697   Evaluator (deepseek-v3.2): alt 33 vs alt 30 (parse attempt 1) -> CACHE (4391 chars)
2026-08-08 08:55:19.697 JSON parse failed (attempt 1/5): 'winner'
2026-08-08 08:55:19.697   Evaluator (deepseek-v3.2): alt 33 vs alt 30 (parse attempt 2) -> CACHE (5023 chars)
2026-08-08 08:55:19.697   Evaluator (deepseek-v3.2): alt 33 vs alt 31 (parse attempt 1) -> CACHE (4258 chars)
2026-08-08 08:55:19.697 JSON parse failed (attempt 1/5): 'winner'
2026-08-08 08:55:19.697   Evaluator (deepseek-v3.2): alt 33 vs alt 31 (parse attempt 2) -> CACHE (4273 chars)
2026-08-08 08:55:19.697   Evaluator (deepseek-v3.2): alt 33 vs alt 32 (parse attempt 1) -> CACHE (4671 chars)
2026-08-08 08:55:19.698   Evaluator (deepseek-v3.2): alt 33 vs alt 34 (parse attempt 1) -> CACHE (2751 chars)
2026-08-08 08:55:19.701   Evaluator (deepseek-v3.2): alt 34 vs incumbent (parse attempt 1) -> CACHE (2727 chars)
2026-08-08 08:55:19.702   Evaluator (deepseek-v3.2): alt 34 vs alt 1 (parse attempt 1) -> CACHE (5621 chars)
2026-08-08 08:55:19.702 JSON parse failed (attempt 1/5): 'winner'
2026-08-08 08:55:19.702   Evaluator (deepseek-v3.2): alt 34 vs alt 1 (parse attempt 2) -> CACHE (2861 chars)
2026-08-08 08:55:19.702   Evaluator (deepseek-v3.2): alt 34 vs alt 2 (parse attempt 1) -> CACHE (3415 chars)
2026-08-08 08:55:19.702   Evaluator (deepseek-v3.2): alt 34 vs alt 3 (parse attempt 1) -> CACHE (2256 chars)
2026-08-08 08:55:19.702   Evaluator (deepseek-v3.2): alt 34 vs alt 4 (parse attempt 1) -> CACHE (3524 chars)
2026-08-08 08:55:19.702   Evaluator (deepseek-v3.2): alt 34 vs alt 5 (parse attempt 1) -> CACHE (2105 chars)
2026-08-08 08:55:19.703   Evaluator (deepseek-v3.2): alt 34 vs alt 6 (parse attempt 1) -> CACHE (1863 chars)
2026-08-08 08:55:19.703   Evaluator (deepseek-v3.2): alt 34 vs alt 7 (parse attempt 1) -> CACHE (3161 chars)
2026-08-08 08:55:19.703   Evaluator (deepseek-v3.2): alt 34 vs alt 8 (parse attempt 1) -> CACHE (2716 chars)
2026-08-08 08:55:19.703   Evaluator (deepseek-v3.2): alt 34 vs alt 9 (parse attempt 1) -> CACHE (2828 chars)
2026-08-08 08:55:19.703   Evaluator (deepseek-v3.2): alt 34 vs alt 10 (parse attempt 1) -> CACHE (3457 chars)
2026-08-08 08:55:19.703   Evaluator (deepseek-v3.2): alt 34 vs alt 11 (parse attempt 1) -> CACHE (3103 chars)
2026-08-08 08:55:19.704   Evaluator (deepseek-v3.2): alt 34 vs alt 12 (parse attempt 1) -> CACHE (3910 chars)
2026-08-08 08:55:19.704 JSON parse failed (attempt 1/5): 'winner'
2026-08-08 08:55:19.704   Evaluator (deepseek-v3.2): alt 34 vs alt 12 (parse attempt 2) -> CACHE (3110 chars)
2026-08-08 08:55:19.704   Evaluator (deepseek-v3.2): alt 34 vs alt 13 (parse attempt 1) -> CACHE (3164 chars)
2026-08-08 08:55:19.704   Evaluator (deepseek-v3.2): alt 34 vs alt 14 (parse attempt 1) -> CACHE (3610 chars)
2026-08-08 08:55:19.704   Evaluator (deepseek-v3.2): alt 34 vs alt 15 (parse attempt 1) -> CACHE (3197 chars)
2026-08-08 08:55:19.704   Evaluator (deepseek-v3.2): alt 34 vs alt 16 (parse attempt 1) -> CACHE (3013 chars)
2026-08-08 08:55:19.705   Evaluator (deepseek-v3.2): alt 34 vs alt 17 (parse attempt 1) -> CACHE (2343 chars)
2026-08-08 08:55:19.705   Evaluator (deepseek-v3.2): alt 34 vs alt 18 (parse attempt 1) -> CACHE (2978 chars)
2026-08-08 08:55:19.705   Evaluator (deepseek-v3.2): alt 34 vs alt 19 (parse attempt 1) -> CACHE (2570 chars)
2026-08-08 08:55:19.705   Evaluator (deepseek-v3.2): alt 34 vs alt 20 (parse attempt 1) -> CACHE (3068 chars)
2026-08-08 08:55:19.705   Evaluator (deepseek-v3.2): alt 34 vs alt 21 (parse attempt 1) -> CACHE (2875 chars)
2026-08-08 08:55:19.705   Evaluator (deepseek-v3.2): alt 34 vs alt 22 (parse attempt 1) -> CACHE (3839 chars)
2026-08-08 08:55:19.705 JSON parse failed (attempt 1/5): 'winner'
2026-08-08 08:55:19.705   Evaluator (deepseek-v3.2): alt 34 vs alt 22 (parse attempt 2) -> CACHE (2198 chars)
2026-08-08 08:55:19.706   Evaluator (deepseek-v3.2): alt 34 vs alt 23 (parse attempt 1) -> CACHE (1938 chars)
2026-08-08 08:55:19.706   Evaluator (deepseek-v3.2): alt 34 vs alt 24 (parse attempt 1) -> CACHE (3790 chars)
2026-08-08 08:55:19.706   Evaluator (deepseek-v3.2): alt 34 vs alt 25 (parse attempt 1) -> CACHE (3024 chars)
2026-08-08 08:55:19.706   Evaluator (deepseek-v3.2): alt 34 vs alt 26 (parse attempt 1) -> CACHE (2166 chars)
2026-08-08 08:55:19.706   Evaluator (deepseek-v3.2): alt 34 vs alt 27 (parse attempt 1) -> CACHE (2722 chars)
2026-08-08 08:55:19.706   Evaluator (deepseek-v3.2): alt 34 vs alt 28 (parse attempt 1) -> CACHE (3695 chars)
2026-08-08 08:55:19.707   Evaluator (deepseek-v3.2): alt 34 vs alt 29 (parse attempt 1) -> CACHE (3336 chars)
2026-08-08 08:55:19.707   Evaluator (deepseek-v3.2): alt 34 vs alt 30 (parse attempt 1) -> CACHE (2523 chars)
2026-08-08 08:55:19.707   Evaluator (deepseek-v3.2): alt 34 vs alt 31 (parse attempt 1) -> CACHE (2652 chars)
2026-08-08 08:55:19.707   Evaluator (deepseek-v3.2): alt 34 vs alt 32 (parse attempt 1) -> CACHE (3713 chars)
2026-08-08 08:55:19.707 JSON parse failed (attempt 1/5): 'winner'
2026-08-08 08:55:19.707   Evaluator (deepseek-v3.2): alt 34 vs alt 32 (parse attempt 2) -> CACHE (2076 chars)
2026-08-08 08:55:19.707   Evaluator (deepseek-v3.2): alt 34 vs alt 33 (parse attempt 1) -> CACHE (3564 chars)
2026-08-08 08:55:29.799   Evaluator (deepseek-v3.2): alt 32 vs alt 36 (parse attempt 1) -> OK (2443 chars)
2026-08-08 08:55:29.935   Evaluator (deepseek-v3.2): alt 32 vs alt 39 (parse attempt 1) -> OK (1968 chars)
2026-08-08 08:55:30.813   Evaluator (deepseek-v3.2): alt 31 vs alt 53 (parse attempt 1) -> OK (2600 chars)
2026-08-08 08:55:30.870   Evaluator (deepseek-v3.2): alt 32 vs alt 53 (parse attempt 1) -> OK (2145 chars)
2026-08-08 08:55:30.889   Evaluator (deepseek-v3.2): alt 31 vs alt 55 (parse attempt 1) -> OK (2661 chars)
2026-08-08 08:55:30.894   Evaluator (deepseek-v3.2): alt 32 vs alt 45 (parse attempt 1) -> OK (2610 chars)
2026-08-08 08:55:30.982   Evaluator (deepseek-v3.2): alt 31 vs alt 56 (parse attempt 1) -> OK (2428 chars)
2026-08-08 08:55:31.245   Evaluator (deepseek-v3.2): alt 31 vs alt 61 (parse attempt 1) -> OK (2839 chars)
2026-08-08 08:55:31.252   Evaluator (deepseek-v3.2): alt 31 vs alt 52 (parse attempt 1) -> OK (2841 chars)
2026-08-08 08:55:31.304   Evaluator (deepseek-v3.2): alt 32 vs alt 58 (parse attempt 1) -> OK (2561 chars)
2026-08-08 08:55:31.354   Evaluator (deepseek-v3.2): alt 31 vs alt 58 (parse attempt 1) -> OK (2828 chars)
2026-08-08 08:55:32.306   Evaluator (deepseek-v3.2): alt 32 vs alt 50 (parse attempt 1) -> OK (3732 chars)
2026-08-08 08:55:32.352   Evaluator (deepseek-v3.2): alt 32 vs alt 55 (parse attempt 1) -> OK (3797 chars)
2026-08-08 08:55:32.622   Evaluator (deepseek-v3.2): alt 31 vs alt 48 (parse attempt 1) -> OK (2754 chars)
2026-08-08 08:55:32.718   Evaluator (deepseek-v3.2): alt 32 vs alt 51 (parse attempt 1) -> OK (3603 chars)
2026-08-08 08:55:32.906   Evaluator (deepseek-v3.2): alt 32 vs alt 37 (parse attempt 1) -> OK (2560 chars)
2026-08-08 08:55:32.984   Evaluator (deepseek-v3.2): alt 32 vs alt 43 (parse attempt 1) -> OK (3838 chars)
2026-08-08 08:55:33.253   Evaluator (deepseek-v3.2): alt 32 vs alt 46 (parse attempt 1) -> OK (3198 chars)
2026-08-08 08:55:33.381   Evaluator (deepseek-v3.2): alt 32 vs alt 56 (parse attempt 1) -> OK (3811 chars)
2026-08-08 08:55:33.886   Evaluator (deepseek-v3.2): alt 32 vs alt 42 (parse attempt 1) -> OK (3132 chars)
2026-08-08 08:55:33.963   Evaluator (deepseek-v3.2): alt 32 vs alt 57 (parse attempt 1) -> OK (3579 chars)
2026-08-08 08:55:33.972   Evaluator (deepseek-v3.2): alt 32 vs alt 35 (parse attempt 1) -> OK (4189 chars)
2026-08-08 08:55:34.051   Evaluator (deepseek-v3.2): alt 31 vs alt 51 (parse attempt 1) -> OK (3040 chars)
2026-08-08 08:55:34.699   Evaluator (deepseek-v3.2): alt 32 vs alt 52 (parse attempt 1) -> OK (4294 chars)
2026-08-08 08:55:35.728   Evaluator (deepseek-v3.2): alt 31 vs alt 60 (parse attempt 1) -> OK (3965 chars)
2026-08-08 08:55:35.974   Evaluator (deepseek-v3.2): alt 32 vs alt 47 (parse attempt 1) -> OK (4616 chars)
2026-08-08 08:55:35.974 JSON parse failed (attempt 1/5): 'winner'
2026-08-08 08:55:35.997   Evaluator (deepseek-v3.2): alt 32 vs alt 38 (parse attempt 1) -> OK (4688 chars)
2026-08-08 08:55:35.997 JSON parse failed (attempt 1/5): 'winner'
2026-08-08 08:55:36.347   Evaluator (deepseek-v3.2): alt 32 vs alt 40 (parse attempt 1) -> OK (4748 chars)
2026-08-08 08:55:36.352   Evaluator (deepseek-v3.2): alt 31 vs alt 54 (parse attempt 1) -> OK (2719 chars)
2026-08-08 08:55:36.915   Evaluator (deepseek-v3.2): alt 31 vs alt 50 (parse attempt 1) -> OK (2752 chars)
2026-08-08 08:55:37.006   Evaluator (deepseek-v3.2): alt 31 vs alt 59 (parse attempt 1) -> OK (2495 chars)
2026-08-08 08:55:38.601   Evaluator (deepseek-v3.2): alt 32 vs alt 54 (parse attempt 1) -> OK (5228 chars)
2026-08-08 08:55:38.963   Evaluator (deepseek-v3.2): alt 31 vs alt 49 (parse attempt 1) -> OK (3107 chars)
2026-08-08 08:55:38.963 JSON parse failed (attempt 1/5): 'winner'
2026-08-08 08:55:40.571   Evaluator (deepseek-v3.2): alt 32 vs alt 60 (parse attempt 1) -> OK (2921 chars)
2026-08-08 08:55:40.585   Evaluator (deepseek-v3.2): alt 32 vs alt 44 (parse attempt 1) -> OK (4805 chars)
2026-08-08 08:55:40.610   Evaluator (deepseek-v3.2): alt 31 vs alt 57 (parse attempt 1) -> OK (3818 chars)
2026-08-08 08:55:40.724   Evaluator (deepseek-v3.2): alt 32 vs alt 59 (parse attempt 1) -> OK (2738 chars)
2026-08-08 08:55:40.732   Evaluator (deepseek-v3.2): alt 33 vs alt 38 (parse attempt 1) -> OK (2560 chars)
2026-08-08 08:55:40.820   Evaluator (deepseek-v3.2): alt 31 vs alt 63 (parse attempt 1) -> OK (3693 chars)
2026-08-08 08:55:41.184   Evaluator (deepseek-v3.2): alt 32 vs alt 49 (parse attempt 1) -> OK (5350 chars)
2026-08-08 08:55:41.200   Evaluator (deepseek-v3.2): alt 32 vs alt 61 (parse attempt 1) -> OK (2711 chars)
2026-08-08 08:55:41.648   Evaluator (deepseek-v3.2): alt 33 vs alt 40 (parse attempt 1) -> OK (2717 chars)
2026-08-08 08:55:42.114   Evaluator (deepseek-v3.2): alt 33 vs alt 41 (parse attempt 1) -> OK (3323 chars)
2026-08-08 08:55:42.122   Evaluator (deepseek-v3.2): alt 33 vs alt 39 (parse attempt 1) -> OK (3569 chars)
2026-08-08 08:55:42.381   Evaluator (deepseek-v3.2): alt 33 vs alt 35 (parse attempt 1) -> OK (3635 chars)
2026-08-08 08:55:43.096   Evaluator (deepseek-v3.2): alt 33 vs alt 42 (parse attempt 1) -> OK (2823 chars)
2026-08-08 08:55:43.166   Evaluator (deepseek-v3.2): alt 33 vs alt 37 (parse attempt 1) -> OK (3960 chars)
2026-08-08 08:55:43.178   Evaluator (deepseek-v3.2): alt 33 vs alt 50 (parse attempt 1) -> OK (2412 chars)
2026-08-08 08:55:43.887   Evaluator (deepseek-v3.2): alt 33 vs alt 48 (parse attempt 1) -> OK (2813 chars)
2026-08-08 08:55:44.006   Evaluator (deepseek-v3.2): alt 33 vs alt 36 (parse attempt 1) -> OK (4032 chars)
2026-08-08 08:55:44.192   Evaluator (deepseek-v3.2): alt 33 vs alt 45 (parse attempt 1) -> OK (3242 chars)
2026-08-08 08:55:44.254   Evaluator (deepseek-v3.2): alt 32 vs alt 63 (parse attempt 1) -> OK (4341 chars)
2026-08-08 08:55:44.665   Evaluator (deepseek-v3.2): alt 33 vs alt 47 (parse attempt 1) -> OK (3657 chars)
2026-08-08 08:55:44.955   Evaluator (deepseek-v3.2): alt 33 vs alt 56 (parse attempt 1) -> OK (2387 chars)
2026-08-08 08:55:45.027   Evaluator (deepseek-v3.2): alt 33 vs alt 49 (parse attempt 1) -> OK (2926 chars)
2026-08-08 08:55:45.149   Evaluator (deepseek-v3.2): alt 31 vs alt 62 (parse attempt 1) -> OK (3481 chars)
2026-08-08 08:55:45.178   Evaluator (deepseek-v3.2): alt 33 vs alt 43 (parse attempt 1) -> OK (3884 chars)
2026-08-08 08:55:45.272   Evaluator (deepseek-v3.2): alt 33 vs alt 52 (parse attempt 1) -> OK (2949 chars)
2026-08-08 08:55:45.531   Evaluator (deepseek-v3.2): alt 32 vs alt 62 (parse attempt 1) -> OK (4577 chars)
2026-08-08 08:55:46.292   Evaluator (deepseek-v3.2): alt 33 vs alt 58 (parse attempt 1) -> OK (2618 chars)
2026-08-08 08:55:46.453   Evaluator (deepseek-v3.2): alt 33 vs alt 46 (parse attempt 1) -> OK (3445 chars)
2026-08-08 08:55:46.656   Evaluator (deepseek-v3.2): alt 32 vs alt 48 (parse attempt 1) -> OK (3700 chars)
2026-08-08 08:55:46.661   Evaluator (deepseek-v3.2): alt 33 vs alt 53 (parse attempt 1) -> OK (3714 chars)
2026-08-08 08:55:46.965   Evaluator (deepseek-v3.2): alt 33 vs alt 59 (parse attempt 1) -> OK (2864 chars)
2026-08-08 08:55:47.110   Evaluator (deepseek-v3.2): alt 32 vs alt 41 (parse attempt 1) -> OK (3851 chars)
2026-08-08 08:55:47.582   Evaluator (deepseek-v3.2): alt 33 vs alt 54 (parse attempt 1) -> OK (3086 chars)
2026-08-08 08:55:47.626   Evaluator (deepseek-v3.2): alt 33 vs alt 51 (parse attempt 1) -> OK (3580 chars)
2026-08-08 08:55:47.864   Evaluator (deepseek-v3.2): alt 33 vs alt 55 (parse attempt 1) -> OK (3781 chars)
2026-08-08 08:55:47.864 JSON parse failed (attempt 1/5): 'winner'
2026-08-08 08:55:48.014   Evaluator (deepseek-v3.2): alt 33 vs alt 44 (parse attempt 1) -> OK (4772 chars)
2026-08-08 08:55:48.014 JSON parse failed (attempt 1/5): 'winner'
2026-08-08 08:55:48.020   Evaluator (deepseek-v3.2): alt 33 vs alt 57 (parse attempt 1) -> OK (3812 chars)
2026-08-08 08:55:49.595   Evaluator (deepseek-v3.2): alt 34 vs alt 37 (parse attempt 1) -> OK (2417 chars)
2026-08-08 08:55:50.142   Evaluator (deepseek-v3.2): alt 33 vs alt 61 (parse attempt 1) -> OK (3090 chars)
2026-08-08 08:55:50.151   Evaluator (deepseek-v3.2): alt 34 vs alt 39 (parse attempt 1) -> OK (2276 chars)
2026-08-08 08:55:50.154   Evaluator (deepseek-v3.2): alt 33 vs alt 60 (parse attempt 1) -> OK (3605 chars)
2026-08-08 08:55:51.969   Evaluator (deepseek-v3.2): alt 34 vs alt 38 (parse attempt 1) -> OK (2954 chars)
2026-08-08 08:55:52.175   Evaluator (deepseek-v3.2): alt 34 vs alt 41 (parse attempt 1) -> OK (3416 chars)
2026-08-08 08:55:52.181   Evaluator (deepseek-v3.2): alt 34 vs alt 35 (parse attempt 1) -> OK (3534 chars)
2026-08-08 08:55:52.426   Evaluator (deepseek-v3.2): alt 33 vs alt 63 (parse attempt 1) -> OK (3621 chars)
2026-08-08 08:55:52.480   Evaluator (deepseek-v3.2): alt 34 vs alt 43 (parse attempt 1) -> OK (2715 chars)
2026-08-08 08:55:53.223   Evaluator (deepseek-v3.2): alt 33 vs alt 62 (parse attempt 1) -> OK (3706 chars)
2026-08-08 08:55:53.851   Evaluator (deepseek-v3.2): alt 34 vs alt 50 (parse attempt 1) -> OK (2476 chars)
2026-08-08 08:55:54.203   Evaluator (deepseek-v3.2): alt 34 vs alt 57 (parse attempt 1) -> OK (2158 chars)
2026-08-08 08:55:54.698   Evaluator (deepseek-v3.2): alt 34 vs alt 47 (parse attempt 1) -> OK (3605 chars)
2026-08-08 08:55:55.538   Evaluator (deepseek-v3.2): alt 35 vs alt 3 (parse attempt 1) -> OK (2147 chars)
2026-08-08 08:55:55.582   Evaluator (deepseek-v3.2): alt 35 vs alt 2 (parse attempt 1) -> OK (2473 chars)
2026-08-08 08:55:55.747   Evaluator (deepseek-v3.2): alt 34 vs alt 45 (parse attempt 1) -> OK (3494 chars)
2026-08-08 08:55:55.754   Evaluator (deepseek-v3.2): alt 34 vs alt 36 (parse attempt 1) -> OK (4034 chars)
2026-08-08 08:55:55.763   Evaluator (deepseek-v3.2): alt 35 vs alt 6 (parse attempt 1) -> OK (2061 chars)
2026-08-08 08:55:55.820   Evaluator (deepseek-v3.2): alt 34 vs alt 54 (parse attempt 1) -> OK (3291 chars)
2026-08-08 08:55:56.008   Evaluator (deepseek-v3.2): alt 34 vs alt 44 (parse attempt 1) -> OK (3592 chars)
2026-08-08 08:55:56.358   Evaluator (deepseek-v3.2): alt 34 vs alt 60 (parse attempt 1) -> OK (2702 chars)
2026-08-08 08:55:56.513   Evaluator (deepseek-v3.2): alt 34 vs alt 59 (parse attempt 1) -> OK (3316 chars)
2026-08-08 08:55:56.747   Evaluator (deepseek-v3.2): alt 34 vs alt 53 (parse attempt 1) -> OK (3596 chars)
2026-08-08 08:55:56.928   Evaluator (deepseek-v3.2): alt 34 vs alt 55 (parse attempt 1) -> OK (3274 chars)
2026-08-08 08:55:56.933   Evaluator (deepseek-v3.2): alt 34 vs alt 58 (parse attempt 1) -> OK (2217 chars)
2026-08-08 08:55:57.030   Evaluator (deepseek-v3.2): alt 34 vs alt 51 (parse attempt 1) -> OK (3493 chars)
2026-08-08 08:55:57.097   Evaluator (deepseek-v3.2): alt 34 vs alt 42 (parse attempt 1) -> OK (4508 chars)
2026-08-08 08:55:57.240   Evaluator (deepseek-v3.2): alt 35 vs alt 1 (parse attempt 1) -> OK (2725 chars)
2026-08-08 08:55:57.829   Evaluator (deepseek-v3.2): alt 34 vs alt 46 (parse attempt 1) -> OK (4392 chars)
2026-08-08 08:55:57.960   Evaluator (deepseek-v3.2): alt 34 vs alt 52 (parse attempt 1) -> OK (4542 chars)
2026-08-08 08:55:58.090   Evaluator (deepseek-v3.2): alt 34 vs alt 48 (parse attempt 1) -> OK (4635 chars)
2026-08-08 08:55:58.240   Evaluator (deepseek-v3.2): alt 34 vs alt 40 (parse attempt 1) -> OK (4472 chars)
2026-08-08 08:55:58.272   Evaluator (deepseek-v3.2): alt 35 vs incumbent (parse attempt 1) -> OK (3316 chars)
2026-08-08 08:55:58.513   Evaluator (deepseek-v3.2): alt 34 vs alt 63 (parse attempt 1) -> OK (3617 chars)
2026-08-08 08:55:58.803   Evaluator (deepseek-v3.2): alt 35 vs alt 5 (parse attempt 1) -> OK (3243 chars)
2026-08-08 08:55:59.204   Evaluator (deepseek-v3.2): alt 34 vs alt 49 (parse attempt 1) -> OK (4112 chars)
2026-08-08 08:55:59.508   Evaluator (deepseek-v3.2): alt 35 vs alt 10 (parse attempt 1) -> OK (3062 chars)
2026-08-08 08:55:59.975   Evaluator (deepseek-v3.2): alt 34 vs alt 56 (parse attempt 1) -> OK (4803 chars)
2026-08-08 08:55:59.976 JSON parse failed (attempt 1/5): 'winner'
2026-08-08 08:56:00.260   Evaluator (deepseek-v3.2): alt 35 vs alt 4 (parse attempt 1) -> OK (3821 chars)
2026-08-08 08:56:00.762   Evaluator (deepseek-v3.2): alt 35 vs alt 13 (parse attempt 1) -> OK (2403 chars)
2026-08-08 08:56:00.845   Evaluator (deepseek-v3.2): alt 35 vs alt 7 (parse attempt 1) -> OK (2981 chars)
2026-08-08 08:56:01.330   Evaluator (deepseek-v3.2): alt 35 vs alt 11 (parse attempt 1) -> OK (2473 chars)
2026-08-08 08:56:03.233   Evaluator (deepseek-v3.2): alt 35 vs alt 9 (parse attempt 1) -> OK (3554 chars)
2026-08-08 08:56:03.924   Evaluator (deepseek-v3.2): alt 35 vs alt 16 (parse attempt 1) -> OK (2732 chars)
2026-08-08 08:56:04.222   Evaluator (deepseek-v3.2): alt 35 vs alt 12 (parse attempt 1) -> OK (3044 chars)
2026-08-08 08:56:04.613   Evaluator (deepseek-v3.2): alt 35 vs alt 18 (parse attempt 1) -> OK (3464 chars)
2026-08-08 08:56:04.714   Evaluator (deepseek-v3.2): alt 35 vs alt 17 (parse attempt 1) -> OK (3098 chars)
2026-08-08 08:56:04.907   Evaluator (deepseek-v3.2): alt 35 vs alt 23 (parse attempt 1) -> OK (2519 chars)
2026-08-08 08:56:05.066   Evaluator (deepseek-v3.2): alt 35 vs alt 15 (parse attempt 1) -> OK (2955 chars)
2026-08-08 08:56:05.573   Evaluator (deepseek-v3.2): alt 35 vs alt 24 (parse attempt 1) -> OK (3170 chars)
2026-08-08 08:56:06.140   Evaluator (deepseek-v3.2): alt 35 vs alt 25 (parse attempt 1) -> OK (2639 chars)
2026-08-08 08:56:06.282   Evaluator (deepseek-v3.2): alt 35 vs alt 30 (parse attempt 1) -> OK (2600 chars)
2026-08-08 08:56:06.349   Evaluator (deepseek-v3.2): alt 35 vs alt 36 (parse attempt 1) -> OK (2724 chars)
2026-08-08 08:56:06.963   Evaluator (deepseek-v3.2): alt 35 vs alt 26 (parse attempt 1) -> OK (3203 chars)
2026-08-08 08:56:07.062   Evaluator (deepseek-v3.2): alt 35 vs alt 29 (parse attempt 1) -> OK (3040 chars)
2026-08-08 08:56:07.219   Evaluator (deepseek-v3.2): alt 35 vs alt 38 (parse attempt 1) -> OK (2621 chars)
2026-08-08 08:56:07.272   Evaluator (deepseek-v3.2): alt 35 vs alt 40 (parse attempt 1) -> OK (2538 chars)
2026-08-08 08:56:07.448   Evaluator (deepseek-v3.2): alt 35 vs alt 32 (parse attempt 1) -> OK (2925 chars)
2026-08-08 08:56:08.397   Evaluator (deepseek-v3.2): alt 35 vs alt 22 (parse attempt 1) -> OK (3375 chars)
2026-08-08 08:56:09.254   Evaluator (deepseek-v3.2): alt 35 vs alt 31 (parse attempt 1) -> OK (3436 chars)
2026-08-08 08:56:09.260   Evaluator (deepseek-v3.2): alt 35 vs alt 42 (parse attempt 1) -> OK (2768 chars)
2026-08-08 08:56:09.263   Evaluator (deepseek-v3.2): alt 35 vs alt 41 (parse attempt 1) -> OK (2822 chars)
2026-08-08 08:56:09.269   Evaluator (deepseek-v3.2): alt 35 vs alt 44 (parse attempt 1) -> OK (2918 chars)
2026-08-08 08:56:09.769   Evaluator (deepseek-v3.2): alt 34 vs alt 61 (parse attempt 1) -> OK (3347 chars)
2026-08-08 08:56:09.788   Evaluator (deepseek-v3.2): alt 34 vs alt 62 (parse attempt 1) -> OK (2942 chars)
2026-08-08 08:56:10.008   Evaluator (deepseek-v3.2): alt 35 vs alt 48 (parse attempt 1) -> OK (2449 chars)
2026-08-08 08:56:10.062   Evaluator (deepseek-v3.2): alt 35 vs alt 47 (parse attempt 1) -> OK (2962 chars)
2026-08-08 08:56:10.214   Evaluator (deepseek-v3.2): alt 35 vs alt 20 (parse attempt 1) -> OK (4410 chars)
2026-08-08 08:56:10.250   Evaluator (deepseek-v3.2): alt 35 vs alt 49 (parse attempt 1) -> OK (2554 chars)
2026-08-08 08:56:10.984   Evaluator (deepseek-v3.2): alt 35 vs alt 28 (parse attempt 1) -> OK (4055 chars)
2026-08-08 08:56:11.338   Evaluator (deepseek-v3.2): alt 35 vs alt 45 (parse attempt 1) -> OK (3403 chars)
2026-08-08 08:56:11.466   Evaluator (deepseek-v3.2): alt 35 vs alt 27 (parse attempt 1) -> OK (4623 chars)
2026-08-08 08:56:11.486   Evaluator (deepseek-v3.2): alt 35 vs alt 46 (parse attempt 1) -> OK (3786 chars)
2026-08-08 08:56:12.250   Evaluator (deepseek-v3.2): alt 35 vs alt 34 (parse attempt 1) -> OK (4333 chars)
2026-08-08 08:56:12.251 JSON parse failed (attempt 1/5): 'winner'
2026-08-08 08:56:12.476   Evaluator (deepseek-v3.2): alt 35 vs alt 33 (parse attempt 1) -> OK (4221 chars)
2026-08-08 08:56:12.796   Evaluator (deepseek-v3.2): alt 35 vs alt 50 (parse attempt 1) -> OK (2628 chars)
2026-08-08 08:56:12.815   Evaluator (deepseek-v3.2): alt 35 vs alt 21 (parse attempt 1) -> OK (4851 chars)
2026-08-08 08:56:12.916   Evaluator (deepseek-v3.2): alt 35 vs alt 14 (parse attempt 1) -> OK (2631 chars)
2026-08-08 08:56:13.269   Evaluator (deepseek-v3.2): alt 35 vs alt 37 (parse attempt 1) -> OK (4426 chars)
2026-08-08 08:56:14.256   Evaluator (deepseek-v3.2): alt 35 vs alt 39 (parse attempt 1) -> OK (4134 chars)
2026-08-08 08:56:14.554   Evaluator (deepseek-v3.2): alt 35 vs alt 62 (parse attempt 1) -> OK (2132 chars)
2026-08-08 08:56:14.768   Evaluator (deepseek-v3.2): alt 35 vs alt 57 (parse attempt 1) -> OK (2616 chars)
2026-08-08 08:56:15.110   Evaluator (deepseek-v3.2): alt 35 vs alt 63 (parse attempt 1) -> OK (2263 chars)
2026-08-08 08:56:15.214   Evaluator (deepseek-v3.2): alt 35 vs alt 59 (parse attempt 1) -> OK (2846 chars)
2026-08-08 08:56:15.384   Evaluator (deepseek-v3.2): alt 35 vs alt 43 (parse attempt 1) -> OK (4575 chars)
2026-08-08 08:56:15.677   Evaluator (deepseek-v3.2): alt 35 vs alt 53 (parse attempt 1) -> OK (3508 chars)
2026-08-08 08:56:15.685   Evaluator (deepseek-v3.2): alt 35 vs alt 54 (parse attempt 1) -> OK (2824 chars)
2026-08-08 08:56:15.732   Evaluator (deepseek-v3.2): alt 35 vs alt 58 (parse attempt 1) -> OK (2809 chars)
2026-08-08 08:56:15.863   Evaluator (deepseek-v3.2): alt 35 vs alt 52 (parse attempt 1) -> OK (3185 chars)
2026-08-08 08:56:15.913   Evaluator (deepseek-v3.2): alt 35 vs alt 51 (parse attempt 1) -> OK (3046 chars)
2026-08-08 08:56:16.978   Evaluator (deepseek-v3.2): alt 36 vs alt 1 (parse attempt 1) -> OK (2597 chars)
2026-08-08 08:56:17.824   Evaluator (deepseek-v3.2): alt 35 vs alt 61 (parse attempt 1) -> OK (3049 chars)
2026-08-08 08:56:17.845   Evaluator (deepseek-v3.2): alt 36 vs alt 2 (parse attempt 1) -> OK (2582 chars)
2026-08-08 08:56:18.405   Evaluator (deepseek-v3.2): alt 36 vs alt 7 (parse attempt 1) -> OK (2646 chars)
2026-08-08 08:56:19.659   Evaluator (deepseek-v3.2): alt 36 vs alt 21 (parse attempt 1) -> OK (1883 chars)
2026-08-08 08:56:19.877   Evaluator (deepseek-v3.2): alt 35 vs alt 56 (parse attempt 1) -> OK (4058 chars)
2026-08-08 08:56:20.406   Evaluator (deepseek-v3.2): alt 36 vs alt 14 (parse attempt 1) -> OK (2907 chars)
2026-08-08 08:56:20.470   Evaluator (deepseek-v3.2): alt 36 vs alt 3 (parse attempt 1) -> OK (3145 chars)
2026-08-08 08:56:20.778   Evaluator (deepseek-v3.2): alt 35 vs alt 55 (parse attempt 1) -> OK (4660 chars)
2026-08-08 08:56:20.807   Evaluator (deepseek-v3.2): alt 36 vs alt 8 (parse attempt 1) -> OK (2681 chars)
2026-08-08 08:56:21.355   Evaluator (deepseek-v3.2): alt 35 vs alt 60 (parse attempt 1) -> OK (3990 chars)
2026-08-08 08:56:21.414   Evaluator (deepseek-v3.2): alt 35 vs alt 8 (parse attempt 1) -> OK (3709 chars)
2026-08-08 08:56:21.509   Evaluator (deepseek-v3.2): alt 36 vs alt 4 (parse attempt 1) -> OK (3526 chars)
2026-08-08 08:56:21.526   Evaluator (deepseek-v3.2): alt 36 vs alt 13 (parse attempt 1) -> OK (3296 chars)
2026-08-08 08:56:21.731   Evaluator (deepseek-v3.2): alt 36 vs alt 11 (parse attempt 1) -> OK (3098 chars)
2026-08-08 08:56:21.859   Evaluator (deepseek-v3.2): alt 36 vs alt 19 (parse attempt 1) -> OK (2522 chars)
2026-08-08 08:56:21.916   Evaluator (deepseek-v3.2): alt 36 vs alt 9 (parse attempt 1) -> OK (3366 chars)
2026-08-08 08:56:22.919   Evaluator (deepseek-v3.2): alt 36 vs incumbent (parse attempt 1) -> OK (4258 chars)
2026-08-08 08:56:23.284   Evaluator (deepseek-v3.2): alt 36 vs alt 22 (parse attempt 1) -> OK (2801 chars)
2026-08-08 08:56:23.793   Evaluator (deepseek-v3.2): alt 36 vs alt 25 (parse attempt 1) -> OK (2537 chars)
2026-08-08 08:56:24.440   Evaluator (deepseek-v3.2): alt 36 vs alt 18 (parse attempt 1) -> OK (3388 chars)
2026-08-08 08:56:24.923   Evaluator (deepseek-v3.2): alt 36 vs alt 10 (parse attempt 1) -> OK (4000 chars)
2026-08-08 08:56:24.973   Evaluator (deepseek-v3.2): alt 36 vs alt 20 (parse attempt 1) -> OK (3725 chars)
2026-08-08 08:56:24.979   Evaluator (deepseek-v3.2): alt 36 vs alt 30 (parse attempt 1) -> OK (2618 chars)
2026-08-08 08:56:25.249   Evaluator (deepseek-v3.2): alt 36 vs alt 32 (parse attempt 1) -> OK (2627 chars)
2026-08-08 08:56:25.302   Evaluator (deepseek-v3.2): alt 36 vs alt 31 (parse attempt 1) -> OK (2602 chars)
2026-08-08 08:56:26.266   Evaluator (deepseek-v3.2): alt 36 vs alt 29 (parse attempt 1) -> OK (2881 chars)
2026-08-08 08:56:26.456   Evaluator (deepseek-v3.2): alt 36 vs alt 34 (parse attempt 1) -> OK (3041 chars)
2026-08-08 08:56:26.619   Evaluator (deepseek-v3.2): alt 36 vs alt 16 (parse attempt 1) -> OK (4301 chars)
2026-08-08 08:56:26.990   Evaluator (deepseek-v3.2): alt 36 vs alt 27 (parse attempt 1) -> OK (3747 chars)
2026-08-08 08:56:27.122   Evaluator (deepseek-v3.2): alt 36 vs alt 6 (parse attempt 1) -> OK (5138 chars)
2026-08-08 08:56:27.122 JSON parse failed (attempt 1/5): 'winner'
2026-08-08 08:56:27.321   Evaluator (deepseek-v3.2): alt 36 vs alt 23 (parse attempt 1) -> OK (3570 chars)
2026-08-08 08:56:27.339   Evaluator (deepseek-v3.2): alt 36 vs alt 5 (parse attempt 1) -> OK (5426 chars)
2026-08-08 08:56:27.339 JSON parse failed (attempt 1/5): 'winner'
2026-08-08 08:56:27.520   Evaluator (deepseek-v3.2): alt 36 vs alt 12 (parse attempt 1) -> OK (4362 chars)
2026-08-08 08:56:28.062   Evaluator (deepseek-v3.2): alt 36 vs alt 28 (parse attempt 1) -> OK (3234 chars)
2026-08-08 08:56:28.183   Evaluator (deepseek-v3.2): alt 36 vs alt 17 (parse attempt 1) -> OK (4976 chars)
2026-08-08 08:56:28.349   Evaluator (deepseek-v3.2): alt 36 vs alt 35 (parse attempt 1) -> OK (3375 chars)
2026-08-08 08:56:29.825   Evaluator (deepseek-v3.2): alt 36 vs alt 43 (parse attempt 1) -> OK (2468 chars)
2026-08-08 08:56:29.868   Evaluator (deepseek-v3.2): alt 36 vs alt 26 (parse attempt 1) -> OK (4058 chars)
2026-08-08 08:56:30.393   Evaluator (deepseek-v3.2): alt 36 vs alt 50 (parse attempt 1) -> OK (2363 chars)
2026-08-08 08:56:30.545   Evaluator (deepseek-v3.2): alt 36 vs alt 48 (parse attempt 1) -> OK (2414 chars)
2026-08-08 08:56:30.622   Evaluator (deepseek-v3.2): alt 35 vs alt 19 (parse attempt 1) -> OK (4585 chars)
2026-08-08 08:56:31.093   Evaluator (deepseek-v3.2): alt 36 vs alt 39 (parse attempt 1) -> OK (3749 chars)
2026-08-08 08:56:31.312   Evaluator (deepseek-v3.2): alt 36 vs alt 41 (parse attempt 1) -> OK (3036 chars)
2026-08-08 08:56:31.451   Evaluator (deepseek-v3.2): alt 36 vs alt 52 (parse attempt 1) -> OK (2381 chars)
2026-08-08 08:56:31.802   Evaluator (deepseek-v3.2): alt 36 vs alt 45 (parse attempt 1) -> OK (2837 chars)
2026-08-08 08:56:32.113   Evaluator (deepseek-v3.2): alt 36 vs alt 44 (parse attempt 1) -> OK (3010 chars)
2026-08-08 08:56:32.289   Evaluator (deepseek-v3.2): alt 36 vs alt 42 (parse attempt 1) -> OK (3207 chars)
2026-08-08 08:56:33.163   Evaluator (deepseek-v3.2): alt 36 vs alt 53 (parse attempt 1) -> OK (2773 chars)
2026-08-08 08:56:33.517   Evaluator (deepseek-v3.2): alt 36 vs alt 46 (parse attempt 1) -> OK (3230 chars)
2026-08-08 08:56:33.883   Evaluator (deepseek-v3.2): alt 36 vs alt 58 (parse attempt 1) -> OK (2656 chars)
2026-08-08 08:56:34.082   Evaluator (deepseek-v3.2): alt 36 vs alt 37 (parse attempt 1) -> OK (4333 chars)
2026-08-08 08:56:34.161   Evaluator (deepseek-v3.2): alt 36 vs alt 59 (parse attempt 1) -> OK (2579 chars)
2026-08-08 08:56:34.277   Evaluator (deepseek-v3.2): alt 36 vs alt 40 (parse attempt 1) -> OK (3928 chars)
2026-08-08 08:56:34.975   Evaluator (deepseek-v3.2): alt 36 vs alt 15 (parse attempt 1) -> OK (6203 chars)
2026-08-08 08:56:35.199   Evaluator (deepseek-v3.2): alt 36 vs alt 62 (parse attempt 1) -> OK (2526 chars)
2026-08-08 08:56:35.221   Evaluator (deepseek-v3.2): alt 36 vs alt 51 (parse attempt 1) -> OK (3675 chars)
2026-08-08 08:56:35.384   Evaluator (deepseek-v3.2): alt 36 vs alt 49 (parse attempt 1) -> OK (3993 chars)
2026-08-08 08:56:35.993   Evaluator (deepseek-v3.2): alt 37 vs incumbent (parse attempt 1) -> OK (2410 chars)
2026-08-08 08:56:36.832   Evaluator (deepseek-v3.2): alt 36 vs alt 60 (parse attempt 1) -> OK (3668 chars)
2026-08-08 08:56:36.852   Evaluator (deepseek-v3.2): alt 36 vs alt 63 (parse attempt 1) -> OK (2947 chars)
2026-08-08 08:56:37.620   Evaluator (deepseek-v3.2): alt 36 vs alt 55 (parse attempt 1) -> OK (4316 chars)
2026-08-08 08:56:38.746   Evaluator (deepseek-v3.2): alt 36 vs alt 33 (parse attempt 1) -> OK (6064 chars)
2026-08-08 08:56:38.977   Evaluator (deepseek-v3.2): alt 36 vs alt 24 (parse attempt 1) -> OK (6487 chars)
2026-08-08 08:56:39.301   Evaluator (deepseek-v3.2): alt 37 vs alt 10 (parse attempt 1) -> OK (2524 chars)
2026-08-08 08:56:40.189   Evaluator (deepseek-v3.2): alt 37 vs alt 2 (parse attempt 1) -> OK (2823 chars)
2026-08-08 08:56:40.618   Evaluator (deepseek-v3.2): alt 37 vs alt 8 (parse attempt 1) -> OK (2137 chars)
2026-08-08 08:56:40.830   Evaluator (deepseek-v3.2): alt 36 vs alt 57 (parse attempt 1) -> OK (4063 chars)
2026-08-08 08:56:40.898   Evaluator (deepseek-v3.2): alt 37 vs alt 11 (parse attempt 1) -> OK (3336 chars)
2026-08-08 08:56:41.055   Evaluator (deepseek-v3.2): alt 37 vs alt 16 (parse attempt 1) -> OK (2775 chars)
2026-08-08 08:56:42.096   Evaluator (deepseek-v3.2): alt 36 vs alt 61 (parse attempt 1) -> OK (4195 chars)
2026-08-08 08:56:42.161   Evaluator (deepseek-v3.2): alt 36 vs alt 54 (parse attempt 1) -> OK (5059 chars)
2026-08-08 08:56:42.702   Evaluator (deepseek-v3.2): alt 36 vs alt 56 (parse attempt 1) -> OK (5087 chars)
2026-08-08 08:56:42.703 JSON parse failed (attempt 1/5): 'winner'
2026-08-08 08:56:43.345   Evaluator (deepseek-v3.2): alt 37 vs alt 3 (parse attempt 1) -> OK (3552 chars)
2026-08-08 08:56:43.623   Evaluator (deepseek-v3.2): alt 37 vs alt 15 (parse attempt 1) -> OK (3162 chars)
2026-08-08 08:56:43.711   Evaluator (deepseek-v3.2): alt 37 vs alt 13 (parse attempt 1) -> OK (3772 chars)
2026-08-08 08:56:43.787   Evaluator (deepseek-v3.2): alt 36 vs alt 38 (parse attempt 1) -> OK (6732 chars)
2026-08-08 08:56:45.278   Evaluator (deepseek-v3.2): alt 36 vs alt 47 (parse attempt 1) -> OK (6881 chars)
2026-08-08 08:56:45.533   Evaluator (deepseek-v3.2): alt 37 vs alt 27 (parse attempt 1) -> OK (3327 chars)
2026-08-08 08:56:45.656   Evaluator (deepseek-v3.2): alt 37 vs alt 19 (parse attempt 1) -> OK (3384 chars)
2026-08-08 08:56:46.625   Evaluator (deepseek-v3.2): alt 37 vs alt 35 (parse attempt 1) -> OK (2208 chars)
2026-08-08 08:56:46.946   Evaluator (deepseek-v3.2): alt 37 vs alt 14 (parse attempt 1) -> OK (4598 chars)
2026-08-08 08:56:47.086   Evaluator (deepseek-v3.2): alt 37 vs alt 31 (parse attempt 1) -> OK (3108 chars)
2026-08-08 08:56:47.538   Evaluator (deepseek-v3.2): alt 37 vs alt 29 (parse attempt 1) -> OK (3061 chars)
2026-08-08 08:56:47.659   Evaluator (deepseek-v3.2): alt 37 vs alt 7 (parse attempt 1) -> OK (3577 chars)
2026-08-08 08:56:48.111   Evaluator (deepseek-v3.2): alt 37 vs alt 21 (parse attempt 1) -> OK (3798 chars)
2026-08-08 08:56:48.117   Evaluator (deepseek-v3.2): alt 37 vs alt 32 (parse attempt 1) -> OK (3582 chars)
2026-08-08 08:56:48.419   Evaluator (deepseek-v3.2): alt 37 vs alt 36 (parse attempt 1) -> OK (2308 chars)
2026-08-08 08:56:48.557   Evaluator (deepseek-v3.2): alt 37 vs alt 12 (parse attempt 1) -> OK (3188 chars)
2026-08-08 08:56:48.592   Evaluator (deepseek-v3.2): alt 37 vs alt 9 (parse attempt 1) -> OK (2462 chars)
2026-08-08 08:56:48.755   Evaluator (deepseek-v3.2): alt 37 vs alt 30 (parse attempt 1) -> OK (3740 chars)
2026-08-08 08:56:49.716   Evaluator (deepseek-v3.2): alt 37 vs alt 43 (parse attempt 1) -> OK (1929 chars)
2026-08-08 08:56:49.934   Evaluator (deepseek-v3.2): alt 37 vs alt 17 (parse attempt 1) -> OK (3544 chars)
2026-08-08 08:56:51.528   Evaluator (deepseek-v3.2): alt 37 vs alt 44 (parse attempt 1) -> OK (2386 chars)
2026-08-08 08:56:52.066   Evaluator (deepseek-v3.2): alt 37 vs alt 38 (parse attempt 1) -> OK (2393 chars)
2026-08-08 08:56:52.352   Evaluator (deepseek-v3.2): alt 37 vs alt 45 (parse attempt 1) -> OK (2331 chars)
2026-08-08 08:56:52.763   Evaluator (deepseek-v3.2): alt 37 vs alt 46 (parse attempt 1) -> OK (2413 chars)
2026-08-08 08:56:53.307   Evaluator (deepseek-v3.2): alt 37 vs alt 49 (parse attempt 1) -> OK (2160 chars)
2026-08-08 08:56:53.460   Evaluator (deepseek-v3.2): alt 37 vs alt 23 (parse attempt 1) -> OK (3546 chars)
2026-08-08 08:56:53.555   Evaluator (deepseek-v3.2): alt 37 vs alt 33 (parse attempt 1) -> OK (4066 chars)
2026-08-08 08:56:53.570   Evaluator (deepseek-v3.2): alt 37 vs alt 6 (parse attempt 1) -> OK (3875 chars)
2026-08-08 08:56:53.671   Evaluator (deepseek-v3.2): alt 37 vs alt 42 (parse attempt 1) -> OK (3308 chars)
2026-08-08 08:56:53.835   Evaluator (deepseek-v3.2): alt 37 vs alt 47 (parse attempt 1) -> OK (2653 chars)
2026-08-08 08:56:54.217   Evaluator (deepseek-v3.2): alt 37 vs alt 40 (parse attempt 1) -> OK (3381 chars)
2026-08-08 08:56:54.625   Evaluator (deepseek-v3.2): alt 37 vs alt 48 (parse attempt 1) -> OK (2973 chars)
2026-08-08 08:56:55.023   Evaluator (deepseek-v3.2): alt 37 vs alt 25 (parse attempt 1) -> OK (3513 chars)
2026-08-08 08:56:55.411   Evaluator (deepseek-v3.2): alt 37 vs alt 50 (parse attempt 1) -> OK (3099 chars)
2026-08-08 08:56:56.062   Evaluator (deepseek-v3.2): alt 37 vs alt 24 (parse attempt 1) -> OK (3891 chars)
2026-08-08 08:56:56.373   Evaluator (deepseek-v3.2): alt 37 vs alt 62 (parse attempt 1) -> OK (2095 chars)
2026-08-08 08:56:56.664   Evaluator (deepseek-v3.2): alt 37 vs alt 41 (parse attempt 1) -> OK (4649 chars)
2026-08-08 08:56:57.559   Evaluator (deepseek-v3.2): alt 37 vs alt 55 (parse attempt 1) -> OK (3304 chars)
2026-08-08 08:56:57.959   Evaluator (deepseek-v3.2): alt 37 vs alt 58 (parse attempt 1) -> OK (2483 chars)
2026-08-08 08:56:57.972   Evaluator (deepseek-v3.2): alt 37 vs alt 51 (parse attempt 1) -> OK (2252 chars)
2026-08-08 08:56:58.313   Evaluator (deepseek-v3.2): alt 37 vs alt 22 (parse attempt 1) -> OK (4512 chars)
2026-08-08 08:56:58.410   Evaluator (deepseek-v3.2): alt 37 vs alt 52 (parse attempt 1) -> OK (3520 chars)
2026-08-08 08:56:58.622   Evaluator (deepseek-v3.2): alt 37 vs alt 54 (parse attempt 1) -> OK (3277 chars)
2026-08-08 08:56:59.308   Evaluator (deepseek-v3.2): alt 37 vs alt 39 (parse attempt 1) -> OK (4026 chars)
2026-08-08 08:56:59.574   Evaluator (deepseek-v3.2): alt 37 vs alt 59 (parse attempt 1) -> OK (3099 chars)
2026-08-08 08:56:59.869   Evaluator (deepseek-v3.2): alt 37 vs alt 34 (parse attempt 1) -> OK (6023 chars)
2026-08-08 08:56:59.869 JSON parse failed (attempt 1/5): 'winner'
2026-08-08 08:56:59.884   Evaluator (deepseek-v3.2): alt 38 vs alt 2 (parse attempt 1) -> OK (2265 chars)
2026-08-08 08:56:59.938   Evaluator (deepseek-v3.2): alt 38 vs alt 1 (parse attempt 1) -> OK (2347 chars)
2026-08-08 08:57:00.103   Evaluator (deepseek-v3.2): alt 37 vs alt 57 (parse attempt 1) -> OK (3589 chars)
2026-08-08 08:57:01.309   Evaluator (deepseek-v3.2): alt 37 vs alt 63 (parse attempt 1) -> OK (3753 chars)
2026-08-08 08:57:01.584   Evaluator (deepseek-v3.2): alt 37 vs alt 28 (parse attempt 1) -> OK (3698 chars)
2026-08-08 08:57:01.799   Evaluator (deepseek-v3.2): alt 37 vs alt 26 (parse attempt 1) -> OK (2255 chars)
2026-08-08 08:57:02.257   Evaluator (deepseek-v3.2): alt 38 vs alt 10 (parse attempt 1) -> OK (2846 chars)
2026-08-08 08:57:02.556   Evaluator (deepseek-v3.2): alt 38 vs alt 5 (parse attempt 1) -> OK (2570 chars)
2026-08-08 08:57:02.600   Evaluator (deepseek-v3.2): alt 38 vs alt 9 (parse attempt 1) -> OK (2581 chars)
2026-08-08 08:57:03.880   Evaluator (deepseek-v3.2): alt 37 vs alt 61 (parse attempt 1) -> OK (2748 chars)
2026-08-08 08:57:04.552   Evaluator (deepseek-v3.2): alt 38 vs alt 12 (parse attempt 1) -> OK (2612 chars)
2026-08-08 08:57:04.655   Evaluator (deepseek-v3.2): alt 38 vs alt 13 (parse attempt 1) -> OK (2325 chars)
2026-08-08 08:57:05.300   Evaluator (deepseek-v3.2): alt 37 vs alt 56 (parse attempt 1) -> OK (4204 chars)
2026-08-08 08:57:06.946   Evaluator (deepseek-v3.2): alt 37 vs alt 53 (parse attempt 1) -> OK (3860 chars)
2026-08-08 08:57:07.158   Evaluator (deepseek-v3.2): alt 38 vs alt 22 (parse attempt 1) -> OK (2468 chars)
2026-08-08 08:57:07.181   Evaluator (deepseek-v3.2): alt 38 vs alt 3 (parse attempt 1) -> OK (3366 chars)
2026-08-08 08:57:07.214   Evaluator (deepseek-v3.2): alt 38 vs alt 18 (parse attempt 1) -> OK (2822 chars)
2026-08-08 08:57:07.266   Evaluator (deepseek-v3.2): alt 37 vs alt 60 (parse attempt 1) -> OK (3346 chars)
2026-08-08 08:57:07.297   Evaluator (deepseek-v3.2): alt 38 vs alt 8 (parse attempt 1) -> OK (3631 chars)
2026-08-08 08:57:07.724   Evaluator (deepseek-v3.2): alt 38 vs alt 26 (parse attempt 1) -> OK (2197 chars)
2026-08-08 08:57:07.957   Evaluator (deepseek-v3.2): alt 38 vs alt 4 (parse attempt 1) -> OK (2411 chars)
2026-08-08 08:57:08.727   Evaluator (deepseek-v3.2): alt 38 vs alt 29 (parse attempt 1) -> OK (2370 chars)
2026-08-08 08:57:09.080   Evaluator (deepseek-v3.2): alt 38 vs alt 7 (parse attempt 1) -> OK (4113 chars)
2026-08-08 08:57:09.080 JSON parse failed (attempt 1/5): 'winner'
2026-08-08 08:57:09.216   Evaluator (deepseek-v3.2): alt 38 vs alt 30 (parse attempt 1) -> OK (2160 chars)
2026-08-08 08:57:09.763   Evaluator (deepseek-v3.2): alt 38 vs alt 24 (parse attempt 1) -> OK (2066 chars)
2026-08-08 08:57:10.092   Evaluator (deepseek-v3.2): alt 38 vs alt 16 (parse attempt 1) -> OK (3729 chars)
2026-08-08 08:57:10.709   Evaluator (deepseek-v3.2): alt 38 vs alt 23 (parse attempt 1) -> OK (3419 chars)
2026-08-08 08:57:10.786   Evaluator (deepseek-v3.2): alt 38 vs alt 27 (parse attempt 1) -> OK (3147 chars)
2026-08-08 08:57:11.071   Evaluator (deepseek-v3.2): alt 37 vs alt 4 (parse attempt 1) -> OK (4214 chars)
2026-08-08 08:57:11.156   Evaluator (deepseek-v3.2): alt 37 vs alt 20 (parse attempt 1) -> OK (3176 chars)
2026-08-08 08:57:11.441   Evaluator (deepseek-v3.2): alt 38 vs alt 17 (parse attempt 1) -> OK (4839 chars)
2026-08-08 08:57:11.770   Evaluator (deepseek-v3.2): alt 37 vs alt 5 (parse attempt 1) -> OK (6210 chars)
2026-08-08 08:57:11.770 JSON parse failed (attempt 1/5): 'winner'
2026-08-08 08:57:12.985   Evaluator (deepseek-v3.2): alt 38 vs alt 33 (parse attempt 1) -> OK (2888 chars)
2026-08-08 08:57:14.279   Evaluator (deepseek-v3.2): alt 38 vs alt 25 (parse attempt 1) -> OK (4182 chars)
2026-08-08 08:57:14.888   Evaluator (deepseek-v3.2): alt 38 vs alt 35 (parse attempt 1) -> OK (3507 chars)
2026-08-08 08:57:14.986   Evaluator (deepseek-v3.2): alt 38 vs alt 37 (parse attempt 1) -> OK (2819 chars)
2026-08-08 08:57:16.231   Evaluator (deepseek-v3.2): alt 37 vs alt 1 (parse attempt 1) -> OK (4249 chars)
2026-08-08 08:57:16.268   Evaluator (deepseek-v3.2): alt 38 vs alt 45 (parse attempt 1) -> OK (2236 chars)
2026-08-08 08:57:16.620   Evaluator (deepseek-v3.2): alt 38 vs alt 48 (parse attempt 1) -> OK (2720 chars)
2026-08-08 08:57:16.819   Evaluator (deepseek-v3.2): alt 38 vs alt 44 (parse attempt 1) -> OK (2115 chars)
2026-08-08 08:57:17.144   Evaluator (deepseek-v3.2): alt 38 vs alt 46 (parse attempt 1) -> OK (2424 chars)
2026-08-08 08:57:17.652   Evaluator (deepseek-v3.2): alt 38 vs alt 28 (parse attempt 1) -> OK (4919 chars)
2026-08-08 08:57:17.874   Evaluator (deepseek-v3.2): alt 38 vs alt 11 (parse attempt 1) -> OK (5314 chars)
2026-08-08 08:57:18.227   Evaluator (deepseek-v3.2): alt 38 vs alt 34 (parse attempt 1) -> OK (4061 chars)
2026-08-08 08:57:18.271   Evaluator (deepseek-v3.2): alt 38 vs alt 21 (parse attempt 1) -> OK (4390 chars)
2026-08-08 08:57:18.271 JSON parse failed (attempt 1/5): 'winner'
2026-08-08 08:57:18.722   Evaluator (deepseek-v3.2): alt 38 vs alt 6 (parse attempt 1) -> OK (4590 chars)
2026-08-08 08:57:18.929   Evaluator (deepseek-v3.2): alt 38 vs alt 53 (parse attempt 1) -> OK (2270 chars)
2026-08-08 08:57:19.324   Evaluator (deepseek-v3.2): alt 38 vs alt 54 (parse attempt 1) -> OK (2236 chars)
2026-08-08 08:57:19.391   Evaluator (deepseek-v3.2): alt 38 vs alt 31 (parse attempt 1) -> OK (2329 chars)
2026-08-08 08:57:19.524   Evaluator (deepseek-v3.2): alt 38 vs alt 49 (parse attempt 1) -> OK (3002 chars)
2026-08-08 08:57:19.714   Evaluator (deepseek-v3.2): alt 38 vs alt 43 (parse attempt 1) -> OK (3914 chars)
2026-08-08 08:57:20.020   Evaluator (deepseek-v3.2): alt 38 vs alt 14 (parse attempt 1) -> OK (6907 chars)
2026-08-08 08:57:20.020 JSON parse failed (attempt 1/5): 'winner'
2026-08-08 08:57:20.622   Evaluator (deepseek-v3.2): alt 38 vs alt 58 (parse attempt 1) -> OK (2568 chars)
2026-08-08 08:57:21.143   Evaluator (deepseek-v3.2): alt 38 vs alt 47 (parse attempt 1) -> OK (3874 chars)
2026-08-08 08:57:21.292   Evaluator (deepseek-v3.2): alt 38 vs alt 55 (parse attempt 1) -> OK (2919 chars)
2026-08-08 08:57:21.850   Evaluator (deepseek-v3.2): alt 38 vs incumbent (parse attempt 1) -> OK (3320 chars)
2026-08-08 08:57:21.865   Evaluator (deepseek-v3.2): alt 38 vs alt 51 (parse attempt 1) -> OK (3709 chars)
2026-08-08 08:57:22.071   Evaluator (deepseek-v3.2): alt 38 vs alt 59 (parse attempt 1) -> OK (2304 chars)
2026-08-08 08:57:22.307   Evaluator (deepseek-v3.2): alt 38 vs alt 15 (parse attempt 1) -> OK (4107 chars)
2026-08-08 08:57:22.807   Evaluator (deepseek-v3.2): alt 38 vs alt 39 (parse attempt 1) -> OK (2524 chars)
2026-08-08 08:57:22.812   Evaluator (deepseek-v3.2): alt 38 vs alt 42 (parse attempt 1) -> OK (2509 chars)
2026-08-08 08:57:23.552   Evaluator (deepseek-v3.2): alt 38 vs alt 52 (parse attempt 1) -> OK (3750 chars)
2026-08-08 08:57:23.685   Evaluator (deepseek-v3.2): alt 38 vs alt 60 (parse attempt 1) -> OK (3051 chars)
2026-08-08 08:57:24.342   Evaluator (deepseek-v3.2): alt 38 vs alt 41 (parse attempt 1) -> OK (3856 chars)
2026-08-08 08:57:25.591   Evaluator (deepseek-v3.2): alt 38 vs alt 63 (parse attempt 1) -> OK (2992 chars)
2026-08-08 08:57:25.654   Evaluator (deepseek-v3.2): alt 39 vs alt 10 (parse attempt 1) -> OK (2262 chars)
2026-08-08 08:57:25.894   Evaluator (deepseek-v3.2): alt 38 vs alt 50 (parse attempt 1) -> OK (2422 chars)
2026-08-08 08:57:25.982   Evaluator (deepseek-v3.2): alt 38 vs alt 61 (parse attempt 1) -> OK (3358 chars)
2026-08-08 08:57:27.169   Evaluator (deepseek-v3.2): alt 38 vs alt 62 (parse attempt 1) -> OK (3523 chars)
2026-08-08 08:57:27.970   Evaluator (deepseek-v3.2): alt 39 vs alt 1 (parse attempt 1) -> OK (2801 chars)
2026-08-08 08:57:29.880   Evaluator (deepseek-v3.2): alt 39 vs alt 22 (parse attempt 1) -> OK (2027 chars)
2026-08-08 08:57:30.063   Evaluator (deepseek-v3.2): alt 38 vs alt 40 (parse attempt 1) -> OK (4184 chars)
2026-08-08 08:57:31.684   Evaluator (deepseek-v3.2): alt 39 vs alt 9 (parse attempt 1) -> OK (3201 chars)
2026-08-08 08:57:31.773   Evaluator (deepseek-v3.2): alt 39 vs alt 19 (parse attempt 1) -> OK (3063 chars)
2026-08-08 08:57:31.805   Evaluator (deepseek-v3.2): alt 39 vs alt 14 (parse attempt 1) -> OK (3592 chars)
2026-08-08 08:57:31.897   Evaluator (deepseek-v3.2): alt 37 vs alt 18 (parse attempt 1) -> OK (5358 chars)
2026-08-08 08:57:33.485   Evaluator (deepseek-v3.2): alt 39 vs alt 26 (parse attempt 1) -> OK (3324 chars)
2026-08-08 08:57:34.167   Evaluator (deepseek-v3.2): alt 39 vs alt 29 (parse attempt 1) -> OK (3005 chars)
2026-08-08 08:57:34.498   Evaluator (deepseek-v3.2): alt 39 vs alt 31 (parse attempt 1) -> OK (2629 chars)
2026-08-08 08:57:35.150   Evaluator (deepseek-v3.2): alt 39 vs alt 23 (parse attempt 1) -> OK (4420 chars)
2026-08-08 08:57:36.037   Evaluator (deepseek-v3.2): alt 39 vs alt 16 (parse attempt 1) -> OK (2288 chars)
2026-08-08 08:57:36.309   Evaluator (deepseek-v3.2): alt 39 vs alt 30 (parse attempt 1) -> OK (3010 chars)
2026-08-08 08:57:36.453   Evaluator (deepseek-v3.2): alt 39 vs alt 12 (parse attempt 1) -> OK (3821 chars)
2026-08-08 08:57:36.695   Evaluator (deepseek-v3.2): alt 39 vs alt 6 (parse attempt 1) -> OK (4278 chars)
2026-08-08 08:57:38.385   Evaluator (deepseek-v3.2): alt 39 vs alt 35 (parse attempt 1) -> OK (2145 chars)
2026-08-08 08:57:39.193   Evaluator (deepseek-v3.2): alt 39 vs alt 24 (parse attempt 1) -> OK (3962 chars)
2026-08-08 08:57:39.193 JSON parse failed (attempt 1/5): 'winner'
2026-08-08 08:57:39.628   Evaluator (deepseek-v3.2): alt 39 vs alt 25 (parse attempt 1) -> OK (3911 chars)
2026-08-08 08:57:40.115   Evaluator (deepseek-v3.2): alt 39 vs alt 2 (parse attempt 1) -> OK (4055 chars)
2026-08-08 08:57:40.444   Evaluator (deepseek-v3.2): alt 39 vs alt 21 (parse attempt 1) -> OK (2980 chars)
2026-08-08 08:57:41.051   Evaluator (deepseek-v3.2): alt 39 vs alt 7 (parse attempt 1) -> OK (3965 chars)
2026-08-08 08:57:42.342   Evaluator (deepseek-v3.2): alt 38 vs alt 20 (parse attempt 1) -> OK (4313 chars)
2026-08-08 08:57:42.398   Evaluator (deepseek-v3.2): alt 39 vs alt 34 (parse attempt 1) -> OK (3789 chars)
2026-08-08 08:57:42.445   Evaluator (deepseek-v3.2): alt 39 vs alt 33 (parse attempt 1) -> OK (3862 chars)
2026-08-08 08:57:42.529   Evaluator (deepseek-v3.2): alt 39 vs alt 20 (parse attempt 1) -> OK (1939 chars)
2026-08-08 08:57:44.314   Evaluator (deepseek-v3.2): alt 39 vs alt 36 (parse attempt 1) -> OK (3689 chars)
2026-08-08 08:57:44.773   Evaluator (deepseek-v3.2): alt 39 vs alt 38 (parse attempt 1) -> OK (3962 chars)
2026-08-08 08:57:44.904   Evaluator (deepseek-v3.2): alt 39 vs alt 40 (parse attempt 1) -> OK (3949 chars)
2026-08-08 08:57:44.932   Evaluator (deepseek-v3.2): alt 38 vs alt 19 (parse attempt 1) -> OK (4436 chars)
2026-08-08 08:57:45.483   Evaluator (deepseek-v3.2): alt 39 vs alt 27 (parse attempt 1) -> OK (2492 chars)
2026-08-08 08:57:45.487   Evaluator (deepseek-v3.2): alt 39 vs alt 15 (parse attempt 1) -> OK (3811 chars)
2026-08-08 08:57:45.827   Evaluator (deepseek-v3.2): alt 39 vs alt 8 (parse attempt 1) -> OK (2561 chars)
2026-08-08 08:57:47.147   Evaluator (deepseek-v3.2): alt 39 vs alt 3 (parse attempt 1) -> OK (3906 chars)
2026-08-08 08:57:47.736   Evaluator (deepseek-v3.2): alt 33 vs alt 44 (parse attempt 2) -> OK (3243 chars)
2026-08-08 08:57:47.810   Evaluator (deepseek-v3.2): alt 39 vs alt 13 (parse attempt 1) -> OK (3445 chars)
2026-08-08 08:57:48.640   Evaluator (deepseek-v3.2): alt 38 vs alt 36 (parse attempt 1) -> OK (6006 chars)
2026-08-08 08:57:48.644   Evaluator (deepseek-v3.2): alt 32 vs alt 47 (parse attempt 2) -> OK (4070 chars)
2026-08-08 08:57:49.296   Evaluator (deepseek-v3.2): alt 34 vs alt 56 (parse attempt 2) -> OK (2917 chars)
2026-08-08 08:57:49.580   Evaluator (deepseek-v3.2): alt 39 vs alt 37 (parse attempt 1) -> OK (4870 chars)
2026-08-08 08:57:49.586   Evaluator (deepseek-v3.2): alt 33 vs alt 55 (parse attempt 2) -> OK (3951 chars)
2026-08-08 08:57:50.361   Evaluator (deepseek-v3.2): alt 39 vs alt 5 (parse attempt 1) -> OK (1959 chars)
2026-08-08 08:57:50.408   Evaluator (deepseek-v3.2): alt 39 vs alt 28 (parse attempt 1) -> OK (4074 chars)
2026-08-08 08:57:51.648   Evaluator (deepseek-v3.2): alt 38 vs alt 14 (parse attempt 2) -> OK (1964 chars)
2026-08-08 08:57:52.475   Evaluator (deepseek-v3.2): alt 39 vs alt 17 (parse attempt 1) -> OK (1799 chars)
2026-08-08 08:57:53.480   Evaluator (deepseek-v3.2): alt 39 vs alt 42 (parse attempt 1) -> OK (2946 chars)
2026-08-08 08:57:53.694   Evaluator (deepseek-v3.2): alt 32 vs alt 38 (parse attempt 2) -> OK (4371 chars)
2026-08-08 08:57:54.049   Evaluator (deepseek-v3.2): alt 39 vs alt 32 (parse attempt 1) -> OK (3959 chars)
2026-08-08 08:57:54.049 JSON parse failed (attempt 1/5): Expecting ',' delimiter: line 19 column 5 (char 1944)
2026-08-08 08:57:55.206   Evaluator (deepseek-v3.2): alt 36 vs alt 6 (parse attempt 2) -> OK (4179 chars)
2026-08-08 08:57:56.292   Evaluator (deepseek-v3.2): alt 36 vs alt 5 (parse attempt 2) -> OK (4156 chars)
2026-08-08 08:57:56.875   Evaluator (deepseek-v3.2): alt 31 vs alt 49 (parse attempt 2) -> OK (3853 chars)
2026-08-08 08:57:57.083   Evaluator (deepseek-v3.2): alt 39 vs alt 41 (parse attempt 1) -> OK (5818 chars)
2026-08-08 08:57:57.083 JSON parse failed (attempt 1/5): 'winner'
2026-08-08 08:57:57.296   Evaluator (deepseek-v3.2): alt 38 vs alt 21 (parse attempt 2) -> OK (2325 chars)
2026-08-08 08:57:58.129   Evaluator (deepseek-v3.2): alt 38 vs alt 32 (parse attempt 1) -> OK (3900 chars)
2026-08-08 08:57:58.402   Evaluator (deepseek-v3.2): alt 35 vs alt 34 (parse attempt 2) -> OK (4837 chars)
2026-08-08 08:57:58.601   Evaluator (deepseek-v3.2): alt 36 vs alt 56 (parse attempt 2) -> OK (4846 chars)
2026-08-08 08:58:01.667   Evaluator (deepseek-v3.2): alt 39 vs alt 24 (parse attempt 2) -> OK (4920 chars)
2026-08-08 08:58:01.667 JSON parse failed (attempt 2/5): 'winner'
2026-08-08 08:58:02.441   Evaluator (deepseek-v3.2): alt 39 vs alt 41 (parse attempt 2) -> OK (3663 chars)
2026-08-08 08:58:05.175   Evaluator (deepseek-v3.2): alt 39 vs alt 32 (parse attempt 2) -> OK (1626 chars)
2026-08-08 08:58:07.713   Evaluator (deepseek-v3.2): alt 38 vs alt 57 (parse attempt 1) -> OK (5481 chars)
2026-08-08 08:58:13.917   Evaluator (deepseek-v3.2): alt 39 vs alt 11 (parse attempt 1) -> OK (3731 chars)
2026-08-08 08:58:14.916   Evaluator (deepseek-v3.2): alt 39 vs alt 43 (parse attempt 1) -> OK (3984 chars)
2026-08-08 08:58:15.578   Evaluator (deepseek-v3.2): alt 39 vs alt 24 (parse attempt 3) -> OK (3729 chars)
2026-08-08 08:58:18.118   Evaluator (deepseek-v3.2): alt 39 vs alt 18 (parse attempt 1) -> OK (6211 chars)
2026-08-08 08:58:18.118 JSON parse failed (attempt 1/5): 'winner'
2026-08-08 08:58:18.222   Evaluator (deepseek-v3.2): alt 37 vs alt 5 (parse attempt 2) -> OK (3982 chars)
2026-08-08 08:58:20.308   Evaluator (deepseek-v3.2): alt 37 vs alt 34 (parse attempt 2) -> OK (4049 chars)
2026-08-08 08:58:24.405   Evaluator (deepseek-v3.2): alt 38 vs alt 56 (parse attempt 1) -> OK (5399 chars)
2026-08-08 08:58:26.621   Evaluator (deepseek-v3.2): alt 38 vs alt 7 (parse attempt 2) -> OK (5469 chars)
2026-08-08 08:58:27.256   Evaluator (deepseek-v3.2): alt 39 vs incumbent (parse attempt 1) -> OK (5080 chars)
2026-08-08 08:58:35.002   Evaluator (deepseek-v3.2): alt 39 vs alt 4 (parse attempt 1) -> OK (4177 chars)
2026-08-08 08:58:55.471   Evaluator (deepseek-v3.2): alt 39 vs alt 18 (parse attempt 2) -> OK (5590 chars)
2026-08-08 08:58:55.471   Evaluator batch 2001-2500 / 4032 done
2026-08-08 08:59:01.237   Evaluator (deepseek-v3.2): alt 39 vs alt 51 (parse attempt 1) -> OK (2215 chars)
2026-08-08 08:59:01.932   Evaluator (deepseek-v3.2): alt 39 vs alt 57 (parse attempt 1) -> OK (2861 chars)
2026-08-08 08:59:01.933 JSON parse failed (attempt 1/5): 'winner'
2026-08-08 08:59:02.752   Evaluator (deepseek-v3.2): alt 39 vs alt 48 (parse attempt 1) -> OK (2739 chars)
2026-08-08 08:59:03.605   Evaluator (deepseek-v3.2): alt 39 vs alt 62 (parse attempt 1) -> OK (3785 chars)
2026-08-08 08:59:03.776   Evaluator (deepseek-v3.2): alt 39 vs alt 52 (parse attempt 1) -> OK (3525 chars)
2026-08-08 08:59:04.392   Evaluator (deepseek-v3.2): alt 39 vs alt 59 (parse attempt 1) -> OK (3497 chars)
2026-08-08 08:59:04.472   Evaluator (deepseek-v3.2): alt 40 vs alt 17 (parse attempt 1) -> OK (1841 chars)
2026-08-08 08:59:04.547   Evaluator (deepseek-v3.2): alt 39 vs alt 46 (parse attempt 1) -> OK (2713 chars)
2026-08-08 08:59:04.594   Evaluator (deepseek-v3.2): alt 39 vs alt 56 (parse attempt 1) -> OK (3968 chars)
2026-08-08 08:59:05.074   Evaluator (deepseek-v3.2): alt 40 vs alt 1 (parse attempt 1) -> OK (2372 chars)
2026-08-08 08:59:05.780   Evaluator (deepseek-v3.2): alt 39 vs alt 44 (parse attempt 1) -> OK (3081 chars)
2026-08-08 08:59:06.079   Evaluator (deepseek-v3.2): alt 40 vs incumbent (parse attempt 1) -> OK (2738 chars)
2026-08-08 08:59:06.426   Evaluator (deepseek-v3.2): alt 39 vs alt 49 (parse attempt 1) -> OK (5716 chars)
2026-08-08 08:59:06.447   Evaluator (deepseek-v3.2): alt 40 vs alt 5 (parse attempt 1) -> OK (2567 chars)
2026-08-08 08:59:06.470   Evaluator (deepseek-v3.2): alt 40 vs alt 8 (parse attempt 1) -> OK (2562 chars)
2026-08-08 08:59:06.650   Evaluator (deepseek-v3.2): alt 40 vs alt 3 (parse attempt 1) -> OK (2753 chars)
2026-08-08 08:59:06.850   Evaluator (deepseek-v3.2): alt 40 vs alt 4 (parse attempt 1) -> OK (2542 chars)
2026-08-08 08:59:07.276   Evaluator (deepseek-v3.2): alt 39 vs alt 60 (parse attempt 1) -> OK (3852 chars)
2026-08-08 08:59:07.336   Evaluator (deepseek-v3.2): alt 39 vs alt 58 (parse attempt 1) -> OK (3632 chars)
2026-08-08 08:59:07.392   Evaluator (deepseek-v3.2): alt 40 vs alt 10 (parse attempt 1) -> OK (3188 chars)
2026-08-08 08:59:07.668   Evaluator (deepseek-v3.2): alt 40 vs alt 12 (parse attempt 1) -> OK (2727 chars)
2026-08-08 08:59:08.189   Evaluator (deepseek-v3.2): alt 39 vs alt 47 (parse attempt 1) -> OK (5800 chars)
2026-08-08 08:59:08.237   Evaluator (deepseek-v3.2): alt 40 vs alt 6 (parse attempt 1) -> OK (3542 chars)
2026-08-08 08:59:08.615   Evaluator (deepseek-v3.2): alt 40 vs alt 11 (parse attempt 1) -> OK (3021 chars)
2026-08-08 08:59:08.615 JSON parse failed (attempt 1/5): 'winner'
2026-08-08 08:59:08.834   Evaluator (deepseek-v3.2): alt 40 vs alt 16 (parse attempt 1) -> OK (3055 chars)
2026-08-08 08:59:08.893   Evaluator (deepseek-v3.2): alt 40 vs alt 2 (parse attempt 1) -> OK (3814 chars)
2026-08-08 08:59:08.964   Evaluator (deepseek-v3.2): alt 40 vs alt 18 (parse attempt 1) -> OK (3410 chars)
2026-08-08 08:59:08.985   Evaluator (deepseek-v3.2): alt 40 vs alt 14 (parse attempt 1) -> OK (3575 chars)
2026-08-08 08:59:09.112   Evaluator (deepseek-v3.2): alt 40 vs alt 9 (parse attempt 1) -> OK (3674 chars)
2026-08-08 08:59:09.329   Evaluator (deepseek-v3.2): alt 39 vs alt 45 (parse attempt 1) -> OK (4021 chars)
2026-08-08 08:59:09.697   Evaluator (deepseek-v3.2): alt 40 vs alt 7 (parse attempt 1) -> OK (3870 chars)
2026-08-08 08:59:10.174   Evaluator (deepseek-v3.2): alt 40 vs alt 15 (parse attempt 1) -> OK (3965 chars)
2026-08-08 08:59:12.215   Evaluator (deepseek-v3.2): alt 40 vs alt 13 (parse attempt 1) -> OK (4346 chars)
2026-08-08 08:59:12.331   Evaluator (deepseek-v3.2): alt 40 vs alt 21 (parse attempt 1) -> OK (2670 chars)
2026-08-08 08:59:12.800   Evaluator (deepseek-v3.2): alt 40 vs alt 22 (parse attempt 1) -> OK (2622 chars)
2026-08-08 08:59:13.534   Evaluator (deepseek-v3.2): alt 40 vs alt 24 (parse attempt 1) -> OK (2642 chars)
2026-08-08 08:59:13.674   Evaluator (deepseek-v3.2): alt 40 vs alt 23 (parse attempt 1) -> OK (2656 chars)
2026-08-08 08:59:13.771   Evaluator (deepseek-v3.2): alt 40 vs alt 20 (parse attempt 1) -> OK (3651 chars)
2026-08-08 08:59:13.931   Evaluator (deepseek-v3.2): alt 40 vs alt 19 (parse attempt 1) -> OK (4618 chars)
2026-08-08 08:59:14.418   Evaluator (deepseek-v3.2): alt 40 vs alt 25 (parse attempt 1) -> OK (2337 chars)
2026-08-08 08:59:14.460   Evaluator (deepseek-v3.2): alt 40 vs alt 26 (parse attempt 1) -> OK (3006 chars)
2026-08-08 08:59:15.289   Evaluator (deepseek-v3.2): alt 40 vs alt 33 (parse attempt 1) -> OK (2257 chars)
2026-08-08 08:59:16.435   Evaluator (deepseek-v3.2): alt 40 vs alt 29 (parse attempt 1) -> OK (2923 chars)
2026-08-08 08:59:16.440   Evaluator (deepseek-v3.2): alt 40 vs alt 41 (parse attempt 1) -> OK (2414 chars)
2026-08-08 08:59:16.482   Evaluator (deepseek-v3.2): alt 40 vs alt 28 (parse attempt 1) -> OK (3740 chars)
2026-08-08 08:59:17.113   Evaluator (deepseek-v3.2): alt 40 vs alt 32 (parse attempt 1) -> OK (2886 chars)
2026-08-08 08:59:17.923   Evaluator (deepseek-v3.2): alt 40 vs alt 27 (parse attempt 1) -> OK (3940 chars)
2026-08-08 08:59:18.106   Evaluator (deepseek-v3.2): alt 40 vs alt 30 (parse attempt 1) -> OK (3936 chars)
2026-08-08 08:59:18.684   Evaluator (deepseek-v3.2): alt 40 vs alt 34 (parse attempt 1) -> OK (3851 chars)
2026-08-08 08:59:18.982   Evaluator (deepseek-v3.2): alt 40 vs alt 37 (parse attempt 1) -> OK (3418 chars)
2026-08-08 08:59:19.058   Evaluator (deepseek-v3.2): alt 39 vs alt 55 (parse attempt 1) -> OK (3053 chars)
2026-08-08 08:59:19.457   Evaluator (deepseek-v3.2): alt 40 vs alt 35 (parse attempt 1) -> OK (4186 chars)
2026-08-08 08:59:19.996   Evaluator (deepseek-v3.2): alt 40 vs alt 43 (parse attempt 1) -> OK (3659 chars)
2026-08-08 08:59:20.628   Evaluator (deepseek-v3.2): alt 40 vs alt 45 (parse attempt 1) -> OK (3797 chars)
2026-08-08 08:59:20.667   Evaluator (deepseek-v3.2): alt 40 vs alt 38 (parse attempt 1) -> OK (4104 chars)
2026-08-08 08:59:20.811   Evaluator (deepseek-v3.2): alt 40 vs alt 47 (parse attempt 1) -> OK (3084 chars)
2026-08-08 08:59:21.416   Evaluator (deepseek-v3.2): alt 40 vs alt 39 (parse attempt 1) -> OK (3767 chars)
2026-08-08 08:59:21.617   Evaluator (deepseek-v3.2): alt 40 vs alt 42 (parse attempt 1) -> OK (4136 chars)
2026-08-08 08:59:22.264   Evaluator (deepseek-v3.2): alt 40 vs alt 51 (parse attempt 1) -> OK (3730 chars)
2026-08-08 08:59:22.427   Evaluator (deepseek-v3.2): alt 40 vs alt 58 (parse attempt 1) -> OK (2191 chars)
2026-08-08 08:59:22.722   Evaluator (deepseek-v3.2): alt 40 vs alt 48 (parse attempt 1) -> OK (3811 chars)
2026-08-08 08:59:22.860   Evaluator (deepseek-v3.2): alt 40 vs alt 54 (parse attempt 1) -> OK (3368 chars)
2026-08-08 08:59:23.044   Evaluator (deepseek-v3.2): alt 40 vs alt 49 (parse attempt 1) -> OK (3727 chars)
2026-08-08 08:59:24.493   Evaluator (deepseek-v3.2): alt 40 vs alt 55 (parse attempt 1) -> OK (3496 chars)
2026-08-08 08:59:24.606   Evaluator (deepseek-v3.2): alt 39 vs alt 61 (parse attempt 1) -> OK (3376 chars)
2026-08-08 08:59:24.741   Evaluator (deepseek-v3.2): alt 40 vs alt 31 (parse attempt 1) -> OK (4785 chars)
2026-08-08 08:59:24.906   Evaluator (deepseek-v3.2): alt 40 vs alt 56 (parse attempt 1) -> OK (3314 chars)
2026-08-08 08:59:25.042   Evaluator (deepseek-v3.2): alt 41 vs incumbent (parse attempt 1) -> OK (2313 chars)
2026-08-08 08:59:25.132   Evaluator (deepseek-v3.2): alt 39 vs alt 54 (parse attempt 1) -> OK (4185 chars)
2026-08-08 08:59:25.463   Evaluator (deepseek-v3.2): alt 40 vs alt 59 (parse attempt 1) -> OK (3106 chars)
2026-08-08 08:59:25.577   Evaluator (deepseek-v3.2): alt 40 vs alt 44 (parse attempt 1) -> OK (4519 chars)
2026-08-08 08:59:25.704   Evaluator (deepseek-v3.2): alt 40 vs alt 52 (parse attempt 1) -> OK (3859 chars)
2026-08-08 08:59:25.835   Evaluator (deepseek-v3.2): alt 41 vs alt 3 (parse attempt 1) -> OK (2407 chars)
2026-08-08 08:59:26.458   Evaluator (deepseek-v3.2): alt 40 vs alt 53 (parse attempt 1) -> OK (3775 chars)
2026-08-08 08:59:26.467   Evaluator (deepseek-v3.2): alt 40 vs alt 62 (parse attempt 1) -> OK (3667 chars)
2026-08-08 08:59:26.490   Evaluator (deepseek-v3.2): alt 41 vs alt 2 (parse attempt 1) -> OK (2339 chars)
2026-08-08 08:59:27.091   Evaluator (deepseek-v3.2): alt 40 vs alt 60 (parse attempt 1) -> OK (3301 chars)
2026-08-08 08:59:27.099   Evaluator (deepseek-v3.2): alt 40 vs alt 57 (parse attempt 1) -> OK (4119 chars)
2026-08-08 08:59:27.667   Evaluator (deepseek-v3.2): alt 40 vs alt 46 (parse attempt 1) -> OK (5431 chars)
2026-08-08 08:59:27.668 JSON parse failed (attempt 1/5): 'winner'
2026-08-08 08:59:28.688   Evaluator (deepseek-v3.2): alt 40 vs alt 36 (parse attempt 1) -> OK (6633 chars)
2026-08-08 08:59:28.689 JSON parse failed (attempt 1/5): 'winner'
2026-08-08 08:59:29.051   Evaluator (deepseek-v3.2): alt 40 vs alt 50 (parse attempt 1) -> OK (5635 chars)
2026-08-08 08:59:29.407   Evaluator (deepseek-v3.2): alt 41 vs alt 10 (parse attempt 1) -> OK (2616 chars)
2026-08-08 08:59:29.448   Evaluator (deepseek-v3.2): alt 41 vs alt 4 (parse attempt 1) -> OK (3196 chars)
2026-08-08 08:59:29.525   Evaluator (deepseek-v3.2): alt 41 vs alt 1 (parse attempt 1) -> OK (3928 chars)
2026-08-08 08:59:29.602   Evaluator (deepseek-v3.2): alt 41 vs alt 13 (parse attempt 1) -> OK (2215 chars)
2026-08-08 08:59:29.985   Evaluator (deepseek-v3.2): alt 41 vs alt 6 (parse attempt 1) -> OK (3614 chars)
2026-08-08 08:59:30.096   Evaluator (deepseek-v3.2): alt 41 vs alt 7 (parse attempt 1) -> OK (2982 chars)
2026-08-08 08:59:30.273   Evaluator (deepseek-v3.2): alt 41 vs alt 12 (parse attempt 1) -> OK (2815 chars)
2026-08-08 08:59:30.986   Evaluator (deepseek-v3.2): alt 41 vs alt 14 (parse attempt 1) -> OK (2479 chars)
2026-08-08 08:59:31.038   Evaluator (deepseek-v3.2): alt 41 vs alt 5 (parse attempt 1) -> OK (3897 chars)
2026-08-08 08:59:31.289   Evaluator (deepseek-v3.2): alt 41 vs alt 18 (parse attempt 1) -> OK (2236 chars)
2026-08-08 08:59:31.436   Evaluator (deepseek-v3.2): alt 41 vs alt 8 (parse attempt 1) -> OK (3450 chars)
2026-08-08 08:59:31.456   Evaluator (deepseek-v3.2): alt 41 vs alt 9 (parse attempt 1) -> OK (2987 chars)
2026-08-08 08:59:31.522   Evaluator (deepseek-v3.2): alt 39 vs alt 53 (parse attempt 1) -> OK (4407 chars)
2026-08-08 08:59:32.446   Evaluator (deepseek-v3.2): alt 40 vs alt 61 (parse attempt 1) -> OK (4772 chars)
2026-08-08 08:59:32.908   Evaluator (deepseek-v3.2): alt 41 vs alt 17 (parse attempt 1) -> OK (2762 chars)
2026-08-08 08:59:33.099   Evaluator (deepseek-v3.2): alt 40 vs alt 63 (parse attempt 1) -> OK (5022 chars)
2026-08-08 08:59:34.054   Evaluator (deepseek-v3.2): alt 41 vs alt 21 (parse attempt 1) -> OK (2772 chars)
2026-08-08 08:59:34.108   Evaluator (deepseek-v3.2): alt 41 vs alt 15 (parse attempt 1) -> OK (3702 chars)
2026-08-08 08:59:35.123   Evaluator (deepseek-v3.2): alt 41 vs alt 30 (parse attempt 1) -> OK (2480 chars)
2026-08-08 08:59:35.506   Evaluator (deepseek-v3.2): alt 41 vs alt 20 (parse attempt 1) -> OK (3592 chars)
2026-08-08 08:59:35.537   Evaluator (deepseek-v3.2): alt 41 vs alt 25 (parse attempt 1) -> OK (2899 chars)
2026-08-08 08:59:36.236   Evaluator (deepseek-v3.2): alt 41 vs alt 23 (parse attempt 1) -> OK (3354 chars)
2026-08-08 08:59:36.236 JSON parse failed (attempt 1/5): 'winner'
2026-08-08 08:59:36.465   Evaluator (deepseek-v3.2): alt 41 vs alt 35 (parse attempt 1) -> OK (3000 chars)
2026-08-08 08:59:36.515   Evaluator (deepseek-v3.2): alt 39 vs alt 50 (parse attempt 1) -> OK (3655 chars)
2026-08-08 08:59:36.639   Evaluator (deepseek-v3.2): alt 41 vs alt 36 (parse attempt 1) -> OK (2053 chars)
2026-08-08 08:59:36.684   Evaluator (deepseek-v3.2): alt 41 vs alt 29 (parse attempt 1) -> OK (3553 chars)
2026-08-08 08:59:36.883   Evaluator (deepseek-v3.2): alt 41 vs alt 31 (parse attempt 1) -> OK (3056 chars)
2026-08-08 08:59:36.942   Evaluator (deepseek-v3.2): alt 41 vs alt 42 (parse attempt 1) -> OK (1967 chars)
2026-08-08 08:59:37.723   Evaluator (deepseek-v3.2): alt 41 vs alt 24 (parse attempt 1) -> OK (3952 chars)
2026-08-08 08:59:37.731   Evaluator (deepseek-v3.2): alt 41 vs alt 37 (parse attempt 1) -> OK (2399 chars)
2026-08-08 08:59:37.944   Evaluator (deepseek-v3.2): alt 41 vs alt 33 (parse attempt 1) -> OK (2790 chars)
2026-08-08 08:59:38.406   Evaluator (deepseek-v3.2): alt 41 vs alt 39 (parse attempt 1) -> OK (2498 chars)
2026-08-08 08:59:38.887   Evaluator (deepseek-v3.2): alt 41 vs alt 47 (parse attempt 1) -> OK (2496 chars)
2026-08-08 08:59:39.031   Evaluator (deepseek-v3.2): alt 41 vs alt 38 (parse attempt 1) -> OK (2718 chars)
2026-08-08 08:59:39.175   Evaluator (deepseek-v3.2): alt 41 vs alt 28 (parse attempt 1) -> OK (3912 chars)
2026-08-08 08:59:39.829   Evaluator (deepseek-v3.2): alt 41 vs alt 43 (parse attempt 1) -> OK (2759 chars)
2026-08-08 08:59:40.232   Evaluator (deepseek-v3.2): alt 41 vs alt 32 (parse attempt 1) -> OK (3788 chars)
2026-08-08 08:59:40.318   Evaluator (deepseek-v3.2): alt 41 vs alt 22 (parse attempt 1) -> OK (3746 chars)
2026-08-08 08:59:40.407   Evaluator (deepseek-v3.2): alt 41 vs alt 40 (parse attempt 1) -> OK (2854 chars)
2026-08-08 08:59:40.473   Evaluator (deepseek-v3.2): alt 41 vs alt 44 (parse attempt 1) -> OK (3014 chars)
2026-08-08 08:59:40.700   Evaluator (deepseek-v3.2): alt 41 vs alt 54 (parse attempt 1) -> OK (1910 chars)
2026-08-08 08:59:40.927   Evaluator (deepseek-v3.2): alt 41 vs alt 45 (parse attempt 1) -> OK (3295 chars)
2026-08-08 08:59:41.069   Evaluator (deepseek-v3.2): alt 41 vs alt 27 (parse attempt 1) -> OK (4750 chars)
2026-08-08 08:59:41.069 JSON parse failed (attempt 1/5): 'winner'
2026-08-08 08:59:41.604   Evaluator (deepseek-v3.2): alt 41 vs alt 34 (parse attempt 1) -> OK (3817 chars)
2026-08-08 08:59:41.729   Evaluator (deepseek-v3.2): alt 41 vs alt 19 (parse attempt 1) -> OK (4887 chars)
2026-08-08 08:59:42.103   Evaluator (deepseek-v3.2): alt 41 vs alt 51 (parse attempt 1) -> OK (2908 chars)
2026-08-08 08:59:42.449   Evaluator (deepseek-v3.2): alt 41 vs alt 52 (parse attempt 1) -> OK (2801 chars)
2026-08-08 08:59:42.547   Evaluator (deepseek-v3.2): alt 41 vs alt 57 (parse attempt 1) -> OK (1988 chars)
2026-08-08 08:59:42.554   Evaluator (deepseek-v3.2): alt 41 vs alt 49 (parse attempt 1) -> OK (2948 chars)
2026-08-08 08:59:42.586   Evaluator (deepseek-v3.2): alt 41 vs alt 48 (parse attempt 1) -> OK (3075 chars)
2026-08-08 08:59:43.312   Evaluator (deepseek-v3.2): alt 41 vs alt 53 (parse attempt 1) -> OK (3274 chars)
2026-08-08 08:59:43.374   Evaluator (deepseek-v3.2): alt 41 vs alt 16 (parse attempt 1) -> OK (5249 chars)
2026-08-08 08:59:43.652   Evaluator (deepseek-v3.2): alt 41 vs alt 50 (parse attempt 1) -> OK (3633 chars)
2026-08-08 08:59:44.258   Evaluator (deepseek-v3.2): alt 41 vs alt 11 (parse attempt 1) -> OK (6313 chars)
2026-08-08 08:59:44.406   Evaluator (deepseek-v3.2): alt 41 vs alt 55 (parse attempt 1) -> OK (3171 chars)
2026-08-08 08:59:44.631   Evaluator (deepseek-v3.2): alt 42 vs alt 2 (parse attempt 1) -> OK (1981 chars)
2026-08-08 08:59:44.975   Evaluator (deepseek-v3.2): alt 41 vs alt 61 (parse attempt 1) -> OK (2332 chars)
2026-08-08 08:59:45.524   Evaluator (deepseek-v3.2): alt 41 vs alt 58 (parse attempt 1) -> OK (2628 chars)
2026-08-08 08:59:45.668   Evaluator (deepseek-v3.2): alt 42 vs alt 1 (parse attempt 1) -> OK (2265 chars)
2026-08-08 08:59:45.767   Evaluator (deepseek-v3.2): alt 41 vs alt 59 (parse attempt 1) -> OK (2837 chars)
2026-08-08 08:59:46.147   Evaluator (deepseek-v3.2): alt 41 vs alt 60 (parse attempt 1) -> OK (2559 chars)
2026-08-08 08:59:46.357   Evaluator (deepseek-v3.2): alt 42 vs alt 4 (parse attempt 1) -> OK (2296 chars)
2026-08-08 08:59:46.521   Evaluator (deepseek-v3.2): alt 41 vs alt 56 (parse attempt 1) -> OK (4083 chars)
2026-08-08 08:59:47.532   Evaluator (deepseek-v3.2): alt 41 vs alt 46 (parse attempt 1) -> OK (4701 chars)
2026-08-08 08:59:47.656   Evaluator (deepseek-v3.2): alt 42 vs alt 9 (parse attempt 1) -> OK (2291 chars)
2026-08-08 08:59:47.748   Evaluator (deepseek-v3.2): alt 42 vs alt 10 (parse attempt 1) -> OK (1947 chars)
2026-08-08 08:59:47.823   Evaluator (deepseek-v3.2): alt 42 vs alt 6 (parse attempt 1) -> OK (2285 chars)
2026-08-08 08:59:48.460   Evaluator (deepseek-v3.2): alt 42 vs alt 3 (parse attempt 1) -> OK (2678 chars)
2026-08-08 08:59:48.625   Evaluator (deepseek-v3.2): alt 42 vs incumbent (parse attempt 1) -> OK (3466 chars)
2026-08-08 08:59:49.045   Evaluator (deepseek-v3.2): alt 41 vs alt 26 (parse attempt 1) -> OK (6367 chars)
2026-08-08 08:59:49.178   Evaluator (deepseek-v3.2): alt 41 vs alt 62 (parse attempt 1) -> OK (3454 chars)
2026-08-08 08:59:49.549   Evaluator (deepseek-v3.2): alt 42 vs alt 11 (parse attempt 1) -> OK (2551 chars)
2026-08-08 08:59:49.662   Evaluator (deepseek-v3.2): alt 41 vs alt 63 (parse attempt 1) -> OK (3670 chars)
2026-08-08 08:59:50.076   Evaluator (deepseek-v3.2): alt 42 vs alt 5 (parse attempt 1) -> OK (3698 chars)
2026-08-08 08:59:50.134   Evaluator (deepseek-v3.2): alt 42 vs alt 12 (parse attempt 1) -> OK (2579 chars)
2026-08-08 08:59:50.933   Evaluator (deepseek-v3.2): alt 42 vs alt 20 (parse attempt 1) -> OK (2898 chars)
2026-08-08 08:59:51.113   Evaluator (deepseek-v3.2): alt 42 vs alt 18 (parse attempt 1) -> OK (2371 chars)
2026-08-08 08:59:52.265   Evaluator (deepseek-v3.2): alt 42 vs alt 13 (parse attempt 1) -> OK (3263 chars)
2026-08-08 08:59:53.014   Evaluator (deepseek-v3.2): alt 42 vs alt 27 (parse attempt 1) -> OK (2389 chars)
2026-08-08 08:59:53.025   Evaluator (deepseek-v3.2): alt 42 vs alt 26 (parse attempt 1) -> OK (2930 chars)
2026-08-08 08:59:53.256   Evaluator (deepseek-v3.2): alt 42 vs alt 21 (parse attempt 1) -> OK (2835 chars)
2026-08-08 08:59:53.265   Evaluator (deepseek-v3.2): alt 42 vs alt 16 (parse attempt 1) -> OK (3156 chars)
2026-08-08 08:59:53.717   Evaluator (deepseek-v3.2): alt 42 vs alt 22 (parse attempt 1) -> OK (3138 chars)
2026-08-08 08:59:54.611   Evaluator (deepseek-v3.2): alt 42 vs alt 15 (parse attempt 1) -> OK (4229 chars)
2026-08-08 08:59:54.707   Evaluator (deepseek-v3.2): alt 42 vs alt 25 (parse attempt 1) -> OK (3474 chars)
2026-08-08 08:59:55.035   Evaluator (deepseek-v3.2): alt 42 vs alt 36 (parse attempt 1) -> OK (2496 chars)
2026-08-08 08:59:55.475   Evaluator (deepseek-v3.2): alt 42 vs alt 29 (parse attempt 1) -> OK (3671 chars)
2026-08-08 08:59:55.500   Evaluator (deepseek-v3.2): alt 42 vs alt 23 (parse attempt 1) -> OK (3481 chars)
2026-08-08 08:59:55.809   Evaluator (deepseek-v3.2): alt 39 vs alt 63 (parse attempt 1) -> OK (6189 chars)
2026-08-08 08:59:55.869   Evaluator (deepseek-v3.2): alt 42 vs alt 7 (parse attempt 1) -> OK (5228 chars)
2026-08-08 08:59:56.658   Evaluator (deepseek-v3.2): alt 42 vs alt 37 (parse attempt 1) -> OK (3433 chars)
2026-08-08 08:59:56.813   Evaluator (deepseek-v3.2): alt 42 vs alt 30 (parse attempt 1) -> OK (3296 chars)
2026-08-08 08:59:56.966   Evaluator (deepseek-v3.2): alt 42 vs alt 17 (parse attempt 1) -> OK (4256 chars)
2026-08-08 08:59:57.106   Evaluator (deepseek-v3.2): alt 42 vs alt 31 (parse attempt 1) -> OK (3359 chars)
2026-08-08 08:59:57.241   Evaluator (deepseek-v3.2): alt 42 vs alt 24 (parse attempt 1) -> OK (4645 chars)
2026-08-08 08:59:57.246   Evaluator (deepseek-v3.2): alt 42 vs alt 33 (parse attempt 1) -> OK (3344 chars)
2026-08-08 08:59:57.287   Evaluator (deepseek-v3.2): alt 42 vs alt 35 (parse attempt 1) -> OK (3551 chars)
2026-08-08 08:59:57.464   Evaluator (deepseek-v3.2): alt 42 vs alt 14 (parse attempt 1) -> OK (4484 chars)
2026-08-08 08:59:57.971   Evaluator (deepseek-v3.2): alt 42 vs alt 45 (parse attempt 1) -> OK (2633 chars)
2026-08-08 08:59:58.353   Evaluator (deepseek-v3.2): alt 42 vs alt 19 (parse attempt 1) -> OK (4438 chars)
2026-08-08 08:59:58.668   Evaluator (deepseek-v3.2): alt 42 vs alt 46 (parse attempt 1) -> OK (2696 chars)
2026-08-08 08:59:58.728   Evaluator (deepseek-v3.2): alt 42 vs alt 32 (parse attempt 1) -> OK (4103 chars)
2026-08-08 08:59:58.896   Evaluator (deepseek-v3.2): alt 42 vs alt 60 (parse attempt 1) -> OK (1168 chars)
2026-08-08 08:59:59.647   Evaluator (deepseek-v3.2): alt 42 vs alt 28 (parse attempt 1) -> OK (4852 chars)
2026-08-08 08:59:59.648 JSON parse failed (attempt 1/5): 'winner'
2026-08-08 09:00:00.014   Evaluator (deepseek-v3.2): alt 42 vs alt 38 (parse attempt 1) -> OK (3743 chars)
2026-08-08 09:00:00.020   Evaluator (deepseek-v3.2): alt 42 vs alt 8 (parse attempt 1) -> OK (5488 chars)
2026-08-08 09:00:00.302   Evaluator (deepseek-v3.2): alt 42 vs alt 52 (parse attempt 1) -> OK (2338 chars)
2026-08-08 09:00:00.389   Evaluator (deepseek-v3.2): alt 42 vs alt 43 (parse attempt 1) -> OK (3337 chars)
2026-08-08 09:00:00.603   Evaluator (deepseek-v3.2): alt 42 vs alt 34 (parse attempt 1) -> OK (4520 chars)
2026-08-08 09:00:00.604 JSON parse failed (attempt 1/5): 'winner'
2026-08-08 09:00:00.632   Evaluator (deepseek-v3.2): alt 42 vs alt 39 (parse attempt 1) -> OK (3509 chars)
2026-08-08 09:00:01.317   Evaluator (deepseek-v3.2): alt 42 vs alt 44 (parse attempt 1) -> OK (3829 chars)
2026-08-08 09:00:01.507   Evaluator (deepseek-v3.2): alt 42 vs alt 50 (parse attempt 1) -> OK (3748 chars)
2026-08-08 09:00:01.679   Evaluator (deepseek-v3.2): alt 42 vs alt 47 (parse attempt 1) -> OK (3138 chars)
2026-08-08 09:00:02.685   Evaluator (deepseek-v3.2): alt 42 vs alt 41 (parse attempt 1) -> OK (4831 chars)
2026-08-08 09:00:03.258   Evaluator (deepseek-v3.2): alt 43 vs incumbent (parse attempt 1) -> OK (2172 chars)
2026-08-08 09:00:03.280   Evaluator (deepseek-v3.2): alt 42 vs alt 56 (parse attempt 1) -> OK (3124 chars)
2026-08-08 09:00:03.555   Evaluator (deepseek-v3.2): alt 42 vs alt 53 (parse attempt 1) -> OK (3393 chars)
2026-08-08 09:00:03.719   Evaluator (deepseek-v3.2): alt 42 vs alt 54 (parse attempt 1) -> OK (3482 chars)
2026-08-08 09:00:04.352   Evaluator (deepseek-v3.2): alt 42 vs alt 49 (parse attempt 1) -> OK (4039 chars)
2026-08-08 09:00:04.730   Evaluator (deepseek-v3.2): alt 43 vs alt 1 (parse attempt 1) -> OK (2403 chars)
2026-08-08 09:00:05.480   Evaluator (deepseek-v3.2): alt 43 vs alt 4 (parse attempt 1) -> OK (2169 chars)
2026-08-08 09:00:05.665   Evaluator (deepseek-v3.2): alt 42 vs alt 55 (parse attempt 1) -> OK (3607 chars)
2026-08-08 09:00:05.714   Evaluator (deepseek-v3.2): alt 42 vs alt 61 (parse attempt 1) -> OK (3410 chars)
2026-08-08 09:00:06.012   Evaluator (deepseek-v3.2): alt 43 vs alt 2 (parse attempt 1) -> OK (2696 chars)
2026-08-08 09:00:06.127   Evaluator (deepseek-v3.2): alt 43 vs alt 5 (parse attempt 1) -> OK (2945 chars)
2026-08-08 09:00:06.594   Evaluator (deepseek-v3.2): alt 43 vs alt 12 (parse attempt 1) -> OK (2049 chars)
2026-08-08 09:00:06.826   Evaluator (deepseek-v3.2): alt 42 vs alt 62 (parse attempt 1) -> OK (3066 chars)
2026-08-08 09:00:07.336   Evaluator (deepseek-v3.2): alt 42 vs alt 40 (parse attempt 1) -> OK (5421 chars)
2026-08-08 09:00:07.975   Evaluator (deepseek-v3.2): alt 43 vs alt 9 (parse attempt 1) -> OK (2993 chars)
2026-08-08 09:00:08.150   Evaluator (deepseek-v3.2): alt 42 vs alt 59 (parse attempt 1) -> OK (4218 chars)
2026-08-08 09:00:08.643   Evaluator (deepseek-v3.2): alt 43 vs alt 18 (parse attempt 1) -> OK (2191 chars)
2026-08-08 09:00:08.729   Evaluator (deepseek-v3.2): alt 43 vs alt 3 (parse attempt 1) -> OK (3389 chars)
2026-08-08 09:00:09.335   Evaluator (deepseek-v3.2): alt 43 vs alt 10 (parse attempt 1) -> OK (3129 chars)
2026-08-08 09:00:09.559   Evaluator (deepseek-v3.2): alt 43 vs alt 21 (parse attempt 1) -> OK (2393 chars)
2026-08-08 09:00:09.698   Evaluator (deepseek-v3.2): alt 43 vs alt 20 (parse attempt 1) -> OK (3126 chars)
2026-08-08 09:00:09.873   Evaluator (deepseek-v3.2): alt 42 vs alt 57 (parse attempt 1) -> OK (5346 chars)
2026-08-08 09:00:09.881   Evaluator (deepseek-v3.2): alt 43 vs alt 16 (parse attempt 1) -> OK (2725 chars)
2026-08-08 09:00:09.888   Evaluator (deepseek-v3.2): alt 43 vs alt 8 (parse attempt 1) -> OK (3477 chars)
2026-08-08 09:00:09.897   Evaluator (deepseek-v3.2): alt 43 vs alt 14 (parse attempt 1) -> OK (3006 chars)
2026-08-08 09:00:10.135   Evaluator (deepseek-v3.2): alt 43 vs alt 17 (parse attempt 1) -> OK (2440 chars)
2026-08-08 09:00:10.546   Evaluator (deepseek-v3.2): alt 43 vs alt 22 (parse attempt 1) -> OK (2510 chars)
2026-08-08 09:00:10.670   Evaluator (deepseek-v3.2): alt 43 vs alt 6 (parse attempt 1) -> OK (4104 chars)
2026-08-08 09:00:10.670 JSON parse failed (attempt 1/5): 'winner'
2026-08-08 09:00:11.108   Evaluator (deepseek-v3.2): alt 43 vs alt 13 (parse attempt 1) -> OK (3764 chars)
2026-08-08 09:00:11.344   Evaluator (deepseek-v3.2): alt 42 vs alt 58 (parse attempt 1) -> OK (5122 chars)
2026-08-08 09:00:11.352   Evaluator (deepseek-v3.2): alt 42 vs alt 51 (parse attempt 1) -> OK (5369 chars)
2026-08-08 09:00:11.537   Evaluator (deepseek-v3.2): alt 42 vs alt 48 (parse attempt 1) -> OK (5696 chars)
2026-08-08 09:00:11.896   Evaluator (deepseek-v3.2): alt 43 vs alt 24 (parse attempt 1) -> OK (2904 chars)
2026-08-08 09:00:12.225   Evaluator (deepseek-v3.2): alt 43 vs alt 7 (parse attempt 1) -> OK (4091 chars)
2026-08-08 09:00:12.360   Evaluator (deepseek-v3.2): alt 43 vs alt 15 (parse attempt 1) -> OK (3519 chars)
2026-08-08 09:00:12.487   Evaluator (deepseek-v3.2): alt 43 vs alt 23 (parse attempt 1) -> OK (3058 chars)
2026-08-08 09:00:13.200   Evaluator (deepseek-v3.2): alt 42 vs alt 63 (parse attempt 1) -> OK (4722 chars)
2026-08-08 09:00:13.210   Evaluator (deepseek-v3.2): alt 43 vs alt 26 (parse attempt 1) -> OK (2874 chars)
2026-08-08 09:00:13.316   Evaluator (deepseek-v3.2): alt 43 vs alt 19 (parse attempt 1) -> OK (3716 chars)
2026-08-08 09:00:13.371   Evaluator (deepseek-v3.2): alt 43 vs alt 25 (parse attempt 1) -> OK (3230 chars)
2026-08-08 09:00:13.936   Evaluator (deepseek-v3.2): alt 43 vs alt 27 (parse attempt 1) -> OK (2855 chars)
2026-08-08 09:00:14.819   Evaluator (deepseek-v3.2): alt 43 vs alt 35 (parse attempt 1) -> OK (2203 chars)
2026-08-08 09:00:15.041   Evaluator (deepseek-v3.2): alt 43 vs alt 28 (parse attempt 1) -> OK (3752 chars)
2026-08-08 09:00:15.105   Evaluator (deepseek-v3.2): alt 43 vs alt 31 (parse attempt 1) -> OK (2800 chars)
2026-08-08 09:00:16.281   Evaluator (deepseek-v3.2): alt 43 vs alt 29 (parse attempt 1) -> OK (3500 chars)
2026-08-08 09:00:16.485   Evaluator (deepseek-v3.2): alt 43 vs alt 30 (parse attempt 1) -> OK (3819 chars)
2026-08-08 09:00:16.561   Evaluator (deepseek-v3.2): alt 43 vs alt 11 (parse attempt 1) -> OK (4492 chars)
2026-08-08 09:00:16.590   Evaluator (deepseek-v3.2): alt 43 vs alt 33 (parse attempt 1) -> OK (3499 chars)
2026-08-08 09:00:17.089   Evaluator (deepseek-v3.2): alt 43 vs alt 42 (parse attempt 1) -> OK (2537 chars)
2026-08-08 09:00:17.214   Evaluator (deepseek-v3.2): alt 43 vs alt 50 (parse attempt 1) -> OK (2049 chars)
2026-08-08 09:00:17.257   Evaluator (deepseek-v3.2): alt 43 vs alt 44 (parse attempt 1) -> OK (2171 chars)
2026-08-08 09:00:17.791   Evaluator (deepseek-v3.2): alt 43 vs alt 38 (parse attempt 1) -> OK (3138 chars)
2026-08-08 09:00:18.284   Evaluator (deepseek-v3.2): alt 43 vs alt 41 (parse attempt 1) -> OK (2780 chars)
2026-08-08 09:00:18.309   Evaluator (deepseek-v3.2): alt 43 vs alt 54 (parse attempt 1) -> OK (2058 chars)
2026-08-08 09:00:18.598   Evaluator (deepseek-v3.2): alt 43 vs alt 47 (parse attempt 1) -> OK (2368 chars)
2026-08-08 09:00:18.765   Evaluator (deepseek-v3.2): alt 43 vs alt 51 (parse attempt 1) -> OK (2295 chars)
2026-08-08 09:00:18.777   Evaluator (deepseek-v3.2): alt 43 vs alt 48 (parse attempt 1) -> OK (2361 chars)
2026-08-08 09:00:19.034   Evaluator (deepseek-v3.2): alt 43 vs alt 34 (parse attempt 1) -> OK (4179 chars)
2026-08-08 09:00:19.138   Evaluator (deepseek-v3.2): alt 43 vs alt 32 (parse attempt 1) -> OK (3920 chars)
2026-08-08 09:00:19.215   Evaluator (deepseek-v3.2): alt 43 vs alt 36 (parse attempt 1) -> OK (3797 chars)
2026-08-08 09:00:19.555   Evaluator (deepseek-v3.2): alt 43 vs alt 59 (parse attempt 1) -> OK (1966 chars)
2026-08-08 09:00:20.294   Evaluator (deepseek-v3.2): alt 43 vs alt 39 (parse attempt 1) -> OK (3470 chars)
2026-08-08 09:00:20.301   Evaluator (deepseek-v3.2): alt 43 vs alt 37 (parse attempt 1) -> OK (3651 chars)
2026-08-08 09:00:20.418   Evaluator (deepseek-v3.2): alt 43 vs alt 46 (parse attempt 1) -> OK (3015 chars)
2026-08-08 09:00:21.013   Evaluator (deepseek-v3.2): alt 43 vs alt 49 (parse attempt 1) -> OK (3006 chars)
2026-08-08 09:00:21.243   Evaluator (deepseek-v3.2): alt 43 vs alt 55 (parse attempt 1) -> OK (2842 chars)
2026-08-08 09:00:21.331   Evaluator (deepseek-v3.2): alt 43 vs alt 45 (parse attempt 1) -> OK (3314 chars)
2026-08-08 09:00:21.544   Evaluator (deepseek-v3.2): alt 43 vs alt 60 (parse attempt 1) -> OK (2421 chars)
2026-08-08 09:00:21.752   Evaluator (deepseek-v3.2): alt 43 vs alt 56 (parse attempt 1) -> OK (2746 chars)
2026-08-08 09:00:21.757   Evaluator (deepseek-v3.2): alt 43 vs alt 53 (parse attempt 1) -> OK (3106 chars)
2026-08-08 09:00:21.908   Evaluator (deepseek-v3.2): alt 43 vs alt 40 (parse attempt 1) -> OK (4264 chars)
2026-08-08 09:00:21.979   Evaluator (deepseek-v3.2): alt 43 vs alt 58 (parse attempt 1) -> OK (3266 chars)
2026-08-08 09:00:22.018   Evaluator (deepseek-v3.2): alt 44 vs alt 2 (parse attempt 1) -> OK (2418 chars)
2026-08-08 09:00:22.280   Evaluator (deepseek-v3.2): alt 43 vs alt 62 (parse attempt 1) -> OK (3004 chars)
2026-08-08 09:00:22.377   Evaluator (deepseek-v3.2): alt 43 vs alt 57 (parse attempt 1) -> OK (3615 chars)
2026-08-08 09:00:22.947   Evaluator (deepseek-v3.2): alt 44 vs alt 5 (parse attempt 1) -> OK (2065 chars)
2026-08-08 09:00:23.148   Evaluator (deepseek-v3.2): alt 44 vs alt 4 (parse attempt 1) -> OK (2368 chars)
2026-08-08 09:00:24.256   Evaluator (deepseek-v3.2): alt 44 vs alt 1 (parse attempt 1) -> OK (2709 chars)
2026-08-08 09:00:25.430   Evaluator (deepseek-v3.2): alt 44 vs alt 9 (parse attempt 1) -> OK (2745 chars)
2026-08-08 09:00:25.616   Evaluator (deepseek-v3.2): alt 43 vs alt 63 (parse attempt 1) -> OK (4162 chars)
2026-08-08 09:00:25.911   Evaluator (deepseek-v3.2): alt 44 vs alt 7 (parse attempt 1) -> OK (2602 chars)
2026-08-08 09:00:26.187   Evaluator (deepseek-v3.2): alt 44 vs alt 6 (parse attempt 1) -> OK (3672 chars)
2026-08-08 09:00:26.463   Evaluator (deepseek-v3.2): alt 44 vs incumbent (parse attempt 1) -> OK (3537 chars)
2026-08-08 09:00:26.884   Evaluator (deepseek-v3.2): alt 43 vs alt 61 (parse attempt 1) -> OK (4234 chars)
2026-08-08 09:00:27.468   Evaluator (deepseek-v3.2): alt 43 vs alt 52 (parse attempt 1) -> OK (5417 chars)
2026-08-08 09:00:27.481   Evaluator (deepseek-v3.2): alt 44 vs alt 3 (parse attempt 1) -> OK (3805 chars)
2026-08-08 09:00:27.714   Evaluator (deepseek-v3.2): alt 44 vs alt 22 (parse attempt 1) -> OK (2363 chars)
2026-08-08 09:00:28.405   Evaluator (deepseek-v3.2): alt 44 vs alt 26 (parse attempt 1) -> OK (2545 chars)
2026-08-08 09:00:28.461   Evaluator (deepseek-v3.2): alt 44 vs alt 16 (parse attempt 1) -> OK (2690 chars)
2026-08-08 09:00:28.879   Evaluator (deepseek-v3.2): alt 44 vs alt 15 (parse attempt 1) -> OK (3004 chars)
2026-08-08 09:00:28.983   Evaluator (deepseek-v3.2): alt 44 vs alt 8 (parse attempt 1) -> OK (3352 chars)
2026-08-08 09:00:29.068   Evaluator (deepseek-v3.2): alt 44 vs alt 17 (parse attempt 1) -> OK (2943 chars)
2026-08-08 09:00:29.804   Evaluator (deepseek-v3.2): alt 44 vs alt 35 (parse attempt 1) -> OK (2048 chars)
2026-08-08 09:00:29.886   Evaluator (deepseek-v3.2): alt 44 vs alt 12 (parse attempt 1) -> OK (3319 chars)
2026-08-08 09:00:30.215   Evaluator (deepseek-v3.2): alt 44 vs alt 13 (parse attempt 1) -> OK (3998 chars)
2026-08-08 09:00:30.260   Evaluator (deepseek-v3.2): alt 44 vs alt 19 (parse attempt 1) -> OK (2950 chars)
2026-08-08 09:00:30.554   Evaluator (deepseek-v3.2): alt 44 vs alt 31 (parse attempt 1) -> OK (2732 chars)
2026-08-08 09:00:30.591   Evaluator (deepseek-v3.2): alt 44 vs alt 14 (parse attempt 1) -> OK (3479 chars)
2026-08-08 09:00:30.650   Evaluator (deepseek-v3.2): alt 44 vs alt 20 (parse attempt 1) -> OK (3587 chars)
2026-08-08 09:00:30.854   Evaluator (deepseek-v3.2): alt 44 vs alt 36 (parse attempt 1) -> OK (2267 chars)
2026-08-08 09:00:31.077   Evaluator (deepseek-v3.2): alt 44 vs alt 24 (parse attempt 1) -> OK (2917 chars)
2026-08-08 09:00:31.084   Evaluator (deepseek-v3.2): alt 44 vs alt 23 (parse attempt 1) -> OK (3183 chars)
2026-08-08 09:00:31.788   Evaluator (deepseek-v3.2): alt 44 vs alt 10 (parse attempt 1) -> OK (4218 chars)
2026-08-08 09:00:32.301   Evaluator (deepseek-v3.2): alt 44 vs alt 27 (parse attempt 1) -> OK (3421 chars)
2026-08-08 09:00:32.532   Evaluator (deepseek-v3.2): alt 44 vs alt 29 (parse attempt 1) -> OK (2718 chars)
2026-08-08 09:00:33.165   Evaluator (deepseek-v3.2): alt 44 vs alt 39 (parse attempt 1) -> OK (2731 chars)
2026-08-08 09:00:33.171   Evaluator (deepseek-v3.2): alt 44 vs alt 25 (parse attempt 1) -> OK (3366 chars)
2026-08-08 09:00:33.342   Evaluator (deepseek-v3.2): alt 44 vs alt 30 (parse attempt 1) -> OK (3057 chars)
2026-08-08 09:00:33.547   Evaluator (deepseek-v3.2): alt 44 vs alt 38 (parse attempt 1) -> OK (2894 chars)
2026-08-08 09:00:33.702   Evaluator (deepseek-v3.2): alt 44 vs alt 33 (parse attempt 1) -> OK (3116 chars)
2026-08-08 09:00:33.797   Evaluator (deepseek-v3.2): alt 44 vs alt 11 (parse attempt 1) -> OK (5187 chars)
2026-08-08 09:00:33.797 JSON parse failed (attempt 1/5): 'winner'
2026-08-08 09:00:34.297   Evaluator (deepseek-v3.2): alt 44 vs alt 28 (parse attempt 1) -> OK (4236 chars)
2026-08-08 09:00:34.685   Evaluator (deepseek-v3.2): alt 44 vs alt 18 (parse attempt 1) -> OK (4321 chars)
2026-08-08 09:00:34.972   Evaluator (deepseek-v3.2): alt 44 vs alt 37 (parse attempt 1) -> OK (3400 chars)
2026-08-08 09:00:35.011   Evaluator (deepseek-v3.2): alt 44 vs alt 21 (parse attempt 1) -> OK (4100 chars)
2026-08-08 09:00:35.600   Evaluator (deepseek-v3.2): alt 44 vs alt 32 (parse attempt 1) -> OK (3927 chars)
2026-08-08 09:00:37.831   Evaluator (deepseek-v3.2): alt 44 vs alt 40 (parse attempt 1) -> OK (4168 chars)
2026-08-08 09:00:38.276   Evaluator (deepseek-v3.2): alt 44 vs alt 34 (parse attempt 1) -> OK (4088 chars)
2026-08-08 09:00:38.779   Evaluator (deepseek-v3.2): alt 44 vs alt 50 (parse attempt 1) -> OK (3508 chars)
2026-08-08 09:00:38.926   Evaluator (deepseek-v3.2): alt 44 vs alt 63 (parse attempt 1) -> OK (2275 chars)
2026-08-08 09:00:38.938   Evaluator (deepseek-v3.2): alt 44 vs alt 41 (parse attempt 1) -> OK (3506 chars)
2026-08-08 09:00:38.970   Evaluator (deepseek-v3.2): alt 44 vs alt 54 (parse attempt 1) -> OK (2585 chars)
2026-08-08 09:00:39.008   Evaluator (deepseek-v3.2): alt 44 vs alt 53 (parse attempt 1) -> OK (2638 chars)
2026-08-08 09:00:39.725   Evaluator (deepseek-v3.2): alt 45 vs incumbent (parse attempt 1) -> OK (2612 chars)
2026-08-08 09:00:40.575   Evaluator (deepseek-v3.2): alt 44 vs alt 49 (parse attempt 1) -> OK (3556 chars)
2026-08-08 09:00:40.666   Evaluator (deepseek-v3.2): alt 44 vs alt 57 (parse attempt 1) -> OK (3388 chars)
2026-08-08 09:00:40.763   Evaluator (deepseek-v3.2): alt 44 vs alt 56 (parse attempt 1) -> OK (3621 chars)
2026-08-08 09:00:41.031   Evaluator (deepseek-v3.2): alt 44 vs alt 52 (parse attempt 1) -> OK (3367 chars)
2026-08-08 09:00:41.050   Evaluator (deepseek-v3.2): alt 44 vs alt 55 (parse attempt 1) -> OK (3137 chars)
2026-08-08 09:00:41.370   Evaluator (deepseek-v3.2): alt 45 vs alt 9 (parse attempt 1) -> OK (2177 chars)
2026-08-08 09:00:41.375   Evaluator (deepseek-v3.2): alt 44 vs alt 47 (parse attempt 1) -> OK (4489 chars)
2026-08-08 09:00:41.711   Evaluator (deepseek-v3.2): alt 44 vs alt 59 (parse attempt 1) -> OK (3183 chars)
2026-08-08 09:00:41.731   Evaluator (deepseek-v3.2): alt 44 vs alt 58 (parse attempt 1) -> OK (3360 chars)
2026-08-08 09:00:41.825   Evaluator (deepseek-v3.2): alt 44 vs alt 62 (parse attempt 1) -> OK (3026 chars)
2026-08-08 09:00:42.456   Evaluator (deepseek-v3.2): alt 45 vs alt 3 (parse attempt 1) -> OK (3058 chars)
2026-08-08 09:00:42.482   Evaluator (deepseek-v3.2): alt 44 vs alt 45 (parse attempt 1) -> OK (4776 chars)
2026-08-08 09:00:43.200   Evaluator (deepseek-v3.2): alt 45 vs alt 12 (parse attempt 1) -> OK (2798 chars)
2026-08-08 09:00:43.242   Evaluator (deepseek-v3.2): alt 45 vs alt 10 (parse attempt 1) -> OK (2560 chars)
2026-08-08 09:00:43.249   Evaluator (deepseek-v3.2): alt 45 vs alt 8 (parse attempt 1) -> OK (2825 chars)
2026-08-08 09:00:43.279   Evaluator (deepseek-v3.2): alt 44 vs alt 46 (parse attempt 1) -> OK (5083 chars)
2026-08-08 09:00:43.710   Evaluator (deepseek-v3.2): alt 44 vs alt 61 (parse attempt 1) -> OK (3471 chars)
2026-08-08 09:00:44.387   Evaluator (deepseek-v3.2): alt 45 vs alt 2 (parse attempt 1) -> OK (2935 chars)
2026-08-08 09:00:44.402   Evaluator (deepseek-v3.2): alt 44 vs alt 60 (parse attempt 1) -> OK (3600 chars)
2026-08-08 09:00:44.466   Evaluator (deepseek-v3.2): alt 45 vs alt 14 (parse attempt 1) -> OK (2600 chars)
2026-08-08 09:00:44.754   Evaluator (deepseek-v3.2): alt 44 vs alt 48 (parse attempt 1) -> OK (4964 chars)
2026-08-08 09:00:46.138   Evaluator (deepseek-v3.2): alt 45 vs alt 18 (parse attempt 1) -> OK (1986 chars)
2026-08-08 09:00:46.392   Evaluator (deepseek-v3.2): alt 44 vs alt 51 (parse attempt 1) -> OK (4604 chars)
2026-08-08 09:00:46.898   Evaluator (deepseek-v3.2): alt 45 vs alt 20 (parse attempt 1) -> OK (2199 chars)
2026-08-08 09:00:47.048   Evaluator (deepseek-v3.2): alt 45 vs alt 11 (parse attempt 1) -> OK (3617 chars)
2026-08-08 09:00:47.340   Evaluator (deepseek-v3.2): alt 45 vs alt 6 (parse attempt 1) -> OK (4230 chars)
2026-08-08 09:00:47.651   Evaluator (deepseek-v3.2): alt 45 vs alt 4 (parse attempt 1) -> OK (4277 chars)
2026-08-08 09:00:47.814   Evaluator (deepseek-v3.2): alt 45 vs alt 1 (parse attempt 1) -> OK (4132 chars)
2026-08-08 09:00:48.040   Evaluator (deepseek-v3.2): alt 45 vs alt 5 (parse attempt 1) -> OK (3847 chars)
2026-08-08 09:00:48.530   Evaluator (deepseek-v3.2): alt 44 vs alt 43 (parse attempt 1) -> OK (5652 chars)
2026-08-08 09:00:49.061   Evaluator (deepseek-v3.2): alt 45 vs alt 15 (parse attempt 1) -> OK (3640 chars)
2026-08-08 09:00:49.100   Evaluator (deepseek-v3.2): alt 45 vs alt 23 (parse attempt 1) -> OK (2589 chars)
2026-08-08 09:00:49.303   Evaluator (deepseek-v3.2): alt 45 vs alt 25 (parse attempt 1) -> OK (2316 chars)
2026-08-08 09:00:49.417   Evaluator (deepseek-v3.2): alt 45 vs alt 19 (parse attempt 1) -> OK (3078 chars)
2026-08-08 09:00:50.031   Evaluator (deepseek-v3.2): alt 45 vs alt 16 (parse attempt 1) -> OK (3182 chars)
2026-08-08 09:00:50.038   Evaluator (deepseek-v3.2): alt 45 vs alt 28 (parse attempt 1) -> OK (2332 chars)
2026-08-08 09:00:50.336   Evaluator (deepseek-v3.2): alt 45 vs alt 30 (parse attempt 1) -> OK (2484 chars)
2026-08-08 09:00:50.388   Evaluator (deepseek-v3.2): alt 45 vs alt 29 (parse attempt 1) -> OK (2397 chars)
2026-08-08 09:00:50.508   Evaluator (deepseek-v3.2): alt 45 vs alt 31 (parse attempt 1) -> OK (2508 chars)
2026-08-08 09:00:50.600   Evaluator (deepseek-v3.2): alt 44 vs alt 42 (parse attempt 1) -> OK (7102 chars)
2026-08-08 09:00:50.745   Evaluator (deepseek-v3.2): alt 45 vs alt 26 (parse attempt 1) -> OK (2927 chars)
2026-08-08 09:00:51.125   Evaluator (deepseek-v3.2): alt 45 vs alt 13 (parse attempt 1) -> OK (4686 chars)
2026-08-08 09:00:51.815   Evaluator (deepseek-v3.2): alt 45 vs alt 27 (parse attempt 1) -> OK (3401 chars)
2026-08-08 09:00:51.838   Evaluator (deepseek-v3.2): alt 45 vs alt 38 (parse attempt 1) -> OK (2317 chars)
2026-08-08 09:00:51.846   Evaluator (deepseek-v3.2): alt 45 vs alt 22 (parse attempt 1) -> OK (3379 chars)
2026-08-08 09:00:51.873   Evaluator (deepseek-v3.2): alt 45 vs alt 43 (parse attempt 1) -> OK (2017 chars)
2026-08-08 09:00:51.949   Evaluator (deepseek-v3.2): alt 45 vs alt 39 (parse attempt 1) -> OK (2316 chars)
2026-08-08 09:00:52.507   Evaluator (deepseek-v3.2): alt 45 vs alt 35 (parse attempt 1) -> OK (2985 chars)
2026-08-08 09:00:53.013   Evaluator (deepseek-v3.2): alt 45 vs alt 34 (parse attempt 1) -> OK (3031 chars)
2026-08-08 09:00:53.303   Evaluator (deepseek-v3.2): alt 45 vs alt 32 (parse attempt 1) -> OK (3076 chars)
2026-08-08 09:00:53.608   Evaluator (deepseek-v3.2): alt 45 vs alt 7 (parse attempt 1) -> OK (5622 chars)
2026-08-08 09:00:54.173   Evaluator (deepseek-v3.2): alt 45 vs alt 42 (parse attempt 1) -> OK (2697 chars)
2026-08-08 09:00:54.875   Evaluator (deepseek-v3.2): alt 45 vs alt 21 (parse attempt 1) -> OK (4302 chars)
2026-08-08 09:00:55.054   Evaluator (deepseek-v3.2): alt 45 vs alt 36 (parse attempt 1) -> OK (3404 chars)
2026-08-08 09:00:55.332   Evaluator (deepseek-v3.2): alt 45 vs alt 51 (parse attempt 1) -> OK (2224 chars)
2026-08-08 09:00:55.338   Evaluator (deepseek-v3.2): alt 45 vs alt 49 (parse attempt 1) -> OK (2214 chars)
2026-08-08 09:00:56.186   Evaluator (deepseek-v3.2): alt 45 vs alt 44 (parse attempt 1) -> OK (3107 chars)
2026-08-08 09:00:56.259   Evaluator (deepseek-v3.2): alt 45 vs alt 46 (parse attempt 1) -> OK (2990 chars)
2026-08-08 09:00:56.512   Evaluator (deepseek-v3.2): alt 45 vs alt 33 (parse attempt 1) -> OK (4780 chars)
2026-08-08 09:00:56.933   Evaluator (deepseek-v3.2): alt 45 vs alt 17 (parse attempt 1) -> OK (4982 chars)
2026-08-08 09:00:57.480   Evaluator (deepseek-v3.2): alt 45 vs alt 41 (parse attempt 1) -> OK (4157 chars)
2026-08-08 09:00:58.494   Evaluator (deepseek-v3.2): alt 45 vs alt 24 (parse attempt 1) -> OK (4809 chars)
2026-08-08 09:00:58.573   Evaluator (deepseek-v3.2): alt 45 vs alt 59 (parse attempt 1) -> OK (2388 chars)
2026-08-08 09:00:58.746   Evaluator (deepseek-v3.2): alt 45 vs alt 54 (parse attempt 1) -> OK (3013 chars)
2026-08-08 09:00:58.924   Evaluator (deepseek-v3.2): alt 45 vs alt 37 (parse attempt 1) -> OK (4337 chars)
2026-08-08 09:01:00.081   Evaluator (deepseek-v3.2): alt 45 vs alt 40 (parse attempt 1) -> OK (4586 chars)
2026-08-08 09:01:00.807   Evaluator (deepseek-v3.2): alt 45 vs alt 47 (parse attempt 1) -> OK (4538 chars)
2026-08-08 09:01:01.354   Evaluator (deepseek-v3.2): alt 45 vs alt 57 (parse attempt 1) -> OK (3485 chars)
2026-08-08 09:01:01.618   Evaluator (deepseek-v3.2): alt 45 vs alt 60 (parse attempt 1) -> OK (2817 chars)
2026-08-08 09:01:02.025   Evaluator (deepseek-v3.2): alt 45 vs alt 61 (parse attempt 1) -> OK (3333 chars)
2026-08-08 09:01:02.554   Evaluator (deepseek-v3.2): alt 45 vs alt 50 (parse attempt 1) -> OK (4034 chars)
2026-08-08 09:01:02.595   Evaluator (deepseek-v3.2): alt 45 vs alt 58 (parse attempt 1) -> OK (3678 chars)
2026-08-08 09:01:02.768   Evaluator (deepseek-v3.2): alt 45 vs alt 63 (parse attempt 1) -> OK (3560 chars)
2026-08-08 09:01:03.075   Evaluator (deepseek-v3.2): alt 45 vs alt 48 (parse attempt 1) -> OK (4277 chars)
2026-08-08 09:01:03.589   Evaluator (deepseek-v3.2): alt 45 vs alt 55 (parse attempt 1) -> OK (4211 chars)
2026-08-08 09:01:04.431   Evaluator (deepseek-v3.2): alt 45 vs alt 53 (parse attempt 1) -> OK (5014 chars)
2026-08-08 09:01:04.670   Evaluator (deepseek-v3.2): alt 45 vs alt 52 (parse attempt 1) -> OK (4594 chars)
2026-08-08 09:01:05.412   Evaluator (deepseek-v3.2): alt 45 vs alt 56 (parse attempt 1) -> OK (4492 chars)
2026-08-08 09:01:08.880   Evaluator (deepseek-v3.2): alt 45 vs alt 62 (parse attempt 1) -> OK (5294 chars)
2026-08-08 09:01:18.010   Evaluator (deepseek-v3.2): alt 46 vs alt 1 (parse attempt 1) -> OK (2785 chars)
2026-08-08 09:01:18.831   Evaluator (deepseek-v3.2): alt 46 vs alt 25 (parse attempt 1) -> OK (2095 chars)
2026-08-08 09:01:20.509   Evaluator (deepseek-v3.2): alt 46 vs alt 12 (parse attempt 1) -> OK (2582 chars)
2026-08-08 09:01:20.620   Evaluator (deepseek-v3.2): alt 46 vs alt 5 (parse attempt 1) -> OK (2947 chars)
2026-08-08 09:01:22.119   Evaluator (deepseek-v3.2): alt 46 vs alt 4 (parse attempt 1) -> OK (3415 chars)
2026-08-08 09:01:23.345   Evaluator (deepseek-v3.2): alt 46 vs alt 26 (parse attempt 1) -> OK (2457 chars)
2026-08-08 09:01:25.700   Evaluator (deepseek-v3.2): alt 46 vs alt 10 (parse attempt 1) -> OK (3622 chars)
2026-08-08 09:01:28.240   Evaluator (deepseek-v3.2): alt 46 vs alt 8 (parse attempt 1) -> OK (3832 chars)
2026-08-08 09:01:28.240 JSON parse failed (attempt 1/5): 'winner'
2026-08-08 09:01:30.987   Evaluator (deepseek-v3.2): alt 46 vs alt 34 (parse attempt 1) -> OK (2932 chars)
2026-08-08 09:01:31.109   Evaluator (deepseek-v3.2): alt 46 vs alt 38 (parse attempt 1) -> OK (2530 chars)
2026-08-08 09:01:31.519   Evaluator (deepseek-v3.2): alt 46 vs incumbent (parse attempt 1) -> OK (3858 chars)
2026-08-08 09:01:32.131   Evaluator (deepseek-v3.2): alt 46 vs alt 3 (parse attempt 1) -> OK (4006 chars)
2026-08-08 09:01:34.323   Evaluator (deepseek-v3.2): alt 46 vs alt 20 (parse attempt 1) -> OK (3916 chars)
2026-08-08 09:01:34.621   Evaluator (deepseek-v3.2): alt 46 vs alt 19 (parse attempt 1) -> OK (4357 chars)
2026-08-08 09:01:35.227   Evaluator (deepseek-v3.2): alt 46 vs alt 13 (parse attempt 1) -> OK (4597 chars)
2026-08-08 09:01:35.514   Evaluator (deepseek-v3.2): alt 46 vs alt 22 (parse attempt 1) -> OK (3356 chars)
2026-08-08 09:01:35.768   Evaluator (deepseek-v3.2): alt 46 vs alt 36 (parse attempt 1) -> OK (2954 chars)
2026-08-08 09:01:35.768 JSON parse failed (attempt 1/5): Expecting ',' delimiter: line 1 column 2938 (char 2937)
2026-08-08 09:01:35.894   Evaluator (deepseek-v3.2): alt 46 vs alt 18 (parse attempt 1) -> OK (3970 chars)
2026-08-08 09:01:36.318   Evaluator (deepseek-v3.2): alt 46 vs alt 6 (parse attempt 1) -> OK (4368 chars)
2026-08-08 09:01:36.319 JSON parse failed (attempt 1/5): 'winner'
2026-08-08 09:01:39.456   Evaluator (deepseek-v3.2): alt 46 vs alt 28 (parse attempt 1) -> OK (3889 chars)
2026-08-08 09:01:39.476   Evaluator (deepseek-v3.2): alt 46 vs alt 41 (parse attempt 1) -> OK (1550 chars)
2026-08-08 09:01:39.898   Evaluator (deepseek-v3.2): alt 46 vs alt 21 (parse attempt 1) -> OK (4172 chars)
2026-08-08 09:01:40.021   Evaluator (deepseek-v3.2): alt 46 vs alt 16 (parse attempt 1) -> OK (4496 chars)
2026-08-08 09:01:40.296   Evaluator (deepseek-v3.2): alt 46 vs alt 7 (parse attempt 1) -> OK (5013 chars)
2026-08-08 09:01:43.272   Evaluator (deepseek-v3.2): alt 46 vs alt 37 (parse attempt 1) -> OK (3632 chars)
2026-08-08 09:01:43.829   Evaluator (deepseek-v3.2): alt 47 vs incumbent (parse attempt 1) -> OK (1977 chars)
2026-08-08 09:01:44.503   Evaluator (deepseek-v3.2): alt 46 vs alt 9 (parse attempt 1) -> OK (5139 chars)
2026-08-08 09:01:45.501   Evaluator (deepseek-v3.2): alt 46 vs alt 30 (parse attempt 1) -> OK (4444 chars)
2026-08-08 09:01:45.754   Evaluator (deepseek-v3.2): alt 46 vs alt 2 (parse attempt 1) -> OK (5048 chars)
2026-08-08 09:01:47.797   Evaluator (deepseek-v3.2): alt 46 vs alt 27 (parse attempt 1) -> OK (5017 chars)
2026-08-08 09:01:47.797 JSON parse failed (attempt 1/5): 'winner'
2026-08-08 09:01:48.929   Evaluator (deepseek-v3.2): alt 46 vs alt 42 (parse attempt 1) -> OK (2238 chars)
2026-08-08 09:01:51.112   Evaluator (deepseek-v3.2): alt 46 vs alt 35 (parse attempt 1) -> OK (4821 chars)
2026-08-08 09:01:51.307   Evaluator (deepseek-v3.2): alt 46 vs alt 15 (parse attempt 1) -> OK (5652 chars)
2026-08-08 09:01:51.316   Evaluator (deepseek-v3.2): alt 46 vs alt 29 (parse attempt 1) -> OK (5361 chars)
2026-08-08 09:01:51.465   Evaluator (deepseek-v3.2): alt 46 vs alt 23 (parse attempt 1) -> OK (4504 chars)
2026-08-08 09:01:51.466 JSON parse failed (attempt 1/5): 'winner'
2026-08-08 09:01:52.326   Evaluator (deepseek-v3.2): alt 47 vs alt 4 (parse attempt 1) -> OK (4233 chars)
2026-08-08 09:01:52.332   Evaluator (deepseek-v3.2): alt 46 vs alt 31 (parse attempt 1) -> OK (4603 chars)
2026-08-08 09:01:53.593   Evaluator (deepseek-v3.2): alt 46 vs alt 17 (parse attempt 1) -> OK (5298 chars)
2026-08-08 09:01:53.833   Evaluator (deepseek-v3.2): alt 47 vs alt 5 (parse attempt 1) -> OK (4952 chars)
2026-08-08 09:01:53.976   Evaluator (deepseek-v3.2): alt 46 vs alt 24 (parse attempt 1) -> OK (4681 chars)
2026-08-08 09:01:54.389   Evaluator (deepseek-v3.2): alt 46 vs alt 45 (parse attempt 1) -> OK (2743 chars)
2026-08-08 09:01:56.230   Evaluator (deepseek-v3.2): alt 47 vs alt 7 (parse attempt 1) -> OK (3494 chars)
2026-08-08 09:01:56.281   Evaluator (deepseek-v3.2): alt 47 vs alt 10 (parse attempt 1) -> OK (2658 chars)
2026-08-08 09:01:57.096   Evaluator (deepseek-v3.2): alt 47 vs alt 13 (parse attempt 1) -> OK (2238 chars)
2026-08-08 09:01:58.197   Evaluator (deepseek-v3.2): alt 47 vs alt 9 (parse attempt 1) -> OK (3093 chars)
2026-08-08 09:01:58.649   Evaluator (deepseek-v3.2): alt 46 vs alt 40 (parse attempt 1) -> OK (4469 chars)
2026-08-08 09:01:58.656   Evaluator (deepseek-v3.2): alt 46 vs alt 63 (parse attempt 1) -> OK (1708 chars)
2026-08-08 09:01:58.779   Evaluator (deepseek-v3.2): alt 46 vs alt 43 (parse attempt 1) -> OK (3673 chars)
2026-08-08 09:01:59.063   Evaluator (deepseek-v3.2): alt 46 vs alt 55 (parse attempt 1) -> OK (2690 chars)
2026-08-08 09:01:59.202   Evaluator (deepseek-v3.2): alt 46 vs alt 32 (parse attempt 1) -> OK (6306 chars)
2026-08-08 09:01:59.203 JSON parse failed (attempt 1/5): 'winner'
2026-08-08 09:02:00.287   Evaluator (deepseek-v3.2): alt 46 vs alt 14 (parse attempt 1) -> OK (5668 chars)
2026-08-08 09:02:00.332   Evaluator (deepseek-v3.2): alt 47 vs alt 12 (parse attempt 1) -> OK (4040 chars)
2026-08-08 09:02:01.051   Evaluator (deepseek-v3.2): alt 46 vs alt 48 (parse attempt 1) -> OK (3205 chars)
2026-08-08 09:02:01.924   Evaluator (deepseek-v3.2): alt 46 vs alt 49 (parse attempt 1) -> OK (2963 chars)
2026-08-08 09:02:01.931   Evaluator (deepseek-v3.2): alt 47 vs alt 17 (parse attempt 1) -> OK (3197 chars)
2026-08-08 09:02:02.034   Evaluator (deepseek-v3.2): alt 47 vs alt 18 (parse attempt 1) -> OK (2377 chars)
2026-08-08 09:02:02.320   Evaluator (deepseek-v3.2): alt 46 vs alt 39 (parse attempt 1) -> OK (4464 chars)
2026-08-08 09:02:03.141   Evaluator (deepseek-v3.2): alt 46 vs alt 54 (parse attempt 1) -> OK (2408 chars)
2026-08-08 09:02:03.327   Evaluator (deepseek-v3.2): alt 47 vs alt 16 (parse attempt 1) -> OK (4559 chars)
2026-08-08 09:02:03.336   Evaluator (deepseek-v3.2): alt 46 vs alt 47 (parse attempt 1) -> OK (3163 chars)
2026-08-08 09:02:03.568   Evaluator (deepseek-v3.2): alt 47 vs alt 14 (parse attempt 1) -> OK (5582 chars)
2026-08-08 09:02:04.251   Evaluator (deepseek-v3.2): alt 47 vs alt 8 (parse attempt 1) -> OK (5064 chars)
2026-08-08 09:02:04.310   Evaluator (deepseek-v3.2): alt 47 vs alt 11 (parse attempt 1) -> OK (6933 chars)
2026-08-08 09:02:04.311 JSON parse failed (attempt 1/5): 'winner'
2026-08-08 09:02:05.924   Evaluator (deepseek-v3.2): alt 47 vs alt 27 (parse attempt 1) -> OK (2068 chars)
2026-08-08 09:02:06.156   Evaluator (deepseek-v3.2): alt 46 vs alt 44 (parse attempt 1) -> OK (3483 chars)
2026-08-08 09:02:07.096   Evaluator (deepseek-v3.2): alt 46 vs alt 60 (parse attempt 1) -> OK (2389 chars)
2026-08-08 09:02:07.440   Evaluator (deepseek-v3.2): alt 47 vs alt 3 (parse attempt 1) -> OK (2068 chars)
2026-08-08 09:02:07.452   Evaluator (deepseek-v3.2): alt 47 vs alt 25 (parse attempt 1) -> OK (3983 chars)
2026-08-08 09:02:08.025   Evaluator (deepseek-v3.2): alt 46 vs alt 52 (parse attempt 1) -> OK (3829 chars)
2026-08-08 09:02:08.980   Evaluator (deepseek-v3.2): alt 47 vs alt 26 (parse attempt 1) -> OK (4465 chars)
2026-08-08 09:02:09.124   Evaluator (deepseek-v3.2): alt 47 vs alt 32 (parse attempt 1) -> OK (3192 chars)
2026-08-08 09:02:09.220   Evaluator (deepseek-v3.2): alt 46 vs alt 53 (parse attempt 1) -> OK (3735 chars)
2026-08-08 09:02:09.388   Evaluator (deepseek-v3.2): alt 46 vs alt 61 (parse attempt 1) -> OK (2513 chars)
2026-08-08 09:02:09.599   Evaluator (deepseek-v3.2): alt 47 vs alt 38 (parse attempt 1) -> OK (2726 chars)
2026-08-08 09:02:09.862   Evaluator (deepseek-v3.2): alt 47 vs alt 31 (parse attempt 1) -> OK (4042 chars)
2026-08-08 09:02:10.053   Evaluator (deepseek-v3.2): alt 47 vs alt 36 (parse attempt 1) -> OK (3838 chars)
2026-08-08 09:02:10.341   Evaluator (deepseek-v3.2): alt 47 vs alt 29 (parse attempt 1) -> OK (4215 chars)
2026-08-08 09:02:10.430   Evaluator (deepseek-v3.2): alt 47 vs alt 37 (parse attempt 1) -> OK (2940 chars)
2026-08-08 09:02:10.436   Evaluator (deepseek-v3.2): alt 47 vs alt 35 (parse attempt 1) -> OK (3054 chars)
2026-08-08 09:02:12.080   Evaluator (deepseek-v3.2): alt 47 vs alt 30 (parse attempt 1) -> OK (5562 chars)
2026-08-08 09:02:13.314   Evaluator (deepseek-v3.2): alt 47 vs alt 19 (parse attempt 1) -> OK (3279 chars)
2026-08-08 09:02:13.736   Evaluator (deepseek-v3.2): alt 47 vs alt 15 (parse attempt 1) -> OK (5260 chars)
2026-08-08 09:02:16.240   Evaluator (deepseek-v3.2): alt 47 vs alt 21 (parse attempt 1) -> OK (2116 chars)
2026-08-08 09:02:16.522   Evaluator (deepseek-v3.2): alt 46 vs alt 59 (parse attempt 1) -> OK (3429 chars)
2026-08-08 09:02:16.566   Evaluator (deepseek-v3.2): alt 46 vs alt 33 (parse attempt 1) -> OK (6581 chars)
2026-08-08 09:02:16.566 JSON parse failed (attempt 1/5): 'winner'
2026-08-08 09:02:16.600   Evaluator (deepseek-v3.2): alt 47 vs alt 11 (parse attempt 2) -> OK (4131 chars)
2026-08-08 09:02:16.615   Evaluator (deepseek-v3.2): alt 40 vs alt 36 (parse attempt 2) -> OK (2706 chars)
2026-08-08 09:02:16.839   Evaluator (deepseek-v3.2): alt 46 vs alt 11 (parse attempt 1) -> OK (7706 chars)
2026-08-08 09:02:16.840 JSON parse failed (attempt 1/5): 'winner'
2026-08-08 09:02:16.884   Evaluator (deepseek-v3.2): alt 40 vs alt 46 (parse attempt 2) -> OK (3344 chars)
2026-08-08 09:02:17.340   Evaluator (deepseek-v3.2): alt 46 vs alt 56 (parse attempt 1) -> OK (3846 chars)
2026-08-08 09:02:17.909   Evaluator (deepseek-v3.2): alt 47 vs alt 6 (parse attempt 1) -> OK (4290 chars)
2026-08-08 09:02:18.159   Evaluator (deepseek-v3.2): alt 47 vs alt 33 (parse attempt 1) -> OK (6178 chars)
2026-08-08 09:02:18.159 JSON parse failed (attempt 1/5): 'winner'
2026-08-08 09:02:18.995   Evaluator (deepseek-v3.2): alt 46 vs alt 50 (parse attempt 1) -> OK (4148 chars)
2026-08-08 09:02:19.183   Evaluator (deepseek-v3.2): alt 42 vs alt 28 (parse attempt 2) -> OK (3460 chars)
2026-08-08 09:02:19.328   Evaluator (deepseek-v3.2): alt 41 vs alt 23 (parse attempt 2) -> OK (3462 chars)
2026-08-08 09:02:19.772   Evaluator (deepseek-v3.2): alt 46 vs alt 51 (parse attempt 1) -> OK (4007 chars)
2026-08-08 09:02:21.725   Evaluator (deepseek-v3.2): alt 43 vs alt 6 (parse attempt 2) -> OK (4128 chars)
2026-08-08 09:02:22.296   Evaluator (deepseek-v3.2): alt 41 vs alt 27 (parse attempt 2) -> OK (4466 chars)
2026-08-08 09:02:22.476   Evaluator (deepseek-v3.2): alt 47 vs alt 20 (parse attempt 1) -> OK (4707 chars)
2026-08-08 09:02:24.763   Evaluator (deepseek-v3.2): alt 46 vs alt 58 (parse attempt 1) -> OK (4401 chars)
2026-08-08 09:02:25.234   Evaluator (deepseek-v3.2): alt 40 vs alt 11 (parse attempt 2) -> OK (5144 chars)
2026-08-08 09:02:25.757   Evaluator (deepseek-v3.2): alt 42 vs alt 34 (parse attempt 2) -> OK (4958 chars)
2026-08-08 09:02:25.757 JSON parse failed (attempt 2/5): 'winner'
2026-08-08 09:02:25.763   Evaluator (deepseek-v3.2): alt 47 vs alt 24 (parse attempt 1) -> OK (5109 chars)
2026-08-08 09:02:28.443   Evaluator (deepseek-v3.2): alt 47 vs alt 2 (parse attempt 1) -> OK (5413 chars)
2026-08-08 09:02:28.710   Evaluator (deepseek-v3.2): alt 47 vs alt 23 (parse attempt 1) -> OK (2898 chars)
2026-08-08 09:02:30.156   Evaluator (deepseek-v3.2): alt 44 vs alt 11 (parse attempt 2) -> OK (5878 chars)
2026-08-08 09:02:31.756   Evaluator (deepseek-v3.2): alt 39 vs alt 57 (parse attempt 2) -> OK (5079 chars)
2026-08-08 09:02:31.757 JSON parse failed (attempt 2/5): 'winner'
2026-08-08 09:02:31.978   Evaluator (deepseek-v3.2): alt 46 vs alt 57 (parse attempt 1) -> OK (5629 chars)
2026-08-08 09:02:32.656   Evaluator (deepseek-v3.2): alt 47 vs alt 22 (parse attempt 1) -> OK (3658 chars)
2026-08-08 09:02:33.580   Evaluator (deepseek-v3.2): alt 47 vs alt 33 (parse attempt 2) -> OK (5368 chars)
2026-08-08 09:02:34.049   Evaluator (deepseek-v3.2): alt 42 vs alt 34 (parse attempt 3) -> OK (2381 chars)
2026-08-08 09:02:35.021   Evaluator (deepseek-v3.2): alt 47 vs alt 1 (parse attempt 1) -> OK (5689 chars)
2026-08-08 09:02:38.085   Evaluator (deepseek-v3.2): alt 46 vs alt 62 (parse attempt 1) -> OK (5702 chars)
2026-08-08 09:02:39.137   Evaluator (deepseek-v3.2): alt 46 vs alt 32 (parse attempt 2) -> OK (2801 chars)
2026-08-08 09:02:39.855   Evaluator (deepseek-v3.2): alt 46 vs alt 27 (parse attempt 2) -> OK (2959 chars)
2026-08-08 09:02:43.968   Evaluator (deepseek-v3.2): alt 46 vs alt 11 (parse attempt 2) -> OK (2396 chars)
2026-08-08 09:02:44.349   Evaluator (deepseek-v3.2): alt 46 vs alt 36 (parse attempt 2) -> OK (3315 chars)
2026-08-08 09:02:47.957   Evaluator (deepseek-v3.2): alt 46 vs alt 6 (parse attempt 2) -> OK (3005 chars)
2026-08-08 09:02:49.144   Evaluator (deepseek-v3.2): alt 47 vs alt 34 (parse attempt 1) -> OK (5203 chars)
2026-08-08 09:02:49.145 JSON parse failed (attempt 1/5): 'winner'
2026-08-08 09:02:49.677   Evaluator (deepseek-v3.2): alt 46 vs alt 8 (parse attempt 2) -> OK (3599 chars)
2026-08-08 09:02:49.678 JSON parse failed (attempt 2/5): 'winner'
2026-08-08 09:02:50.452   Evaluator (deepseek-v3.2): alt 47 vs alt 28 (parse attempt 1) -> OK (5624 chars)
2026-08-08 09:02:50.903   Evaluator (deepseek-v3.2): alt 46 vs alt 23 (parse attempt 2) -> OK (4162 chars)
2026-08-08 09:02:50.904 JSON parse failed (attempt 2/5): 'winner'
2026-08-08 09:02:55.860   Evaluator (deepseek-v3.2): alt 47 vs alt 34 (parse attempt 2) -> OK (2469 chars)
2026-08-08 09:02:56.153   Evaluator (deepseek-v3.2): alt 46 vs alt 33 (parse attempt 2) -> OK (3909 chars)
2026-08-08 09:03:19.435   Evaluator (deepseek-v3.2): alt 39 vs alt 57 (parse attempt 3) -> OK (4219 chars)
2026-08-08 09:03:36.167   Evaluator (deepseek-v3.2): alt 46 vs alt 23 (parse attempt 3) -> OK (4127 chars)
2026-08-08 09:03:37.634   Evaluator (deepseek-v3.2): alt 46 vs alt 8 (parse attempt 3) -> OK (4712 chars)
2026-08-08 09:03:37.636   Evaluator batch 2501-3000 / 4032 done
2026-08-08 09:03:45.461   Evaluator (deepseek-v3.2): alt 47 vs alt 60 (parse attempt 1) -> OK (1935 chars)
2026-08-08 09:03:45.694   Evaluator (deepseek-v3.2): alt 47 vs alt 49 (parse attempt 1) -> OK (2773 chars)
2026-08-08 09:03:46.141   Evaluator (deepseek-v3.2): alt 47 vs alt 53 (parse attempt 1) -> OK (2137 chars)
2026-08-08 09:03:46.451   Evaluator (deepseek-v3.2): alt 47 vs alt 52 (parse attempt 1) -> OK (1303 chars)
2026-08-08 09:03:46.641   Evaluator (deepseek-v3.2): alt 47 vs alt 50 (parse attempt 1) -> OK (3194 chars)
2026-08-08 09:03:46.795   Evaluator (deepseek-v3.2): alt 47 vs alt 44 (parse attempt 1) -> OK (1505 chars)
2026-08-08 09:03:47.067   Evaluator (deepseek-v3.2): alt 48 vs alt 15 (parse attempt 1) -> OK (2504 chars)
2026-08-08 09:03:48.064   Evaluator (deepseek-v3.2): alt 47 vs alt 62 (parse attempt 1) -> OK (2287 chars)
2026-08-08 09:03:48.268   Evaluator (deepseek-v3.2): alt 47 vs alt 55 (parse attempt 1) -> OK (3214 chars)
2026-08-08 09:03:48.825   Evaluator (deepseek-v3.2): alt 48 vs alt 6 (parse attempt 1) -> OK (4430 chars)
2026-08-08 09:03:48.826 JSON parse failed (attempt 1/5): 'winner'
2026-08-08 09:03:49.409   Evaluator (deepseek-v3.2): alt 47 vs alt 48 (parse attempt 1) -> OK (3976 chars)
2026-08-08 09:03:51.314   Evaluator (deepseek-v3.2): alt 48 vs alt 2 (parse attempt 1) -> OK (4184 chars)
2026-08-08 09:03:51.459   Evaluator (deepseek-v3.2): alt 47 vs alt 58 (parse attempt 1) -> OK (2315 chars)
2026-08-08 09:03:52.963   Evaluator (deepseek-v3.2): alt 47 vs alt 59 (parse attempt 1) -> OK (5016 chars)
2026-08-08 09:03:53.010   Evaluator (deepseek-v3.2): alt 48 vs alt 10 (parse attempt 1) -> OK (2081 chars)
2026-08-08 09:03:53.635   Evaluator (deepseek-v3.2): alt 47 vs alt 45 (parse attempt 1) -> OK (4606 chars)
2026-08-08 09:03:53.680   Evaluator (deepseek-v3.2): alt 47 vs alt 41 (parse attempt 1) -> OK (2555 chars)
2026-08-08 09:03:54.254   Evaluator (deepseek-v3.2): alt 48 vs alt 24 (parse attempt 1) -> OK (3823 chars)
2026-08-08 09:03:54.381   Evaluator (deepseek-v3.2): alt 47 vs alt 40 (parse attempt 1) -> OK (2896 chars)
2026-08-08 09:03:55.031   Evaluator (deepseek-v3.2): alt 48 vs alt 26 (parse attempt 1) -> OK (2741 chars)
2026-08-08 09:03:55.176   Evaluator (deepseek-v3.2): alt 48 vs alt 23 (parse attempt 1) -> OK (3174 chars)
2026-08-08 09:03:55.471   Evaluator (deepseek-v3.2): alt 47 vs alt 63 (parse attempt 1) -> OK (2310 chars)
2026-08-08 09:03:55.849   Evaluator (deepseek-v3.2): alt 48 vs alt 16 (parse attempt 1) -> OK (3203 chars)
2026-08-08 09:03:55.973   Evaluator (deepseek-v3.2): alt 48 vs alt 14 (parse attempt 1) -> OK (2826 chars)
2026-08-08 09:03:56.400   Evaluator (deepseek-v3.2): alt 48 vs alt 1 (parse attempt 1) -> OK (3258 chars)
2026-08-08 09:03:58.555   Evaluator (deepseek-v3.2): alt 47 vs alt 57 (parse attempt 1) -> OK (2338 chars)
2026-08-08 09:03:58.571   Evaluator (deepseek-v3.2): alt 47 vs alt 43 (parse attempt 1) -> OK (2733 chars)
2026-08-08 09:03:59.466   Evaluator (deepseek-v3.2): alt 48 vs alt 4 (parse attempt 1) -> OK (2392 chars)
2026-08-08 09:04:00.558   Evaluator (deepseek-v3.2): alt 48 vs alt 17 (parse attempt 1) -> OK (4008 chars)
2026-08-08 09:04:00.775   Evaluator (deepseek-v3.2): alt 47 vs alt 42 (parse attempt 1) -> OK (3839 chars)
2026-08-08 09:04:03.044   Evaluator (deepseek-v3.2): alt 48 vs alt 29 (parse attempt 1) -> OK (2940 chars)
2026-08-08 09:04:03.948   Evaluator (deepseek-v3.2): alt 48 vs alt 31 (parse attempt 1) -> OK (2736 chars)
2026-08-08 09:04:04.160   Evaluator (deepseek-v3.2): alt 48 vs alt 20 (parse attempt 1) -> OK (4241 chars)
2026-08-08 09:04:04.451   Evaluator (deepseek-v3.2): alt 48 vs alt 27 (parse attempt 1) -> OK (3198 chars)
2026-08-08 09:04:04.626   Evaluator (deepseek-v3.2): alt 48 vs alt 42 (parse attempt 1) -> OK (3390 chars)
2026-08-08 09:04:04.706   Evaluator (deepseek-v3.2): alt 47 vs alt 46 (parse attempt 1) -> OK (3802 chars)
2026-08-08 09:04:04.952   Evaluator (deepseek-v3.2): alt 48 vs alt 7 (parse attempt 1) -> OK (3622 chars)
2026-08-08 09:04:05.088   Evaluator (deepseek-v3.2): alt 48 vs alt 36 (parse attempt 1) -> OK (3278 chars)
2026-08-08 09:04:05.451   Evaluator (deepseek-v3.2): alt 48 vs alt 21 (parse attempt 1) -> OK (4863 chars)
2026-08-08 09:04:06.216   Evaluator (deepseek-v3.2): alt 48 vs alt 13 (parse attempt 1) -> OK (2890 chars)
2026-08-08 09:04:06.269   Evaluator (deepseek-v3.2): alt 48 vs alt 32 (parse attempt 1) -> OK (3433 chars)
2026-08-08 09:04:06.715   Evaluator (deepseek-v3.2): alt 48 vs alt 33 (parse attempt 1) -> OK (3159 chars)
2026-08-08 09:04:08.115   Evaluator (deepseek-v3.2): alt 48 vs alt 8 (parse attempt 1) -> OK (4338 chars)
2026-08-08 09:04:08.142   Evaluator (deepseek-v3.2): alt 48 vs alt 25 (parse attempt 1) -> OK (2319 chars)
2026-08-08 09:04:08.600   Evaluator (deepseek-v3.2): alt 48 vs alt 12 (parse attempt 1) -> OK (4529 chars)
2026-08-08 09:04:08.793   Evaluator (deepseek-v3.2): alt 47 vs alt 54 (parse attempt 1) -> OK (4413 chars)
2026-08-08 09:04:09.033   Evaluator (deepseek-v3.2): alt 48 vs alt 46 (parse attempt 1) -> OK (1519 chars)
2026-08-08 09:04:09.733   Evaluator (deepseek-v3.2): alt 48 vs alt 28 (parse attempt 1) -> OK (3993 chars)
2026-08-08 09:04:09.947   Evaluator (deepseek-v3.2): alt 48 vs alt 44 (parse attempt 1) -> OK (1649 chars)
2026-08-08 09:04:10.617   Evaluator (deepseek-v3.2): alt 48 vs alt 11 (parse attempt 1) -> OK (3340 chars)
2026-08-08 09:04:11.374   Evaluator (deepseek-v3.2): alt 48 vs alt 30 (parse attempt 1) -> OK (2099 chars)
2026-08-08 09:04:11.859   Evaluator (deepseek-v3.2): alt 48 vs alt 18 (parse attempt 1) -> OK (2251 chars)
2026-08-08 09:04:11.901   Evaluator (deepseek-v3.2): alt 48 vs alt 47 (parse attempt 1) -> OK (2156 chars)
2026-08-08 09:04:12.229   Evaluator (deepseek-v3.2): alt 48 vs alt 37 (parse attempt 1) -> OK (2528 chars)
2026-08-08 09:04:12.332   Evaluator (deepseek-v3.2): alt 47 vs alt 51 (parse attempt 1) -> OK (4521 chars)
2026-08-08 09:04:12.427   Evaluator (deepseek-v3.2): alt 48 vs alt 50 (parse attempt 1) -> OK (4721 chars)
2026-08-08 09:04:12.826   Evaluator (deepseek-v3.2): alt 48 vs alt 5 (parse attempt 1) -> OK (4455 chars)
2026-08-08 09:04:12.826 JSON parse failed (attempt 1/5): Expecting ',' delimiter: line 17 column 5 (char 1857)
2026-08-08 09:04:14.629   Evaluator (deepseek-v3.2): alt 48 vs alt 49 (parse attempt 1) -> OK (2174 chars)
2026-08-08 09:04:14.746   Evaluator (deepseek-v3.2): alt 48 vs alt 51 (parse attempt 1) -> OK (2120 chars)
2026-08-08 09:04:18.251   Evaluator (deepseek-v3.2): alt 48 vs alt 9 (parse attempt 1) -> OK (4792 chars)
2026-08-08 09:04:18.494   Evaluator (deepseek-v3.2): alt 48 vs alt 62 (parse attempt 1) -> OK (1621 chars)
2026-08-08 09:04:18.615   Evaluator (deepseek-v3.2): alt 48 vs alt 63 (parse attempt 1) -> OK (2871 chars)
2026-08-08 09:04:18.622   Evaluator (deepseek-v3.2): alt 48 vs incumbent (parse attempt 1) -> OK (4717 chars)
2026-08-08 09:04:18.671   Evaluator (deepseek-v3.2): alt 48 vs alt 54 (parse attempt 1) -> OK (3960 chars)
2026-08-08 09:04:18.932   Evaluator (deepseek-v3.2): alt 48 vs alt 53 (parse attempt 1) -> OK (3397 chars)
2026-08-08 09:04:19.712   Evaluator (deepseek-v3.2): alt 47 vs alt 56 (parse attempt 1) -> OK (4746 chars)
2026-08-08 09:04:19.786   Evaluator (deepseek-v3.2): alt 49 vs alt 3 (parse attempt 1) -> OK (3984 chars)
2026-08-08 09:04:19.786 JSON parse failed (attempt 1/5): 'winner'
2026-08-08 09:04:20.178   Evaluator (deepseek-v3.2): alt 47 vs alt 61 (parse attempt 1) -> OK (4181 chars)
2026-08-08 09:04:20.301   Evaluator (deepseek-v3.2): alt 49 vs alt 8 (parse attempt 1) -> OK (4048 chars)
2026-08-08 09:04:20.326   Evaluator (deepseek-v3.2): alt 48 vs alt 57 (parse attempt 1) -> OK (3903 chars)
2026-08-08 09:04:20.551   Evaluator (deepseek-v3.2): alt 48 vs alt 38 (parse attempt 1) -> OK (3497 chars)
2026-08-08 09:04:20.670   Evaluator (deepseek-v3.2): alt 48 vs alt 40 (parse attempt 1) -> OK (4382 chars)
2026-08-08 09:04:20.913   Evaluator (deepseek-v3.2): alt 48 vs alt 55 (parse attempt 1) -> OK (2338 chars)
2026-08-08 09:04:21.723   Evaluator (deepseek-v3.2): alt 48 vs alt 35 (parse attempt 1) -> OK (3419 chars)
2026-08-08 09:04:21.837   Evaluator (deepseek-v3.2): alt 48 vs alt 59 (parse attempt 1) -> OK (2514 chars)
2026-08-08 09:04:22.130   Evaluator (deepseek-v3.2): alt 48 vs alt 3 (parse attempt 1) -> OK (4655 chars)
2026-08-08 09:04:22.451   Evaluator (deepseek-v3.2): alt 49 vs alt 4 (parse attempt 1) -> OK (2971 chars)
2026-08-08 09:04:22.504   Evaluator (deepseek-v3.2): alt 48 vs alt 22 (parse attempt 1) -> OK (4475 chars)
2026-08-08 09:04:22.731   Evaluator (deepseek-v3.2): alt 48 vs alt 41 (parse attempt 1) -> OK (3654 chars)
2026-08-08 09:04:23.268   Evaluator (deepseek-v3.2): alt 49 vs incumbent (parse attempt 1) -> OK (2573 chars)
2026-08-08 09:04:23.279   Evaluator (deepseek-v3.2): alt 48 vs alt 45 (parse attempt 1) -> OK (2686 chars)
2026-08-08 09:04:23.514   Evaluator (deepseek-v3.2): alt 48 vs alt 19 (parse attempt 1) -> OK (4096 chars)
2026-08-08 09:04:23.964   Evaluator (deepseek-v3.2): alt 48 vs alt 58 (parse attempt 1) -> OK (2772 chars)
2026-08-08 09:04:24.023   Evaluator (deepseek-v3.2): alt 48 vs alt 61 (parse attempt 1) -> OK (3144 chars)
2026-08-08 09:04:25.366   Evaluator (deepseek-v3.2): alt 49 vs alt 9 (parse attempt 1) -> OK (3120 chars)
2026-08-08 09:04:25.672   Evaluator (deepseek-v3.2): alt 48 vs alt 52 (parse attempt 1) -> OK (3573 chars)
2026-08-08 09:04:27.062   Evaluator (deepseek-v3.2): alt 49 vs alt 16 (parse attempt 1) -> OK (2169 chars)
2026-08-08 09:04:27.161   Evaluator (deepseek-v3.2): alt 47 vs alt 39 (parse attempt 1) -> OK (4480 chars)
2026-08-08 09:04:27.161 JSON parse failed (attempt 1/5): Extra data: line 1 column 4465 (char 4464)
2026-08-08 09:04:27.961   Evaluator (deepseek-v3.2): alt 48 vs alt 43 (parse attempt 1) -> OK (4732 chars)
2026-08-08 09:04:28.558   Evaluator (deepseek-v3.2): alt 49 vs alt 15 (parse attempt 1) -> OK (2692 chars)
2026-08-08 09:04:28.778   Evaluator (deepseek-v3.2): alt 49 vs alt 6 (parse attempt 1) -> OK (3872 chars)
2026-08-08 09:04:29.490   Evaluator (deepseek-v3.2): alt 49 vs alt 22 (parse attempt 1) -> OK (2607 chars)
2026-08-08 09:04:29.507   Evaluator (deepseek-v3.2): alt 49 vs alt 12 (parse attempt 1) -> OK (4645 chars)
2026-08-08 09:04:29.773   Evaluator (deepseek-v3.2): alt 49 vs alt 5 (parse attempt 1) -> OK (4560 chars)
2026-08-08 09:04:30.215   Evaluator (deepseek-v3.2): alt 48 vs alt 39 (parse attempt 1) -> OK (3507 chars)
2026-08-08 09:04:30.216 JSON parse failed (attempt 1/5): 'winner'
2026-08-08 09:04:30.774   Evaluator (deepseek-v3.2): alt 49 vs alt 19 (parse attempt 1) -> OK (4770 chars)
2026-08-08 09:04:31.451   Evaluator (deepseek-v3.2): alt 49 vs alt 14 (parse attempt 1) -> OK (6075 chars)
2026-08-08 09:04:31.633   Evaluator (deepseek-v3.2): alt 49 vs alt 34 (parse attempt 1) -> OK (4173 chars)
2026-08-08 09:04:32.869   Evaluator (deepseek-v3.2): alt 49 vs alt 10 (parse attempt 1) -> OK (4306 chars)
2026-08-08 09:04:33.193   Evaluator (deepseek-v3.2): alt 49 vs alt 13 (parse attempt 1) -> OK (5652 chars)
2026-08-08 09:04:33.418   Evaluator (deepseek-v3.2): alt 49 vs alt 37 (parse attempt 1) -> OK (4572 chars)
2026-08-08 09:04:33.423   Evaluator (deepseek-v3.2): alt 49 vs alt 1 (parse attempt 1) -> OK (3274 chars)
2026-08-08 09:04:33.502   Evaluator (deepseek-v3.2): alt 49 vs alt 11 (parse attempt 1) -> OK (2832 chars)
2026-08-08 09:04:33.507   Evaluator (deepseek-v3.2): alt 49 vs alt 17 (parse attempt 1) -> OK (4161 chars)
2026-08-08 09:04:34.547   Evaluator (deepseek-v3.2): alt 48 vs alt 56 (parse attempt 1) -> OK (4813 chars)
2026-08-08 09:04:34.651   Evaluator (deepseek-v3.2): alt 49 vs alt 36 (parse attempt 1) -> OK (4653 chars)
2026-08-08 09:04:34.792   Evaluator (deepseek-v3.2): alt 49 vs alt 20 (parse attempt 1) -> OK (3312 chars)
2026-08-08 09:04:35.430   Evaluator (deepseek-v3.2): alt 49 vs alt 2 (parse attempt 1) -> OK (4716 chars)
2026-08-08 09:04:37.566   Evaluator (deepseek-v3.2): alt 49 vs alt 51 (parse attempt 1) -> OK (2306 chars)
2026-08-08 09:04:38.456   Evaluator (deepseek-v3.2): alt 49 vs alt 21 (parse attempt 1) -> OK (5635 chars)
2026-08-08 09:04:38.457 JSON parse failed (attempt 1/5): 'winner'
2026-08-08 09:04:39.095   Evaluator (deepseek-v3.2): alt 49 vs alt 42 (parse attempt 1) -> OK (3039 chars)
2026-08-08 09:04:40.101   Evaluator (deepseek-v3.2): alt 49 vs alt 57 (parse attempt 1) -> OK (3500 chars)
2026-08-08 09:04:41.429   Evaluator (deepseek-v3.2): alt 49 vs alt 30 (parse attempt 1) -> OK (2652 chars)
2026-08-08 09:04:42.180   Evaluator (deepseek-v3.2): alt 49 vs alt 46 (parse attempt 1) -> OK (3573 chars)
2026-08-08 09:04:42.223   Evaluator (deepseek-v3.2): alt 49 vs alt 60 (parse attempt 1) -> OK (4100 chars)
2026-08-08 09:04:42.392   Evaluator (deepseek-v3.2): alt 49 vs alt 31 (parse attempt 1) -> OK (3317 chars)
2026-08-08 09:04:42.720   Evaluator (deepseek-v3.2): alt 49 vs alt 40 (parse attempt 1) -> OK (2819 chars)
2026-08-08 09:04:43.649   Evaluator (deepseek-v3.2): alt 49 vs alt 23 (parse attempt 1) -> OK (2403 chars)
2026-08-08 09:04:43.754   Evaluator (deepseek-v3.2): alt 49 vs alt 43 (parse attempt 1) -> OK (4174 chars)
2026-08-08 09:04:44.338   Evaluator (deepseek-v3.2): alt 49 vs alt 39 (parse attempt 1) -> OK (5261 chars)
2026-08-08 09:04:44.339 JSON parse failed (attempt 1/5): 'winner'
2026-08-08 09:04:45.118   Evaluator (deepseek-v3.2): alt 49 vs alt 25 (parse attempt 1) -> OK (3862 chars)
2026-08-08 09:04:45.355   Evaluator (deepseek-v3.2): alt 49 vs alt 44 (parse attempt 1) -> OK (4151 chars)
2026-08-08 09:04:45.862   Evaluator (deepseek-v3.2): alt 49 vs alt 27 (parse attempt 1) -> OK (4058 chars)
2026-08-08 09:04:46.063   Evaluator (deepseek-v3.2): alt 49 vs alt 50 (parse attempt 1) -> OK (4517 chars)
2026-08-08 09:04:46.126   Evaluator (deepseek-v3.2): alt 49 vs alt 55 (parse attempt 1) -> OK (3526 chars)
2026-08-08 09:04:46.678   Evaluator (deepseek-v3.2): alt 49 vs alt 26 (parse attempt 1) -> OK (2150 chars)
2026-08-08 09:04:46.745   Evaluator (deepseek-v3.2): alt 49 vs alt 61 (parse attempt 1) -> OK (1740 chars)
2026-08-08 09:04:47.061   Evaluator (deepseek-v3.2): alt 49 vs alt 62 (parse attempt 1) -> OK (4504 chars)
2026-08-08 09:04:47.263   Evaluator (deepseek-v3.2): alt 48 vs alt 60 (parse attempt 1) -> OK (4917 chars)
2026-08-08 09:04:47.382   Evaluator (deepseek-v3.2): alt 49 vs alt 56 (parse attempt 1) -> OK (5961 chars)
2026-08-08 09:04:47.503   Evaluator (deepseek-v3.2): alt 49 vs alt 18 (parse attempt 1) -> OK (4270 chars)
2026-08-08 09:04:47.564   Evaluator (deepseek-v3.2): alt 49 vs alt 63 (parse attempt 1) -> OK (2499 chars)
2026-08-08 09:04:47.612   Evaluator (deepseek-v3.2): alt 49 vs alt 53 (parse attempt 1) -> OK (3905 chars)
2026-08-08 09:04:48.660   Evaluator (deepseek-v3.2): alt 49 vs alt 58 (parse attempt 1) -> OK (3291 chars)
2026-08-08 09:04:49.307   Evaluator (deepseek-v3.2): alt 49 vs alt 28 (parse attempt 1) -> OK (3383 chars)
2026-08-08 09:04:49.575   Evaluator (deepseek-v3.2): alt 50 vs incumbent (parse attempt 1) -> OK (2660 chars)
2026-08-08 09:04:50.445   Evaluator (deepseek-v3.2): alt 50 vs alt 1 (parse attempt 1) -> OK (2818 chars)
2026-08-08 09:04:50.655   Evaluator (deepseek-v3.2): alt 49 vs alt 48 (parse attempt 1) -> OK (3177 chars)
2026-08-08 09:04:50.686   Evaluator (deepseek-v3.2): alt 49 vs alt 38 (parse attempt 1) -> OK (4083 chars)
2026-08-08 09:04:50.757   Evaluator (deepseek-v3.2): alt 49 vs alt 59 (parse attempt 1) -> OK (3683 chars)
2026-08-08 09:04:51.331   Evaluator (deepseek-v3.2): alt 49 vs alt 52 (parse attempt 1) -> OK (2775 chars)
2026-08-08 09:04:51.346   Evaluator (deepseek-v3.2): alt 50 vs alt 5 (parse attempt 1) -> OK (2425 chars)
2026-08-08 09:04:51.921   Evaluator (deepseek-v3.2): alt 50 vs alt 2 (parse attempt 1) -> OK (2842 chars)
2026-08-08 09:04:52.021   Evaluator (deepseek-v3.2): alt 50 vs alt 4 (parse attempt 1) -> OK (2771 chars)
2026-08-08 09:04:52.202   Evaluator (deepseek-v3.2): alt 49 vs alt 24 (parse attempt 1) -> OK (5426 chars)
2026-08-08 09:04:52.711   Evaluator (deepseek-v3.2): alt 49 vs alt 45 (parse attempt 1) -> OK (3213 chars)
2026-08-08 09:04:53.076   Evaluator (deepseek-v3.2): alt 48 vs alt 34 (parse attempt 1) -> OK (6097 chars)
2026-08-08 09:04:53.077 JSON parse failed (attempt 1/5): 'winner'
2026-08-08 09:04:53.752   Evaluator (deepseek-v3.2): alt 50 vs alt 6 (parse attempt 1) -> OK (3071 chars)
2026-08-08 09:04:54.240   Evaluator (deepseek-v3.2): alt 49 vs alt 7 (parse attempt 1) -> OK (3661 chars)
2026-08-08 09:04:54.277   Evaluator (deepseek-v3.2): alt 50 vs alt 15 (parse attempt 1) -> OK (2069 chars)
2026-08-08 09:04:54.662   Evaluator (deepseek-v3.2): alt 50 vs alt 10 (parse attempt 1) -> OK (3071 chars)
2026-08-08 09:04:54.740   Evaluator (deepseek-v3.2): alt 50 vs alt 12 (parse attempt 1) -> OK (2374 chars)
2026-08-08 09:04:55.114   Evaluator (deepseek-v3.2): alt 50 vs alt 3 (parse attempt 1) -> OK (3371 chars)
2026-08-08 09:04:55.365   Evaluator (deepseek-v3.2): alt 49 vs alt 41 (parse attempt 1) -> OK (3419 chars)
2026-08-08 09:04:55.663   Evaluator (deepseek-v3.2): alt 49 vs alt 29 (parse attempt 1) -> OK (5386 chars)
2026-08-08 09:04:55.663 JSON parse failed (attempt 1/5): 'winner'
2026-08-08 09:04:55.858   Evaluator (deepseek-v3.2): alt 50 vs alt 11 (parse attempt 1) -> OK (2985 chars)
2026-08-08 09:04:56.504   Evaluator (deepseek-v3.2): alt 50 vs alt 14 (parse attempt 1) -> OK (2806 chars)
2026-08-08 09:04:56.569   Evaluator (deepseek-v3.2): alt 50 vs alt 19 (parse attempt 1) -> OK (2516 chars)
2026-08-08 09:04:56.788   Evaluator (deepseek-v3.2): alt 49 vs alt 54 (parse attempt 1) -> OK (3574 chars)
2026-08-08 09:04:57.353   Evaluator (deepseek-v3.2): alt 50 vs alt 24 (parse attempt 1) -> OK (2189 chars)
2026-08-08 09:04:57.568   Evaluator (deepseek-v3.2): alt 50 vs alt 20 (parse attempt 1) -> OK (2661 chars)
2026-08-08 09:04:57.877   Evaluator (deepseek-v3.2): alt 50 vs alt 21 (parse attempt 1) -> OK (2661 chars)
2026-08-08 09:04:58.272   Evaluator (deepseek-v3.2): alt 50 vs alt 23 (parse attempt 1) -> OK (2687 chars)
2026-08-08 09:04:58.278   Evaluator (deepseek-v3.2): alt 50 vs alt 18 (parse attempt 1) -> OK (3652 chars)
2026-08-08 09:04:58.560   Evaluator (deepseek-v3.2): alt 50 vs alt 16 (parse attempt 1) -> OK (3030 chars)
2026-08-08 09:04:59.128   Evaluator (deepseek-v3.2): alt 49 vs alt 35 (parse attempt 1) -> OK (3443 chars)
2026-08-08 09:04:59.519   Evaluator (deepseek-v3.2): alt 50 vs alt 27 (parse attempt 1) -> OK (2214 chars)
2026-08-08 09:04:59.815   Evaluator (deepseek-v3.2): alt 50 vs alt 34 (parse attempt 1) -> OK (1956 chars)
2026-08-08 09:05:01.123   Evaluator (deepseek-v3.2): alt 50 vs alt 36 (parse attempt 1) -> OK (2623 chars)
2026-08-08 09:05:01.463   Evaluator (deepseek-v3.2): alt 50 vs alt 8 (parse attempt 1) -> OK (4518 chars)
2026-08-08 09:05:02.143   Evaluator (deepseek-v3.2): alt 50 vs alt 30 (parse attempt 1) -> OK (3066 chars)
2026-08-08 09:05:02.599   Evaluator (deepseek-v3.2): alt 50 vs alt 9 (parse attempt 1) -> OK (4468 chars)
2026-08-08 09:05:02.669   Evaluator (deepseek-v3.2): alt 50 vs alt 25 (parse attempt 1) -> OK (3103 chars)
2026-08-08 09:05:02.800   Evaluator (deepseek-v3.2): alt 50 vs alt 17 (parse attempt 1) -> OK (1998 chars)
2026-08-08 09:05:03.117   Evaluator (deepseek-v3.2): alt 50 vs alt 31 (parse attempt 1) -> OK (3709 chars)
2026-08-08 09:05:03.198   Evaluator (deepseek-v3.2): alt 49 vs alt 33 (parse attempt 1) -> OK (5020 chars)
2026-08-08 09:05:03.459   Evaluator (deepseek-v3.2): alt 50 vs alt 33 (parse attempt 1) -> OK (3828 chars)
2026-08-08 09:05:03.670   Evaluator (deepseek-v3.2): alt 49 vs alt 32 (parse attempt 1) -> OK (5124 chars)
2026-08-08 09:05:03.741   Evaluator (deepseek-v3.2): alt 50 vs alt 22 (parse attempt 1) -> OK (4191 chars)
2026-08-08 09:05:04.022   Evaluator (deepseek-v3.2): alt 50 vs alt 32 (parse attempt 1) -> OK (3733 chars)
2026-08-08 09:05:04.104   Evaluator (deepseek-v3.2): alt 50 vs alt 38 (parse attempt 1) -> OK (2676 chars)
2026-08-08 09:05:04.309   Evaluator (deepseek-v3.2): alt 50 vs alt 26 (parse attempt 1) -> OK (3641 chars)
2026-08-08 09:05:04.768   Evaluator (deepseek-v3.2): alt 50 vs alt 39 (parse attempt 1) -> OK (3201 chars)
2026-08-08 09:05:04.972   Evaluator (deepseek-v3.2): alt 50 vs alt 42 (parse attempt 1) -> OK (2837 chars)
2026-08-08 09:05:05.189   Evaluator (deepseek-v3.2): alt 50 vs alt 51 (parse attempt 1) -> OK (2360 chars)
2026-08-08 09:05:05.819   Evaluator (deepseek-v3.2): alt 50 vs alt 44 (parse attempt 1) -> OK (2502 chars)
2026-08-08 09:05:05.960   Evaluator (deepseek-v3.2): alt 50 vs alt 29 (parse attempt 1) -> OK (4149 chars)
2026-08-08 09:05:06.254   Evaluator (deepseek-v3.2): alt 50 vs alt 40 (parse attempt 1) -> OK (3795 chars)
2026-08-08 09:05:06.980   Evaluator (deepseek-v3.2): alt 49 vs alt 47 (parse attempt 1) -> OK (4264 chars)
2026-08-08 09:05:06.989   Evaluator (deepseek-v3.2): alt 50 vs alt 13 (parse attempt 1) -> OK (2902 chars)
2026-08-08 09:05:07.201   Evaluator (deepseek-v3.2): alt 50 vs alt 28 (parse attempt 1) -> OK (4469 chars)
2026-08-08 09:05:07.320   Evaluator (deepseek-v3.2): alt 50 vs alt 53 (parse attempt 1) -> OK (2251 chars)
2026-08-08 09:05:07.393   Evaluator (deepseek-v3.2): alt 50 vs alt 41 (parse attempt 1) -> OK (3310 chars)
2026-08-08 09:05:08.130   Evaluator (deepseek-v3.2): alt 50 vs alt 49 (parse attempt 1) -> OK (2972 chars)
2026-08-08 09:05:08.610   Evaluator (deepseek-v3.2): alt 50 vs alt 48 (parse attempt 1) -> OK (3430 chars)
2026-08-08 09:05:08.655   Evaluator (deepseek-v3.2): alt 50 vs alt 59 (parse attempt 1) -> OK (1893 chars)
2026-08-08 09:05:08.898   Evaluator (deepseek-v3.2): alt 50 vs alt 45 (parse attempt 1) -> OK (3806 chars)
2026-08-08 09:05:09.403   Evaluator (deepseek-v3.2): alt 50 vs alt 47 (parse attempt 1) -> OK (3284 chars)
2026-08-08 09:05:09.536   Evaluator (deepseek-v3.2): alt 50 vs alt 7 (parse attempt 1) -> OK (3664 chars)
2026-08-08 09:05:09.555   Evaluator (deepseek-v3.2): alt 50 vs alt 46 (parse attempt 1) -> OK (3717 chars)
2026-08-08 09:05:09.801   Evaluator (deepseek-v3.2): alt 50 vs alt 35 (parse attempt 1) -> OK (5444 chars)
2026-08-08 09:05:09.854   Evaluator (deepseek-v3.2): alt 50 vs alt 55 (parse attempt 1) -> OK (3748 chars)
2026-08-08 09:05:10.529   Evaluator (deepseek-v3.2): alt 50 vs alt 54 (parse attempt 1) -> OK (3394 chars)
2026-08-08 09:05:10.537   Evaluator (deepseek-v3.2): alt 50 vs alt 58 (parse attempt 1) -> OK (3055 chars)
2026-08-08 09:05:10.731   Evaluator (deepseek-v3.2): alt 51 vs alt 3 (parse attempt 1) -> OK (1760 chars)
2026-08-08 09:05:11.650   Evaluator (deepseek-v3.2): alt 51 vs alt 4 (parse attempt 1) -> OK (2309 chars)
2026-08-08 09:05:12.505   Evaluator (deepseek-v3.2): alt 50 vs alt 61 (parse attempt 1) -> OK (3096 chars)
2026-08-08 09:05:12.568   Evaluator (deepseek-v3.2): alt 50 vs alt 62 (parse attempt 1) -> OK (2247 chars)
2026-08-08 09:05:12.643   Evaluator (deepseek-v3.2): alt 50 vs alt 63 (parse attempt 1) -> OK (2615 chars)
2026-08-08 09:05:12.828   Evaluator (deepseek-v3.2): alt 50 vs alt 60 (parse attempt 1) -> OK (3829 chars)
2026-08-08 09:05:13.143   Evaluator (deepseek-v3.2): alt 50 vs alt 52 (parse attempt 1) -> OK (4537 chars)
2026-08-08 09:05:13.315   Evaluator (deepseek-v3.2): alt 50 vs alt 43 (parse attempt 1) -> OK (5074 chars)
2026-08-08 09:05:13.843   Evaluator (deepseek-v3.2): alt 51 vs alt 7 (parse attempt 1) -> OK (2537 chars)
2026-08-08 09:05:13.875   Evaluator (deepseek-v3.2): alt 51 vs alt 9 (parse attempt 1) -> OK (2290 chars)
2026-08-08 09:05:14.543   Evaluator (deepseek-v3.2): alt 50 vs alt 56 (parse attempt 1) -> OK (3860 chars)
2026-08-08 09:05:15.010   Evaluator (deepseek-v3.2): alt 51 vs alt 5 (parse attempt 1) -> OK (3242 chars)
2026-08-08 09:05:15.180   Evaluator (deepseek-v3.2): alt 51 vs alt 11 (parse attempt 1) -> OK (2740 chars)
2026-08-08 09:05:15.339   Evaluator (deepseek-v3.2): alt 51 vs alt 16 (parse attempt 1) -> OK (2604 chars)
2026-08-08 09:05:15.410   Evaluator (deepseek-v3.2): alt 51 vs alt 15 (parse attempt 1) -> OK (2368 chars)
2026-08-08 09:05:15.963   Evaluator (deepseek-v3.2): alt 51 vs alt 8 (parse attempt 1) -> OK (3720 chars)
2026-08-08 09:05:16.278   Evaluator (deepseek-v3.2): alt 51 vs alt 10 (parse attempt 1) -> OK (3614 chars)
2026-08-08 09:05:16.879   Evaluator (deepseek-v3.2): alt 51 vs alt 13 (parse attempt 1) -> OK (3592 chars)
2026-08-08 09:05:16.971   Evaluator (deepseek-v3.2): alt 51 vs alt 25 (parse attempt 1) -> OK (2235 chars)
2026-08-08 09:05:17.105   Evaluator (deepseek-v3.2): alt 51 vs alt 23 (parse attempt 1) -> OK (2276 chars)
2026-08-08 09:05:17.231   Evaluator (deepseek-v3.2): alt 51 vs alt 2 (parse attempt 1) -> OK (3846 chars)
2026-08-08 09:05:17.239   Evaluator (deepseek-v3.2): alt 51 vs alt 20 (parse attempt 1) -> OK (2661 chars)
2026-08-08 09:05:17.254   Evaluator (deepseek-v3.2): alt 51 vs alt 1 (parse attempt 1) -> OK (3808 chars)
2026-08-08 09:05:17.488   Evaluator (deepseek-v3.2): alt 51 vs alt 6 (parse attempt 1) -> OK (4188 chars)
2026-08-08 09:05:18.373   Evaluator (deepseek-v3.2): alt 51 vs alt 28 (parse attempt 1) -> OK (2385 chars)
2026-08-08 09:05:18.396   Evaluator (deepseek-v3.2): alt 51 vs alt 27 (parse attempt 1) -> OK (2732 chars)
2026-08-08 09:05:19.535   Evaluator (deepseek-v3.2): alt 51 vs incumbent (parse attempt 1) -> OK (2343 chars)
2026-08-08 09:05:19.996   Evaluator (deepseek-v3.2): alt 50 vs alt 37 (parse attempt 1) -> OK (3765 chars)
2026-08-08 09:05:20.133   Evaluator (deepseek-v3.2): alt 51 vs alt 30 (parse attempt 1) -> OK (2926 chars)
2026-08-08 09:05:20.980   Evaluator (deepseek-v3.2): alt 51 vs alt 35 (parse attempt 1) -> OK (2077 chars)
2026-08-08 09:05:21.549   Evaluator (deepseek-v3.2): alt 51 vs alt 12 (parse attempt 1) -> OK (4266 chars)
2026-08-08 09:05:21.788   Evaluator (deepseek-v3.2): alt 50 vs alt 57 (parse attempt 1) -> OK (6427 chars)
2026-08-08 09:05:22.553   Evaluator (deepseek-v3.2): alt 51 vs alt 18 (parse attempt 1) -> OK (4148 chars)
2026-08-08 09:05:23.009   Evaluator (deepseek-v3.2): alt 51 vs alt 36 (parse attempt 1) -> OK (3066 chars)
2026-08-08 09:05:23.015   Evaluator (deepseek-v3.2): alt 51 vs alt 29 (parse attempt 1) -> OK (3412 chars)
2026-08-08 09:05:23.539   Evaluator (deepseek-v3.2): alt 51 vs alt 39 (parse attempt 1) -> OK (2996 chars)
2026-08-08 09:05:24.262   Evaluator (deepseek-v3.2): alt 51 vs alt 32 (parse attempt 1) -> OK (2893 chars)
2026-08-08 09:05:24.300   Evaluator (deepseek-v3.2): alt 51 vs alt 33 (parse attempt 1) -> OK (3284 chars)
2026-08-08 09:05:24.486   Evaluator (deepseek-v3.2): alt 51 vs alt 22 (parse attempt 1) -> OK (4059 chars)
2026-08-08 09:05:24.612   Evaluator (deepseek-v3.2): alt 51 vs alt 43 (parse attempt 1) -> OK (2452 chars)
2026-08-08 09:05:24.683   Evaluator (deepseek-v3.2): alt 51 vs alt 26 (parse attempt 1) -> OK (4079 chars)
2026-08-08 09:05:25.400   Evaluator (deepseek-v3.2): alt 51 vs alt 21 (parse attempt 1) -> OK (4316 chars)
2026-08-08 09:05:25.482   Evaluator (deepseek-v3.2): alt 51 vs alt 38 (parse attempt 1) -> OK (3346 chars)
2026-08-08 09:05:25.515   Evaluator (deepseek-v3.2): alt 51 vs alt 41 (parse attempt 1) -> OK (3119 chars)
2026-08-08 09:05:26.031   Evaluator (deepseek-v3.2): alt 51 vs alt 31 (parse attempt 1) -> OK (4083 chars)
2026-08-08 09:05:26.038   Evaluator (deepseek-v3.2): alt 51 vs alt 50 (parse attempt 1) -> OK (2290 chars)
2026-08-08 09:05:26.095   Evaluator (deepseek-v3.2): alt 51 vs alt 24 (parse attempt 1) -> OK (4413 chars)
2026-08-08 09:05:26.400   Evaluator (deepseek-v3.2): alt 51 vs alt 17 (parse attempt 1) -> OK (5071 chars)
2026-08-08 09:05:26.411   Evaluator (deepseek-v3.2): alt 51 vs alt 42 (parse attempt 1) -> OK (3278 chars)
2026-08-08 09:05:26.920   Evaluator (deepseek-v3.2): alt 51 vs alt 37 (parse attempt 1) -> OK (3996 chars)
2026-08-08 09:05:27.483   Evaluator (deepseek-v3.2): alt 51 vs alt 48 (parse attempt 1) -> OK (3276 chars)
2026-08-08 09:05:27.797   Evaluator (deepseek-v3.2): alt 51 vs alt 19 (parse attempt 1) -> OK (6033 chars)
2026-08-08 09:05:28.385   Evaluator (deepseek-v3.2): alt 51 vs alt 52 (parse attempt 1) -> OK (3583 chars)
2026-08-08 09:05:29.050   Evaluator (deepseek-v3.2): alt 51 vs alt 53 (parse attempt 1) -> OK (3133 chars)
2026-08-08 09:05:29.055   Evaluator (deepseek-v3.2): alt 51 vs alt 14 (parse attempt 1) -> OK (6265 chars)
2026-08-08 09:05:29.233   Evaluator (deepseek-v3.2): alt 51 vs alt 40 (parse attempt 1) -> OK (3937 chars)
2026-08-08 09:05:30.083   Evaluator (deepseek-v3.2): alt 51 vs alt 45 (parse attempt 1) -> OK (4674 chars)
2026-08-08 09:05:30.084 JSON parse failed (attempt 1/5): 'winner'
2026-08-08 09:05:30.503   Evaluator (deepseek-v3.2): alt 51 vs alt 56 (parse attempt 1) -> OK (3400 chars)
2026-08-08 09:05:30.691   Evaluator (deepseek-v3.2): alt 51 vs alt 58 (parse attempt 1) -> OK (2588 chars)
2026-08-08 09:05:30.699   Evaluator (deepseek-v3.2): alt 51 vs alt 44 (parse attempt 1) -> OK (4280 chars)
2026-08-08 09:05:30.725   Evaluator (deepseek-v3.2): alt 52 vs incumbent (parse attempt 1) -> OK (2272 chars)
2026-08-08 09:05:30.794   Evaluator (deepseek-v3.2): alt 51 vs alt 47 (parse attempt 1) -> OK (4041 chars)
2026-08-08 09:05:31.167   Evaluator (deepseek-v3.2): alt 51 vs alt 57 (parse attempt 1) -> OK (3736 chars)
2026-08-08 09:05:31.174   Evaluator (deepseek-v3.2): alt 51 vs alt 55 (parse attempt 1) -> OK (4660 chars)
2026-08-08 09:05:31.265   Evaluator (deepseek-v3.2): alt 52 vs alt 2 (parse attempt 1) -> OK (2263 chars)
2026-08-08 09:05:31.420   Evaluator (deepseek-v3.2): alt 51 vs alt 46 (parse attempt 1) -> OK (5091 chars)
2026-08-08 09:05:31.812   Evaluator (deepseek-v3.2): alt 52 vs alt 7 (parse attempt 1) -> OK (1754 chars)
2026-08-08 09:05:31.818   Evaluator (deepseek-v3.2): alt 52 vs alt 1 (parse attempt 1) -> OK (2535 chars)
2026-08-08 09:05:32.649   Evaluator (deepseek-v3.2): alt 51 vs alt 34 (parse attempt 1) -> OK (5474 chars)
2026-08-08 09:05:33.237   Evaluator (deepseek-v3.2): alt 51 vs alt 63 (parse attempt 1) -> OK (3413 chars)
2026-08-08 09:05:33.723   Evaluator (deepseek-v3.2): alt 51 vs alt 49 (parse attempt 1) -> OK (4980 chars)
2026-08-08 09:05:33.847   Evaluator (deepseek-v3.2): alt 52 vs alt 6 (parse attempt 1) -> OK (2425 chars)
2026-08-08 09:05:33.893   Evaluator (deepseek-v3.2): alt 52 vs alt 9 (parse attempt 1) -> OK (2246 chars)
2026-08-08 09:05:34.293   Evaluator (deepseek-v3.2): alt 52 vs alt 4 (parse attempt 1) -> OK (3399 chars)
2026-08-08 09:05:34.842   Evaluator (deepseek-v3.2): alt 51 vs alt 60 (parse attempt 1) -> OK (4577 chars)
2026-08-08 09:05:34.986   Evaluator (deepseek-v3.2): alt 51 vs alt 62 (parse attempt 1) -> OK (3937 chars)
2026-08-08 09:05:35.257   Evaluator (deepseek-v3.2): alt 51 vs alt 59 (parse attempt 1) -> OK (3975 chars)
2026-08-08 09:05:35.419   Evaluator (deepseek-v3.2): alt 51 vs alt 54 (parse attempt 1) -> OK (5671 chars)
2026-08-08 09:05:35.949   Evaluator (deepseek-v3.2): alt 52 vs alt 18 (parse attempt 1) -> OK (2239 chars)
2026-08-08 09:05:36.263   Evaluator (deepseek-v3.2): alt 52 vs alt 13 (parse attempt 1) -> OK (2518 chars)
2026-08-08 09:05:36.431   Evaluator (deepseek-v3.2): alt 52 vs alt 15 (parse attempt 1) -> OK (3126 chars)
2026-08-08 09:05:36.464   Evaluator (deepseek-v3.2): alt 52 vs alt 17 (parse attempt 1) -> OK (2632 chars)
2026-08-08 09:05:36.542   Evaluator (deepseek-v3.2): alt 52 vs alt 5 (parse attempt 1) -> OK (3669 chars)
2026-08-08 09:05:36.829   Evaluator (deepseek-v3.2): alt 52 vs alt 8 (parse attempt 1) -> OK (2994 chars)
2026-08-08 09:05:37.154   Evaluator (deepseek-v3.2): alt 52 vs alt 19 (parse attempt 1) -> OK (2451 chars)
2026-08-08 09:05:37.523   Evaluator (deepseek-v3.2): alt 52 vs alt 16 (parse attempt 1) -> OK (3459 chars)
2026-08-08 09:05:37.530   Evaluator (deepseek-v3.2): alt 52 vs alt 27 (parse attempt 1) -> OK (1902 chars)
2026-08-08 09:05:37.823   Evaluator (deepseek-v3.2): alt 52 vs alt 31 (parse attempt 1) -> OK (1885 chars)
2026-08-08 09:05:38.428   Evaluator (deepseek-v3.2): alt 52 vs alt 12 (parse attempt 1) -> OK (3420 chars)
2026-08-08 09:05:38.740   Evaluator (deepseek-v3.2): alt 52 vs alt 10 (parse attempt 1) -> OK (4053 chars)
2026-08-08 09:05:38.740 JSON parse failed (attempt 1/5): 'winner'
2026-08-08 09:05:38.746   Evaluator (deepseek-v3.2): alt 51 vs alt 61 (parse attempt 1) -> OK (4619 chars)
2026-08-08 09:05:38.746 JSON parse failed (attempt 1/5): 'winner'
2026-08-08 09:05:39.345   Evaluator (deepseek-v3.2): alt 52 vs alt 20 (parse attempt 1) -> OK (3176 chars)
2026-08-08 09:05:39.849   Evaluator (deepseek-v3.2): alt 52 vs alt 25 (parse attempt 1) -> OK (2188 chars)
2026-08-08 09:05:40.068   Evaluator (deepseek-v3.2): alt 52 vs alt 30 (parse attempt 1) -> OK (2407 chars)
2026-08-08 09:05:40.551   Evaluator (deepseek-v3.2): alt 52 vs alt 21 (parse attempt 1) -> OK (2774 chars)
2026-08-08 09:05:41.147   Evaluator (deepseek-v3.2): alt 52 vs alt 23 (parse attempt 1) -> OK (3720 chars)
2026-08-08 09:05:41.397   Evaluator (deepseek-v3.2): alt 52 vs alt 33 (parse attempt 1) -> OK (2610 chars)
2026-08-08 09:05:42.477   Evaluator (deepseek-v3.2): alt 52 vs alt 28 (parse attempt 1) -> OK (3805 chars)
2026-08-08 09:05:42.554   Evaluator (deepseek-v3.2): alt 52 vs alt 22 (parse attempt 1) -> OK (3798 chars)
2026-08-08 09:05:42.559   Evaluator (deepseek-v3.2): alt 52 vs alt 11 (parse attempt 1) -> OK (4393 chars)
2026-08-08 09:05:42.927   Evaluator (deepseek-v3.2): alt 52 vs alt 26 (parse attempt 1) -> OK (3323 chars)
2026-08-08 09:05:43.370   Evaluator (deepseek-v3.2): alt 52 vs alt 38 (parse attempt 1) -> OK (2677 chars)
2026-08-08 09:05:43.687   Evaluator (deepseek-v3.2): alt 52 vs alt 49 (parse attempt 1) -> OK (2134 chars)
2026-08-08 09:05:43.750   Evaluator (deepseek-v3.2): alt 52 vs alt 36 (parse attempt 1) -> OK (3100 chars)
2026-08-08 09:05:44.158   Evaluator (deepseek-v3.2): alt 52 vs alt 42 (parse attempt 1) -> OK (2952 chars)
2026-08-08 09:05:44.292   Evaluator (deepseek-v3.2): alt 52 vs alt 40 (parse attempt 1) -> OK (2747 chars)
2026-08-08 09:05:44.408   Evaluator (deepseek-v3.2): alt 52 vs alt 35 (parse attempt 1) -> OK (3814 chars)
2026-08-08 09:05:44.440   Evaluator (deepseek-v3.2): alt 52 vs alt 45 (parse attempt 1) -> OK (2699 chars)
2026-08-08 09:05:44.749   Evaluator (deepseek-v3.2): alt 52 vs alt 39 (parse attempt 1) -> OK (2661 chars)
2026-08-08 09:05:44.897   Evaluator (deepseek-v3.2): alt 52 vs alt 46 (parse attempt 1) -> OK (2479 chars)
2026-08-08 09:05:44.946   Evaluator (deepseek-v3.2): alt 52 vs alt 37 (parse attempt 1) -> OK (3595 chars)
2026-08-08 09:05:44.969   Evaluator (deepseek-v3.2): alt 52 vs alt 47 (parse attempt 1) -> OK (2316 chars)
2026-08-08 09:05:45.363   Evaluator (deepseek-v3.2): alt 52 vs alt 53 (parse attempt 1) -> OK (2622 chars)
2026-08-08 09:05:45.383   Evaluator (deepseek-v3.2): alt 52 vs alt 41 (parse attempt 1) -> OK (3539 chars)
2026-08-08 09:05:45.419   Evaluator (deepseek-v3.2): alt 52 vs alt 29 (parse attempt 1) -> OK (4304 chars)
2026-08-08 09:05:46.528   Evaluator (deepseek-v3.2): alt 52 vs alt 34 (parse attempt 1) -> OK (4564 chars)
2026-08-08 09:05:46.528 JSON parse failed (attempt 1/5): 'winner'
2026-08-08 09:05:46.554   Evaluator (deepseek-v3.2): alt 52 vs alt 32 (parse attempt 1) -> OK (4359 chars)
2026-08-08 09:05:46.838   Evaluator (deepseek-v3.2): alt 52 vs alt 14 (parse attempt 1) -> OK (3180 chars)
2026-08-08 09:05:47.040   Evaluator (deepseek-v3.2): alt 52 vs alt 44 (parse attempt 1) -> OK (3110 chars)
2026-08-08 09:05:47.337   Evaluator (deepseek-v3.2): alt 52 vs alt 55 (parse attempt 1) -> OK (2730 chars)
2026-08-08 09:05:47.396   Evaluator (deepseek-v3.2): alt 52 vs alt 59 (parse attempt 1) -> OK (2444 chars)
2026-08-08 09:05:47.713   Evaluator (deepseek-v3.2): alt 52 vs alt 50 (parse attempt 1) -> OK (3811 chars)
2026-08-08 09:05:47.930   Evaluator (deepseek-v3.2): alt 52 vs alt 51 (parse attempt 1) -> OK (3270 chars)
2026-08-08 09:05:49.158   Evaluator (deepseek-v3.2): alt 52 vs alt 54 (parse attempt 1) -> OK (3610 chars)
2026-08-08 09:05:49.171   Evaluator (deepseek-v3.2): alt 52 vs alt 43 (parse attempt 1) -> OK (3866 chars)
2026-08-08 09:05:49.493   Evaluator (deepseek-v3.2): alt 53 vs incumbent (parse attempt 1) -> OK (2343 chars)
2026-08-08 09:05:49.677   Evaluator (deepseek-v3.2): alt 52 vs alt 61 (parse attempt 1) -> OK (2129 chars)
2026-08-08 09:05:49.858   Evaluator (deepseek-v3.2): alt 52 vs alt 24 (parse attempt 1) -> OK (4500 chars)
2026-08-08 09:05:49.925   Evaluator (deepseek-v3.2): alt 52 vs alt 58 (parse attempt 1) -> OK (3254 chars)
2026-08-08 09:05:50.243   Evaluator (deepseek-v3.2): alt 52 vs alt 60 (parse attempt 1) -> OK (3109 chars)
2026-08-08 09:05:50.369   Evaluator (deepseek-v3.2): alt 53 vs alt 3 (parse attempt 1) -> OK (2063 chars)
2026-08-08 09:05:50.420   Evaluator (deepseek-v3.2): alt 52 vs alt 48 (parse attempt 1) -> OK (4710 chars)
2026-08-08 09:05:50.941   Evaluator (deepseek-v3.2): alt 53 vs alt 6 (parse attempt 1) -> OK (2308 chars)
2026-08-08 09:05:51.206   Evaluator (deepseek-v3.2): alt 53 vs alt 4 (parse attempt 1) -> OK (2269 chars)
2026-08-08 09:05:51.366   Evaluator (deepseek-v3.2): alt 52 vs alt 57 (parse attempt 1) -> OK (3775 chars)
2026-08-08 09:05:52.093   Evaluator (deepseek-v3.2): alt 52 vs alt 3 (parse attempt 1) -> OK (4113 chars)
2026-08-08 09:05:52.336   Evaluator (deepseek-v3.2): alt 52 vs alt 62 (parse attempt 1) -> OK (3186 chars)
2026-08-08 09:05:52.357   Evaluator (deepseek-v3.2): alt 52 vs alt 63 (parse attempt 1) -> OK (3095 chars)
2026-08-08 09:05:52.593   Evaluator (deepseek-v3.2): alt 53 vs alt 7 (parse attempt 1) -> OK (2582 chars)
2026-08-08 09:05:52.658   Evaluator (deepseek-v3.2): alt 53 vs alt 1 (parse attempt 1) -> OK (3200 chars)
2026-08-08 09:05:54.098   Evaluator (deepseek-v3.2): alt 53 vs alt 9 (parse attempt 1) -> OK (2952 chars)
2026-08-08 09:05:54.359   Evaluator (deepseek-v3.2): alt 53 vs alt 10 (parse attempt 1) -> OK (3348 chars)
2026-08-08 09:05:54.432   Evaluator (deepseek-v3.2): alt 53 vs alt 2 (parse attempt 1) -> OK (3052 chars)
2026-08-08 09:05:54.524   Evaluator (deepseek-v3.2): alt 52 vs alt 56 (parse attempt 1) -> OK (4594 chars)
2026-08-08 09:05:54.525 JSON parse failed (attempt 1/5): Expecting ':' delimiter: line 3 column 8 (char 4578)
2026-08-08 09:05:54.606   Evaluator (deepseek-v3.2): alt 53 vs alt 19 (parse attempt 1) -> OK (2449 chars)
2026-08-08 09:05:54.870   Evaluator (deepseek-v3.2): alt 53 vs alt 16 (parse attempt 1) -> OK (2865 chars)
2026-08-08 09:05:54.888   Evaluator (deepseek-v3.2): alt 53 vs alt 5 (parse attempt 1) -> OK (3168 chars)
2026-08-08 09:05:55.395   Evaluator (deepseek-v3.2): alt 53 vs alt 17 (parse attempt 1) -> OK (2712 chars)
2026-08-08 09:05:55.786   Evaluator (deepseek-v3.2): alt 53 vs alt 12 (parse attempt 1) -> OK (3078 chars)
2026-08-08 09:05:56.021   Evaluator (deepseek-v3.2): alt 53 vs alt 15 (parse attempt 1) -> OK (3130 chars)
2026-08-08 09:05:57.635   Evaluator (deepseek-v3.2): alt 53 vs alt 13 (parse attempt 1) -> OK (3979 chars)
2026-08-08 09:05:58.118   Evaluator (deepseek-v3.2): alt 53 vs alt 20 (parse attempt 1) -> OK (3239 chars)
2026-08-08 09:05:58.239   Evaluator (deepseek-v3.2): alt 53 vs alt 28 (parse attempt 1) -> OK (2513 chars)
2026-08-08 09:05:58.867   Evaluator (deepseek-v3.2): alt 53 vs alt 22 (parse attempt 1) -> OK (3295 chars)
2026-08-08 09:05:59.042   Evaluator (deepseek-v3.2): alt 53 vs alt 29 (parse attempt 1) -> OK (2595 chars)
2026-08-08 09:05:59.233   Evaluator (deepseek-v3.2): alt 53 vs alt 37 (parse attempt 1) -> OK (2199 chars)
2026-08-08 09:05:59.357   Evaluator (deepseek-v3.2): alt 53 vs alt 38 (parse attempt 1) -> OK (2553 chars)
2026-08-08 09:05:59.936   Evaluator (deepseek-v3.2): alt 53 vs alt 26 (parse attempt 1) -> OK (2714 chars)
2026-08-08 09:05:59.951   Evaluator (deepseek-v3.2): alt 53 vs alt 21 (parse attempt 1) -> OK (4115 chars)
2026-08-08 09:06:00.459   Evaluator (deepseek-v3.2): alt 53 vs alt 27 (parse attempt 1) -> OK (3849 chars)
2026-08-08 09:06:01.201   Evaluator (deepseek-v3.2): alt 53 vs alt 30 (parse attempt 1) -> OK (2983 chars)
2026-08-08 09:06:01.262   Evaluator (deepseek-v3.2): alt 53 vs alt 34 (parse attempt 1) -> OK (3523 chars)
2026-08-08 09:06:01.276   Evaluator (deepseek-v3.2): alt 53 vs alt 36 (parse attempt 1) -> OK (2976 chars)
2026-08-08 09:06:01.794   Evaluator (deepseek-v3.2): alt 53 vs alt 23 (parse attempt 1) -> OK (3917 chars)
2026-08-08 09:06:02.000   Evaluator (deepseek-v3.2): alt 53 vs alt 25 (parse attempt 1) -> OK (3835 chars)
2026-08-08 09:06:02.188   Evaluator (deepseek-v3.2): alt 53 vs alt 18 (parse attempt 1) -> OK (4616 chars)
2026-08-08 09:06:02.534   Evaluator (deepseek-v3.2): alt 53 vs alt 39 (parse attempt 1) -> OK (3449 chars)
2026-08-08 09:06:02.790   Evaluator (deepseek-v3.2): alt 53 vs alt 14 (parse attempt 1) -> OK (4805 chars)
2026-08-08 09:06:03.178   Evaluator (deepseek-v3.2): alt 53 vs alt 54 (parse attempt 1) -> OK (2068 chars)
2026-08-08 09:06:03.191   Evaluator (deepseek-v3.2): alt 53 vs alt 42 (parse attempt 1) -> OK (2970 chars)
2026-08-08 09:06:03.266   Evaluator (deepseek-v3.2): alt 53 vs alt 41 (parse attempt 1) -> OK (3610 chars)
2026-08-08 09:06:03.412   Evaluator (deepseek-v3.2): alt 53 vs alt 43 (parse attempt 1) -> OK (2689 chars)
2026-08-08 09:06:03.673   Evaluator (deepseek-v3.2): alt 53 vs alt 47 (parse attempt 1) -> OK (2593 chars)
2026-08-08 09:06:03.803   Evaluator (deepseek-v3.2): alt 53 vs alt 51 (parse attempt 1) -> OK (2361 chars)
2026-08-08 09:06:03.927   Evaluator (deepseek-v3.2): alt 53 vs alt 32 (parse attempt 1) -> OK (3810 chars)
2026-08-08 09:06:04.150   Evaluator (deepseek-v3.2): alt 53 vs alt 50 (parse attempt 1) -> OK (2603 chars)
2026-08-08 09:06:04.587   Evaluator (deepseek-v3.2): alt 53 vs alt 48 (parse attempt 1) -> OK (2786 chars)
2026-08-08 09:06:05.230   Evaluator (deepseek-v3.2): alt 53 vs alt 11 (parse attempt 1) -> OK (5329 chars)
2026-08-08 09:06:05.601   Evaluator (deepseek-v3.2): alt 53 vs alt 31 (parse attempt 1) -> OK (4250 chars)
2026-08-08 09:06:06.908   Evaluator (deepseek-v3.2): alt 53 vs alt 8 (parse attempt 1) -> OK (6278 chars)
2026-08-08 09:06:07.012   Evaluator (deepseek-v3.2): alt 53 vs alt 49 (parse attempt 1) -> OK (3505 chars)
2026-08-08 09:06:07.200   Evaluator (deepseek-v3.2): alt 53 vs alt 60 (parse attempt 1) -> OK (2338 chars)
2026-08-08 09:06:07.741   Evaluator (deepseek-v3.2): alt 53 vs alt 35 (parse attempt 1) -> OK (5148 chars)
2026-08-08 09:06:07.831   Evaluator (deepseek-v3.2): alt 53 vs alt 44 (parse attempt 1) -> OK (4087 chars)
2026-08-08 09:06:08.067   Evaluator (deepseek-v3.2): alt 53 vs alt 62 (parse attempt 1) -> OK (2584 chars)
2026-08-08 09:06:08.822   Evaluator (deepseek-v3.2): alt 53 vs alt 52 (parse attempt 1) -> OK (3710 chars)
2026-08-08 09:06:08.941   Evaluator (deepseek-v3.2): alt 53 vs alt 56 (parse attempt 1) -> OK (3092 chars)
2026-08-08 09:06:09.092   Evaluator (deepseek-v3.2): alt 53 vs alt 61 (parse attempt 1) -> OK (2854 chars)
2026-08-08 09:06:09.192   Evaluator (deepseek-v3.2): alt 53 vs alt 59 (parse attempt 1) -> OK (2734 chars)
2026-08-08 09:06:09.248   Evaluator (deepseek-v3.2): alt 53 vs alt 40 (parse attempt 1) -> OK (4496 chars)
2026-08-08 09:06:09.811   Evaluator (deepseek-v3.2): alt 54 vs alt 5 (parse attempt 1) -> OK (2289 chars)
2026-08-08 09:06:09.967   Evaluator (deepseek-v3.2): alt 54 vs incumbent (parse attempt 1) -> OK (2747 chars)
2026-08-08 09:06:09.967 JSON parse failed (attempt 1/5): Unterminated string starting at: line 2 column 17 (char 18)
2026-08-08 09:06:10.703   Evaluator (deepseek-v3.2): alt 53 vs alt 24 (parse attempt 1) -> OK (6831 chars)
2026-08-08 09:06:11.180   Evaluator (deepseek-v3.2): alt 53 vs alt 57 (parse attempt 1) -> OK (3895 chars)
2026-08-08 09:06:11.795   Evaluator (deepseek-v3.2): alt 54 vs alt 2 (parse attempt 1) -> OK (2715 chars)
2026-08-08 09:06:12.186   Evaluator (deepseek-v3.2): alt 53 vs alt 63 (parse attempt 1) -> OK (3940 chars)
2026-08-08 09:06:12.425   Evaluator (deepseek-v3.2): alt 54 vs alt 10 (parse attempt 1) -> OK (2796 chars)
2026-08-08 09:06:12.460   Evaluator (deepseek-v3.2): alt 54 vs alt 18 (parse attempt 1) -> OK (1671 chars)
2026-08-08 09:06:12.930   Evaluator (deepseek-v3.2): alt 53 vs alt 55 (parse attempt 1) -> OK (4638 chars)
2026-08-08 09:06:12.983   Evaluator (deepseek-v3.2): alt 53 vs alt 45 (parse attempt 1) -> OK (5178 chars)
2026-08-08 09:06:13.020   Evaluator (deepseek-v3.2): alt 54 vs alt 16 (parse attempt 1) -> OK (2524 chars)
2026-08-08 09:06:13.138   Evaluator (deepseek-v3.2): alt 54 vs alt 1 (parse attempt 1) -> OK (3350 chars)
2026-08-08 09:06:13.147   Evaluator (deepseek-v3.2): alt 54 vs alt 13 (parse attempt 1) -> OK (3174 chars)
2026-08-08 09:06:13.709   Evaluator (deepseek-v3.2): alt 54 vs alt 8 (parse attempt 1) -> OK (3353 chars)
2026-08-08 09:06:13.743   Evaluator (deepseek-v3.2): alt 54 vs alt 3 (parse attempt 1) -> OK (2903 chars)
2026-08-08 09:06:13.894   Evaluator (deepseek-v3.2): alt 54 vs alt 6 (parse attempt 1) -> OK (3890 chars)
2026-08-08 09:06:13.927   Evaluator (deepseek-v3.2): alt 53 vs alt 46 (parse attempt 1) -> OK (5745 chars)
2026-08-08 09:06:14.432   Evaluator (deepseek-v3.2): alt 54 vs alt 12 (parse attempt 1) -> OK (3547 chars)
2026-08-08 09:06:14.598   Evaluator (deepseek-v3.2): alt 54 vs alt 4 (parse attempt 1) -> OK (3400 chars)
2026-08-08 09:06:15.189   Evaluator (deepseek-v3.2): alt 53 vs alt 58 (parse attempt 1) -> OK (4478 chars)
2026-08-08 09:06:16.349   Evaluator (deepseek-v3.2): alt 54 vs alt 9 (parse attempt 1) -> OK (4167 chars)
2026-08-08 09:06:16.385   Evaluator (deepseek-v3.2): alt 54 vs alt 17 (parse attempt 1) -> OK (3052 chars)
2026-08-08 09:06:16.429   Evaluator (deepseek-v3.2): alt 54 vs alt 26 (parse attempt 1) -> OK (2725 chars)
2026-08-08 09:06:17.060   Evaluator (deepseek-v3.2): alt 54 vs alt 20 (parse attempt 1) -> OK (3684 chars)
2026-08-08 09:06:17.560   Evaluator (deepseek-v3.2): alt 54 vs alt 22 (parse attempt 1) -> OK (2751 chars)
2026-08-08 09:06:17.612   Evaluator (deepseek-v3.2): alt 53 vs alt 33 (parse attempt 1) -> OK (7402 chars)
2026-08-08 09:06:18.266   Evaluator (deepseek-v3.2): alt 54 vs alt 15 (parse attempt 1) -> OK (3737 chars)
2026-08-08 09:06:19.232   Evaluator (deepseek-v3.2): alt 54 vs alt 29 (parse attempt 1) -> OK (2983 chars)
2026-08-08 09:06:19.471   Evaluator (deepseek-v3.2): alt 54 vs alt 27 (parse attempt 1) -> OK (2899 chars)
2026-08-08 09:06:19.477   Evaluator (deepseek-v3.2): alt 54 vs alt 11 (parse attempt 1) -> OK (3751 chars)
2026-08-08 09:06:19.700   Evaluator (deepseek-v3.2): alt 54 vs alt 21 (parse attempt 1) -> OK (3354 chars)
2026-08-08 09:06:19.709   Evaluator (deepseek-v3.2): alt 54 vs alt 24 (parse attempt 1) -> OK (3725 chars)
2026-08-08 09:06:20.180   Evaluator (deepseek-v3.2): alt 54 vs alt 28 (parse attempt 1) -> OK (3104 chars)
2026-08-08 09:06:20.254   Evaluator (deepseek-v3.2): alt 54 vs alt 23 (parse attempt 1) -> OK (3763 chars)
2026-08-08 09:06:20.320   Evaluator (deepseek-v3.2): alt 54 vs alt 42 (parse attempt 1) -> OK (1900 chars)
2026-08-08 09:06:20.409   Evaluator (deepseek-v3.2): alt 54 vs alt 31 (parse attempt 1) -> OK (2881 chars)
2026-08-08 09:06:20.640   Evaluator (deepseek-v3.2): alt 54 vs alt 32 (parse attempt 1) -> OK (3509 chars)
2026-08-08 09:06:21.035   Evaluator (deepseek-v3.2): alt 54 vs alt 33 (parse attempt 1) -> OK (2934 chars)
2026-08-08 09:06:21.066   Evaluator (deepseek-v3.2): alt 54 vs alt 25 (parse attempt 1) -> OK (3727 chars)
2026-08-08 09:06:21.281   Evaluator (deepseek-v3.2): alt 54 vs alt 30 (parse attempt 1) -> OK (3562 chars)
2026-08-08 09:06:21.462   Evaluator (deepseek-v3.2): alt 54 vs alt 19 (parse attempt 1) -> OK (4468 chars)
2026-08-08 09:06:21.877   Evaluator (deepseek-v3.2): alt 54 vs alt 35 (parse attempt 1) -> OK (3179 chars)
2026-08-08 09:06:22.053   Evaluator (deepseek-v3.2): alt 54 vs alt 48 (parse attempt 1) -> OK (2249 chars)
2026-08-08 09:06:22.754   Evaluator (deepseek-v3.2): alt 54 vs alt 38 (parse attempt 1) -> OK (2271 chars)
2026-08-08 09:06:22.902   Evaluator (deepseek-v3.2): alt 54 vs alt 14 (parse attempt 1) -> OK (5829 chars)
2026-08-08 09:06:23.097   Evaluator (deepseek-v3.2): alt 54 vs alt 50 (parse attempt 1) -> OK (1948 chars)
2026-08-08 09:06:23.157   Evaluator (deepseek-v3.2): alt 54 vs alt 36 (parse attempt 1) -> OK (3804 chars)
2026-08-08 09:06:23.237   Evaluator (deepseek-v3.2): alt 54 vs alt 44 (parse attempt 1) -> OK (2625 chars)
2026-08-08 09:06:24.375   Evaluator (deepseek-v3.2): alt 54 vs alt 52 (parse attempt 1) -> OK (2223 chars)
2026-08-08 09:06:24.557   Evaluator (deepseek-v3.2): alt 54 vs alt 41 (parse attempt 1) -> OK (3349 chars)
2026-08-08 09:06:24.753   Evaluator (deepseek-v3.2): alt 54 vs alt 43 (parse attempt 1) -> OK (3435 chars)
2026-08-08 09:06:25.170   Evaluator (deepseek-v3.2): alt 54 vs alt 57 (parse attempt 1) -> OK (2380 chars)
2026-08-08 09:06:25.183   Evaluator (deepseek-v3.2): alt 54 vs alt 47 (parse attempt 1) -> OK (3333 chars)
2026-08-08 09:06:25.510   Evaluator (deepseek-v3.2): alt 54 vs alt 55 (parse attempt 1) -> OK (2726 chars)
2026-08-08 09:06:25.840   Evaluator (deepseek-v3.2): alt 54 vs alt 37 (parse attempt 1) -> OK (3986 chars)
2026-08-08 09:06:26.583   Evaluator (deepseek-v3.2): alt 55 vs incumbent (parse attempt 1) -> OK (1990 chars)
2026-08-08 09:06:26.812   Evaluator (deepseek-v3.2): alt 54 vs alt 49 (parse attempt 1) -> OK (3772 chars)
2026-08-08 09:06:27.032   Evaluator (deepseek-v3.2): alt 54 vs alt 58 (parse attempt 1) -> OK (2952 chars)
2026-08-08 09:06:28.252   Evaluator (deepseek-v3.2): alt 54 vs alt 53 (parse attempt 1) -> OK (3449 chars)
2026-08-08 09:06:28.470   Evaluator (deepseek-v3.2): alt 54 vs alt 40 (parse attempt 1) -> OK (4305 chars)
2026-08-08 09:06:28.470 JSON parse failed (attempt 1/5): 'winner'
2026-08-08 09:06:28.478   Evaluator (deepseek-v3.2): alt 54 vs alt 56 (parse attempt 1) -> OK (2834 chars)
2026-08-08 09:06:28.952   Evaluator (deepseek-v3.2): alt 54 vs alt 63 (parse attempt 1) -> OK (2717 chars)
2026-08-08 09:06:29.274   Evaluator (deepseek-v3.2): alt 55 vs alt 9 (parse attempt 1) -> OK (2570 chars)
2026-08-08 09:06:29.355   Evaluator (deepseek-v3.2): alt 54 vs alt 59 (parse attempt 1) -> OK (3089 chars)
2026-08-08 09:06:29.371   Evaluator (deepseek-v3.2): alt 54 vs alt 45 (parse attempt 1) -> OK (3762 chars)
2026-08-08 09:06:29.504   Evaluator (deepseek-v3.2): alt 55 vs alt 3 (parse attempt 1) -> OK (2403 chars)
2026-08-08 09:06:29.952   Evaluator (deepseek-v3.2): alt 55 vs alt 8 (parse attempt 1) -> OK (2387 chars)
2026-08-08 09:06:30.029   Evaluator (deepseek-v3.2): alt 54 vs alt 51 (parse attempt 1) -> OK (3216 chars)
2026-08-08 09:06:30.310   Evaluator (deepseek-v3.2): alt 54 vs alt 61 (parse attempt 1) -> OK (2694 chars)
2026-08-08 09:06:30.860   Evaluator (deepseek-v3.2): alt 54 vs alt 62 (parse attempt 1) -> OK (2609 chars)
2026-08-08 09:06:31.147   Evaluator (deepseek-v3.2): alt 54 vs alt 46 (parse attempt 1) -> OK (4052 chars)
2026-08-08 09:06:31.779   Evaluator (deepseek-v3.2): alt 54 vs alt 34 (parse attempt 1) -> OK (6358 chars)
2026-08-08 09:06:31.779 JSON parse failed (attempt 1/5): 'winner'
2026-08-08 09:06:32.170   Evaluator (deepseek-v3.2): alt 55 vs alt 15 (parse attempt 1) -> OK (2280 chars)
2026-08-08 09:06:32.378   Evaluator (deepseek-v3.2): alt 55 vs alt 20 (parse attempt 1) -> OK (1982 chars)
2026-08-08 09:06:32.402   Evaluator (deepseek-v3.2): alt 55 vs alt 16 (parse attempt 1) -> OK (2672 chars)
2026-08-08 09:06:32.471   Evaluator (deepseek-v3.2): alt 54 vs alt 7 (parse attempt 1) -> OK (4574 chars)
2026-08-08 09:06:32.471 JSON parse failed (attempt 1/5): 'winner'
2026-08-08 09:06:32.494   Evaluator (deepseek-v3.2): alt 55 vs alt 2 (parse attempt 1) -> OK (3426 chars)
2026-08-08 09:06:33.380   Evaluator (deepseek-v3.2): alt 54 vs alt 60 (parse attempt 1) -> OK (4396 chars)
2026-08-08 09:06:33.554   Evaluator (deepseek-v3.2): alt 55 vs alt 13 (parse attempt 1) -> OK (2779 chars)
2026-08-08 09:06:33.649   Evaluator (deepseek-v3.2): alt 55 vs alt 14 (parse attempt 1) -> OK (2570 chars)
2026-08-08 09:06:33.713   Evaluator (deepseek-v3.2): alt 48 vs alt 6 (parse attempt 2) -> OK (2243 chars)
2026-08-08 09:06:34.315   Evaluator (deepseek-v3.2): alt 55 vs alt 19 (parse attempt 1) -> OK (2642 chars)
2026-08-08 09:06:35.376   Evaluator (deepseek-v3.2): alt 55 vs alt 18 (parse attempt 1) -> OK (3670 chars)
2026-08-08 09:06:35.892   Evaluator (deepseek-v3.2): alt 55 vs alt 5 (parse attempt 1) -> OK (4849 chars)
2026-08-08 09:06:35.893 JSON parse failed (attempt 1/5): 'winner'
2026-08-08 09:06:36.179   Evaluator (deepseek-v3.2): alt 55 vs alt 6 (parse attempt 1) -> OK (2597 chars)
2026-08-08 09:06:36.591   Evaluator (deepseek-v3.2): alt 55 vs alt 26 (parse attempt 1) -> OK (3046 chars)
2026-08-08 09:06:36.767   Evaluator (deepseek-v3.2): alt 55 vs alt 1 (parse attempt 1) -> OK (4789 chars)
2026-08-08 09:06:37.449   Evaluator (deepseek-v3.2): alt 55 vs alt 7 (parse attempt 1) -> OK (4727 chars)
2026-08-08 09:06:37.766   Evaluator (deepseek-v3.2): alt 55 vs alt 12 (parse attempt 1) -> OK (4812 chars)
2026-08-08 09:06:37.766 JSON parse failed (attempt 1/5): 'winner'
2026-08-08 09:06:37.775   Evaluator (deepseek-v3.2): alt 55 vs alt 30 (parse attempt 1) -> OK (2598 chars)
2026-08-08 09:06:37.791   Evaluator (deepseek-v3.2): alt 55 vs alt 17 (parse attempt 1) -> OK (3438 chars)
2026-08-08 09:06:37.806   Evaluator (deepseek-v3.2): alt 55 vs alt 27 (parse attempt 1) -> OK (2495 chars)
2026-08-08 09:06:38.001   Evaluator (deepseek-v3.2): alt 54 vs alt 39 (parse attempt 1) -> OK (3887 chars)
2026-08-08 09:06:38.051   Evaluator (deepseek-v3.2): alt 55 vs alt 34 (parse attempt 1) -> OK (2833 chars)
2026-08-08 09:06:39.252   Evaluator (deepseek-v3.2): alt 55 vs alt 29 (parse attempt 1) -> OK (2891 chars)
2026-08-08 09:06:39.752   Evaluator (deepseek-v3.2): alt 55 vs alt 22 (parse attempt 1) -> OK (4080 chars)
2026-08-08 09:06:40.372   Evaluator (deepseek-v3.2): alt 55 vs alt 23 (parse attempt 1) -> OK (3751 chars)
2026-08-08 09:06:40.604   Evaluator (deepseek-v3.2): alt 55 vs alt 25 (parse attempt 1) -> OK (3882 chars)
2026-08-08 09:06:41.675   Evaluator (deepseek-v3.2): alt 55 vs alt 4 (parse attempt 1) -> OK (3068 chars)
2026-08-08 09:06:41.746   Evaluator (deepseek-v3.2): alt 51 vs alt 45 (parse attempt 2) -> OK (2118 chars)
2026-08-08 09:06:42.138   Evaluator (deepseek-v3.2): alt 54 vs incumbent (parse attempt 2) -> OK (2517 chars)
2026-08-08 09:06:43.062   Evaluator (deepseek-v3.2): alt 55 vs alt 33 (parse attempt 1) -> OK (3801 chars)
2026-08-08 09:06:43.245   Evaluator (deepseek-v3.2): alt 52 vs alt 10 (parse attempt 2) -> OK (3008 chars)
2026-08-08 09:06:43.884   Evaluator (deepseek-v3.2): alt 54 vs alt 34 (parse attempt 2) -> OK (2393 chars)
2026-08-08 09:06:44.223   Evaluator (deepseek-v3.2): alt 55 vs alt 28 (parse attempt 1) -> OK (4271 chars)
2026-08-08 09:06:44.663   Evaluator (deepseek-v3.2): alt 55 vs alt 11 (parse attempt 1) -> OK (6279 chars)
2026-08-08 09:06:45.428   Evaluator (deepseek-v3.2): alt 54 vs alt 40 (parse attempt 2) -> OK (2805 chars)
2026-08-08 09:06:45.443   Evaluator (deepseek-v3.2): alt 52 vs alt 56 (parse attempt 2) -> OK (3450 chars)
2026-08-08 09:06:45.702   Evaluator (deepseek-v3.2): alt 52 vs alt 34 (parse attempt 2) -> OK (3969 chars)
2026-08-08 09:06:46.253   Evaluator (deepseek-v3.2): alt 55 vs alt 12 (parse attempt 2) -> OK (2243 chars)
2026-08-08 09:06:47.045   Evaluator (deepseek-v3.2): alt 55 vs alt 10 (parse attempt 1) -> OK (7177 chars)
2026-08-08 09:06:47.510   Evaluator (deepseek-v3.2): alt 47 vs alt 39 (parse attempt 2) -> OK (2253 chars)
2026-08-08 09:06:47.645   Evaluator (deepseek-v3.2): alt 55 vs alt 31 (parse attempt 1) -> OK (4839 chars)
2026-08-08 09:06:48.760   Evaluator (deepseek-v3.2): alt 55 vs alt 24 (parse attempt 1) -> OK (6189 chars)
2026-08-08 09:06:49.087   Evaluator (deepseek-v3.2): alt 55 vs alt 21 (parse attempt 1) -> OK (4148 chars)
2026-08-08 09:06:49.158   Evaluator (deepseek-v3.2): alt 51 vs alt 61 (parse attempt 2) -> OK (3903 chars)
2026-08-08 09:06:50.596   Evaluator (deepseek-v3.2): alt 48 vs alt 5 (parse attempt 2) -> OK (3580 chars)
2026-08-08 09:06:50.905   Evaluator (deepseek-v3.2): alt 55 vs alt 32 (parse attempt 1) -> OK (5830 chars)
2026-08-08 09:06:51.748   Evaluator (deepseek-v3.2): alt 54 vs alt 7 (parse attempt 2) -> OK (5061 chars)
2026-08-08 09:06:51.748 JSON parse failed (attempt 2/5): 'winner'
2026-08-08 09:06:53.387   Evaluator (deepseek-v3.2): alt 49 vs alt 3 (parse attempt 2) -> OK (3227 chars)
2026-08-08 09:06:54.309   Evaluator (deepseek-v3.2): alt 55 vs alt 5 (parse attempt 2) -> OK (5335 chars)
2026-08-08 09:06:59.614   Evaluator (deepseek-v3.2): alt 49 vs alt 39 (parse attempt 2) -> OK (4176 chars)
2026-08-08 09:06:59.839   Evaluator (deepseek-v3.2): alt 49 vs alt 29 (parse attempt 2) -> OK (4866 chars)
2026-08-08 09:07:01.271   Evaluator (deepseek-v3.2): alt 48 vs alt 39 (parse attempt 2) -> OK (3855 chars)
2026-08-08 09:07:01.272 JSON parse failed (attempt 2/5): 'winner'
2026-08-08 09:07:02.677   Evaluator (deepseek-v3.2): alt 54 vs alt 7 (parse attempt 3) -> OK (2943 chars)
2026-08-08 09:07:05.508   Evaluator (deepseek-v3.2): alt 49 vs alt 21 (parse attempt 2) -> OK (5457 chars)
2026-08-08 09:07:05.509 JSON parse failed (attempt 2/5): 'winner'
2026-08-08 09:07:07.108   Evaluator (deepseek-v3.2): alt 48 vs alt 34 (parse attempt 2) -> OK (4695 chars)
2026-08-08 09:07:07.108 JSON parse failed (attempt 2/5): 'winner'
2026-08-08 09:07:08.849   Evaluator (deepseek-v3.2): alt 48 vs alt 39 (parse attempt 3) -> OK (4571 chars)
2026-08-08 09:07:41.925   Evaluator (deepseek-v3.2): alt 49 vs alt 21 (parse attempt 3) -> OK (6093 chars)
2026-08-08 09:08:09.777   Evaluator (deepseek-v3.2): alt 48 vs alt 34 (parse attempt 3) -> OK (5859 chars)
2026-08-08 09:08:09.778   Evaluator batch 3001-3500 / 4032 done
2026-08-08 09:08:18.565   Evaluator (deepseek-v3.2): alt 56 vs alt 5 (parse attempt 1) -> OK (2126 chars)
2026-08-08 09:08:18.767   Evaluator (deepseek-v3.2): alt 55 vs alt 50 (parse attempt 1) -> OK (2233 chars)
2026-08-08 09:08:18.918   Evaluator (deepseek-v3.2): alt 55 vs alt 54 (parse attempt 1) -> OK (2537 chars)
2026-08-08 09:08:19.317   Evaluator (deepseek-v3.2): alt 55 vs alt 46 (parse attempt 1) -> OK (2426 chars)
2026-08-08 09:08:19.395   Evaluator (deepseek-v3.2): alt 56 vs alt 10 (parse attempt 1) -> OK (1992 chars)
2026-08-08 09:08:19.401   Evaluator (deepseek-v3.2): alt 56 vs alt 9 (parse attempt 1) -> OK (2017 chars)
2026-08-08 09:08:19.455   Evaluator (deepseek-v3.2): alt 55 vs alt 59 (parse attempt 1) -> OK (2736 chars)
2026-08-08 09:08:19.744   Evaluator (deepseek-v3.2): alt 55 vs alt 48 (parse attempt 1) -> OK (2705 chars)
2026-08-08 09:08:20.293   Evaluator (deepseek-v3.2): alt 55 vs alt 47 (parse attempt 1) -> OK (2995 chars)
2026-08-08 09:08:20.420   Evaluator (deepseek-v3.2): alt 55 vs alt 52 (parse attempt 1) -> OK (2638 chars)
2026-08-08 09:08:20.555   Evaluator (deepseek-v3.2): alt 55 vs alt 53 (parse attempt 1) -> OK (2855 chars)
2026-08-08 09:08:20.634   Evaluator (deepseek-v3.2): alt 56 vs alt 3 (parse attempt 1) -> OK (2803 chars)
2026-08-08 09:08:20.639   Evaluator (deepseek-v3.2): alt 55 vs alt 36 (parse attempt 1) -> OK (2991 chars)
2026-08-08 09:08:20.658   Evaluator (deepseek-v3.2): alt 55 vs alt 63 (parse attempt 1) -> OK (3110 chars)
2026-08-08 09:08:20.730   Evaluator (deepseek-v3.2): alt 55 vs alt 60 (parse attempt 1) -> OK (2748 chars)
2026-08-08 09:08:21.053   Evaluator (deepseek-v3.2): alt 55 vs alt 56 (parse attempt 1) -> OK (3059 chars)
2026-08-08 09:08:21.097   Evaluator (deepseek-v3.2): alt 56 vs alt 8 (parse attempt 1) -> OK (2405 chars)
2026-08-08 09:08:21.439   Evaluator (deepseek-v3.2): alt 55 vs alt 35 (parse attempt 1) -> OK (3244 chars)
2026-08-08 09:08:21.651   Evaluator (deepseek-v3.2): alt 55 vs alt 51 (parse attempt 1) -> OK (3434 chars)
2026-08-08 09:08:21.934   Evaluator (deepseek-v3.2): alt 55 vs alt 61 (parse attempt 1) -> OK (3005 chars)
2026-08-08 09:08:21.983   Evaluator (deepseek-v3.2): alt 56 vs alt 6 (parse attempt 1) -> OK (2924 chars)
2026-08-08 09:08:22.156   Evaluator (deepseek-v3.2): alt 56 vs alt 11 (parse attempt 1) -> OK (2948 chars)
2026-08-08 09:08:22.409   Evaluator (deepseek-v3.2): alt 55 vs alt 43 (parse attempt 1) -> OK (3501 chars)
2026-08-08 09:08:22.976   Evaluator (deepseek-v3.2): alt 55 vs alt 41 (parse attempt 1) -> OK (3421 chars)
2026-08-08 09:08:23.141   Evaluator (deepseek-v3.2): alt 55 vs alt 44 (parse attempt 1) -> OK (3711 chars)
2026-08-08 09:08:23.746   Evaluator (deepseek-v3.2): alt 55 vs alt 40 (parse attempt 1) -> OK (3263 chars)
2026-08-08 09:08:24.231   Evaluator (deepseek-v3.2): alt 55 vs alt 58 (parse attempt 1) -> OK (3662 chars)
2026-08-08 09:08:24.824   Evaluator (deepseek-v3.2): alt 55 vs alt 49 (parse attempt 1) -> OK (3843 chars)
2026-08-08 09:08:25.101   Evaluator (deepseek-v3.2): alt 55 vs alt 45 (parse attempt 1) -> OK (4126 chars)
2026-08-08 09:08:25.539   Evaluator (deepseek-v3.2): alt 55 vs alt 62 (parse attempt 1) -> OK (4108 chars)
2026-08-08 09:08:25.670   Evaluator (deepseek-v3.2): alt 56 vs alt 7 (parse attempt 1) -> OK (3345 chars)
2026-08-08 09:08:25.917   Evaluator (deepseek-v3.2): alt 56 vs alt 14 (parse attempt 1) -> OK (1944 chars)
2026-08-08 09:08:26.878   Evaluator (deepseek-v3.2): alt 55 vs alt 38 (parse attempt 1) -> OK (4631 chars)
2026-08-08 09:08:27.791   Evaluator (deepseek-v3.2): alt 55 vs alt 37 (parse attempt 1) -> OK (5112 chars)
2026-08-08 09:08:27.871   Evaluator (deepseek-v3.2): alt 56 vs alt 4 (parse attempt 1) -> OK (4287 chars)
2026-08-08 09:08:28.611   Evaluator (deepseek-v3.2): alt 55 vs alt 39 (parse attempt 1) -> OK (5664 chars)
2026-08-08 09:08:28.611 JSON parse failed (attempt 1/5): 'winner'
2026-08-08 09:08:28.754   Evaluator (deepseek-v3.2): alt 56 vs alt 18 (parse attempt 1) -> OK (2103 chars)
2026-08-08 09:08:29.665   Evaluator (deepseek-v3.2): alt 55 vs alt 42 (parse attempt 1) -> OK (5669 chars)
2026-08-08 09:08:29.977   Evaluator (deepseek-v3.2): alt 56 vs alt 2 (parse attempt 1) -> OK (2876 chars)
2026-08-08 09:08:30.007   Evaluator (deepseek-v3.2): alt 56 vs alt 13 (parse attempt 1) -> OK (3220 chars)
2026-08-08 09:08:30.383   Evaluator (deepseek-v3.2): alt 56 vs alt 22 (parse attempt 1) -> OK (2627 chars)
2026-08-08 09:08:30.548   Evaluator (deepseek-v3.2): alt 56 vs alt 27 (parse attempt 1) -> OK (2233 chars)
2026-08-08 09:08:30.712   Evaluator (deepseek-v3.2): alt 56 vs alt 23 (parse attempt 1) -> OK (2734 chars)
2026-08-08 09:08:30.967   Evaluator (deepseek-v3.2): alt 55 vs alt 57 (parse attempt 1) -> OK (5798 chars)
2026-08-08 09:08:31.114   Evaluator (deepseek-v3.2): alt 56 vs alt 26 (parse attempt 1) -> OK (2715 chars)
2026-08-08 09:08:31.122   Evaluator (deepseek-v3.2): alt 56 vs alt 17 (parse attempt 1) -> OK (3285 chars)
2026-08-08 09:08:31.307   Evaluator (deepseek-v3.2): alt 56 vs alt 32 (parse attempt 1) -> OK (2418 chars)
2026-08-08 09:08:31.424   Evaluator (deepseek-v3.2): alt 56 vs alt 12 (parse attempt 1) -> OK (3827 chars)
2026-08-08 09:08:31.570   Evaluator (deepseek-v3.2): alt 56 vs alt 21 (parse attempt 1) -> OK (2658 chars)
2026-08-08 09:08:31.631   Evaluator (deepseek-v3.2): alt 56 vs alt 35 (parse attempt 1) -> OK (2410 chars)
2026-08-08 09:08:32.028   Evaluator (deepseek-v3.2): alt 56 vs alt 1 (parse attempt 1) -> OK (5866 chars)
2026-08-08 09:08:32.132   Evaluator (deepseek-v3.2): alt 56 vs alt 15 (parse attempt 1) -> OK (4176 chars)
2026-08-08 09:08:32.625   Evaluator (deepseek-v3.2): alt 56 vs alt 34 (parse attempt 1) -> OK (3100 chars)
2026-08-08 09:08:33.153   Evaluator (deepseek-v3.2): alt 56 vs alt 19 (parse attempt 1) -> OK (3549 chars)
2026-08-08 09:08:33.177   Evaluator (deepseek-v3.2): alt 56 vs alt 16 (parse attempt 1) -> OK (3467 chars)
2026-08-08 09:08:33.653   Evaluator (deepseek-v3.2): alt 56 vs alt 36 (parse attempt 1) -> OK (2738 chars)
2026-08-08 09:08:33.887   Evaluator (deepseek-v3.2): alt 56 vs alt 37 (parse attempt 1) -> OK (2800 chars)
2026-08-08 09:08:34.065   Evaluator (deepseek-v3.2): alt 56 vs alt 39 (parse attempt 1) -> OK (2876 chars)
2026-08-08 09:08:34.205   Evaluator (deepseek-v3.2): alt 56 vs alt 33 (parse attempt 1) -> OK (3680 chars)
2026-08-08 09:08:34.327   Evaluator (deepseek-v3.2): alt 56 vs incumbent (parse attempt 1) -> OK (5684 chars)
2026-08-08 09:08:34.583   Evaluator (deepseek-v3.2): alt 56 vs alt 38 (parse attempt 1) -> OK (2529 chars)
2026-08-08 09:08:34.707   Evaluator (deepseek-v3.2): alt 56 vs alt 24 (parse attempt 1) -> OK (4515 chars)
2026-08-08 09:08:35.172   Evaluator (deepseek-v3.2): alt 56 vs alt 20 (parse attempt 1) -> OK (3990 chars)
2026-08-08 09:08:36.448   Evaluator (deepseek-v3.2): alt 56 vs alt 28 (parse attempt 1) -> OK (3860 chars)
2026-08-08 09:08:36.448 JSON parse failed (attempt 1/5): 'winner'
2026-08-08 09:08:36.819   Evaluator (deepseek-v3.2): alt 56 vs alt 25 (parse attempt 1) -> OK (4666 chars)
2026-08-08 09:08:37.783   Evaluator (deepseek-v3.2): alt 56 vs alt 40 (parse attempt 1) -> OK (3798 chars)
2026-08-08 09:08:37.964   Evaluator (deepseek-v3.2): alt 56 vs alt 46 (parse attempt 1) -> OK (2279 chars)
2026-08-08 09:08:38.293   Evaluator (deepseek-v3.2): alt 56 vs alt 44 (parse attempt 1) -> OK (3398 chars)
2026-08-08 09:08:38.353   Evaluator (deepseek-v3.2): alt 56 vs alt 29 (parse attempt 1) -> OK (2501 chars)
2026-08-08 09:08:38.917   Evaluator (deepseek-v3.2): alt 56 vs alt 45 (parse attempt 1) -> OK (2980 chars)
2026-08-08 09:08:38.929   Evaluator (deepseek-v3.2): alt 56 vs alt 51 (parse attempt 1) -> OK (2276 chars)
2026-08-08 09:08:39.173   Evaluator (deepseek-v3.2): alt 56 vs alt 58 (parse attempt 1) -> OK (2175 chars)
2026-08-08 09:08:39.873   Evaluator (deepseek-v3.2): alt 56 vs alt 62 (parse attempt 1) -> OK (2243 chars)
2026-08-08 09:08:40.173   Evaluator (deepseek-v3.2): alt 56 vs alt 31 (parse attempt 1) -> OK (2677 chars)
2026-08-08 09:08:40.321   Evaluator (deepseek-v3.2): alt 56 vs alt 48 (parse attempt 1) -> OK (3177 chars)
2026-08-08 09:08:41.198   Evaluator (deepseek-v3.2): alt 56 vs alt 42 (parse attempt 1) -> OK (4134 chars)
2026-08-08 09:08:41.288   Evaluator (deepseek-v3.2): alt 56 vs alt 41 (parse attempt 1) -> OK (4421 chars)
2026-08-08 09:08:41.406   Evaluator (deepseek-v3.2): alt 56 vs alt 30 (parse attempt 1) -> OK (3038 chars)
2026-08-08 09:08:41.577   Evaluator (deepseek-v3.2): alt 57 vs alt 3 (parse attempt 1) -> OK (2837 chars)
2026-08-08 09:08:42.010   Evaluator (deepseek-v3.2): alt 57 vs alt 4 (parse attempt 1) -> OK (2411 chars)
2026-08-08 09:08:42.025   Evaluator (deepseek-v3.2): alt 56 vs alt 53 (parse attempt 1) -> OK (3783 chars)
2026-08-08 09:08:42.206   Evaluator (deepseek-v3.2): alt 57 vs alt 7 (parse attempt 1) -> OK (2242 chars)
2026-08-08 09:08:42.263   Evaluator (deepseek-v3.2): alt 56 vs alt 54 (parse attempt 1) -> OK (3187 chars)
2026-08-08 09:08:42.368   Evaluator (deepseek-v3.2): alt 56 vs alt 49 (parse attempt 1) -> OK (3684 chars)
2026-08-08 09:08:42.530   Evaluator (deepseek-v3.2): alt 56 vs alt 55 (parse attempt 1) -> OK (3840 chars)
2026-08-08 09:08:42.550   Evaluator (deepseek-v3.2): alt 57 vs alt 2 (parse attempt 1) -> OK (2426 chars)
2026-08-08 09:08:42.637   Evaluator (deepseek-v3.2): alt 57 vs alt 6 (parse attempt 1) -> OK (2766 chars)
2026-08-08 09:08:42.962   Evaluator (deepseek-v3.2): alt 56 vs alt 43 (parse attempt 1) -> OK (5662 chars)
2026-08-08 09:08:43.000   Evaluator (deepseek-v3.2): alt 56 vs alt 50 (parse attempt 1) -> OK (3521 chars)
2026-08-08 09:08:43.131   Evaluator (deepseek-v3.2): alt 56 vs alt 52 (parse attempt 1) -> OK (4054 chars)
2026-08-08 09:08:43.327   Evaluator (deepseek-v3.2): alt 57 vs alt 5 (parse attempt 1) -> OK (2697 chars)
2026-08-08 09:08:43.494   Evaluator (deepseek-v3.2): alt 57 vs alt 1 (parse attempt 1) -> OK (2971 chars)
2026-08-08 09:08:43.530   Evaluator (deepseek-v3.2): alt 57 vs incumbent (parse attempt 1) -> OK (3182 chars)
2026-08-08 09:08:43.916   Evaluator (deepseek-v3.2): alt 56 vs alt 63 (parse attempt 1) -> OK (3716 chars)
2026-08-08 09:08:44.306   Evaluator (deepseek-v3.2): alt 56 vs alt 57 (parse attempt 1) -> OK (3910 chars)
2026-08-08 09:08:44.310   Evaluator (deepseek-v3.2): alt 57 vs alt 11 (parse attempt 1) -> OK (2481 chars)
2026-08-08 09:08:44.549   Evaluator (deepseek-v3.2): alt 56 vs alt 59 (parse attempt 1) -> OK (3535 chars)
2026-08-08 09:08:45.189   Evaluator (deepseek-v3.2): alt 57 vs alt 8 (parse attempt 1) -> OK (2833 chars)
2026-08-08 09:08:46.047   Evaluator (deepseek-v3.2): alt 56 vs alt 47 (parse attempt 1) -> OK (4509 chars)
2026-08-08 09:08:47.002   Evaluator (deepseek-v3.2): alt 57 vs alt 20 (parse attempt 1) -> OK (2304 chars)
2026-08-08 09:08:47.138   Evaluator (deepseek-v3.2): alt 57 vs alt 15 (parse attempt 1) -> OK (2262 chars)
2026-08-08 09:08:47.233   Evaluator (deepseek-v3.2): alt 57 vs alt 10 (parse attempt 1) -> OK (3417 chars)
2026-08-08 09:08:47.246   Evaluator (deepseek-v3.2): alt 56 vs alt 60 (parse attempt 1) -> OK (5241 chars)
2026-08-08 09:08:47.627   Evaluator (deepseek-v3.2): alt 57 vs alt 16 (parse attempt 1) -> OK (2740 chars)
2026-08-08 09:08:48.386   Evaluator (deepseek-v3.2): alt 57 vs alt 12 (parse attempt 1) -> OK (2695 chars)
2026-08-08 09:08:48.492   Evaluator (deepseek-v3.2): alt 57 vs alt 17 (parse attempt 1) -> OK (2750 chars)
2026-08-08 09:08:49.039   Evaluator (deepseek-v3.2): alt 57 vs alt 13 (parse attempt 1) -> OK (3413 chars)
2026-08-08 09:08:49.270   Evaluator (deepseek-v3.2): alt 57 vs alt 14 (parse attempt 1) -> OK (3433 chars)
2026-08-08 09:08:49.558   Evaluator (deepseek-v3.2): alt 57 vs alt 28 (parse attempt 1) -> OK (2135 chars)
2026-08-08 09:08:50.725   Evaluator (deepseek-v3.2): alt 57 vs alt 9 (parse attempt 1) -> OK (4292 chars)
2026-08-08 09:08:50.939   Evaluator (deepseek-v3.2): alt 57 vs alt 30 (parse attempt 1) -> OK (2554 chars)
2026-08-08 09:08:51.124   Evaluator (deepseek-v3.2): alt 57 vs alt 19 (parse attempt 1) -> OK (2777 chars)
2026-08-08 09:08:51.490   Evaluator (deepseek-v3.2): alt 57 vs alt 21 (parse attempt 1) -> OK (3795 chars)
2026-08-08 09:08:51.897   Evaluator (deepseek-v3.2): alt 57 vs alt 22 (parse attempt 1) -> OK (2768 chars)
2026-08-08 09:08:52.278   Evaluator (deepseek-v3.2): alt 57 vs alt 18 (parse attempt 1) -> OK (3780 chars)
2026-08-08 09:08:52.307   Evaluator (deepseek-v3.2): alt 57 vs alt 23 (parse attempt 1) -> OK (3237 chars)
2026-08-08 09:08:52.370   Evaluator (deepseek-v3.2): alt 57 vs alt 25 (parse attempt 1) -> OK (3622 chars)
2026-08-08 09:08:52.805   Evaluator (deepseek-v3.2): alt 56 vs alt 61 (parse attempt 1) -> OK (6036 chars)
2026-08-08 09:08:53.145   Evaluator (deepseek-v3.2): alt 57 vs alt 35 (parse attempt 1) -> OK (2952 chars)
2026-08-08 09:08:53.221   Evaluator (deepseek-v3.2): alt 57 vs alt 32 (parse attempt 1) -> OK (2699 chars)
2026-08-08 09:08:53.583   Evaluator (deepseek-v3.2): alt 57 vs alt 42 (parse attempt 1) -> OK (2901 chars)
2026-08-08 09:08:54.621   Evaluator (deepseek-v3.2): alt 57 vs alt 46 (parse attempt 1) -> OK (2686 chars)
2026-08-08 09:08:54.775   Evaluator (deepseek-v3.2): alt 57 vs alt 33 (parse attempt 1) -> OK (3408 chars)
2026-08-08 09:08:54.827   Evaluator (deepseek-v3.2): alt 57 vs alt 24 (parse attempt 1) -> OK (3732 chars)
2026-08-08 09:08:55.046   Evaluator (deepseek-v3.2): alt 57 vs alt 39 (parse attempt 1) -> OK (3159 chars)
2026-08-08 09:08:55.570   Evaluator (deepseek-v3.2): alt 57 vs alt 41 (parse attempt 1) -> OK (3029 chars)
2026-08-08 09:08:55.570 JSON parse failed (attempt 1/5): Unterminated string starting at: line 2 column 17 (char 18)
2026-08-08 09:08:55.643   Evaluator (deepseek-v3.2): alt 57 vs alt 27 (parse attempt 1) -> OK (4018 chars)
2026-08-08 09:08:56.257   Evaluator (deepseek-v3.2): alt 57 vs alt 44 (parse attempt 1) -> OK (3971 chars)
2026-08-08 09:08:57.301   Evaluator (deepseek-v3.2): alt 57 vs alt 37 (parse attempt 1) -> OK (4222 chars)
2026-08-08 09:08:57.307   Evaluator (deepseek-v3.2): alt 57 vs alt 53 (parse attempt 1) -> OK (3053 chars)
2026-08-08 09:08:57.328   Evaluator (deepseek-v3.2): alt 57 vs alt 43 (parse attempt 1) -> OK (4067 chars)
2026-08-08 09:08:57.445   Evaluator (deepseek-v3.2): alt 57 vs alt 51 (parse attempt 1) -> OK (3182 chars)
2026-08-08 09:08:58.639   Evaluator (deepseek-v3.2): alt 57 vs alt 45 (parse attempt 1) -> OK (3829 chars)
2026-08-08 09:08:59.572   Evaluator (deepseek-v3.2): alt 57 vs alt 48 (parse attempt 1) -> OK (3597 chars)
2026-08-08 09:08:59.892   Evaluator (deepseek-v3.2): alt 57 vs alt 50 (parse attempt 1) -> OK (3564 chars)
2026-08-08 09:08:59.907   Evaluator (deepseek-v3.2): alt 57 vs alt 31 (parse attempt 1) -> OK (5349 chars)
2026-08-08 09:08:59.907 JSON parse failed (attempt 1/5): 'winner'
2026-08-08 09:09:00.278   Evaluator (deepseek-v3.2): alt 57 vs alt 34 (parse attempt 1) -> OK (5332 chars)
2026-08-08 09:09:00.370   Evaluator (deepseek-v3.2): alt 58 vs alt 1 (parse attempt 1) -> OK (2167 chars)
2026-08-08 09:09:00.860   Evaluator (deepseek-v3.2): alt 57 vs alt 55 (parse attempt 1) -> OK (3654 chars)
2026-08-08 09:09:01.010   Evaluator (deepseek-v3.2): alt 57 vs alt 52 (parse attempt 1) -> OK (3971 chars)
2026-08-08 09:09:01.152   Evaluator (deepseek-v3.2): alt 57 vs alt 60 (parse attempt 1) -> OK (2728 chars)
2026-08-08 09:09:01.471   Evaluator (deepseek-v3.2): alt 58 vs incumbent (parse attempt 1) -> OK (2583 chars)
2026-08-08 09:09:01.795   Evaluator (deepseek-v3.2): alt 57 vs alt 40 (parse attempt 1) -> OK (4729 chars)
2026-08-08 09:09:02.163   Evaluator (deepseek-v3.2): alt 57 vs alt 26 (parse attempt 1) -> OK (5332 chars)
2026-08-08 09:09:02.270   Evaluator (deepseek-v3.2): alt 58 vs alt 6 (parse attempt 1) -> OK (2815 chars)
2026-08-08 09:09:02.513   Evaluator (deepseek-v3.2): alt 57 vs alt 63 (parse attempt 1) -> OK (3012 chars)
2026-08-08 09:09:02.812   Evaluator (deepseek-v3.2): alt 58 vs alt 2 (parse attempt 1) -> OK (3096 chars)
2026-08-08 09:09:02.857   Evaluator (deepseek-v3.2): alt 57 vs alt 56 (parse attempt 1) -> OK (3698 chars)
2026-08-08 09:09:02.941   Evaluator (deepseek-v3.2): alt 57 vs alt 49 (parse attempt 1) -> OK (4332 chars)
2026-08-08 09:09:03.606   Evaluator (deepseek-v3.2): alt 57 vs alt 58 (parse attempt 1) -> OK (3705 chars)
2026-08-08 09:09:03.744   Evaluator (deepseek-v3.2): alt 58 vs alt 3 (parse attempt 1) -> OK (2966 chars)
2026-08-08 09:09:04.397   Evaluator (deepseek-v3.2): alt 57 vs alt 29 (parse attempt 1) -> OK (5788 chars)
2026-08-08 09:09:04.473   Evaluator (deepseek-v3.2): alt 57 vs alt 54 (parse attempt 1) -> OK (2252 chars)
2026-08-08 09:09:05.308   Evaluator (deepseek-v3.2): alt 58 vs alt 10 (parse attempt 1) -> OK (2714 chars)
2026-08-08 09:09:05.690   Evaluator (deepseek-v3.2): alt 57 vs alt 38 (parse attempt 1) -> OK (6761 chars)
2026-08-08 09:09:05.690 JSON parse failed (attempt 1/5): 'winner'
2026-08-08 09:09:05.855   Evaluator (deepseek-v3.2): alt 57 vs alt 36 (parse attempt 1) -> OK (5928 chars)
2026-08-08 09:09:05.863   Evaluator (deepseek-v3.2): alt 58 vs alt 8 (parse attempt 1) -> OK (3587 chars)
2026-08-08 09:09:06.303   Evaluator (deepseek-v3.2): alt 58 vs alt 11 (parse attempt 1) -> OK (3156 chars)
2026-08-08 09:09:07.934   Evaluator (deepseek-v3.2): alt 57 vs alt 61 (parse attempt 1) -> OK (5324 chars)
2026-08-08 09:09:08.850   Evaluator (deepseek-v3.2): alt 58 vs alt 9 (parse attempt 1) -> OK (3406 chars)
2026-08-08 09:09:09.013   Evaluator (deepseek-v3.2): alt 58 vs alt 17 (parse attempt 1) -> OK (3528 chars)
2026-08-08 09:09:09.131   Evaluator (deepseek-v3.2): alt 58 vs alt 13 (parse attempt 1) -> OK (3598 chars)
2026-08-08 09:09:09.556   Evaluator (deepseek-v3.2): alt 58 vs alt 7 (parse attempt 1) -> OK (3485 chars)
2026-08-08 09:09:09.557 JSON parse failed (attempt 1/5): 'winner'
2026-08-08 09:09:09.975   Evaluator (deepseek-v3.2): alt 58 vs alt 20 (parse attempt 1) -> OK (2746 chars)
2026-08-08 09:09:10.422   Evaluator (deepseek-v3.2): alt 58 vs alt 5 (parse attempt 1) -> OK (2659 chars)
2026-08-08 09:09:10.437   Evaluator (deepseek-v3.2): alt 57 vs alt 47 (parse attempt 1) -> OK (3724 chars)
2026-08-08 09:09:10.739   Evaluator (deepseek-v3.2): alt 58 vs alt 23 (parse attempt 1) -> OK (2611 chars)
2026-08-08 09:09:10.945   Evaluator (deepseek-v3.2): alt 57 vs alt 59 (parse attempt 1) -> OK (5424 chars)
2026-08-08 09:09:12.428   Evaluator (deepseek-v3.2): alt 58 vs alt 14 (parse attempt 1) -> OK (4136 chars)
2026-08-08 09:09:12.441   Evaluator (deepseek-v3.2): alt 58 vs alt 19 (parse attempt 1) -> OK (3845 chars)
2026-08-08 09:09:12.449   Evaluator (deepseek-v3.2): alt 58 vs alt 26 (parse attempt 1) -> OK (3501 chars)
2026-08-08 09:09:12.866   Evaluator (deepseek-v3.2): alt 58 vs alt 36 (parse attempt 1) -> OK (2874 chars)
2026-08-08 09:09:12.873   Evaluator (deepseek-v3.2): alt 58 vs alt 35 (parse attempt 1) -> OK (2992 chars)
2026-08-08 09:09:12.937   Evaluator (deepseek-v3.2): alt 58 vs alt 29 (parse attempt 1) -> OK (3451 chars)
2026-08-08 09:09:13.016   Evaluator (deepseek-v3.2): alt 58 vs alt 30 (parse attempt 1) -> OK (2954 chars)
2026-08-08 09:09:13.298   Evaluator (deepseek-v3.2): alt 58 vs alt 34 (parse attempt 1) -> OK (2977 chars)
2026-08-08 09:09:13.340   Evaluator (deepseek-v3.2): alt 58 vs alt 27 (parse attempt 1) -> OK (3827 chars)
2026-08-08 09:09:13.384   Evaluator (deepseek-v3.2): alt 58 vs alt 18 (parse attempt 1) -> OK (4286 chars)
2026-08-08 09:09:13.731   Evaluator (deepseek-v3.2): alt 58 vs alt 25 (parse attempt 1) -> OK (3611 chars)
2026-08-08 09:09:14.153   Evaluator (deepseek-v3.2): alt 58 vs alt 15 (parse attempt 1) -> OK (4766 chars)
2026-08-08 09:09:14.349   Evaluator (deepseek-v3.2): alt 58 vs alt 33 (parse attempt 1) -> OK (3120 chars)
2026-08-08 09:09:14.372   Evaluator (deepseek-v3.2): alt 58 vs alt 22 (parse attempt 1) -> OK (3937 chars)
2026-08-08 09:09:14.558   Evaluator (deepseek-v3.2): alt 58 vs alt 41 (parse attempt 1) -> OK (2632 chars)
2026-08-08 09:09:14.754   Evaluator (deepseek-v3.2): alt 58 vs alt 4 (parse attempt 1) -> OK (3196 chars)
2026-08-08 09:09:14.755 JSON parse failed (attempt 1/5): Unterminated string starting at: line 2 column 17 (char 18)
2026-08-08 09:09:15.084   Evaluator (deepseek-v3.2): alt 58 vs alt 31 (parse attempt 1) -> OK (3522 chars)
2026-08-08 09:09:15.257   Evaluator (deepseek-v3.2): alt 58 vs alt 16 (parse attempt 1) -> OK (3041 chars)
2026-08-08 09:09:15.696   Evaluator (deepseek-v3.2): alt 58 vs alt 43 (parse attempt 1) -> OK (2748 chars)
2026-08-08 09:09:16.172   Evaluator (deepseek-v3.2): alt 58 vs alt 21 (parse attempt 1) -> OK (4541 chars)
2026-08-08 09:09:16.742   Evaluator (deepseek-v3.2): alt 58 vs alt 39 (parse attempt 1) -> OK (3652 chars)
2026-08-08 09:09:17.039   Evaluator (deepseek-v3.2): alt 58 vs alt 32 (parse attempt 1) -> OK (4319 chars)
2026-08-08 09:09:17.527   Evaluator (deepseek-v3.2): alt 58 vs alt 28 (parse attempt 1) -> OK (5214 chars)
2026-08-08 09:09:17.528 JSON parse failed (attempt 1/5): 'winner'
2026-08-08 09:09:17.664   Evaluator (deepseek-v3.2): alt 57 vs alt 62 (parse attempt 1) -> OK (7025 chars)
2026-08-08 09:09:17.664 JSON parse failed (attempt 1/5): Unterminated string starting at: line 2 column 17 (char 18)
2026-08-08 09:09:17.914   Evaluator (deepseek-v3.2): alt 58 vs alt 38 (parse attempt 1) -> OK (3501 chars)
2026-08-08 09:09:18.986   Evaluator (deepseek-v3.2): alt 58 vs alt 48 (parse attempt 1) -> OK (2838 chars)
2026-08-08 09:09:19.138   Evaluator (deepseek-v3.2): alt 58 vs alt 47 (parse attempt 1) -> OK (2904 chars)
2026-08-08 09:09:19.165   Evaluator (deepseek-v3.2): alt 58 vs alt 49 (parse attempt 1) -> OK (2551 chars)
2026-08-08 09:09:20.182   Evaluator (deepseek-v3.2): alt 58 vs alt 59 (parse attempt 1) -> OK (1740 chars)
2026-08-08 09:09:20.219   Evaluator (deepseek-v3.2): alt 58 vs alt 46 (parse attempt 1) -> OK (3097 chars)
2026-08-08 09:09:20.527   Evaluator (deepseek-v3.2): alt 58 vs alt 51 (parse attempt 1) -> OK (3380 chars)
2026-08-08 09:09:20.760   Evaluator (deepseek-v3.2): alt 58 vs alt 52 (parse attempt 1) -> OK (3348 chars)
2026-08-08 09:09:21.457   Evaluator (deepseek-v3.2): alt 58 vs alt 63 (parse attempt 1) -> OK (1941 chars)
2026-08-08 09:09:21.548   Evaluator (deepseek-v3.2): alt 58 vs alt 12 (parse attempt 1) -> OK (3615 chars)
2026-08-08 09:09:21.685   Evaluator (deepseek-v3.2): alt 59 vs alt 4 (parse attempt 1) -> OK (2411 chars)
2026-08-08 09:09:21.836   Evaluator (deepseek-v3.2): alt 58 vs alt 60 (parse attempt 1) -> OK (2363 chars)
2026-08-08 09:09:22.025   Evaluator (deepseek-v3.2): alt 58 vs alt 61 (parse attempt 1) -> OK (2596 chars)
2026-08-08 09:09:22.145   Evaluator (deepseek-v3.2): alt 58 vs alt 45 (parse attempt 1) -> OK (4126 chars)
2026-08-08 09:09:22.444   Evaluator (deepseek-v3.2): alt 58 vs alt 53 (parse attempt 1) -> OK (3158 chars)
2026-08-08 09:09:22.852   Evaluator (deepseek-v3.2): alt 59 vs alt 3 (parse attempt 1) -> OK (2262 chars)
2026-08-08 09:09:23.069   Evaluator (deepseek-v3.2): alt 59 vs incumbent (parse attempt 1) -> OK (2567 chars)
2026-08-08 09:09:23.409   Evaluator (deepseek-v3.2): alt 59 vs alt 6 (parse attempt 1) -> OK (2720 chars)
2026-08-08 09:09:23.545   Evaluator (deepseek-v3.2): alt 58 vs alt 37 (parse attempt 1) -> OK (5284 chars)
2026-08-08 09:09:23.708   Evaluator (deepseek-v3.2): alt 59 vs alt 5 (parse attempt 1) -> OK (2540 chars)
2026-08-08 09:09:24.033   Evaluator (deepseek-v3.2): alt 58 vs alt 40 (parse attempt 1) -> OK (5169 chars)
2026-08-08 09:09:24.043   Evaluator (deepseek-v3.2): alt 58 vs alt 42 (parse attempt 1) -> OK (5135 chars)
2026-08-08 09:09:24.477   Evaluator (deepseek-v3.2): alt 58 vs alt 50 (parse attempt 1) -> OK (4048 chars)
2026-08-08 09:09:24.539   Evaluator (deepseek-v3.2): alt 59 vs alt 2 (parse attempt 1) -> OK (3180 chars)
2026-08-08 09:09:24.705   Evaluator (deepseek-v3.2): alt 59 vs alt 8 (parse attempt 1) -> OK (2173 chars)
2026-08-08 09:09:24.837   Evaluator (deepseek-v3.2): alt 59 vs alt 10 (parse attempt 1) -> OK (2389 chars)
2026-08-08 09:09:24.844   Evaluator (deepseek-v3.2): alt 58 vs alt 55 (parse attempt 1) -> OK (3544 chars)
2026-08-08 09:09:24.885   Evaluator (deepseek-v3.2): alt 59 vs alt 1 (parse attempt 1) -> OK (2981 chars)
2026-08-08 09:09:25.858   Evaluator (deepseek-v3.2): alt 59 vs alt 11 (parse attempt 1) -> OK (2405 chars)
2026-08-08 09:09:26.140   Evaluator (deepseek-v3.2): alt 58 vs alt 54 (parse attempt 1) -> OK (3921 chars)
2026-08-08 09:09:26.159   Evaluator (deepseek-v3.2): alt 59 vs alt 7 (parse attempt 1) -> OK (3237 chars)
2026-08-08 09:09:26.886   Evaluator (deepseek-v3.2): alt 58 vs alt 56 (parse attempt 1) -> OK (3837 chars)
2026-08-08 09:09:27.479   Evaluator (deepseek-v3.2): alt 58 vs alt 44 (parse attempt 1) -> OK (5476 chars)
2026-08-08 09:09:28.013   Evaluator (deepseek-v3.2): alt 59 vs alt 20 (parse attempt 1) -> OK (2114 chars)
2026-08-08 09:09:28.257   Evaluator (deepseek-v3.2): alt 59 vs alt 9 (parse attempt 1) -> OK (3482 chars)
2026-08-08 09:09:28.506   Evaluator (deepseek-v3.2): alt 59 vs alt 15 (parse attempt 1) -> OK (2980 chars)
2026-08-08 09:09:29.111   Evaluator (deepseek-v3.2): alt 59 vs alt 22 (parse attempt 1) -> OK (2296 chars)
2026-08-08 09:09:29.146   Evaluator (deepseek-v3.2): alt 59 vs alt 17 (parse attempt 1) -> OK (3244 chars)
2026-08-08 09:09:29.178   Evaluator (deepseek-v3.2): alt 59 vs alt 21 (parse attempt 1) -> OK (2326 chars)
2026-08-08 09:09:29.623   Evaluator (deepseek-v3.2): alt 58 vs alt 24 (parse attempt 1) -> OK (7749 chars)
2026-08-08 09:09:29.752   Evaluator (deepseek-v3.2): alt 59 vs alt 14 (parse attempt 1) -> OK (3209 chars)
2026-08-08 09:09:29.764   Evaluator (deepseek-v3.2): alt 59 vs alt 27 (parse attempt 1) -> OK (2041 chars)
2026-08-08 09:09:29.796   Evaluator (deepseek-v3.2): alt 59 vs alt 12 (parse attempt 1) -> OK (3919 chars)
2026-08-08 09:09:30.361   Evaluator (deepseek-v3.2): alt 59 vs alt 19 (parse attempt 1) -> OK (3147 chars)
2026-08-08 09:09:30.623   Evaluator (deepseek-v3.2): alt 59 vs alt 23 (parse attempt 1) -> OK (2480 chars)
2026-08-08 09:09:30.760   Evaluator (deepseek-v3.2): alt 59 vs alt 29 (parse attempt 1) -> OK (1941 chars)
2026-08-08 09:09:31.355   Evaluator (deepseek-v3.2): alt 58 vs alt 57 (parse attempt 1) -> OK (5838 chars)
2026-08-08 09:09:32.321   Evaluator (deepseek-v3.2): alt 59 vs alt 18 (parse attempt 1) -> OK (3117 chars)
2026-08-08 09:09:32.635   Evaluator (deepseek-v3.2): alt 59 vs alt 25 (parse attempt 1) -> OK (3309 chars)
2026-08-08 09:09:32.839   Evaluator (deepseek-v3.2): alt 59 vs alt 28 (parse attempt 1) -> OK (2994 chars)
2026-08-08 09:09:33.230   Evaluator (deepseek-v3.2): alt 59 vs alt 26 (parse attempt 1) -> OK (2896 chars)
2026-08-08 09:09:33.230 JSON parse failed (attempt 1/5): Unterminated string starting at: line 2 column 17 (char 18)
2026-08-08 09:09:33.280   Evaluator (deepseek-v3.2): alt 59 vs alt 42 (parse attempt 1) -> OK (2408 chars)
2026-08-08 09:09:33.822   Evaluator (deepseek-v3.2): alt 59 vs alt 16 (parse attempt 1) -> OK (4623 chars)
2026-08-08 09:09:34.197   Evaluator (deepseek-v3.2): alt 59 vs alt 35 (parse attempt 1) -> OK (3162 chars)
2026-08-08 09:09:34.491   Evaluator (deepseek-v3.2): alt 58 vs alt 62 (parse attempt 1) -> OK (5966 chars)
2026-08-08 09:09:34.574   Evaluator (deepseek-v3.2): alt 59 vs alt 40 (parse attempt 1) -> OK (2534 chars)
2026-08-08 09:09:35.219   Evaluator (deepseek-v3.2): alt 59 vs alt 44 (parse attempt 1) -> OK (2419 chars)
2026-08-08 09:09:35.399   Evaluator (deepseek-v3.2): alt 59 vs alt 32 (parse attempt 1) -> OK (3705 chars)
2026-08-08 09:09:35.585   Evaluator (deepseek-v3.2): alt 59 vs alt 48 (parse attempt 1) -> OK (2242 chars)
2026-08-08 09:09:36.149   Evaluator (deepseek-v3.2): alt 59 vs alt 37 (parse attempt 1) -> OK (3322 chars)
2026-08-08 09:09:36.238   Evaluator (deepseek-v3.2): alt 59 vs alt 38 (parse attempt 1) -> OK (3322 chars)
2026-08-08 09:09:36.352   Evaluator (deepseek-v3.2): alt 59 vs alt 41 (parse attempt 1) -> OK (2904 chars)
2026-08-08 09:09:36.360   Evaluator (deepseek-v3.2): alt 59 vs alt 51 (parse attempt 1) -> OK (1950 chars)
2026-08-08 09:09:36.446   Evaluator (deepseek-v3.2): alt 59 vs alt 39 (parse attempt 1) -> OK (3494 chars)
2026-08-08 09:09:36.532   Evaluator (deepseek-v3.2): alt 59 vs alt 46 (parse attempt 1) -> OK (2842 chars)
2026-08-08 09:09:36.542   Evaluator (deepseek-v3.2): alt 59 vs alt 36 (parse attempt 1) -> OK (3827 chars)
2026-08-08 09:09:36.617   Evaluator (deepseek-v3.2): alt 59 vs alt 31 (parse attempt 1) -> OK (4088 chars)
2026-08-08 09:09:36.617 JSON parse failed (attempt 1/5): 'winner'
2026-08-08 09:09:36.946   Evaluator (deepseek-v3.2): alt 59 vs alt 30 (parse attempt 1) -> OK (3850 chars)
2026-08-08 09:09:37.345   Evaluator (deepseek-v3.2): alt 59 vs alt 45 (parse attempt 1) -> OK (3165 chars)
2026-08-08 09:09:37.560   Evaluator (deepseek-v3.2): alt 59 vs alt 24 (parse attempt 1) -> OK (4255 chars)
2026-08-08 09:09:38.249   Evaluator (deepseek-v3.2): alt 59 vs alt 52 (parse attempt 1) -> OK (2794 chars)
2026-08-08 09:09:38.740   Evaluator (deepseek-v3.2): alt 59 vs alt 56 (parse attempt 1) -> OK (2358 chars)
2026-08-08 09:09:38.762   Evaluator (deepseek-v3.2): alt 59 vs alt 47 (parse attempt 1) -> OK (2837 chars)
2026-08-08 09:09:40.023   Evaluator (deepseek-v3.2): alt 59 vs alt 57 (parse attempt 1) -> OK (2816 chars)
2026-08-08 09:09:40.308   Evaluator (deepseek-v3.2): alt 59 vs alt 50 (parse attempt 1) -> OK (3861 chars)
2026-08-08 09:09:40.681   Evaluator (deepseek-v3.2): alt 59 vs alt 54 (parse attempt 1) -> OK (3424 chars)
2026-08-08 09:09:41.081   Evaluator (deepseek-v3.2): alt 59 vs alt 49 (parse attempt 1) -> OK (4298 chars)
2026-08-08 09:09:41.234   Evaluator (deepseek-v3.2): alt 59 vs alt 60 (parse attempt 1) -> OK (2708 chars)
2026-08-08 09:09:41.871   Evaluator (deepseek-v3.2): alt 59 vs alt 61 (parse attempt 1) -> OK (3140 chars)
2026-08-08 09:09:41.953   Evaluator (deepseek-v3.2): alt 59 vs alt 13 (parse attempt 1) -> OK (6901 chars)
2026-08-08 09:09:42.106   Evaluator (deepseek-v3.2): alt 59 vs alt 58 (parse attempt 1) -> OK (3315 chars)
2026-08-08 09:09:42.728   Evaluator (deepseek-v3.2): alt 59 vs alt 34 (parse attempt 1) -> OK (4883 chars)
2026-08-08 09:09:42.800   Evaluator (deepseek-v3.2): alt 59 vs alt 53 (parse attempt 1) -> OK (3988 chars)
2026-08-08 09:09:43.388   Evaluator (deepseek-v3.2): alt 60 vs alt 7 (parse attempt 1) -> OK (2446 chars)
2026-08-08 09:09:43.411   Evaluator (deepseek-v3.2): alt 59 vs alt 33 (parse attempt 1) -> OK (5312 chars)
2026-08-08 09:09:43.424   Evaluator (deepseek-v3.2): alt 59 vs alt 62 (parse attempt 1) -> OK (3203 chars)
2026-08-08 09:09:43.519   Evaluator (deepseek-v3.2): alt 59 vs alt 43 (parse attempt 1) -> OK (5082 chars)
2026-08-08 09:09:44.344   Evaluator (deepseek-v3.2): alt 60 vs alt 10 (parse attempt 1) -> OK (2431 chars)
2026-08-08 09:09:44.403   Evaluator (deepseek-v3.2): alt 60 vs alt 5 (parse attempt 1) -> OK (3439 chars)
2026-08-08 09:09:44.804   Evaluator (deepseek-v3.2): alt 60 vs alt 9 (parse attempt 1) -> OK (2601 chars)
2026-08-08 09:09:44.983   Evaluator (deepseek-v3.2): alt 60 vs alt 2 (parse attempt 1) -> OK (3472 chars)
2026-08-08 09:09:45.050   Evaluator (deepseek-v3.2): alt 60 vs alt 13 (parse attempt 1) -> OK (2421 chars)
2026-08-08 09:09:45.529   Evaluator (deepseek-v3.2): alt 60 vs alt 1 (parse attempt 1) -> OK (3898 chars)
2026-08-08 09:09:45.530 JSON parse failed (attempt 1/5): 'winner'
2026-08-08 09:09:45.711   Evaluator (deepseek-v3.2): alt 60 vs alt 6 (parse attempt 1) -> OK (3529 chars)
2026-08-08 09:09:45.868   Evaluator (deepseek-v3.2): alt 60 vs alt 4 (parse attempt 1) -> OK (3613 chars)
2026-08-08 09:09:46.190   Evaluator (deepseek-v3.2): alt 60 vs alt 21 (parse attempt 1) -> OK (2006 chars)
2026-08-08 09:09:46.614   Evaluator (deepseek-v3.2): alt 60 vs alt 20 (parse attempt 1) -> OK (2659 chars)
2026-08-08 09:09:46.873   Evaluator (deepseek-v3.2): alt 59 vs alt 55 (parse attempt 1) -> OK (5035 chars)
2026-08-08 09:09:47.159   Evaluator (deepseek-v3.2): alt 60 vs alt 8 (parse attempt 1) -> OK (3054 chars)
2026-08-08 09:09:47.395   Evaluator (deepseek-v3.2): alt 60 vs alt 3 (parse attempt 1) -> OK (3812 chars)
2026-08-08 09:09:47.510   Evaluator (deepseek-v3.2): alt 60 vs alt 12 (parse attempt 1) -> OK (3534 chars)
2026-08-08 09:09:47.550   Evaluator (deepseek-v3.2): alt 59 vs alt 63 (parse attempt 1) -> OK (4223 chars)
2026-08-08 09:09:47.616   Evaluator (deepseek-v3.2): alt 60 vs alt 18 (parse attempt 1) -> OK (2802 chars)
2026-08-08 09:09:47.891   Evaluator (deepseek-v3.2): alt 60 vs alt 17 (parse attempt 1) -> OK (3252 chars)
2026-08-08 09:09:47.970   Evaluator (deepseek-v3.2): alt 60 vs alt 14 (parse attempt 1) -> OK (3162 chars)
2026-08-08 09:09:48.169   Evaluator (deepseek-v3.2): alt 60 vs alt 23 (parse attempt 1) -> OK (2586 chars)
2026-08-08 09:09:48.386   Evaluator (deepseek-v3.2): alt 60 vs alt 19 (parse attempt 1) -> OK (3162 chars)
2026-08-08 09:09:48.800   Evaluator (deepseek-v3.2): alt 60 vs alt 15 (parse attempt 1) -> OK (3565 chars)
2026-08-08 09:09:50.487   Evaluator (deepseek-v3.2): alt 60 vs alt 16 (parse attempt 1) -> OK (3948 chars)
2026-08-08 09:09:50.494   Evaluator (deepseek-v3.2): alt 60 vs alt 25 (parse attempt 1) -> OK (3074 chars)
2026-08-08 09:09:50.651   Evaluator (deepseek-v3.2): alt 60 vs alt 11 (parse attempt 1) -> OK (3309 chars)
2026-08-08 09:09:51.048   Evaluator (deepseek-v3.2): alt 60 vs alt 37 (parse attempt 1) -> OK (1931 chars)
2026-08-08 09:09:51.147   Evaluator (deepseek-v3.2): alt 60 vs alt 22 (parse attempt 1) -> OK (3584 chars)
2026-08-08 09:09:51.377   Evaluator (deepseek-v3.2): alt 60 vs alt 38 (parse attempt 1) -> OK (2015 chars)
2026-08-08 09:09:51.979   Evaluator (deepseek-v3.2): alt 60 vs alt 24 (parse attempt 1) -> OK (3777 chars)
2026-08-08 09:09:52.208   Evaluator (deepseek-v3.2): alt 60 vs alt 26 (parse attempt 1) -> OK (3487 chars)
2026-08-08 09:09:52.303   Evaluator (deepseek-v3.2): alt 60 vs alt 43 (parse attempt 1) -> OK (1986 chars)
2026-08-08 09:09:52.759   Evaluator (deepseek-v3.2): alt 60 vs alt 29 (parse attempt 1) -> OK (3105 chars)
2026-08-08 09:09:52.967   Evaluator (deepseek-v3.2): alt 60 vs alt 36 (parse attempt 1) -> OK (2757 chars)
2026-08-08 09:09:53.306   Evaluator (deepseek-v3.2): alt 60 vs alt 32 (parse attempt 1) -> OK (2815 chars)
2026-08-08 09:09:53.453   Evaluator (deepseek-v3.2): alt 60 vs alt 27 (parse attempt 1) -> OK (3510 chars)
2026-08-08 09:09:53.460   Evaluator (deepseek-v3.2): alt 60 vs alt 34 (parse attempt 1) -> OK (3410 chars)
2026-08-08 09:09:54.656   Evaluator (deepseek-v3.2): alt 60 vs alt 35 (parse attempt 1) -> OK (3310 chars)
2026-08-08 09:09:54.816   Evaluator (deepseek-v3.2): alt 60 vs alt 33 (parse attempt 1) -> OK (3785 chars)
2026-08-08 09:09:55.242   Evaluator (deepseek-v3.2): alt 60 vs alt 30 (parse attempt 1) -> OK (3345 chars)
2026-08-08 09:09:55.619   Evaluator (deepseek-v3.2): alt 60 vs alt 51 (parse attempt 1) -> OK (2568 chars)
2026-08-08 09:09:56.591   Evaluator (deepseek-v3.2): alt 60 vs alt 49 (parse attempt 1) -> OK (2450 chars)
2026-08-08 09:09:56.658   Evaluator (deepseek-v3.2): alt 60 vs alt 55 (parse attempt 1) -> OK (2496 chars)
2026-08-08 09:09:56.671   Evaluator (deepseek-v3.2): alt 60 vs alt 53 (parse attempt 1) -> OK (3032 chars)
2026-08-08 09:09:56.771   Evaluator (deepseek-v3.2): alt 60 vs alt 40 (parse attempt 1) -> OK (3884 chars)
2026-08-08 09:09:57.028   Evaluator (deepseek-v3.2): alt 60 vs alt 47 (parse attempt 1) -> OK (2806 chars)
2026-08-08 09:09:57.264   Evaluator (deepseek-v3.2): alt 60 vs alt 42 (parse attempt 1) -> OK (3770 chars)
2026-08-08 09:09:57.782   Evaluator (deepseek-v3.2): alt 60 vs alt 59 (parse attempt 1) -> OK (2241 chars)
2026-08-08 09:09:58.056   Evaluator (deepseek-v3.2): alt 60 vs alt 45 (parse attempt 1) -> OK (3572 chars)
2026-08-08 09:09:58.119   Evaluator (deepseek-v3.2): alt 60 vs alt 44 (parse attempt 1) -> OK (3627 chars)
2026-08-08 09:09:58.168   Evaluator (deepseek-v3.2): alt 60 vs alt 46 (parse attempt 1) -> OK (3414 chars)
2026-08-08 09:09:58.190   Evaluator (deepseek-v3.2): alt 60 vs alt 58 (parse attempt 1) -> OK (2608 chars)
2026-08-08 09:09:58.190 JSON parse failed (attempt 1/5): Unterminated string starting at: line 2 column 17 (char 18)
2026-08-08 09:09:58.570   Evaluator (deepseek-v3.2): alt 60 vs alt 54 (parse attempt 1) -> OK (3053 chars)
2026-08-08 09:09:58.627   Evaluator (deepseek-v3.2): alt 60 vs alt 39 (parse attempt 1) -> OK (3795 chars)
2026-08-08 09:09:58.936   Evaluator (deepseek-v3.2): alt 60 vs alt 52 (parse attempt 1) -> OK (3265 chars)
2026-08-08 09:09:59.233   Evaluator (deepseek-v3.2): alt 60 vs alt 61 (parse attempt 1) -> OK (2445 chars)
2026-08-08 09:09:59.656   Evaluator (deepseek-v3.2): alt 61 vs incumbent (parse attempt 1) -> OK (2846 chars)
2026-08-08 09:09:59.669   Evaluator (deepseek-v3.2): alt 60 vs alt 28 (parse attempt 1) -> OK (5658 chars)
2026-08-08 09:10:00.592   Evaluator (deepseek-v3.2): alt 61 vs alt 2 (parse attempt 1) -> OK (2515 chars)
2026-08-08 09:10:01.362   Evaluator (deepseek-v3.2): alt 60 vs alt 56 (parse attempt 1) -> OK (3649 chars)
2026-08-08 09:10:01.760   Evaluator (deepseek-v3.2): alt 60 vs alt 57 (parse attempt 1) -> OK (3745 chars)
2026-08-08 09:10:01.992   Evaluator (deepseek-v3.2): alt 60 vs alt 63 (parse attempt 1) -> OK (3395 chars)
2026-08-08 09:10:02.016   Evaluator (deepseek-v3.2): alt 60 vs alt 48 (parse attempt 1) -> OK (4374 chars)
2026-08-08 09:10:02.057   Evaluator (deepseek-v3.2): alt 60 vs alt 50 (parse attempt 1) -> OK (4338 chars)
2026-08-08 09:10:02.813   Evaluator (deepseek-v3.2): alt 60 vs incumbent (parse attempt 1) -> OK (4874 chars)
2026-08-08 09:10:03.026   Evaluator (deepseek-v3.2): alt 61 vs alt 1 (parse attempt 1) -> OK (2975 chars)
2026-08-08 09:10:03.378   Evaluator (deepseek-v3.2): alt 61 vs alt 4 (parse attempt 1) -> OK (3249 chars)
2026-08-08 09:10:03.559   Evaluator (deepseek-v3.2): alt 61 vs alt 3 (parse attempt 1) -> OK (3666 chars)
2026-08-08 09:10:04.429   Evaluator (deepseek-v3.2): alt 60 vs alt 62 (parse attempt 1) -> OK (4429 chars)
2026-08-08 09:10:04.543   Evaluator (deepseek-v3.2): alt 61 vs alt 10 (parse attempt 1) -> OK (3509 chars)
2026-08-08 09:10:04.894   Evaluator (deepseek-v3.2): alt 60 vs alt 31 (parse attempt 1) -> OK (6826 chars)
2026-08-08 09:10:04.895 JSON parse failed (attempt 1/5): 'winner'
2026-08-08 09:10:04.996   Evaluator (deepseek-v3.2): alt 61 vs alt 12 (parse attempt 1) -> OK (2648 chars)
2026-08-08 09:10:05.016   Evaluator (deepseek-v3.2): alt 61 vs alt 13 (parse attempt 1) -> OK (2575 chars)
2026-08-08 09:10:05.331   Evaluator (deepseek-v3.2): alt 61 vs alt 8 (parse attempt 1) -> OK (3783 chars)
2026-08-08 09:10:06.160   Evaluator (deepseek-v3.2): alt 61 vs alt 16 (parse attempt 1) -> OK (2448 chars)
2026-08-08 09:10:06.332   Evaluator (deepseek-v3.2): alt 61 vs alt 14 (parse attempt 1) -> OK (3602 chars)
2026-08-08 09:10:06.557   Evaluator (deepseek-v3.2): alt 61 vs alt 23 (parse attempt 1) -> OK (2275 chars)
2026-08-08 09:10:06.768   Evaluator (deepseek-v3.2): alt 60 vs alt 41 (parse attempt 1) -> OK (6468 chars)
2026-08-08 09:10:06.820   Evaluator (deepseek-v3.2): alt 61 vs alt 25 (parse attempt 1) -> OK (2454 chars)
2026-08-08 09:10:07.080   Evaluator (deepseek-v3.2): alt 61 vs alt 6 (parse attempt 1) -> OK (3847 chars)
2026-08-08 09:10:08.138   Evaluator (deepseek-v3.2): alt 61 vs alt 26 (parse attempt 1) -> OK (2622 chars)
2026-08-08 09:10:08.370   Evaluator (deepseek-v3.2): alt 61 vs alt 11 (parse attempt 1) -> OK (4125 chars)
2026-08-08 09:10:08.733   Evaluator (deepseek-v3.2): alt 61 vs alt 24 (parse attempt 1) -> OK (3387 chars)
2026-08-08 09:10:09.291   Evaluator (deepseek-v3.2): alt 61 vs alt 5 (parse attempt 1) -> OK (4946 chars)
2026-08-08 09:10:09.708   Evaluator (deepseek-v3.2): alt 61 vs alt 17 (parse attempt 1) -> OK (4030 chars)
2026-08-08 09:10:09.845   Evaluator (deepseek-v3.2): alt 61 vs alt 37 (parse attempt 1) -> OK (2191 chars)
2026-08-08 09:10:09.913   Evaluator (deepseek-v3.2): alt 61 vs alt 30 (parse attempt 1) -> OK (2789 chars)
2026-08-08 09:10:10.134   Evaluator (deepseek-v3.2): alt 61 vs alt 20 (parse attempt 1) -> OK (3480 chars)
2026-08-08 09:10:10.432   Evaluator (deepseek-v3.2): alt 61 vs alt 28 (parse attempt 1) -> OK (3112 chars)
2026-08-08 09:10:10.893   Evaluator (deepseek-v3.2): alt 61 vs alt 7 (parse attempt 1) -> OK (5043 chars)
2026-08-08 09:10:11.669   Evaluator (deepseek-v3.2): alt 61 vs alt 9 (parse attempt 1) -> OK (4762 chars)
2026-08-08 09:10:11.886   Evaluator (deepseek-v3.2): alt 61 vs alt 15 (parse attempt 1) -> OK (4090 chars)
2026-08-08 09:10:12.148   Evaluator (deepseek-v3.2): alt 61 vs alt 21 (parse attempt 1) -> OK (4153 chars)
2026-08-08 09:10:12.254   Evaluator (deepseek-v3.2): alt 61 vs alt 18 (parse attempt 1) -> OK (4883 chars)
2026-08-08 09:10:12.523   Evaluator (deepseek-v3.2): alt 61 vs alt 33 (parse attempt 1) -> OK (3045 chars)
2026-08-08 09:10:12.573   Evaluator (deepseek-v3.2): alt 61 vs alt 47 (parse attempt 1) -> OK (2107 chars)
2026-08-08 09:10:12.580   Evaluator (deepseek-v3.2): alt 61 vs alt 32 (parse attempt 1) -> OK (3260 chars)
2026-08-08 09:10:13.452   Evaluator (deepseek-v3.2): alt 61 vs alt 43 (parse attempt 1) -> OK (2505 chars)
2026-08-08 09:10:13.683   Evaluator (deepseek-v3.2): alt 61 vs alt 31 (parse attempt 1) -> OK (4718 chars)
2026-08-08 09:10:13.683 JSON parse failed (attempt 1/5): 'winner'
2026-08-08 09:10:14.146   Evaluator (deepseek-v3.2): alt 61 vs alt 36 (parse attempt 1) -> OK (3483 chars)
2026-08-08 09:10:14.312   Evaluator (deepseek-v3.2): alt 61 vs alt 22 (parse attempt 1) -> OK (4313 chars)
2026-08-08 09:10:15.059   Evaluator (deepseek-v3.2): alt 61 vs alt 52 (parse attempt 1) -> OK (2415 chars)
2026-08-08 09:10:15.211   Evaluator (deepseek-v3.2): alt 61 vs alt 29 (parse attempt 1) -> OK (4283 chars)
2026-08-08 09:10:15.897   Evaluator (deepseek-v3.2): alt 61 vs alt 19 (parse attempt 1) -> OK (5526 chars)
2026-08-08 09:10:16.319   Evaluator (deepseek-v3.2): alt 61 vs alt 27 (parse attempt 1) -> OK (4894 chars)
2026-08-08 09:10:16.433   Evaluator (deepseek-v3.2): alt 61 vs alt 34 (parse attempt 1) -> OK (3326 chars)
2026-08-08 09:10:16.680   Evaluator (deepseek-v3.2): alt 61 vs alt 40 (parse attempt 1) -> OK (3736 chars)
2026-08-08 09:10:16.773   Evaluator (deepseek-v3.2): alt 61 vs alt 46 (parse attempt 1) -> OK (2722 chars)
2026-08-08 09:10:16.901   Evaluator (deepseek-v3.2): alt 61 vs alt 58 (parse attempt 1) -> OK (1992 chars)
2026-08-08 09:10:17.211   Evaluator (deepseek-v3.2): alt 61 vs alt 41 (parse attempt 1) -> OK (4231 chars)
2026-08-08 09:10:17.664   Evaluator (deepseek-v3.2): alt 61 vs alt 54 (parse attempt 1) -> OK (2721 chars)
2026-08-08 09:10:17.841   Evaluator (deepseek-v3.2): alt 61 vs alt 48 (parse attempt 1) -> OK (3392 chars)
2026-08-08 09:10:18.123   Evaluator (deepseek-v3.2): alt 61 vs alt 55 (parse attempt 1) -> OK (2644 chars)
2026-08-08 09:10:18.312   Evaluator (deepseek-v3.2): alt 61 vs alt 59 (parse attempt 1) -> OK (2429 chars)
2026-08-08 09:10:18.371   Evaluator (deepseek-v3.2): alt 61 vs alt 39 (parse attempt 1) -> OK (4315 chars)
2026-08-08 09:10:19.086   Evaluator (deepseek-v3.2): alt 61 vs alt 35 (parse attempt 1) -> OK (5093 chars)
2026-08-08 09:10:19.257   Evaluator (deepseek-v3.2): alt 61 vs alt 42 (parse attempt 1) -> OK (4350 chars)
2026-08-08 09:10:20.238   Evaluator (deepseek-v3.2): alt 61 vs alt 57 (parse attempt 1) -> OK (3602 chars)
2026-08-08 09:10:20.722   Evaluator (deepseek-v3.2): alt 61 vs alt 38 (parse attempt 1) -> OK (4742 chars)
2026-08-08 09:10:20.870   Evaluator (deepseek-v3.2): alt 61 vs alt 63 (parse attempt 1) -> OK (3067 chars)
2026-08-08 09:10:21.510   Evaluator (deepseek-v3.2): alt 62 vs alt 8 (parse attempt 1) -> OK (1899 chars)
2026-08-08 09:10:21.517   Evaluator (deepseek-v3.2): alt 61 vs alt 44 (parse attempt 1) -> OK (5291 chars)
2026-08-08 09:10:21.521   Evaluator (deepseek-v3.2): alt 61 vs alt 50 (parse attempt 1) -> OK (4316 chars)
2026-08-08 09:10:21.976   Evaluator (deepseek-v3.2): alt 62 vs alt 1 (parse attempt 1) -> OK (2343 chars)
2026-08-08 09:10:22.339   Evaluator (deepseek-v3.2): alt 61 vs alt 53 (parse attempt 1) -> OK (5020 chars)
2026-08-08 09:10:22.486   Evaluator (deepseek-v3.2): alt 61 vs alt 51 (parse attempt 1) -> OK (4498 chars)
2026-08-08 09:10:22.795   Evaluator (deepseek-v3.2): alt 62 vs alt 4 (parse attempt 1) -> OK (3027 chars)
2026-08-08 09:10:22.926   Evaluator (deepseek-v3.2): alt 61 vs alt 60 (parse attempt 1) -> OK (3607 chars)
2026-08-08 09:10:23.789   Evaluator (deepseek-v3.2): alt 61 vs alt 62 (parse attempt 1) -> OK (3909 chars)
2026-08-08 09:10:23.852   Evaluator (deepseek-v3.2): alt 62 vs incumbent (parse attempt 1) -> OK (2994 chars)
2026-08-08 09:10:23.915   Evaluator (deepseek-v3.2): alt 62 vs alt 6 (parse attempt 1) -> OK (3059 chars)
2026-08-08 09:10:24.355   Evaluator (deepseek-v3.2): alt 62 vs alt 2 (parse attempt 1) -> OK (3349 chars)
2026-08-08 09:10:25.232   Evaluator (deepseek-v3.2): alt 62 vs alt 3 (parse attempt 1) -> OK (3070 chars)
2026-08-08 09:10:25.720   Evaluator (deepseek-v3.2): alt 62 vs alt 10 (parse attempt 1) -> OK (3302 chars)
2026-08-08 09:10:25.729   Evaluator (deepseek-v3.2): alt 62 vs alt 20 (parse attempt 1) -> OK (2364 chars)
2026-08-08 09:10:25.768   Evaluator (deepseek-v3.2): alt 62 vs alt 15 (parse attempt 1) -> OK (2233 chars)
2026-08-08 09:10:25.981   Evaluator (deepseek-v3.2): alt 62 vs alt 11 (parse attempt 1) -> OK (3600 chars)
2026-08-08 09:10:26.392   Evaluator (deepseek-v3.2): alt 62 vs alt 19 (parse attempt 1) -> OK (2610 chars)
2026-08-08 09:10:26.400   Evaluator (deepseek-v3.2): alt 62 vs alt 5 (parse attempt 1) -> OK (4099 chars)
2026-08-08 09:10:26.576   Evaluator (deepseek-v3.2): alt 62 vs alt 18 (parse attempt 1) -> OK (2480 chars)
2026-08-08 09:10:26.589   Evaluator (deepseek-v3.2): alt 62 vs alt 14 (parse attempt 1) -> OK (2667 chars)
2026-08-08 09:10:26.703   Evaluator (deepseek-v3.2): alt 62 vs alt 13 (parse attempt 1) -> OK (3726 chars)
2026-08-08 09:10:26.844   Evaluator (deepseek-v3.2): alt 62 vs alt 16 (parse attempt 1) -> OK (2981 chars)
2026-08-08 09:10:26.864   Evaluator (deepseek-v3.2): alt 61 vs alt 56 (parse attempt 1) -> OK (5479 chars)
2026-08-08 09:10:27.860   Evaluator (deepseek-v3.2): alt 62 vs alt 17 (parse attempt 1) -> OK (3041 chars)
2026-08-08 09:10:28.325   Evaluator (deepseek-v3.2): alt 62 vs alt 22 (parse attempt 1) -> OK (2773 chars)
2026-08-08 09:10:28.450   Evaluator (deepseek-v3.2): alt 62 vs alt 21 (parse attempt 1) -> OK (3475 chars)
2026-08-08 09:10:28.487   Evaluator (deepseek-v3.2): alt 61 vs alt 49 (parse attempt 1) -> OK (6217 chars)
2026-08-08 09:10:28.638   Evaluator (deepseek-v3.2): alt 62 vs alt 7 (parse attempt 1) -> OK (4318 chars)
2026-08-08 09:10:29.322   Evaluator (deepseek-v3.2): alt 62 vs alt 25 (parse attempt 1) -> OK (3719 chars)
2026-08-08 09:10:30.333   Evaluator (deepseek-v3.2): alt 62 vs alt 23 (parse attempt 1) -> OK (3573 chars)
2026-08-08 09:10:30.716   Evaluator (deepseek-v3.2): alt 62 vs alt 27 (parse attempt 1) -> OK (3516 chars)
2026-08-08 09:10:30.808   Evaluator (deepseek-v3.2): alt 62 vs alt 24 (parse attempt 1) -> OK (3689 chars)
2026-08-08 09:10:31.274   Evaluator (deepseek-v3.2): alt 62 vs alt 41 (parse attempt 1) -> OK (2248 chars)
2026-08-08 09:10:31.815   Evaluator (deepseek-v3.2): alt 62 vs alt 38 (parse attempt 1) -> OK (2517 chars)
2026-08-08 09:10:32.116   Evaluator (deepseek-v3.2): alt 62 vs alt 26 (parse attempt 1) -> OK (3740 chars)
2026-08-08 09:10:32.705   Evaluator (deepseek-v3.2): alt 62 vs alt 37 (parse attempt 1) -> OK (2858 chars)
2026-08-08 09:10:33.756   Evaluator (deepseek-v3.2): alt 62 vs alt 40 (parse attempt 1) -> OK (2503 chars)
2026-08-08 09:10:33.872   Evaluator (deepseek-v3.2): alt 62 vs alt 45 (parse attempt 1) -> OK (1993 chars)
2026-08-08 09:10:33.893   Evaluator (deepseek-v3.2): alt 62 vs alt 30 (parse attempt 1) -> OK (4115 chars)
2026-08-08 09:10:33.992   Evaluator (deepseek-v3.2): alt 62 vs alt 33 (parse attempt 1) -> OK (3385 chars)
2026-08-08 09:10:34.072   Evaluator (deepseek-v3.2): alt 62 vs alt 49 (parse attempt 1) -> OK (2103 chars)
2026-08-08 09:10:34.255   Evaluator (deepseek-v3.2): alt 62 vs alt 28 (parse attempt 1) -> OK (4275 chars)
2026-08-08 09:10:34.455   Evaluator (deepseek-v3.2): alt 61 vs alt 45 (parse attempt 1) -> OK (3933 chars)
2026-08-08 09:10:34.571   Evaluator (deepseek-v3.2): alt 62 vs alt 42 (parse attempt 1) -> OK (2661 chars)
2026-08-08 09:10:35.128   Evaluator (deepseek-v3.2): alt 62 vs alt 46 (parse attempt 1) -> OK (2336 chars)
2026-08-08 09:10:35.212   Evaluator (deepseek-v3.2): alt 62 vs alt 31 (parse attempt 1) -> OK (3770 chars)
2026-08-08 09:10:35.355   Evaluator (deepseek-v3.2): alt 62 vs alt 35 (parse attempt 1) -> OK (3287 chars)
2026-08-08 09:10:35.397   Evaluator (deepseek-v3.2): alt 62 vs alt 12 (parse attempt 1) -> OK (2977 chars)
2026-08-08 09:10:35.734   Evaluator (deepseek-v3.2): alt 62 vs alt 47 (parse attempt 1) -> OK (3049 chars)
2026-08-08 09:10:35.942   Evaluator (deepseek-v3.2): alt 62 vs alt 34 (parse attempt 1) -> OK (3365 chars)
2026-08-08 09:10:36.066   Evaluator (deepseek-v3.2): alt 62 vs alt 29 (parse attempt 1) -> OK (4357 chars)
2026-08-08 09:10:36.223   Evaluator (deepseek-v3.2): alt 62 vs alt 51 (parse attempt 1) -> OK (2133 chars)
2026-08-08 09:10:36.451   Evaluator (deepseek-v3.2): alt 62 vs alt 48 (parse attempt 1) -> OK (2849 chars)
2026-08-08 09:10:36.611   Evaluator (deepseek-v3.2): alt 62 vs alt 9 (parse attempt 1) -> OK (6111 chars)
2026-08-08 09:10:36.744   Evaluator (deepseek-v3.2): alt 62 vs alt 50 (parse attempt 1) -> OK (1933 chars)
2026-08-08 09:10:37.287   Evaluator (deepseek-v3.2): alt 62 vs alt 39 (parse attempt 1) -> OK (3785 chars)
2026-08-08 09:10:37.316   Evaluator (deepseek-v3.2): alt 62 vs alt 57 (parse attempt 1) -> OK (2572 chars)
2026-08-08 09:10:37.723   Evaluator (deepseek-v3.2): alt 62 vs alt 52 (parse attempt 1) -> OK (3049 chars)
2026-08-08 09:10:38.730   Evaluator (deepseek-v3.2): alt 62 vs alt 60 (parse attempt 1) -> OK (2602 chars)
2026-08-08 09:10:38.736   Evaluator (deepseek-v3.2): alt 62 vs alt 59 (parse attempt 1) -> OK (2788 chars)
2026-08-08 09:10:38.946   Evaluator (deepseek-v3.2): alt 62 vs alt 56 (parse attempt 1) -> OK (3052 chars)
2026-08-08 09:10:39.255   Evaluator (deepseek-v3.2): alt 62 vs alt 55 (parse attempt 1) -> OK (3138 chars)
2026-08-08 09:10:39.887   Evaluator (deepseek-v3.2): alt 63 vs incumbent (parse attempt 1) -> OK (2560 chars)
2026-08-08 09:10:40.241   Evaluator (deepseek-v3.2): alt 62 vs alt 53 (parse attempt 1) -> OK (3608 chars)
2026-08-08 09:10:41.497   Evaluator (deepseek-v3.2): alt 62 vs alt 63 (parse attempt 1) -> OK (3320 chars)
2026-08-08 09:10:41.515   Evaluator (deepseek-v3.2): alt 62 vs alt 54 (parse attempt 1) -> OK (3999 chars)
2026-08-08 09:10:41.569   Evaluator (deepseek-v3.2): alt 62 vs alt 61 (parse attempt 1) -> OK (3187 chars)
2026-08-08 09:10:42.734   Evaluator (deepseek-v3.2): alt 63 vs alt 10 (parse attempt 1) -> OK (2254 chars)
2026-08-08 09:10:42.785   Evaluator (deepseek-v3.2): alt 63 vs alt 2 (parse attempt 1) -> OK (3165 chars)
2026-08-08 09:10:43.258   Evaluator (deepseek-v3.2): alt 63 vs alt 12 (parse attempt 1) -> OK (2688 chars)
2026-08-08 09:10:43.287   Evaluator (deepseek-v3.2): alt 63 vs alt 3 (parse attempt 1) -> OK (3082 chars)
2026-08-08 09:10:43.358   Evaluator (deepseek-v3.2): alt 63 vs alt 7 (parse attempt 1) -> OK (2616 chars)
2026-08-08 09:10:43.701   Evaluator (deepseek-v3.2): alt 62 vs alt 44 (parse attempt 1) -> OK (2527 chars)
2026-08-08 09:10:44.109   Evaluator (deepseek-v3.2): alt 62 vs alt 58 (parse attempt 1) -> OK (4338 chars)
2026-08-08 09:10:44.238   Evaluator (deepseek-v3.2): alt 63 vs alt 8 (parse attempt 1) -> OK (2665 chars)
2026-08-08 09:10:44.714   Evaluator (deepseek-v3.2): alt 63 vs alt 4 (parse attempt 1) -> OK (3667 chars)
2026-08-08 09:10:44.743   Evaluator (deepseek-v3.2): alt 63 vs alt 15 (parse attempt 1) -> OK (2612 chars)
2026-08-08 09:10:44.877   Evaluator (deepseek-v3.2): alt 63 vs alt 9 (parse attempt 1) -> OK (3628 chars)
2026-08-08 09:10:44.946   Evaluator (deepseek-v3.2): alt 63 vs alt 6 (parse attempt 1) -> OK (3417 chars)
2026-08-08 09:10:45.438   Evaluator (deepseek-v3.2): alt 62 vs alt 36 (parse attempt 1) -> OK (3125 chars)
2026-08-08 09:10:45.444   Evaluator (deepseek-v3.2): alt 63 vs alt 16 (parse attempt 1) -> OK (2606 chars)
2026-08-08 09:10:45.588   Evaluator (deepseek-v3.2): alt 63 vs alt 11 (parse attempt 1) -> OK (3341 chars)
2026-08-08 09:10:46.023   Evaluator (deepseek-v3.2): alt 63 vs alt 21 (parse attempt 1) -> OK (3121 chars)
2026-08-08 09:10:46.028   Evaluator (deepseek-v3.2): alt 63 vs alt 28 (parse attempt 1) -> OK (1901 chars)
2026-08-08 09:10:47.007   Evaluator (deepseek-v3.2): alt 63 vs alt 1 (parse attempt 1) -> OK (4160 chars)
2026-08-08 09:10:47.801   Evaluator (deepseek-v3.2): alt 62 vs alt 32 (parse attempt 1) -> OK (6669 chars)
2026-08-08 09:10:47.801 JSON parse failed (attempt 1/5): 'winner'
2026-08-08 09:10:47.812   Evaluator (deepseek-v3.2): alt 63 vs alt 17 (parse attempt 1) -> OK (3434 chars)
2026-08-08 09:10:49.255   Evaluator (deepseek-v3.2): alt 57 vs alt 41 (parse attempt 2) -> OK (2213 chars)
2026-08-08 09:10:49.830   Evaluator (deepseek-v3.2): alt 63 vs alt 20 (parse attempt 1) -> OK (1841 chars)
2026-08-08 09:10:50.131   Evaluator (deepseek-v3.2): alt 63 vs alt 27 (parse attempt 1) -> OK (3407 chars)
2026-08-08 09:10:50.221   Evaluator (deepseek-v3.2): alt 63 vs alt 23 (parse attempt 1) -> OK (3405 chars)
2026-08-08 09:10:50.427   Evaluator (deepseek-v3.2): alt 63 vs alt 26 (parse attempt 1) -> OK (2990 chars)
2026-08-08 09:10:50.646   Evaluator (deepseek-v3.2): alt 63 vs alt 29 (parse attempt 1) -> OK (3404 chars)
2026-08-08 09:10:51.096   Evaluator (deepseek-v3.2): alt 63 vs alt 19 (parse attempt 1) -> OK (3722 chars)
2026-08-08 09:10:51.243   Evaluator (deepseek-v3.2): alt 63 vs alt 5 (parse attempt 1) -> OK (4989 chars)
2026-08-08 09:10:51.243 JSON parse failed (attempt 1/5): 'winner'
2026-08-08 09:10:51.681   Evaluator (deepseek-v3.2): alt 63 vs alt 24 (parse attempt 1) -> OK (4239 chars)
2026-08-08 09:10:52.787   Evaluator (deepseek-v3.2): alt 55 vs alt 39 (parse attempt 2) -> OK (3878 chars)
2026-08-08 09:10:53.166   Evaluator (deepseek-v3.2): alt 60 vs alt 58 (parse attempt 2) -> OK (2199 chars)
2026-08-08 09:10:53.261   Evaluator (deepseek-v3.2): alt 63 vs alt 30 (parse attempt 1) -> OK (4402 chars)
2026-08-08 09:10:53.410   Evaluator (deepseek-v3.2): alt 62 vs alt 43 (parse attempt 1) -> OK (3757 chars)
2026-08-08 09:10:53.537   Evaluator (deepseek-v3.2): alt 63 vs alt 18 (parse attempt 1) -> OK (2800 chars)
2026-08-08 09:10:53.681   Evaluator (deepseek-v3.2): alt 57 vs alt 62 (parse attempt 2) -> OK (2719 chars)
2026-08-08 09:10:53.853   Evaluator (deepseek-v3.2): alt 60 vs alt 1 (parse attempt 2) -> OK (2529 chars)
2026-08-08 09:10:54.416   Evaluator (deepseek-v3.2): alt 63 vs alt 13 (parse attempt 1) -> OK (2978 chars)
2026-08-08 09:10:55.006   Evaluator (deepseek-v3.2): alt 63 vs alt 25 (parse attempt 1) -> OK (4570 chars)
2026-08-08 09:10:55.738   Evaluator (deepseek-v3.2): alt 58 vs alt 4 (parse attempt 2) -> OK (3400 chars)
2026-08-08 09:10:56.049   Evaluator (deepseek-v3.2): alt 58 vs alt 7 (parse attempt 2) -> OK (3534 chars)
2026-08-08 09:10:56.413   Evaluator (deepseek-v3.2): alt 57 vs alt 38 (parse attempt 2) -> OK (4240 chars)
2026-08-08 09:10:56.640   Evaluator (deepseek-v3.2): alt 60 vs alt 31 (parse attempt 2) -> OK (3676 chars)
2026-08-08 09:10:57.919   Evaluator (deepseek-v3.2): alt 63 vs alt 22 (parse attempt 1) -> OK (3134 chars)
2026-08-08 09:10:58.509   Evaluator (deepseek-v3.2): alt 62 vs alt 32 (parse attempt 2) -> OK (2757 chars)
2026-08-08 09:10:58.659   Evaluator (deepseek-v3.2): alt 56 vs alt 28 (parse attempt 2) -> OK (5117 chars)
2026-08-08 09:10:58.660 JSON parse failed (attempt 2/5): 'winner'
2026-08-08 09:10:59.308   Evaluator (deepseek-v3.2): alt 59 vs alt 31 (parse attempt 2) -> OK (4611 chars)
2026-08-08 09:11:01.082   Evaluator (deepseek-v3.2): alt 59 vs alt 26 (parse attempt 2) -> OK (5399 chars)
2026-08-08 09:11:01.253   Evaluator (deepseek-v3.2): alt 61 vs alt 31 (parse attempt 2) -> OK (4243 chars)
2026-08-08 09:11:02.656   Evaluator (deepseek-v3.2): alt 57 vs alt 31 (parse attempt 2) -> OK (5824 chars)
2026-08-08 09:11:02.656 JSON parse failed (attempt 2/5): 'winner'
2026-08-08 09:11:05.215   Evaluator (deepseek-v3.2): alt 58 vs alt 28 (parse attempt 2) -> OK (6598 chars)
2026-08-08 09:11:05.216 JSON parse failed (attempt 2/5): 'winner'
2026-08-08 09:11:06.833   Evaluator (deepseek-v3.2): alt 63 vs alt 5 (parse attempt 2) -> OK (4109 chars)
2026-08-08 09:11:09.282   Evaluator (deepseek-v3.2): alt 56 vs alt 28 (parse attempt 3) -> OK (2782 chars)
2026-08-08 09:11:13.091   Evaluator (deepseek-v3.2): alt 63 vs alt 14 (parse attempt 1) -> OK (5860 chars)
2026-08-08 09:11:17.705   Evaluator (deepseek-v3.2): alt 58 vs alt 28 (parse attempt 3) -> OK (3994 chars)
2026-08-08 09:11:21.314   Evaluator (deepseek-v3.2): alt 57 vs alt 31 (parse attempt 3) -> OK (4917 chars)
2026-08-08 09:11:21.315   Evaluator batch 3501-4000 / 4032 done
2026-08-08 09:11:29.353   Evaluator (deepseek-v3.2): alt 63 vs alt 35 (parse attempt 1) -> OK (1940 chars)
2026-08-08 09:11:30.045   Evaluator (deepseek-v3.2): alt 63 vs alt 54 (parse attempt 1) -> OK (1976 chars)
2026-08-08 09:11:30.749   Evaluator (deepseek-v3.2): alt 63 vs alt 33 (parse attempt 1) -> OK (2181 chars)
2026-08-08 09:11:31.467   Evaluator (deepseek-v3.2): alt 63 vs alt 48 (parse attempt 1) -> OK (2458 chars)
2026-08-08 09:11:31.530   Evaluator (deepseek-v3.2): alt 63 vs alt 42 (parse attempt 1) -> OK (2583 chars)
2026-08-08 09:11:32.219   Evaluator (deepseek-v3.2): alt 63 vs alt 34 (parse attempt 1) -> OK (3431 chars)
2026-08-08 09:11:32.253   Evaluator (deepseek-v3.2): alt 63 vs alt 46 (parse attempt 1) -> OK (2863 chars)
2026-08-08 09:11:32.292   Evaluator (deepseek-v3.2): alt 63 vs alt 49 (parse attempt 1) -> OK (3001 chars)
2026-08-08 09:11:32.408   Evaluator (deepseek-v3.2): alt 63 vs alt 47 (parse attempt 1) -> OK (3247 chars)
2026-08-08 09:11:32.605   Evaluator (deepseek-v3.2): alt 63 vs alt 56 (parse attempt 1) -> OK (3151 chars)
2026-08-08 09:11:32.609   Evaluator (deepseek-v3.2): alt 63 vs alt 53 (parse attempt 1) -> OK (2850 chars)
2026-08-08 09:11:32.697   Evaluator (deepseek-v3.2): alt 63 vs alt 45 (parse attempt 1) -> OK (3006 chars)
2026-08-08 09:11:32.940   Evaluator (deepseek-v3.2): alt 63 vs alt 31 (parse attempt 1) -> OK (3193 chars)
2026-08-08 09:11:33.194   Evaluator (deepseek-v3.2): alt 63 vs alt 51 (parse attempt 1) -> OK (3240 chars)
2026-08-08 09:11:33.205   Evaluator (deepseek-v3.2): alt 63 vs alt 50 (parse attempt 1) -> OK (3549 chars)
2026-08-08 09:11:33.221   Evaluator (deepseek-v3.2): alt 63 vs alt 40 (parse attempt 1) -> OK (3092 chars)
2026-08-08 09:11:33.226   Evaluator (deepseek-v3.2): alt 63 vs alt 43 (parse attempt 1) -> OK (3363 chars)
2026-08-08 09:11:33.230   Evaluator (deepseek-v3.2): alt 63 vs alt 41 (parse attempt 1) -> OK (3344 chars)
2026-08-08 09:11:33.530   Evaluator (deepseek-v3.2): alt 63 vs alt 55 (parse attempt 1) -> OK (3194 chars)
2026-08-08 09:11:33.695   Evaluator (deepseek-v3.2): alt 63 vs alt 37 (parse attempt 1) -> OK (3827 chars)
2026-08-08 09:11:33.756   Evaluator (deepseek-v3.2): alt 63 vs alt 39 (parse attempt 1) -> OK (3128 chars)
2026-08-08 09:11:33.898   Evaluator (deepseek-v3.2): alt 63 vs alt 38 (parse attempt 1) -> OK (3292 chars)
2026-08-08 09:11:34.480   Evaluator (deepseek-v3.2): alt 63 vs alt 36 (parse attempt 1) -> OK (3283 chars)
2026-08-08 09:11:34.783   Evaluator (deepseek-v3.2): alt 63 vs alt 44 (parse attempt 1) -> OK (3729 chars)
2026-08-08 09:11:35.083   Evaluator (deepseek-v3.2): alt 63 vs alt 59 (parse attempt 1) -> OK (3609 chars)
2026-08-08 09:11:36.425   Evaluator (deepseek-v3.2): alt 63 vs alt 57 (parse attempt 1) -> OK (4099 chars)
2026-08-08 09:11:36.484   Evaluator (deepseek-v3.2): alt 63 vs alt 58 (parse attempt 1) -> OK (3702 chars)
2026-08-08 09:11:37.004   Evaluator (deepseek-v3.2): alt 63 vs alt 32 (parse attempt 1) -> OK (4855 chars)
2026-08-08 09:11:37.435   Evaluator (deepseek-v3.2): alt 63 vs alt 62 (parse attempt 1) -> OK (4200 chars)
2026-08-08 09:11:38.156   Evaluator (deepseek-v3.2): alt 63 vs alt 52 (parse attempt 1) -> OK (4540 chars)
2026-08-08 09:11:38.575   Evaluator (deepseek-v3.2): alt 63 vs alt 61 (parse attempt 1) -> OK (4577 chars)
2026-08-08 09:11:41.133   Evaluator (deepseek-v3.2): alt 63 vs alt 60 (parse attempt 1) -> OK (4866 chars)
2026-08-08 09:11:41.134   Evaluator batch 4001-4032 / 4032 done
2026-08-08 09:11:41.239   rank  1  dreamie                                    original  win rate 95%
2026-08-08 09:11:41.239   rank  2  humanecheck                                original  win rate 83%
2026-08-08 09:11:41.239   rank  3  fraction                                   original  win rate 83%
2026-08-08 09:11:41.239   rank  4  local-final (L12.4)                        evolved-local  win rate 83%
2026-08-08 09:11:41.239   rank  5  ubo-pod                                    original  win rate 83%
2026-08-08 09:11:41.239   rank  6  pictomic                                   original  win rate 79%
2026-08-08 09:11:41.239   rank  7  prolo-ring                                 original  win rate 78%
2026-08-08 09:11:41.239   rank  8  g12-s04-polished (L12.5)                   polished-descendant  win rate 76%
2026-08-08 09:11:41.239 RESULT evolved-global (evolved-champion (clockchain.M1.5.M2.3.M3.2.M4.2): rank 24 of 64, win rate 63.5%
2026-08-08 09:11:41.239 RESULT evolved-local (local-final (L12.4)): rank 4 of 64, win rate 82.9%
2026-08-08 09:11:41.239 RESULT evolved-commit-runnerup (evolved-commit-runnerup (clockchain.M1.5.M2.3.M3): rank 17 of 64, win rate 68.3%
2026-08-08 09:11:41.239 RESULT evolved-commit-runnerup (evolved-commit-runnerup (clockchain.M1.5.M2.3.M3): rank 26 of 64, win rate 61.9%
2026-08-08 09:11:41.239 RESULT evolved-best-hybrid (evolved-best-hybrid ((clockchain.M1.5X((lockguar): rank 43 of 64, win rate 34.9%
2026-08-08 09:11:41.239 RESULT g12-parent (g12-s00-parent (step-12 rank 5)): rank 49 of 64, win rate 31.7%
2026-08-08 09:11:41.239 RESULT polished-descendant (g12-s00-polished (L12.4)): rank 9 of 64, win rate 73.8%
2026-08-08 09:11:41.239 RESULT g12-parent (g12-s01-parent (step-12 rank 10)): rank 58 of 64, win rate 24.6%
2026-08-08 09:11:41.239 RESULT polished-descendant (g12-s01-polished (L12.3)): rank 29 of 64, win rate 59.5%
2026-08-08 09:11:41.239 RESULT g12-parent (g12-s02-parent (step-12 rank 8)): rank 45 of 64, win rate 34.1%
2026-08-08 09:11:41.239 RESULT polished-descendant (g12-s02-polished (L12.2)): rank 30 of 64, win rate 59.5%
2026-08-08 09:11:41.239 RESULT g12-parent (g12-s03-parent (step-12 rank 12)): rank 56 of 64, win rate 25.4%
2026-08-08 09:11:41.239 RESULT polished-descendant (g12-s03-polished (L9.4)): rank 31 of 64, win rate 56.3%
2026-08-08 09:11:41.239 RESULT g12-parent (g12-s04-parent (step-12 rank 6)): rank 41 of 64, win rate 36.5%
2026-08-08 09:11:41.239 RESULT polished-descendant (g12-s04-polished (L12.5)): rank 8 of 64, win rate 76.2%
2026-08-08 09:11:41.239 RESULT polished-descendant (g12-s05-polished (L12.2)): rank 18 of 64, win rate 67.5%
2026-08-08 09:11:41.239 RESULT g12-parent (g12-s06-parent (step-12 rank 1)): rank 50 of 64, win rate 31.0%
2026-08-08 09:11:41.239 RESULT polished-descendant (g12-s06-polished (L12.4)): rank 14 of 64, win rate 69.8%
2026-08-08 09:11:41.239 RESULT g12-parent (g12-s07-parent (step-12 rank 7)): rank 53 of 64, win rate 27.0%
2026-08-08 09:11:41.239 RESULT polished-descendant (g12-s07-polished (L12.4)): rank 16 of 64, win rate 69.0%
2026-08-08 09:11:41.239 RESULT g12-parent (g12-s08-parent (step-12 rank 15)): rank 60 of 64, win rate 20.6%
2026-08-08 09:11:41.239 RESULT polished-descendant (g12-s08-polished (L12.1)): rank 19 of 64, win rate 67.5%
2026-08-08 09:11:41.239 RESULT g12-parent (g12-s09-parent (step-12 rank 2)): rank 39 of 64, win rate 38.9%
2026-08-08 09:11:41.239 RESULT polished-descendant (g12-s09-polished (L12.4)): rank 15 of 64, win rate 69.8%
2026-08-08 09:11:41.239 RESULT g12-parent (g12-s10-parent (step-12 rank 13)): rank 51 of 64, win rate 29.4%
2026-08-08 09:11:41.239 RESULT polished-descendant (g12-s10-polished (L12.1)): rank 11 of 64, win rate 71.4%
2026-08-08 09:11:41.239 RESULT g12-parent (g12-s11-parent (step-12 rank 11)): rank 54 of 64, win rate 27.0%
2026-08-08 09:11:41.239 RESULT polished-descendant (g12-s11-polished (L10.5)): rank 25 of 64, win rate 62.7%
2026-08-08 09:11:41.239 RESULT g12-parent (g12-s12-parent (step-12 rank 9)): rank 52 of 64, win rate 29.4%
2026-08-08 09:11:41.239 RESULT polished-descendant (g12-s12-polished (L12.1)): rank 10 of 64, win rate 73.0%
2026-08-08 09:11:41.239 RESULT g12-parent (g12-s13-parent (step-12 rank 3)): rank 42 of 64, win rate 36.5%
2026-08-08 09:11:41.239 RESULT polished-descendant (g12-s13-polished (L12.4)): rank 23 of 64, win rate 64.3%
2026-08-08 09:11:41.239 RESULT g12-parent (g12-s14-parent (step-12 rank 14)): rank 57 of 64, win rate 25.4%
2026-08-08 09:11:41.239 RESULT polished-descendant (g12-s14-polished (L12.4)): rank 12 of 64, win rate 71.4%
2026-08-08 09:11:41.239 Championship record: out/2026-08-08_deepseekv32-evalrank15-full-championship.csv
2026-08-08 09:11:41.239 Calls: {'Evaluator': [4032, 2972]} | usage: {'input_tokens': 6643548, 'output_tokens': 1815307, 'reported_cost_usd': 1.7178397573099964}
2026-08-08 09:11:41.240 Elapsed: 24.2 min
