"phase","plan_id","role","first_step","wins","matches","benchmark_quality","novelty","selected","plan_text"
"search","angelry","elite","0","21.0","30","0.700000","0.000000","False","## One-Sentence Summary

A line of heirloom jewelry uses real leather that is cultivated in bioreactors from a one-time, harmless skin-cell sample taken from a living, sanctuary-grazing cow, aiming to offer animal-friendly leather adornments.

## Problem

The creators frame conventional leather as dependent on animal harm and present a gap for ethically sourced, real leather that preserves the material's qualities without sacrificing animal welfare. They position the project as evidence that leather can be made while the donor animal continues to live and be cared for at a sanctuary.

## Solution / Product Overview

The project offers jewelry featuring inlays of cultivated leather grown from the donor cow's skin cells on a plant-based scaffold. The leather is produced in bioreactors and then vegetable-tanned, allowing the creators to present finished wearable pieces while asserting that no additional animal harvesting is required.

## Key Features & Capabilities

-   Real leather cultivated from living-animal skin cells grown on a plant-derived scaffold.

-   Inlays set within metal bezels and protected under a glass dome cabochon.

-   Options to choose hypoallergenic stainless steel or sterling silver for certain pieces.

-   Offered in multiple size, color, and material combinations.

-   Packaged in eco-friendly boxes cushioned with plant seed fiber used in the cultivation process.

## Target Users & Use Cases

The campaign speaks to people seeking animal-friendly, sustainable jewelry and those interested in owning a first-of-its-kind heirloom piece made from cultivated leather grown from a specific donor animal's cells.

## Development Status

The team shows finished jewelry inlays and describes past milestones: cells were isolated harmlessly in 2023, prototypes include a pendant and a card holder made in early 2025, and the leather is grown with patent-pending plant-based scaffolding. They state there are no outside approvals required and that the technology and cell lines are owned by the creators.

## Roadmap & Delivery Plan

Planned actions include pilot testing to tune color and texture, inspecting scaffold density before use, preparing different concentrations of plant-based tanning ingredients, and securing jewelry settings after style counts are finalized at the end of the campaign. Production scaling will be addressed by adjusting modular cultivated-leather bioreactor technology and resources.

## Why Crowdfunding / Use of Funds

Funds support bringing the cultivated-leather jewelry to backers: producing inlays, performing pilot tests for consistency, and procuring jewelry settings and sustainable packaging to deliver finished pieces.

## Risks & Challenges

Stated risks include: loss of cryopreserved cells (mitigated by storage at multiple facilities); variability in final color and surface texture from vegetable tanning and scaffold differences (addressed through pilot testing and scaffold inspection); potential supply-chain changes requiring alternate jewelry settings of equal or better quality; and possible extended delivery times for later backers if demand is high.

## Team & Partnerships

The effort is led by a founder with long-term tissue-engineering experience and cellular-agriculture leadership since 2018, who worked with a sanctuary and veterinary professionals to isolate the donor cells.

## What's Included

Jewelry pieces with cultivated-leather inlays (e.g., a rectangular inlay approximately 10 mm × 50 mm) and, for some items, a waxed linen cord; components are housed in metal bezels and glass cabochons.

## Technical Details

-   Plant-based scaffold from kapok seed fibers, needle-felted.

-   Surface treatment with plant-derived ingredients (e.g., sunflower lecithin, zein protein) to promote cell attachment.

-   Cells produce collagen that becomes vegetable-tanned leather.

-   Approximate inlay dimension: 10 mm × 50 mm."
"search","clockchain","elite","0","25.0","30","0.833333","0.000000","False","## One-Sentence Summary

A lightweight, privacy-first tool that generates a verifiable fingerprint of a file and anchors it to a public, time-stamped ledger so anyone can prove originality and authenticity.

## Problem

The creators describe a digital landscape saturated with deepfakes, fake screenshots, copied artwork, and altered media, where ""anyone can post anything,"" making it increasingly difficult to establish what's original or real. They frame the central question as how people can credibly prove ownership or first possession of digital work amid pervasive manipulation and duplication.

## Solution / Product Overview

The product creates a digital fingerprint of a user's file and records proof of that fingerprint on a public, time-stamped ledger. The approach is presented as secure and privacy-preserving: users do not upload the actual file; instead, a compact fingerprint is used as a durable evidence marker. The creators position this as a quiet safeguard for digital truth that everyday people, as well as professionals, can rely on.

## Key Features & Capabilities

-   File fingerprinting: produces a unique hash of a file for proof of originality.

-   Public, time-stamped anchoring: writes proof to a ledger that can be independently checked.

-   Privacy-first design: only hashed fingerprints are stored, not the underlying files.

-   Lightweight implementation: designed to be efficient and resource-conscious.

-   Security emphasis: presented as ""lightweight, secure, and built for the future.""

## Target Users & Use Cases

The campaign calls out artists, small businesses, journalists, and anyone who wants to prove ""I had this first."" Primary uses include establishing authorship, deterring copycats, and documenting the creation time of digital assets.

## Development Status

The ""core protocol already works,"" and an early form is live privately. The team is seeking to build a cleaner public interface and supporting infrastructure so the tool is usable by a broader audience.

## Roadmap & Delivery Plan

Planned steps include hiring a developer and a designer to build a smoother public interface; polishing usability; and layering in infrastructure for scale. The team references a January beta target and says cushion time has been built into the schedule.

## Why Crowdfunding / Use of Funds

Funds will support building a public-facing site and the underlying infrastructure, along with the hiring needed to deliver a refined interface and broaden access.

## Risks & Challenges

The main risk is talent acquisition: delays in hiring or extended timelines could push back the January beta. Mitigations include existing architecture, a lean scope, added schedule buffer, and a commitment to communicate changes clearly.

## Team & Partnerships

The effort is led by engineers who emphasize building for everyday creators in their lives. All architecture and content are created and reviewed by a human team.

## Technical Details

Only hashed fingerprints are stored, dramatically reducing storage and compute compared with systems that store full files or rely on energy-intensive consensus mechanisms. The goal is long-term security and transparency with minimal environmental impact.

## Support & Post-Launch Plans

The team promises clear communication with backers if plans change and notes limited, supportive use of AI tools for coding and documentation; they are not building AI technology nor using AI to generate creative assets."
"search","genaix","elite","0","17.0","30","0.566667","0.000000","False","## One-Sentence Summary

An online learning platform focused on human-centered AI education is evolving into an interactive, creator-driven ecosystem with a personal AI mentor, a hands-on agent playground, and tools for educators to publish micro-courses.

## Problem

The creators argue that AI is reshaping work faster than people can build the skills to keep up. They state that while technology changes daily, human learning lags behind, leaving individuals and teams without practical, up-to-date guidance on using AI effectively.

## Solution / Product Overview

The project expands an existing AI-learning platform into ""2.0,"" positioning it as a social learning ecosystem that blends live AI news, scrollable micro-lessons, certification tracks, and interactive tools. The goal is to make AI learning accessible, simple, and guided by creators and a personal AI mentor.

## Key Features & Capabilities

-   **AI Mentor:** A personalized guide that adapts to learner goals, recommends lessons, and supports practice of real-world skills.

-   **AI Agent Playground:** A space to experiment with automations (e.g., email summarization, invoice assistance, social media agents), with 10+ templates, tutorials, and progress tracking.

-   **Course Builder for Creators:** Tools for educators to build, publish, and monetize micro-courses, positioning the platform as creator-driven.

-   **Learning Content & Certifications:** Micro-courses, reels, and structured certifications (e.g., AI foundations and automation tracks) presented with stated durations and skills coverage.

-   **Enterprise Programs:** Mention of programs tailored to teams, including domain-specific learning (e.g., finance).

## Target Users & Use Cases

Individual learners seeking practical AI fluency; creators who want to teach and monetize AI courses; and professional teams pursuing strategic adoption of AI in functions such as marketing and finance.

## Development Status

The team says it has already built a foundation that includes live updates, micro-courses, and certifications. The campaign funds new ""2.0"" capabilities: AI Mentor and Agent Playground prototypes, expanded creator tools, and a global challenge.

## Roadmap & Delivery Plan

A four-phase timeline is provided: (1) AI Mentor prototype (February 2026), (2) AI Agent Playground launch (April 2026), (3) Creator Course Builder (June 2026), and (4) Global Challenge plus Certification 2.0 (September 2026).

## Why Crowdfunding / Use of Funds

Funds support development of the Mentor and Playground prototypes, expansion of creator tools and certification, a first global fluency challenge, and design of a human-centered interface.

## Risks & Challenges

Identified risks include integrating secure, scalable AI systems, designing intuitive user experiences, and ensuring fairness and accessibility. Mitigations cited are partnering with experienced AI developers and educators, monthly updates, and offering early testing opportunities.

## Team & Partnerships

The project is presented as a global effort with contributors, interns, and partners. It notes collaboration with experienced AI developers and educators, and plans to work with responsible, ethics-minded providers.

## What's Included

Access to the platform's learning environment, including micro-courses, reels, certification tracks, the forthcoming AI Mentor, the Agent Playground with templates and tutorials, and creator tools for course publishing.

## Technical Details

Content is cloud-delivered; the team highlights use of cloud infrastructure powered by renewable energy, emphasis on digital certificates, and reusability of learning progress across career changes.

## Support & Post-Launch Plans

The team commits to open communication, monthly updates, and opportunities for early testing. It also discloses use of AI in content creation with human review and reliance on licensed or open datasets."
"search","hply","step_winner","0","21.0","30","0.700000","0.000000","False","## One-Sentence Summary

A donation app and website that connects people with vetted nonprofits, makes giving fast and secure, and provides clear updates showing the impact of each contribution.

## Problem

The creators say many people want to help but hesitate because it's hard to know which organizations are trustworthy, where the money goes, and whether it truly helps; the process often feels long and ends in unwanted emails and data sharing, which creates friction and reduces support for worthy causes.

## Solution / Product Overview

The product is a donation platform designed to reduce doubt and complexity. It connects users to a curated set of organizations that have been screened for transparency, accountability, and results, enables quick, secure donations, and delivers follow-up updates so donors can see how their generosity made a difference.

## Key Features & Capabilities

-   **Vetted organizations:** Every listed nonprofit is reviewed for transparency, accountability, and proven outcomes.

-   **Smart discovery:** Tools help users find causes aligned with their values and interests.

-   **Simple, secure giving:** A streamlined flow aims to remove ""endless forms"" and confusing steps, enabling donations in under a minute.

-   **Real-time impact updates:** Donors receive updates from supported organizations to understand the effects of their gifts.

-   **Privacy protections:** The team commits to no spam, no data selling, and no pressure, limiting communications to gratitude and impact updates selected by the user.

-   **Transparent fees:** The platform states a flat 1% fee, with no hidden charges.

-   **Mobile and web access:** The experience is available via a mobile app and a web platform.

## Target Users & Use Cases

The product is pitched to both new donors and people who already give regularly. Primary scenarios include discovering trusted organizations (from large, global efforts to local, community causes), making quick donations with confidence, and staying connected through ongoing impact updates.

## Development Status

According to the page, the platform is built, nonprofits are already vetted, and the mission and product scope are defined; the creators present it as ready to expand to more users.

## Roadmap & Delivery Plan

Planned work includes launching the web and mobile platform at scale, expanding outreach to additional nonprofits and prospective donors, and building tools that deliver more meaningful impact insights to users. Specific dates are not listed.

## Why Crowdfunding / Use of Funds

Funds are intended for launch activities, nonprofit and user outreach, and development of impact-insight tools that enhance donor feedback after giving.

## Risks & Challenges

The team identifies technical and operational challenges related to scaling for a broad user and cause base. They state prior startup and product-deployment experience, say the platform is built for flexibility and scalability, and commit to continued transparency as they grow.

## Team & Partnerships

The project is led by the founders, who cite experience leading people operations at a technology company that later went public, with a mission background in safety and impact. The platform features a mix of large international organizations and local community groups as partners, all described generically and subject to vetting."
"search","lockguard","elite","0","20.0","30","0.666667","0.000000","False","## One-Sentence Summary

A compact, portable home-security device that installs without tools or Wi-Fi, offering app control, on-device alerts, and shared access for renters, students, and travelers.

## Problem

The creators argue that traditional residential security is expensive, invasive, and built for homeowners, leaving students, renters, and travelers without a practical way to feel secure in dorms, sublets, and temporary stays. They cite barriers such as landlord approval, drilling, and long-term contracts as key blockers.

## Solution / Product Overview

The product is a lease-friendly smart security device designed to be set up in minutes without tools or approvals. It works without Wi-Fi (with an optional cellular version) and provides peace of mind across dorms, apartments, and travel accommodations through mobile alerts, local alarms, and simple controls.

## Key Features & Capabilities

-   **Burglar detection:** When a door opens, the system checks for nearby approved devices (e.g., a user's phone); unrecognized entries are flagged as unauthorized.

-   **Versatile keypad:** Users can arm/disarm without a phone.

-   **Lock reminder:** Sends a notification if the user leaves a defined safe zone without locking the door.

-   **Alarm system:** Triggers an on-device alarm upon intrusion and sends instant mobile alerts to approved users.

-   **Real-time tracking:** Shows last-seen time/place, enables a ""ping"" to locate the device, and includes a Lost Mode.

-   **Multi-user/device access:** Multiple approved users can control the device and receive notifications.

-   **Cellular connectivity (optional):** Maintains alerts during internet outages; paired with the built-in battery for continued operation.

-   **Mobile app control:** Monitor status, receive alerts, and adjust settings remotely.

## Target Users & Use Cases

Stated audiences include college students, renters, and travelers using dorms, apartments, sublets, and short-term stays. The device is positioned for everyday protection in shared or temporary spaces and for situations with unreliable networks.

## Development Status

According to the page, development began in late 2022. The team references ""final prototypes,"" a brief demo, and a product evolution overview.

## Roadmap & Delivery Plan

The team states it is moving from final prototypes into scaled production and has prepared contingency plans for potential schedule shifts, supported by relationships with suppliers and manufacturing partners. No specific calendar dates are listed.

## Risks & Challenges

Acknowledged risks include supply-chain delays during scale-up and the complexity of supporting multi-user, multi-device scenarios across varied environments. Mitigations include established partner relationships and a focus on keeping the experience simple but secure.

## Team & Partnerships

The founders describe themselves as students and renters who built the product around their lived constraints. They reference suppliers and manufacturing partners without naming them. The team also discloses the use of an AI text-to-speech system for a campaign video voice-over.

## What's Included

A mobile app experience for remote control/alerts is described. The campaign also mentions an initial free trial period for the product's subscription service. Variants include a Wi-Fi model and an option with cellular connectivity.

## Technical Details

Explicit details include optional cellular connectivity, an on-device keypad, an on-device alarm, approved-device proximity checks, and a built-in battery supporting operation during internet outages. Specific dimensions, materials, and OS requirements are not listed.

## Support & Post-Launch Plans

The team emphasizes ongoing commitment to a simple, secure experience as the product scales; ongoing software update cadence or warranty terms are not detailed."
"search","(lockguardXclockchain).G1.2","elite","1","16.0","30","0.533333","0.295047","False","## One-Sentence Summary

A privacy-first platform that anchors digital fingerprints of security events to a public, tamper-proof ledger, giving users in temporary and shared spaces verifiable proof of intrusions and control over their safety data.

## Problem

The creators describe a landscape where digital evidence can be easily manipulated or dismissed, making it difficult to prove critical events like unauthorized entry in real-world spaces. They frame the central question as how individuals can credibly establish and prove the authenticity of security incidents amid pervasive skepticism, especially in environments where their physical security is precarious.

## Target Users & Use Cases

The venture plans to target college students, renters, and travelers using dorms, apartments, sublets, and short-term stays. Its tools are positioned for everyday protection in shared or temporary spaces and for situations where users require independent verification of events.

## Solution / Product Overview

The product is a lease-friendly smart security device designed to be set up in minutes without tools or approvals. Its core innovation is pairing this physical monitoring with a privacy-preserving digital ledger. When a security event occurs, a fingerprint of the event data is created and anchored to a public, time-stamped record, allowing for independent verification without exposing private details.

## Delivery Model

The venture plans a lightweight, privacy-first approach. It will not store sensitive user files or continuous video streams. Instead, it will generate compact, anonymized fingerprints of event data for ledger anchoring. The goal is a secure and resource-conscious implementation that maintains long-term verifiability with minimal infrastructure. The team plans to build a clean public interface and supporting infrastructure to make the verification tools usable by its target audience.

## Revenue Logic

The venture plans to generate revenue through the sale of its physical monitoring device, with potential optional upgrades for enhanced connectivity, such as cellular service. It also plans to offer a subscription service for ongoing access to the verification ledger, advanced alerting features, and multi-user management capabilities within the platform. An initial free trial period for the subscription service is proposed to onboard users.

## Distinctiveness

The venture aims to differentiate itself by merging immediate, physical-space awareness with enduring digital proof. Its proposed system does not just alert users to events; it aims to create a permanent, independently verifiable record that the event occurred at a specific time, addressing the “he-said-she-said” problem of disputes. This privacy-first design, where only hashed fingerprints of event data are stored on the public ledger, is presented as a unique safeguard for both physical security and digital truth."
"search","angelry.M1.2","elite","1","19.0","30","0.633333","0.006899","False","## One-Sentence Summary

A line of heirloom jewelry uses real leather that is cultivated in bioreactors from a one-time, harmless skin-cell sample taken from a living, sanctuary-grazing cow, aiming to offer animal-friendly leather adornments.

## Problem

The creators frame conventional leather as dependent on animal harm and present a gap for ethically sourced, real leather that preserves the material's qualities without sacrificing animal welfare. They position the project as evidence that leather can be made while the donor animal continues to live and be cared for at a sanctuary. The project also addresses the challenge for consumers who value the durability, patina, and heritage qualities of real leather but are increasingly aware of the environmental impacts and ethical concerns associated with both traditional livestock-based leather and some synthetic leather alternatives, which often rely on petrochemicals and lack biodegradability.

## Solution / Product Overview

The project offers jewelry featuring inlays of cultivated leather grown from the donor cow's skin cells on a plant-based scaffold. The leather is produced in bioreactors and then vegetable-tanned, allowing the creators to present finished wearable pieces while asserting that no additional animal harvesting is required.

## Key Features & Capabilities

-   Real leather cultivated from living-animal skin cells grown on a plant-derived scaffold.
-   Inlays set within metal bezels and protected under a glass dome cabochon.
-   Options to choose hypoallergenic stainless steel or sterling silver for certain pieces.
-   Offered in multiple size, color, and material combinations.
-   Packaged in eco-friendly boxes cushioned with plant seed fiber used in the cultivation process.

## Target Users & Use Cases

The campaign speaks to people seeking animal-friendly, sustainable jewelry and those interested in owning a first-of-its-kind heirloom piece made from cultivated leather grown from a specific donor animal's cells.

## Development Status

The team shows finished jewelry inlays and describes past milestones: cells were isolated harmlessly in 2023, prototypes include a pendant and a card holder made in early 2025, and the leather is grown with patent-pending plant-based scaffolding. They state there are no outside approvals required and that the technology and cell lines are owned by the creators.

## Roadmap & Delivery Plan

Planned actions include pilot testing to tune color and texture, inspecting scaffold density before use, preparing different concentrations of plant-based tanning ingredients, and securing jewelry settings after style counts are finalized at the end of the campaign. Production scaling will be addressed by adjusting modular cultivated-leather bioreactor technology and resources.

## Why Crowdfunding / Use of Funds

Funds support bringing the cultivated-leather jewelry to backers: producing inlays, performing pilot tests for consistency, and procuring jewelry settings and sustainable packaging to deliver finished pieces.

## Risks & Challenges

Stated risks include: loss of cryopreserved cells (mitigated by storage at multiple facilities); variability in final color and surface texture from vegetable tanning and scaffold differences (addressed through pilot testing and scaffold inspection); potential supply-chain changes requiring alternate jewelry settings of equal or better quality; and possible extended delivery times for later backers if demand is high.

## Team & Partnerships

The effort is led by a founder with long-term tissue-engineering experience and cellular-agriculture leadership since 2018, who worked with a sanctuary and veterinary professionals to isolate the donor cells.

## What's Included

Jewelry pieces with cultivated-leather inlays (e.g., a rectangular inlay approximately 10 mm × 50 mm) and, for some items, a waxed linen cord; components are housed in metal bezels and glass cabochons.

## Technical Details

-   Plant-based scaffold from kapok seed fibers, needle-felted.
-   Surface treatment with plant-derived ingredients (e.g., sunflower lecithin, zein protein) to promote cell attachment.
-   Cells produce collagen that becomes vegetable-tanned leather.
-   Approximate inlay dimension: 10 mm × 50 mm."
"search","clockchain.M1.5","step_winner","1","29.0","30","0.966667","0.034154","False","## One-Sentence Summary

A lightweight, privacy-first tool that generates a verifiable fingerprint of a file and anchors it to a public, time-stamped ledger so anyone can prove originality and authenticity.

## Problem

The creators describe a digital landscape saturated with deepfakes, fake screenshots, copied artwork, and altered media, where ""anyone can post anything,"" making it increasingly difficult to establish what's original or real. They frame the central question as how people can credibly prove ownership or first possession of digital work amid pervasive manipulation and duplication.

## Solution / Product Overview

The product creates a digital fingerprint of a user's file and records proof of that fingerprint on a public, time-stamped ledger. The approach is presented as secure and privacy-preserving: users do not upload the actual file; instead, a compact fingerprint is used as a durable evidence marker. The creators position this as a quiet safeguard for digital truth that everyday people, as well as professionals, can rely on.

## Key Features & Capabilities

-   File fingerprinting: produces a unique hash of a file for proof of originality.
-   Public, time-stamped anchoring: writes proof to a ledger that can be independently checked.
-   Privacy-first design: only hashed fingerprints are stored, not the underlying files.
-   Lightweight implementation: designed to be efficient and resource-conscious.
-   Security emphasis: presented as ""lightweight, secure, and built for the future.""

## Target Users & Use Cases

The campaign calls out artists, small businesses, journalists, and anyone who wants to prove ""I had this first."" Primary uses include establishing authorship, deterring copycats, and documenting the creation time of digital assets.

## Development Status

The ""core protocol already works,"" and an early form is live privately. The team is seeking to build a cleaner public interface and supporting infrastructure so the tool is usable by a broader audience.

## Roadmap & Delivery Plan

Planned steps include hiring a developer and a designer to build a smoother public interface; polishing usability; and layering in infrastructure for scale. The team references a January beta target and says cushion time has been built into the schedule.

## Why Crowdfunding / Use of Funds

Funds will support building a public-facing site and the underlying infrastructure, along with the hiring needed to deliver a refined interface and broaden access.

## Risks & Challenges

The main risk is talent acquisition: delays in hiring or extended timelines could push back the January beta. Mitigations include existing architecture, a lean scope, added schedule buffer, and a commitment to communicate changes clearly.

## Team & Partnerships

The effort is led by engineers who emphasize building for everyday creators in their lives. All architecture and content are created and reviewed by a human team.

## Technical Details

Only hashed fingerprints are stored, dramatically reducing storage and compute compared with systems that store full files or rely on energy-intensive consensus mechanisms. The goal is long-term security and transparency with minimal environmental impact.

## Revenue Logic

To sustain the venture, the team is planning to explore a tiered subscription model. The planned model would provide a free tier for infrequent, personal use, while offering paid tiers for professionals and businesses requiring higher-volume anchoring, advanced verification features, or dedicated support. This would allow the core service to remain broadly accessible while generating revenue from users who derive significant value from it.

## Support & Post-Launch Plans

The team promises clear communication with backers if plans change and notes limited, supportive use of AI tools for coding and documentation; they are not building AI technology nor using AI to generate creative assets."
"search","hply.M1.4","elite","1","24.0","30","0.800000","0.013041","False","## One-Sentence Summary

A donation app and website that connects people with vetted nonprofits, makes giving fast and secure, and provides clear updates showing the impact of each contribution.

## Problem

The creators say many people want to help but hesitate because it's hard to know which organizations are trustworthy, where the money goes, and whether it truly helps; the process often feels long and ends in unwanted emails and data sharing, which creates friction and reduces support for worthy causes.

## Solution / Product Overview

The product is a donation platform designed to reduce doubt and complexity. It connects users to a curated set of organizations that have been screened for transparency, accountability, and results, enables quick, secure donations, and delivers follow-up updates so donors can see how their generosity made a difference.

## Key Features & Capabilities

-   **Vetted organizations:** Every listed nonprofit is reviewed for transparency, accountability, and proven outcomes.
-   **Smart discovery:** Tools help users find causes aligned with their values and interests.
-   **Simple, secure giving:** A streamlined flow aims to remove ""endless forms"" and confusing steps, enabling donations in under a minute.
-   **Real-time impact updates:** Donors receive updates from supported organizations to understand the effects of their gifts.
-   **Privacy protections:** The team commits to no spam, no data selling, and no pressure, limiting communications to gratitude and impact updates selected by the user.
-   **Transparent fees:** The platform states a flat 1% fee, with no hidden charges.
-   **Mobile and web access:** The experience is available via a mobile app and a web platform.

## Target Users & Use Cases

The product is pitched to both new donors and people who already give regularly. Primary scenarios include discovering trusted organizations (from large, global efforts to local, community causes), making quick donations with confidence, and staying connected through ongoing impact updates. A planned, specific target user group for initial outreach is **employees participating in corporate giving or matching gift programs**, who need a streamlined way to discover vetted charities and complete their donations to qualify for employer matches.

## Development Status

According to the page, the platform is built, nonprofits are already vetted, and the mission and product scope are defined; the creators present it as ready to expand to more users.

## Roadmap & Delivery Plan

Planned work includes launching the web and mobile platform at scale, expanding outreach to additional nonprofits and prospective donors, and building tools that deliver more meaningful impact insights to users. Specific dates are not listed.

## Why Crowdfunding / Use of Funds

Funds are intended for launch activities, nonprofit and user outreach, and development of impact-insight tools that enhance donor feedback after giving.

## Risks & Challenges

The team identifies technical and operational challenges related to scaling for a broad user and cause base. They state prior startup and product-deployment experience, say the platform is built for flexibility and scalability, and commit to continued transparency as they grow.

## Team & Partnerships

The project is led by the founders, who cite experience leading people operations at a technology company that later went public, with a mission background in safety and impact. The platform features a mix of large international organizations and local community groups as partners, all described generically and subject to vetting."
"search","sale-finder.M1.3","elite","1","20.0","30","0.666667","0.030316","False","--- BEGIN PROJECT ---
## One-Sentence Summary

A mobile app that aggregates local yard, estate, and community sales on a single live map, plans efficient routes, and adds game-like rewards to turn bargain hunting into a community-strengthening adventure.

## Problem

The creators describe weekend ""treasure hunts"" devolving into frustrating scavenger work: listings are scattered across social groups, random sites, fading street signs, and half-remembered addresses, causing wasted time, fuel, and missed finds. There's no comprehensive, real-time map for all types of sales, making planning difficult and inefficient.

## Solution / Product Overview

The product centralizes every kind of local sale---yard, estate, flea, vendor markets, church bazaars, and pop-ups---onto one interactive map. It helps users discover events any day of the week, plot an organized route, and enjoy a ""modern treasure hunt"" that also channels foot traffic to nearby small businesses.

## Key Features & Capabilities

-   Unified discovery of multiple sale types (yard, estate, flea, vendor fairs, church bazaars, neighborhood pop-ups).
-   Route planning to streamline multi-stop outings.
-   Gamification: surprise ""Treasure Drops,"" collectible ""doubloons,"" community leaderboards, and an in-app redemption area (""Plunder Pantry"") for real-world merchandise.
-   Local-business support: optional geo-fenced ads that surface modest, location-triggered offers from nearby shops.
-   Emphasis on reuse/upcycling by keeping quality goods in circulation and out of landfills.

## Target Users & Use Cases

Designed for families, casual shoppers, and serious resellers seeking efficient discovery of local sales; for community explorers who want an engaging weekend activity; and for nearby small businesses aiming to reach shoppers traveling between sale stops. A planned expansion of the target user base includes **municipal waste management and sustainability departments** as potential users, who could utilize aggregated, anonymized data on reuse activity to measure community diversion from landfills and inform local circular economy initiatives.

## Why Crowdfunding / Use of Funds

Support is framed as enabling development of a single-map hub that helps shoppers, sellers, and local businesses thrive together; energizes neighborhood commerce; and advances reuse. The team also cites efforts to build an audience via community connections and targeted marketing.

## Risks & Challenges

-   **App development & dependencies:** Feature additions, testing needs, or changes by third-party mapping/payment services could cause delays. Mitigation: use an experienced development team, set clear milestones, and provide regular updates.
-   **Physical reward fulfillment:** Merchandise depends on printing/production/shipping schedules. Mitigation: reliable suppliers already sourced; timelines to be confirmed before fulfillment; prompt communication and timeline adjustments if needed.
-   **Audience growth:** Adoption depends on attracting both shoppers and sellers. Mitigation: active social outreach, local-business partnerships, and planned marketing campaigns. The creators commit to transparent communication, regular progress reports, and keeping supporters informed throughout.

## Team & Partnerships

The project is led by the founders, drawing on an experienced development team for build/testing. The page mentions relationships with reliable merchandise suppliers and outreach to local businesses; no specific organizations or individuals are named.

## Support & Post-Launch Plans

The team promises regular updates and open communication about progress and any changes to delivery expectations.
--- END PROJECT ---"
"search","(genaixXhply).G1.3.M2.4","elite","2","10.0","30","0.333333","0.242684","False","# One-Sentence Summary
A human-centered AI education platform that connects learners with vetted, high-quality micro-courses from expert creators, making skill-building fast, trustworthy, and impactful.

## Problem
The venture is designed to address the problem that AI is reshaping work faster than people can build the skills to keep up. While technology changes daily, human learning lags behind, leaving individuals and teams without practical, up-to-date guidance on using AI effectively in their specific domains.

## Customer
The primary target users are individual learners seeking practical AI fluency and creators who want to teach and monetize AI courses. The venture also plans to serve professional teams pursuing strategic adoption of AI in functions such as marketing and finance.

## Solution
The proposed solution is an interactive, creator-driven learning ecosystem. It aims to blend live AI news, scrollable micro-lessons, and certification tracks with interactive tools. The goal is to make AI learning accessible, simple, and guided by creators. The venture plans to develop a personal AI mentor that adapts to learner goals, an agent playground for hands-on experimentation with automations, and tools for educators to build and publish micro-courses. **Furthermore, the platform would introduce a novel ""Skills Integration Lab,"" a proposed feature where learners can directly connect the concepts from their completed micro-courses to their real-world tools and workflows (like Excel, Slack, or CRM software). This lab would provide guided, template-based projects for applying new AI skills to a user's specific job tasks.**

## Delivery Model
The venture plans to deliver its value through a streamlined, trusted platform experience. It intends to curate and vet all educational creators and their content for quality, transparency, and proven learning outcomes. The user experience is designed to be simple and fast, enabling learners to discover and start relevant courses in under a minute. The platform would be accessible via both a mobile app and a web platform, with a commitment to user privacy and clear communication.

## Revenue Logic
The proposed revenue model is based on a transparent, flat fee structure. The venture plans to charge a small, stated percentage fee on transactions—specifically, on the monetization of courses by creators on the platform. The model is designed to avoid hidden charges for learners or creators, aligning platform success with the success of its educational marketplace.

## Distinctiveness
The venture's planned distinctiveness lies in its focus on a human-centered, creator-driven ecosystem for AI education. Unlike generic learning platforms, it aims to combine a personalized AI learning guide with a hands-on playground for building real automations. It seeks to differentiate itself by empowering educators with tools to publish and monetize micro-courses, thereby positioning the platform's content as dynamic, practical, and directly tied to the evolving AI landscape. The venture also plans to emphasize the reusability of learned skills across career changes as a core value proposition."
"search","clockchain.M1.5.M2.2","step_winner","2","28.0","30","0.933333","0.045120","False","--- BEGIN PROJECT ---
## One-Sentence Summary

A lightweight, privacy-first tool that generates a verifiable fingerprint of a file and anchors it to a public, time-stamped ledger so anyone can prove originality and authenticity.

## Problem

The creators describe a digital landscape saturated with deepfakes, fake screenshots, copied artwork, and altered media, where ""anyone can post anything,"" making it increasingly difficult to establish what's original or real. They frame the central question as how people can credibly prove ownership or first possession of digital work amid pervasive manipulation and duplication.

## Solution / Product Overview

The product creates a digital fingerprint of a user's file and records proof of that fingerprint on a public, time-stamped ledger. The approach is presented as secure and privacy-preserving: users do not upload the actual file; instead, a compact fingerprint is used as a durable evidence marker. The creators position this as a quiet safeguard for digital truth that everyday people, as well as professionals, can rely on.

## Key Features & Capabilities

-   File fingerprinting: produces a unique hash of a file for proof of originality.
-   Public, time-stamped anchoring: writes proof to a ledger that can be independently checked.
-   Privacy-first design: only hashed fingerprints are stored, not the underlying files.
-   Lightweight implementation: designed to be efficient and resource-conscious.
-   Security emphasis: presented as ""lightweight, secure, and built for the future.""

## Target Users & Use Cases

The campaign calls out artists, small businesses, journalists, and anyone who wants to prove ""I had this first."" Primary uses include establishing authorship, deterring copycats, and documenting the creation time of digital assets.

## Development Status

The ""core protocol already works,"" and an early form is live privately. The team is seeking to build a cleaner public interface and supporting infrastructure so the tool is usable by a broader audience.

## Roadmap & Delivery Plan

Planned steps include hiring a developer and a designer to build a smoother public interface; polishing usability; and layering in infrastructure for scale. The team references a January beta target and says cushion time has been built into the schedule. To improve delivery, the team plans to explore a phased rollout strategy, starting with a closed beta for a small group of early backers before the wider public beta launch.

## Why Crowdfunding / Use of Funds

Funds will support building a public-facing site and the underlying infrastructure, along with the hiring needed to deliver a refined interface and broaden access.

## Risks & Challenges

The main risk is talent acquisition: delays in hiring or extended timelines could push back the January beta. Mitigations include existing architecture, a lean scope, added schedule buffer, and a commitment to communicate changes clearly.

## Team & Partnerships

The effort is led by engineers who emphasize building for everyday creators in their lives. All architecture and content are created and reviewed by a human team.

## Technical Details

Only hashed fingerprints are stored, dramatically reducing storage and compute compared with systems that store full files or rely on energy-intensive consensus mechanisms. The goal is long-term security and transparency with minimal environmental impact.

## Revenue Logic

To sustain the venture, the team is planning to explore a tiered subscription model. The planned model would provide a free tier for infrequent, personal use, while offering paid tiers for professionals and businesses requiring higher-volume anchoring, advanced verification features, or dedicated support. This would allow the core service to remain broadly accessible while generating revenue from users who derive significant value from it.

## Support & Post-Launch Plans
The team promises clear communication with backers if plans change and notes limited, supportive use of AI tools for coding and documentation; they are not building AI technology nor using AI to generate creative assets.
--- END PROJECT ---"
"search","clockchain.M1.5.M2.5","elite","2","29.0","30","0.966667","0.047310","False","--- BEGIN PROJECT ---
## One-Sentence Summary
A lightweight, privacy-first tool that generates a verifiable fingerprint of a file and anchors it to a public, time-stamped ledger so anyone can prove originality and authenticity.

## Problem
The creators describe a digital landscape saturated with deepfakes, fake screenshots, copied artwork, and altered media, where ""anyone can post anything,"" making it increasingly difficult to establish what's original or real. They frame the central question as how people can credibly prove ownership or first possession of digital work amid pervasive manipulation and duplication.

## Solution / Product Overview
The product creates a digital fingerprint of a user's file and records proof of that fingerprint on a public, time-stamped ledger. The approach is presented as secure and privacy-preserving: users do not upload the actual file; instead, a compact fingerprint is used as a durable evidence marker. The creators position this as a quiet safeguard for digital truth that everyday people, as well as professionals, can rely on. To increase trust and utility, the team plans to explore the addition of a decentralized, community-run witness network. This proposed network would provide a secondary, distributed layer of attestation to the ledger's timestamping, offering an extra, transparent verification step that could be checked by anyone.

## Key Features & Capabilities
-   File fingerprinting: produces a unique hash of a file for proof of originality.
-   Public, time-stamped anchoring: writes proof to a ledger that can be independently checked.
-   Privacy-first design: only hashed fingerprints are stored, not the underlying files.
-   Lightweight implementation: designed to be efficient and resource-conscious.
-   Security emphasis: presented as ""lightweight, secure, and built for the future.""

## Target Users & Use Cases
The campaign calls out artists, small businesses, journalists, and anyone who wants to prove ""I had this first."" Primary uses include establishing authorship, deterring copycats, and documenting the creation time of digital assets.

## Development Status
The ""core protocol already works,"" and an early form is live privately. The team is seeking to build a cleaner public interface and supporting infrastructure so the tool is usable by a broader audience.

## Roadmap & Delivery Plan
Planned steps include hiring a developer and a designer to build a smoother public interface; polishing usability; and layering in infrastructure for scale. The team references a January beta target and says cushion time has been built into the schedule.

## Why Crowdfunding / Use of Funds
Funds will support building a public-facing site and the underlying infrastructure, along with the hiring needed to deliver a refined interface and broaden access.

## Risks & Challenges
The main risk is talent acquisition: delays in hiring or extended timelines could push back the January beta. Mitigations include existing architecture, a lean scope, added schedule buffer, and a commitment to communicate changes clearly.

## Team & Partnerships
The effort is led by engineers who emphasize building for everyday creators in their lives. All architecture and content are created and reviewed by a human team.

## Technical Details
Only hashed fingerprints are stored, dramatically reducing storage and compute compared with systems that store full files or rely on energy-intensive consensus mechanisms. The goal is long-term security and transparency with minimal environmental impact.

## Revenue Logic
To sustain the venture, the team is planning to explore a tiered subscription model. The planned model would provide a free tier for infrequent, personal use, while offering paid tiers for professionals and businesses requiring higher-volume anchoring, advanced verification features, or dedicated support. This would allow the core service to remain broadly accessible while generating revenue from users who derive significant value from it.

## Support & Post-Launch Plans
The team promises clear communication with backers if plans change and notes limited, supportive use of AI tools for coding and documentation; they are not building AI technology nor using AI to generate creative assets.
--- END PROJECT ---"
"search","(clockchain.M1.5.M2.5X((lockguardXclockchain).G1.2Xhply.M1.4).G2.1).G3.4","elite","3","15.0","30","0.500000","0.304025","False","## One-Sentence Summary
A privacy-first platform that generates verifiable digital fingerprints of charitable actions and anchors them to a public ledger, connecting donors with vetted nonprofits to provide indisputable proof of impact.

## Problem
The venture plans to address a digital landscape saturated with manipulation and duplication, where it is increasingly difficult to establish what is original or real. The central challenge is enabling people to credibly prove the authenticity and first possession of a digital record—such as a donation confirmation or an impact report—amid pervasive skepticism and the ease of generating false claims.

## Target Users & Use Cases
The venture plans to target both new donors and people who already give regularly. Primary scenarios include discovering trusted organizations (from large, global efforts to local, community causes), making quick donations with confidence, and staying connected through verifiable proof of impact. A planned, specific target user group for initial outreach is employees participating in corporate giving or matching gift programs, who need a streamlined way to discover vetted charities and provide indisputable proof of their actions to qualify for employer matches.

## Solution / Product Overview
The venture plans to build a tool that creates a digital fingerprint of a user's charitable event data—such as a donation receipt or a nonprofit's impact milestone—and records proof of that fingerprint on a public, time-stamped ledger. The approach is proposed to be secure and privacy-preserving: users would not upload sensitive raw data; instead, a compact fingerprint would serve as durable evidence. This is positioned as a quiet safeguard for digital truth that donors, nonprofits, and verifying partners can rely on. To increase trust, the team plans to explore adding a decentralized, community-run witness network to provide a secondary, distributed layer of attestation to the ledger's timestamps.

## Delivery Model
The venture plans a lightweight, privacy-first implementation. It would not store sensitive donor financial details or the underlying event files. Instead, it would generate compact, anonymized fingerprints of that data for ledger anchoring. The goal is a secure and resource-conscious design that maintains long-term verifiability with minimal infrastructure. The team plans to build a clean public interface and supporting infrastructure to make the verification tools usable by its target audience.

## Revenue Logic
The venture plans to generate revenue through the sale of a subscription service to nonprofits for access to the verification ledger, advanced impact reporting features, and donor management capabilities within the platform. An initial free trial period for the subscription service is proposed to onboard nonprofit partners. The venture also plans to explore potential optional upgrades for enhanced connectivity or integration services for corporate giving programs.

## Distinctiveness
The venture aims to differentiate itself by merging immediate charitable action with enduring, independently verifiable digital proof. Its proposed system does not just facilitate donations and report impact; it aims to create a permanent, tamper-evident record that a specific charitable event occurred at a specific time and is linked to specific outcomes, directly addressing the trust deficit in the philanthropic sector. This privacy-first design, where only hashed fingerprints of event data are stored on the public ledger, is presented as a unique safeguard that protects donor privacy while anchoring the truth of charitable impact."
"search","(clockchain.M1.5X((lockguardXclockchain).G1.2Xhply.M1.4).G2.1).G3.2","elite","3","18.0","30","0.600000","0.306698","False","## One-Sentence Summary

A privacy-first verification platform that generates a verifiable fingerprint of charitable actions and anchors it to a public, time-stamped ledger, providing donors and corporate partners with indisputable proof of impact for every contribution.

## Problem

The venture plans to address a digital landscape saturated with deepfakes, fake screenshots, copied artwork, and altered media, where ""anyone can post anything,"" making it increasingly difficult to establish what's original or real. It frames the central question as how people can credibly prove the occurrence and authenticity of charitable actions amid pervasive digital manipulation and duplication.

## Target Users & Use Cases

The venture plans to target both new donors and people who already give regularly. Primary scenarios include discovering trusted organizations (from large, global efforts to local, community causes), making quick donations with confidence, and staying connected through verifiable proof of impact. A planned, specific target user group for initial outreach is employees participating in corporate giving or matching gift programs, who need a streamlined way to discover vetted charities and provide indisputable proof of their actions to qualify for employer matches.

## Solution / Product Overview

The venture plans to build a tool that creates a digital fingerprint of a user's charitable action data and records proof of that fingerprint on a public, time-stamped ledger. The approach is presented as secure and privacy-preserving: users do not upload sensitive personal or financial details; instead, a compact fingerprint of the event data is used as a durable evidence marker. The venture positions this as a quiet safeguard for charitable truth that everyday donors, as well as corporate partners, can rely on.

## Delivery Model

The venture plans a lightweight, privacy-first approach. It will generate compact, anonymized fingerprints of event data for ledger anchoring, dramatically reducing storage and compute compared with systems that store full files or rely on energy-intensive consensus mechanisms. The goal is a secure and resource-conscious implementation that maintains long-term verifiability with minimal environmental impact. The team plans to build a clean public interface and supporting infrastructure to make the verification tools usable by its target audience.

## Revenue Logic

The venture plans to generate revenue through the sale of a subscription service to nonprofits for access to the verification ledger, advanced impact reporting features, and donor management capabilities within the platform. An initial free trial period for the subscription service is proposed to onboard nonprofit partners. The venture also plans to explore potential optional upgrades for enhanced connectivity or integration services for corporate giving programs.

## Distinctiveness

The venture aims to differentiate itself by merging immediate charitable action with enduring, independently verifiable digital proof. Its proposed system does not just facilitate donations and report impact; it aims to create a permanent, tamper-evident record that a specific charitable event occurred at a specific time and is linked to specific outcomes, directly addressing the trust deficit in the philanthropic sector. This privacy-first design, where only hashed fingerprints of event data are stored on the public ledger, is presented as a unique safeguard that protects donor privacy while anchoring the truth of charitable impact."
"search","clockchain.M1.5.M2.3.M3.2","step_winner","3","30.0","30","1.000000","0.044241","False","--- BEGIN PROJECT ---
## One-Sentence Summary

A lightweight, privacy-first tool that generates a verifiable fingerprint of a file and anchors it to a public, time-stamped ledger so anyone can prove originality and authenticity.

## Problem

The creators describe a digital landscape saturated with deepfakes, fake screenshots, copied artwork, and altered media, where ""anyone can post anything,"" making it increasingly difficult to establish what's original or real. They frame the central question as how people can credibly prove ownership or first possession of digital work amid pervasive manipulation and duplication. This challenge extends beyond establishing simple precedence to undermining trust in digital evidence within legal, journalistic, and commercial contexts, where the inability to definitively authenticate a file's provenance or creation time can have significant consequences.

## Solution / Product Overview

The product creates a digital fingerprint of a user's file and records proof of that fingerprint on a public, time-stamped ledger. The approach is presented as secure and privacy-preserving: users do not upload the actual file; instead, a compact fingerprint is used as a durable evidence marker. The creators position this as a quiet safeguard for digital truth that everyday people, as well as professionals, can rely on.

## Key Features & Capabilities

-   File fingerprinting: produces a unique hash of a file for proof of originality.
-   Public, time-stamped anchoring: writes proof to a ledger that can be independently checked.
-   Privacy-first design: only hashed fingerprints are stored, not the underlying files.
-   Lightweight implementation: designed to be efficient and resource-conscious.
-   Security emphasis: presented as ""lightweight, secure, and built for the future.""

## Target Users & Use Cases

The campaign calls out artists, small businesses, journalists, and anyone who wants to prove ""I had this first."" Primary uses include establishing authorship, deterring copycats, and documenting the creation time of digital assets.

## Development Status

The ""core protocol already works,"" and an early form is live privately. The team is seeking to build a cleaner public interface and supporting infrastructure so the tool is usable by a broader audience.

## Roadmap & Delivery Plan

Planned steps include hiring a developer and a designer to build a smoother public interface; polishing usability; and layering in infrastructure for scale. The team references a January beta target and says cushion time has been built into the schedule.

## Why Crowdfunding / Use of Funds

Funds will support building a public-facing site and the underlying infrastructure, along with the hiring needed to deliver a refined interface and broaden access.

## Risks & Challenges

The main risk is talent acquisition: delays in hiring or extended timelines could push back the January beta. Mitigations include existing architecture, a lean scope, added schedule buffer, and a commitment to communicate changes clearly.

## Team & Partnerships

The effort is led by engineers who emphasize building for everyday creators in their lives. All architecture and content are created and reviewed by a human team.

## Technical Details

Only hashed fingerprints are stored, dramatically reducing storage and compute compared with systems that store full files or rely on energy-intensive consensus mechanisms. The goal is long-term security and transparency with minimal environmental impact.

## Distinctiveness: Why This Approach Differs Meaningfully from Available Alternatives

This approach is distinct because it decouples the proof of existence from the file itself, anchoring only a hash to a public ledger, while most alternatives either require uploading the entire file to a centralized service or rely on complex, resource-intensive blockchain networks for storage and verification. The proposed system aims to provide a simpler, more accessible, and environmentally conscious verification layer that prioritizes user privacy and data sovereignty, avoiding the pitfalls of vendor lock-in or high transactional costs associated with many blockchain-based timestamping services.

## Revenue Logic

To sustain the venture, the team is planning to explore a tiered subscription model. The planned model would provide a free tier for infrequent, personal use, while offering paid tiers for professionals and businesses requiring higher-volume anchoring, advanced verification features, or dedicated support. This would allow the core service to remain broadly accessible while generating revenue from users who derive significant value from it.

## Support & Post-Launch Plans

The team promises clear communication with backers if plans change and notes limited, supportive use of AI tools for coding and documentation; they are not building AI technology nor using AI to generate creative assets.
--- END PROJECT ---"
"search","clockchain.M1.5.M2.3.M3.2.M4.2","elite","4","30.0","30","1.000000","0.050827","True","--- BEGIN PROJECT ---
## One-Sentence Summary

A lightweight, privacy-first tool that generates a verifiable fingerprint of a file and anchors it to a public, time-stamped ledger so anyone can prove originality and authenticity.

## Problem
The creators describe a digital landscape saturated with deepfakes, fake screenshots, copied artwork, and altered media, where ""anyone can post anything,"" making it increasingly difficult to establish what's original or real. They frame the central question as how people can credibly prove ownership or first possession of digital work amid pervasive manipulation and duplication. This challenge extends beyond establishing simple precedence to undermining trust in digital evidence within legal, journalistic, and commercial contexts, where the inability to definitively authenticate a file's provenance or creation time can have significant consequences.

## Solution / Product Overview
The product creates a digital fingerprint of a user's file and records proof of that fingerprint on a public, time-stamped ledger. The approach is presented as secure and privacy-preserving: users do not upload the actual file; instead, a compact fingerprint is used as a durable evidence marker. The creators position this as a quiet safeguard for digital truth that everyday people, as well as professionals, can rely on.

## Key Features & Capabilities
-   File fingerprinting: produces a unique hash of a file for proof of originality.
-   Public, time-stamped anchoring: writes proof to a ledger that can be independently checked.
-   Privacy-first design: only hashed fingerprints are stored, not the underlying files.
-   Lightweight implementation: designed to be efficient and resource-conscious.
-   Security emphasis: presented as ""lightweight, secure, and built for the future.""

## Target Users & Use Cases
The campaign calls out artists, small businesses, journalists, and anyone who wants to prove ""I had this first."" Primary uses include establishing authorship, deterring copycats, and documenting the creation time of digital assets. The team plans to explore use cases for legal professionals and researchers who need to create a verifiable, time-stamped chain of custody for sensitive digital evidence.

## Development Status
The ""core protocol already works,"" and an early form is live privately. The team is seeking to build a cleaner public interface and supporting infrastructure so the tool is usable by a broader audience.

## Roadmap & Delivery Plan
Planned steps include hiring a developer and a designer to build a smoother public interface; polishing usability; and layering in infrastructure for scale. The team references a January beta target and says cushion time has been built into the schedule.

## Why Crowdfunding / Use of Funds
Funds will support building a public-facing site and the underlying infrastructure, along with the hiring needed to deliver a refined interface and broaden access.

## Risks & Challenges
The main risk is talent acquisition: delays in hiring or extended timelines could push back the January beta. Mitigations include existing architecture, a lean scope, added schedule buffer, and a commitment to communicate changes clearly.

## Team & Partnerships
The effort is led by engineers who emphasize building for everyday creators in their lives. All architecture and content are created and reviewed by a human team.

## Technical Details
Only hashed fingerprints are stored, dramatically reducing storage and compute compared with systems that store full files or rely on energy-intensive consensus mechanisms. The goal is long-term security and transparency with minimal environmental impact.

## Distinctiveness: Why This Approach Differs Meaningfully from Available Alternatives
This approach is distinct because it decouples the proof of existence from the file itself, anchoring only a hash to a public ledger, while most alternatives either require uploading the entire file to a centralized service or rely on complex, resource-intensive blockchain networks for storage and verification. The proposed system aims to provide a simpler, more accessible, and environmentally conscious verification layer that prioritizes user privacy and data sovereignty, avoiding the pitfalls of vendor lock-in or high transactional costs associated with many blockchain-based timestamping services.

## Revenue Logic
To sustain the venture, the team is planning to explore a tiered subscription model. The planned model would provide a free tier for infrequent, personal use, while offering paid tiers for professionals and businesses requiring higher-volume anchoring, advanced verification features, or dedicated support. This would allow the core service to remain broadly accessible while generating revenue from users who derive significant value from it.

## Support & Post-Launch Plans
The team promises clear communication with backers if plans change and notes limited, supportive use of AI tools for coding and documentation; they are not building AI technology nor using AI to generate creative assets.
--- END PROJECT ---"
"search","clockchain.M1.5.M2.3.M3.2.M4.4","step_winner","4","30.0","30","1.000000","0.045692","False","--- BEGIN PROJECT ---
--- BEGIN PROJECT ---
## One-Sentence Summary

A lightweight, privacy-first tool that generates a verifiable fingerprint of a file and anchors it to a public, time-stamped ledger so anyone can prove originality and authenticity.

## Problem

The creators describe a digital landscape saturated with deepfakes, fake screenshots, copied artwork, and altered media, where ""anyone can post anything,"" making it increasingly difficult to establish what's original or real. They frame the central question as how people can credibly prove ownership or first possession of digital work amid pervasive manipulation and duplication. This challenge extends beyond establishing simple precedence to undermining trust in digital evidence within legal, journalistic, and commercial contexts, where the inability to definitively authenticate a file's provenance or creation time can have significant consequences.

## Solution / Product Overview

The product creates a digital fingerprint of a user's file and records proof of that fingerprint on a public, time-stamped ledger. The approach is presented as secure and privacy-preserving: users do not upload the actual file; instead, a compact fingerprint is used as a durable evidence marker. The creators position this as a quiet safeguard for digital truth that everyday people, as well as professionals, can rely on.

## Key Features & Capabilities

-   File fingerprinting: produces a unique hash of a file for proof of originality.
-   Public, time-stamped anchoring: writes proof to a ledger that can be independently checked.
-   Privacy-first design: only hashed fingerprints are stored, not the underlying files.
-   Lightweight implementation: designed to be efficient and resource-conscious.
-   Security emphasis: presented as ""lightweight, secure, and built for the future.""

## Target Users & Use Cases

The campaign calls out artists, small businesses, journalists, and anyone who wants to prove ""I had this first."" Primary uses include establishing authorship, deterring copycats, and documenting the creation time of digital assets.

## Development Status

The ""core protocol already works,"" and an early form is live privately. The team is seeking to build a cleaner public interface and supporting infrastructure so the tool is usable by a broader audience.

## Roadmap & Delivery Plan

Planned steps include hiring a developer and a designer to build a smoother public interface; polishing usability; and layering in infrastructure for scale. The team references a January beta target and says cushion time has been built into the schedule.

## Why Crowdfunding / Use of Funds

Funds will support building a public-facing site and the underlying infrastructure, along with the hiring needed to deliver a refined interface and broaden access.

## Risks & Challenges

The main risk is talent acquisition: delays in hiring or extended timelines could push back the January beta. Mitigations include existing architecture, a lean scope, added schedule buffer, and a commitment to communicate changes clearly.

## Team & Partnerships

The effort is led by engineers who emphasize building for everyday creators in their lives. All architecture and content are created and reviewed by a human team.

## Technical Details

Only hashed fingerprints are stored, dramatically reducing storage and compute compared with systems that store full files or rely on energy-intensive consensus mechanisms. The goal is long-term security and transparency with minimal environmental impact.

## Distinctiveness: Why This Approach Differs Meaningfully from Available Alternatives

This approach is distinct because it decouples the proof of existence from the file itself, anchoring only a hash to a public ledger, while most alternatives either require uploading the entire file to a centralized service or rely on complex, resource-intensive blockchain networks for storage and verification. The proposed system aims to provide a simpler, more accessible, and environmentally conscious verification layer that prioritizes user privacy and data sovereignty, avoiding the pitfalls of vendor lock-in or high transactional costs associated with many blockchain-based timestamping services. A planned technical enhancement is to explore the integration of a multi-ledger anchoring mechanism, which could increase resilience by distributing proof across multiple independent public ledgers, further mitigating the risk of any single point of failure or ledger obsolescence.

## Revenue Logic

To sustain the venture, the team is planning to explore a tiered subscription model. The planned model would provide a free tier for infrequent, personal use, while offering paid tiers for professionals and businesses requiring higher-volume anchoring, advanced verification features, or dedicated support. This would allow the core service to remain broadly accessible while generating revenue from users who derive significant value from it.

## Support & Post-Launch Plans

The team promises clear communication with backers if plans change and notes limited, supportive use of AI tools for coding and documentation; they are not building AI technology nor using AI to generate creative assets.
--- END PROJECT ---
--- END PROJECT ---"
"search","(clockchain.M1.5.M2.5X((lockguardXclockchain).G1.2Xhply.M1.4).G2.1).G3.4.M5.3","elite","5","19.0","30","0.633333","0.304184","False","--- BEGIN PROJECT ---
## One-Sentence Summary
A privacy-first platform that generates verifiable digital fingerprints of charitable actions and anchors them to a public ledger, connecting donors with vetted nonprofits to provide indisputable proof of impact.

## Problem
The venture plans to address a digital landscape saturated with manipulation and duplication, where it is increasingly difficult to establish what is original or real. The central challenge is enabling people to credibly prove the authenticity and first possession of a digital record—such as a donation confirmation or an impact report—amid pervasive skepticism and the ease of generating false claims.

## Target Users & Use Cases
The venture plans to target both new donors and people who already give regularly. Primary scenarios include discovering trusted organizations (from large, global efforts to local, community causes), making quick donations with confidence, and staying connected through verifiable proof of impact. A planned, specific target user group for initial outreach is employees participating in corporate giving or matching gift programs, who need a streamlined way to discover vetted charities and provide indisputable proof of their actions to qualify for employer matches.

## Solution / Product Overview
The venture plans to build a tool that creates a digital fingerprint of a user's charitable event data—such as a donation receipt or a nonprofit's impact milestone—and records proof of that fingerprint on a public, time-stamped ledger. The approach is proposed to be secure and privacy-preserving: users would not upload sensitive raw data; instead, a compact fingerprint would serve as durable evidence. This is positioned as a quiet safeguard for digital truth that donors, nonprofits, and verifying partners can rely on. To increase trust, the team plans to explore adding a decentralized, community-run witness network to provide a secondary, distributed layer of attestation to the ledger's timestamps. Furthermore, the venture plans to explore the development of a simple, open-source verification widget that any third-party website (like a nonprofit's blog or a corporate social responsibility page) could embed to allow visitors to independently verify the timestamp and authenticity of a claimed charitable fingerprint directly from that page.

## Delivery Model
The venture plans a lightweight, privacy-first implementation. It would not store sensitive donor financial details or the underlying event files. Instead, it would generate compact, anonymized fingerprints of that data for ledger anchoring. The goal is a secure and resource-conscious design that maintains long-term verifiability with minimal infrastructure. The team plans to build a clean public interface and supporting infrastructure to make the verification tools usable by its target audience.

## Revenue Logic
The venture plans to generate revenue through the sale of a subscription service to nonprofits for access to the verification ledger, advanced impact reporting features, and donor management capabilities within the platform. An initial free trial period for the subscription service is proposed to onboard nonprofit partners. The venture also plans to explore potential optional upgrades for enhanced connectivity or integration services for corporate giving programs.

## Distinctiveness
The venture aims to differentiate itself by merging immediate charitable action with enduring, independently verifiable digital proof. Its proposed system does not just facilitate donations and report impact; it aims to create a permanent, tamper-evident record that a specific charitable event occurred at a specific time and is linked to specific outcomes, directly addressing the trust deficit in the philanthropic sector. This privacy-first design, where only hashed fingerprints of event data are stored on the public ledger, is presented as a unique safeguard that protects donor privacy while anchoring the truth of charitable impact.
--- END PROJECT ---"
"search","(clockchain.M1.5X((lockguardXclockchain).G1.2Xhply.M1.4).G2.1).G3.2.M5.4","elite","5","15.0","30","0.500000","0.305494","False","--- BEGIN PROJECT ---
## One-Sentence Summary

A privacy-first verification platform that generates a verifiable fingerprint of charitable actions and anchors it to a public, time-stamped ledger, providing donors and corporate partners with indisputable proof of impact for every contribution.

## Problem

The venture plans to address a digital landscape saturated with deepfakes, fake screenshots, copied artwork, and altered media, where ""anyone can post anything,"" making it increasingly difficult to establish what's original or real. It frames the central question as how people can credibly prove the occurrence and authenticity of charitable actions amid pervasive digital manipulation and duplication.

## Target Users & Use Cases

The venture plans to target institutional funders such as private foundations, grant-making entities, and government agencies as its primary customers. A planned, specific target user group for initial outreach is corporate social responsibility (CSR) departments and corporate foundations that manage large-scale giving programs and require auditable, tamper-proof records of their philanthropic disbursements and the associated outcomes for compliance and reporting. These institutional users are planned to use the platform to verify the execution and impact of grants, to ensure funds were used as intended, and to generate immutable proof for their stakeholders. While individual donors remain users of the verification service, the venture's core customer and revenue focus is planned to shift to these institutional entities.

## Solution / Product Overview

The venture plans to build a tool that creates a digital fingerprint of a user's charitable action data and records proof of that fingerprint on a public, time-stamped ledger. The approach is presented as secure and privacy-preserving: users do not upload sensitive personal or financial details; instead, a compact fingerprint of the event data is used as a durable evidence marker. The venture positions this as a quiet safeguard for charitable truth that everyday donors, as well as corporate partners, can rely on.

## Delivery Model

The venture plans a lightweight, privacy-first approach. It will generate compact, anonymized fingerprints of event data for ledger anchoring, dramatically reducing storage and compute compared with systems that store full files or rely on energy-intensive consensus mechanisms. The goal is a secure and resource-conscious implementation that maintains long-term verifiability with minimal environmental impact. The team plans to build a clean public interface and supporting infrastructure to make the verification tools usable by its target audience.

## Revenue Logic

The venture plans to generate revenue through the sale of a subscription service to nonprofits for access to the verification ledger, advanced impact reporting features, and donor management capabilities within the platform. An initial free trial period for the subscription service is proposed to onboard nonprofit partners. The venture also plans to explore potential optional upgrades for enhanced connectivity or integration services for corporate giving programs.

## Distinctiveness

The venture aims to differentiate itself by merging immediate charitable action with enduring, independently verifiable digital proof. Its proposed system does not just facilitate donations and report impact; it aims to create a permanent, tamper-evident record that a specific charitable event occurred at a specific time and is linked to specific outcomes, directly addressing the trust deficit in the philanthropic sector. This privacy-first design, where only hashed fingerprints of event data are stored on the public ledger, is presented as a unique safeguard that protects donor privacy while anchoring the truth of charitable impact.
--- END PROJECT ---"
"search","clockchain.M1.5.M2.2.M4.1.M5.5","elite","5","28.0","30","0.933333","0.052251","False","--- BEGIN PROJECT ---
--- BEGIN PROJECT ---
--- BEGIN PROJECT ---
## One-Sentence Summary

A lightweight, privacy-first tool that generates a verifiable fingerprint of a file and anchors it to a public, time-stamped ledger so anyone can prove originality and authenticity.

## Problem

The creators describe a digital landscape saturated with deepfakes, fake screenshots, copied artwork, and altered media, where ""anyone can post anything,"" making it increasingly difficult to establish what's original or real. They frame the central question as how people can credibly prove ownership or first possession of digital work amid pervasive manipulation and duplication.

## Solution / Product Overview

The product creates a digital fingerprint of a user's file and records proof of that fingerprint on a public, time-stamped ledger. The approach is presented as secure and privacy-preserving: users do not upload the actual file; instead, a compact fingerprint is used as a durable evidence marker. The creators position this as a quiet safeguard for digital truth that everyday people, as well as professionals, can rely on.

## Key Features & Capabilities

-   File fingerprinting: produces a unique hash of a file for proof of originality.
-   Public, time-stamped anchoring: writes proof to a ledger that can be independently checked.
-   Privacy-first design: only hashed fingerprints are stored, not the underlying files.
-   Lightweight implementation: designed to be efficient and resource-conscious.
-   Security emphasis: presented as ""lightweight, secure, and built for the future.""

## Target Users & Use Cases

The campaign calls out artists, small businesses, journalists, and anyone who wants to prove ""I had this first."" Primary uses include establishing authorship, deterring copycats, and documenting the creation time of digital assets.

## Distinctiveness: Why This Approach Differs Meaningfully from Available Alternatives

The project's distinctiveness lies in its specific, integrated combination of privacy, accessibility, and verifiability. Unlike file-upload timestamping services, it never stores the original file, protecting user content. Unlike complex blockchain-based solutions that can be costly or energy-intensive, it uses a lightweight, public ledger for anchoring fingerprints, aiming for minimal environmental impact and broad accessibility. The proposed approach is to focus on being a simple, dedicated tool for proof-of-existence, rather than a marketplace, a rights management platform, or a full digital notary service. This is intended to make it a more straightforward and resource-efficient option for everyday creators. As a planned extension of this accessible core, the team has expressed an intent to explore APIs and developer tools that would allow the anchoring and verification functions to be integrated into existing creative workflows and content management systems, thereby embedding proof-of-existence into the platforms where content is created and shared.

## Development Status

The ""core protocol already works,"" and an early form is live privately. The team is seeking to build a cleaner public interface and supporting infrastructure so the tool is usable by a broader audience.

## Roadmap & Delivery Plan

Planned steps include hiring a developer and a designer to build a smoother public interface; polishing usability; and layering in infrastructure for scale. The team references a January beta target and says cushion time has been built into the schedule. To improve delivery, the team plans to explore a phased rollout strategy, starting with a closed beta for a small group of early backers before the wider public beta launch.

## Why Crowdfunding / Use of Funds

Funds will support building a public-facing site and the underlying infrastructure, along with the hiring needed to deliver a refined interface and broaden access.

## Risks & Challenges

The main risk is talent acquisition: delays in hiring or extended timelines could push back the January beta. Mitigations include existing architecture, a lean scope, added schedule buffer, and a commitment to communicate changes clearly.

## Team & Partnerships

The effort is led by engineers who emphasize building for everyday creators in their lives. All architecture and content are created and reviewed by a human team.

## Technical Details

Only hashed fingerprints are stored, dramatically reducing storage and compute compared with systems that store full files or rely on energy-intensive consensus mechanisms. The goal is long-term security and transparency with minimal environmental impact.

## Revenue Logic

To sustain the venture, the team is planning to explore a tiered subscription model. The planned model would provide a free tier for infrequent, personal use, while offering paid tiers for professionals and businesses requiring higher-volume anchoring, advanced verification features, or dedicated support. This would allow the core service to remain broadly accessible while generating revenue from users who derive significant value from it.

## Support & Post-Launch Plans
The team promises clear communication with backers if plans change and notes limited, supportive use of AI tools for coding and documentation; they are not building AI technology nor using AI to generate creative assets.
--- END PROJECT ---
--- END PROJECT ---
--- END PROJECT ---"
"search","clockchain.M1.5.M2.3.M3.2.M4.3.M5.2","step_winner","5","30.0","30","1.000000","0.048172","False","--- BEGIN PROJECT ---
--- BEGIN PROJECT ---
--- BEGIN PROJECT ---
## One-Sentence Summary

A lightweight, privacy-first tool that generates a verifiable fingerprint of a file and anchors it to a public, time-stamped ledger so anyone can prove originality and authenticity.

## Problem

The creators describe a digital landscape saturated with deepfakes, fake screenshots, copied artwork, and altered media, where ""anyone can post anything,"" making it increasingly difficult to establish what's original or real. They frame the central question as how people can credibly prove ownership or first possession of digital work amid pervasive manipulation and duplication. This challenge extends beyond establishing simple precedence to undermining trust in digital evidence within legal, journalistic, and commercial contexts, where the inability to definitively authenticate a file's provenance or creation time can have significant consequences.

## Solution / Product Overview

The product creates a digital fingerprint of a user's file and records proof of that fingerprint on a public, time-stamped ledger. The approach is presented as secure and privacy-preserving: users do not upload the actual file; instead, a compact fingerprint is used as a durable evidence marker. The creators position this as a quiet safeguard for digital truth that everyday people, as well as professionals, can rely on.

## Key Features & Capabilities

-   File fingerprinting: produces a unique hash of a file for proof of originality.
-   Public, time-stamped anchoring: writes proof to a ledger that can be independently checked.
-   Privacy-first design: only hashed fingerprints are stored, not the underlying files.
-   Lightweight implementation: designed to be efficient and resource-conscious.
-   Security emphasis: presented as ""lightweight, secure, and built for the future.""

## Target Users & Use Cases

The campaign calls out artists, small businesses, journalists, and anyone who wants to prove ""I had this first."" Primary uses include establishing authorship, deterring copycats, and documenting the creation time of digital assets.

## Development Status

The ""core protocol already works,"" and an early form is live privately. The team is seeking to build a cleaner public interface and supporting infrastructure so the tool is usable by a broader audience.

## Roadmap & Delivery Plan

Planned steps include hiring a developer and a designer to build a smoother public interface; polishing usability; and layering in infrastructure for scale. The team references a January beta target and says cushion time has been built into the schedule.

## Why Crowdfunding / Use of Funds

Funds will support building a public-facing site and the underlying infrastructure, along with the hiring needed to deliver a refined interface and broaden access.

## Risks & Challenges

The main risk is talent acquisition: delays in hiring or extended timelines could push back the January beta. Mitigations include existing architecture, a lean scope, added schedule buffer, and a commitment to communicate changes clearly.

## Team & Partnerships

The effort is led by engineers who emphasize building for everyday creators in their lives. All architecture and content are created and reviewed by a human team.

## Technical Details

Only hashed fingerprints are stored, dramatically reducing storage and compute compared with systems that store full files or rely on energy-intensive consensus mechanisms. The goal is long-term security and transparency with minimal environmental impact.

## Distinctiveness: Why This Approach Differs Meaningfully from Available Alternatives

This approach is distinct because it decouples the proof of existence from the file itself, anchoring only a hash to a public ledger, while most alternatives either require uploading the entire file to a centralized service or rely on complex, resource-intensive blockchain networks for storage and verification. The proposed system aims to provide a simpler, more accessible, and environmentally conscious verification layer that prioritizes user privacy and data sovereignty. A planned future distinction is the exploration of anchoring to multiple, heterogeneous public ledgers (such as different blockchains and non-blockchain public data registries) to increase resilience and reduce single-point dependency, avoiding the pitfalls of vendor lock-in or high transactional costs associated with many current blockchain-based timestamping services.

## Revenue Logic

To sustain the venture, the team is planning to explore a revenue model centered on a usage-based API. The planned model would provide a generous free tier for infrequent, personal use via a public web interface, while offering a paid API for developers, platforms, and businesses that need to programmatically anchor and verify large volumes of files. This would allow the core service to remain broadly accessible while generating revenue from integrations and high-volume use cases that derive significant value from automated, scalable verification.

## Support & Post-Launch Plans

The team promises clear communication with backers if plans change and notes limited, supportive use of AI tools for coding and documentation; they are not building AI technology nor using AI to generate creative assets.
--- END PROJECT ---
--- END PROJECT ---
--- END PROJECT ---"
"search","((clockchain.M1.5.M2.5X((lockguardXclockchain).G1.2Xhply.M1.4).G2.1).G3.4.M5.3X((clockchain.M1.5.M2.5X((lockguardXclockchain).G1.2Xhply.M1.4).G2.1).G3.4X((clockchain.M1.5.M2.5X((lockguardXclockchain).G1.2Xhply.M1.4).G2.1).G3.4X((lockguardXclockchain).G1.2Xangelry.M1.2).G2.4.M3.1).G4.1).G5.1).G6.1","elite","6","19.0","30","0.633333","0.328989","False","## One-Sentence Summary
A privacy-first platform that generates verifiable digital fingerprints of ethical sourcing events and anchors them to a public, tamper-proof ledger, giving brands and consumers indisputable proof of provenance and connecting them with vetted, ethical suppliers.

## Problem
The venture plans to address a digital landscape saturated with manipulation and duplication, where it is increasingly difficult to establish what is original or real. The central challenge is enabling people to credibly prove the authenticity and first possession of a digital record—such as a donation confirmation or an impact report—amid pervasive skepticism and the ease of generating false claims.

## Target Users & Use Cases
The venture plans to target both brands seeking to validate their supply chains and consumers looking for trustworthy ethical goods. Primary scenarios include discovering vetted, ethical suppliers (from large, global operations to local, artisanal producers), verifying material provenance with confidence, and providing transparent proof of sourcing standards to end customers. A planned, specific target user group for initial outreach is procurement teams within consumer goods companies participating in sustainability certification or reporting programs, who need a streamlined way to discover vetted suppliers and provide indisputable proof of their ethical sourcing actions to qualify for certifications or meet regulatory requirements.

## Solution / Product Overview
The product is a platform designed to provide verifiable proof of ethical sourcing. Its core innovation is pairing physical goods with a privacy-preserving digital ledger. When a material is sourced or a production milestone is reached, a fingerprint of the provenance data is created and anchored to a public, time-stamped record, allowing for independent verification without exposing proprietary or sensitive operational details. The venture plans to explore the development of a simple, open-source verification widget that any third-party website (like a brand's product page or a retailer's site) could embed to allow visitors to independently verify the timestamp and authenticity of a claimed sourcing fingerprint directly from that page.

## Delivery Model
The venture plans a lightweight, privacy-first implementation. It would not store sensitive proprietary files or continuous supply-chain data streams. Instead, it would generate compact, anonymized fingerprints of that data for ledger anchoring. The goal is a secure and resource-conscious design that maintains long-term verifiability with minimal infrastructure. The team plans to build a clean public interface and supporting infrastructure to make the verification tools usable by its target audience.

## Revenue Logic
The venture plans to generate revenue through the sale of a subscription service to brands and suppliers for access to the verification ledger, advanced provenance reporting features, and supply chain management capabilities within the platform. An initial free trial period for the subscription service is proposed to onboard supplier and brand partners. The venture also plans to explore potential optional upgrades for enhanced connectivity or integration services for enterprise procurement or certification programs.

## Distinctiveness
The venture aims to differentiate itself by offering heirloom-quality goods that merge immediate, tangible material qualities with enduring digital proof of ethical sourcing. Its proposed system does not just provide a product; it aims to create a permanent, independently verifiable record that the materials were sourced according to specific ethical standards at a specific time, addressing the credibility problem of sustainability claims. This focus on verifiable provenance from a specific, ethical source is presented as a unique safeguard for both consumer trust and material truth."
"search","(clockchain.M1.5.M2.5X((lockguardXclockchain).G1.2Xhply.M1.4).G2.1).G3.4.M5.3.M6.3","elite","6","17.0","30","0.566667","0.301551","False","--- BEGIN PROJECT ---
--- BEGIN PROJECT ---
## One-Sentence Summary
A privacy-first platform that generates verifiable digital fingerprints of charitable actions and anchors them to a public ledger, connecting donors with vetted nonprofits to provide indisputable proof of impact.

## Problem
The venture plans to address a digital landscape saturated with manipulation and duplication, where it is increasingly difficult to establish what is original or real. The central challenge is enabling people to credibly prove the authenticity and first possession of a digital record—such as a donation confirmation or an impact report—amid pervasive skepticism and the ease of generating false claims. A specific, related challenge the venture plans to explore is the inefficiency and lack of standardization in the verification process for corporate matching gift programs, where employees often face cumbersome manual steps to prove their donations, creating friction that reduces participation.

## Target Users & Use Cases
The venture plans to target both new donors and people who already give regularly. Primary scenarios include discovering trusted organizations (from large, global efforts to local, community causes), making quick donations with confidence, and staying connected through verifiable proof of impact. A planned, specific target user group for initial outreach is employees participating in corporate giving or matching gift programs, who need a streamlined way to discover vetted charities and provide indisputable proof of their actions to qualify for employer matches.

## Solution / Product Overview
The venture plans to build a tool that creates a digital fingerprint of a user's charitable event data—such as a donation receipt or a nonprofit's impact milestone—and records proof of that fingerprint on a public, time-stamped ledger. The approach is proposed to be secure and privacy-preserving: users would not upload sensitive raw data; instead, a compact fingerprint would serve as durable evidence. This is positioned as a quiet safeguard for digital truth that donors, nonprofits, and verifying partners can rely on. To increase trust, the team plans to explore adding a decentralized, community-run witness network to provide a secondary, distributed layer of attestation to the ledger's timestamps. Furthermore, the venture plans to explore the development of a simple, open-source verification widget that any third-party website (like a nonprofit's blog or a corporate social responsibility page) could embed to allow visitors to independently verify the timestamp and authenticity of a claimed charitable fingerprint directly from that page.

## Delivery Model
The venture plans a lightweight, privacy-first implementation. It would not store sensitive donor financial details or the underlying event files. Instead, it would generate compact, anonymized fingerprints of that data for ledger anchoring. The goal is a secure and resource-conscious design that maintains long-term verifiability with minimal infrastructure. The team plans to build a clean public interface and supporting infrastructure to make the verification tools usable by its target audience.

## Revenue Logic
The venture plans to generate revenue through the sale of a subscription service to nonprofits for access to the verification ledger, advanced impact reporting features, and donor management capabilities within the platform. An initial free trial period for the subscription service is proposed to onboard nonprofit partners. The venture also plans to explore potential optional upgrades for enhanced connectivity or integration services for corporate giving programs.

## Distinctiveness
The venture aims to differentiate itself by merging immediate charitable action with enduring, independently verifiable digital proof. Its proposed system does not just facilitate donations and report impact; it aims to create a permanent, tamper-evident record that a specific charitable event occurred at a specific time and is linked to specific outcomes, directly addressing the trust deficit in the philanthropic sector. This privacy-first design, where only hashed fingerprints of event data are stored on the public ledger, is presented as a unique safeguard that protects donor privacy while anchoring the truth of charitable impact.
--- END PROJECT ---
--- END PROJECT ---"
"search","(clockchain.M1.5.M2.5X((lockguardXclockchain).G1.2Xhply.M1.4).G2.1).G3.4.M5.3.M7.2","elite","7","18.0","30","0.600000","0.308016","False","--- BEGIN PROJECT ---
--- BEGIN PROJECT ---
## One-Sentence Summary
A privacy-first platform that generates verifiable digital fingerprints of charitable actions and anchors them to a public ledger, connecting donors with vetted nonprofits to provide indisputable proof of impact.

## Problem
The venture plans to address a digital landscape saturated with manipulation and duplication, where it is increasingly difficult to establish what is original or real. The central challenge is enabling people to credibly prove the authenticity and first possession of a digital record—such as a donation confirmation or an impact report—amid pervasive skepticism and the ease of generating false claims.

## Target Users & Use Cases
The venture plans to target both new donors and people who already give regularly. Primary scenarios include discovering trusted organizations (from large, global efforts to local, community causes), making quick donations with confidence, and staying connected through verifiable proof of impact. A planned, specific target user group for initial outreach is employees participating in corporate giving or matching gift programs, who need a streamlined way to discover vetted charities and provide indisputable proof of their actions to qualify for employer matches.

## Solution / Product Overview
The venture plans to build a tool that creates a digital fingerprint of a user's charitable event data—such as a donation receipt or a nonprofit's impact milestone—and records proof of that fingerprint on a public, time-stamped ledger. The approach is proposed to be secure and privacy-preserving: users would not upload sensitive raw data; instead, a compact fingerprint would serve as durable evidence. To increase trust, the team plans to explore adding a decentralized, community-run witness network to provide a secondary, distributed layer of attestation to the ledger's timestamps. Furthermore, the venture plans to explore the development of a simple, open-source verification widget that any third-party website (like a nonprofit's blog or a corporate social responsibility page) could embed to allow visitors to independently verify the timestamp and authenticity of a claimed charitable fingerprint directly from that page. Additionally, the team plans to explore a feature where the system could automatically generate a shareable, visual verification badge for donors and nonprofits, which would cryptographically link to the anchored fingerprint on the ledger, providing a simple, at-a-glance proof of authenticity for use in social media or reports.

## Delivery Model
The venture plans a lightweight, privacy-first implementation. It would not store sensitive donor financial details or the underlying event files. Instead, it would generate compact, anonymized fingerprints of that data for ledger anchoring. The goal is a secure and resource-conscious design that maintains long-term verifiability with minimal infrastructure. The team plans to build a clean public interface and supporting infrastructure to make the verification tools usable by its target audience.

## Revenue Logic
The venture plans to generate revenue through the sale of a subscription service to nonprofits for access to the verification ledger, advanced impact reporting features, and donor management capabilities within the platform. An initial free trial period for the subscription service is proposed to onboard nonprofit partners. The venture also plans to explore potential optional upgrades for enhanced connectivity or integration services for corporate giving programs.

## Distinctiveness
The venture aims to differentiate itself by merging immediate charitable action with enduring, independently verifiable digital proof. Its proposed system does not just facilitate donations and report impact; it aims to create a permanent, tamper-evident record that a specific charitable event occurred at a specific time and is linked to specific outcomes, directly addressing the trust deficit in the philanthropic sector. This privacy-first design, where only hashed fingerprints of event data are stored on the public ledger, is presented as a unique safeguard that protects donor privacy while anchoring the truth of charitable impact.
--- END PROJECT ---
--- END PROJECT ---"
"search","(clockchain.M1.5X((lockguardXclockchain).G1.2Xhply.M1.4).G2.1).G3.2.M5.4.M6.5.M7.1","elite","7","17.0","30","0.566667","0.311401","False","--- BEGIN PROJECT ---
--- BEGIN PROJECT ---
## One-Sentence Summary

A privacy-first verification platform that generates a verifiable fingerprint of charitable actions and anchors it to a public, time-stamped ledger, providing donors and corporate partners with indisputable proof of impact for every contribution.

## Problem

The venture plans to address a digital landscape saturated with deepfakes, fake screenshots, copied artwork, and altered media, where ""anyone can post anything,"" making it increasingly difficult to establish what's original or real. It frames the central question as how people can credibly prove the occurrence and authenticity of charitable actions amid pervasive digital manipulation and duplication.

## Target Users & Use Cases

The venture plans to target institutional funders such as private foundations, grant-making entities, and government agencies as its primary customers. A planned, specific target user group for initial outreach is corporate social responsibility (CSR) departments and corporate foundations that manage large-scale giving programs and require auditable, tamper-proof records of their philanthropic disbursements and the associated outcomes for compliance and reporting. These institutional users are planned to use the platform to verify the execution and impact of grants, to ensure funds were used as intended, and to generate immutable proof for their stakeholders. While individual donors remain users of the verification service, the venture's core customer and revenue focus is planned to shift to these institutional entities.

## Solution / Product Overview

The venture plans to build a tool that creates a digital fingerprint of a user's charitable action data and records proof of that fingerprint on a public, time-stamped ledger. The approach is presented as secure and privacy-preserving: users do not upload sensitive personal or financial details; instead, a compact fingerprint of the event data is used as a durable evidence marker. The venture positions this as a quiet safeguard for charitable truth that everyday donors, as well as corporate partners, can rely on.

## Delivery Model

The venture plans a lightweight, privacy-first approach. It will generate compact, anonymized fingerprints of event data for ledger anchoring, dramatically reducing storage and compute compared with systems that store full files or rely on energy-intensive consensus mechanisms. The goal is a secure and resource-conscious implementation that maintains long-term verifiability with minimal environmental impact. The team plans to build a clean public interface and supporting infrastructure to make the verification tools usable by its target audience.

## Revenue Logic

The venture plans to generate revenue through a tiered subscription model primarily targeting institutional funders. A proposed basic tier would provide access to the core verification ledger and standard impact reporting for a flat annual fee. A planned premium tier would include advanced analytics, custom reporting dashboards, and integration with corporate giving program software for a higher subscription rate. The venture also plans to explore a potential transaction-based fee model for high-volume grant-making entities, where a small fee is applied per verified grant or disbursement event anchored to the ledger. An initial free trial period for the subscription service is proposed to onboard nonprofit partners.

## Distinctiveness

The venture aims to differentiate itself by merging immediate charitable action with enduring, independently verifiable digital proof. Its proposed system does not just facilitate donations and report impact; it aims to create a permanent, tamper-evident record that a specific charitable event occurred at a specific time and is linked to specific outcomes, directly addressing the trust deficit in the philanthropic sector. This privacy-first design, where only hashed fingerprints of event data are stored on the public ledger, is presented as a unique safeguard that protects donor privacy while anchoring the truth of charitable impact.
--- END PROJECT ---
--- END PROJECT ---"
"search","((clockchain.M1.5.M2.5X((lockguardXclockchain).G1.2Xhply.M1.4).G2.1).G3.4.M5.3.M6.3X((clockchain.M1.5.M2.5X((lockguardXclockchain).G1.2Xhply.M1.4).G2.1).G3.4.M5.3X((clockchain.M1.5.M2.5X((lockguardXclockchain).G1.2Xhply.M1.4).G2.1).G3.4X((clockchain.M1.5.M2.5X((lockguardXclockchain).G1.2Xhply.M1.4).G2.1).G3.4X((lockguardXclockchain).G1.2Xangelry.M1.2).G2.4.M3.1).G4.1).G5.1).G6.1.M7.3).G8.1","elite","8","15.0","30","0.500000","0.333638","False","## One-Sentence Summary
A privacy-first platform that generates verifiable digital fingerprints of ethical sourcing events and anchors them to a public, tamper-proof ledger, giving brands and consumers indisputable proof of provenance while protecting sensitive operational data.

## Problem
The venture plans to address a digital landscape saturated with manipulation and duplication, where it is increasingly difficult to establish what is original or real. The central challenge is enabling people to credibly prove the authenticity and first possession of a digital record—such as a donation confirmation or an impact report—amid pervasive skepticism and the ease of generating false claims. A specific, related challenge the venture plans to explore is the inefficiency and lack of standardization in the verification process for corporate matching gift programs, where employees often face cumbersome manual steps to prove their donations, creating friction that reduces participation.

## Target Users & Use Cases
The venture plans to target both brands seeking to validate their supply chains and consumers looking for trustworthy ethical goods. Primary scenarios include discovering vetted, ethical suppliers (from large, global operations to local, artisanal producers), verifying material provenance with confidence, and providing transparent proof of sourcing standards to end customers. A planned, specific target user group for initial outreach is procurement teams within consumer goods companies participating in sustainability certification or reporting programs, who need a streamlined way to discover vetted suppliers and provide indisputable proof of their ethical sourcing actions to qualify for certifications or meet regulatory requirements.

## Solution / Product Overview
The venture plans to build a tool that creates a digital fingerprint of a user's charitable event data—such as a donation receipt or a nonprofit's impact milestone—and records proof of that fingerprint on a public, time-stamped ledger. The approach is proposed to be secure and privacy-preserving: users would not upload sensitive raw data; instead, a compact fingerprint would serve as durable evidence. This is positioned as a quiet safeguard for digital truth that donors, nonprofits, and verifying partners can rely on. To increase trust, the team plans to explore adding a decentralized, community-run witness network to provide a secondary, distributed layer of attestation to the ledger's timestamps. Furthermore, the venture plans to explore the development of a simple, open-source verification widget that any third-party website (like a nonprofit's blog or a corporate social responsibility page) could embed to allow visitors to independently verify the timestamp and authenticity of a claimed charitable fingerprint directly from that page.

## Delivery Model
The venture plans a lightweight, privacy-first implementation. It would not store sensitive donor financial details or the underlying event files. Instead, it would generate compact, anonymized fingerprints of that data for ledger anchoring. The goal is a secure and resource-conscious design that maintains long-term verifiability with minimal infrastructure. The team plans to build a clean public interface and supporting infrastructure to make the verification tools usable by its target audience.

## Revenue Logic
The venture plans to generate revenue through the sale of a subscription service to brands and suppliers for access to the verification ledger, advanced provenance reporting features, and supply chain management capabilities within the platform. An initial free trial period for the subscription service is proposed to onboard supplier and brand partners. The venture also plans to explore potential optional upgrades for enhanced connectivity or integration services for enterprise procurement or certification programs.

## Distinctiveness
The venture aims to differentiate itself by offering heirloom-quality goods that merge immediate, tangible material qualities with enduring digital proof of ethical sourcing. Its proposed system does not just provide a product; it aims to create a permanent, independently verifiable record that the materials were sourced according to specific ethical standards at a specific time, addressing the credibility problem of sustainability claims. This focus on verifiable provenance from a specific, ethical source is presented as a unique safeguard for both consumer trust and material truth."
"search","((clockchain.M1.5.M2.5X((lockguardXclockchain).G1.2Xhply.M1.4).G2.1).G3.4.M5.3X((clockchain.M1.5.M2.5X((lockguardXclockchain).G1.2Xhply.M1.4).G2.1).G3.4X((clockchain.M1.5.M2.5X((lockguardXclockchain).G1.2Xhply.M1.4).G2.1).G3.4X((lockguardXclockchain).G1.2Xangelry.M1.2).G2.4.M3.1).G4.1).G5.1).G6.1.M7.3.M8.2","elite","8","18.0","30","0.600000","0.325659","False","--- BEGIN PROJECT ---
## One-Sentence Summary
A privacy-first platform that generates verifiable digital fingerprints of ethical sourcing events and anchors them to a public, tamper-proof ledger, giving brands and consumers indisputable proof of provenance and connecting them with vetted, ethical suppliers.

## Problem
The venture plans to address a digital landscape saturated with manipulation and duplication, where it is increasingly difficult to establish what is original or real. The central challenge is enabling people to credibly prove the authenticity and first possession of a digital record—such as a donation confirmation or an impact report—amid pervasive skepticism and the ease of generating false claims.

## Target Users & Use Cases
The venture plans to target both brands seeking to validate their supply chains and consumers looking for trustworthy ethical goods. A planned, specific target user group for initial outreach is procurement teams within consumer goods companies participating in sustainability certification or reporting programs, who need a streamlined way to discover vetted suppliers and provide indisputable proof of their ethical sourcing actions to qualify for certifications or meet regulatory requirements. The venture also plans to explore targeting non-governmental organizations (NGOs) and impact-focused philanthropic foundations as a distinct user group, who require independently verifiable, tamper-proof records of field-level sourcing events and material provenance to substantiate their impact reports to donors, auditors, and grant-making bodies.

## Solution / Product Overview
The product is a platform designed to provide verifiable proof of ethical sourcing. Its core innovation is pairing physical goods with a privacy-preserving digital ledger. When a material is sourced or a production milestone is reached, a fingerprint of the provenance data is created and anchored to a public, time-stamped record, allowing for independent verification without exposing proprietary or sensitive operational details. The venture plans to explore the development of a simple, open-source verification widget that any third-party website (like a brand's product page or a retailer's site) could embed to allow visitors to independently verify the timestamp and authenticity of a claimed sourcing fingerprint directly from that page.

## Delivery Model
The venture plans a lightweight, privacy-first implementation. It would not store sensitive proprietary files or continuous supply-chain data streams. Instead, it would generate compact, anonymized fingerprints of that data for ledger anchoring. The goal is a secure and resource-conscious design that maintains long-term verifiability with minimal infrastructure. The team plans to build a clean public interface and supporting infrastructure to make the verification tools usable by its target audience.

## Revenue Logic
The venture plans to generate revenue through the sale of a subscription service to brands and suppliers for access to the verification ledger, advanced provenance reporting features, and supply chain management capabilities within the platform. An initial free trial period for the subscription service is proposed to onboard supplier and brand partners. The venture also plans to explore potential optional upgrades for enhanced connectivity or integration services for enterprise procurement or certification programs.

## Distinctiveness
The venture aims to differentiate itself by offering heirloom-quality goods that merge immediate, tangible material qualities with enduring digital proof of ethical sourcing. Its proposed system does not just provide a product; it aims to create a permanent, independently verifiable record that the materials were sourced according to specific ethical standards at a specific time, addressing the credibility problem of sustainability claims. This focus on verifiable provenance from a specific, ethical source is presented as a unique safeguard for both consumer trust and material truth.
--- END PROJECT ---"
"search","((clockchain.M1.5.M2.5X((lockguardXclockchain).G1.2Xhply.M1.4).G2.1).G3.4.M5.3X((clockchain.M1.5.M2.5X((lockguardXclockchain).G1.2Xhply.M1.4).G2.1).G3.4X((clockchain.M1.5.M2.5X((lockguardXclockchain).G1.2Xhply.M1.4).G2.1).G3.4X((lockguardXclockchain).G1.2Xangelry.M1.2).G2.4.M3.1).G4.1).G5.1).G6.1.M8.3","elite","8","18.0","30","0.600000","0.327451","False","--- BEGIN PROJECT ---
## One-Sentence Summary
A privacy-first platform that generates verifiable digital fingerprints of ethical sourcing events and anchors them to a public, tamper-proof ledger, giving brands and consumers indisputable proof of provenance and connecting them with vetted, ethical suppliers.

## Problem
The venture plans to address a digital landscape saturated with manipulation and duplication, where it is increasingly difficult to establish what is original or real. The central challenge is enabling people to credibly prove the authenticity and first possession of a digital record—such as a donation confirmation or an impact report—amid pervasive skepticism and the ease of generating false claims.

## Target Users & Use Cases
The venture plans to target both brands seeking to validate their supply chains and consumers looking for trustworthy ethical goods. Primary scenarios include discovering vetted, ethical suppliers (from large, global operations to local, artisanal producers), verifying material provenance with confidence, and providing transparent proof of sourcing standards to end customers. A planned, specific target user group for initial outreach is procurement teams within consumer goods companies participating in sustainability certification or reporting programs, who need a streamlined way to discover vetted suppliers and provide indisputable proof of their ethical sourcing actions to qualify for certifications or meet regulatory requirements.

## Solution / Product Overview
The product is a platform designed to provide verifiable proof of ethical sourcing. Its core innovation is pairing physical goods with a privacy-preserving digital ledger. When a material is sourced or a production milestone is reached, a fingerprint of the provenance data is created and anchored to a public, time-stamped record, allowing for independent verification without exposing proprietary or sensitive operational details. The venture plans to explore the development of a simple, open-source verification widget that any third-party website (like a brand's product page or a retailer's site) could embed to allow visitors to independently verify the timestamp and authenticity of a claimed sourcing fingerprint directly from that page. The venture also plans to explore the creation of a companion mobile application for on-site verification, enabling field auditors or procurement officers to scan a physical product tag or QR code at a supplier's location to instantly confirm the ledger-anchored fingerprint matches the claimed sourcing event.

## Delivery Model
The venture plans a lightweight, privacy-first implementation. It would not store sensitive proprietary files or continuous supply-chain data streams. Instead, it would generate compact, anonymized fingerprints of that data for ledger anchoring. The goal is a secure and resource-conscious design that maintains long-term verifiability with minimal infrastructure. The team plans to build a clean public interface and supporting infrastructure to make the verification tools usable by its target audience.

## Revenue Logic
The venture plans to generate revenue through the sale of a subscription service to brands and suppliers for access to the verification ledger, advanced provenance reporting features, and supply chain management capabilities within the platform. An initial free trial period for the subscription service is proposed to onboard supplier and brand partners. The venture also plans to explore potential optional upgrades for enhanced connectivity or integration services for enterprise procurement or certification programs.

## Distinctiveness
The venture aims to differentiate itself by offering heirloom-quality goods that merge immediate, tangible material qualities with enduring digital proof of ethical sourcing. Its proposed system does not just provide a product; it aims to create a permanent, independently verifiable record that the materials were sourced according to specific ethical standards at a specific time, addressing the credibility problem of sustainability claims. This focus on verifiable provenance from a specific, ethical source is presented as a unique safeguard for both consumer trust and material truth.
--- END PROJECT ---"
"search","(clockchain.M1.5X((lockguardXclockchain).G1.2Xhply.M1.4).G2.1).G3.2.M5.4.M6.5.M7.1.M8.5","step_winner","8","21.0","30","0.700000","0.308790","False","--- BEGIN PROJECT ---
--- BEGIN PROJECT ---
--- BEGIN PROJECT ---
## One-Sentence Summary

A privacy-first verification platform that generates a verifiable fingerprint of charitable actions and anchors it to a public, time-stamped ledger, providing donors and corporate partners with indisputable proof of impact for every contribution.

## Problem

The venture plans to address a digital landscape saturated with deepfakes, fake screenshots, copied artwork, and altered media, where ""anyone can post anything,"" making it increasingly difficult to establish what's original or real. It frames the central question as how people can credibly prove the occurrence and authenticity of charitable actions amid pervasive digital manipulation and duplication.

## Target Users & Use Cases

The venture plans to target institutional funders such as private foundations, grant-making entities, and government agencies as its primary customers. A planned, specific target user group for initial outreach is corporate social responsibility (CSR) departments and corporate foundations that manage large-scale giving programs and require auditable, tamper-proof records of their philanthropic disbursements and the associated outcomes for compliance and reporting. These institutional users are planned to use the platform to verify the execution and impact of grants, to ensure funds were used as intended, and to generate immutable proof for their stakeholders. While individual donors remain users of the verification service, the venture's core customer and revenue focus is planned to shift to these institutional entities.

## Solution / Product Overview

The venture plans to build a tool that creates a digital fingerprint of a user's charitable action data and records proof of that fingerprint on a public, time-stamped ledger. The approach is presented as secure and privacy-preserving: users do not upload sensitive personal or financial details; instead, a compact fingerprint of the event data is used as a durable evidence marker. The venture positions this as a quiet safeguard for charitable truth that everyday donors, as well as corporate partners, can rely on.

## Delivery Model

The venture plans a lightweight, privacy-first approach. It will generate compact, anonymized fingerprints of event data for ledger anchoring, dramatically reducing storage and compute compared with systems that store full files or rely on energy-intensive consensus mechanisms. The goal is a secure and resource-conscious implementation that maintains long-term verifiability with minimal environmental impact. The team plans to build a clean public interface and supporting infrastructure to make the verification tools usable by its target audience.

## Revenue Logic

The venture plans to generate revenue through a tiered subscription model primarily targeting institutional funders. A proposed basic tier would provide access to the core verification ledger and standard impact reporting for a flat annual fee. A planned premium tier would include advanced analytics, custom reporting dashboards, and integration with corporate giving program software for a higher subscription rate. The venture also plans to explore a potential transaction-based fee model for high-volume grant-making entities, where a small fee is applied per verified grant or disbursement event anchored to the ledger. An initial free trial period for the subscription service is proposed to onboard nonprofit partners. To further support sustainability, the venture plans to explore a potential revenue stream from providing audit and verification-as-a-service to third-party philanthropic platforms and donor-advised fund (DAF) providers, enabling them to offer tamper-proof proof of impact to their own clients for a planned licensing or API access fee.

## Distinctiveness

The venture aims to differentiate itself by merging immediate charitable action with enduring, independently verifiable digital proof. Its proposed system does not just facilitate donations and report impact; it aims to create a permanent, tamper-evident record that a specific charitable event occurred at a specific time and is linked to specific outcomes, directly addressing the trust deficit in the philanthropic sector. This privacy-first design, where only hashed fingerprints of event data are stored on the public ledger, is presented as a unique safeguard that protects donor privacy while anchoring the truth of charitable impact.
--- END PROJECT ---
--- END PROJECT ---
--- END PROJECT ---"
"search","((clockchain.M1.5.M2.5X((lockguardXclockchain).G1.2Xhply.M1.4).G2.1).G3.4.M5.3.M6.3X((clockchain.M1.5.M2.5X((lockguardXclockchain).G1.2Xhply.M1.4).G2.1).G3.4.M5.3X((clockchain.M1.5.M2.5X((lockguardXclockchain).G1.2Xhply.M1.4).G2.1).G3.4X((clockchain.M1.5.M2.5X((lockguardXclockchain).G1.2Xhply.M1.4).G2.1).G3.4X((lockguardXclockchain).G1.2Xangelry.M1.2).G2.4.M3.1).G4.1).G5.1).G6.1.M7.3).G8.1.M9.4","elite","9","17.0","30","0.566667","0.327998","False","--- BEGIN PROJECT ---
## One-Sentence Summary
A privacy-first platform that generates verifiable digital fingerprints of ethical sourcing events and anchors them to a public, tamper-proof ledger, giving brands and consumers indisputable proof of provenance while protecting sensitive operational data.

## Problem
The venture plans to address a digital landscape saturated with manipulation and duplication, where it is increasingly difficult to establish what is original or real. The central challenge is enabling people to credibly prove the authenticity and first possession of a digital record—such as a donation confirmation or an impact report—amid pervasive skepticism and the ease of generating false claims. A specific, related challenge the venture plans to explore is the inefficiency and lack of standardization in the verification process for corporate matching gift programs, where employees often face cumbersome manual steps to prove their donations, creating friction that reduces participation.

## Target Users & Use Cases
The venture plans to target both brands seeking to validate their supply chains and consumers looking for trustworthy ethical goods. Primary scenarios include discovering vetted, ethical suppliers (from large, global operations to local, artisanal producers), verifying material provenance with confidence, and providing transparent proof of sourcing standards to end customers. A planned, specific target user group for initial outreach is procurement teams within consumer goods companies participating in sustainability certification or reporting programs, who need a streamlined way to discover vetted suppliers and provide indisputable proof of their ethical sourcing actions to qualify for certifications or meet regulatory requirements.

## Solution / Product Overview
The venture plans to build a tool that creates a digital fingerprint of a user's charitable event data—such as a donation receipt or a nonprofit's impact milestone—and records proof of that fingerprint on a public, time-stamped ledger. The approach is proposed to be secure and privacy-preserving: users would not upload sensitive raw data; instead, a compact fingerprint would serve as durable evidence. This is positioned as a quiet safeguard for digital truth that donors, nonprofits, and verifying partners can rely on. To increase trust, the team plans to explore adding a decentralized, community-run witness network to provide a secondary, distributed layer of attestation to the ledger's timestamps. Furthermore, the venture plans to explore the development of a simple, open-source verification widget that any third-party website (like a nonprofit's blog or a corporate social responsibility page) could embed to allow visitors to independently verify the timestamp and authenticity of a claimed charitable fingerprint directly from that page.

## Delivery Model
The venture plans a lightweight, privacy-first implementation. It would not store sensitive donor financial details or the underlying event files. Instead, it would generate compact, anonymized fingerprints of that data for ledger anchoring. The goal is a secure and resource-conscious design that maintains long-term verifiability with minimal infrastructure. The team plans to build a clean public interface and supporting infrastructure to make the verification tools usable by its target audience. To further enhance accessibility and reduce friction for initial adoption, the venture plans to explore the development of a set of public, documented APIs. These APIs would allow third-party platforms (such as donation processors, supply chain management software, or certification program portals) to programmatically generate and verify digital fingerprints without requiring users to leave their native workflows.

## Revenue Logic
The venture plans to generate revenue through the sale of a subscription service to brands and suppliers for access to the verification ledger, advanced provenance reporting features, and supply chain management capabilities within the platform. An initial free trial period for the subscription service is proposed to onboard supplier and brand partners. The venture also plans to explore potential optional upgrades for enhanced connectivity or integration services for enterprise procurement or certification programs.

## Distinctiveness
The venture aims to differentiate itself by offering heirloom-quality goods that merge immediate, tangible material qualities with enduring digital proof of ethical sourcing. Its proposed system does not just provide a product; it aims to create a permanent, independently verifiable record that the materials were sourced according to specific ethical standards at a specific time, addressing the credibility problem of sustainability claims. This focus on verifiable provenance from a specific, ethical source is presented as a unique safeguard for both consumer trust and material truth.
--- END PROJECT ---"
"search","((clockchain.M1.5.M2.5X((lockguardXclockchain).G1.2Xhply.M1.4).G2.1).G3.4.M5.3X((clockchain.M1.5.M2.5X((lockguardXclockchain).G1.2Xhply.M1.4).G2.1).G3.4X((clockchain.M1.5.M2.5X((lockguardXclockchain).G1.2Xhply.M1.4).G2.1).G3.4X((lockguardXclockchain).G1.2Xangelry.M1.2).G2.4.M3.1).G4.1).G5.1).G6.1.M9.2","elite","9","16.0","30","0.533333","0.332220","False","--- BEGIN PROJECT ---
## One-Sentence Summary
A privacy-first platform that generates verifiable digital fingerprints of ethical sourcing events and anchors them to a public, tamper-proof ledger, giving brands and consumers indisputable proof of provenance and connecting them with vetted, ethical suppliers.

## Problem
The venture plans to address a digital landscape saturated with manipulation and duplication, where it is increasingly difficult to establish what is original or real. The central challenge is enabling people to credibly prove the authenticity and first possession of a digital record—such as a donation confirmation or an impact report—amid pervasive skepticism and the ease of generating false claims. The venture also plans to address the specific and growing risk of regulatory penalties and legal liability for brands that make unsubstantiated or misleading sustainability claims about their supply chains, which lack a universally trusted, independent verification mechanism.

## Target Users & Use Cases
The venture plans to target both brands seeking to validate their supply chains and consumers looking for trustworthy ethical goods. Primary scenarios include discovering vetted, ethical suppliers (from large, global operations to local, artisanal producers), verifying material provenance with confidence, and providing transparent proof of sourcing standards to end customers. A planned, specific target user group for initial outreach is procurement teams within consumer goods companies participating in sustainability certification or reporting programs, who need a streamlined way to discover vetted suppliers and provide indisputable proof of their ethical sourcing actions to qualify for certifications or meet regulatory requirements.

## Solution / Product Overview
The product is a platform designed to provide verifiable proof of ethical sourcing. Its core innovation is pairing physical goods with a privacy-preserving digital ledger. When a material is sourced or a production milestone is reached, a fingerprint of the provenance data is created and anchored to a public, time-stamped record, allowing for independent verification without exposing proprietary or sensitive operational details. The venture plans to explore the development of a simple, open-source verification widget that any third-party website (like a brand's product page or a retailer's site) could embed to allow visitors to independently verify the timestamp and authenticity of a claimed sourcing fingerprint directly from that page.

## Delivery Model
The venture plans a lightweight, privacy-first implementation. It would not store sensitive proprietary files or continuous supply-chain data streams. Instead, it would generate compact, anonymized fingerprints of that data for ledger anchoring. The goal is a secure and resource-conscious design that maintains long-term verifiability with minimal infrastructure. The team plans to build a clean public interface and supporting infrastructure to make the verification tools usable by its target audience.

## Revenue Logic
The venture plans to generate revenue through the sale of a subscription service to brands and suppliers for access to the verification ledger, advanced provenance reporting features, and supply chain management capabilities within the platform. An initial free trial period for the subscription service is proposed to onboard supplier and brand partners. The venture also plans to explore potential optional upgrades for enhanced connectivity or integration services for enterprise procurement or certification programs.

## Distinctiveness
The venture aims to differentiate itself by offering heirloom-quality goods that merge immediate, tangible material qualities with enduring digital proof of ethical sourcing. Its proposed system does not just provide a product; it aims to create a permanent, independently verifiable record that the materials were sourced according to specific ethical standards at a specific time, addressing the credibility problem of sustainability claims. This focus on verifiable provenance from a specific, ethical source is presented as a unique safeguard for both consumer trust and material truth.
--- END PROJECT ---"
"search","clockchain.M1.5.M2.2.M4.1.M5.5.M7.4.M8.4.M9.5","step_winner","9","29.0","30","0.966667","0.053440","False","## One-Sentence Summary

A lightweight, privacy-first tool that generates a verifiable fingerprint of a file and anchors it to a public, time-stamped ledger so anyone can prove originality and authenticity.

## Problem
The creators describe a digital landscape saturated with deepfakes, fake screenshots, copied artwork, and altered media, where ""anyone can post anything,"" making it increasingly difficult to establish what's original or real. They frame the central question as how people can credibly prove ownership or first possession of digital work amid pervasive manipulation and duplication.

## Solution / Product Overview
The product creates a digital fingerprint of a user's file and records proof of that fingerprint on a public, time-stamped ledger. The approach is presented as secure and privacy-preserving: users do not upload the actual file; instead, a compact fingerprint is used as a durable evidence marker. The creators position this as a quiet safeguard for digital truth that everyday people, as well as professionals, can rely on. To enhance accessibility and user trust, the team plans to explore the development of a simple, downloadable verification tool. This planned tool would allow anyone to independently verify a file's anchored fingerprint without needing to use the main service interface, providing a decentralized check on authenticity.

## Key Features & Capabilities
-   File fingerprinting: produces a unique hash of a file for proof of originality.
-   Public, time-stamped anchoring: writes proof to a ledger that can be independently checked.
-   Privacy-first design: only hashed fingerprints are stored, not the underlying files.
-   Lightweight implementation: designed to be efficient and resource-conscious.
-   Security emphasis: presented as ""lightweight, secure, and built for the future.""

## Target Users & Use Cases
The campaign calls out artists, small businesses, journalists, and anyone who wants to prove ""I had this first."" Primary uses include establishing authorship, deterring copycats, and documenting the creation time of digital assets. As a proposed extension, the team also plans to explore a dedicated use case within the academic and research community, aiming to develop features tailored for researchers who need to securely timestamp and prove precedence for datasets, pre-print manuscripts, and experimental findings.

## Distinctiveness: Why This Approach Differs Meaningfully from Available Alternatives
The project's distinctiveness lies in its specific, integrated combination of privacy, accessibility, and verifiability. Unlike file-upload timestamping services, it never stores the original file, protecting user content. Unlike complex blockchain-based solutions that can be costly or energy-intensive, it uses a lightweight, public ledger for anchoring fingerprints, aiming for minimal environmental impact and broad accessibility. The proposed approach is to focus on being a simple, dedicated tool for proof-of-existence, rather than a marketplace, a rights management platform, or a full digital notary service. This is intended to make it a more straightforward and resource-efficient option for everyday creators. As a planned extension of this accessible core, the team has expressed an intent to explore APIs and developer tools that would allow the anchoring and verification functions to be integrated into existing creative workflows and content management systems, thereby embedding proof-of-existence into the platforms where content is created and shared.

## Development Status
The ""core protocol already works,"" and an early form is live privately. The team is seeking to build a cleaner public interface and supporting infrastructure so the tool is usable by a broader audience.

## Roadmap & Delivery Plan
Planned steps include hiring a developer and a designer to build a smoother public interface; polishing usability; and layering in infrastructure for scale. The team references a January beta target and says cushion time has been built into the schedule. To improve delivery, the team plans to explore a phased rollout strategy, starting with a closed beta for a small group of early backers before the wider public beta launch.

## Why Crowdfunding / Use of Funds
Funds will support building a public-facing site and the underlying infrastructure, along with the hiring needed to deliver a refined interface and broaden access.

## Risks & Challenges
The main risk is talent acquisition: delays in hiring or extended timelines could push back the January beta. Mitigations include existing architecture, a lean scope, added schedule buffer, and a commitment to communicate changes clearly.

## Team & Partnerships
The effort is led by engineers who emphasize building for everyday creators in their lives. All architecture and content are created and reviewed by a human team.

## Technical Details
Only hashed fingerprints are stored, dramatically reducing storage and compute compared with systems that store full files or rely on energy-intensive consensus mechanisms. The goal is long-term security and transparency with minimal environmental impact.

## Revenue Logic
To sustain the venture, the team is planning to explore a tiered subscription model. The planned model would provide a free tier for infrequent, personal use, while offering paid tiers for professionals and businesses requiring higher-volume anchoring, advanced verification features, or dedicated support. This would allow the core service to remain broadly accessible while generating revenue from users who derive significant value from it.

## Support & Post-Launch Plans
The team promises clear communication with backers if plans change and notes limited, supportive use of AI tools for coding and documentation; they are not building AI technology nor using AI to generate creative assets."
"search","(((clockchain.M1.5.M2.5X((lockguardXclockchain).G1.2Xhply.M1.4).G2.1).G3.4.M5.3X((clockchain.M1.5.M2.5X((lockguardXclockchain).G1.2Xhply.M1.4).G2.1).G3.4X((clockchain.M1.5.M2.5X((lockguardXclockchain).G1.2Xhply.M1.4).G2.1).G3.4X((lockguardXclockchain).G1.2Xangelry.M1.2).G2.4.M3.1).G4.1).G5.1).G6.1.M9.2X(((clockchain.M1.5.M2.5X((lockguardXclockchain).G1.2Xhply.M1.4).G2.1).G3.4.M5.3X((clockchain.M1.5.M2.5X((lockguardXclockchain).G1.2Xhply.M1.4).G2.1).G3.4X((clockchain.M1.5.M2.5X((lockguardXclockchain).G1.2Xhply.M1.4).G2.1).G3.4X((lockguardXclockchain).G1.2Xangelry.M1.2).G2.4.M3.1).G4.1).G5.1).G6.1.M7.3.M8.2Xgenaix).G9.2).G10.3","elite","10","16.5","30","0.550000","0.335900","False","## One-Sentence Summary
A platform that provides verifiable proof of ethical sourcing by creating a permanent, independently verifiable record anchored to a public ledger, while building an interactive ecosystem with educational tools and an AI mentor for supply chain professionals and impact-focused organizations.

## Problem
The venture plans to address a digital landscape saturated with manipulation and duplication, where it is increasingly difficult to establish what is original or real. The central challenge is enabling people to credibly prove the authenticity and first possession of a digital record—such as a donation confirmation or an impact report—amid pervasive skepticism and the ease of generating false claims. The venture also plans to address the specific and growing risk of regulatory penalties and legal liability for brands that make unsubstantiated or misleading sustainability claims about their supply chains, which lack a universally trusted, independent verification mechanism.

## Target Users & Use Cases
The venture plans to target both brands seeking to validate their supply chains and consumers looking for trustworthy ethical goods. A planned, specific target user group for initial outreach is procurement teams within consumer goods companies participating in sustainability certification or reporting programs, who need a streamlined way to discover vetted suppliers and provide indisputable proof of their ethical sourcing actions to qualify for certifications or meet regulatory requirements. The venture also plans to explore targeting non-governmental organizations (NGOs) and impact-focused philanthropic foundations as a distinct user group, who require independently verifiable, tamper-proof records of field-level sourcing events and material provenance to substantiate their impact reports to donors, auditors, and grant-making bodies.

## Solution / Product Overview
The product is a platform designed to provide verifiable proof of ethical sourcing. Its core innovation is pairing physical goods with a privacy-preserving digital ledger. When a material is sourced or a production milestone is reached, a fingerprint of the provenance data is created and anchored to a public, time-stamped record, allowing for independent verification without exposing proprietary or sensitive operational details. The venture plans to explore the development of a simple, open-source verification widget that any third-party website (like a brand's product page or a retailer's site) could embed to allow visitors to independently verify the timestamp and authenticity of a claimed sourcing fingerprint directly from that page.

## Delivery Model
The venture plans a lightweight, privacy-first implementation. It would not store sensitive proprietary files or continuous supply-chain data streams. Instead, it would generate compact, anonymized fingerprints of that data for ledger anchoring. The goal is a secure and resource-conscious design that maintains long-term verifiability with minimal infrastructure. The team plans to build a clean public interface and supporting infrastructure to make the verification tools usable by its target audience.

## Revenue Logic
The venture plans to generate revenue through the sale of a subscription service to brands and suppliers for access to the verification ledger, advanced provenance reporting features, and supply chain management capabilities within the platform. An initial free trial period for the subscription service is proposed to onboard supplier and brand partners. The venture also plans to explore potential optional upgrades for enhanced connectivity or integration services for enterprise procurement or certification programs.

## Distinctiveness
The venture aims to differentiate itself by offering heirloom-quality goods that merge immediate, tangible material qualities with enduring digital proof of ethical sourcing. Its proposed system does not just provide a product; it aims to create a permanent, independently verifiable record that the materials were sourced according to specific ethical standards at a specific time, addressing the credibility problem of sustainability claims. This focus on verifiable provenance from a specific, ethical source is presented as a unique safeguard for both consumer trust and material truth."
"search","((clockchain.M1.5.M2.5X((lockguardXclockchain).G1.2Xhply.M1.4).G2.1).G3.4.M5.3.M6.3X((clockchain.M1.5.M2.5X((lockguardXclockchain).G1.2Xhply.M1.4).G2.1).G3.4.M5.3X((clockchain.M1.5.M2.5X((lockguardXclockchain).G1.2Xhply.M1.4).G2.1).G3.4X((clockchain.M1.5.M2.5X((lockguardXclockchain).G1.2Xhply.M1.4).G2.1).G3.4X((lockguardXclockchain).G1.2Xangelry.M1.2).G2.4.M3.1).G4.1).G5.1).G6.1.M7.3).G8.1.M10.4","elite","10","16.0","30","0.533333","0.334489","False","--- BEGIN PROJECT ---
## One-Sentence Summary
A privacy-first platform that generates verifiable digital fingerprints of ethical sourcing events and anchors them to a public, tamper-proof ledger, giving brands and consumers indisputable proof of provenance while protecting sensitive operational data.

## Problem
The venture plans to address a digital landscape saturated with manipulation and duplication, where it is increasingly difficult to establish what is original or real. The central challenge is enabling people to credibly prove the authenticity and first possession of a digital record—such as a donation confirmation or an impact report—amid pervasive skepticism and the ease of generating false claims. A specific, related challenge the venture plans to explore is the inefficiency and lack of standardization in the verification process for corporate matching gift programs, where employees often face cumbersome manual steps to prove their donations, creating friction that reduces participation.

## Target Users & Use Cases
The venture plans to target both brands seeking to validate their supply chains and consumers looking for trustworthy ethical goods. Primary scenarios include discovering vetted, ethical suppliers (from large, global operations to local, artisanal producers), verifying material provenance with confidence, and providing transparent proof of sourcing standards to end customers. A planned, specific target user group for initial outreach is procurement teams within consumer goods companies participating in sustainability certification or reporting programs, who need a streamlined way to discover vetted suppliers and provide indisputable proof of their ethical sourcing actions to qualify for certifications or meet regulatory requirements.

## Solution / Product Overview
The venture plans to build a tool that creates a digital fingerprint of a user's charitable event data—such as a donation receipt or a nonprofit's impact milestone—and records proof of that fingerprint on a public, time-stamped ledger. The approach is proposed to be secure and privacy-preserving: users would not upload sensitive raw data; instead, a compact fingerprint would serve as durable evidence. This is positioned as a quiet safeguard for digital truth that donors, nonprofits, and verifying partners can rely on. To increase trust, the team plans to explore adding a decentralized, community-run witness network to provide a secondary, distributed layer of attestation to the ledger's timestamps. Furthermore, the venture plans to explore the development of a simple, open-source verification widget that any third-party website (like a nonprofit's blog or a corporate social responsibility page) could embed to allow visitors to independently verify the timestamp and authenticity of a claimed charitable fingerprint directly from that page. Additionally, the venture plans to explore a feature where users could link multiple related fingerprints (e.g., a donation receipt, a supplier invoice, and a shipping confirmation) into a single, verifiable provenance bundle, creating a more comprehensive audit trail for complex ethical sourcing events.

## Delivery Model
The venture plans a lightweight, privacy-first implementation. It would not store sensitive donor financial details or the underlying event files. Instead, it would generate compact, anonymized fingerprints of that data for ledger anchoring. The goal is a secure and resource-conscious design that maintains long-term verifiability with minimal infrastructure. The team plans to build a clean public interface and supporting infrastructure to make the verification tools usable by its target audience.

## Revenue Logic
The venture plans to generate revenue through the sale of a subscription service to brands and suppliers for access to the verification ledger, advanced provenance reporting features, and supply chain management capabilities within the platform. An initial free trial period for the subscription service is proposed to onboard supplier and brand partners. The venture also plans to explore potential optional upgrades for enhanced connectivity or integration services for enterprise procurement or certification programs.

## Distinctiveness
The venture aims to differentiate itself by offering heirloom-quality goods that merge immediate, tangible material qualities with enduring digital proof of ethical sourcing. Its proposed system does not just provide a product; it aims to create a permanent, independently verifiable record that the materials were sourced according to specific ethical standards at a specific time, addressing the credibility problem of sustainability claims. This focus on verifiable provenance from a specific, ethical source is presented as a unique safeguard for both consumer trust and material truth.
--- END PROJECT ---"
"search","((clockchain.M1.5.M2.5X((lockguardXclockchain).G1.2Xhply.M1.4).G2.1).G3.4.M5.3.M6.3X((clockchain.M1.5.M2.5X((lockguardXclockchain).G1.2Xhply.M1.4).G2.1).G3.4.M5.3X((clockchain.M1.5.M2.5X((lockguardXclockchain).G1.2Xhply.M1.4).G2.1).G3.4X((clockchain.M1.5.M2.5X((lockguardXclockchain).G1.2Xhply.M1.4).G2.1).G3.4X((lockguardXclockchain).G1.2Xangelry.M1.2).G2.4.M3.1).G4.1).G5.1).G6.1.M7.3).G8.1.M9.3.M10.3","step_winner","10","17.0","30","0.566667","0.334734","False","--- BEGIN PROJECT ---
## One-Sentence Summary
A privacy-first platform that generates verifiable digital fingerprints of ethical sourcing events and anchors them to a public, tamper-proof ledger, giving brands and consumers indisputable proof of provenance while protecting sensitive operational data.

## Problem
The venture plans to address a digital landscape saturated with manipulation and duplication, where it is increasingly difficult to establish what is original or real. The central challenge is enabling people to credibly prove the authenticity and first possession of a digital record—such as a donation confirmation or an impact report—amid pervasive skepticism and the ease of generating false claims. A specific, related challenge the venture plans to explore is the inefficiency and lack of standardization in the verification process for corporate matching gift programs, where employees often face cumbersome manual steps to prove their donations, creating friction that reduces participation.

## Target Users & Use Cases
The venture plans to target both brands seeking to validate their supply chains and consumers looking for trustworthy ethical goods. Primary scenarios include discovering vetted, ethical suppliers (from large, global operations to local, artisanal producers), verifying material provenance with confidence, and providing transparent proof of sourcing standards to end customers. A planned, specific target user group for initial outreach is procurement teams within consumer goods companies participating in sustainability certification or reporting programs, who need a streamlined way to discover vetted suppliers and provide indisputable proof of their ethical sourcing actions to qualify for certifications or meet regulatory requirements.

## Solution / Product Overview
The venture plans to build a tool that creates a digital fingerprint of a user's charitable event data—such as a donation receipt or a nonprofit's impact milestone—and records proof of that fingerprint on a public, time-stamped ledger. The approach is proposed to be secure and privacy-preserving: users would not upload sensitive raw data; instead, a compact fingerprint would serve as durable evidence. This is positioned as a quiet safeguard for digital truth that donors, nonprofits, and verifying partners can rely on. To increase trust, the team plans to explore adding a decentralized, community-run witness network to provide a secondary, distributed layer of attestation to the ledger's timestamps. Furthermore, the venture plans to explore the development of a simple, open-source verification widget that any third-party website (like a nonprofit's blog or a corporate social responsibility page) could embed to allow visitors to independently verify the timestamp and authenticity of a claimed charitable fingerprint directly from that page.

## Delivery Model
The venture plans a lightweight, privacy-first implementation. It would not store sensitive donor financial details or the underlying event files. Instead, it would generate compact, anonymized fingerprints of that data for ledger anchoring. The goal is a secure and resource-conscious design that maintains long-term verifiability with minimal infrastructure. The team plans to build a clean public interface and supporting infrastructure to make the verification tools usable by its target audience.

## Revenue Logic
The venture plans to generate revenue through the sale of a subscription service to brands and suppliers for access to the verification ledger, advanced provenance reporting features, and supply chain management capabilities within the platform. An initial free trial period for the subscription service is proposed to onboard supplier and brand partners. The venture also plans to explore potential optional upgrades for enhanced connectivity or integration services for enterprise procurement or certification programs.

## Distinctiveness
The venture aims to differentiate itself by offering heirloom-quality goods that merge immediate, tangible material qualities with enduring digital proof of ethical sourcing. Its proposed system does not just provide a product; it aims to create a permanent, independently verifiable record that the materials were sourced according to specific ethical standards at a specific time, addressing the credibility problem of sustainability claims. This focus on verifiable provenance from a specific, ethical source is presented as a unique safeguard for both consumer trust and material truth. The venture plans to explore a further point of differentiation: structuring its public ledger not just as a tamper-proof record, but as a machine-readable, open registry of ethical sourcing standards. This would allow the fingerprints to be programmatically linked to the precise definitions of the ethical standards they claim to uphold, aiming to create a new layer of semantic clarity and auditability that is missing from current provenance claims.
--- END PROJECT ---"
"search","(((clockchain.M1.5.M2.5X((lockguardXclockchain).G1.2Xhply.M1.4).G2.1).G3.4.M5.3.M6.3X((clockchain.M1.5.M2.5X((lockguardXclockchain).G1.2Xhply.M1.4).G2.1).G3.4.M5.3X((clockchain.M1.5.M2.5X((lockguardXclockchain).G1.2Xhply.M1.4).G2.1).G3.4X((clockchain.M1.5.M2.5X((lockguardXclockchain).G1.2Xhply.M1.4).G2.1).G3.4X((lockguardXclockchain).G1.2Xangelry.M1.2).G2.4.M3.1).G4.1).G5.1).G6.1.M7.3).G8.1.M9.3.M10.3X(((clockchain.M1.5.M2.5X((lockguardXclockchain).G1.2Xhply.M1.4).G2.1).G3.4.M5.3X((clockchain.M1.5.M2.5X((lockguardXclockchain).G1.2Xhply.M1.4).G2.1).G3.4X((clockchain.M1.5.M2.5X((lockguardXclockchain).G1.2Xhply.M1.4).G2.1).G3.4X((lockguardXclockchain).G1.2Xangelry.M1.2).G2.4.M3.1).G4.1).G5.1).G6.1.M9.2X(((clockchain.M1.5.M2.5X((lockguardXclockchain).G1.2Xhply.M1.4).G2.1).G3.4.M5.3X((clockchain.M1.5.M2.5X((lockguardXclockchain).G1.2Xhply.M1.4).G2.1).G3.4X((clockchain.M1.5.M2.5X((lockguardXclockchain).G1.2Xhply.M1.4).G2.1).G3.4X((lockguardXclockchain).G1.2Xangelry.M1.2).G2.4.M3.1).G4.1).G5.1).G6.1.M7.3.M8.2Xgenaix).G9.2).G10.3).G11.4","elite","11","16.0","30","0.533333","0.334879","False","## One-Sentence Summary
A privacy-first platform that creates permanent, verifiable digital fingerprints of ethical sourcing events anchored to a public ledger, building an interactive ecosystem with educational tools for supply chain professionals and impact-focused organizations.

## Problem
The venture plans to address a digital landscape saturated with manipulation and duplication, where it is increasingly difficult to establish what is original or real. The central challenge is enabling people to credibly prove the authenticity and first possession of a digital record—such as a donation confirmation or an impact report—amid pervasive skepticism and the ease of generating false claims. A specific, related challenge the venture plans to explore is the inefficiency and lack of standardization in the verification process for corporate matching gift programs, where employees often face cumbersome manual steps to prove their donations, creating friction that reduces participation.

## Target Users & Use Cases
The venture plans to target both brands seeking to validate their supply chains and consumers looking for trustworthy ethical goods. A planned, specific target user group for initial outreach is procurement teams within consumer goods companies participating in sustainability certification or reporting programs, who need a streamlined way to discover vetted suppliers and provide indisputable proof of their ethical sourcing actions to qualify for certifications or meet regulatory requirements. The venture also plans to explore targeting non-governmental organizations (NGOs) and impact-focused philanthropic foundations as a distinct user group, who require independently verifiable, tamper-proof records of field-level sourcing events and material provenance to substantiate their impact reports to donors, auditors, and grant-making bodies.

## Solution / Product Overview
The venture plans to build a tool that creates a digital fingerprint of a user's charitable event data—such as a donation receipt or a nonprofit's impact milestone—and records proof of that fingerprint on a public, time-stamped ledger. The approach is proposed to be secure and privacy-preserving: users would not upload sensitive raw data; instead, a compact fingerprint would serve as durable evidence. This is positioned as a quiet safeguard for digital truth that donors, nonprofits, and verifying partners can rely on. To increase trust, the team plans to explore adding a decentralized, community-run witness network to provide a secondary, distributed layer of attestation to the ledger's timestamps. Furthermore, the venture plans to explore the development of a simple, open-source verification widget that any third-party website (like a nonprofit's blog or a corporate social responsibility page) could embed to allow visitors to independently verify the timestamp and authenticity of a claimed charitable fingerprint directly from that page.

## Delivery Model
The venture plans a lightweight, privacy-first implementation. It would not store sensitive donor financial details or the underlying event files. Instead, it would generate compact, anonymized fingerprints of that data for ledger anchoring. The goal is a secure and resource-conscious design that maintains long-term verifiability with minimal infrastructure. The team plans to build a clean public interface and supporting infrastructure to make the verification tools usable by its target audience.

## Revenue Logic
The venture plans to generate revenue through the sale of a subscription service to brands and suppliers for access to the verification ledger, advanced provenance reporting features, and supply chain management capabilities within the platform. An initial free trial period for the subscription service is proposed to onboard supplier and brand partners. The venture also plans to explore potential optional upgrades for enhanced connectivity or integration services for enterprise procurement or certification programs.

## Distinctiveness
The venture aims to differentiate itself by offering heirloom-quality goods that merge immediate, tangible material qualities with enduring digital proof of ethical sourcing. Its proposed system does not just provide a product; it aims to create a permanent, independently verifiable record that the materials were sourced according to specific ethical standards at a specific time, addressing the credibility problem of sustainability claims. This focus on verifiable provenance from a specific, ethical source is presented as a unique safeguard for both consumer trust and material truth. The venture plans to explore a further point of differentiation: structuring its public ledger not just as a tamper-proof record, but as a machine-readable, open registry of ethical sourcing standards. This would allow the fingerprints to be programmatically linked to the precise definitions of the ethical standards they claim to uphold, aiming to create a new layer of semantic clarity and auditability that is missing from current provenance claims."
"search","((clockchain.M1.5.M2.5X((lockguardXclockchain).G1.2Xhply.M1.4).G2.1).G3.4.M5.3.M6.3X((clockchain.M1.5.M2.5X((lockguardXclockchain).G1.2Xhply.M1.4).G2.1).G3.4.M5.3X((clockchain.M1.5.M2.5X((lockguardXclockchain).G1.2Xhply.M1.4).G2.1).G3.4X((clockchain.M1.5.M2.5X((lockguardXclockchain).G1.2Xhply.M1.4).G2.1).G3.4X((lockguardXclockchain).G1.2Xangelry.M1.2).G2.4.M3.1).G4.1).G5.1).G6.1.M7.3).G8.1.M9.3.M10.3.M11.4","step_winner","11","17.0","30","0.566667","0.331541","False","--- BEGIN PROJECT ---
## One-Sentence Summary
A privacy-first platform that generates verifiable digital fingerprints of ethical sourcing events and anchors them to a public, tamper-proof ledger, giving brands and consumers indisputable proof of provenance while protecting sensitive operational data.

## Problem
The venture plans to address a digital landscape saturated with manipulation and duplication, where it is increasingly difficult to establish what is original or real. The central challenge is enabling people to credibly prove the authenticity and first possession of a digital record—such as a donation confirmation or an impact report—amid pervasive skepticism and the ease of generating false claims. A specific, related challenge the venture plans to explore is the inefficiency and lack of standardization in the verification process for corporate matching gift programs, where employees often face cumbersome manual steps to prove their donations, creating friction that reduces participation.

## Target Users & Use Cases
The venture plans to target both brands seeking to validate their supply chains and consumers looking for trustworthy ethical goods. Primary scenarios include discovering vetted, ethical suppliers (from large, global operations to local, artisanal producers), verifying material provenance with confidence, and providing transparent proof of sourcing standards to end customers. A planned, specific target user group for initial outreach is procurement teams within consumer goods companies participating in sustainability certification or reporting programs, who need a streamlined way to discover vetted suppliers and provide indisputable proof of their ethical sourcing actions to qualify for certifications or meet regulatory requirements.

## Solution / Product Overview
The venture plans to build a tool that creates a digital fingerprint of a user's charitable event data—such as a donation receipt or a nonprofit's impact milestone—and records proof of that fingerprint on a public, time-stamped ledger. The approach is proposed to be secure and privacy-preserving: users would not upload sensitive raw data; instead, a compact fingerprint would serve as durable evidence. This is positioned as a quiet safeguard for digital truth that donors, nonprofits, and verifying partners can rely on. To increase trust, the team plans to explore adding a decentralized, community-run witness network to provide a secondary, distributed layer of attestation to the ledger's timestamps. Furthermore, the venture plans to explore the development of a simple, open-source verification widget that any third-party website (like a nonprofit's blog or a corporate social responsibility page) could embed to allow visitors to independently verify the timestamp and authenticity of a claimed charitable fingerprint directly from that page.

## Delivery Model
The venture plans a lightweight, privacy-first implementation. It would not store sensitive donor financial details or the underlying event files. Instead, it would generate compact, anonymized fingerprints of that data for ledger anchoring. The goal is a secure and resource-conscious design that maintains long-term verifiability with minimal infrastructure. The team plans to build a clean public interface and supporting infrastructure to make the verification tools usable by its target audience.

## Revenue Logic
The venture plans to generate revenue primarily through a transaction-based model, charging a fee for each verifiable digital fingerprint anchored to the public ledger. This would apply to brands, suppliers, and potentially other entities (such as nonprofits in the matching gift use case) seeking to create a permanent, auditable record of an ethical sourcing event or donation. The venture also plans to explore offering optional subscription tiers for high-volume users, which could include advanced provenance reporting features, supply chain management capabilities, or enhanced integration services for enterprise procurement or certification programs. An initial free trial period for generating a limited number of fingerprints is proposed to onboard partners.

## Distinctiveness
The venture aims to differentiate itself by offering heirloom-quality goods that merge immediate, tangible material qualities with enduring digital proof of ethical sourcing. Its proposed system does not just provide a product; it aims to create a permanent, independently verifiable record that the materials were sourced according to specific ethical standards at a specific time, addressing the credibility problem of sustainability claims. This focus on verifiable provenance from a specific, ethical source is presented as a unique safeguard for both consumer trust and material truth. The venture plans to explore a further point of differentiation: structuring its public ledger not just as a tamper-proof record, but as a machine-readable, open registry of ethical sourcing standards. This would allow the fingerprints to be programmatically linked to the precise definitions of the ethical standards they claim to uphold, aiming to create a new layer of semantic clarity and auditability that is missing from current provenance claims.
--- END PROJECT ---"
"search","((clockchain.M1.5.M2.5X((lockguardXclockchain).G1.2Xhply.M1.4).G2.1).G3.4.M5.3.M6.3X((clockchain.M1.5.M2.5X((lockguardXclockchain).G1.2Xhply.M1.4).G2.1).G3.4.M5.3X((clockchain.M1.5.M2.5X((lockguardXclockchain).G1.2Xhply.M1.4).G2.1).G3.4X((clockchain.M1.5.M2.5X((lockguardXclockchain).G1.2Xhply.M1.4).G2.1).G3.4X((lockguardXclockchain).G1.2Xangelry.M1.2).G2.4.M3.1).G4.1).G5.1).G6.1.M7.3).G8.1.M9.3.M10.3.M11.5","elite","11","15.0","30","0.500000","0.336528","False","--- BEGIN PROJECT ---
--- BEGIN PROJECT ---
## One-Sentence Summary
A privacy-first platform that generates verifiable digital fingerprints of ethical sourcing events and anchors them to a public, tamper-proof ledger, giving brands and consumers indisputable proof of provenance while protecting sensitive operational data.

## Problem
The venture plans to address a digital landscape saturated with manipulation and duplication, where it is increasingly difficult to establish what is original or real. The central challenge is enabling people to credibly prove the authenticity and first possession of a digital record—such as a donation confirmation or an impact report—amid pervasive skepticism and the ease of generating false claims. A specific, related challenge the venture plans to explore is the inefficiency and lack of standardization in the verification process for corporate matching gift programs, where employees often face cumbersome manual steps to prove their donations, creating friction that reduces participation.

## Target Users & Use Cases
The venture plans to target both brands seeking to validate their supply chains and consumers looking for trustworthy ethical goods. Primary scenarios include discovering vetted, ethical suppliers (from large, global operations to local, artisanal producers), verifying material provenance with confidence, and providing transparent proof of sourcing standards to end customers. A planned, specific target user group for initial outreach is procurement teams within consumer goods companies participating in sustainability certification or reporting programs, who need a streamlined way to discover vetted suppliers and provide indisputable proof of their ethical sourcing actions to qualify for certifications or meet regulatory requirements. The venture also plans to explore targeting independent third-party auditors and certification bodies as a distinct user group. These auditors could use the platform's ledger and verification tools to streamline and standardize their audit processes for client companies' ethical sourcing claims, providing a more efficient and tamper-evident method for issuing or renewing certifications.

## Solution / Product Overview
The venture plans to build a tool that creates a digital fingerprint of a user's charitable event data—such as a donation receipt or a nonprofit's impact milestone—and records proof of that fingerprint on a public, time-stamped ledger. The approach is proposed to be secure and privacy-preserving: users would not upload sensitive raw data; instead, a compact fingerprint would serve as durable evidence. This is positioned as a quiet safeguard for digital truth that donors, nonprofits, and verifying partners can rely on. To increase trust, the team plans to explore adding a decentralized, community-run witness network to provide a secondary, distributed layer of attestation to the ledger's timestamps. Furthermore, the venture plans to explore the development of a simple, open-source verification widget that any third-party website (like a nonprofit's blog or a corporate social responsibility page) could embed to allow visitors to independently verify the timestamp and authenticity of a claimed charitable fingerprint directly from that page.

## Delivery Model
The venture plans a lightweight, privacy-first implementation. It would not store sensitive donor financial details or the underlying event files. Instead, it would generate compact, anonymized fingerprints of that data for ledger anchoring. The goal is a secure and resource-conscious design that maintains long-term verifiability with minimal infrastructure. The team plans to build a clean public interface and supporting infrastructure to make the verification tools usable by its target audience.

## Revenue Logic
The venture plans to generate revenue through the sale of a subscription service to brands and suppliers for access to the verification ledger, advanced provenance reporting features, and supply chain management capabilities within the platform. An initial free trial period for the subscription service is proposed to onboard supplier and brand partners. The venture also plans to explore potential optional upgrades for enhanced connectivity or integration services for enterprise procurement or certification programs.

## Distinctiveness
The venture aims to differentiate itself by offering heirloom-quality goods that merge immediate, tangible material qualities with enduring digital proof of ethical sourcing. Its proposed system does not just provide a product; it aims to create a permanent, independently verifiable record that the materials were sourced according to specific ethical standards at a specific time, addressing the credibility problem of sustainability claims. This focus on verifiable provenance from a specific, ethical source is presented as a unique safeguard for both consumer trust and material truth. The venture plans to explore a further point of differentiation: structuring its public ledger not just as a tamper-proof record, but as a machine-readable, open registry of ethical sourcing standards. This would allow the fingerprints to be programmatically linked to the precise definitions of the ethical standards they claim to uphold, aiming to create a new layer of semantic clarity and auditability that is missing from current provenance claims.
--- END PROJECT ---
--- END PROJECT ---"
"search","(((clockchain.M1.5.M2.5X((lockguardXclockchain).G1.2Xhply.M1.4).G2.1).G3.4.M5.3.M6.3X((clockchain.M1.5.M2.5X((lockguardXclockchain).G1.2Xhply.M1.4).G2.1).G3.4.M5.3X((clockchain.M1.5.M2.5X((lockguardXclockchain).G1.2Xhply.M1.4).G2.1).G3.4X((clockchain.M1.5.M2.5X((lockguardXclockchain).G1.2Xhply.M1.4).G2.1).G3.4X((lockguardXclockchain).G1.2Xangelry.M1.2).G2.4.M3.1).G4.1).G5.1).G6.1.M7.3).G8.1.M9.3.M10.3.M11.5X(((clockchain.M1.5.M2.5X((lockguardXclockchain).G1.2Xhply.M1.4).G2.1).G3.4.M5.3.M6.3X((clockchain.M1.5.M2.5X((lockguardXclockchain).G1.2Xhply.M1.4).G2.1).G3.4.M5.3X((clockchain.M1.5.M2.5X((lockguardXclockchain).G1.2Xhply.M1.4).G2.1).G3.4X((clockchain.M1.5.M2.5X((lockguardXclockchain).G1.2Xhply.M1.4).G2.1).G3.4X((lockguardXclockchain).G1.2Xangelry.M1.2).G2.4.M3.1).G4.1).G5.1).G6.1.M7.3).G8.1.M10.4X(((clockchain.M1.5.M2.5X((lockguardXclockchain).G1.2Xhply.M1.4).G2.1).G3.4.M5.3X((clockchain.M1.5.M2.5X((lockguardXclockchain).G1.2Xhply.M1.4).G2.1).G3.4X((clockchain.M1.5.M2.5X((lockguardXclockchain).G1.2Xhply.M1.4).G2.1).G3.4X((lockguardXclockchain).G1.2Xangelry.M1.2).G2.4.M3.1).G4.1).G5.1).G6.1.M9.2X(((clockchain.M1.5.M2.5X((lockguardXclockchain).G1.2Xhply.M1.4).G2.1).G3.4.M5.3X((clockchain.M1.5.M2.5X((lockguardXclockchain).G1.2Xhply.M1.4).G2.1).G3.4X((clockchain.M1.5.M2.5X((lockguardXclockchain).G1.2Xhply.M1.4).G2.1).G3.4X((lockguardXclockchain).G1.2Xangelry.M1.2).G2.4.M3.1).G4.1).G5.1).G6.1.M7.3.M8.2Xgenaix).G9.2).G10.3).G11.5).G12.4","final_top","12","18.0","30","0.600000","0.337643","False","## One-Sentence Summary
A privacy-first platform that generates verifiable digital fingerprints of ethical sourcing events and anchors them to a public, machine-readable ledger, giving brands, NGOs, and consumers indisputable proof of provenance while protecting sensitive data.

## Problem
The venture plans to address a digital landscape saturated with manipulation and duplication, where it is increasingly difficult to establish what is original or real. The central challenge is enabling people to credibly prove the authenticity and first possession of a digital record—such as a donation confirmation or an impact report—amid pervasive skepticism and the ease of generating false claims. A specific, related challenge the venture plans to explore is the inefficiency and lack of standardization in the verification process for corporate matching gift programs, where employees often face cumbersome manual steps to prove their donations, creating friction that reduces participation.

## Target Users & Use Cases
The venture plans to target both brands seeking to validate their supply chains and consumers looking for trustworthy ethical goods. A planned, specific target user group for initial outreach is procurement teams within consumer goods companies participating in sustainability certification or reporting programs, who need a streamlined way to discover vetted suppliers and provide indisputable proof of their ethical sourcing actions to qualify for certifications or meet regulatory requirements. The venture also plans to explore targeting non-governmental organizations (NGOs) and impact-focused philanthropic foundations as a distinct user group, who require independently verifiable, tamper-proof records of field-level sourcing events and material provenance to substantiate their impact reports to donors, auditors, and grant-making bodies.

## Solution / Product Overview
The venture plans to build a tool that creates a digital fingerprint of a user's charitable event data—such as a donation receipt or a nonprofit's impact milestone—and records proof of that fingerprint on a public, time-stamped ledger. The approach is proposed to be secure and privacy-preserving: users would not upload sensitive raw data; instead, a compact fingerprint would serve as durable evidence. This is positioned as a quiet safeguard for digital truth that donors, nonprofits, and verifying partners can rely on. To increase trust, the team plans to explore adding a decentralized, community-run witness network to provide a secondary, distributed layer of attestation to the ledger's timestamps. Furthermore, the venture plans to explore the development of a simple, open-source verification widget that any third-party website (like a nonprofit's blog or a corporate social responsibility page) could embed to allow visitors to independently verify the timestamp and authenticity of a claimed charitable fingerprint directly from that page. Additionally, the venture plans to explore a feature where users could link multiple related fingerprints (e.g., a donation receipt, a supplier invoice, and a shipping confirmation) into a single, verifiable provenance bundle, creating a more comprehensive audit trail for complex ethical sourcing events.

## Delivery Model
The venture plans a lightweight, privacy-first implementation. It would not store sensitive donor financial details or the underlying event files. Instead, it would generate compact, anonymized fingerprints of that data for ledger anchoring. The goal is a secure and resource-conscious design that maintains long-term verifiability with minimal infrastructure. The team plans to build a clean public interface and supporting infrastructure to make the verification tools usable by its target audience.

## Revenue Logic
The venture plans to generate revenue through the sale of a subscription service to brands and suppliers for access to the verification ledger, advanced provenance reporting features, and supply chain management capabilities within the platform. An initial free trial period for the subscription service is proposed to onboard supplier and brand partners. The venture also plans to explore potential optional upgrades for enhanced connectivity or integration services for enterprise procurement or certification programs.

## Distinctiveness
The venture aims to differentiate itself by offering heirloom-quality goods that merge immediate, tangible material qualities with enduring digital proof of ethical sourcing. Its proposed system does not just provide a product; it aims to create a permanent, independently verifiable record that the materials were sourced according to specific ethical standards at a specific time, addressing the credibility problem of sustainability claims. This focus on verifiable provenance from a specific, ethical source is presented as a unique safeguard for both consumer trust and material truth. The venture plans to explore a further point of differentiation: structuring its public ledger not just as a tamper-proof record, but as a machine-readable, open registry of ethical sourcing standards. This would allow the fingerprints to be programmatically linked to the precise definitions of the ethical standards they claim to uphold, aiming to create a new layer of semantic clarity and auditability that is missing from current provenance claims."
"search","(((clockchain.M1.5.M2.5X((lockguardXclockchain).G1.2Xhply.M1.4).G2.1).G3.4.M5.3.M6.3X((clockchain.M1.5.M2.5X((lockguardXclockchain).G1.2Xhply.M1.4).G2.1).G3.4.M5.3X((clockchain.M1.5.M2.5X((lockguardXclockchain).G1.2Xhply.M1.4).G2.1).G3.4X((clockchain.M1.5.M2.5X((lockguardXclockchain).G1.2Xhply.M1.4).G2.1).G3.4X((lockguardXclockchain).G1.2Xangelry.M1.2).G2.4.M3.1).G4.1).G5.1).G6.1.M7.3).G8.1.M9.3.M10.3X(((clockchain.M1.5.M2.5X((lockguardXclockchain).G1.2Xhply.M1.4).G2.1).G3.4.M5.3X((clockchain.M1.5.M2.5X((lockguardXclockchain).G1.2Xhply.M1.4).G2.1).G3.4X((clockchain.M1.5.M2.5X((lockguardXclockchain).G1.2Xhply.M1.4).G2.1).G3.4X((lockguardXclockchain).G1.2Xangelry.M1.2).G2.4.M3.1).G4.1).G5.1).G6.1.M9.2X(((clockchain.M1.5.M2.5X((lockguardXclockchain).G1.2Xhply.M1.4).G2.1).G3.4.M5.3X((clockchain.M1.5.M2.5X((lockguardXclockchain).G1.2Xhply.M1.4).G2.1).G3.4X((clockchain.M1.5.M2.5X((lockguardXclockchain).G1.2Xhply.M1.4).G2.1).G3.4X((lockguardXclockchain).G1.2Xangelry.M1.2).G2.4.M3.1).G4.1).G5.1).G6.1.M7.3.M8.2Xgenaix).G9.2).G10.3).G11.4.M12.2","step_winner","12","16.0","30","0.533333","0.334829","False","--- BEGIN PROJECT ---
## One-Sentence Summary
A privacy-first platform that creates permanent, verifiable digital fingerprints of ethical sourcing events anchored to a public ledger, building an interactive ecosystem with educational tools for supply chain professionals and impact-focused organizations.

## Problem
The venture plans to address a digital landscape saturated with manipulation and duplication, where it is increasingly difficult to establish what is original or real. The central challenge is enabling people to credibly prove the authenticity and first possession of a digital record—such as a donation confirmation or an impact report—amid pervasive skepticism and the ease of generating false claims. A specific, related challenge the venture plans to explore is the inefficiency and lack of standardization in the verification process for corporate matching gift programs, where employees often face cumbersome manual steps to prove their donations, creating friction that reduces participation.

## Target Users & Use Cases
The venture plans to target both brands seeking to validate their supply chains and consumers looking for trustworthy ethical goods. A planned, specific target user group for initial outreach is procurement teams within consumer goods companies participating in sustainability certification or reporting programs, who need a streamlined way to discover vetted suppliers and provide indisputable proof of their ethical sourcing actions to qualify for certifications or meet regulatory requirements. The venture also plans to explore targeting non-governmental organizations (NGOs) and impact-focused philanthropic foundations as a distinct user group, who require independently verifiable, tamper-proof records of field-level sourcing events and material provenance to substantiate their impact reports to donors, auditors, and grant-making bodies.

## Solution / Product Overview
The venture plans to build a tool that creates a digital fingerprint of a user's charitable event data—such as a donation receipt or a nonprofit's impact milestone—and records proof of that fingerprint on a public, time-stamped ledger. The approach is proposed to be secure and privacy-preserving: users would not upload sensitive raw data; instead, a compact fingerprint would serve as durable evidence. This is positioned as a quiet safeguard for digital truth that donors, nonprofits, and verifying partners can rely on. To increase trust, the team plans to explore adding a decentralized, community-run witness network to provide a secondary, distributed layer of attestation to the ledger's timestamps. Furthermore, the venture plans to explore the development of a simple, open-source verification widget that any third-party website (like a nonprofit's blog or a corporate social responsibility page) could embed to allow visitors to independently verify the timestamp and authenticity of a claimed charitable fingerprint directly from that page.

## Delivery Model
The venture plans a lightweight, privacy-first implementation. It would not store sensitive donor financial details or the underlying event files. Instead, it would generate compact, anonymized fingerprints of that data for ledger anchoring. The goal is a secure and resource-conscious design that maintains long-term verifiability with minimal infrastructure. The team plans to build a clean public interface and supporting infrastructure to make the verification tools usable by its target audience.

## Revenue Logic
The venture plans to generate revenue through the sale of a subscription service to brands and suppliers for access to the verification ledger, advanced provenance reporting features, and supply chain management capabilities within the platform. An initial free trial period for the subscription service is proposed to onboard supplier and brand partners. The venture also plans to explore potential optional upgrades for enhanced connectivity or integration services for enterprise procurement or certification programs.

## Distinctiveness
The venture aims to differentiate itself by offering heirloom-quality goods that merge immediate, tangible material qualities with enduring digital proof of ethical sourcing. Its proposed system does not just provide a product; it aims to create a permanent, independently verifiable record that the materials were sourced according to specific ethical standards at a specific time, addressing the credibility problem of sustainability claims. This focus on verifiable provenance from a specific, ethical source is presented as a unique safeguard for both consumer trust and material truth. The venture plans to explore a further point of differentiation: structuring its public ledger not just as a tamper-proof record, but as a machine-readable, open registry of ethical sourcing standards. This would allow the fingerprints to be programmatically linked to the precise definitions of the ethical standards they claim to uphold, aiming to create a new layer of semantic clarity and auditability that is missing from current provenance claims. Furthermore, the venture plans to explore a distinctive approach by designing its ledger and verification tools to be purposefully protocol-agnostic, meaning it is engineered to interface seamlessly with multiple existing and emerging public ledger technologies and supply chain data formats, rather than locking the ecosystem into a single proprietary blockchain or system. This planned agnosticism is intended to future-proof the verification records and lower barriers to adoption for partners who may have existing technical infrastructures or preferences.
--- END PROJECT ---"
"search","(((clockchain.M1.5.M2.5X((lockguardXclockchain).G1.2Xhply.M1.4).G2.1).G3.4.M5.3.M6.3X((clockchain.M1.5.M2.5X((lockguardXclockchain).G1.2Xhply.M1.4).G2.1).G3.4.M5.3X((clockchain.M1.5.M2.5X((lockguardXclockchain).G1.2Xhply.M1.4).G2.1).G3.4X((clockchain.M1.5.M2.5X((lockguardXclockchain).G1.2Xhply.M1.4).G2.1).G3.4X((lockguardXclockchain).G1.2Xangelry.M1.2).G2.4.M3.1).G4.1).G5.1).G6.1.M7.3).G8.1.M9.3.M10.3X(((clockchain.M1.5.M2.5X((lockguardXclockchain).G1.2Xhply.M1.4).G2.1).G3.4.M5.3X((clockchain.M1.5.M2.5X((lockguardXclockchain).G1.2Xhply.M1.4).G2.1).G3.4X((clockchain.M1.5.M2.5X((lockguardXclockchain).G1.2Xhply.M1.4).G2.1).G3.4X((lockguardXclockchain).G1.2Xangelry.M1.2).G2.4.M3.1).G4.1).G5.1).G6.1.M9.2X(((clockchain.M1.5.M2.5X((lockguardXclockchain).G1.2Xhply.M1.4).G2.1).G3.4.M5.3X((clockchain.M1.5.M2.5X((lockguardXclockchain).G1.2Xhply.M1.4).G2.1).G3.4X((clockchain.M1.5.M2.5X((lockguardXclockchain).G1.2Xhply.M1.4).G2.1).G3.4X((lockguardXclockchain).G1.2Xangelry.M1.2).G2.4.M3.1).G4.1).G5.1).G6.1.M7.3.M8.2Xgenaix).G9.2).G10.3).G11.4.M12.3","final_top","12","11.0","30","0.366667","0.338075","False","## One-Sentence Summary
A privacy-first platform that creates permanent, verifiable digital fingerprints of ethical sourcing events anchored to a public ledger, building an interactive ecosystem with educational tools for supply chain professionals and impact-focused organizations.

## Problem
The venture plans to address a digital landscape saturated with manipulation and duplication, where it is increasingly difficult to establish what is original or real. The central challenge is enabling people to credibly prove the authenticity and first possession of a digital record—such as a donation confirmation or an impact report—amid pervasive skepticism and the ease of generating false claims. A specific, related challenge the venture plans to explore is the inefficiency and lack of standardization in the verification process for corporate matching gift programs, where employees often face cumbersome manual steps to prove their donations, creating friction that reduces participation. The venture also plans to explore addressing the problem of 'greenwashing' and unsubstantiated ethical claims in consumer markets, where brands make sustainability assertions that are difficult for consumers, regulators, and even the brands' own procurement teams to independently verify against original sourcing events, leading to market confusion and eroded trust.

## Target Users & Use Cases
The venture plans to target both brands seeking to validate their supply chains and consumers looking for trustworthy ethical goods. A planned, specific target user group for initial outreach is procurement teams within consumer goods companies participating in sustainability certification or reporting programs, who need a streamlined way to discover vetted suppliers and provide indisputable proof of their ethical sourcing actions to qualify for certifications or meet regulatory requirements. The venture also plans to explore targeting non-governmental organizations (NGOs) and impact-focused philanthropic foundations as a distinct user group, who require independently verifiable, tamper-proof records of field-level sourcing events and material provenance to substantiate their impact reports to donors, auditors, and grant-making bodies.

## Solution / Product Overview
The venture plans to build a tool that creates a digital fingerprint of a user's charitable event data—such as a donation receipt or a nonprofit's impact milestone—and records proof of that fingerprint on a public, time-stamped ledger. The approach is proposed to be secure and privacy-preserving: users would not upload sensitive raw data; instead, a compact fingerprint would serve as durable evidence. This is positioned as a quiet safeguard for digital truth that donors, nonprofits, and verifying partners can rely on. To increase trust, the team plans to explore adding a decentralized, community-run witness network to provide a secondary, distributed layer of attestation to the ledger's timestamps. Furthermore, the venture plans to explore the development of a simple, open-source verification widget that any third-party website (like a nonprofit's blog or a corporate social responsibility page) could embed to allow visitors to independently verify the timestamp and authenticity of a claimed charitable fingerprint directly from that page.

## Delivery Model
The venture plans a lightweight, privacy-first implementation. It would not store sensitive donor financial details or the underlying event files. Instead, it would generate compact, anonymized fingerprints of that data for ledger anchoring. The goal is a secure and resource-conscious design that maintains long-term verifiability with minimal infrastructure. The team plans to build a clean public interface and supporting infrastructure to make the verification tools usable by its target audience.

## Revenue Logic
The venture plans to generate revenue through the sale of a subscription service to brands and suppliers for access to the verification ledger, advanced provenance reporting features, and supply chain management capabilities within the platform. An initial free trial period for the subscription service is proposed to onboard supplier and brand partners. The venture also plans to explore potential optional upgrades for enhanced connectivity or integration services for enterprise procurement or certification programs.

## Distinctiveness
The venture aims to differentiate itself by offering heirloom-quality goods that merge immediate, tangible material qualities with enduring digital proof of ethical sourcing. Its proposed system does not just provide a product; it aims to create a permanent, independently verifiable record that the materials were sourced according to specific ethical standards at a specific time, addressing the credibility problem of sustainability claims. This focus on verifiable provenance from a specific, ethical source is presented as a unique safeguard for both consumer trust and material truth. The venture plans to explore a further point of differentiation: structuring its public ledger not just as a tamper-proof record, but as a machine-readable, open registry of ethical sourcing standards. This would allow the fingerprints to be programmatically linked to the precise definitions of the ethical standards they claim to uphold, aiming to create a new layer of semantic clarity and auditability that is missing from current provenance claims."
"search","((clockchain.M1.5.M2.5X((lockguardXclockchain).G1.2Xhply.M1.4).G2.1).G3.4.M5.3.M6.3X((clockchain.M1.5.M2.5X((lockguardXclockchain).G1.2Xhply.M1.4).G2.1).G3.4.M5.3X((clockchain.M1.5.M2.5X((lockguardXclockchain).G1.2Xhply.M1.4).G2.1).G3.4X((clockchain.M1.5.M2.5X((lockguardXclockchain).G1.2Xhply.M1.4).G2.1).G3.4X((lockguardXclockchain).G1.2Xangelry.M1.2).G2.4.M3.1).G4.1).G5.1).G6.1.M7.3).G8.1.M9.3.M10.3.M11.5.M12.5","final_top","12","19.0","30","0.633333","0.341222","False","--- BEGIN PROJECT ---
--- BEGIN PROJECT ---
--- BEGIN PROJECT ---
## One-Sentence Summary
A privacy-first platform that generates verifiable digital fingerprints of ethical sourcing events and anchors them to a public, tamper-proof ledger, giving brands and consumers indisputable proof of provenance while protecting sensitive operational data.

## Problem
The venture plans to address a digital landscape saturated with manipulation and duplication, where it is increasingly difficult to establish what is original or real. The central challenge is enabling people to credibly prove the authenticity and first possession of a digital record—such as a donation confirmation or an impact report—amid pervasive skepticism and the ease of generating false claims. A specific, related challenge the venture plans to explore is the inefficiency and lack of standardization in the verification process for corporate matching gift programs, where employees often face cumbersome manual steps to prove their donations, creating friction that reduces participation.

## Target Users & Use Cases
The venture plans to target both brands seeking to validate their supply chains and consumers looking for trustworthy ethical goods. Primary scenarios include discovering vetted, ethical suppliers (from large, global operations to local, artisanal producers), verifying material provenance with confidence, and providing transparent proof of sourcing standards to end customers. A planned, specific target user group for initial outreach is procurement teams within consumer goods companies participating in sustainability certification or reporting programs, who need a streamlined way to discover vetted suppliers and provide indisputable proof of their ethical sourcing actions to qualify for certifications or meet regulatory requirements. The venture also plans to explore targeting independent third-party auditors and certification bodies as a distinct user group. These auditors could use the platform's ledger and verification tools to streamline and standardize their audit processes for client companies' ethical sourcing claims, providing a more efficient and tamper-evident method for issuing or renewing certifications.

## Solution / Product Overview
The venture plans to build a tool that creates a digital fingerprint of a user's charitable event data—such as a donation receipt or a nonprofit's impact milestone—and records proof of that fingerprint on a public, time-stamped ledger. The approach is proposed to be secure and privacy-preserving: users would not upload sensitive raw data; instead, a compact fingerprint would serve as durable evidence. This is positioned as a quiet safeguard for digital truth that donors, nonprofits, and verifying partners can rely on. To increase trust, the team plans to explore adding a decentralized, community-run witness network to provide a secondary, distributed layer of attestation to the ledger's timestamps. Furthermore, the venture plans to explore the development of a simple, open-source verification widget that any third-party website (like a nonprofit's blog or a corporate social responsibility page) could embed to allow visitors to independently verify the timestamp and authenticity of a claimed charitable fingerprint directly from that page.

## Delivery Model
The venture plans a lightweight, privacy-first implementation. It would not store sensitive donor financial details or the underlying event files. Instead, it would generate compact, anonymized fingerprints of that data for ledger anchoring. The goal is a secure and resource-conscious design that maintains long-term verifiability with minimal infrastructure. The team plans to build a clean public interface and supporting infrastructure to make the verification tools usable by its target audience. To further minimize its operational footprint and enhance decentralization, the venture plans to explore a delivery model where the core fingerprint generation and ledger anchoring logic is packaged as a downloadable, open-source toolkit. This toolkit would allow technically adept users or enterprise partners to run the core verification processes on their own infrastructure, while still interoperating with the public ledger and the venture's primary web interface for discovery and standardized verification.

## Revenue Logic
The venture plans to generate revenue through the sale of a subscription service to brands and suppliers for access to the verification ledger, advanced provenance reporting features, and supply chain management capabilities within the platform. An initial free trial period for the subscription service is proposed to onboard supplier and brand partners. The venture also plans to explore potential optional upgrades for enhanced connectivity or integration services for enterprise procurement or certification programs.

## Distinctiveness
The venture aims to differentiate itself by offering heirloom-quality goods that merge immediate, tangible material qualities with enduring digital proof of ethical sourcing. Its proposed system does not just provide a product; it aims to create a permanent, independently verifiable record that the materials were sourced according to specific ethical standards at a specific time, addressing the credibility problem of sustainability claims. This focus on verifiable provenance from a specific, ethical source is presented as a unique safeguard for both consumer trust and material truth. The venture plans to explore a further point of differentiation: structuring its public ledger not just as a tamper-proof record, but as a machine-readable, open registry of ethical sourcing standards. This would allow the fingerprints to be programmatically linked to the precise definitions of the ethical standards they claim to uphold, aiming to create a new layer of semantic clarity and auditability that is missing from current provenance claims.
--- END PROJECT ---
--- END PROJECT ---
--- END PROJECT ---"
"polish","clockchain.M1.5.M2.3.M3.2.M4.2.M13.1","polish(delivery_model)","13","30.0","30","1.000000","0.069685","False","--- BEGIN PROJECT ---
--- BEGIN PROJECT ---
## One-Sentence Summary

A lightweight, privacy-first tool that generates a verifiable fingerprint of a file and anchors it to a public, time-stamped ledger so anyone can prove originality and authenticity.

## Problem
The creators describe a digital landscape saturated with deepfakes, fake screenshots, copied artwork, and altered media, where ""anyone can post anything,"" making it increasingly difficult to establish what's original or real. They frame the central question as how people can credibly prove ownership or first possession of digital work amid pervasive manipulation and duplication. This challenge extends beyond establishing simple precedence to undermining trust in digital evidence within legal, journalistic, and commercial contexts, where the inability to definitively authenticate a file's provenance or creation time can have significant consequences.

## Solution / Product Overview
The product creates a digital fingerprint of a user's file and records proof of that fingerprint on a public, time-stamped ledger. The approach is presented as secure and privacy-preserving: users do not upload the actual file; instead, a compact fingerprint is used as a durable evidence marker. The creators position this as a quiet safeguard for digital truth that everyday people, as well as professionals, can rely on.

## Key Features & Capabilities
-   File fingerprinting: produces a unique hash of a file for proof of originality.
-   Public, time-stamped anchoring: writes proof to a ledger that can be independently checked.
-   Privacy-first design: only hashed fingerprints are stored, not the underlying files.
-   Lightweight implementation: designed to be efficient and resource-conscious.
-   Security emphasis: presented as ""lightweight, secure, and built for the future.""

## Target Users & Use Cases
The campaign calls out artists, small businesses, journalists, and anyone who wants to prove ""I had this first."" Primary uses include establishing authorship, deterring copycats, and documenting the creation time of digital assets. The team plans to explore use cases for legal professionals and researchers who need to create a verifiable, time-stamped chain of custody for sensitive digital evidence.

## Development Status
The ""core protocol already works,"" and an early form is live privately. The team is seeking to build a cleaner public interface and supporting infrastructure so the tool is usable by a broader audience.

## Roadmap & Delivery Plan
Planned steps include hiring a developer and a designer to build a smoother public interface; polishing usability; and layering in infrastructure for scale. The team references a January beta target and says cushion time has been built into the schedule. To ensure long-term accessibility and independence, the team plans to explore a model where, after the initial launch, the core anchoring protocol could be made available as an open-source library or API, enabling third-party developers and organizations to integrate the verification capability directly into their own platforms and workflows.

## Why Crowdfunding / Use of Funds
Funds will support building a public-facing site and the underlying infrastructure, along with the hiring needed to deliver a refined interface and broaden access.

## Risks & Challenges
The main risk is talent acquisition: delays in hiring or extended timelines could push back the January beta. Mitigations include existing architecture, a lean scope, added schedule buffer, and a commitment to communicate changes clearly.

## Team & Partnerships
The effort is led by engineers who emphasize building for everyday creators in their lives. All architecture and content are created and reviewed by a human team.

## Technical Details
Only hashed fingerprints are stored, dramatically reducing storage and compute compared with systems that store full files or rely on energy-intensive consensus mechanisms. The goal is long-term security and transparency with minimal environmental impact.

## Distinctiveness: Why This Approach Differs Meaningfully from Available Alternatives
This approach is distinct because it decouples the proof of existence from the file itself, anchoring only a hash to a public ledger, while most alternatives either require uploading the entire file to a centralized service or rely on complex, resource-intensive blockchain networks for storage and verification. The proposed system aims to provide a simpler, more accessible, and environmentally conscious verification layer that prioritizes user privacy and data sovereignty, avoiding the pitfalls of vendor lock-in or high transactional costs associated with many blockchain-based timestamping services.

## Revenue Logic
To sustain the venture, the team is planning to explore a tiered subscription model. The planned model would provide a free tier for infrequent, personal use, while offering paid tiers for professionals and businesses requiring higher-volume anchoring, advanced verification features, or dedicated support. This would allow the core service to remain broadly accessible while generating revenue from users who derive significant value from it.

## Support & Post-Launch Plans
The team promises clear communication with backers if plans change and notes limited, supportive use of AI tools for coding and documentation; they are not building AI technology nor using AI to generate creative assets.
--- END PROJECT ---
--- END PROJECT ---"
"polish","clockchain.M1.5.M2.3.M3.2.M4.2.M13.2","polish(customer)","13","30.0","30","1.000000","0.059274","False","--- BEGIN PROJECT ---
--- BEGIN PROJECT ---
## One-Sentence Summary

A lightweight, privacy-first tool that generates a verifiable fingerprint of a file and anchors it to a public, time-stamped ledger so anyone can prove originality and authenticity.

## Problem
The creators describe a digital landscape saturated with deepfakes, fake screenshots, copied artwork, and altered media, where ""anyone can post anything,"" making it increasingly difficult to establish what's original or real. They frame the central question as how people can credibly prove ownership or first possession of digital work amid pervasive manipulation and duplication. This challenge extends beyond establishing simple precedence to undermining trust in digital evidence within legal, journalistic, and commercial contexts, where the inability to definitively authenticate a file's provenance or creation time can have significant consequences.

## Solution / Product Overview
The product creates a digital fingerprint of a user's file and records proof of that fingerprint on a public, time-stamped ledger. The approach is presented as secure and privacy-preserving: users do not upload the actual file; instead, a compact fingerprint is used as a durable evidence marker. The creators position this as a quiet safeguard for digital truth that everyday people, as well as professionals, can rely on.

## Key Features & Capabilities
-   File fingerprinting: produces a unique hash of a file for proof of originality.
-   Public, time-stamped anchoring: writes proof to a ledger that can be independently checked.
-   Privacy-first design: only hashed fingerprints are stored, not the underlying files.
-   Lightweight implementation: designed to be efficient and resource-conscious.
-   Security emphasis: presented as ""lightweight, secure, and built for the future.""

## Target Users & Use Cases
The campaign calls out artists, small businesses, journalists, and anyone who wants to prove ""I had this first."" The team also plans to explore use cases for legal professionals and researchers. A planned expansion of focus includes independent software developers and open-source contributors who need to timestamp and verify the integrity of code commits, software releases, and technical documentation to establish precedence and deter unauthorized forks or claims of plagiarism. Primary uses include establishing authorship, deterring copycats, and documenting the creation time of digital assets.

## Development Status
The ""core protocol already works,"" and an early form is live privately. The team is seeking to build a cleaner public interface and supporting infrastructure so the tool is usable by a broader audience.

## Roadmap & Delivery Plan
Planned steps include hiring a developer and a designer to build a smoother public interface; polishing usability; and layering in infrastructure for scale. The team references a January beta target and says cushion time has been built into the schedule.

## Why Crowdfunding / Use of Funds
Funds will support building a public-facing site and the underlying infrastructure, along with the hiring needed to deliver a refined interface and broaden access.

## Risks & Challenges
The main risk is talent acquisition: delays in hiring or extended timelines could push back the January beta. Mitigations include existing architecture, a lean scope, added schedule buffer, and a commitment to communicate changes clearly.

## Team & Partnerships
The effort is led by engineers who emphasize building for everyday creators in their lives. All architecture and content are created and reviewed by a human team.

## Technical Details
Only hashed fingerprints are stored, dramatically reducing storage and compute compared with systems that store full files or rely on energy-intensive consensus mechanisms. The goal is long-term security and transparency with minimal environmental impact.

## Distinctiveness: Why This Approach Differs Meaningfully from Available Alternatives
This approach is distinct because it decouples the proof of existence from the file itself, anchoring only a hash to a public ledger, while most alternatives either require uploading the entire file to a centralized service or rely on complex, resource-intensive blockchain networks for storage and verification. The proposed system aims to provide a simpler, more accessible, and environmentally conscious verification layer that prioritizes user privacy and data sovereignty, avoiding the pitfalls of vendor lock-in or high transactional costs associated with many blockchain-based timestamping services.

## Revenue Logic
To sustain the venture, the team is planning to explore a tiered subscription model. The planned model would provide a free tier for infrequent, personal use, while offering paid tiers for professionals and businesses requiring higher-volume anchoring, advanced verification features, or dedicated support. This would allow the core service to remain broadly accessible while generating revenue from users who derive significant value from it.

## Support & Post-Launch Plans
The team promises clear communication with backers if plans change and notes limited, supportive use of AI tools for coding and documentation; they are not building AI technology nor using AI to generate creative assets.
--- END PROJECT ---
--- END PROJECT ---"
"polish","clockchain.M1.5.M2.3.M3.2.M4.2.M13.3","polish(problem)","13","30.0","30","1.000000","0.055775","False","--- BEGIN PROJECT ---
--- BEGIN PROJECT ---
## One-Sentence Summary

A lightweight, privacy-first tool that generates a verifiable fingerprint of a file and anchors it to a public, time-stamped ledger so anyone can prove originality and authenticity.

## Problem
The creators describe a digital landscape saturated with deepfakes, fake screenshots, copied artwork, and altered media, where ""anyone can post anything,"" making it increasingly difficult to establish what's original or real. They frame the central question as how people can credibly prove ownership or first possession of digital work amid pervasive manipulation and duplication. This challenge extends beyond establishing simple precedence to undermining trust in digital evidence within legal, journalistic, and commercial contexts, where the inability to definitively authenticate a file's provenance or creation time can have significant consequences. **The problem is exacerbated for individuals and small entities who lack the resources for expensive legal discovery or proprietary enterprise software, leaving them vulnerable to having their original work misappropriated without a simple, credible, and affordable means of proof.**

## Solution / Product Overview
The product creates a digital fingerprint of a user's file and records proof of that fingerprint on a public, time-stamped ledger. The approach is presented as secure and privacy-preserving: users do not upload the actual file; instead, a compact fingerprint is used as a durable evidence marker. The creators position this as a quiet safeguard for digital truth that everyday people, as well as professionals, can rely on.

## Key Features & Capabilities
-   File fingerprinting: produces a unique hash of a file for proof of originality.
-   Public, time-stamped anchoring: writes proof to a ledger that can be independently checked.
-   Privacy-first design: only hashed fingerprints are stored, not the underlying files.
-   Lightweight implementation: designed to be efficient and resource-conscious.
-   Security emphasis: presented as ""lightweight, secure, and built for the future.""

## Target Users & Use Cases
The campaign calls out artists, small businesses, journalists, and anyone who wants to prove ""I had this first."" Primary uses include establishing authorship, deterring copycats, and documenting the creation time of digital assets. The team plans to explore use cases for legal professionals and researchers who need to create a verifiable, time-stamped chain of custody for sensitive digital evidence.

## Development Status
The ""core protocol already works,"" and an early form is live privately. The team is seeking to build a cleaner public interface and supporting infrastructure so the tool is usable by a broader audience.

## Roadmap & Delivery Plan
Planned steps include hiring a developer and a designer to build a smoother public interface; polishing usability; and layering in infrastructure for scale. The team references a January beta target and says cushion time has been built into the schedule.

## Why Crowdfunding / Use of Funds
Funds will support building a public-facing site and the underlying infrastructure, along with the hiring needed to deliver a refined interface and broaden access.

## Risks & Challenges
The main risk is talent acquisition: delays in hiring or extended timelines could push back the January beta. Mitigations include existing architecture, a lean scope, added schedule buffer, and a commitment to communicate changes clearly.

## Team & Partnerships
The effort is led by engineers who emphasize building for everyday creators in their lives. All architecture and content are created and reviewed by a human team.

## Technical Details
Only hashed fingerprints are stored, dramatically reducing storage and compute compared with systems that store full files or rely on energy-intensive consensus mechanisms. The goal is long-term security and transparency with minimal environmental impact.

## Distinctiveness: Why This Approach Differs Meaningfully from Available Alternatives
This approach is distinct because it decouples the proof of existence from the file itself, anchoring only a hash to a public ledger, while most alternatives either require uploading the entire file to a centralized service or rely on complex, resource-intensive blockchain networks for storage and verification. The proposed system aims to provide a simpler, more accessible, and environmentally conscious verification layer that prioritizes user privacy and data sovereignty, avoiding the pitfalls of vendor lock-in or high transactional costs associated with many blockchain-based timestamping services.

## Revenue Logic
To sustain the venture, the team is planning to explore a tiered subscription model. The planned model would provide a free tier for infrequent, personal use, while offering paid tiers for professionals and businesses requiring higher-volume anchoring, advanced verification features, or dedicated support. This would allow the core service to remain broadly accessible while generating revenue from users who derive significant value from it.

## Support & Post-Launch Plans
The team promises clear communication with backers if plans change and notes limited, supportive use of AI tools for coding and documentation; they are not building AI technology nor using AI to generate creative assets.
--- END PROJECT ---
--- END PROJECT ---"
"polish","clockchain.M1.5.M2.3.M3.2.M4.2.M13.4","polish(revenue_logic)","13","30.0","30","1.000000","0.064184","False","--- BEGIN PROJECT ---
--- BEGIN PROJECT ---
## One-Sentence Summary

A lightweight, privacy-first tool that generates a verifiable fingerprint of a file and anchors it to a public, time-stamped ledger so anyone can prove originality and authenticity.

## Problem
The creators describe a digital landscape saturated with deepfakes, fake screenshots, copied artwork, and altered media, where ""anyone can post anything,"" making it increasingly difficult to establish what's original or real. They frame the central question as how people can credibly prove ownership or first possession of digital work amid pervasive manipulation and duplication. This challenge extends beyond establishing simple precedence to undermining trust in digital evidence within legal, journalistic, and commercial contexts, where the inability to definitively authenticate a file's provenance or creation time can have significant consequences.

## Solution / Product Overview
The product creates a digital fingerprint of a user's file and records proof of that fingerprint on a public, time-stamped ledger. The approach is presented as secure and privacy-preserving: users do not upload the actual file; instead, a compact fingerprint is used as a durable evidence marker. The creators position this as a quiet safeguard for digital truth that everyday people, as well as professionals, can rely on.

## Key Features & Capabilities
-   File fingerprinting: produces a unique hash of a file for proof of originality.
-   Public, time-stamped anchoring: writes proof to a ledger that can be independently checked.
-   Privacy-first design: only hashed fingerprints are stored, not the underlying files.
-   Lightweight implementation: designed to be efficient and resource-conscious.
-   Security emphasis: presented as ""lightweight, secure, and built for the future.""

## Target Users & Use Cases
The campaign calls out artists, small businesses, journalists, and anyone who wants to prove ""I had this first."" Primary uses include establishing authorship, deterring copycats, and documenting the creation time of digital assets. The team plans to explore use cases for legal professionals and researchers who need to create a verifiable, time-stamped chain of custody for sensitive digital evidence.

## Development Status
The ""core protocol already works,"" and an early form is live privately. The team is seeking to build a cleaner public interface and supporting infrastructure so the tool is usable by a broader audience.

## Roadmap & Delivery Plan
Planned steps include hiring a developer and a designer to build a smoother public interface; polishing usability; and layering in infrastructure for scale. The team references a January beta target and says cushion time has been built into the schedule.

## Why Crowdfunding / Use of Funds
Funds will support building a public-facing site and the underlying infrastructure, along with the hiring needed to deliver a refined interface and broaden access.

## Risks & Challenges
The main risk is talent acquisition: delays in hiring or extended timelines could push back the January beta. Mitigations include existing architecture, a lean scope, added schedule buffer, and a commitment to communicate changes clearly.

## Team & Partnerships
The effort is led by engineers who emphasize building for everyday creators in their lives. All architecture and content are created and reviewed by a human team.

## Technical Details
Only hashed fingerprints are stored, dramatically reducing storage and compute compared with systems that store full files or rely on energy-intensive consensus mechanisms. The goal is long-term security and transparency with minimal environmental impact.

## Distinctiveness: Why This Approach Differs Meaningfully from Available Alternatives
This approach is distinct because it decouples the proof of existence from the file itself, anchoring only a hash to a public ledger, while most alternatives either require uploading the entire file to a centralized service or rely on complex, resource-intensive blockchain networks for storage and verification. The proposed system aims to provide a simpler, more accessible, and environmentally conscious verification layer that prioritizes user privacy and data sovereignty, avoiding the pitfalls of vendor lock-in or high transactional costs associated with many blockchain-based timestamping services.

## Revenue Logic
To sustain the venture, the team is planning to explore a tiered subscription model. The planned model would provide a free tier for infrequent, personal use. For professionals and businesses, the team is considering a model where users purchase packs of ""anchoring credits"" that can be used to timestamp files, with different pack sizes and pricing to suit varying needs. This would allow the core service to remain broadly accessible while generating revenue from users who require higher-volume anchoring. The team plans to explore whether advanced verification features or dedicated support could be offered as add-ons to this credit-based system.

## Support & Post-Launch Plans
The team promises clear communication with backers if plans change and notes limited, supportive use of AI tools for coding and documentation; they are not building AI technology nor using AI to generate creative assets.
--- END PROJECT ---
--- END PROJECT ---"
"polish","clockchain.M1.5.M2.3.M3.2.M4.2.M13.5","polish(distinctiveness)","13","29.0","30","0.966667","0.052278","False","--- BEGIN PROJECT ---
--- BEGIN PROJECT ---
## One-Sentence Summary

A lightweight, privacy-first tool that generates a verifiable fingerprint of a file and anchors it to a public, time-stamped ledger so anyone can prove originality and authenticity.

## Problem
The creators describe a digital landscape saturated with deepfakes, fake screenshots, copied artwork, and altered media, where ""anyone can post anything,"" making it increasingly difficult to establish what's original or real. They frame the central question as how people can credibly prove ownership or first possession of digital work amid pervasive manipulation and duplication. This challenge extends beyond establishing simple precedence to undermining trust in digital evidence within legal, journalistic, and commercial contexts, where the inability to definitively authenticate a file's provenance or creation time can have significant consequences.

## Solution / Product Overview
The product creates a digital fingerprint of a user's file and records proof of that fingerprint on a public, time-stamped ledger. The approach is presented as secure and privacy-preserving: users do not upload the actual file; instead, a compact fingerprint is used as a durable evidence marker. The creators position this as a quiet safeguard for digital truth that everyday people, as well as professionals, can rely on.

## Key Features & Capabilities
-   File fingerprinting: produces a unique hash of a file for proof of originality.
-   Public, time-stamped anchoring: writes proof to a ledger that can be independently checked.
-   Privacy-first design: only hashed fingerprints are stored, not the underlying files.
-   Lightweight implementation: designed to be efficient and resource-conscious.
-   Security emphasis: presented as ""lightweight, secure, and built for the future.""

## Target Users & Use Cases
The campaign calls out artists, small businesses, journalists, and anyone who wants to prove ""I had this first."" Primary uses include establishing authorship, deterring copycats, and documenting the creation time of digital assets. The team plans to explore use cases for legal professionals and researchers who need to create a verifiable, time-stamped chain of custody for sensitive digital evidence.

## Development Status
The ""core protocol already works,"" and an early form is live privately. The team is seeking to build a cleaner public interface and supporting infrastructure so the tool is usable by a broader audience.

## Roadmap & Delivery Plan
Planned steps include hiring a developer and a designer to build a smoother public interface; polishing usability; and layering in infrastructure for scale. The team references a January beta target and says cushion time has been built into the schedule.

## Why Crowdfunding / Use of Funds
Funds will support building a public-facing site and the underlying infrastructure, along with the hiring needed to deliver a refined interface and broaden access.

## Risks & Challenges
The main risk is talent acquisition: delays in hiring or extended timelines could push back the January beta. Mitigations include existing architecture, a lean scope, added schedule buffer, and a commitment to communicate changes clearly.

## Team & Partnerships
The effort is led by engineers who emphasize building for everyday creators in their lives. All architecture and content are created and reviewed by a human team.

## Technical Details
Only hashed fingerprints are stored, dramatically reducing storage and compute compared with systems that store full files or rely on energy-intensive consensus mechanisms. The goal is long-term security and transparency with minimal environmental impact.

## Distinctiveness: Why This Approach Differs Meaningfully from Available Alternatives
This approach is distinct because it decouples the proof of existence from the file itself, anchoring only a hash to a public ledger, while most alternatives either require uploading the entire file to a centralized service or rely on complex, resource-intensive blockchain networks for storage and verification. The proposed system aims to provide a simpler, more accessible, and environmentally conscious verification layer that prioritizes user privacy and data sovereignty, avoiding the pitfalls of vendor lock-in or high transactional costs associated with many blockchain-based timestamping services. A planned point of differentiation is to explore supporting verification through multiple, complementary public ledgers (such as a blockchain and a public transparency log) to increase resilience and auditability, moving beyond reliance on a single verification silo.

## Revenue Logic
To sustain the venture, the team is planning to explore a tiered subscription model. The planned model would provide a free tier for infrequent, personal use, while offering paid tiers for professionals and businesses requiring higher-volume anchoring, advanced verification features, or dedicated support. This would allow the core service to remain broadly accessible while generating revenue from users who derive significant value from it.

## Support & Post-Launch Plans
The team promises clear communication with backers if plans change and notes limited, supportive use of AI tools for coding and documentation; they are not building AI technology nor using AI to generate creative assets.
--- END PROJECT ---
--- END PROJECT ---"
