"id","kind","plan_text"
"baseline-angelry (L12.1)","baseline-local","## One-Sentence Summary
A line of heirloom jewelry uses real leather that is cultivated in bioreactors from a one-time, harmless skin-cell sample taken from a living, sanctuary-grazing cow, aiming to offer animal-friendly leather adornments.

## Problem
The creators frame conventional leather as dependent on animal harm and present a gap for ethically sourced, real leather that preserves the material's qualities without sacrificing animal welfare. They position the project as evidence that leather can be made while the donor animal continues to live and be cared for at a sanctuary.

## Solution / Product Overview
The project offers jewelry featuring inlays of cultivated leather grown from the donor cow's skin cells on a plant-based scaffold. The leather is produced in bioreactors and then vegetable-tanned. A proposed plan is to offer a limited series where backers can select which specific sanctuary-grazing cow (from a small, named group) their leather cells originated from, accompanied by a brief profile of that animal. A proposed plan also includes offering a simple, low-cost reward tier for a cultivated leather sample swatch mounted on a display card. A proposed plan is to offer a 'pairing' reward tier that includes both a sample swatch and a small, finished jewelry item using leather from the same donor cow. A proposed plan is to offer a simple, digital 'material passport' linking to details about the cultivation process, tanning, and the specific donor cow. A proposed plan is to offer a small, low-cost digital-only reward tier (e.g., early access to the 'material passport' content) to engage backers with minimal budgets and increase campaign reach.

## Key Features & Capabilities
- Real leather cultivated from living-animal skin cells grown on a plant-derived scaffold.
- Inlays set within metal bezels and protected under a glass dome cabochon.
- Options to choose hypoallergenic stainless steel or sterling silver for certain pieces.
- Offered in multiple size, color, and material combinations.
- Packaged in eco-friendly boxes cushioned with plant seed fiber used in the cultivation process.
- A proposed limited series would allow backers to select the specific named donor cow and receive a profile of that animal.
- A proposed plan to conduct and share the results of a standard durability test on the cultivated leather inlay.
- A proposed plan to conduct a small-scale, documented 'aging' test on the cultivated leather and include the results in the 'material passport' content.
- A proposed plan to offer a low-cost reward tier providing a sample swatch of the cultivated leather on a display card.
- A proposed plan to offer a 'pairing' reward tier including a sample swatch and a small finished jewelry item from the same donor cow.
- A proposed plan to offer a simple, digital 'material passport' linking to details about the cultivation process, tanning, and the specific donor cow.
- A proposed plan to offer a small, low-cost digital-only reward tier (e.g., early access to the 'material passport' content).
- A proposed plan to include a high-resolution, downloadable video showing the cultivated leather's texture and response to bending/flexing in the 'material passport' content.
- A proposed plan to create a basic, clear infographic explaining the cultivation process from cell sample to finished inlay, which would include a clear, simple visual timeline showing the exact steps from cell sampling to finished jewelry.
- A proposed plan for a 'pre-launch' email series explaining the cultivation process in simple terms to educate and build trust before the campaign.
- A proposed plan to create and share a simple, side-by-side comparison chart (texture, thickness, flexibility) between the cultivated leather and a conventional leather swatch in the pre-launch email series to directly address material quality questions.

## Target Users & Use Cases
The campaign speaks to people seeking animal-friendly, sustainable jewelry and those interested in owning a first-of-its-kind heirloom piece made from cultivated leather grown from a specific donor animal's cells. The proposed sample swatch tier is intended for backers who wish to verify the material's look and feel firsthand. The proposed 'pairing' tier is intended for backers who want to both inspect the material and see it in a finished application. The proposed 'material passport' and its proposed video and aging test content, including the proposed visual timeline infographic, are intended to increase transparency. The proposed small, low-cost digital-only reward tier is intended to engage backers with minimal budgets and increase campaign reach. The proposed 'pre-launch' email series, including the proposed side-by-side comparison chart, is intended to educate potential backers about the science, ethics, and material quality of the process before the campaign begins.

## Development Status
The team shows finished jewelry inlays and describes past milestones: cells were isolated harmlessly in 2023, prototypes include a pendant and a card holder made in early 2025, and the leather is grown with patent-pending plant-based scaffolding. They state there are no outside approvals required and that the technology and cell lines are owned by the creators.

## Roadmap & Delivery Plan
Planned actions include pilot testing to tune color and texture, inspecting scaffold density before use, preparing different concentrations of plant-based tanning ingredients, and securing jewelry settings after style counts are finalized at the end of the campaign. A proposed plan includes testing the cultivated leather inlays using a standard durability test and sharing the results. A proposed plan includes conducting a small-scale, documented 'aging' test on the cultivated leather and including the results in the 'material passport' content. Production scaling will be addressed by adjusting modular cultivated-leather bioreactor technology and resources. If the limited donor-selection series is offered, plans would include finalizing the list of named donor animals and preparing their brief profiles. If the sample swatch tier is offered, plans would include preparing the swatches and display cards. If the 'pairing' tier is offered, plans would include producing the small finished jewelry items and coordinating them with matching sample swatches. If the 'material passport' is offered, plans would include creating the digital content and generating unique QR codes, which would include the creation of the proposed infographic with the visual timeline. If the small, low-cost digital-only reward tier is offered, plans would include providing early access to the 'material passport' content. A proposed plan would include creating a high-resolution video showing the leather's texture and flex for inclusion in the 'material passport' content. A proposed plan includes creating and sending a 'pre-launch' email series explaining the cultivation process in simple terms, which would include the proposed side-by-side comparison chart.

## Why Crowdfunding / Use of Funds
Funds support bringing the cultivated-leather jewelry to backers: producing inlays, performing pilot tests for consistency, and procuring jewelry settings and sustainable packaging to deliver finished pieces. If offered, funds would also support producing sample swatches and display cards. If offered, funds would also support producing the small finished jewelry items and coordinating them with sample swatches for the 'pairing' tier. If offered, funds would also support the development and hosting of the 'material passport' digital content, including the proposed high-resolution video, the proposed aging test documentation, the proposed infographic with the visual timeline, and the proposed visual timeline. If offered, funds would also support the implementation of the small, low-cost digital-only reward tier. A proposed plan would allocate funds for the creation and distribution of the 'pre-launch' email series, including the proposed side-by-side comparison chart.

## Risks & Challenges
Stated risks include: loss of cryopreserved cells (mitigated by storage at multiple facilities); variability in final color and surface texture from vegetable tanning and scaffold differences (addressed through pilot testing and scaffold inspection); potential supply-chain changes requiring alternate jewelry settings of equal or better quality; and possible extended delivery times for later backers if demand is high.

## Team & Partnerships
The effort is led by a founder with long-term tissue-engineering experience and cellular-agriculture leadership since 2018, who worked with a sanctuary and veterinary professionals to isolate the donor cells.

## What's Included
Jewelry pieces with cultivated-leather inlays and, for some items, a waxed linen cord; components are housed in metal bezels and glass cabochons. A proposed reward tier would include a cultivated leather sample swatch on a display card. A proposed 'pairing' reward tier would include both a sample swatch and a small finished jewelry item using leather from the same donor cow. A proposed plan includes offering a simple, digital 'material passport' linking to details about the cultivation process, tanning, and the specific donor cow. A proposed plan includes offering a small, low-cost digital-only reward tier (e.g., early access to the 'material passport' content).

## Technical Details
- Plant-based scaffold from kapok seed fibers, needle-felted.
- Surface treatment with plant-derived ingredients to promote cell attachment.
- Cells produce collagen that becomes vegetable-tanned leather.
- Approximate inlay dimension: 10 mm × 50 mm."
"baseline-bugout-battery (L12.1)","baseline-local","## One-Sentence Summary

A rugged, portable, off-grid battery-and-solar power system promises dependable electricity for emergencies, RVs, tiny homes, and other mobile or remote setups, emphasizing durability over consumer gadgetry.

## Problem

The creators argue that many portable power solutions are fragile, plastic, and not built for real-world stress, leaving people vulnerable during disasters or when living or traveling off the grid. They position reliable backup power as essential for ""freedom seekers,"" homesteaders, road-trippers, and anyone preparing for uncertainty.

## Solution / Product Overview

The product is an all-in-one, off-grid solar power system encased in industrial-grade diamond plate. It's presented as ""not a toy,"" designed to deliver industrial-strength, mobile electricity for appliances, tools, and devices, whether in an RV, a tiny home, or emergency scenarios. Assembly is stated to occur in the U.S.

## Key Features & Capabilities

- High power output rated at 3.8 kW for running appliances, tools, and devices.
- Off-grid readiness with up to 1,800 W solar input, enabling operation without grid access.
- Rugged construction using industrial components within a diamond-plate enclosure.
- Mobile design marketed for RVs, vans, and ""bug-out"" configurations.
- Large 10-inch solid wheels that never go flat and can traverse rough terrain.

## Target Users & Use Cases

The campaign speaks to RV travelers, tiny-home residents, homesteaders, and preparedness-minded users, as well as anyone needing dependable emergency backup. It also references those who ""live beyond the grid"" and want power on the go.

## Development Status

The team states the product is in a late beta stage, with several units already in the field. The creators are working part-time on design, assembly, and testing and indicate the enclosure will be further refined and the component supply chain solidified.

## Roadmap & Delivery Plan

Post-funding, the plan is to refine the enclosure design, secure component sourcing, and assemble 100 units within six months following the fundraising period. As a planned step before full production, we propose a limited pilot program to gather focused feedback. This includes testing with 5 RV renovation businesses. We propose a specific, planned technical validation step prior to the pilot, such as having the electrical output and safety features inspected and documented by a named, independent electrical engineering consultant. We also propose a specific, planned addition to the technical validation: having the system's waterproof/dustproof rating (e.g., IP rating) tested and certified by a named, independent lab. We propose a specific, planned addition to the technical validation: having the system's noise level (dB) measured and documented by a named, independent lab, as low operational noise is a valued feature for RV and tiny home users. We propose a specific, planned addition to the technical validation: establishing and publishing a target weight for the system, as portability is a key feature for mobile users. We propose a specific, planned target for the system's operational lifespan (e.g., a target number of charge cycles or years of service) and a plan to validate this target through accelerated lifecycle testing by a named, independent lab. Within the pilot, we propose a specific, small-scale test to measure the system's performance when powering a common RV appliance like an air conditioner for a set duration. We also propose a small, additional test within the development roadmap to validate the ruggedness claim, such as a planned drop test from a specified height onto a hard surface. We further propose adding a small, planned test to quantify the system's cold-weather performance, such as measuring battery efficiency and charge time at a specified low temperature. We propose a specific, planned addition to the pilot program: offering a small number of units at a discounted rate to a defined group of early adopters (e.g., members of a specific homesteading forum) in exchange for detailed, public case studies. We also propose a specific, planned addition to the pilot program: offering a small number of units for testing to a defined group of disaster relief volunteers or organizations in exchange for documented feedback on deployment and usability in simulated emergency scenarios. We propose a specific, planned partnership with a well-known RV or overlanding equipment brand for a co-marketing initiative or a limited-edition version of the system.

## Why Crowdfunding / Use of Funds

Funds are intended to finalize the enclosure, stabilize the supply chain, and scale production capacity to build the planned initial batch of 100 units after the campaign concludes. A portion of funds could also support the proposed, limited pilot program, including the proposed independent electrical inspection, the proposed independent waterproof/dustproof rating test, the proposed independent noise level test, the proposed target weight establishment, the proposed operational lifespan target and accelerated lifecycle testing, the proposed appliance performance test, the proposed ruggedness drop test, the proposed cold-weather performance test, the proposed discounted early adopter case study initiative, the proposed disaster relief volunteer testing initiative, and the proposed partnership initiative with an RV or overlanding brand.

## Risks & Challenges

The primary risk identified is securing components. Mitigation includes dual-sourcing domestically where possible and internationally to maintain quality standards and reduce the chance of delays or blockages. The proposed pilot program and its specific tests, along with the proposed independent electrical inspection, the proposed independent waterproof/dustproof rating test, the proposed independent noise level test, the proposed target weight establishment, the proposed operational lifespan target and accelerated lifecycle testing, the proposed early adopter case study initiative, the proposed disaster relief volunteer testing, and the proposed brand partnership initiative, are intended to help identify and mitigate potential usability, integration, durability, or safety issues before scaling production.

## Team & Partnerships

The effort is led by a small group described as artisans and engineers who design, assemble, and test the product. Specific partner names are not listed, though the text mentions sourcing from both domestic and overseas suppliers. We plan to seek partnerships with specific user groups, such as RV renovation businesses, for the proposed pilot testing, and to engage a named, independent electrical engineering consultant and named, independent labs for the proposed technical validations (waterproof/dustproof rating, noise level, accelerated lifecycle testing). We also plan to engage with a defined early adopter group (e.g., a specific homesteading forum) for the proposed case study initiative, with a defined group of disaster relief volunteers or organizations for the proposed emergency scenario testing, and with a well-known RV or overlanding equipment brand for a proposed co-marketing or limited-edition partnership.

## Technical Details

- Output power: 3.8 kW (claimed).
- Solar capability: up to 1,800 W (claimed).
- Construction: industrial-grade diamond-plate enclosure with industrial components.
- Mobility: 10-inch solid, no-flat wheels for rough terrain.
- Assembly location: U.S. (as stated).
- Weight: A specific target weight is planned to be established and published as part of technical validation, given portability's importance to mobile users.
- Operational Lifespan: A specific target (e.g., charge cycles or years) is planned to be established and validated through accelerated lifecycle testing by a named, independent lab."
"baseline-genaix (L12.2)","baseline-local","## One-Sentence Summary

An online learning platform focused on human-centered AI education is evolving into an interactive, creator-driven ecosystem with a personal AI mentor, a hands-on agent playground, and tools for educators to publish micro-courses.

## Problem
The creators argue that AI is reshaping work faster than people can build the skills to keep up. They state that while technology changes daily, human learning lags behind, leaving individuals and teams without practical, up-to-date guidance on using AI effectively.

## Solution / Product Overview
The project expands an existing AI-learning platform into ""2.0,"" positioning it as a social learning ecosystem that blends live AI news, scrollable micro-lessons, certification tracks, and interactive tools. The goal is to make AI learning accessible, simple, and guided by creators and a personal AI mentor.

## Key Features & Capabilities
- **AI Mentor:** A personalized guide that adapts to learner goals, recommends lessons, and supports practice of real-world skills. A proposed, small-scale user research initiative is planned before prototype development to gather input on desired mentor personality and communication style from 30 potential users across beginner and intermediate segments. The team plans a small-scale pilot test of the AI Mentor with a defined user group (e.g., 50 beta testers from the existing learner base) to gather initial feedback before the 2026 prototype. A proposed, specific A/B test for the AI Mentor's recommendation algorithm is planned to gather targeted feedback on personalization efficacy. This test would compare two distinct user segments, such as beginners versus intermediate learners, and measure success using a specific, proposed metric: the comparison of lesson completion rates between the two segments.
- **AI Agent Playground:** A space to experiment with automations (e.g., email summarization, invoice assistance, social media agents), with 10+ templates, tutorials, and progress tracking. A proposed, small-scale pilot test of the Agent Playground with a defined user group (e.g., 50 beta testers) is planned to gather initial feedback on template usability before the 2026 launch.
- **Course Builder for Creators:** Tools for educators to build, publish, and monetize micro-courses, positioning the platform as creator-driven. A planned, limited-time partnership with one or two established creator-educators in the AI space is proposed to co-develop and promote a flagship micro-course using the new Course Builder tools. A proposed, specific A/B test for the Course Builder tools is also planned, comparing two different onboarding flows for creator-educators and measuring a specific metric like 'time to publish first micro-lesson'.
- **Learning Content & Certifications:** Micro-courses, reels, and structured certifications (e.g., AI foundations and automation tracks) presented with stated durations and skills coverage.
- **Enterprise Programs:** Mention of programs tailored to teams, including domain-specific learning (e.g., finance). A proposed, small-scale user research initiative with 20-30 potential enterprise clients is planned to gather input on desired features for the 'Enterprise Programs' before development. A proposed, small-scale pilot test of the enterprise programs with 2-3 identified partner organizations is planned before full development. A proposed, limited-time partnership with a recognized industry association (e.g., for marketing or finance professionals) is planned to co-develop a domain-specific learning track, validating demand for the 'Enterprise Programs'.
- **Onboarding Optimization:** A proposed, specific A/B test for the platform's onboarding flow for new individual learners is planned. This test would compare two different introductory paths and measure a specific metric like 'time to first completed micro-lesson'.
- **Global Challenge Pilot:** A proposed, small-scale pilot of the 'Global Challenge' concept is planned as a time-bound, online event for the existing community. This pilot would test engagement mechanics and gather feedback on potential reward structures before the full launch.

## Target Users & Use Cases
Individual learners seeking practical AI fluency; creators who want to teach and monetize AI courses; and professional teams pursuing strategic adoption of AI in functions such as marketing and finance.

## Development Status
The team says it has already built a foundation that includes live updates, micro-courses, and certifications. The campaign funds new ""2.0"" capabilities: AI Mentor and Agent Playground prototypes, expanded creator tools, and a global challenge.

## Roadmap & Delivery Plan
A four-phase timeline is provided: (1) AI Mentor prototype (February 2026), preceded by a planned pilot test with a small user group for feedback and a proposed user research initiative on mentor personality, (2) AI Agent Playground launch (April 2026), preceded by a proposed pilot test on template usability, (3) Creator Course Builder (June 2026), and (4) Global Challenge plus Certification 2.0 (September 2026). The proposed user research initiative for Enterprise Programs and the proposed small-scale pilot test with 2-3 partner organizations would be conducted prior to the development of these features. The proposed partnership with an industry association to co-develop a domain-specific track would be pursued as part of validating the Enterprise Programs. The proposed A/B test for the new learner onboarding flow would be integrated into the platform's ongoing optimization efforts. The proposed small-scale pilot of the Global Challenge concept would be conducted to inform the full launch.

## Why Crowdfunding / Use of Funds
Funds support development of the Mentor and Playground prototypes, expansion of creator tools and certification, a first global fluency challenge, design of a human-centered interface, and proposed user research and pilot test initiatives, including the proposed research with enterprise clients, the proposed pilot test with partner organizations, the proposed A/B test for learner onboarding, the proposed Global Challenge pilot, and the proposed partnership with an industry association.

## Risks & Challenges
Identified risks include integrating secure, scalable AI systems, designing intuitive user experiences, and ensuring fairness and accessibility. Mitigations cited are partnering with experienced AI developers and educators, monthly updates, and offering early testing opportunities.

## Team & Partnerships
The project is presented as a global effort with contributors, interns, and partners. It notes collaboration with experienced AI developers and educators, and plans to work with responsible, ethics-minded providers.

## What's Included
Access to the platform's learning environment, including micro-courses, reels, certification tracks, the forthcoming AI Mentor, the Agent Playground with templates and tutorials, and creator tools for course publishing.

## Technical Details
Content is cloud-delivered; the team highlights use of cloud infrastructure powered by renewable energy, emphasis on digital certificates, and reusability of learning progress across career changes.

## Support & Post-Launch Plans
The team commits to open communication, monthly updates, and opportunities for early testing. It also discloses use of AI in content creation with human review and reliance on licensed or open datasets."
"baseline-hooper (L12.1)","baseline-local","## One-Sentence Summary
A mobile app that helps basketball players discover nearby games, check in at courts, and build verified rankings and leaderboards to motivate play and community connection.

## Problem
The creators describe a gap for everyday players---parents, kids, and recreational athletes---who struggle to find reliable, pickup-friendly games and a way to track progress beyond informal word-of-mouth. They frame this as both a logistics problem (knowing where and when people are playing) and a motivation problem (recognition, friendly competition, and belonging).

## Solution / Product Overview
The project proposes a mobile app that maps active courts in real time, enables player check-ins to signal activity, and maintains verified rankings so users can ""climb"" leaderboards. It aims to turn empty courts into active meetups and to give players a persistent identity anchored in participation and results.

## Key Features & Capabilities
- Real-time court mapping to show where games are happening.
- Player check-ins to validate court activity and attendance.
- Verified rankings and leaderboards to track progression. To ensure integrity, a lightweight verification method is proposed for the beta test, such as requiring a second user present at the game to confirm a result before it updates the leaderboards.
- Social elements for sharing moments and celebrating wins (as described).
- A proposed, simple feature for the beta test: a 'Game Creator' button that lets a user declare an intent to play at a specific court and time.
- A potential future enhancement: AI-driven stat insights, contingent on later development milestones. For this future feature, we propose a specific, testable hypothesis: aiming for a 20% increase in user session time during a limited A/B test with a small user group once the feature is built.

## Target Users & Use Cases
The creators call out recreational players across ages, including parents returning to the game and kids discovering it. Primary scenarios include finding immediate games near home, signaling interest by checking in, and competing on leaderboards with local peers.

## Development Status & Beta Testing Hypothesis
According to the page, a working prototype has been tested with roughly 50 local players. A teaser site and an AI demo video are mentioned. The roadmap cites a beta release targeted for November 2025. To validate core engagement and local network density, we plan to test specific hypotheses with the first 100 beta users: we hypothesize that 70% of beta testers will check in at a court at least twice a week. As a proposed metric to demonstrate local network density, we plan to track the average check-in distance from a user's home location, with a target of under 5 miles to demonstrate hyper-local density.

To further test engagement drivers, we propose incorporating a simple gamification element during the beta phase, such as a 'Court Streak' badge awarded for consecutive weekly check-ins. To quantitatively demonstrate its motivational impact, we propose testing a specific target: aiming for a 20% increase in weekly check-ins among users who earn the badge. The proposed lightweight verification method for rankings will also be tested as part of the beta to assess its feasibility and user acceptance. A proposed, clear target for this verification test is a 90% successful verification completion rate for attempted result submissions.

We also propose to test the new 'Game Creator' feature during the beta. A specific target metric to measure its effectiveness is proposed: tracking how many declared games result in at least one other user checking in. We propose aiming for 30% of declared games to result in at least one other user checking in.

To directly measure the 'motivation problem,' we propose a specific, small-scale test during the beta: surveying users on their sense of belonging or competitive drive before and after using the app for a month, with a target of a 15% improvement in self-reported motivation scores.

We propose a small, testable partnership with a single local youth basketball league or community center for the beta phase to help seed initial users and games. This would be a limited pilot to assess the effectiveness of organized group onboarding.

## Roadmap & Delivery Plan
Planned milestones include:
- A phased beta beginning November 2025, emphasizing feedback-driven fixes and testing the engagement and network-density hypotheses, including the proposed gamification test (with its 20% increase target), the verification method for rankings (with its proposed 90% completion rate target), the proposed test of the 'Game Creator' feature and its proposed target of 30% of declared games resulting in at least one other user checking in, the proposed survey to measure improvement in motivation scores, and the proposed pilot partnership.
- Marketing pushes via social channels and in-person pop-up events.
- Post-beta growth goals into early 2026.
- A potential later phase unlocking AI stat insights after initial targets are met. For this AI feature, we propose conducting the described A/B test with its specific hypothesis of a 20% increase in user session time.

## Why Crowdfunding / Use of Funds
Funds are intended to: strengthen real-time mapping and ranking capabilities on a no-code platform; run targeted social-media advertising to drive initial downloads; and host regional pop-up events for hands-on testing and family-focused engagement.

## Risks & Challenges
Acknowledged risks include: technical bugs in the no-code stack during beta (mitigated by phased testing and feedback loops); difficulty gaining adoption in a crowded sports-tech space (addressed through targeted ads and local events); potential delays in fulfilling non-digital perks (addressed via on-demand production partners and sequencing digital items first); and founder bandwidth constraints (managed by strict milestone prioritization and openness to adding help). The proposed verification method may introduce friction; this will be monitored during beta testing against the proposed 90% completion rate target. The proposed pilot partnership depends on securing a willing local organization.

## Team & Partnerships
The effort is led by the founders as a lean, solo-driven initiative leveraging no-code development. The page references outreach to recognizable sports-media partners and print-on-demand suppliers to amplify awareness and streamline merchandise fulfillment. A proposed, testable partnership with a single local youth basketball league or community center is now included for the beta phase.

## What's Included
Access to the app's core experience: real-time court maps, player check-ins, and verified rankings/leaderboards as described for launch.

## Support & Post-Launch Plans
The creators emphasize iterative development, with phased testing, user feedback loops, and ongoing updates after launch to improve reliability and expand features."
"baseline-hply (L12.3)","baseline-local","## One-Sentence Summary

A donation app and website that connects people with vetted nonprofits, makes giving fast and secure, and provides clear updates showing the impact of each contribution.

## Problem
The creators say many people want to help but hesitate because it's hard to know which organizations are trustworthy, where the money goes, and whether it truly helps; the process often feels long and ends in unwanted emails and data sharing, which creates friction and reduces support for worthy causes.

## Solution / Product Overview
The product is a donation platform designed to reduce doubt and complexity. It connects users to a curated set of organizations that have been screened for transparency, accountability, and results, enables quick, secure donations, and delivers follow-up updates so donors can see how their generosity made a difference.

## Key Features & Capabilities
-   **Vetted organizations:** Every listed nonprofit is reviewed for transparency, accountability, and proven outcomes.
-   **Smart discovery:** Tools help users find causes aligned with their values and interests.
-   **Simple, secure giving:** A streamlined flow aims to remove ""endless forms"" and confusing steps, enabling donations in under a minute.
-   **Real-time impact updates:** Donors receive updates from supported organizations to understand the effects of their gifts. The team plans to establish a partnership with a specific, well-known nonprofit, the San Francisco-Marin Food Bank, to serve as a detailed case study for the impact update feature, showcasing the tangible results of donations.
-   **Privacy protections:** The team commits to no spam, no data selling, and no pressure, limiting communications to gratitude and impact updates selected by the user. To validate this commitment, the team proposes a specific, small-scale test for the 'Privacy protections' claim by measuring user opt-in rates for different communication frequency options presented post-donation.
-   **Transparent fees:** The platform states a flat 1% fee, with no hidden charges.
-   **Mobile and web access:** The experience is available via a mobile app and a web platform.
-   **Planned feature test:** The team plans to test a 'subscription giving' feature to allow for recurring donations, addressing donor retention and predictable revenue for nonprofits. For this planned test with a pilot group of 100 early users, the team proposes to define specific success metrics, such as a target conversion rate for users opting into recurring donations and a target retention period for those subscriptions.
-   **Proposed communication test:** The team also proposes to test a 'fee transparency' communication feature. This small-scale test would show users a clear, visual breakdown of the 1% platform fee versus the donation amount on the final confirmation screen. The proposed test aims to measure the impact of this communication on user trust via a short, optional post-donation survey.
-   **Proposed discovery test:** The team proposes a specific, small-scale A/B test to measure the effect of the 'Smart discovery' tools on donation conversion. This proposed test would compare donation rates for users who are guided through the discovery tools versus users who are presented with a standard list of organizations. For this proposed test, the team aims for a 15% increase in donation conversion for users guided by the discovery tools.

## Target Users & Use Cases
The product is pitched to both new donors and people who already give regularly. Primary scenarios include discovering trusted organizations (from large, global efforts to local, community causes), making quick donations with confidence, and staying connected through ongoing impact updates.

## Development Status
According to the page, the platform is built, nonprofits are already vetted, and the mission and product scope are defined; the creators present it as ready to expand to more users.

## Roadmap & Delivery Plan
Planned work includes launching the web and mobile platform at scale, expanding outreach to additional nonprofits and prospective donors with a proposed goal to onboard 50 new vetted organizations within the first 6 months post-launch, and building tools that deliver more meaningful impact insights to users. A specific, planned example of such a tool is a quarterly dashboard showing aggregate donor impact per cause area. The roadmap also includes the planned test of a subscription giving feature, the proposed test of the fee transparency communication feature, the proposed A/B test for the Smart discovery tools (with the aim of a 15% increase in donation conversion), and the proposed test for the privacy protections claim. The team also proposes to establish a planned partnership with the San Francisco-Marin Food Bank to create a detailed case study demonstrating the impact update system. Specific dates are not listed.

## Why Crowdfunding / Use of Funds
Funds are intended for launch activities, nonprofit and user outreach, development of impact-insight tools that enhance donor feedback after giving, such as the planned quarterly impact dashboard, and for testing planned features like subscription giving and the proposed fee transparency communication test, including the measurement of proposed success metrics for the pilots. Funds could also support the proposed A/B test for the Smart discovery tools (with its proposed 15% conversion increase target), the proposed establishment of the detailed nonprofit partnership case study with the San Francisco-Marin Food Bank, and the proposed test for the privacy protections claim.

## Risks & Challenges
The team identifies technical and operational challenges related to scaling for a broad user and cause base. They state prior startup and product-deployment experience, say the platform is built for flexibility and scalability, and commit to continued transparency as they grow. To mitigate the risk of low repeat donations, the team plans to rigorously test the planned subscription giving feature with a pilot group of 100 early users and proposes to define specific success metrics, such as target conversion and retention rates, to evaluate the test's effectiveness. To mitigate the risk of nonprofit churn, the team proposes a planned pilot program offering enhanced impact reporting tools to 10 vetted partner organizations and measuring their satisfaction and retention.

## Team & Partnerships
The project is led by the founders, who cite experience leading people operations at a technology company that later went public, with a mission background in safety and impact. The platform features a mix of large international organizations and local community groups as partners, all described generically and subject to vetting. The team proposes to establish a planned partnership with the San Francisco-Marin Food Bank to serve as a case study for impact updates."
"baseline-kebo (L12.4)","baseline-local","## One-Sentence Summary

A spring-loaded, trigger-actuated bottle opener that uses stored kinetic energy to eject caps cleanly while emphasizing durability and over-engineered craft.

## Problem

The creators frame traditional openers as simple prying tools that can feel mundane and imprecise, positioning a need for a more engaging, efficient, and precision-made alternative. They also highlight a desire for an object that blends utility with pride in workmanship---something that ""reimagines"" the act of opening a bottle into a satisfying, reliable motion backed by robust materials and construction.

## Solution / Product Overview

The product is a spring-loaded bottle opener that builds tension with a finger pull and releases via a trigger, ejecting the cap in a single, fluid motion. It is presented as an innovative tool inspired by professional gear, intended to merge form and function while standing out as a conversation piece and gift. To clearly demonstrate this core function, we plan to share a short, silent video clip on the campaign page that visually showcases the 'clean' cap ejection mechanism in action. To further quantify and support the 'clean' cap ejection claim, we propose conducting a small, targeted user test. This test would involve filming a slow-motion comparison of cap removal with this opener versus a standard one, with the results intended for sharing in a backer update.

## Key Features & Capabilities

- Spring-loaded mechanism that stores kinetic energy and releases with a trigger press.
- ""Clean"" cap ejection claimed to occur in one motion. The planned demonstration video and proposed slow-motion comparison test are intended to visually clarify and support this feature.
- Emphasis on long-lasting performance through durable materials. To visually support claims of longevity, we propose conducting a small, informal durability test by filming a stress test that cycles the opener 500 times and sharing the results.
- Engineered with impact resistance in mind due to repeated contact from a spring-driven bolt.
- To highlight the 'over-engineered' material quality, we propose creating a simple, static infographic for the campaign page that visually compares the product's stated materials (aerospace aluminum, stainless steel) to those of a typical generic opener.
- To support the product's practical utility, we propose conducting a simple compatibility test with a range of common bottle cap types (e.g., twist-off, pry-off from different brands) and sharing the results in a backer update.
- To provide a quantitative measure of the product's mechanical advantage, we propose conducting a small, informal test using a basic spring scale to quantify and share the approximate force required to open a bottle with the product versus a standard opener, with results intended for a backer update.
- Positioned as both functional tool and display-worthy object or gift.
- To refine the final product, we propose offering a planned, small-batch pre-production run to a select group of backers for early feedback before full manufacturing commences. This includes a proposed limited 'Founder's Edition' tier where backers receive a unit from this very first pre-production run, explicitly framed for collectors and early feedback providers. As part of this feedback process, we propose conducting a specific, small-scale user test focused on the ergonomics and trigger feel of these 'Founder's Edition' units and commit to sharing summarized feedback in a backer update. Furthermore, we propose a small-scale user test focused specifically on the trigger's actuation force and ergonomic comfort, using the planned 'Founder's Edition' units, and commit to sharing summarized, anonymized feedback points in a backer update to demonstrate a commitment to refining the user experience.

## Target Users & Use Cases

The product is aimed at people who enjoy well-engineered gadgets and want an opener that is equal parts practical and conversation-starting. It is also pitched as a distinctive gift for enthusiasts who appreciate design-meets-utility objects. The proposed 'Founder's Edition' tier is specifically aimed at collectors and early-adopters who value unique, first-run items and wish to contribute to product refinement.

## Development Status

The campaign introduces the tool as a new product emphasizing its engineered design and material choices; no testing data or certification results are presented on the page.

## Roadmap & Delivery Plan

Planned steps include: a proposed small-batch pre-production run for backer feedback, including the 'Founder's Edition' units, purchasing raw materials, investing in specialized machinery and custom molds, and bringing the manufacturing process in-house to support full-scale production. Specific milestone dates are not provided. To ensure transparency throughout this process, we propose implementing a planned, bi-weekly backer update schedule from the campaign's outset. These updates would share progress on production milestones, insights from the proposed pre-production run (including feedback from 'Founder's Edition' backers and summarized results from the proposed ergonomics and trigger feel test, as well as the proposed specific test on trigger actuation force and comfort), and transparently communicate any challenges encountered. Updates would also include the proposed results from the slow-motion cap ejection comparison test, the proposed compatibility test with various bottle cap types, the proposed test quantifying the force required to open a bottle with the product versus a standard opener, and the proposed durability stress test.

## Why Crowdfunding / Use of Funds

Funds are intended to:
- Support a proposed small-batch pre-production run, including the 'Founder's Edition' units, for gathering early feedback.
- Acquire aerospace-grade aluminum (6061), corrosion-resistant stainless steel, high-strength tool steel, and heat-treated springs.
- Invest in equipment and custom tooling to internalize manufacturing.
- Scale from a workshop concept to a full operational build.

## Risks & Challenges

The team cites potential delivery delays tied to broader supply-chain issues. They note having secured quotes and established partnerships to mitigate these risks and commit to transparent communication if unforeseen issues arise. The proposed bi-weekly update schedule is intended to be a primary channel for this communication.

## Team & Partnerships

The founders describe inspiration drawn from a professional, emergency-services context and mention established partnerships (unnamed) supporting production planning and sourcing.

## Technical Details

Stated materials include aircraft/aerospace-grade aluminum (6061), corrosion-resistant stainless steel, high-strength tool steel, heat-treated springs, and impact-resistant TPU. The design is explicitly engineered for impact resistance and long-term reliability under repeated spring-bolt impacts. No dimensions, weight, or compatibility specs are listed.

## Support & Post-Launch Plans

The team promises to communicate openly and transparently with backers throughout production, especially if unexpected issues occur. This includes sharing insights from the proposed pre-production feedback run (with specific input from 'Founder's Edition' backers and summarized results from the proposed ergonomics and trigger feel test, as well as the proposed specific test on trigger actuation force and comfort), sharing the proposed results from the slow-motion cap ejection comparison test, the proposed compatibility test with various bottle cap types, the proposed test quantifying the force required to open a bottle with the product versus a standard opener, and the proposed durability stress test, and adhering to the proposed bi-weekly update schedule to detail progress and challenges."
"baseline-lockguard (L12.3)","baseline-local","## One-Sentence Summary
A compact, portable home-security device that installs without tools or Wi-Fi, offering app control, on-device alerts, and shared access for renters, students, and travelers.

## Problem
The creators argue that traditional residential security is expensive, invasive, and built for homeowners, leaving students, renters, and travelers without a practical way to feel secure in dorms, sublets, and temporary stays. They cite barriers such as landlord approval, drilling, and long-term contracts as key blockers.

## Solution / Product Overview
The product is a lease-friendly smart security device designed to be set up in minutes without tools or approvals. It works without Wi-Fi (with an optional cellular version) and provides peace of mind across dorms, apartments, and travel accommodations through mobile alerts, local alarms, and simple controls.

## Key Features & Capabilities
-   **Burglar detection:** When a door opens, the system checks for nearby approved devices (e.g., a user's phone); unrecognized entries are flagged as unauthorized.
-   **Versatile keypad:** Users can arm/disarm without a phone.
-   **Lock reminder:** Sends a notification if the user leaves a defined safe zone without locking the door.
-   **Alarm system:** Triggers an on-device alarm upon intrusion and sends instant mobile alerts to approved users.
-   **Real-time tracking:** Shows last-seen time/place, enables a ""ping"" to locate the device, and includes a Lost Mode.
-   **Multi-user/device access:** Multiple approved users can control the device and receive notifications.
-   **Cellular connectivity (optional):** Maintains alerts during internet outages; paired with the built-in battery for continued operation.
-   **Mobile app control:** Monitor status, receive alerts, and adjust settings remotely.

## Target Users & Use Cases
Stated audiences include college students, renters, and travelers using dorms, apartments, sublets, and short-term stays. The device is positioned for everyday protection in shared or temporary spaces and for situations with unreliable networks.

## Development Status
According to the page, development began in late 2022. The team references ""final prototypes,"" a brief demo, and a product evolution overview.

## Roadmap & Delivery Plan
The team states it is moving from final prototypes into scaled production and has prepared contingency plans for potential schedule shifts, supported by relationships with suppliers and manufacturing partners. No specific calendar dates are listed. As a proposed next step to validate a core use case, the team plans to conduct a post-campaign pilot test. This planned pilot test would involve a defined user group, such as 50 students in a dormitory setting, to gather evidence on the performance and usability of the multi-user access and notification features in a real-world shared environment. The specific, measurable outcomes we intend to capture include user activation rate, with a proposed target of >80% of pilot participants successfully activating and using the multi-user features within the first week; overall system reliability in a multi-user scenario; and notification accuracy, with a proposed target of >95% accuracy in distinguishing authorized from unauthorized entries. Furthermore, as a proposed preliminary step before this pilot, the team plans to conduct a small, focused test of the lock reminder feature's geofencing accuracy in a defined urban environment, with a proposed goal of 90% accuracy within a 100-meter radius. Additionally, the team proposes a small test to validate the built-in battery's performance during a simulated internet outage, specifying a proposed 48-hour continuous operation test. To specifically address the reliability of the core 'approved-device proximity check' feature, the team also proposes a small, focused test to validate its performance in a dense, multi-device environment (like a dorm hallway), with a proposed accuracy target of correctly identifying an authorized user's device 95% of the time within a 3-meter range. To specifically address the physical robustness required for a portable device used by travelers, the team also proposes a small, focused test to validate the device's physical durability, specifying a proposed test like 'a drop test from 1 meter onto a hard surface to verify continued functionality'. To specifically address the reliability of the optional cellular connectivity in challenging network conditions, the team also proposes a small, focused test to validate its performance in a low-signal environment, specifying a proposed goal like 'maintains alert transmission with >90% success rate in areas with 1 bar of signal'. As part of the planned pilot test, the team also proposes a simple user survey to measure perceived ease of setup, with a proposed goal that >85% of pilot participants rate the tool-free installation as 'very easy' on a 5-point scale. To specifically address the critical user expectation for immediate awareness of a security breach, the team also proposes a simple, focused test of the mobile app's notification delivery speed, specifying a proposed target like 'sends intrusion alerts to the primary user's phone within 5 seconds of an unauthorized entry event'.

## Risks & Challenges
Acknowledged risks include supply-chain delays during scale-up and the complexity of supporting multi-user, multi-device scenarios across varied environments. Mitigations include established partner relationships and a focus on keeping the experience simple but secure. The proposed pilot test plan is designed to specifically address the challenge of validating multi-user scenarios by measuring the outcomes noted above, including the proposed notification accuracy target and the proposed activation rate target of >80% within the first week. The proposed small test of the geofencing accuracy, with its proposed goal of 90% accuracy within a 100-meter radius, is intended to specifically address potential performance variability of the lock reminder feature in dense urban settings. The proposed small test of the built-in battery's performance is intended to specifically address the reliability of the device during extended power or internet outages. The proposed small test of the 'approved-device proximity check' in a dense environment is intended to specifically address potential signal interference and accuracy challenges in real-world, high-traffic settings. The proposed small test of physical durability is intended to specifically address the risk of device failure due to accidental drops during travel or frequent relocation. The proposed small test of cellular connectivity in a low-signal environment is intended to specifically address the risk of alert failure for users in areas with poor cellular coverage. The proposed user survey on ease of setup is intended to specifically address the risk that the tool-free installation process may not meet user expectations for simplicity. The proposed simple, focused test of the mobile app's notification delivery speed is intended to specifically address the risk that alert delays could undermine the core security promise of the product.

## Team & Partnerships
The founders describe themselves as students and renters who built the product around their lived constraints. They reference suppliers and manufacturing partners without naming them. The team also discloses the use of an AI text-to-speech system for a campaign video voice-over.

## What's Included
A mobile app experience for remote control/alerts is described. The campaign also mentions an initial free trial period for the product's subscription service. Variants include a Wi-Fi model and an option with cellular connectivity.

## Technical Details
Explicit details include optional cellular connectivity, an on-device keypad, an on-device alarm, approved-device proximity checks, and a built-in battery supporting operation during internet outages. Specific dimensions, materials, and OS requirements are not listed.

## Support & Post-Launch Plans
The team emphasizes ongoing commitment to a simple, secure experience as the product scales; ongoing software update cadence or warranty terms are not detailed. The proposed pilot test with a student group, including the measurement of activation rate with the proposed target of >80% within the first week and the proposed target for notification accuracy, would be part of the planned post-launch validation efforts. The proposed small test of geofencing accuracy in an urban environment, with its proposed goal of 90% accuracy within a 100-meter radius, is also a planned component of these validation efforts. The proposed small test of the built-in battery's performance is a planned component of these validation efforts. The proposed small test of the 'approved-device proximity check' in a dense environment, with its proposed accuracy target, is a planned component of these validation efforts. The proposed small test of physical durability is a planned component of these validation efforts. The proposed small test of cellular connectivity in a low-signal environment is also a planned component of these validation efforts. The proposed user survey on ease of setup, with its proposed goal, is a planned component of these validation efforts. The proposed simple, focused test of the mobile app's notification delivery speed, with its proposed target, is also a planned component of these validation efforts."
"baseline-lumivisor (L12.1)","baseline-local","## One-Sentence Summary
A flexible, transparent LED film and controller that mounts to a helmet visor to display preset expressions while remaining see-through for the wearer during daytime use.

## Problem
The creators say riders and performers lack a way to express emotions or communicate visually from behind a visor without sacrificing visibility or comfort; prior attempts were bulky, opaque, or impractical.

## Solution / Product Overview
The product is a transparent, flexible LED film paired with a compact controller and battery pack that attaches to the inside of a visor via suction cups. It shows animated faces and patterns to people outside the helmet while allowing the user to see through during daylight hours. To clearly demonstrate this core functionality, we propose creating a short, scripted demonstration video showing the product's installation, pattern selection, and a side-by-side comparison of the wearer's outward view versus the inward perspective to visually reinforce the 'see-through' claim and the explanation of the Troxler effect. To substantiate the 'brilliantly bright' daytime visibility claim, we propose a simple, visual test: a 5-second video clip showing the LED pattern clearly visible from a set distance (e.g., 10 feet) in direct sunlight. To make the brightness claim more tangible, we propose creating a simple, visual comparison chart showing the product's luminance (in nits) against a common benchmark (e.g., a standard smartphone screen at max brightness).

## Key Features & Capabilities
- **Transparent LED array on a clear flexible circuit**; designed so the wearer can see through it. For clarity, we propose including a simple comparison table against a well-known prior attempt (based on publicly available information) to highlight key differences:

| Attribute | Our Product | Prior Attempt (Example: Rigid LED Board) |
| :--- | :--- | :--- |
| **Transparency** | See-through flexible film | Opaque or tinted rigid panel |
| **Brightness (Daytime)** | Designed for high visibility in sun | Often insufficient for daylight |
| **Mounting Method** | Non-permanent suction cups | Often adhesive or bulky clamp systems |
| **User's View** | Maintains outward visibility | Significantly obstructs vision |
| **Flexibility/Form** | Conforms to visor curve | Rigid, flat assembly |

- 17 selectable patterns/expressions, with a default neutral ""eyes"" animation that resumes automatically after about 10 seconds.
- Daytime-only operation (dawn to dusk); creators emphasize high daytime visibility and ""brilliantly bright"" output. To substantiate this claim, we propose conducting a simple, standardized test to measure and report the LED film's luminance in nits under simulated midday sun conditions, and to capture a visual demonstration as described above. The proposed luminance comparison chart would visually place this measurement next to a common benchmark.
- Four suction cups provide a non-permanent, residue-free install that can be removed and reattached quickly. We plan to conduct a small-scale durability test, such as testing 10 units for 100 mounting/dismounting cycles, to provide concrete evidence for the suction cup reliability claim. As a proposed step to gather direct user feedback, we plan to conduct a small-scale user test with 5-10 riders from a local motorcycle club to gather feedback on installation ease and daytime pattern visibility, and commit to sharing a summary of this feedback with backers.
- Transferable between helmets; additional mounting clips for the battery pack are available as an add-on.
- Inside view characterized by well-spaced LEDs; creators note a slight halo when lit but say interference is minimal. To quantify this 'minimal interference' claim for the wearer's inward view, we propose a specific, simple user test measuring reaction times in a simulated obstacle detection task (e.g., identifying shapes on a screen) with the film on versus off.
- Explanation of perceptual ""tuning out"" (Troxler effect) to describe how fixed LED elements fade from the wearer's awareness when focusing on the road ahead.

## Target Users & Use Cases
Positioned for riders, cosplayers, performers, and exhibitors seeking expressive visuals on a visor in controlled environments, off-road settings, or private property---not for public-road operation.

## Development Status
The founders describe a six-year development path from rigid boards to flexible film, culminating in a ""production-ready"" design. Multiple prototype units have been produced and tested; the current controller is described as ""sleek"" with straightforward on/off and pattern selection.

## Roadmap & Delivery Plan
The team states production will commence once funding is secured and believes the path to market will be ""fairly seamless,"" based on prior prototype production runs. As a planned next step after funding and initial delivery to backers, we propose a limited pilot program where a small batch of units would be sent to selected cosplay influencers for feedback. Furthermore, we propose targeted outreach to 3-5 specific cosplay or motorcycle gear accessory retailers to explore potential post-campaign distribution as a planned future step.

## Why Crowdfunding / Use of Funds
Funds are sought to move from prototypes to production manufacturing of the film and associated electronics and mounts.

## Risks & Challenges
The creators characterize risks as minimal, citing lined-up production and experience building prototype units. They nonetheless include extensive safety and legality disclaimers and stress the product is not certified for public-road use, not for nighttime, and should not be used in ways that impair vision or distract. Users assume responsibility for compliance with applicable laws.

## Team & Partnerships
The product is led by the founders, who recount sourcing and iterating with a factory capable of placing LEDs on flexible circuits. No named partners are listed in the campaign narrative.

## What's Included
Materials shown and referenced include: the flexible LED visor film, a controller, a battery pack and receiver (shown in an unboxing), four suction cups for mounting, and optional extra battery-pack mounting clips as add-ons.

## Technical Details
- Transparent flexible PCB with surface-mounted LEDs and copper traces.
- Non-adhesive installation via four suction cups.
- Daytime-only operational guidance; not for nighttime or low-visibility environments.
- Behavior: pattern auto-reverts to default after a short duration.

## Support & Post-Launch Plans
The team invites backer feedback to shape future development. We plan to use insights from a proposed influencer pilot program to inform updates. As a proposed support plan, we would establish a dedicated online FAQ resource for backers and maintain a 6-month post-delivery window for releasing firmware updates to address any critical bugs identified after launch. Specific post-launch support cadence beyond general campaign communications is not yet defined. As a proposed step for market validation, we plan to conduct a small online survey targeting a specific niche (e.g., 50 cosplayers) to gauge interest in the proposed 'expressions' library and willingness to pay, and commit to sharing anonymized summary results with backers."
"baseline-my-story (L12.2)","baseline-local","## One-Sentence Summary

A children's storytelling system that pairs a creativity-first print book with a customizable app offering interactive narration and augmented reality to help kids co-create their own stories while supporting pediatric care and research.

## Problem
The creators argue that children's publishing underutilizes digital interactivity and often fails to ""meet kids where they are"" in their learning journeys. They highlight the need to blend modern technology with traditional competencies---such as social-emotional learning, emotional regulation, innovation, growth mindset, and problem solving---so children can learn differently and more effectively.

## Solution / Product Overview
The project combines a traditionally published, globally distributable children's book that leaves space for kids to draw their own illustrations with a companion app. The app is positioned as a licensable platform for authors and publishers, expanding print stories into a digital world with interactive storytelling, narration, augmented reality features, and a future library integration. A portion of book sales is committed to supporting a pediatric research hospital. To demonstrate the platform's potential for authors, the project proposes exploring a pilot licensing partnership with a single, named independent children's book author. To rigorously evaluate this pilot's value, the project proposes defining and testing one key performance indicator (KPI) for the proposed licensing model pilot, such as ""author time saved in digital adaptation"" or ""measured increase in reader engagement metrics.""

To generate initial revenue and fund development, the project proposes a simple, direct-to-consumer sale of a flagship book-and-app bundle. This interim model would target elementary school teachers and parents as the primary initial customers, providing a revenue stream before the full licensable platform is complete. To refine the marketing approach for this bundle, the project proposes a small-scale A/B test of two different marketing messages with a target of 50 potential customers (e.g., parents or teachers). The proposed test would aim to achieve a measurable outcome, such as a 15% click-through rate or a 5% conversion rate on a call-to-action, to gather concrete data on messaging effectiveness before the full marketing push.

## Key Features & Capabilities
- Print book designed with blank spaces for child-created illustrations, producing a one-of-a-kind keepsake.
- App features: interactive storytelling, narration, augmented reality, and planned library integration.
- Platform vision: app licensable for ""infinite stories worldwide."" The proposed pilot partnership with an independent author would serve as a concrete demonstration of this licensing model, with a proposed KPI test to measure its efficacy.
- **Planned AI Feature:** The app's AI capabilities are planned for a phased rollout. The first phase would introduce a curated library of pre-defined, thematic story prompts to fuel creativity. To refine this feature before full development, the project proposes a small-scale test of this planned AI prompt library with 10-15 children to gather feedback on which thematic prompts are most used or favored. The subsequent, more complex phase would develop the AI-powered feature that generates unique narrative suggestions based on a child's own drawings in the book, enabling deeper personalization.
- Education-aligned framing: supports social-emotional learning and related competencies.
- Environmental commitments: request for recycled/sustainably sourced paper, eco-friendly inks/processes; digital formats cited as lowering impact.
- Donation commitment: 10% of book sales directed to a pediatric research hospital.
- **Proposed Interim Revenue Model:** Direct-to-consumer sale of the flagship book-and-app bundle.

## Target Users & Use Cases
Intended for children and the adults who guide their learning. To sharpen the initial go-to-market focus, the project plans to target **elementary school teachers** as a primary market segment within the broader educator category, alongside parents. Use cases include co-creating illustrations in the print book, engaging with narrated and AR-enhanced stories in the app, and leveraging interactive elements (including planned AI prompts) to support differentiated learning and creativity in classroom and home settings. To refine this approach, the project proposes a small-scale pilot test with a local elementary school teacher to gather feedback from 5-10 students over a 2-week period on the existing prototype before the full marketing push.

## Development Status
A prototype of the app exists, and an initial print of a self-published story has been produced. The campaign positions the technology as patent-pending.

## Roadmap & Delivery Plan
The team states that additional funding is needed to transform the existing prototype into a fully built application and to conduct front- and back-end marketing. The proposed AI feature development would follow a staged approach, beginning with implementing a foundational set of pre-defined prompts. The proposed small-scale test of the planned AI prompt library with 10-15 children would be conducted to gather feedback on prompt preferences to inform this development. The proposed direct-to-consumer sale of the book-and-app bundle is planned as an initial go-to-market step to generate revenue and user feedback. The proposed A/B test of marketing messages with 50 potential customers, aiming for a measurable outcome such as a target click-through or conversion rate, would be conducted to inform this marketing effort. The long-term goal is to make the app licensable for all books, enabling broad adoption once the product moves from production stage to shipment. The proposed pilot test with a teacher, aiming to gather feedback from 5-10 students over a 2-week period, would be conducted to inform these development and marketing efforts. Exploring a pilot licensing agreement with an independent author is proposed as a step to validate and demonstrate the platform vision, with a proposed KPI test to measure its impact.

## Why Crowdfunding / Use of Funds
Funds are sought to complete application development and to support marketing required for launch and distribution, including targeted outreach for the proposed direct-to-consumer book-and-app bundle to the initial market segments of elementary school teachers and parents. The project also seeks support for integrating AI capabilities in phases, starting with the basic prompt library and then advancing toward the planned drawing-based story prompt feature. Resources would also support the proposed small-scale pilot test with a teacher, with its specific goal of gathering feedback from 5-10 students over a 2-week period, to gather user feedback. Funds could also support the proposed small-scale test of the planned AI prompt library with 10-15 children to gather feedback on prompt preferences. Funds could also support the proposed exploration of a pilot licensing partnership and the proposed A/B test of marketing messages, which would target a specific, measurable goal to guide messaging strategy. Funds could also support the proposed definition and testing of a KPI for the licensing pilot.

## Risks & Challenges
Primary risks include insufficient funding for app development and marketing. The team notes that once the prototype is turned into a ""actionable application,"" growth opportunities expand, but reaching that stage depends on securing resources. The phased AI development plan is proposed to help manage technical complexity and resource allocation. The success of the proposed direct-to-consumer revenue model depends on effective initial marketing and adoption.

## Team & Partnerships
The venture is described as purpose-driven and female-founded, led by an educator. The app is envisioned to be licensed broadly to authors and publishers; no specific partners are named. The project proposes exploring a pilot licensing partnership with a single, named independent children's book author to demonstrate the platform's value proposition, with a proposed KPI test to evaluate its effectiveness.

## Technical Details
Stated technologies include narration and augmented reality within the app; the project also references AI-generated content for prototypes and plans to ""unlock"" AI to fuel children's imagination in the finished application. The proposed phased approach would first implement a library of AI-curated prompts, followed by the development of the drawing-analysis capability. The proposed small-scale test of the planned AI prompt library with 10-15 children would be conducted to gather feedback on thematic prompt preferences. The initial app is planned for release on both iOS and Android platforms. No further device, OS, or compatibility specifications are listed."
"baseline-remotion-ai (L12.3)","baseline-local","## One-Sentence Summary
A mobile app that uses AI-powered video analysis to deliver sprint coaching feedback anytime, helping athletes improve form while enabling coaches and parents to track progress.

## Problem
The creators describe a consistent gap in sprint training: athletes often practice without timely feedback, while coaches lack bandwidth to analyze every block start or sprint repetition---especially when juggling other jobs or when athletes are traveling or on school breaks. This leaves athletes without guidance to progress safely and effectively when direct coaching isn't available.

## Solution / Product Overview
The product is presented as ""a sprint coach in your pocket."" It analyzes user-submitted sprint videos with AI to provide actionable feedback at any time. The aim is to let athletes see what's happening in their sprints, help coaches extend their impact without slowing practice, and assure parents that training is progressing safely.

## Key Features & Capabilities
- AI-powered video analysis of sprints.
- Feedback on block starts.
- Analysis of shin and torso angles.
- Insights into max-velocity mechanics.
- Positioning as a tool to complement---not replace---human coaching.
- A proposed tiered subscription model (e.g., free basic analysis, premium for detailed feedback) to be tested with a small group of early backers to validate pricing and features.
- To illustrate the value concretely, the app is planned to provide specific, actionable feedback. For example, after analyzing a video, the AI might identify a sub-optimal shin angle at touchdown and suggest a specific drill, such as wicket runs, to help the athlete improve that aspect of their form.
- As a planned future initiative, we propose collaborating with a specific, named physical therapy or sports medicine professional to develop educational content on injury prevention, further enhancing the app's value for safe training.
- To validate the safety and appropriateness of the suggested corrective drills before the planned pilot test, we propose a small, targeted test of the app's feedback with a specific, named local physical therapist.
- To clarify the development status, we propose creating a planned, short public demonstration video. This video would show the AI analyzing a single, anonymized sprint clip for one metric, such as shin angle.
- To further illustrate how the app complements human coaching, we propose creating a planned, short comparison video showing the AI's analysis of the same sprint clip side-by-side with a coach's verbal feedback.
- To demonstrate technical credibility, we propose publishing a detailed blog post outlining the methodology for a single AI analysis metric, such as shin angle. The planned outline for this post includes: an introduction explaining the importance of shin angle in sprinting; a high-level overview of the video processing pipeline; a detailed explanation of the computer vision model used for pose estimation; the specific algorithm for calculating the shin angle from keypoints; a discussion of validation methods and accuracy considerations; and a sample diagram illustrating the data flow from video upload to angle measurement.
- To address common user concerns, we propose creating a planned, public FAQ document addressing data privacy, video storage, and how user data is used for AI training, to be published alongside the demonstration video.
- To further explore validation of the AI's accuracy, we propose a planned, specific outreach to a named, local university's sports science department to explore a potential future collaboration for validating the AI's accuracy against motion capture data.
- To explore potential channels for reaching coaches at scale, we propose a planned, specific outreach to a named, national high school athletic coaches association to explore a potential future partnership for distribution.

## Target Users & Use Cases
The campaign calls out athletes who train alone or while traveling, coaches seeking scalable analysis during practice, and parents looking for confidence in safe, continuous improvement.

## Development Status
The team states it has a working demo. Funds are intended to ""complete and polish"" the app into a user-ready tool, with a launch planned for the first wave of athletes, coaches, and parents.

## Roadmap & Delivery Plan
Planned milestones include: finalizing the app, building specified analysis features (block starts, angle analysis, max-velocity mechanics), creating a planned public demonstration video of the AI analyzing an anonymized sprint clip, creating the proposed comparison video illustrating AI and coach feedback side-by-side, publishing the proposed public FAQ document on data privacy and usage, conducting a planned, limited pilot test with a specific, named high school or club track team to validate the app in a real-world coaching environment before full launch, proposing a test of a tiered subscription model with a small group of early backers to validate pricing and features, proposing a planned collaboration with a specific, named physical therapy or sports medicine professional to develop content on injury prevention, publishing the proposed blog post on shin angle methodology, proposing a planned, specific outreach to a named, local university's sports science department to explore a potential future collaboration for validating the AI's accuracy against motion capture data, proposing a planned, specific outreach to a named, national high school athletic coaches association to explore a potential future partnership for distribution, partnering with athletes/coaches/influencers to spread the word, and launching to an initial user group. As part of the preparation for the pilot, we propose the small, targeted test of the app's feedback with a specific, named local physical therapist. The estimated delivery is December 2025, with a contingency that delivery could shift slightly into January 2026. If timelines shift, the team commits to immediate notifications and monthly progress updates during development.

## Why Crowdfunding / Use of Funds
Most funds are allocated to app development, with additional support for launch preparation and marketing. The team notes a buffer for unexpected costs to keep development the top priority.

## Risks & Challenges
The team cites typical software development risks such as potential delays or technical issues, mitigated by a scoped plan and monthly updates. Because rewards are mostly digital (codes or access), fulfillment risk is described as low, though minor delays in distributing access could occur. A health and wellness disclaimer clarifies that the project is not a substitute for medical treatment or diagnosis.

## Team & Partnerships
The effort is led by a sprint coach (""the founders""). The team plans to collaborate with athletes, coaches, and influencers to expand reach.

## What's Included
Backers receive primarily digital rewards, such as access codes.

## Technical Details
The campaign labels the technology as patent pending and repeatedly emphasizes AI-based video analysis for sprint mechanics. No device, OS, or hardware specs are provided. To increase transparency and trust in the technology, we propose publishing the methodology for a single AI analysis metric, such as shin angle, in a detailed blog post, as outlined in the Key Features.

## Support & Post-Launch Plans
The team promises ongoing updates during development and indicates that improvements will be delivered through the app over time."
"baseline-rent-a-bee (L5.4)","baseline-local","## One-Sentence Summary

A subscription-based hive-sponsorship program and companion app that connects supporters with local beekeepers to strengthen pollination, aid farmers, and deliver seasonal honey from a sponsored hive.

## Problem
The campaign states that bees pollinate a significant share of the human food supply, yet populations are declining. It cites climate stressors and other factors leading to annual colony losses for urban beekeepers, along with high winter mortality linked to pesticide exposure and limited forage. The creators also argue that most store-bought honey is processed and blended, obscuring the unique character of local varieties, and that people have grown disconnected from food sources and the role of pollinators in agriculture.

## Solution / Product Overview
The project proposes a simple path to participation: sponsor a hive through the app and receive honey harvested from that hive. The company places and maintains hives via professional beekeepers, provides periodic updates, and channels support toward pollination services that benefit local biodiversity and crop resilience while offering tangible rewards. No beekeeping experience is required.

## Key Features & Capabilities
- Sponsor packages for individuals, families, schools, and businesses.
- Professional placement and maintenance of hives in suitable habitats such as farms, gardens, and meadows.
- Regular updates about the hive, including photos, videos, and reports on health and production.
- Honey yields tied to sponsorship level, ranging from seasonal honey to curated gift boxes.
- Educational materials and opportunities to visit a hive under expert guidance.
- App roadmap features including an activity-tracking dashboard with visual data and a feedback system.

## Target Users & Use Cases
Eco-conscious individuals, families, schools, companies, and local farmers seeking direct support for pollination, educational engagement, or corporate sustainability initiatives are explicitly referenced.

## Development Status
The team plans to develop a minimum viable technology platform and initial branding while assembling beekeeper partnerships; the page does not claim a finished product.

## Roadmap & Delivery Plan
- Phase 1 (0–6 months): establish beekeeper/apiary partnerships in one state, build an MVP platform, create initial marketing, and conduct a planned small-scale pilot test with a specific local school or community garden to validate educational engagement before broader rollout. As part of this phase, the team plans to implement and test one specific overwintering practice (e.g., strategic windbreak placement or targeted supplemental feeding protocols) with initial beekeeper partners to begin developing a phased approach to mitigating the 40% winter mortality risk. **To demonstrate the pollination benefit and create a tangible story for backers, the team proposes a small-scale pilot partnership with a named local farm or community garden in the initial phase, such as partnering with the proposed Green Valley Community Garden for the pilot.**
- Phase 2 (6–12 months): enhance the platform with an activity dashboard, add a feedback system, and expand the beekeeper network.
- Phase 3 (12–18 months): expand to a multi-state region, introduce premium offerings, and launch a corporate program. Additionally, the team aims to deploy hundreds of hives across the region by 2026.

## Why Crowdfunding / Use of Funds
Funds will support hive placement and maintenance, technology development, beekeeper partnerships, creation of new bee habitats, research on bee health, education in schools and communities, and sustainable beekeeping practices.

## Risks & Challenges
The campaign lists regulatory/permit timing, high winter mortality (about 40%), pesticide exposure, limited forage, and climate-driven bloom variability causing 20–50% yield fluctuations as key risks. The planned phased approach to testing overwintering practices is intended to address the mortality risk. **It is important to clarify that the 20–50% yield fluctuation is a risk to the quantity of honey rewards for sponsors. The plan is to communicate this variability transparently through regular hive updates and the proposed app dashboard. In the event of a significant shortfall, the team proposes to compensate sponsors with options such as account credit toward future seasons or alternative curated gifts, ensuring sponsors receive value from their support even in low-yield years.**

## Team & Partnerships
The project is led by the founders and implemented with professional beekeepers, with plans to formalize partnerships with several beekeepers and apiaries.

## What's Included
Depending on sponsorship level: seasonal honey, exclusive gift boxes, educational materials, regular hive updates, and guided visit opportunities.

## Technical Details
Planned environmental commitments include hive construction from natural (non-plastic) materials with reuse/refurbishment of existing hives; biodegradable or compostable packaging (e.g., sugarcane pulp); and prioritization of local deliveries.

## Support & Post-Launch Plans
Ongoing communications include regular hive updates and, as the platform evolves, an activity dashboard and feedback mechanisms; the team also plans educational programming and a corporate offering."
"baseline-sale-finder (L12.4)","baseline-local","## One-Sentence Summary

A mobile app that aggregates local yard, estate, and community sales on a single live map, plans efficient routes, and adds game-like rewards to turn bargain hunting into a community-strengthening adventure.

## Problem

The creators describe weekend ""treasure hunts"" devolving into frustrating scavenger work: listings are scattered across social groups, random sites, fading street signs, and half-remembered addresses, causing wasted time, fuel, and missed finds. There's no comprehensive, real-time map for all types of sales, making planning difficult and inefficient.

## Solution / Product Overview

The product centralizes every kind of local sale---yard, estate, flea, vendor markets, church bazaars, and pop-ups---onto one interactive map. It helps users discover events any day of the week, plot an organized route, and enjoy a ""modern treasure hunt"" that also channels foot traffic to nearby small businesses.

## Key Features & Capabilities

- Unified discovery of multiple sale types (yard, estate, flea, vendor fairs, church bazaars, neighborhood pop-ups).
- Route planning to streamline multi-stop outings.
- Gamification: surprise ""Treasure Drops,"" collectible ""doubloons,"" community leaderboards, and an in-app redemption area (""Plunder Pantry"") for real-world merchandise.
- Local-business support: optional geo-fenced ads that surface modest, location-triggered offers from nearby shops.
- Emphasis on reuse/upcycling by keeping quality goods in circulation and out of landfills.

## Target Users & Use Cases

Designed for families, casual shoppers, and serious resellers seeking efficient discovery of local sales; for community explorers who want an engaging weekend activity; and for nearby small businesses aiming to reach shoppers traveling between sale stops.

## Why Crowdfunding / Use of Funds

Support is framed as enabling development of a single-map hub that helps shoppers, sellers, and local businesses thrive together; energizes neighborhood commerce; and advances reuse. A proposed use of funds includes launching a small-scale pilot test in a single neighborhood or town to validate user adoption and gather feedback before a wider launch. The proposed pilot would aim for a specific, small-scale metric, such as a goal of attracting 100 active users and 20 listing sellers during the pilot phase. As part of this effort to attract the 20 listing sellers, the team proposes a targeted outreach plan for the pilot phase, such as committing to attend two community events or distributing 50 physical flyers in the Maplewood neighborhood. The team also cites efforts to build an audience via community connections and targeted marketing. Additionally, a portion of funds is proposed to support a focused pre-pilot test of the ""Treasure Drops"" gamification mechanic with a small, defined user group (e.g., 20 beta testers) to validate engagement and refine the feature before the broader pilot launch. For this pre-pilot test, the team proposes a specific, small-scale metric, such as targeting 70% of the 20 beta testers to engage with at least one Treasure Drop. Furthermore, the team proposes a specific, small-scale test of the 'Plunder Pantry' redemption mechanic with a defined user group (e.g., 15 pilot users) and a clear metric, such as targeting 80% of those users to successfully redeem a doubloon for a physical reward, to validate the reward fulfillment logistics and user appeal. The team also proposes a small, defined test of a 'seller dashboard' feature with 5 pilot sellers to validate the ease of listing creation and management. As part of this pilot strategy, the team proposes seeking a targeted partnership with a single, named local business association or community group in the pilot neighborhood to help source initial sale listings and add credibility to the community-strengthening claim. The team proposes targeting the **Maplewood Neighborhood Association** for this partnership. Furthermore, the team proposes a small, defined test of the local-business ad feature during the pilot, such as offering geo-fenced offers from 3-5 specific businesses in the Maplewood neighborhood to validate the concept. The team also proposes exploring a potential, defined partnership with a single local print shop or shipping store in the Maplewood area, such as **Maplewood Pack & Ship**, to potentially serve as a merchandise fulfillment partner for the 'Plunder Pantry' in the future, framing it as an opportunity to support another small business and streamline logistics. The team also proposes a small, defined test of the route-planning feature's efficiency during the pilot, such as comparing the average distance traveled by 10 pilot users using the app's route planner versus a manually planned route for the same set of sales.

## Risks & Challenges

- **App development & dependencies:** Feature additions, testing needs, or changes by third-party mapping/payment services could cause delays. Mitigation: use an experienced development team, set clear milestones, and provide regular updates.
- **Physical reward fulfillment:** Merchandise depends on printing/production/shipping schedules. Mitigation: reliable suppliers already sourced; timelines to be confirmed before fulfillment; prompt communication and timeline adjustments if needed. The proposed specific test of the 'Plunder Pantry' redemption mechanic is intended to specifically address this challenge by validating fulfillment logistics with a small user group.
- **Audience growth:** Adoption depends on attracting both shoppers and sellers. Mitigation: active social outreach, local-business partnerships, and planned marketing campaigns. The proposed pilot test, the proposed pre-pilot gamification test (including its proposed engagement metric), the proposed test of the 'Plunder Pantry' redemption mechanic, the proposed test of the 'seller dashboard' feature, the proposed targeted partnership with the Maplewood Neighborhood Association, the proposed test of the local-business ad feature, the proposed targeted outreach plan for attracting listing sellers (such as committing to attend two community events or distributing 50 physical flyers in Maplewood), the proposed exploration of a potential fulfillment partnership with a local business like Maplewood Pack & Ship, and the proposed test of the route-planning feature's efficiency are intended to specifically address this challenge by testing adoption and engagement mechanics in controlled environments. The creators commit to transparent communication, regular progress reports, and keeping supporters informed throughout.

## Team & Partnerships

The project is led by the founders, drawing on an experienced development team for build/testing. The page mentions relationships with reliable merchandise suppliers and outreach to local businesses; no specific organizations or individuals are named. The team proposes seeking a partnership with the **Maplewood Neighborhood Association** as part of the pilot launch strategy. The team also proposes exploring a potential partnership with a local business like **Maplewood Pack & Ship** for future fulfillment.

## Support & Post-Launch Plans

The team promises regular updates and open communication about progress and any changes to delivery expectations. Post-crowdfunding plans include a proposed, focused pilot launch to refine the app based on real-world use before expanding. This plan now includes the proposed pre-pilot test of the ""Treasure Drops"" gamification mechanic (with its proposed engagement metric) to inform its final design, the proposed specific test of the 'Plunder Pantry' redemption mechanic (with its proposed metric) to validate fulfillment logistics and appeal, the proposed test of the 'seller dashboard' feature, the proposed targeted partnership with the Maplewood Neighborhood Association to support initial listing acquisition and community credibility, the proposed test of the local-business ad feature to validate its concept, the proposed targeted outreach plan (such as committing to attend two community events or distributing 50 physical flyers in Maplewood) to help attract the 20 listing sellers for the pilot, the proposed exploration of a potential fulfillment partnership with a local business like Maplewood Pack & Ship, and the proposed test of the route-planning feature's efficiency."
"baseline-viaia (L12.3)","baseline-local","## One-Sentence Summary

An AI-powered travel assistant and curated directory that connects travelers with trustworthy local accommodations, activities, and services in Venezuela while helping small providers gain visibility.

## Problem
The creators argue that most travel tools focus narrowly on bookings and profit, overlooking real traveler and provider challenges such as confusion, lack of guidance, and limited human connection. They say this gap is especially acute in Venezuela, where many small businesses offering memorable experiences are ""invisible"" online, making confident trip planning difficult.

## Solution / Product Overview
The proposed product is described as more than a site or app: it is a smart, conversational assistant designed to ""listen, assist, and connect"" in real time. It helps travelers discover trustworthy options while supporting providers through technology and storytelling that increases their visibility. To demonstrate this commitment to storytelling and immediate utility during development, the team plans to create a content series, such as 'Provider Spotlights' or practical 'Traveler Guides' for specific regions or concerns. An example of a planned 'Provider Spotlight' topic is 'A Coffee Farmer in the Andes,' showcasing the personal story and offerings of a local producer. A proposed 'Traveler Guide' topic is 'A Guide to Reliable Internet and Connectivity in Major Venezuelan Cities,' aimed at addressing a common, practical concern. To test this content approach, a small-scale test is proposed: publishing the connectivity guide as a standalone blog post and measuring user engagement and feedback before full platform integration. A proposed additional small-scale test for the content series is focused on a specific traveler persona, such as 'A Digital Nomad's First Week in Caracas,' to further validate demand for narrative guidance. The assistant aims to turn travel into a guided and human experience.

## Key Features & Capabilities
- Conversational AI that understands user needs and answers questions in real time.
- Personalized recommendations for accommodations, activities, and services.
- A curated directory of vetted local providers.
- Planned integration with reservation and payment systems in the future.
- Use of AI to enhance search, provide conversational support, and adapt recommendations over time.
- A planned content series to showcase providers and destinations through narrative and address practical traveler needs, illustrating the storytelling approach before full platform integration. This includes specific planned topics like 'A Coffee Farmer in the Andes' and proposed topics like 'A Guide to Reliable Internet and Connectivity in Major Venezuelan Cities.' A proposed small-scale test for the 'Traveler Guide' content is publishing the connectivity guide as a standalone blog post and measuring user engagement and feedback. A proposed additional small-scale test for the content series is focused on a specific traveler persona, such as 'A Digital Nomad's First Week in Caracas.'
- A proposed small, initial partnership test with a specific type of provider, such as a pilot with 5-10 guesthouses in Mérida, to test the directory and AI recommendations.
- A proposed additional small-scale test for the directory: manually curating and listing the 5-10 Mérida guesthouses in a simple, public webpage (not integrated with AI) to measure initial provider and traveler interest in the listings themselves.
- A proposed small-scale test for the conversational AI by creating a simple text-based demo focused on answering 3-5 common traveler questions about Venezuela and sharing it in a relevant online travel community to gather initial feedback on utility.
- A proposed small-scale test for the revenue model by outlining a hypothetical, simple commission structure (e.g., 5%) for the 5-10 pilot guesthouses in Mérida and calculating a potential monthly income projection based on estimated bookings to demonstrate financial viability.
- A proposed small-scale test for community building by creating a simple email list sign-up for the 'Digital Nomad's First Week in Caracas' guide and measuring conversion rate from the blog post.
- A proposed small-scale test for the payment integration concept by outlining a hypothetical, step-by-step manual booking process for the 5-10 Mérida guesthouses to demonstrate a clear path from discovery to transaction.
- A proposed small-scale test for the vetting process by detailing a hypothetical, transparent checklist for the 5-10 Mérida guesthouses (e.g., verification of business license, guest reviews, site visit) to demonstrate commitment to 'trustworthy' curation.

## Target Users & Use Cases
The campaign addresses two groups: travelers seeking reliable, contextual guidance in Venezuela, and local providers aiming to increase visibility and connect with visitors. Use cases include discovering trustworthy places to stay, activities to book, and services to arrange, along with accessing practical guidance and showcasing provider offerings through narrative content such as the planned series.

## Development Status
Work is underway ""step by step,"" with an AI assistant prototype and a curated directory as initial components. Integration with reservation and payment systems is listed as a next phase. The creation of a planned content series to highlight providers, regions, and practical concerns is also part of the development roadmap. The team describes experience in UX/UI, software development, and tourism innovation. A public beta is planned following further development.

## Roadmap & Delivery Plan
Planned milestones include: completing the conversational AI system; expanding the database of verified local services; designing and launching a public beta; cultivating a community of travelers and hosts who value meaningful tourism; creating a planned content series to demonstrate storytelling, increase provider visibility, and address practical traveler needs, with specific examples like a spotlight on a coffee farmer in the Andes and proposed guides on topics like reliable connectivity; proposing a small-scale test for the 'Traveler Guide' content, such as publishing the connectivity guide as a standalone blog post and measuring user engagement and feedback; proposing an additional small-scale test for the content series focused on a specific traveler persona, such as 'A Digital Nomad's First Week in Caracas'; proposing a small, initial partnership test with a specific type of provider, such as a pilot with 5-10 guesthouses in Mérida, to test the directory and AI recommendations; proposing an additional small-scale test for the directory by manually curating and listing the 5-10 Mérida guesthouses in a simple, public webpage (not integrated with AI) to measure initial provider and traveler interest in the listings themselves; proposing a small-scale test for the conversational AI by creating a simple text-based demo focused on answering 3-5 common traveler questions about Venezuela and sharing it in a relevant online travel community to gather initial feedback on utility; proposing a small-scale test for the revenue model by outlining a hypothetical, simple commission structure (e.g., 5%) for the 5-10 pilot guesthouses in Mérida and calculating a potential monthly income projection based on estimated bookings to demonstrate financial viability; proposing a small-scale test for community building by creating a simple email list sign-up for the 'Digital Nomad's First Week in Caracas' guide and measuring conversion rate from the blog post; proposing a small-scale test for the payment integration concept by outlining a hypothetical, step-by-step manual booking process for the 5-10 Mérida guesthouses to demonstrate a clear path from discovery to transaction; and proposing a small-scale test for the vetting process by detailing a hypothetical, transparent checklist for the 5-10 Mérida guesthouses (e.g., verification of business license, guest reviews, site visit) to demonstrate commitment to 'trustworthy' curation.

## Why Crowdfunding / Use of Funds
Backer support is positioned to enable completion of the AI system, growth of the verified service database, public beta launch, community building around responsible, authentic travel, and the creation of a planned content series.

## Risks & Challenges
Identified risks include technical complexity and potential development delays; maintaining accurate, up-to-date local data; market adoption hurdles requiring education and early-user community building; and external political, economic, or environmental factors affecting tourism in Venezuela. Mitigations cited are agile development and iterative testing, strong local partnerships for reliable data, feedback loops with early beta testers, and a flexible roadmap responsive to changing conditions.

## Environmental & Ethical Commitments
The team states commitments to long-lasting platform design, code reusability, use of eco-friendly materials for any physical items, working with environmentally conscious partners, and favoring digital over physical distribution. They also state that AI-powered functions use public, licensed, or provider-consented data with opt-in/out options and credit where required."
"baseline-voyagx (L12.4)","baseline-local","## One-Sentence Summary
A social travel app that helps people plan trips together, split costs, discover community-recommended spots, and meet compatible travel companions.

## Problem
The creators argue that trip planning is fragmented and often isolating, especially when coordinating with others, managing shared expenses, and finding authentic places beyond typical booking sites. They frame the gap as the lack of a single place to connect with fellow travelers, organize group logistics, and surface lesser-known destinations from real people.

## Solution / Product Overview
The product is presented as a ""new kind of travel app"" that combines social profiles, group travel spaces, in-app discovery, and messaging. Its goal is to ""turn strangers into travel companions"" and make every part of the journey ""easier and more social."" The campaign emphasizes that the core foundation exists and that additional features are being built to transform group travel. To ensure a focused launch, we propose an initial post-launch focus on the narrow user segment of 'solo travelers planning trips to Southeast Asia' to clarify our early adoption strategy. As part of refining this focus, we propose a planned, simple validation step: conducting 20 targeted user interviews with that specific demographic to refine the app's onboarding flow. To further optimize the first user experience, we propose a small, targeted A/B test for the onboarding flow with those same 20 interviewees, comparing two different welcome sequences to measure initial engagement. To test the core social discovery functionality, we propose a targeted market test for the discovery feature by planning a 30-day trial with a single, existing online community of solo travelers (e.g., a specific Facebook group focused on Southeast Asia) to measure engagement with profile browsing and initial messaging.

## Key Features & Capabilities
- **Group travel (""Troupes"")**: Dedicated spaces for organizing trips with others.
- **TripSplit**: In-app shared-expense management for activities, accommodations, and other costs, designed to reduce confusion and simplify payment tracking.
- **Hidden Gem Locator**: Community-submitted recommendations for unique, lesser-known places (e.g., local cafés, hikes, beaches, neighborhoods); the interface for this feature is still in development. For example, a user might submit a specific, lesser-known viewpoint in Lisbon, like ""Miradouro da Senhora do Monte,"" with a personal tip about the best time to visit. To seed the database with high-quality entries, we plan to initially reach out to 20 travel-focused content creators to solicit their recommendations.
- **Discovery, chat, and profiles**: Tools to find travelers, communicate, and showcase interests/experience.
- **VoyageFund (mentioned)**: Identified as a feature to be finalized, with no further details provided in the campaign. To inform its development, we propose a small, targeted validation step for the 'VoyageFund' feature by conducting 10 user interviews with the solo traveler demographic to understand their needs and preferences for a travel fund feature before development.

## Target Users & Use Cases
The app is positioned for solo travelers and groups who want to meet others, organize trips, split expenses, and share travel experiences in one place. Use cases include forming travel groups, coordinating activities, and finding community-endorsed spots at a destination. The proposed initial focus for post-launch is solo travelers planning trips to Southeast Asia.

## Development Status
The team states that a minimum viable product (core version) has been built and tested internally. Foundational elements---profiles, group travel spaces, and discovery---are in place. The Hidden Gem Locator's user interface remains under development.

## Roadmap & Delivery Plan
Support from the campaign is intended to complete development, enhance performance, and prepare for a stated global launch in Fall 2026. Listed priorities include finalizing TripSplit, VoyageFund, and the Hidden Gem Locator; improving scalability; refining UI/UX; and conducting marketing, community growth, and early feature testing. The team follows a milestone-driven roadmap with defined delivery targets. As part of the development and validation process, the team proposes a planned, small-scale market test for the TripSplit feature with a defined, hypothetical user group, such as a test with 50 university travel clubs.

## Proposed Revenue Model
For backers to consider, we propose a hypothetical revenue model to ensure long-term sustainability. This could include a freemium structure where core features remain free, while advanced trip planning tools, analytics, or enhanced group management become premium offerings. Alternatively, a model based on a commission from travel experiences or accommodations booked through integrated partners within the app is another potential avenue. The final model would be designed to align with user value and not detract from the core social experience. To inform this decision, we propose a hypothetical revenue model test: a small-scale pilot with 100 early users to gauge willingness to pay for one specific proposed premium feature, such as advanced group analytics, before finalizing the freemium structure. To further validate the potential partnership commission model, we propose a small, targeted partnership test with a single, specific hostel chain in Southeast Asia to integrate their booking data into the Hidden Gem Locator.

## Why Crowdfunding / Use of Funds
Funds will be applied to finishing the above features, optimizing cloud infrastructure and performance, refining the interface, and supporting marketing, community expansion, and early testing efforts, including the proposed TripSplit feature test, the planned outreach to content creators for the Hidden Gem Locator, the proposed validation step of 20 targeted user interviews with solo travelers planning trips to Southeast Asia, the proposed A/B test for the onboarding flow, the proposed targeted market test for the discovery feature with an existing online community, the proposed hypothetical revenue model test with 100 early users, the proposed targeted partnership test with a hostel chain, and the proposed small, targeted validation step for the VoyageFund feature.

## Risks & Challenges
Stated risks include timeline adjustments due to testing and app-store approvals, dependencies on third-party integrations (such as payment APIs), and the need to scale systems as usage grows. Mitigations cited: a contracted full-stack development team, hosting on a major cloud provider, a milestone-based plan, and budget allocations for testing, QA, and performance optimization. To demonstrate proactive risk management regarding third-party dependencies, we propose a small, targeted contingency test, such as a planned compatibility check with two specific third-party payment APIs (e.g., Stripe and Wise) during the TripSplit development.

## Team & Partnerships
The project is led by the founders with a dedicated full-stack development partner under ongoing contract; no individual names or external brands are emphasized beyond that description.

## Support & Post-Launch Plans
The team commits to open communication and regular updates to keep backers informed as the product progresses toward launch."
