"mode","step","candidate_id","operator","parent_a","parent_b","model_passed","decision_basis","model_unsupported_claims","passed","action","unsupported_claims","analysis","generated_plan","evaluated_plan"
"local","1","L1.1","specialized_rewrite","g12-s04","","False","model_audit","[""The venture also plans to explore a specific, limited pilot with a single sustainability certification body to test the fingerprinting process for supplier verification.""]","False","fallback_parent","[""The venture also plans to explore a specific, limited pilot with a single sustainability certification body to test the fingerprinting process for supplier verification.""]","The candidate introduces a new, specific plan for a pilot with a certification body. While the source material discusses plans to explore features and target users, it does not mention any plan for a pilot test. This addition is framed as a plan ('plans to explore'), but it constitutes a new, specific operational plan not present in the authorized source material, which only contains the venture's general concept and proposed explorations. According to the standard, new ideas are allowed only when they are 'explicitly framed as proposed, hypothetical, planned, or to be tested' *and* are part of the candidate's assembly of the concept from the source. This specific pilot plan is an invention not derived from the source.","## One-Sentence Summary
A privacy-first platform that generates verifiable digital fingerprints of ethical sourcing events and anchors them to a public, tamper-proof ledger, giving brands and consumers indisputable proof of provenance while protecting sensitive operational data.

## Problem
The venture plans to address a digital landscape saturated with manipulation and duplication, where it is increasingly difficult to establish what is original or real. The central challenge is enabling people to credibly prove the authenticity and first possession of a digital record—such as a donation confirmation or an impact report—amid pervasive skepticism and the ease of generating false claims. A specific, related challenge the venture plans to explore is the inefficiency and lack of standardization in the verification process for corporate matching gift programs, where employees often face cumbersome manual steps to prove their donations, creating friction that reduces participation.

## Target Users & Use Cases
The venture plans to target both brands seeking to validate their supply chains and consumers looking for trustworthy ethical goods. Primary scenarios include discovering vetted, ethical suppliers (from large, global operations to local, artisanal producers), verifying material provenance with confidence, and providing transparent proof of sourcing standards to end customers. A planned, specific target user group for initial outreach is procurement teams within consumer goods companies participating in sustainability certification or reporting programs, who need a streamlined way to discover vetted suppliers and provide indisputable proof of their ethical sourcing actions to qualify for certifications or meet regulatory requirements.

## Solution / Product Overview
The venture plans to build a tool that creates a digital fingerprint of a user's charitable event data—such as a donation receipt or a nonprofit's impact milestone—and records proof of that fingerprint on a public, time-stamped ledger. The approach is proposed to be secure and privacy-preserving: users would not upload sensitive raw data; instead, a compact fingerprint would serve as durable evidence. This is positioned as a quiet safeguard for digital truth that donors, nonprofits, and verifying partners can rely on. To increase trust, the team plans to explore adding a decentralized, community-run witness network to provide a secondary, distributed layer of attestation to the ledger's timestamps. Furthermore, the venture plans to explore the development of a simple, open-source verification widget that any third-party website (like a nonprofit's blog or a corporate social responsibility page) could embed to allow visitors to independently verify the timestamp and authenticity of a claimed charitable fingerprint directly from that page.

## Delivery Model
The venture plans a lightweight, privacy-first implementation. It would not store sensitive donor financial details or the underlying event files. Instead, it would generate compact, anonymized fingerprints of that data for ledger anchoring. The goal is a secure and resource-conscious design that maintains long-term verifiability with minimal infrastructure. The team plans to build a clean public interface and supporting infrastructure to make the verification tools usable by its target audience. The venture also plans to explore a specific, limited pilot with a single sustainability certification body to test the fingerprinting process for supplier verification.

## Revenue Logic
The venture plans to generate revenue primarily through a transaction-based model, charging a fee for each verifiable digital fingerprint anchored to the public ledger. This would apply to brands, suppliers, and potentially other entities (such as nonprofits in the matching gift use case) seeking to create a permanent, auditable record of an ethical sourcing event or donation. The venture also plans to explore offering optional subscription tiers for high-volume users, which could include advanced provenance reporting features, supply chain management capabilities, or enhanced integration services for enterprise procurement or certification programs. An initial free trial period for generating a limited number of fingerprints is proposed to onboard partners.

## Distinctiveness
The venture aims to differentiate itself by offering heirloom-quality goods that merge immediate, tangible material qualities with enduring digital proof of ethical sourcing. Its proposed system does not just provide a product; it aims to create a permanent, independently verifiable record that the materials were sourced according to specific ethical standards at a specific time, addressing the credibility problem of sustainability claims. This focus on verifiable provenance from a specific, ethical source is presented as a unique safeguard for both consumer trust and material truth. The venture plans to explore a further point of differentiation: structuring its public ledger not just as a tamper-proof record, but as a machine-readable, open registry of ethical sourcing standards. This would allow the fingerprints to be programmatically linked to the precise definitions of the ethical standards they claim to uphold, aiming to create a new layer of semantic clarity and auditability that is missing from current provenance claims.","--- BEGIN PROJECT ---
## One-Sentence Summary
A privacy-first platform that generates verifiable digital fingerprints of ethical sourcing events and anchors them to a public, tamper-proof ledger, giving brands and consumers indisputable proof of provenance while protecting sensitive operational data.

## Problem
The venture plans to address a digital landscape saturated with manipulation and duplication, where it is increasingly difficult to establish what is original or real. The central challenge is enabling people to credibly prove the authenticity and first possession of a digital record—such as a donation confirmation or an impact report—amid pervasive skepticism and the ease of generating false claims. A specific, related challenge the venture plans to explore is the inefficiency and lack of standardization in the verification process for corporate matching gift programs, where employees often face cumbersome manual steps to prove their donations, creating friction that reduces participation.

## Target Users & Use Cases
The venture plans to target both brands seeking to validate their supply chains and consumers looking for trustworthy ethical goods. Primary scenarios include discovering vetted, ethical suppliers (from large, global operations to local, artisanal producers), verifying material provenance with confidence, and providing transparent proof of sourcing standards to end customers. A planned, specific target user group for initial outreach is procurement teams within consumer goods companies participating in sustainability certification or reporting programs, who need a streamlined way to discover vetted suppliers and provide indisputable proof of their ethical sourcing actions to qualify for certifications or meet regulatory requirements.

## Solution / Product Overview
The venture plans to build a tool that creates a digital fingerprint of a user's charitable event data—such as a donation receipt or a nonprofit's impact milestone—and records proof of that fingerprint on a public, time-stamped ledger. The approach is proposed to be secure and privacy-preserving: users would not upload sensitive raw data; instead, a compact fingerprint would serve as durable evidence. This is positioned as a quiet safeguard for digital truth that donors, nonprofits, and verifying partners can rely on. To increase trust, the team plans to explore adding a decentralized, community-run witness network to provide a secondary, distributed layer of attestation to the ledger's timestamps. Furthermore, the venture plans to explore the development of a simple, open-source verification widget that any third-party website (like a nonprofit's blog or a corporate social responsibility page) could embed to allow visitors to independently verify the timestamp and authenticity of a claimed charitable fingerprint directly from that page.

## Delivery Model
The venture plans a lightweight, privacy-first implementation. It would not store sensitive donor financial details or the underlying event files. Instead, it would generate compact, anonymized fingerprints of that data for ledger anchoring. The goal is a secure and resource-conscious design that maintains long-term verifiability with minimal infrastructure. The team plans to build a clean public interface and supporting infrastructure to make the verification tools usable by its target audience.

## Revenue Logic
The venture plans to generate revenue primarily through a transaction-based model, charging a fee for each verifiable digital fingerprint anchored to the public ledger. This would apply to brands, suppliers, and potentially other entities (such as nonprofits in the matching gift use case) seeking to create a permanent, auditable record of an ethical sourcing event or donation. The venture also plans to explore offering optional subscription tiers for high-volume users, which could include advanced provenance reporting features, supply chain management capabilities, or enhanced integration services for enterprise procurement or certification programs. An initial free trial period for generating a limited number of fingerprints is proposed to onboard partners.

## Distinctiveness
The venture aims to differentiate itself by offering heirloom-quality goods that merge immediate, tangible material qualities with enduring digital proof of ethical sourcing. Its proposed system does not just provide a product; it aims to create a permanent, independently verifiable record that the materials were sourced according to specific ethical standards at a specific time, addressing the credibility problem of sustainability claims. This focus on verifiable provenance from a specific, ethical source is presented as a unique safeguard for both consumer trust and material truth. The venture plans to explore a further point of differentiation: structuring its public ledger not just as a tamper-proof record, but as a machine-readable, open registry of ethical sourcing standards. This would allow the fingerprints to be programmatically linked to the precise definitions of the ethical standards they claim to uphold, aiming to create a new layer of semantic clarity and auditability that is missing from current provenance claims.
--- END PROJECT ---"
"local","1","L1.2","specialized_rewrite","g12-s04","","True","model_audit","[]","True","accepted","[]","All statements about the venture's status, accomplishments, and evidence are framed as future plans, proposals, or explorations (e.g., 'plans to explore', 'proposed to be', 'aims to'). The new detail about a hypothetical API endpoint is explicitly framed as a future exploration ('plans to explore providing'). No claims of existing traction, customers, development status, or other real-world evidence are made.","## One-Sentence Summary
A privacy-first platform that generates verifiable digital fingerprints of ethical sourcing events and anchors them to a public, tamper-proof ledger, giving brands and consumers indisputable proof of provenance while protecting sensitive operational data.

## Problem
The venture plans to address a digital landscape saturated with manipulation and duplication, where it is increasingly difficult to establish what is original or real. The central challenge is enabling people to credibly prove the authenticity and first possession of a digital record—such as a donation confirmation or an impact report—amid pervasive skepticism and the ease of generating false claims. A specific, related challenge the venture plans to explore is the inefficiency and lack of standardization in the verification process for corporate matching gift programs, where employees often face cumbersome manual steps to prove their donations, creating friction that reduces participation.

## Target Users & Use Cases
The venture plans to target both brands seeking to validate their supply chains and consumers looking for trustworthy ethical goods. Primary scenarios include discovering vetted, ethical suppliers (from large, global operations to local, artisanal producers), verifying material provenance with confidence, and providing transparent proof of sourcing standards to end customers. A planned, specific target user group for initial outreach is procurement teams within consumer goods companies participating in sustainability certification or reporting programs, who need a streamlined way to discover vetted suppliers and provide indisputable proof of their ethical sourcing actions to qualify for certifications or meet regulatory requirements.

## Solution / Product Overview
The venture plans to build a tool that creates a digital fingerprint of a user's charitable event data—such as a donation receipt or a nonprofit's impact milestone—and records proof of that fingerprint on a public, time-stamped ledger. The approach is proposed to be secure and privacy-preserving: users would not upload sensitive raw data; instead, a compact fingerprint would serve as durable evidence. This is positioned as a quiet safeguard for digital truth that donors, nonprofits, and verifying partners can rely on. To increase trust, the team plans to explore adding a decentralized, community-run witness network to provide a secondary, distributed layer of attestation to the ledger's timestamps. Furthermore, the venture plans to explore the development of a simple, open-source verification widget that any third-party website (like a nonprofit's blog or a corporate social responsibility page) could embed to allow visitors to independently verify the timestamp and authenticity of a claimed charitable fingerprint directly from that page. The venture also plans to explore providing a simple, hypothetical API endpoint for procurement software to query the ledger, aiming to reduce integration friction for enterprise users who need to automate verification within their existing systems.

## Delivery Model
The venture plans a lightweight, privacy-first implementation. It would not store sensitive donor financial details or the underlying event files. Instead, it would generate compact, anonymized fingerprints of that data for ledger anchoring. The goal is a secure and resource-conscious design that maintains long-term verifiability with minimal infrastructure. The team plans to build a clean public interface and supporting infrastructure to make the verification tools usable by its target audience.

## Revenue Logic
The venture plans to generate revenue primarily through a transaction-based model, charging a fee for each verifiable digital fingerprint anchored to the public ledger. This would apply to brands, suppliers, and potentially other entities (such as nonprofits in the matching gift use case) seeking to create a permanent, auditable record of an ethical sourcing event or donation. The venture also plans to explore offering optional subscription tiers for high-volume users, which could include advanced provenance reporting features, supply chain management capabilities, or enhanced integration services for enterprise procurement or certification programs. An initial free trial period for generating a limited number of fingerprints is proposed to onboard partners.

## Distinctiveness
The venture aims to differentiate itself by offering heirloom-quality goods that merge immediate, tangible material qualities with enduring digital proof of ethical sourcing. Its proposed system does not just provide a product; it aims to create a permanent, independently verifiable record that the materials were sourced according to specific ethical standards at a specific time, addressing the credibility problem of sustainability claims. This focus on verifiable provenance from a specific, ethical source is presented as a unique safeguard for both consumer trust and material truth. The venture plans to explore a further point of differentiation: structuring its public ledger not just as a tamper-proof record, but as a machine-readable, open registry of ethical sourcing standards. This would allow the fingerprints to be programmatically linked to the precise definitions of the ethical standards they claim to uphold, aiming to create a new layer of semantic clarity and auditability that is missing from current provenance claims.","## One-Sentence Summary
A privacy-first platform that generates verifiable digital fingerprints of ethical sourcing events and anchors them to a public, tamper-proof ledger, giving brands and consumers indisputable proof of provenance while protecting sensitive operational data.

## Problem
The venture plans to address a digital landscape saturated with manipulation and duplication, where it is increasingly difficult to establish what is original or real. The central challenge is enabling people to credibly prove the authenticity and first possession of a digital record—such as a donation confirmation or an impact report—amid pervasive skepticism and the ease of generating false claims. A specific, related challenge the venture plans to explore is the inefficiency and lack of standardization in the verification process for corporate matching gift programs, where employees often face cumbersome manual steps to prove their donations, creating friction that reduces participation.

## Target Users & Use Cases
The venture plans to target both brands seeking to validate their supply chains and consumers looking for trustworthy ethical goods. Primary scenarios include discovering vetted, ethical suppliers (from large, global operations to local, artisanal producers), verifying material provenance with confidence, and providing transparent proof of sourcing standards to end customers. A planned, specific target user group for initial outreach is procurement teams within consumer goods companies participating in sustainability certification or reporting programs, who need a streamlined way to discover vetted suppliers and provide indisputable proof of their ethical sourcing actions to qualify for certifications or meet regulatory requirements.

## Solution / Product Overview
The venture plans to build a tool that creates a digital fingerprint of a user's charitable event data—such as a donation receipt or a nonprofit's impact milestone—and records proof of that fingerprint on a public, time-stamped ledger. The approach is proposed to be secure and privacy-preserving: users would not upload sensitive raw data; instead, a compact fingerprint would serve as durable evidence. This is positioned as a quiet safeguard for digital truth that donors, nonprofits, and verifying partners can rely on. To increase trust, the team plans to explore adding a decentralized, community-run witness network to provide a secondary, distributed layer of attestation to the ledger's timestamps. Furthermore, the venture plans to explore the development of a simple, open-source verification widget that any third-party website (like a nonprofit's blog or a corporate social responsibility page) could embed to allow visitors to independently verify the timestamp and authenticity of a claimed charitable fingerprint directly from that page. The venture also plans to explore providing a simple, hypothetical API endpoint for procurement software to query the ledger, aiming to reduce integration friction for enterprise users who need to automate verification within their existing systems.

## Delivery Model
The venture plans a lightweight, privacy-first implementation. It would not store sensitive donor financial details or the underlying event files. Instead, it would generate compact, anonymized fingerprints of that data for ledger anchoring. The goal is a secure and resource-conscious design that maintains long-term verifiability with minimal infrastructure. The team plans to build a clean public interface and supporting infrastructure to make the verification tools usable by its target audience.

## Revenue Logic
The venture plans to generate revenue primarily through a transaction-based model, charging a fee for each verifiable digital fingerprint anchored to the public ledger. This would apply to brands, suppliers, and potentially other entities (such as nonprofits in the matching gift use case) seeking to create a permanent, auditable record of an ethical sourcing event or donation. The venture also plans to explore offering optional subscription tiers for high-volume users, which could include advanced provenance reporting features, supply chain management capabilities, or enhanced integration services for enterprise procurement or certification programs. An initial free trial period for generating a limited number of fingerprints is proposed to onboard partners.

## Distinctiveness
The venture aims to differentiate itself by offering heirloom-quality goods that merge immediate, tangible material qualities with enduring digital proof of ethical sourcing. Its proposed system does not just provide a product; it aims to create a permanent, independently verifiable record that the materials were sourced according to specific ethical standards at a specific time, addressing the credibility problem of sustainability claims. This focus on verifiable provenance from a specific, ethical source is presented as a unique safeguard for both consumer trust and material truth. The venture plans to explore a further point of differentiation: structuring its public ledger not just as a tamper-proof record, but as a machine-readable, open registry of ethical sourcing standards. This would allow the fingerprints to be programmatically linked to the precise definitions of the ethical standards they claim to uphold, aiming to create a new layer of semantic clarity and auditability that is missing from current provenance claims."
"local","1","L1.3","specialized_rewrite","g12-s04","","True","model_audit","[]","True","accepted","[]","All statements about the venture's status, evidence, or accomplishments are framed as future plans, proposals, or explorations (e.g., 'plans to explore', 'proposed to be', 'aims to differentiate'). The only significant addition in the candidate is the detailed description of a 'tiered pricing test' for the transaction fee, which is explicitly framed as a future plan to explore ('plans to explore a tiered pricing test'). This is a new, proposed test and does not claim any existing traction, results, or current implementation. All other content is verbatim or a faithful restatement of the source material's proposed concept.","## One-Sentence Summary
A privacy-first platform that generates verifiable digital fingerprints of ethical sourcing events and anchors them to a public, tamper-proof ledger, giving brands and consumers indisputable proof of provenance while protecting sensitive operational data.

## Problem
The venture plans to address a digital landscape saturated with manipulation and duplication, where it is increasingly difficult to establish what is original or real. The central challenge is enabling people to credibly prove the authenticity and first possession of a digital record—such as a donation confirmation or an impact report—amid pervasive skepticism and the ease of generating false claims. A specific, related challenge the venture plans to explore is the inefficiency and lack of standardization in the verification process for corporate matching gift programs, where employees often face cumbersome manual steps to prove their donations, creating friction that reduces participation.

## Target Users & Use Cases
The venture plans to target both brands seeking to validate their supply chains and consumers looking for trustworthy ethical goods. Primary scenarios include discovering vetted, ethical suppliers (from large, global operations to local, artisanal producers), verifying material provenance with confidence, and providing transparent proof of sourcing standards to end customers. A planned, specific target user group for initial outreach is procurement teams within consumer goods companies participating in sustainability certification or reporting programs, who need a streamlined way to discover vetted suppliers and provide indisputable proof of their ethical sourcing actions to qualify for certifications or meet regulatory requirements.

## Solution / Product Overview
The venture plans to build a tool that creates a digital fingerprint of a user's charitable event data—such as a donation receipt or a nonprofit's impact milestone—and records proof of that fingerprint on a public, time-stamped ledger. The approach is proposed to be secure and privacy-preserving: users would not upload sensitive raw data; instead, a compact fingerprint would serve as durable evidence. This is positioned as a quiet safeguard for digital truth that donors, nonprofits, and verifying partners can rely on. To increase trust, the team plans to explore adding a decentralized, community-run witness network to provide a secondary, distributed layer of attestation to the ledger's timestamps. Furthermore, the venture plans to explore the development of a simple, open-source verification widget that any third-party website (like a nonprofit's blog or a corporate social responsibility page) could embed to allow visitors to independently verify the timestamp and authenticity of a claimed charitable fingerprint directly from that page.

## Delivery Model
The venture plans a lightweight, privacy-first implementation. It would not store sensitive donor financial details or the underlying event files. Instead, it would generate compact, anonymized fingerprints of that data for ledger anchoring. The goal is a secure and resource-conscious design that maintains long-term verifiability with minimal infrastructure. The team plans to build a clean public interface and supporting infrastructure to make the verification tools usable by its target audience.

## Revenue Logic
The venture plans to generate revenue primarily through a transaction-based model, charging a fee for each verifiable digital fingerprint anchored to the public ledger. This would apply to brands, suppliers, and potentially other entities (such as nonprofits in the matching gift use case) seeking to create a permanent, auditable record of an ethical sourcing event or donation. The venture plans to explore a tiered pricing test for this transaction fee, where the fee would vary based on the complexity of the data being fingerprinted (e.g., a lower fee for a simple receipt versus a higher fee for a multi-tier supply chain event with numerous data points) to explore price sensitivity among different user segments and use cases. The venture also plans to explore offering optional subscription tiers for high-volume users, which could include advanced provenance reporting features, supply chain management capabilities, or enhanced integration services for enterprise procurement or certification programs. An initial free trial period for generating a limited number of fingerprints is proposed to onboard partners.

## Distinctiveness
The venture aims to differentiate itself by offering heirloom-quality goods that merge immediate, tangible material qualities with enduring digital proof of ethical sourcing. Its proposed system does not just provide a product; it aims to create a permanent, independently verifiable record that the materials were sourced according to specific ethical standards at a specific time, addressing the credibility problem of sustainability claims. This focus on verifiable provenance from a specific, ethical source is presented as a unique safeguard for both consumer trust and material truth. The venture plans to explore a further point of differentiation: structuring its public ledger not just as a tamper-proof record, but as a machine-readable, open registry of ethical sourcing standards. This would allow the fingerprints to be programmatically linked to the precise definitions of the ethical standards they claim to uphold, aiming to create a new layer of semantic clarity and auditability that is missing from current provenance claims.","## One-Sentence Summary
A privacy-first platform that generates verifiable digital fingerprints of ethical sourcing events and anchors them to a public, tamper-proof ledger, giving brands and consumers indisputable proof of provenance while protecting sensitive operational data.

## Problem
The venture plans to address a digital landscape saturated with manipulation and duplication, where it is increasingly difficult to establish what is original or real. The central challenge is enabling people to credibly prove the authenticity and first possession of a digital record—such as a donation confirmation or an impact report—amid pervasive skepticism and the ease of generating false claims. A specific, related challenge the venture plans to explore is the inefficiency and lack of standardization in the verification process for corporate matching gift programs, where employees often face cumbersome manual steps to prove their donations, creating friction that reduces participation.

## Target Users & Use Cases
The venture plans to target both brands seeking to validate their supply chains and consumers looking for trustworthy ethical goods. Primary scenarios include discovering vetted, ethical suppliers (from large, global operations to local, artisanal producers), verifying material provenance with confidence, and providing transparent proof of sourcing standards to end customers. A planned, specific target user group for initial outreach is procurement teams within consumer goods companies participating in sustainability certification or reporting programs, who need a streamlined way to discover vetted suppliers and provide indisputable proof of their ethical sourcing actions to qualify for certifications or meet regulatory requirements.

## Solution / Product Overview
The venture plans to build a tool that creates a digital fingerprint of a user's charitable event data—such as a donation receipt or a nonprofit's impact milestone—and records proof of that fingerprint on a public, time-stamped ledger. The approach is proposed to be secure and privacy-preserving: users would not upload sensitive raw data; instead, a compact fingerprint would serve as durable evidence. This is positioned as a quiet safeguard for digital truth that donors, nonprofits, and verifying partners can rely on. To increase trust, the team plans to explore adding a decentralized, community-run witness network to provide a secondary, distributed layer of attestation to the ledger's timestamps. Furthermore, the venture plans to explore the development of a simple, open-source verification widget that any third-party website (like a nonprofit's blog or a corporate social responsibility page) could embed to allow visitors to independently verify the timestamp and authenticity of a claimed charitable fingerprint directly from that page.

## Delivery Model
The venture plans a lightweight, privacy-first implementation. It would not store sensitive donor financial details or the underlying event files. Instead, it would generate compact, anonymized fingerprints of that data for ledger anchoring. The goal is a secure and resource-conscious design that maintains long-term verifiability with minimal infrastructure. The team plans to build a clean public interface and supporting infrastructure to make the verification tools usable by its target audience.

## Revenue Logic
The venture plans to generate revenue primarily through a transaction-based model, charging a fee for each verifiable digital fingerprint anchored to the public ledger. This would apply to brands, suppliers, and potentially other entities (such as nonprofits in the matching gift use case) seeking to create a permanent, auditable record of an ethical sourcing event or donation. The venture plans to explore a tiered pricing test for this transaction fee, where the fee would vary based on the complexity of the data being fingerprinted (e.g., a lower fee for a simple receipt versus a higher fee for a multi-tier supply chain event with numerous data points) to explore price sensitivity among different user segments and use cases. The venture also plans to explore offering optional subscription tiers for high-volume users, which could include advanced provenance reporting features, supply chain management capabilities, or enhanced integration services for enterprise procurement or certification programs. An initial free trial period for generating a limited number of fingerprints is proposed to onboard partners.

## Distinctiveness
The venture aims to differentiate itself by offering heirloom-quality goods that merge immediate, tangible material qualities with enduring digital proof of ethical sourcing. Its proposed system does not just provide a product; it aims to create a permanent, independently verifiable record that the materials were sourced according to specific ethical standards at a specific time, addressing the credibility problem of sustainability claims. This focus on verifiable provenance from a specific, ethical source is presented as a unique safeguard for both consumer trust and material truth. The venture plans to explore a further point of differentiation: structuring its public ledger not just as a tamper-proof record, but as a machine-readable, open registry of ethical sourcing standards. This would allow the fingerprints to be programmatically linked to the precise definitions of the ethical standards they claim to uphold, aiming to create a new layer of semantic clarity and auditability that is missing from current provenance claims."
"local","1","L1.4","specialized_rewrite","g12-s04","","False","model_audit","[""The team also plans to explore a partnership outreach to one open-source project management tool used by nonprofits to explore embedding the verification widget, framing it as a target for collaboration to increase accessibility for nonprofit users.""]","False","fallback_parent","[""The team also plans to explore a partnership outreach to one open-source project management tool used by nonprofits to explore embedding the verification widget, framing it as a target for collaboration to increase accessibility for nonprofit users.""]","The candidate introduces a new, specific partnership target (an open-source project management tool used by nonprofits) that is not present in the authorized source material. While the source material mentions exploring a verification widget and general third-party websites, it does not specify any existing plans for outreach to a particular tool or project. This claim presents a specific, planned collaboration as part of the venture's concept, which is an unsupported addition of a concrete plan not found in the source.","## One-Sentence Summary
A privacy-first platform that generates verifiable digital fingerprints of ethical sourcing events and anchors them to a public, tamper-proof ledger, giving brands and consumers indisputable proof of provenance while protecting sensitive operational data.

## Problem
The venture plans to address a digital landscape saturated with manipulation and duplication, where it is increasingly difficult to establish what is original or real. The central challenge is enabling people to credibly prove the authenticity and first possession of a digital record—such as a donation confirmation or an impact report—amid pervasive skepticism and the ease of generating false claims. A specific, related challenge the venture plans to explore is the inefficiency and lack of standardization in the verification process for corporate matching gift programs, where employees often face cumbersome manual steps to prove their donations, creating friction that reduces participation.

## Target Users & Use Cases
The venture plans to target both brands seeking to validate their supply chains and consumers looking for trustworthy ethical goods. Primary scenarios include discovering vetted, ethical suppliers (from large, global operations to local, artisanal producers), verifying material provenance with confidence, and providing transparent proof of sourcing standards to end customers. A planned, specific target user group for initial outreach is procurement teams within consumer goods companies participating in sustainability certification or reporting programs, who need a streamlined way to discover vetted suppliers and provide indisputable proof of their ethical sourcing actions to qualify for certifications or meet regulatory requirements.

## Solution / Product Overview
The venture plans to build a tool that creates a digital fingerprint of a user's charitable event data—such as a donation receipt or a nonprofit's impact milestone—and records proof of that fingerprint on a public, time-stamped ledger. The approach is proposed to be secure and privacy-preserving: users would not upload sensitive raw data; instead, a compact fingerprint would serve as durable evidence. This is positioned as a quiet safeguard for digital truth that donors, nonprofits, and verifying partners can rely on. To increase trust, the team plans to explore adding a decentralized, community-run witness network to provide a secondary, distributed layer of attestation to the ledger's timestamps. Furthermore, the venture plans to explore the development of a simple, open-source verification widget that any third-party website (like a nonprofit's blog or a corporate social responsibility page) could embed to allow visitors to independently verify the timestamp and authenticity of a claimed charitable fingerprint directly from that page. The team also plans to explore a partnership outreach to one open-source project management tool used by nonprofits to explore embedding the verification widget, framing it as a target for collaboration to increase accessibility for nonprofit users.

## Delivery Model
The venture plans a lightweight, privacy-first implementation. It would not store sensitive donor financial details or the underlying event files. Instead, it would generate compact, anonymized fingerprints of that data for ledger anchoring. The goal is a secure and resource-conscious design that maintains long-term verifiability with minimal infrastructure. The team plans to build a clean public interface and supporting infrastructure to make the verification tools usable by its target audience.

## Revenue Logic
The venture plans to generate revenue primarily through a transaction-based model, charging a fee for each verifiable digital fingerprint anchored to the public ledger. This would apply to brands, suppliers, and potentially other entities (such as nonprofits in the matching gift use case) seeking to create a permanent, auditable record of an ethical sourcing event or donation. The venture also plans to explore offering optional subscription tiers for high-volume users, which could include advanced provenance reporting features, supply chain management capabilities, or enhanced integration services for enterprise procurement or certification programs. An initial free trial period for generating a limited number of fingerprints is proposed to onboard partners.

## Distinctiveness
The venture aims to differentiate itself by offering heirloom-quality goods that merge immediate, tangible material qualities with enduring digital proof of ethical sourcing. Its proposed system does not just provide a product; it aims to create a permanent, independently verifiable record that the materials were sourced according to specific ethical standards at a specific time, addressing the credibility problem of sustainability claims. This focus on verifiable provenance from a specific, ethical source is presented as a unique safeguard for both consumer trust and material truth. The venture plans to explore a further point of differentiation: structuring its public ledger not just as a tamper-proof record, but as a machine-readable, open registry of ethical sourcing standards. This would allow the fingerprints to be programmatically linked to the precise definitions of the ethical standards they claim to uphold, aiming to create a new layer of semantic clarity and auditability that is missing from current provenance claims.","--- BEGIN PROJECT ---
## One-Sentence Summary
A privacy-first platform that generates verifiable digital fingerprints of ethical sourcing events and anchors them to a public, tamper-proof ledger, giving brands and consumers indisputable proof of provenance while protecting sensitive operational data.

## Problem
The venture plans to address a digital landscape saturated with manipulation and duplication, where it is increasingly difficult to establish what is original or real. The central challenge is enabling people to credibly prove the authenticity and first possession of a digital record—such as a donation confirmation or an impact report—amid pervasive skepticism and the ease of generating false claims. A specific, related challenge the venture plans to explore is the inefficiency and lack of standardization in the verification process for corporate matching gift programs, where employees often face cumbersome manual steps to prove their donations, creating friction that reduces participation.

## Target Users & Use Cases
The venture plans to target both brands seeking to validate their supply chains and consumers looking for trustworthy ethical goods. Primary scenarios include discovering vetted, ethical suppliers (from large, global operations to local, artisanal producers), verifying material provenance with confidence, and providing transparent proof of sourcing standards to end customers. A planned, specific target user group for initial outreach is procurement teams within consumer goods companies participating in sustainability certification or reporting programs, who need a streamlined way to discover vetted suppliers and provide indisputable proof of their ethical sourcing actions to qualify for certifications or meet regulatory requirements.

## Solution / Product Overview
The venture plans to build a tool that creates a digital fingerprint of a user's charitable event data—such as a donation receipt or a nonprofit's impact milestone—and records proof of that fingerprint on a public, time-stamped ledger. The approach is proposed to be secure and privacy-preserving: users would not upload sensitive raw data; instead, a compact fingerprint would serve as durable evidence. This is positioned as a quiet safeguard for digital truth that donors, nonprofits, and verifying partners can rely on. To increase trust, the team plans to explore adding a decentralized, community-run witness network to provide a secondary, distributed layer of attestation to the ledger's timestamps. Furthermore, the venture plans to explore the development of a simple, open-source verification widget that any third-party website (like a nonprofit's blog or a corporate social responsibility page) could embed to allow visitors to independently verify the timestamp and authenticity of a claimed charitable fingerprint directly from that page.

## Delivery Model
The venture plans a lightweight, privacy-first implementation. It would not store sensitive donor financial details or the underlying event files. Instead, it would generate compact, anonymized fingerprints of that data for ledger anchoring. The goal is a secure and resource-conscious design that maintains long-term verifiability with minimal infrastructure. The team plans to build a clean public interface and supporting infrastructure to make the verification tools usable by its target audience.

## Revenue Logic
The venture plans to generate revenue primarily through a transaction-based model, charging a fee for each verifiable digital fingerprint anchored to the public ledger. This would apply to brands, suppliers, and potentially other entities (such as nonprofits in the matching gift use case) seeking to create a permanent, auditable record of an ethical sourcing event or donation. The venture also plans to explore offering optional subscription tiers for high-volume users, which could include advanced provenance reporting features, supply chain management capabilities, or enhanced integration services for enterprise procurement or certification programs. An initial free trial period for generating a limited number of fingerprints is proposed to onboard partners.

## Distinctiveness
The venture aims to differentiate itself by offering heirloom-quality goods that merge immediate, tangible material qualities with enduring digital proof of ethical sourcing. Its proposed system does not just provide a product; it aims to create a permanent, independently verifiable record that the materials were sourced according to specific ethical standards at a specific time, addressing the credibility problem of sustainability claims. This focus on verifiable provenance from a specific, ethical source is presented as a unique safeguard for both consumer trust and material truth. The venture plans to explore a further point of differentiation: structuring its public ledger not just as a tamper-proof record, but as a machine-readable, open registry of ethical sourcing standards. This would allow the fingerprints to be programmatically linked to the precise definitions of the ethical standards they claim to uphold, aiming to create a new layer of semantic clarity and auditability that is missing from current provenance claims.
--- END PROJECT ---"
"local","1","L1.5","specialized_rewrite","g12-s04","","True","model_audit","[]","True","accepted","[]","All statements in the candidate are either directly copied from the source material or are new proposals clearly framed as future plans (e.g., 'plans to develop a public verification badge'). No claims about existing traction, customers, development status, or other real-world evidence were introduced.","## One-Sentence Summary
A privacy-first platform that generates verifiable digital fingerprints of ethical sourcing events and anchors them to a public, tamper-proof ledger, giving brands and consumers indisputable proof of provenance while protecting sensitive operational data.

## Problem
The venture plans to address a digital landscape saturated with manipulation and duplication, where it is increasingly difficult to establish what is original or real. The central challenge is enabling people to credibly prove the authenticity and first possession of a digital record—such as a donation confirmation or an impact report—amid pervasive skepticism and the ease of generating false claims. A specific, related challenge the venture plans to explore is the inefficiency and lack of standardization in the verification process for corporate matching gift programs, where employees often face cumbersome manual steps to prove their donations, creating friction that reduces participation.

## Target Users & Use Cases
The venture plans to target both brands seeking to validate their supply chains and consumers looking for trustworthy ethical goods. Primary scenarios include discovering vetted, ethical suppliers (from large, global operations to local, artisanal producers), verifying material provenance with confidence, and providing transparent proof of sourcing standards to end customers. A planned, specific target user group for initial outreach is procurement teams within consumer goods companies participating in sustainability certification or reporting programs, who need a streamlined way to discover vetted suppliers and provide indisputable proof of their ethical sourcing actions to qualify for certifications or meet regulatory requirements.

## Solution / Product Overview
The venture plans to build a tool that creates a digital fingerprint of a user's charitable event data—such as a donation receipt or a nonprofit's impact milestone—and records proof of that fingerprint on a public, time-stamped ledger. The approach is proposed to be secure and privacy-preserving: users would not upload sensitive raw data; instead, a compact fingerprint would serve as durable evidence. This is positioned as a quiet safeguard for digital truth that donors, nonprofits, and verifying partners can rely on. To increase trust, the team plans to explore adding a decentralized, community-run witness network to provide a secondary, distributed layer of attestation to the ledger's timestamps. Furthermore, the venture plans to explore the development of a simple, open-source verification widget that any third-party website could embed to allow visitors to independently verify the timestamp and authenticity of a claimed charitable fingerprint directly from that page. Additionally, the venture plans to develop a public 'verification badge' design that brands can display on product pages or marketing materials. This badge would be linked directly to the ledger entry, aiming to make the value proposition of verifiable provenance more visually tangible and immediately accessible for consumers.

## Delivery Model
The venture plans a lightweight, privacy-first implementation. It would not store sensitive donor financial details or the underlying event files. Instead, it would generate compact, anonymized fingerprints of that data for ledger anchoring. The goal is a secure and resource-conscious design that maintains long-term verifiability with minimal infrastructure. The team plans to build a clean public interface and supporting infrastructure to make the verification tools, including the proposed badge system, usable by its target audience.

## Revenue Logic
The venture plans to generate revenue primarily through a transaction-based model, charging a fee for each verifiable digital fingerprint anchored to the public ledger. This would apply to brands, suppliers, and potentially other entities seeking to create a permanent, auditable record of an ethical sourcing event or donation. The venture also plans to explore offering optional subscription tiers for high-volume users, which could include advanced provenance reporting features, supply chain management capabilities, or enhanced integration services for enterprise procurement or certification programs. An initial free trial period for generating a limited number of fingerprints is proposed to onboard partners.

## Distinctiveness
The venture aims to differentiate itself by offering heirloom-quality goods that merge immediate, tangible material qualities with enduring digital proof of ethical sourcing. Its proposed system does not just provide a product; it aims to create a permanent, independently verifiable record that the materials were sourced according to specific ethical standards at a specific time, addressing the credibility problem of sustainability claims. This focus on verifiable provenance from a specific, ethical source is presented as a unique safeguard for both consumer trust and material truth. The venture plans to explore a further point of differentiation: structuring its public ledger not just as a tamper-proof record, but as a machine-readable, open registry of ethical sourcing standards. This would allow the fingerprints to be programmatically linked to the precise definitions of the ethical standards they claim to uphold, aiming to create a new layer of semantic clarity and auditability that is missing from current provenance claims.","## One-Sentence Summary
A privacy-first platform that generates verifiable digital fingerprints of ethical sourcing events and anchors them to a public, tamper-proof ledger, giving brands and consumers indisputable proof of provenance while protecting sensitive operational data.

## Problem
The venture plans to address a digital landscape saturated with manipulation and duplication, where it is increasingly difficult to establish what is original or real. The central challenge is enabling people to credibly prove the authenticity and first possession of a digital record—such as a donation confirmation or an impact report—amid pervasive skepticism and the ease of generating false claims. A specific, related challenge the venture plans to explore is the inefficiency and lack of standardization in the verification process for corporate matching gift programs, where employees often face cumbersome manual steps to prove their donations, creating friction that reduces participation.

## Target Users & Use Cases
The venture plans to target both brands seeking to validate their supply chains and consumers looking for trustworthy ethical goods. Primary scenarios include discovering vetted, ethical suppliers (from large, global operations to local, artisanal producers), verifying material provenance with confidence, and providing transparent proof of sourcing standards to end customers. A planned, specific target user group for initial outreach is procurement teams within consumer goods companies participating in sustainability certification or reporting programs, who need a streamlined way to discover vetted suppliers and provide indisputable proof of their ethical sourcing actions to qualify for certifications or meet regulatory requirements.

## Solution / Product Overview
The venture plans to build a tool that creates a digital fingerprint of a user's charitable event data—such as a donation receipt or a nonprofit's impact milestone—and records proof of that fingerprint on a public, time-stamped ledger. The approach is proposed to be secure and privacy-preserving: users would not upload sensitive raw data; instead, a compact fingerprint would serve as durable evidence. This is positioned as a quiet safeguard for digital truth that donors, nonprofits, and verifying partners can rely on. To increase trust, the team plans to explore adding a decentralized, community-run witness network to provide a secondary, distributed layer of attestation to the ledger's timestamps. Furthermore, the venture plans to explore the development of a simple, open-source verification widget that any third-party website could embed to allow visitors to independently verify the timestamp and authenticity of a claimed charitable fingerprint directly from that page. Additionally, the venture plans to develop a public 'verification badge' design that brands can display on product pages or marketing materials. This badge would be linked directly to the ledger entry, aiming to make the value proposition of verifiable provenance more visually tangible and immediately accessible for consumers.

## Delivery Model
The venture plans a lightweight, privacy-first implementation. It would not store sensitive donor financial details or the underlying event files. Instead, it would generate compact, anonymized fingerprints of that data for ledger anchoring. The goal is a secure and resource-conscious design that maintains long-term verifiability with minimal infrastructure. The team plans to build a clean public interface and supporting infrastructure to make the verification tools, including the proposed badge system, usable by its target audience.

## Revenue Logic
The venture plans to generate revenue primarily through a transaction-based model, charging a fee for each verifiable digital fingerprint anchored to the public ledger. This would apply to brands, suppliers, and potentially other entities seeking to create a permanent, auditable record of an ethical sourcing event or donation. The venture also plans to explore offering optional subscription tiers for high-volume users, which could include advanced provenance reporting features, supply chain management capabilities, or enhanced integration services for enterprise procurement or certification programs. An initial free trial period for generating a limited number of fingerprints is proposed to onboard partners.

## Distinctiveness
The venture aims to differentiate itself by offering heirloom-quality goods that merge immediate, tangible material qualities with enduring digital proof of ethical sourcing. Its proposed system does not just provide a product; it aims to create a permanent, independently verifiable record that the materials were sourced according to specific ethical standards at a specific time, addressing the credibility problem of sustainability claims. This focus on verifiable provenance from a specific, ethical source is presented as a unique safeguard for both consumer trust and material truth. The venture plans to explore a further point of differentiation: structuring its public ledger not just as a tamper-proof record, but as a machine-readable, open registry of ethical sourcing standards. This would allow the fingerprints to be programmatically linked to the precise definitions of the ethical standards they claim to uphold, aiming to create a new layer of semantic clarity and auditability that is missing from current provenance claims."
"local","2","L2.1","specialized_rewrite","L1.3","","True","model_audit","[]","True","accepted","[]","All statements in the candidate are framed as plans, proposals, or future exploration (e.g., 'plans to initially focus,' 'plans to explore,' 'aims to differentiate'). No claims of existing traction, customers, development status, or other real-world evidence are made. The candidate adds specificity to the launch sequence and revenue application but does so prospectively, consistent with the standard.","## One-Sentence Summary
A privacy-first platform that generates verifiable digital fingerprints of ethical sourcing events and anchors them to a public, tamper-proof ledger, giving brands and consumers indisputable proof of provenance while protecting sensitive operational data.

## Problem
The venture plans to address a digital landscape saturated with manipulation and duplication, where it is increasingly difficult to establish what is original or real. The central challenge is enabling people to credibly prove the authenticity and first possession of a digital record—such as a donation confirmation or an impact report—amid pervasive skepticism and the ease of generating false claims. A specific, related challenge the venture plans to explore is the inefficiency and lack of standardization in the verification process for corporate matching gift programs, where employees often face cumbersome manual steps to prove their donations, creating friction that reduces participation.

## Target Users & Use Cases
The venture plans to initially focus its launch on solving the corporate matching gift program verification problem, targeting employees who need to prove donations and the corporate social responsibility or HR teams that administer these programs. This initial use case provides a specific, defined pain point with clear users. Following this initial focus, the venture plans to expand to target brands seeking to validate their supply chains and consumers looking for trustworthy ethical goods. Broader scenarios planned for later development include discovering vetted, ethical suppliers (from large, global operations to local, artisanal producers), verifying material provenance with confidence, and providing transparent proof of sourcing standards to end customers. A planned, specific target user group for later outreach is procurement teams within consumer goods companies participating in sustainability certification or reporting programs, who need a streamlined way to discover vetted suppliers and provide indisputable proof of their ethical sourcing actions to qualify for certifications or meet regulatory requirements.

## Solution / Product Overview
The venture plans to build a tool that creates a digital fingerprint of a user's charitable event data—such as a donation receipt for a matching gift program—and records proof of that fingerprint on a public, time-stamped ledger. The approach is proposed to be secure and privacy-preserving: users would not upload sensitive raw data; instead, a compact fingerprint would serve as durable evidence. This is positioned as a quiet safeguard for digital truth that donors, nonprofits, and corporate verifiers can rely on. To increase trust, the team plans to explore adding a decentralized, community-run witness network to provide a secondary, distributed layer of attestation to the ledger's timestamps. Furthermore, the venture plans to explore the development of a simple, open-source verification widget that any third-party website (like a nonprofit's blog or a corporate social responsibility page) could embed to allow visitors to independently verify the timestamp and authenticity of a claimed charitable fingerprint directly from that page.

## Delivery Model
The venture plans a lightweight, privacy-first implementation. It would not store sensitive donor financial details or the underlying event files. Instead, it would generate compact, anonymized fingerprints of that data for ledger anchoring. The goal is a secure and resource-conscious design that maintains long-term verifiability with minimal infrastructure. The team plans to build a clean public interface and supporting infrastructure to make the verification tools usable by its target audience, starting with the matching gift use case.

## Revenue Logic
The venture plans to generate revenue primarily through a transaction-based model, charging a fee for each verifiable digital fingerprint anchored to the public ledger. This would apply initially to entities in the matching gift ecosystem (such as nonprofits or the verifying corporations themselves) seeking to create a permanent, auditable record of a donation. The venture plans to explore a tiered pricing test for this transaction fee, where the fee would vary based on the complexity of the data being fingerprinted (e.g., a lower fee for a simple receipt versus a higher fee for a multi-tier supply chain event with numerous data points) to explore price sensitivity among different user segments and use cases. The venture also plans to explore offering optional subscription tiers for high-volume users, which could include advanced provenance reporting features, supply chain management capabilities, or enhanced integration services for enterprise procurement or certification programs as it expands beyond the initial use case. An initial free trial period for generating a limited number of fingerprints is proposed to onboard partners.

## Distinctiveness
The venture aims to differentiate itself by offering heirloom-quality goods that merge immediate, tangible material qualities with enduring digital proof of ethical sourcing. Its proposed system does not just provide a product; it aims to create a permanent, independently verifiable record that the materials were sourced according to specific ethical standards at a specific time, addressing the credibility problem of sustainability claims. This focus on verifiable provenance from a specific, ethical source is presented as a unique safeguard for both consumer trust and material truth. The venture plans to explore a further point of differentiation: structuring its public ledger not just as a tamper-proof record, but as a machine-readable, open registry of ethical sourcing standards. This would allow the fingerprints to be programmatically linked to the precise definitions of the ethical standards they claim to uphold, aiming to create a new layer of semantic clarity and auditability that is missing from current provenance claims.","## One-Sentence Summary
A privacy-first platform that generates verifiable digital fingerprints of ethical sourcing events and anchors them to a public, tamper-proof ledger, giving brands and consumers indisputable proof of provenance while protecting sensitive operational data.

## Problem
The venture plans to address a digital landscape saturated with manipulation and duplication, where it is increasingly difficult to establish what is original or real. The central challenge is enabling people to credibly prove the authenticity and first possession of a digital record—such as a donation confirmation or an impact report—amid pervasive skepticism and the ease of generating false claims. A specific, related challenge the venture plans to explore is the inefficiency and lack of standardization in the verification process for corporate matching gift programs, where employees often face cumbersome manual steps to prove their donations, creating friction that reduces participation.

## Target Users & Use Cases
The venture plans to initially focus its launch on solving the corporate matching gift program verification problem, targeting employees who need to prove donations and the corporate social responsibility or HR teams that administer these programs. This initial use case provides a specific, defined pain point with clear users. Following this initial focus, the venture plans to expand to target brands seeking to validate their supply chains and consumers looking for trustworthy ethical goods. Broader scenarios planned for later development include discovering vetted, ethical suppliers (from large, global operations to local, artisanal producers), verifying material provenance with confidence, and providing transparent proof of sourcing standards to end customers. A planned, specific target user group for later outreach is procurement teams within consumer goods companies participating in sustainability certification or reporting programs, who need a streamlined way to discover vetted suppliers and provide indisputable proof of their ethical sourcing actions to qualify for certifications or meet regulatory requirements.

## Solution / Product Overview
The venture plans to build a tool that creates a digital fingerprint of a user's charitable event data—such as a donation receipt for a matching gift program—and records proof of that fingerprint on a public, time-stamped ledger. The approach is proposed to be secure and privacy-preserving: users would not upload sensitive raw data; instead, a compact fingerprint would serve as durable evidence. This is positioned as a quiet safeguard for digital truth that donors, nonprofits, and corporate verifiers can rely on. To increase trust, the team plans to explore adding a decentralized, community-run witness network to provide a secondary, distributed layer of attestation to the ledger's timestamps. Furthermore, the venture plans to explore the development of a simple, open-source verification widget that any third-party website (like a nonprofit's blog or a corporate social responsibility page) could embed to allow visitors to independently verify the timestamp and authenticity of a claimed charitable fingerprint directly from that page.

## Delivery Model
The venture plans a lightweight, privacy-first implementation. It would not store sensitive donor financial details or the underlying event files. Instead, it would generate compact, anonymized fingerprints of that data for ledger anchoring. The goal is a secure and resource-conscious design that maintains long-term verifiability with minimal infrastructure. The team plans to build a clean public interface and supporting infrastructure to make the verification tools usable by its target audience, starting with the matching gift use case.

## Revenue Logic
The venture plans to generate revenue primarily through a transaction-based model, charging a fee for each verifiable digital fingerprint anchored to the public ledger. This would apply initially to entities in the matching gift ecosystem (such as nonprofits or the verifying corporations themselves) seeking to create a permanent, auditable record of a donation. The venture plans to explore a tiered pricing test for this transaction fee, where the fee would vary based on the complexity of the data being fingerprinted (e.g., a lower fee for a simple receipt versus a higher fee for a multi-tier supply chain event with numerous data points) to explore price sensitivity among different user segments and use cases. The venture also plans to explore offering optional subscription tiers for high-volume users, which could include advanced provenance reporting features, supply chain management capabilities, or enhanced integration services for enterprise procurement or certification programs as it expands beyond the initial use case. An initial free trial period for generating a limited number of fingerprints is proposed to onboard partners.

## Distinctiveness
The venture aims to differentiate itself by offering heirloom-quality goods that merge immediate, tangible material qualities with enduring digital proof of ethical sourcing. Its proposed system does not just provide a product; it aims to create a permanent, independently verifiable record that the materials were sourced according to specific ethical standards at a specific time, addressing the credibility problem of sustainability claims. This focus on verifiable provenance from a specific, ethical source is presented as a unique safeguard for both consumer trust and material truth. The venture plans to explore a further point of differentiation: structuring its public ledger not just as a tamper-proof record, but as a machine-readable, open registry of ethical sourcing standards. This would allow the fingerprints to be programmatically linked to the precise definitions of the ethical standards they claim to uphold, aiming to create a new layer of semantic clarity and auditability that is missing from current provenance claims."
"local","2","L2.2","specialized_rewrite","L1.3","","False","model_audit","[""The venture plans to propose a small-scale pilot test of this widget with a specific type of partner, such as a university alumni donation page, to validate usability and third-party adoption interest before broader development.""]","False","fallback_parent","[""The venture plans to propose a small-scale pilot test of this widget with a specific type of partner, such as a university alumni donation page, to validate usability and third-party adoption interest before broader development.""]","The candidate introduces a specific, proposed pilot test ('university alumni donation page') that is not present in the authorized source material. While the source material mentions exploring the development of a verification widget, it does not specify any proposed pilot test or partner type. This addition, though framed as a plan ('plans to propose'), is a new, unsupported detail about a specific future test activity not authorized by the source.","## One-Sentence Summary
A privacy-first platform that generates verifiable digital fingerprints of ethical sourcing events and anchors them to a public, tamper-proof ledger, giving brands and consumers indisputable proof of provenance while protecting sensitive operational data.

## Problem
The venture plans to address a digital landscape saturated with manipulation and duplication, where it is increasingly difficult to establish what is original or real. The central challenge is enabling people to credibly prove the authenticity and first possession of a digital record—such as a donation confirmation or an impact report—amid pervasive skepticism and the ease of generating false claims. A specific, related challenge the venture plans to explore is the inefficiency and lack of standardization in the verification process for corporate matching gift programs, where employees often face cumbersome manual steps to prove their donations, creating friction that reduces participation.

## Target Users & Use Cases
The venture plans to target both brands seeking to validate their supply chains and consumers looking for trustworthy ethical goods. Primary scenarios include discovering vetted, ethical suppliers (from large, global operations to local, artisanal producers), verifying material provenance with confidence, and providing transparent proof of sourcing standards to end customers. A planned, specific target user group for initial outreach is procurement teams within consumer goods companies participating in sustainability certification or reporting programs, who need a streamlined way to discover vetted suppliers and provide indisputable proof of their ethical sourcing actions to qualify for certifications or meet regulatory requirements.

## Solution / Product Overview
The venture plans to build a tool that creates a digital fingerprint of a user's charitable event data—such as a donation receipt or a nonprofit's impact milestone—and records proof of that fingerprint on a public, time-stamped ledger. The approach is proposed to be secure and privacy-preserving: users would not upload sensitive raw data; instead, a compact fingerprint would serve as durable evidence. This is positioned as a quiet safeguard for digital truth that donors, nonprofits, and verifying partners can rely on. To increase trust, the team plans to explore adding a decentralized, community-run witness network to provide a secondary, distributed layer of attestation to the ledger's timestamps. Furthermore, the venture plans to explore the development of a simple, open-source verification widget that any third-party website could embed to allow visitors to independently verify the timestamp and authenticity of a claimed charitable fingerprint directly from that page. The venture plans to propose a small-scale pilot test of this widget with a specific type of partner, such as a university alumni donation page, to validate usability and third-party adoption interest before broader development.

## Delivery Model
The venture plans a lightweight, privacy-first implementation. It would not store sensitive donor financial details or the underlying event files. Instead, it would generate compact, anonymized fingerprints of that data for ledger anchoring. The goal is a secure and resource-conscious design that maintains long-term verifiability with minimal infrastructure. The team plans to build a clean public interface and supporting infrastructure to make the verification tools usable by its target audience.

## Revenue Logic
The venture plans to generate revenue primarily through a transaction-based model, charging a fee for each verifiable digital fingerprint anchored to the public ledger. This would apply to brands, suppliers, and potentially other entities (such as nonprofits in the matching gift use case) seeking to create a permanent, auditable record of an ethical sourcing event or donation. The venture plans to explore a tiered pricing test for this transaction fee, where the fee would vary based on the complexity of the data being fingerprinted (e.g., a lower fee for a simple receipt versus a higher fee for a multi-tier supply chain event with numerous data points) to explore price sensitivity among different user segments and use cases. The venture also plans to explore offering optional subscription tiers for high-volume users, which could include advanced provenance reporting features, supply chain management capabilities, or enhanced integration services for enterprise procurement or certification programs. An initial free trial period for generating a limited number of fingerprints is proposed to onboard partners.

## Distinctiveness
The venture aims to differentiate itself by offering heirloom-quality goods that merge immediate, tangible material qualities with enduring digital proof of ethical sourcing. Its proposed system does not just provide a product; it aims to create a permanent, independently verifiable record that the materials were sourced according to specific ethical standards at a specific time, addressing the credibility problem of sustainability claims. This focus on verifiable provenance from a specific, ethical source is presented as a unique safeguard for both consumer trust and material truth. The venture plans to explore a further point of differentiation: structuring its public ledger not just as a tamper-proof record, but as a machine-readable, open registry of ethical sourcing standards. This would allow the fingerprints to be programmatically linked to the precise definitions of the ethical standards they claim to uphold, aiming to create a new layer of semantic clarity and auditability that is missing from current provenance claims.","## One-Sentence Summary
A privacy-first platform that generates verifiable digital fingerprints of ethical sourcing events and anchors them to a public, tamper-proof ledger, giving brands and consumers indisputable proof of provenance while protecting sensitive operational data.

## Problem
The venture plans to address a digital landscape saturated with manipulation and duplication, where it is increasingly difficult to establish what is original or real. The central challenge is enabling people to credibly prove the authenticity and first possession of a digital record—such as a donation confirmation or an impact report—amid pervasive skepticism and the ease of generating false claims. A specific, related challenge the venture plans to explore is the inefficiency and lack of standardization in the verification process for corporate matching gift programs, where employees often face cumbersome manual steps to prove their donations, creating friction that reduces participation.

## Target Users & Use Cases
The venture plans to target both brands seeking to validate their supply chains and consumers looking for trustworthy ethical goods. Primary scenarios include discovering vetted, ethical suppliers (from large, global operations to local, artisanal producers), verifying material provenance with confidence, and providing transparent proof of sourcing standards to end customers. A planned, specific target user group for initial outreach is procurement teams within consumer goods companies participating in sustainability certification or reporting programs, who need a streamlined way to discover vetted suppliers and provide indisputable proof of their ethical sourcing actions to qualify for certifications or meet regulatory requirements.

## Solution / Product Overview
The venture plans to build a tool that creates a digital fingerprint of a user's charitable event data—such as a donation receipt or a nonprofit's impact milestone—and records proof of that fingerprint on a public, time-stamped ledger. The approach is proposed to be secure and privacy-preserving: users would not upload sensitive raw data; instead, a compact fingerprint would serve as durable evidence. This is positioned as a quiet safeguard for digital truth that donors, nonprofits, and verifying partners can rely on. To increase trust, the team plans to explore adding a decentralized, community-run witness network to provide a secondary, distributed layer of attestation to the ledger's timestamps. Furthermore, the venture plans to explore the development of a simple, open-source verification widget that any third-party website (like a nonprofit's blog or a corporate social responsibility page) could embed to allow visitors to independently verify the timestamp and authenticity of a claimed charitable fingerprint directly from that page.

## Delivery Model
The venture plans a lightweight, privacy-first implementation. It would not store sensitive donor financial details or the underlying event files. Instead, it would generate compact, anonymized fingerprints of that data for ledger anchoring. The goal is a secure and resource-conscious design that maintains long-term verifiability with minimal infrastructure. The team plans to build a clean public interface and supporting infrastructure to make the verification tools usable by its target audience.

## Revenue Logic
The venture plans to generate revenue primarily through a transaction-based model, charging a fee for each verifiable digital fingerprint anchored to the public ledger. This would apply to brands, suppliers, and potentially other entities (such as nonprofits in the matching gift use case) seeking to create a permanent, auditable record of an ethical sourcing event or donation. The venture plans to explore a tiered pricing test for this transaction fee, where the fee would vary based on the complexity of the data being fingerprinted (e.g., a lower fee for a simple receipt versus a higher fee for a multi-tier supply chain event with numerous data points) to explore price sensitivity among different user segments and use cases. The venture also plans to explore offering optional subscription tiers for high-volume users, which could include advanced provenance reporting features, supply chain management capabilities, or enhanced integration services for enterprise procurement or certification programs. An initial free trial period for generating a limited number of fingerprints is proposed to onboard partners.

## Distinctiveness
The venture aims to differentiate itself by offering heirloom-quality goods that merge immediate, tangible material qualities with enduring digital proof of ethical sourcing. Its proposed system does not just provide a product; it aims to create a permanent, independently verifiable record that the materials were sourced according to specific ethical standards at a specific time, addressing the credibility problem of sustainability claims. This focus on verifiable provenance from a specific, ethical source is presented as a unique safeguard for both consumer trust and material truth. The venture plans to explore a further point of differentiation: structuring its public ledger not just as a tamper-proof record, but as a machine-readable, open registry of ethical sourcing standards. This would allow the fingerprints to be programmatically linked to the precise definitions of the ethical standards they claim to uphold, aiming to create a new layer of semantic clarity and auditability that is missing from current provenance claims."
"local","2","L2.3","specialized_rewrite","L1.3","","False","prospective_framing_safeguard","[""This test is planned to initially explore price sensitivity among mid-sized nonprofits as a specific user segment.""]","True","accepted","[]","Prospective-framing safeguard overrode the model's rejection because every flagged claim is explicitly hypothetical, proposed, planned, or future-tense and none asserts an existing accomplishment. Initial model analysis: The candidate introduces a new, specific target user segment ('mid-sized nonprofits') for the planned price sensitivity test. The source material only mentions exploring price sensitivity 'among different user segments and use cases' in a general sense. The candidate's statement is a specific, unsupported claim about the venture's existing plan, not a hypothetical proposal. It presents a defined target for a test as if it is part of the venture's current plan, which is not supported by the source.","## One-Sentence Summary
A privacy-first platform that generates verifiable digital fingerprints of ethical sourcing events and anchors them to a public, tamper-proof ledger, giving brands and consumers indisputable proof of provenance while protecting sensitive operational data.

## Problem
The venture plans to address a digital landscape saturated with manipulation and duplication, where it is increasingly difficult to establish what is original or real. The central challenge is enabling people to credibly prove the authenticity and first possession of a digital record—such as a donation confirmation or an impact report—amid pervasive skepticism and the ease of generating false claims. A specific, related challenge the venture plans to explore is the inefficiency and lack of standardization in the verification process for corporate matching gift programs, where employees often face cumbersome manual steps to prove their donations, creating friction that reduces participation.

## Target Users & Use Cases
The venture plans to target both brands seeking to validate their supply chains and consumers looking for trustworthy ethical goods. Primary scenarios include discovering vetted, ethical suppliers (from large, global operations to local, artisanal producers), verifying material provenance with confidence, and providing transparent proof of sourcing standards to end customers. A planned, specific target user group for initial outreach is procurement teams within consumer goods companies participating in sustainability certification or reporting programs, who need a streamlined way to discover vetted suppliers and provide indisputable proof of their ethical sourcing actions to qualify for certifications or meet regulatory requirements.

## Solution / Product Overview
The venture plans to build a tool that creates a digital fingerprint of a user's charitable event data—such as a donation receipt or a nonprofit's impact milestone—and records proof of that fingerprint on a public, time-stamped ledger. The approach is proposed to be secure and privacy-preserving: users would not upload sensitive raw data; instead, a compact fingerprint would serve as durable evidence. This is positioned as a quiet safeguard for digital truth that donors, nonprofits, and verifying partners can rely on. To increase trust, the team plans to explore adding a decentralized, community-run witness network to provide a secondary, distributed layer of attestation to the ledger's timestamps. Furthermore, the venture plans to explore the development of a simple, open-source verification widget that any third-party website (like a nonprofit's blog or a corporate social responsibility page) could embed to allow visitors to independently verify the timestamp and authenticity of a claimed charitable fingerprint directly from that page.

## Delivery Model
The venture plans a lightweight, privacy-first implementation. It would not store sensitive donor financial details or the underlying event files. Instead, it would generate compact, anonymized fingerprints of that data for ledger anchoring. The goal is a secure and resource-conscious design that maintains long-term verifiability with minimal infrastructure. The team plans to build a clean public interface and supporting infrastructure to make the verification tools usable by its target audience.

## Revenue Logic
The venture plans to generate revenue primarily through a transaction-based model, charging a fee for each verifiable digital fingerprint anchored to the public ledger. This would apply to brands, suppliers, and potentially other entities (such as nonprofits in the matching gift use case) seeking to create a permanent, auditable record of an ethical sourcing event or donation. The venture plans to explore a tiered pricing test for this transaction fee, where the fee would vary based on the number of data points in the digital fingerprint (e.g., a lower fee for a simple receipt with few data points versus a higher fee for a complex supply chain event with many data points). This test is planned to initially explore price sensitivity among mid-sized nonprofits as a specific user segment. The venture also plans to explore offering optional subscription tiers for high-volume users, which could include advanced provenance reporting features, supply chain management capabilities, or enhanced integration services for enterprise procurement or certification programs. An initial free trial period for generating a limited number of fingerprints is proposed to onboard partners.

## Distinctiveness
The venture aims to differentiate itself by offering heirloom-quality goods that merge immediate, tangible material qualities with enduring digital proof of ethical sourcing. Its proposed system does not just provide a product; it aims to create a permanent, independently verifiable record that the materials were sourced according to specific ethical standards at a specific time, addressing the credibility problem of sustainability claims. This focus on verifiable provenance from a specific, ethical source is presented as a unique safeguard for both consumer trust and material truth. The venture plans to explore a further point of differentiation: structuring its public ledger not just as a tamper-proof record, but as a machine-readable, open registry of ethical sourcing standards. This would allow the fingerprints to be programmatically linked to the precise definitions of the ethical standards they claim to uphold, aiming to create a new layer of semantic clarity and auditability that is missing from current provenance claims.","## One-Sentence Summary
A privacy-first platform that generates verifiable digital fingerprints of ethical sourcing events and anchors them to a public, tamper-proof ledger, giving brands and consumers indisputable proof of provenance while protecting sensitive operational data.

## Problem
The venture plans to address a digital landscape saturated with manipulation and duplication, where it is increasingly difficult to establish what is original or real. The central challenge is enabling people to credibly prove the authenticity and first possession of a digital record—such as a donation confirmation or an impact report—amid pervasive skepticism and the ease of generating false claims. A specific, related challenge the venture plans to explore is the inefficiency and lack of standardization in the verification process for corporate matching gift programs, where employees often face cumbersome manual steps to prove their donations, creating friction that reduces participation.

## Target Users & Use Cases
The venture plans to target both brands seeking to validate their supply chains and consumers looking for trustworthy ethical goods. Primary scenarios include discovering vetted, ethical suppliers (from large, global operations to local, artisanal producers), verifying material provenance with confidence, and providing transparent proof of sourcing standards to end customers. A planned, specific target user group for initial outreach is procurement teams within consumer goods companies participating in sustainability certification or reporting programs, who need a streamlined way to discover vetted suppliers and provide indisputable proof of their ethical sourcing actions to qualify for certifications or meet regulatory requirements.

## Solution / Product Overview
The venture plans to build a tool that creates a digital fingerprint of a user's charitable event data—such as a donation receipt or a nonprofit's impact milestone—and records proof of that fingerprint on a public, time-stamped ledger. The approach is proposed to be secure and privacy-preserving: users would not upload sensitive raw data; instead, a compact fingerprint would serve as durable evidence. This is positioned as a quiet safeguard for digital truth that donors, nonprofits, and verifying partners can rely on. To increase trust, the team plans to explore adding a decentralized, community-run witness network to provide a secondary, distributed layer of attestation to the ledger's timestamps. Furthermore, the venture plans to explore the development of a simple, open-source verification widget that any third-party website (like a nonprofit's blog or a corporate social responsibility page) could embed to allow visitors to independently verify the timestamp and authenticity of a claimed charitable fingerprint directly from that page.

## Delivery Model
The venture plans a lightweight, privacy-first implementation. It would not store sensitive donor financial details or the underlying event files. Instead, it would generate compact, anonymized fingerprints of that data for ledger anchoring. The goal is a secure and resource-conscious design that maintains long-term verifiability with minimal infrastructure. The team plans to build a clean public interface and supporting infrastructure to make the verification tools usable by its target audience.

## Revenue Logic
The venture plans to generate revenue primarily through a transaction-based model, charging a fee for each verifiable digital fingerprint anchored to the public ledger. This would apply to brands, suppliers, and potentially other entities (such as nonprofits in the matching gift use case) seeking to create a permanent, auditable record of an ethical sourcing event or donation. The venture plans to explore a tiered pricing test for this transaction fee, where the fee would vary based on the number of data points in the digital fingerprint (e.g., a lower fee for a simple receipt with few data points versus a higher fee for a complex supply chain event with many data points). This test is planned to initially explore price sensitivity among mid-sized nonprofits as a specific user segment. The venture also plans to explore offering optional subscription tiers for high-volume users, which could include advanced provenance reporting features, supply chain management capabilities, or enhanced integration services for enterprise procurement or certification programs. An initial free trial period for generating a limited number of fingerprints is proposed to onboard partners.

## Distinctiveness
The venture aims to differentiate itself by offering heirloom-quality goods that merge immediate, tangible material qualities with enduring digital proof of ethical sourcing. Its proposed system does not just provide a product; it aims to create a permanent, independently verifiable record that the materials were sourced according to specific ethical standards at a specific time, addressing the credibility problem of sustainability claims. This focus on verifiable provenance from a specific, ethical source is presented as a unique safeguard for both consumer trust and material truth. The venture plans to explore a further point of differentiation: structuring its public ledger not just as a tamper-proof record, but as a machine-readable, open registry of ethical sourcing standards. This would allow the fingerprints to be programmatically linked to the precise definitions of the ethical standards they claim to uphold, aiming to create a new layer of semantic clarity and auditability that is missing from current provenance claims."
"local","2","L2.4","specialized_rewrite","L1.3","","False","prospective_framing_safeguard","[""the venture plans to explore a partnership with one existing sustainability certification body""]","True","accepted","[]","Prospective-framing safeguard overrode the model's rejection because every flagged claim is explicitly hypothetical, proposed, planned, or future-tense and none asserts an existing accomplishment. Initial model analysis: The candidate introduces a specific partnership plan ('with one existing sustainability certification body') that is not present in the authorized source material. While the source discusses exploring a machine-readable registry of ethical sourcing standards, it does not mention any plans, proposals, or explorations of partnerships with existing certification bodies. This constitutes an unsupported claim about the venture's specific plans.","## One-Sentence Summary
A privacy-first platform that generates verifiable digital fingerprints of ethical sourcing events and anchors them to a public, tamper-proof ledger, giving brands and consumers indisputable proof of provenance while protecting sensitive operational data.

## Problem
The venture plans to address a digital landscape saturated with manipulation and duplication, where it is increasingly difficult to establish what is original or real. The central challenge is enabling people to credibly prove the authenticity and first possession of a digital record—such as a donation confirmation or an impact report—amid pervasive skepticism and the ease of generating false claims. A specific, related challenge the venture plans to explore is the inefficiency and lack of standardization in the verification process for corporate matching gift programs, where employees often face cumbersome manual steps to prove their donations, creating friction that reduces participation.

## Target Users & Use Cases
The venture plans to target both brands seeking to validate their supply chains and consumers looking for trustworthy ethical goods. Primary scenarios include discovering vetted, ethical suppliers (from large, global operations to local, artisanal producers), verifying material provenance with confidence, and providing transparent proof of sourcing standards to end customers. A planned, specific target user group for initial outreach is procurement teams within consumer goods companies participating in sustainability certification or reporting programs, who need a streamlined way to discover vetted suppliers and provide indisputable proof of their ethical sourcing actions to qualify for certifications or meet regulatory requirements.

## Solution / Product Overview
The venture plans to build a tool that creates a digital fingerprint of a user's charitable event data—such as a donation receipt or a nonprofit's impact milestone—and records proof of that fingerprint on a public, time-stamped ledger. The approach is proposed to be secure and privacy-preserving: users would not upload sensitive raw data; instead, a compact fingerprint would serve as durable evidence. This is positioned as a quiet safeguard for digital truth that donors, nonprofits, and verifying partners can rely on. To increase trust, the team plans to explore adding a decentralized, community-run witness network to provide a secondary, distributed layer of attestation to the ledger's timestamps. Furthermore, the venture plans to explore the development of a simple, open-source verification widget that any third-party website (like a nonprofit's blog or a corporate social responsibility page) could embed to allow visitors to independently verify the timestamp and authenticity of a claimed charitable fingerprint directly from that page.

## Delivery Model
The venture plans a lightweight, privacy-first implementation. It would not store sensitive donor financial details or the underlying event files. Instead, it would generate compact, anonymized fingerprints of that data for ledger anchoring. The goal is a secure and resource-conscious design that maintains long-term verifiability with minimal infrastructure. The team plans to build a clean public interface and supporting infrastructure to make the verification tools usable by its target audience.

## Revenue Logic
The venture plans to generate revenue primarily through a transaction-based model, charging a fee for each verifiable digital fingerprint anchored to the public ledger. This would apply to brands, suppliers, and potentially other entities (such as nonprofits in the matching gift use case) seeking to create a permanent, auditable record of an ethical sourcing event or donation. The venture plans to explore a tiered pricing test for this transaction fee, where the fee would vary based on the complexity of the data being fingerprinted (e.g., a lower fee for a simple receipt versus a higher fee for a multi-tier supply chain event with numerous data points) to explore price sensitivity among different user segments and use cases. The venture also plans to explore offering optional subscription tiers for high-volume users, which could include advanced provenance reporting features, supply chain management capabilities, or enhanced integration services for enterprise procurement or certification programs. An initial free trial period for generating a limited number of fingerprints is proposed to onboard partners.

## Distinctiveness
The venture aims to differentiate itself by offering heirloom-quality goods that merge immediate, tangible material qualities with enduring digital proof of ethical sourcing. Its proposed system does not just provide a product; it aims to create a permanent, independently verifiable record that the materials were sourced according to specific ethical standards at a specific time, addressing the credibility problem of sustainability claims. This focus on verifiable provenance from a specific, ethical source is presented as a unique safeguard for both consumer trust and material truth. The venture plans to explore a further point of differentiation: structuring its public ledger not just as a tamper-proof record, but as a machine-readable, open registry of ethical sourcing standards. To enhance this distinctiveness, the venture plans to explore a partnership with one existing sustainability certification body to investigate aligning this proposed machine-readable registry with their existing standards framework.","## One-Sentence Summary
A privacy-first platform that generates verifiable digital fingerprints of ethical sourcing events and anchors them to a public, tamper-proof ledger, giving brands and consumers indisputable proof of provenance while protecting sensitive operational data.

## Problem
The venture plans to address a digital landscape saturated with manipulation and duplication, where it is increasingly difficult to establish what is original or real. The central challenge is enabling people to credibly prove the authenticity and first possession of a digital record—such as a donation confirmation or an impact report—amid pervasive skepticism and the ease of generating false claims. A specific, related challenge the venture plans to explore is the inefficiency and lack of standardization in the verification process for corporate matching gift programs, where employees often face cumbersome manual steps to prove their donations, creating friction that reduces participation.

## Target Users & Use Cases
The venture plans to target both brands seeking to validate their supply chains and consumers looking for trustworthy ethical goods. Primary scenarios include discovering vetted, ethical suppliers (from large, global operations to local, artisanal producers), verifying material provenance with confidence, and providing transparent proof of sourcing standards to end customers. A planned, specific target user group for initial outreach is procurement teams within consumer goods companies participating in sustainability certification or reporting programs, who need a streamlined way to discover vetted suppliers and provide indisputable proof of their ethical sourcing actions to qualify for certifications or meet regulatory requirements.

## Solution / Product Overview
The venture plans to build a tool that creates a digital fingerprint of a user's charitable event data—such as a donation receipt or a nonprofit's impact milestone—and records proof of that fingerprint on a public, time-stamped ledger. The approach is proposed to be secure and privacy-preserving: users would not upload sensitive raw data; instead, a compact fingerprint would serve as durable evidence. This is positioned as a quiet safeguard for digital truth that donors, nonprofits, and verifying partners can rely on. To increase trust, the team plans to explore adding a decentralized, community-run witness network to provide a secondary, distributed layer of attestation to the ledger's timestamps. Furthermore, the venture plans to explore the development of a simple, open-source verification widget that any third-party website (like a nonprofit's blog or a corporate social responsibility page) could embed to allow visitors to independently verify the timestamp and authenticity of a claimed charitable fingerprint directly from that page.

## Delivery Model
The venture plans a lightweight, privacy-first implementation. It would not store sensitive donor financial details or the underlying event files. Instead, it would generate compact, anonymized fingerprints of that data for ledger anchoring. The goal is a secure and resource-conscious design that maintains long-term verifiability with minimal infrastructure. The team plans to build a clean public interface and supporting infrastructure to make the verification tools usable by its target audience.

## Revenue Logic
The venture plans to generate revenue primarily through a transaction-based model, charging a fee for each verifiable digital fingerprint anchored to the public ledger. This would apply to brands, suppliers, and potentially other entities (such as nonprofits in the matching gift use case) seeking to create a permanent, auditable record of an ethical sourcing event or donation. The venture plans to explore a tiered pricing test for this transaction fee, where the fee would vary based on the complexity of the data being fingerprinted (e.g., a lower fee for a simple receipt versus a higher fee for a multi-tier supply chain event with numerous data points) to explore price sensitivity among different user segments and use cases. The venture also plans to explore offering optional subscription tiers for high-volume users, which could include advanced provenance reporting features, supply chain management capabilities, or enhanced integration services for enterprise procurement or certification programs. An initial free trial period for generating a limited number of fingerprints is proposed to onboard partners.

## Distinctiveness
The venture aims to differentiate itself by offering heirloom-quality goods that merge immediate, tangible material qualities with enduring digital proof of ethical sourcing. Its proposed system does not just provide a product; it aims to create a permanent, independently verifiable record that the materials were sourced according to specific ethical standards at a specific time, addressing the credibility problem of sustainability claims. This focus on verifiable provenance from a specific, ethical source is presented as a unique safeguard for both consumer trust and material truth. The venture plans to explore a further point of differentiation: structuring its public ledger not just as a tamper-proof record, but as a machine-readable, open registry of ethical sourcing standards. To enhance this distinctiveness, the venture plans to explore a partnership with one existing sustainability certification body to investigate aligning this proposed machine-readable registry with their existing standards framework."
"local","2","L2.5","specialized_rewrite","L1.3","","False","model_audit","[""The venture also plans to develop a simple, public dashboard showing aggregate, anonymous statistics (e.g., total fingerprints anchored, top ethical standards recorded) to demonstrate network activity and transparency without revealing sensitive data."", ""the planned public statistics dashboard""]","False","fallback_parent","[""The venture also plans to develop a simple, public dashboard showing aggregate, anonymous statistics (e.g., total fingerprints anchored, top ethical standards recorded) to demonstrate network activity and transparency without revealing sensitive data."", ""the planned public statistics dashboard""]","The candidate introduces a new, specific feature (a public statistics dashboard) and refers to it as a planned part of the delivery model. While the standard allows for new ideas when framed as proposals or plans, the authorized source material contains no mention of any plan, exploration, or proposal for such a dashboard. The candidate presents this as a component of the venture's existing plans, which is an unsupported addition to the factual record of what the venture 'plans to' do.","## One-Sentence Summary
A privacy-first platform that generates verifiable digital fingerprints of ethical sourcing events and anchors them to a public, tamper-proof ledger, giving brands and consumers indisputable proof of provenance while protecting sensitive operational data.

## Problem
The venture plans to address a digital landscape saturated with manipulation and duplication, where it is increasingly difficult to establish what is original or real. The central challenge is enabling people to credibly prove the authenticity and first possession of a digital record—such as a donation confirmation or an impact report—amid pervasive skepticism and the ease of generating false claims. A specific, related challenge the venture plans to explore is the inefficiency and lack of standardization in the verification process for corporate matching gift programs, where employees often face cumbersome manual steps to prove their donations, creating friction that reduces participation.

## Target Users & Use Cases
The venture plans to target both brands seeking to validate their supply chains and consumers looking for trustworthy ethical goods. Primary scenarios include discovering vetted, ethical suppliers (from large, global operations to local, artisanal producers), verifying material provenance with confidence, and providing transparent proof of sourcing standards to end customers. A planned, specific target user group for initial outreach is procurement teams within consumer goods companies participating in sustainability certification or reporting programs, who need a streamlined way to discover vetted suppliers and provide indisputable proof of their ethical sourcing actions to qualify for certifications or meet regulatory requirements.

## Solution / Product Overview
The venture plans to build a tool that creates a digital fingerprint of a user's charitable event data—such as a donation receipt or a nonprofit's impact milestone—and records proof of that fingerprint on a public, time-stamped ledger. The approach is proposed to be secure and privacy-preserving: users would not upload sensitive raw data; instead, a compact fingerprint would serve as durable evidence. This is positioned as a quiet safeguard for digital truth that donors, nonprofits, and verifying partners can rely on. To increase trust, the team plans to explore adding a decentralized, community-run witness network to provide a secondary, distributed layer of attestation to the ledger's timestamps. Furthermore, the venture plans to explore the development of a simple, open-source verification widget that any third-party website (like a nonprofit's blog or a corporate social responsibility page) could embed to allow visitors to independently verify the timestamp and authenticity of a claimed charitable fingerprint directly from that page. The venture also plans to develop a simple, public dashboard showing aggregate, anonymous statistics (e.g., total fingerprints anchored, top ethical standards recorded) to demonstrate network activity and transparency without revealing sensitive data.

## Delivery Model
The venture plans a lightweight, privacy-first implementation. It would not store sensitive donor financial details or the underlying event files. Instead, it would generate compact, anonymized fingerprints of that data for ledger anchoring. The goal is a secure and resource-conscious design that maintains long-term verifiability with minimal infrastructure. The team plans to build a clean public interface and supporting infrastructure to make the verification tools and the planned public statistics dashboard usable by its target audience.

## Revenue Logic
The venture plans to generate revenue primarily through a transaction-based model, charging a fee for each verifiable digital fingerprint anchored to the public ledger. This would apply to brands, suppliers, and potentially other entities (such as nonprofits in the matching gift use case) seeking to create a permanent, auditable record of an ethical sourcing event or donation. The venture plans to explore a tiered pricing test for this transaction fee, where the fee would vary based on the complexity of the data being fingerprinted (e.g., a lower fee for a simple receipt versus a higher fee for a multi-tier supply chain event with numerous data points) to explore price sensitivity among different user segments and use cases. The venture also plans to explore offering optional subscription tiers for high-volume users, which could include advanced provenance reporting features, supply chain management capabilities, or enhanced integration services for enterprise procurement or certification programs. An initial free trial period for generating a limited number of fingerprints is proposed to onboard partners.

## Distinctiveness
The venture aims to differentiate itself by offering heirloom-quality goods that merge immediate, tangible material qualities with enduring digital proof of ethical sourcing. Its proposed system does not just provide a product; it aims to create a permanent, independently verifiable record that the materials were sourced according to specific ethical standards at a specific time, addressing the credibility problem of sustainability claims. This focus on verifiable provenance from a specific, ethical source is presented as a unique safeguard for both consumer trust and material truth. The venture plans to explore a further point of differentiation: structuring its public ledger not just as a tamper-proof record, but as a machine-readable, open registry of ethical sourcing standards. This would allow the fingerprints to be programmatically linked to the precise definitions of the ethical standards they claim to uphold, aiming to create a new layer of semantic clarity and auditability that is missing from current provenance claims.","## One-Sentence Summary
A privacy-first platform that generates verifiable digital fingerprints of ethical sourcing events and anchors them to a public, tamper-proof ledger, giving brands and consumers indisputable proof of provenance while protecting sensitive operational data.

## Problem
The venture plans to address a digital landscape saturated with manipulation and duplication, where it is increasingly difficult to establish what is original or real. The central challenge is enabling people to credibly prove the authenticity and first possession of a digital record—such as a donation confirmation or an impact report—amid pervasive skepticism and the ease of generating false claims. A specific, related challenge the venture plans to explore is the inefficiency and lack of standardization in the verification process for corporate matching gift programs, where employees often face cumbersome manual steps to prove their donations, creating friction that reduces participation.

## Target Users & Use Cases
The venture plans to target both brands seeking to validate their supply chains and consumers looking for trustworthy ethical goods. Primary scenarios include discovering vetted, ethical suppliers (from large, global operations to local, artisanal producers), verifying material provenance with confidence, and providing transparent proof of sourcing standards to end customers. A planned, specific target user group for initial outreach is procurement teams within consumer goods companies participating in sustainability certification or reporting programs, who need a streamlined way to discover vetted suppliers and provide indisputable proof of their ethical sourcing actions to qualify for certifications or meet regulatory requirements.

## Solution / Product Overview
The venture plans to build a tool that creates a digital fingerprint of a user's charitable event data—such as a donation receipt or a nonprofit's impact milestone—and records proof of that fingerprint on a public, time-stamped ledger. The approach is proposed to be secure and privacy-preserving: users would not upload sensitive raw data; instead, a compact fingerprint would serve as durable evidence. This is positioned as a quiet safeguard for digital truth that donors, nonprofits, and verifying partners can rely on. To increase trust, the team plans to explore adding a decentralized, community-run witness network to provide a secondary, distributed layer of attestation to the ledger's timestamps. Furthermore, the venture plans to explore the development of a simple, open-source verification widget that any third-party website (like a nonprofit's blog or a corporate social responsibility page) could embed to allow visitors to independently verify the timestamp and authenticity of a claimed charitable fingerprint directly from that page.

## Delivery Model
The venture plans a lightweight, privacy-first implementation. It would not store sensitive donor financial details or the underlying event files. Instead, it would generate compact, anonymized fingerprints of that data for ledger anchoring. The goal is a secure and resource-conscious design that maintains long-term verifiability with minimal infrastructure. The team plans to build a clean public interface and supporting infrastructure to make the verification tools usable by its target audience.

## Revenue Logic
The venture plans to generate revenue primarily through a transaction-based model, charging a fee for each verifiable digital fingerprint anchored to the public ledger. This would apply to brands, suppliers, and potentially other entities (such as nonprofits in the matching gift use case) seeking to create a permanent, auditable record of an ethical sourcing event or donation. The venture plans to explore a tiered pricing test for this transaction fee, where the fee would vary based on the complexity of the data being fingerprinted (e.g., a lower fee for a simple receipt versus a higher fee for a multi-tier supply chain event with numerous data points) to explore price sensitivity among different user segments and use cases. The venture also plans to explore offering optional subscription tiers for high-volume users, which could include advanced provenance reporting features, supply chain management capabilities, or enhanced integration services for enterprise procurement or certification programs. An initial free trial period for generating a limited number of fingerprints is proposed to onboard partners.

## Distinctiveness
The venture aims to differentiate itself by offering heirloom-quality goods that merge immediate, tangible material qualities with enduring digital proof of ethical sourcing. Its proposed system does not just provide a product; it aims to create a permanent, independently verifiable record that the materials were sourced according to specific ethical standards at a specific time, addressing the credibility problem of sustainability claims. This focus on verifiable provenance from a specific, ethical source is presented as a unique safeguard for both consumer trust and material truth. The venture plans to explore a further point of differentiation: structuring its public ledger not just as a tamper-proof record, but as a machine-readable, open registry of ethical sourcing standards. This would allow the fingerprints to be programmatically linked to the precise definitions of the ethical standards they claim to uphold, aiming to create a new layer of semantic clarity and auditability that is missing from current provenance claims."
"local","3","L3.1","specialized_rewrite","L2.1","","False","prospective_framing_safeguard","[""The venture aims to differentiate itself by offering heirloom-quality goods that merge immediate, tangible material qualities with enduring digital proof of ethical sourcing.""]","True","accepted","[]","Prospective-framing safeguard overrode the model's rejection because every flagged claim is explicitly hypothetical, proposed, planned, or future-tense and none asserts an existing accomplishment. Initial model analysis: The candidate introduces a new, specific product offering ('heirloom-quality goods') that is not present in the authorized source material. The source material describes a platform/service for generating digital fingerprints of events (like donations or sourcing events), not the production or sale of physical goods. This claim is presented as a core part of the venture's distinctiveness and is not framed as a future plan or proposal; it is stated as an aim of the venture, thereby inventing a fundamental aspect of the business model and product that is unsupported.","## One-Sentence Summary
A privacy-first platform that generates verifiable digital fingerprints of ethical sourcing events and anchors them to a public, tamper-proof ledger, giving brands and consumers indisputable proof of provenance while protecting sensitive operational data.

## Problem
The venture plans to address a digital landscape saturated with manipulation and duplication, where it is increasingly difficult to establish what is original or real. The central challenge is enabling people to credibly prove the authenticity and first possession of a digital record—such as a donation confirmation or an impact report—amid pervasive skepticism and the ease of generating false claims. A specific, related challenge the venture plans to explore is the inefficiency and lack of standardization in the verification process for corporate matching gift programs, where employees often face cumbersome manual steps to prove their donations, creating friction that reduces participation.

## Target Users & Use Cases
The venture plans to initially focus its launch on solving the corporate matching gift program verification problem, targeting employees who need to prove donations and the corporate social responsibility or HR teams that administer these programs. This initial use case provides a specific, defined pain point with clear users. Following this initial focus, the venture plans to expand to target brands seeking to validate their supply chains and consumers looking for trustworthy ethical goods. Broader scenarios planned for later development include discovering vetted, ethical suppliers (from large, global operations to local, artisanal producers), verifying material provenance with confidence, and providing transparent proof of sourcing standards to end customers. A planned, specific target user group for later outreach is procurement teams within consumer goods companies participating in sustainability certification or reporting programs, who need a streamlined way to discover vetted suppliers and provide indisputable proof of their ethical sourcing actions to qualify for certifications or meet regulatory requirements.

## Solution / Product Overview
The venture plans to build a tool that creates a digital fingerprint of a user's charitable event data—such as a donation receipt for a matching gift program—and records proof of that fingerprint on a public, time-stamped ledger. The approach is proposed to be secure and privacy-preserving: users would not upload sensitive raw data; instead, a compact fingerprint would serve as durable evidence. This is positioned as a quiet safeguard for digital truth that donors, nonprofits, and corporate verifiers can rely on. To increase trust, the team plans to explore adding a decentralized, community-run witness network to provide a secondary, distributed layer of attestation to the ledger's timestamps. Furthermore, the venture plans to explore the development of a simple, open-source verification widget that any third-party website (like a nonprofit's blog or a corporate social responsibility page) could embed to allow visitors to independently verify the timestamp and authenticity of a claimed charitable fingerprint directly from that page.

## Delivery Model
The venture plans a lightweight, privacy-first implementation. It would not store sensitive donor financial details or the underlying event files. Instead, it would generate compact, anonymized fingerprints of that data for ledger anchoring. The goal is a secure and resource-conscious design that maintains long-term verifiability with minimal infrastructure. The team plans to build a clean public interface and supporting infrastructure to make the verification tools usable by its target audience, starting with the matching gift use case.

## Revenue Logic
The venture plans to generate revenue primarily through a transaction-based model, charging a fee for each verifiable digital fingerprint anchored to the public ledger. This would apply initially to entities in the matching gift ecosystem (such as nonprofits or the verifying corporations themselves) seeking to create a permanent, auditable record of a donation. The venture plans to explore a tiered pricing test for this transaction fee, where the fee would vary based on the complexity of the data being fingerprinted (e.g., a lower fee for a simple receipt versus a higher fee for a multi-tier supply chain event with numerous data points) to explore price sensitivity among different user segments and use cases. The venture also plans to explore offering optional subscription tiers for high-volume users, which could include advanced provenance reporting features, supply chain management capabilities, or enhanced integration services for enterprise procurement or certification programs as it expands beyond the initial use case. An initial free trial period for generating a limited number of fingerprints is proposed to onboard partners.

## Distinctiveness
The venture aims to differentiate itself by offering heirloom-quality goods that merge immediate, tangible material qualities with enduring digital proof of ethical sourcing. Its proposed system does not just provide a product; it aims to create a permanent, independently verifiable record that the materials were sourced according to specific ethical standards at a specific time, addressing the credibility problem of sustainability claims. This focus on verifiable provenance from a specific, ethical source is presented as a unique safeguard for both consumer trust and material truth. The venture plans to explore a further point of differentiation: structuring its public ledger not just as a tamper-proof record, but as a machine-readable, open registry of ethical sourcing standards. To demonstrate focus and technical feasibility, the venture plans to explore initially supporting a single, concrete standard such as the Fair Trade certification framework within this ledger architecture. This would allow the fingerprints to be programmatically linked to the precise definitions of the ethical standards they claim to uphold, aiming to create a new layer of semantic clarity and auditability that is missing from current provenance claims.","## One-Sentence Summary
A privacy-first platform that generates verifiable digital fingerprints of ethical sourcing events and anchors them to a public, tamper-proof ledger, giving brands and consumers indisputable proof of provenance while protecting sensitive operational data.

## Problem
The venture plans to address a digital landscape saturated with manipulation and duplication, where it is increasingly difficult to establish what is original or real. The central challenge is enabling people to credibly prove the authenticity and first possession of a digital record—such as a donation confirmation or an impact report—amid pervasive skepticism and the ease of generating false claims. A specific, related challenge the venture plans to explore is the inefficiency and lack of standardization in the verification process for corporate matching gift programs, where employees often face cumbersome manual steps to prove their donations, creating friction that reduces participation.

## Target Users & Use Cases
The venture plans to initially focus its launch on solving the corporate matching gift program verification problem, targeting employees who need to prove donations and the corporate social responsibility or HR teams that administer these programs. This initial use case provides a specific, defined pain point with clear users. Following this initial focus, the venture plans to expand to target brands seeking to validate their supply chains and consumers looking for trustworthy ethical goods. Broader scenarios planned for later development include discovering vetted, ethical suppliers (from large, global operations to local, artisanal producers), verifying material provenance with confidence, and providing transparent proof of sourcing standards to end customers. A planned, specific target user group for later outreach is procurement teams within consumer goods companies participating in sustainability certification or reporting programs, who need a streamlined way to discover vetted suppliers and provide indisputable proof of their ethical sourcing actions to qualify for certifications or meet regulatory requirements.

## Solution / Product Overview
The venture plans to build a tool that creates a digital fingerprint of a user's charitable event data—such as a donation receipt for a matching gift program—and records proof of that fingerprint on a public, time-stamped ledger. The approach is proposed to be secure and privacy-preserving: users would not upload sensitive raw data; instead, a compact fingerprint would serve as durable evidence. This is positioned as a quiet safeguard for digital truth that donors, nonprofits, and corporate verifiers can rely on. To increase trust, the team plans to explore adding a decentralized, community-run witness network to provide a secondary, distributed layer of attestation to the ledger's timestamps. Furthermore, the venture plans to explore the development of a simple, open-source verification widget that any third-party website (like a nonprofit's blog or a corporate social responsibility page) could embed to allow visitors to independently verify the timestamp and authenticity of a claimed charitable fingerprint directly from that page.

## Delivery Model
The venture plans a lightweight, privacy-first implementation. It would not store sensitive donor financial details or the underlying event files. Instead, it would generate compact, anonymized fingerprints of that data for ledger anchoring. The goal is a secure and resource-conscious design that maintains long-term verifiability with minimal infrastructure. The team plans to build a clean public interface and supporting infrastructure to make the verification tools usable by its target audience, starting with the matching gift use case.

## Revenue Logic
The venture plans to generate revenue primarily through a transaction-based model, charging a fee for each verifiable digital fingerprint anchored to the public ledger. This would apply initially to entities in the matching gift ecosystem (such as nonprofits or the verifying corporations themselves) seeking to create a permanent, auditable record of a donation. The venture plans to explore a tiered pricing test for this transaction fee, where the fee would vary based on the complexity of the data being fingerprinted (e.g., a lower fee for a simple receipt versus a higher fee for a multi-tier supply chain event with numerous data points) to explore price sensitivity among different user segments and use cases. The venture also plans to explore offering optional subscription tiers for high-volume users, which could include advanced provenance reporting features, supply chain management capabilities, or enhanced integration services for enterprise procurement or certification programs as it expands beyond the initial use case. An initial free trial period for generating a limited number of fingerprints is proposed to onboard partners.

## Distinctiveness
The venture aims to differentiate itself by offering heirloom-quality goods that merge immediate, tangible material qualities with enduring digital proof of ethical sourcing. Its proposed system does not just provide a product; it aims to create a permanent, independently verifiable record that the materials were sourced according to specific ethical standards at a specific time, addressing the credibility problem of sustainability claims. This focus on verifiable provenance from a specific, ethical source is presented as a unique safeguard for both consumer trust and material truth. The venture plans to explore a further point of differentiation: structuring its public ledger not just as a tamper-proof record, but as a machine-readable, open registry of ethical sourcing standards. To demonstrate focus and technical feasibility, the venture plans to explore initially supporting a single, concrete standard such as the Fair Trade certification framework within this ledger architecture. This would allow the fingerprints to be programmatically linked to the precise definitions of the ethical standards they claim to uphold, aiming to create a new layer of semantic clarity and auditability that is missing from current provenance claims."
"local","3","L3.2","specialized_rewrite","L2.1","","False","model_audit","[""The venture plans to propose a small-scale pilot test of this verification widget with one or two named types of third-party websites, such as a nonprofit's impact report page or a brand's 'Our Story' page, to validate user engagement and technical integration.""]","False","fallback_parent","[""The venture plans to propose a small-scale pilot test of this verification widget with one or two named types of third-party websites, such as a nonprofit's impact report page or a brand's 'Our Story' page, to validate user engagement and technical integration.""]","The candidate adds a specific, named plan for a pilot test ('nonprofit's impact report page or a brand's 'Our Story' page') that is not present in the authorized source material. The source only states the venture 'plans to explore the development of a simple, open-source verification widget' and where it could be embedded ('like a nonprofit's blog or a corporate social responsibility page'). The candidate's addition of a concrete pilot test plan with named page types is a new, unsupported claim about a planned activity, not a concept description. According to the standard, new ideas are allowed only when clearly framed as proposals, plans, etc., but here the candidate presents this as the venture's existing plan, which is not supported by the source.","## One-Sentence Summary
A privacy-first platform that generates verifiable digital fingerprints of ethical sourcing events and anchors them to a public, tamper-proof ledger, giving brands and consumers indisputable proof of provenance while protecting sensitive operational data.

## Problem
The venture plans to address a digital landscape saturated with manipulation and duplication, where it is increasingly difficult to establish what is original or real. The central challenge is enabling people to credibly prove the authenticity and first possession of a digital record—such as a donation confirmation or an impact report—amid pervasive skepticism and the ease of generating false claims. A specific, related challenge the venture plans to explore is the inefficiency and lack of standardization in the verification process for corporate matching gift programs, where employees often face cumbersome manual steps to prove their donations, creating friction that reduces participation.

## Target Users & Use Cases
The venture plans to initially focus its launch on solving the corporate matching gift program verification problem, targeting employees who need to prove donations and the corporate social responsibility or HR teams that administer these programs. This initial use case provides a specific, defined pain point with clear users. Following this initial focus, the venture plans to expand to target brands seeking to validate their supply chains and consumers looking for trustworthy ethical goods. Broader scenarios planned for later development include discovering vetted, ethical suppliers (from large, global operations to local, artisanal producers), verifying material provenance with confidence, and providing transparent proof of sourcing standards to end customers. A planned, specific target user group for later outreach is procurement teams within consumer goods companies participating in sustainability certification or reporting programs, who need a streamlined way to discover vetted suppliers and provide indisputable proof of their ethical sourcing actions to qualify for certifications or meet regulatory requirements.

## Solution / Product Overview
The venture plans to build a tool that creates a digital fingerprint of a user's charitable event data—such as a donation receipt for a matching gift program—and records proof of that fingerprint on a public, time-stamped ledger. The approach is proposed to be secure and privacy-preserving: users would not upload sensitive raw data; instead, a compact fingerprint would serve as durable evidence. This is positioned as a quiet safeguard for digital truth that donors, nonprofits, and corporate verifiers can rely on. To increase trust, the team plans to explore adding a decentralized, community-run witness network to provide a secondary, distributed layer of attestation to the ledger's timestamps. Furthermore, the venture plans to explore the development of a simple, open-source verification widget that any third-party website could embed to allow visitors to independently verify the timestamp and authenticity of a claimed charitable fingerprint directly from that page. The venture plans to propose a small-scale pilot test of this verification widget with one or two named types of third-party websites, such as a nonprofit's impact report page or a brand's 'Our Story' page, to validate user engagement and technical integration.

## Delivery Model
The venture plans a lightweight, privacy-first implementation. It would not store sensitive donor financial details or the underlying event files. Instead, it would generate compact, anonymized fingerprints of that data for ledger anchoring. The goal is a secure and resource-conscious design that maintains long-term verifiability with minimal infrastructure. The team plans to build a clean public interface and supporting infrastructure to make the verification tools usable by its target audience, starting with the matching gift use case.

## Revenue Logic
The venture plans to generate revenue primarily through a transaction-based model, charging a fee for each verifiable digital fingerprint anchored to the public ledger. This would apply initially to entities in the matching gift ecosystem (such as nonprofits or the verifying corporations themselves) seeking to create a permanent, auditable record of a donation. The venture plans to explore a tiered pricing test for this transaction fee, where the fee would vary based on the complexity of the data being fingerprinted (e.g., a lower fee for a simple receipt versus a higher fee for a multi-tier supply chain event with numerous data points) to explore price sensitivity among different user segments and use cases. The venture also plans to explore offering optional subscription tiers for high-volume users, which could include advanced provenance reporting features, supply chain management capabilities, or enhanced integration services for enterprise procurement or certification programs as it expands beyond the initial use case. An initial free trial period for generating a limited number of fingerprints is proposed to onboard partners.

## Distinctiveness
The venture aims to differentiate itself by offering heirloom-quality goods that merge immediate, tangible material qualities with enduring digital proof of ethical sourcing. Its proposed system does not just provide a product; it aims to create a permanent, independently verifiable record that the materials were sourced according to specific ethical standards at a specific time, addressing the credibility problem of sustainability claims. This focus on verifiable provenance from a specific, ethical source is presented as a unique safeguard for both consumer trust and material truth. The venture plans to explore a further point of differentiation: structuring its public ledger not just as a tamper-proof record, but as a machine-readable, open registry of ethical sourcing standards. This would allow the fingerprints to be programmatically linked to the precise definitions of the ethical standards they claim to uphold, aiming to create a new layer of semantic clarity and auditability that is missing from current provenance claims.","## One-Sentence Summary
A privacy-first platform that generates verifiable digital fingerprints of ethical sourcing events and anchors them to a public, tamper-proof ledger, giving brands and consumers indisputable proof of provenance while protecting sensitive operational data.

## Problem
The venture plans to address a digital landscape saturated with manipulation and duplication, where it is increasingly difficult to establish what is original or real. The central challenge is enabling people to credibly prove the authenticity and first possession of a digital record—such as a donation confirmation or an impact report—amid pervasive skepticism and the ease of generating false claims. A specific, related challenge the venture plans to explore is the inefficiency and lack of standardization in the verification process for corporate matching gift programs, where employees often face cumbersome manual steps to prove their donations, creating friction that reduces participation.

## Target Users & Use Cases
The venture plans to initially focus its launch on solving the corporate matching gift program verification problem, targeting employees who need to prove donations and the corporate social responsibility or HR teams that administer these programs. This initial use case provides a specific, defined pain point with clear users. Following this initial focus, the venture plans to expand to target brands seeking to validate their supply chains and consumers looking for trustworthy ethical goods. Broader scenarios planned for later development include discovering vetted, ethical suppliers (from large, global operations to local, artisanal producers), verifying material provenance with confidence, and providing transparent proof of sourcing standards to end customers. A planned, specific target user group for later outreach is procurement teams within consumer goods companies participating in sustainability certification or reporting programs, who need a streamlined way to discover vetted suppliers and provide indisputable proof of their ethical sourcing actions to qualify for certifications or meet regulatory requirements.

## Solution / Product Overview
The venture plans to build a tool that creates a digital fingerprint of a user's charitable event data—such as a donation receipt for a matching gift program—and records proof of that fingerprint on a public, time-stamped ledger. The approach is proposed to be secure and privacy-preserving: users would not upload sensitive raw data; instead, a compact fingerprint would serve as durable evidence. This is positioned as a quiet safeguard for digital truth that donors, nonprofits, and corporate verifiers can rely on. To increase trust, the team plans to explore adding a decentralized, community-run witness network to provide a secondary, distributed layer of attestation to the ledger's timestamps. Furthermore, the venture plans to explore the development of a simple, open-source verification widget that any third-party website (like a nonprofit's blog or a corporate social responsibility page) could embed to allow visitors to independently verify the timestamp and authenticity of a claimed charitable fingerprint directly from that page.

## Delivery Model
The venture plans a lightweight, privacy-first implementation. It would not store sensitive donor financial details or the underlying event files. Instead, it would generate compact, anonymized fingerprints of that data for ledger anchoring. The goal is a secure and resource-conscious design that maintains long-term verifiability with minimal infrastructure. The team plans to build a clean public interface and supporting infrastructure to make the verification tools usable by its target audience, starting with the matching gift use case.

## Revenue Logic
The venture plans to generate revenue primarily through a transaction-based model, charging a fee for each verifiable digital fingerprint anchored to the public ledger. This would apply initially to entities in the matching gift ecosystem (such as nonprofits or the verifying corporations themselves) seeking to create a permanent, auditable record of a donation. The venture plans to explore a tiered pricing test for this transaction fee, where the fee would vary based on the complexity of the data being fingerprinted (e.g., a lower fee for a simple receipt versus a higher fee for a multi-tier supply chain event with numerous data points) to explore price sensitivity among different user segments and use cases. The venture also plans to explore offering optional subscription tiers for high-volume users, which could include advanced provenance reporting features, supply chain management capabilities, or enhanced integration services for enterprise procurement or certification programs as it expands beyond the initial use case. An initial free trial period for generating a limited number of fingerprints is proposed to onboard partners.

## Distinctiveness
The venture aims to differentiate itself by offering heirloom-quality goods that merge immediate, tangible material qualities with enduring digital proof of ethical sourcing. Its proposed system does not just provide a product; it aims to create a permanent, independently verifiable record that the materials were sourced according to specific ethical standards at a specific time, addressing the credibility problem of sustainability claims. This focus on verifiable provenance from a specific, ethical source is presented as a unique safeguard for both consumer trust and material truth. The venture plans to explore a further point of differentiation: structuring its public ledger not just as a tamper-proof record, but as a machine-readable, open registry of ethical sourcing standards. This would allow the fingerprints to be programmatically linked to the precise definitions of the ethical standards they claim to uphold, aiming to create a new layer of semantic clarity and auditability that is missing from current provenance claims."
"local","3","L3.3","specialized_rewrite","L2.1","","False","prospective_framing_safeguard","[""the venture proposes a hypothetical threshold for a 'high-volume user'—for example, an entity that anchors more than 1,000 fingerprints per month—as a basis for structuring these subscription tiers""]","True","accepted","[]","Prospective-framing safeguard overrode the model's rejection because every flagged claim is explicitly hypothetical, proposed, planned, or future-tense and none asserts an existing accomplishment. Initial model analysis: The candidate introduces a specific, quantified threshold ('more than 1,000 fingerprints per month') as a basis for structuring subscription tiers. The source material only states the venture 'plans to explore offering optional subscription tiers for high-volume users' without providing any specific numerical threshold or example. This addition presents a new, specific detail about the proposed plan that is not present in the authorized source material, thereby inventing a quantified element of the revenue model plan.","## One-Sentence Summary
A privacy-first platform that generates verifiable digital fingerprints of ethical sourcing events and anchors them to a public, tamper-proof ledger, giving brands and consumers indisputable proof of provenance while protecting sensitive operational data.

## Problem
The venture plans to address a digital landscape saturated with manipulation and duplication, where it is increasingly difficult to establish what is original or real. The central challenge is enabling people to credibly prove the authenticity and first possession of a digital record—such as a donation confirmation or an impact report—amid pervasive skepticism and the ease of generating false claims. A specific, related challenge the venture plans to explore is the inefficiency and lack of standardization in the verification process for corporate matching gift programs, where employees often face cumbersome manual steps to prove their donations, creating friction that reduces participation.

## Target Users & Use Cases
The venture plans to initially focus its launch on solving the corporate matching gift program verification problem, targeting employees who need to prove donations and the corporate social responsibility or HR teams that administer these programs. This initial use case provides a specific, defined pain point with clear users. Following this initial focus, the venture plans to expand to target brands seeking to validate their supply chains and consumers looking for trustworthy ethical goods. Broader scenarios planned for later development include discovering vetted, ethical suppliers (from large, global operations to local, artisanal producers), verifying material provenance with confidence, and providing transparent proof of sourcing standards to end customers. A planned, specific target user group for later outreach is procurement teams within consumer goods companies participating in sustainability certification or reporting programs, who need a streamlined way to discover vetted suppliers and provide indisputable proof of their ethical sourcing actions to qualify for certifications or meet regulatory requirements.

## Solution / Product Overview
The venture plans to build a tool that creates a digital fingerprint of a user's charitable event data—such as a donation receipt for a matching gift program—and records proof of that fingerprint on a public, time-stamped ledger. The approach is proposed to be secure and privacy-preserving: users would not upload sensitive raw data; instead, a compact fingerprint would serve as durable evidence. This is positioned as a quiet safeguard for digital truth that donors, nonprofits, and corporate verifiers can rely on. To increase trust, the team plans to explore adding a decentralized, community-run witness network to provide a secondary, distributed layer of attestation to the ledger's timestamps. Furthermore, the venture plans to explore the development of a simple, open-source verification widget that any third-party website (like a nonprofit's blog or a corporate social responsibility page) could embed to allow visitors to independently verify the timestamp and authenticity of a claimed charitable fingerprint directly from that page.

## Delivery Model
The venture plans a lightweight, privacy-first implementation. It would not store sensitive donor financial details or the underlying event files. Instead, it would generate compact, anonymized fingerprints of that data for ledger anchoring. The goal is a secure and resource-conscious design that maintains long-term verifiability with minimal infrastructure. The team plans to build a clean public interface and supporting infrastructure to make the verification tools usable by its target audience, starting with the matching gift use case.

## Revenue Logic
The venture plans to generate revenue primarily through a transaction-based model, charging a fee for each verifiable digital fingerprint anchored to the public ledger. This would apply initially to entities in the matching gift ecosystem (such as nonprofits or the verifying corporations themselves) seeking to create a permanent, auditable record of a donation. The venture plans to explore a tiered pricing test for this transaction fee, where the fee would vary based on the complexity of the data being fingerprinted (e.g., a lower fee for a simple receipt versus a higher fee for a multi-tier supply chain event with numerous data points) to explore price sensitivity among different user segments and use cases. The venture also plans to explore offering optional subscription tiers for high-volume users, which could include advanced provenance reporting features, supply chain management capabilities, or enhanced integration services for enterprise procurement or certification programs as it expands beyond the initial use case. To make this plan more tangible, the venture proposes a hypothetical threshold for a 'high-volume user'—for example, an entity that anchors more than 1,000 fingerprints per month—as a basis for structuring these subscription tiers. An initial free trial period for generating a limited number of fingerprints is proposed to onboard partners.

## Distinctiveness
The venture aims to differentiate itself by offering heirloom-quality goods that merge immediate, tangible material qualities with enduring digital proof of ethical sourcing. Its proposed system does not just provide a product; it aims to create a permanent, independently verifiable record that the materials were sourced according to specific ethical standards at a specific time, addressing the credibility problem of sustainability claims. This focus on verifiable provenance from a specific, ethical source is presented as a unique safeguard for both consumer trust and material truth. The venture plans to explore a further point of differentiation: structuring its public ledger not just as a tamper-proof record, but as a machine-readable, open registry of ethical sourcing standards. This would allow the fingerprints to be programmatically linked to the precise definitions of the ethical standards they claim to uphold, aiming to create a new layer of semantic clarity and auditability that is missing from current provenance claims.","## One-Sentence Summary
A privacy-first platform that generates verifiable digital fingerprints of ethical sourcing events and anchors them to a public, tamper-proof ledger, giving brands and consumers indisputable proof of provenance while protecting sensitive operational data.

## Problem
The venture plans to address a digital landscape saturated with manipulation and duplication, where it is increasingly difficult to establish what is original or real. The central challenge is enabling people to credibly prove the authenticity and first possession of a digital record—such as a donation confirmation or an impact report—amid pervasive skepticism and the ease of generating false claims. A specific, related challenge the venture plans to explore is the inefficiency and lack of standardization in the verification process for corporate matching gift programs, where employees often face cumbersome manual steps to prove their donations, creating friction that reduces participation.

## Target Users & Use Cases
The venture plans to initially focus its launch on solving the corporate matching gift program verification problem, targeting employees who need to prove donations and the corporate social responsibility or HR teams that administer these programs. This initial use case provides a specific, defined pain point with clear users. Following this initial focus, the venture plans to expand to target brands seeking to validate their supply chains and consumers looking for trustworthy ethical goods. Broader scenarios planned for later development include discovering vetted, ethical suppliers (from large, global operations to local, artisanal producers), verifying material provenance with confidence, and providing transparent proof of sourcing standards to end customers. A planned, specific target user group for later outreach is procurement teams within consumer goods companies participating in sustainability certification or reporting programs, who need a streamlined way to discover vetted suppliers and provide indisputable proof of their ethical sourcing actions to qualify for certifications or meet regulatory requirements.

## Solution / Product Overview
The venture plans to build a tool that creates a digital fingerprint of a user's charitable event data—such as a donation receipt for a matching gift program—and records proof of that fingerprint on a public, time-stamped ledger. The approach is proposed to be secure and privacy-preserving: users would not upload sensitive raw data; instead, a compact fingerprint would serve as durable evidence. This is positioned as a quiet safeguard for digital truth that donors, nonprofits, and corporate verifiers can rely on. To increase trust, the team plans to explore adding a decentralized, community-run witness network to provide a secondary, distributed layer of attestation to the ledger's timestamps. Furthermore, the venture plans to explore the development of a simple, open-source verification widget that any third-party website (like a nonprofit's blog or a corporate social responsibility page) could embed to allow visitors to independently verify the timestamp and authenticity of a claimed charitable fingerprint directly from that page.

## Delivery Model
The venture plans a lightweight, privacy-first implementation. It would not store sensitive donor financial details or the underlying event files. Instead, it would generate compact, anonymized fingerprints of that data for ledger anchoring. The goal is a secure and resource-conscious design that maintains long-term verifiability with minimal infrastructure. The team plans to build a clean public interface and supporting infrastructure to make the verification tools usable by its target audience, starting with the matching gift use case.

## Revenue Logic
The venture plans to generate revenue primarily through a transaction-based model, charging a fee for each verifiable digital fingerprint anchored to the public ledger. This would apply initially to entities in the matching gift ecosystem (such as nonprofits or the verifying corporations themselves) seeking to create a permanent, auditable record of a donation. The venture plans to explore a tiered pricing test for this transaction fee, where the fee would vary based on the complexity of the data being fingerprinted (e.g., a lower fee for a simple receipt versus a higher fee for a multi-tier supply chain event with numerous data points) to explore price sensitivity among different user segments and use cases. The venture also plans to explore offering optional subscription tiers for high-volume users, which could include advanced provenance reporting features, supply chain management capabilities, or enhanced integration services for enterprise procurement or certification programs as it expands beyond the initial use case. To make this plan more tangible, the venture proposes a hypothetical threshold for a 'high-volume user'—for example, an entity that anchors more than 1,000 fingerprints per month—as a basis for structuring these subscription tiers. An initial free trial period for generating a limited number of fingerprints is proposed to onboard partners.

## Distinctiveness
The venture aims to differentiate itself by offering heirloom-quality goods that merge immediate, tangible material qualities with enduring digital proof of ethical sourcing. Its proposed system does not just provide a product; it aims to create a permanent, independently verifiable record that the materials were sourced according to specific ethical standards at a specific time, addressing the credibility problem of sustainability claims. This focus on verifiable provenance from a specific, ethical source is presented as a unique safeguard for both consumer trust and material truth. The venture plans to explore a further point of differentiation: structuring its public ledger not just as a tamper-proof record, but as a machine-readable, open registry of ethical sourcing standards. This would allow the fingerprints to be programmatically linked to the precise definitions of the ethical standards they claim to uphold, aiming to create a new layer of semantic clarity and auditability that is missing from current provenance claims."
"local","3","L3.4","specialized_rewrite","L2.1","","True","model_audit","[]","True","accepted","[]","All statements in the candidate are either verbatim from the source material or are clearly framed as future plans, proposals, or explorations (e.g., 'plans to explore', 'proposed to be', 'aims to', 'would'). The candidate adds illustrative detail for the tiered pricing test, but this is presented as a hypothetical example of the planned structure, not as an existing implementation or result. No claims of existing traction, customers, revenue, development status, or other real-world evidence are made.","## One-Sentence Summary
A privacy-first platform that generates verifiable digital fingerprints of ethical sourcing events and anchors them to a public, tamper-proof ledger, giving brands and consumers indisputable proof of provenance while protecting sensitive operational data.

## Problem
The venture plans to address a digital landscape saturated with manipulation and duplication, where it is increasingly difficult to establish what is original or real. The central challenge is enabling people to credibly prove the authenticity and first possession of a digital record—such as a donation confirmation or an impact report—amid pervasive skepticism and the ease of generating false claims. A specific, related challenge the venture plans to explore is the inefficiency and lack of standardization in the verification process for corporate matching gift programs, where employees often face cumbersome manual steps to prove their donations, creating friction that reduces participation.

## Target Users & Use Cases
The venture plans to initially focus its launch on solving the corporate matching gift program verification problem, targeting employees who need to prove donations and the corporate social responsibility or HR teams that administer these programs. This initial use case provides a specific, defined pain point with clear users. Following this initial focus, the venture plans to expand to target brands seeking to validate their supply chains and consumers looking for trustworthy ethical goods. Broader scenarios planned for later development include discovering vetted, ethical suppliers (from large, global operations to local, artisanal producers), verifying material provenance with confidence, and providing transparent proof of sourcing standards to end customers. A planned, specific target user group for later outreach is procurement teams within consumer goods companies participating in sustainability certification or reporting programs, who need a streamlined way to discover vetted suppliers and provide indisputable proof of their ethical sourcing actions to qualify for certifications or meet regulatory requirements.

## Solution / Product Overview
The venture plans to build a tool that creates a digital fingerprint of a user's charitable event data—such as a donation receipt for a matching gift program—and records proof of that fingerprint on a public, time-stamped ledger. The approach is proposed to be secure and privacy-preserving: users would not upload sensitive raw data; instead, a compact fingerprint would serve as durable evidence. This is positioned as a quiet safeguard for digital truth that donors, nonprofits, and corporate verifiers can rely on. To increase trust, the team plans to explore adding a decentralized, community-run witness network to provide a secondary, distributed layer of attestation to the ledger's timestamps. Furthermore, the venture plans to explore the development of a simple, open-source verification widget that any third-party website (like a nonprofit's blog or a corporate social responsibility page) could embed to allow visitors to independently verify the timestamp and authenticity of a claimed charitable fingerprint directly from that page.

## Delivery Model
The venture plans a lightweight, privacy-first implementation. It would not store sensitive donor financial details or the underlying event files. Instead, it would generate compact, anonymized fingerprints of that data for ledger anchoring. The goal is a secure and resource-conscious design that maintains long-term verifiability with minimal infrastructure. The team plans to build a clean public interface and supporting infrastructure to make the verification tools usable by its target audience, starting with the matching gift use case.

## Revenue Logic
The venture plans to generate revenue primarily through a transaction-based model, charging a fee for each verifiable digital fingerprint anchored to the public ledger. This would apply initially to entities in the matching gift ecosystem (such as nonprofits or the verifying corporations themselves) seeking to create a permanent, auditable record of a donation. The venture plans to explore a tiered pricing test for this transaction fee, where the fee would vary based on the complexity of the data being fingerprinted. To illustrate this planned tiering: a 'simple receipt' fingerprint might include only a core data point like a unique transaction ID and date. In contrast, a 'multi-tier supply chain event' fingerprint could include numerous data points such as supplier location, certification IDs for each tier, timestamps for each transfer of custody, and batch numbers for raw materials. This structure is planned to explore price sensitivity among different user segments and use cases. The venture also plans to explore offering optional subscription tiers for high-volume users, which could include advanced provenance reporting features, supply chain management capabilities, or enhanced integration services for enterprise procurement or certification programs as it expands beyond the initial use case. An initial free trial period for generating a limited number of fingerprints is proposed to onboard partners.

## Distinctiveness
The venture aims to differentiate itself by offering heirloom-quality goods that merge immediate, tangible material qualities with enduring digital proof of ethical sourcing. Its proposed system does not just provide a product; it aims to create a permanent, independently verifiable record that the materials were sourced according to specific ethical standards at a specific time, addressing the credibility problem of sustainability claims. This focus on verifiable provenance from a specific, ethical source is presented as a unique safeguard for both consumer trust and material truth. The venture plans to explore a further point of differentiation: structuring its public ledger not just as a tamper-proof record, but as a machine-readable, open registry of ethical sourcing standards. This would allow the fingerprints to be programmatically linked to the precise definitions of the ethical standards they claim to uphold, aiming to create a new layer of semantic clarity and auditability that is missing from current provenance claims.","## One-Sentence Summary
A privacy-first platform that generates verifiable digital fingerprints of ethical sourcing events and anchors them to a public, tamper-proof ledger, giving brands and consumers indisputable proof of provenance while protecting sensitive operational data.

## Problem
The venture plans to address a digital landscape saturated with manipulation and duplication, where it is increasingly difficult to establish what is original or real. The central challenge is enabling people to credibly prove the authenticity and first possession of a digital record—such as a donation confirmation or an impact report—amid pervasive skepticism and the ease of generating false claims. A specific, related challenge the venture plans to explore is the inefficiency and lack of standardization in the verification process for corporate matching gift programs, where employees often face cumbersome manual steps to prove their donations, creating friction that reduces participation.

## Target Users & Use Cases
The venture plans to initially focus its launch on solving the corporate matching gift program verification problem, targeting employees who need to prove donations and the corporate social responsibility or HR teams that administer these programs. This initial use case provides a specific, defined pain point with clear users. Following this initial focus, the venture plans to expand to target brands seeking to validate their supply chains and consumers looking for trustworthy ethical goods. Broader scenarios planned for later development include discovering vetted, ethical suppliers (from large, global operations to local, artisanal producers), verifying material provenance with confidence, and providing transparent proof of sourcing standards to end customers. A planned, specific target user group for later outreach is procurement teams within consumer goods companies participating in sustainability certification or reporting programs, who need a streamlined way to discover vetted suppliers and provide indisputable proof of their ethical sourcing actions to qualify for certifications or meet regulatory requirements.

## Solution / Product Overview
The venture plans to build a tool that creates a digital fingerprint of a user's charitable event data—such as a donation receipt for a matching gift program—and records proof of that fingerprint on a public, time-stamped ledger. The approach is proposed to be secure and privacy-preserving: users would not upload sensitive raw data; instead, a compact fingerprint would serve as durable evidence. This is positioned as a quiet safeguard for digital truth that donors, nonprofits, and corporate verifiers can rely on. To increase trust, the team plans to explore adding a decentralized, community-run witness network to provide a secondary, distributed layer of attestation to the ledger's timestamps. Furthermore, the venture plans to explore the development of a simple, open-source verification widget that any third-party website (like a nonprofit's blog or a corporate social responsibility page) could embed to allow visitors to independently verify the timestamp and authenticity of a claimed charitable fingerprint directly from that page.

## Delivery Model
The venture plans a lightweight, privacy-first implementation. It would not store sensitive donor financial details or the underlying event files. Instead, it would generate compact, anonymized fingerprints of that data for ledger anchoring. The goal is a secure and resource-conscious design that maintains long-term verifiability with minimal infrastructure. The team plans to build a clean public interface and supporting infrastructure to make the verification tools usable by its target audience, starting with the matching gift use case.

## Revenue Logic
The venture plans to generate revenue primarily through a transaction-based model, charging a fee for each verifiable digital fingerprint anchored to the public ledger. This would apply initially to entities in the matching gift ecosystem (such as nonprofits or the verifying corporations themselves) seeking to create a permanent, auditable record of a donation. The venture plans to explore a tiered pricing test for this transaction fee, where the fee would vary based on the complexity of the data being fingerprinted. To illustrate this planned tiering: a 'simple receipt' fingerprint might include only a core data point like a unique transaction ID and date. In contrast, a 'multi-tier supply chain event' fingerprint could include numerous data points such as supplier location, certification IDs for each tier, timestamps for each transfer of custody, and batch numbers for raw materials. This structure is planned to explore price sensitivity among different user segments and use cases. The venture also plans to explore offering optional subscription tiers for high-volume users, which could include advanced provenance reporting features, supply chain management capabilities, or enhanced integration services for enterprise procurement or certification programs as it expands beyond the initial use case. An initial free trial period for generating a limited number of fingerprints is proposed to onboard partners.

## Distinctiveness
The venture aims to differentiate itself by offering heirloom-quality goods that merge immediate, tangible material qualities with enduring digital proof of ethical sourcing. Its proposed system does not just provide a product; it aims to create a permanent, independently verifiable record that the materials were sourced according to specific ethical standards at a specific time, addressing the credibility problem of sustainability claims. This focus on verifiable provenance from a specific, ethical source is presented as a unique safeguard for both consumer trust and material truth. The venture plans to explore a further point of differentiation: structuring its public ledger not just as a tamper-proof record, but as a machine-readable, open registry of ethical sourcing standards. This would allow the fingerprints to be programmatically linked to the precise definitions of the ethical standards they claim to uphold, aiming to create a new layer of semantic clarity and auditability that is missing from current provenance claims."
"local","3","L3.5","specialized_rewrite","L2.1","","True","model_audit","[]","True","accepted","[]","All statements about existing real-world evidence or status are supported by the authorized source material. The only addition in the candidate is the specific outreach plan ('proposing to contact a defined set of 30 corporate HR or CSR departments within the financial services industry'), which is explicitly framed as a future plan/proposal ('the venture plans a targeted outreach plan, proposing to contact...'). This is a new but explicitly prospective detail about a planned activity, not a claim of existing traction or accomplishment. All other sections match the source material verbatim or preserve its factual claims without strengthening them.","## One-Sentence Summary
A privacy-first platform that generates verifiable digital fingerprints of ethical sourcing events and anchors them to a public, tamper-proof ledger, giving brands and consumers indisputable proof of provenance while protecting sensitive operational data.

## Problem
The venture plans to address a digital landscape saturated with manipulation and duplication, where it is increasingly difficult to establish what is original or real. The central challenge is enabling people to credibly prove the authenticity and first possession of a digital record—such as a donation confirmation or an impact report—amid pervasive skepticism and the ease of generating false claims. A specific, related challenge the venture plans to explore is the inefficiency and lack of standardization in the verification process for corporate matching gift programs, where employees often face cumbersome manual steps to prove their donations, creating friction that reduces participation.

## Target Users & Use Cases
The venture plans to initially focus its launch on solving the corporate matching gift program verification problem, targeting employees who need to prove donations and the corporate social responsibility or HR teams that administer these programs. This initial use case provides a specific, defined pain point with clear users. To validate this focus and gather critical feedback, the venture plans a targeted outreach plan, proposing to contact a defined set of 30 corporate HR or CSR departments within the financial services industry to discuss the matching gift verification pain point. Following this initial focus and outreach, the venture plans to expand to target brands seeking to validate their supply chains and consumers looking for trustworthy ethical goods. Broader scenarios planned for later development include discovering vetted, ethical suppliers (from large, global operations to local, artisanal producers), verifying material provenance with confidence, and providing transparent proof of sourcing standards to end customers. A planned, specific target user group for later outreach is procurement teams within consumer goods companies participating in sustainability certification or reporting programs, who need a streamlined way to discover vetted suppliers and provide indisputable proof of their ethical sourcing actions to qualify for certifications or meet regulatory requirements.

## Solution / Product Overview
The venture plans to build a tool that creates a digital fingerprint of a user's charitable event data—such as a donation receipt for a matching gift program—and records proof of that fingerprint on a public, time-stamped ledger. The approach is proposed to be secure and privacy-preserving: users would not upload sensitive raw data; instead, a compact fingerprint would serve as durable evidence. This is positioned as a quiet safeguard for digital truth that donors, nonprofits, and corporate verifiers can rely on. To increase trust, the team plans to explore adding a decentralized, community-run witness network to provide a secondary, distributed layer of attestation to the ledger's timestamps. Furthermore, the venture plans to explore the development of a simple, open-source verification widget that any third-party website (like a nonprofit's blog or a corporate social responsibility page) could embed to allow visitors to independently verify the timestamp and authenticity of a claimed charitable fingerprint directly from that page.

## Delivery Model
The venture plans a lightweight, privacy-first implementation. It would not store sensitive donor financial details or the underlying event files. Instead, it would generate compact, anonymized fingerprints of that data for ledger anchoring. The goal is a secure and resource-conscious design that maintains long-term verifiability with minimal infrastructure. The team plans to build a clean public interface and supporting infrastructure to make the verification tools usable by its target audience, starting with the matching gift use case.

## Revenue Logic
The venture plans to generate revenue primarily through a transaction-based model, charging a fee for each verifiable digital fingerprint anchored to the public ledger. This would apply initially to entities in the matching gift ecosystem (such as nonprofits or the verifying corporations themselves) seeking to create a permanent, auditable record of a donation. The venture plans to explore a tiered pricing test for this transaction fee, where the fee would vary based on the complexity of the data being fingerprinted (e.g., a lower fee for a simple receipt versus a higher fee for a multi-tier supply chain event with numerous data points) to explore price sensitivity among different user segments and use cases. The venture also plans to explore offering optional subscription tiers for high-volume users, which could include advanced provenance reporting features, supply chain management capabilities, or enhanced integration services for enterprise procurement or certification programs as it expands beyond the initial use case. An initial free trial period for generating a limited number of fingerprints is proposed to onboard partners.

## Distinctiveness
The venture aims to differentiate itself by offering heirloom-quality goods that merge immediate, tangible material qualities with enduring digital proof of ethical sourcing. Its proposed system does not just provide a product; it aims to create a permanent, independently verifiable record that the materials were sourced according to specific ethical standards at a specific time, addressing the credibility problem of sustainability claims. This focus on verifiable provenance from a specific, ethical source is presented as a unique safeguard for both consumer trust and material truth. The venture plans to explore a further point of differentiation: structuring its public ledger not just as a tamper-proof record, but as a machine-readable, open registry of ethical sourcing standards. This would allow the fingerprints to be programmatically linked to the precise definitions of the ethical standards they claim to uphold, aiming to create a new layer of semantic clarity and auditability that is missing from current provenance claims.","## One-Sentence Summary
A privacy-first platform that generates verifiable digital fingerprints of ethical sourcing events and anchors them to a public, tamper-proof ledger, giving brands and consumers indisputable proof of provenance while protecting sensitive operational data.

## Problem
The venture plans to address a digital landscape saturated with manipulation and duplication, where it is increasingly difficult to establish what is original or real. The central challenge is enabling people to credibly prove the authenticity and first possession of a digital record—such as a donation confirmation or an impact report—amid pervasive skepticism and the ease of generating false claims. A specific, related challenge the venture plans to explore is the inefficiency and lack of standardization in the verification process for corporate matching gift programs, where employees often face cumbersome manual steps to prove their donations, creating friction that reduces participation.

## Target Users & Use Cases
The venture plans to initially focus its launch on solving the corporate matching gift program verification problem, targeting employees who need to prove donations and the corporate social responsibility or HR teams that administer these programs. This initial use case provides a specific, defined pain point with clear users. To validate this focus and gather critical feedback, the venture plans a targeted outreach plan, proposing to contact a defined set of 30 corporate HR or CSR departments within the financial services industry to discuss the matching gift verification pain point. Following this initial focus and outreach, the venture plans to expand to target brands seeking to validate their supply chains and consumers looking for trustworthy ethical goods. Broader scenarios planned for later development include discovering vetted, ethical suppliers (from large, global operations to local, artisanal producers), verifying material provenance with confidence, and providing transparent proof of sourcing standards to end customers. A planned, specific target user group for later outreach is procurement teams within consumer goods companies participating in sustainability certification or reporting programs, who need a streamlined way to discover vetted suppliers and provide indisputable proof of their ethical sourcing actions to qualify for certifications or meet regulatory requirements.

## Solution / Product Overview
The venture plans to build a tool that creates a digital fingerprint of a user's charitable event data—such as a donation receipt for a matching gift program—and records proof of that fingerprint on a public, time-stamped ledger. The approach is proposed to be secure and privacy-preserving: users would not upload sensitive raw data; instead, a compact fingerprint would serve as durable evidence. This is positioned as a quiet safeguard for digital truth that donors, nonprofits, and corporate verifiers can rely on. To increase trust, the team plans to explore adding a decentralized, community-run witness network to provide a secondary, distributed layer of attestation to the ledger's timestamps. Furthermore, the venture plans to explore the development of a simple, open-source verification widget that any third-party website (like a nonprofit's blog or a corporate social responsibility page) could embed to allow visitors to independently verify the timestamp and authenticity of a claimed charitable fingerprint directly from that page.

## Delivery Model
The venture plans a lightweight, privacy-first implementation. It would not store sensitive donor financial details or the underlying event files. Instead, it would generate compact, anonymized fingerprints of that data for ledger anchoring. The goal is a secure and resource-conscious design that maintains long-term verifiability with minimal infrastructure. The team plans to build a clean public interface and supporting infrastructure to make the verification tools usable by its target audience, starting with the matching gift use case.

## Revenue Logic
The venture plans to generate revenue primarily through a transaction-based model, charging a fee for each verifiable digital fingerprint anchored to the public ledger. This would apply initially to entities in the matching gift ecosystem (such as nonprofits or the verifying corporations themselves) seeking to create a permanent, auditable record of a donation. The venture plans to explore a tiered pricing test for this transaction fee, where the fee would vary based on the complexity of the data being fingerprinted (e.g., a lower fee for a simple receipt versus a higher fee for a multi-tier supply chain event with numerous data points) to explore price sensitivity among different user segments and use cases. The venture also plans to explore offering optional subscription tiers for high-volume users, which could include advanced provenance reporting features, supply chain management capabilities, or enhanced integration services for enterprise procurement or certification programs as it expands beyond the initial use case. An initial free trial period for generating a limited number of fingerprints is proposed to onboard partners.

## Distinctiveness
The venture aims to differentiate itself by offering heirloom-quality goods that merge immediate, tangible material qualities with enduring digital proof of ethical sourcing. Its proposed system does not just provide a product; it aims to create a permanent, independently verifiable record that the materials were sourced according to specific ethical standards at a specific time, addressing the credibility problem of sustainability claims. This focus on verifiable provenance from a specific, ethical source is presented as a unique safeguard for both consumer trust and material truth. The venture plans to explore a further point of differentiation: structuring its public ledger not just as a tamper-proof record, but as a machine-readable, open registry of ethical sourcing standards. This would allow the fingerprints to be programmatically linked to the precise definitions of the ethical standards they claim to uphold, aiming to create a new layer of semantic clarity and auditability that is missing from current provenance claims."
"local","4","L4.1","specialized_rewrite","L3.1","","False","prospective_framing_safeguard","[""For the initial matching gift use case, the venture plans a specific user flow: an employee would upload their donation receipt to the platform, which would then generate a unique fingerprint, anchor it to the public ledger, and provide the employee with a shareable verification link to submit to their employer's matching gift portal.""]","True","accepted","[]","Prospective-framing safeguard overrode the model's rejection because every flagged claim is explicitly hypothetical, proposed, planned, or future-tense and none asserts an existing accomplishment. Initial model analysis: The candidate introduces a specific, detailed user flow for the initial matching gift use case. The source material describes the solution in general terms (creating a fingerprint of event data and recording it on a ledger) but does not specify any planned user flow, steps, or the generation of a 'shareable verification link' for submission to an employer's portal. This addition presents a concrete operational detail not framed as a proposal, plan, or exploration in the source, thereby implying a defined implementation status beyond the source's stated concepts.","## One-Sentence Summary
A privacy-first platform that generates verifiable digital fingerprints of ethical sourcing events and anchors them to a public, tamper-proof ledger, giving brands and consumers indisputable proof of provenance while protecting sensitive operational data.

## Problem
The venture plans to address a digital landscape saturated with manipulation and duplication, where it is increasingly difficult to establish what is original or real. The central challenge is enabling people to credibly prove the authenticity and first possession of a digital record—such as a donation confirmation or an impact report—amid pervasive skepticism and the ease of generating false claims. A specific, related challenge the venture plans to explore is the inefficiency and lack of standardization in the verification process for corporate matching gift programs, where employees often face cumbersome manual steps to prove their donations, creating friction that reduces participation.

## Target Users & Use Cases
The venture plans to initially focus its launch on solving the corporate matching gift program verification problem, targeting employees who need to prove donations and the corporate social responsibility or HR teams that administer these programs. This initial use case provides a specific, defined pain point with clear users. Following this initial focus, the venture plans to expand to target brands seeking to validate their supply chains and consumers looking for trustworthy ethical goods. Broader scenarios planned for later development include discovering vetted, ethical suppliers (from large, global operations to local, artisanal producers), verifying material provenance with confidence, and providing transparent proof of sourcing standards to end customers. A planned, specific target user group for later outreach is procurement teams within consumer goods companies participating in sustainability certification or reporting programs, who need a streamlined way to discover vetted suppliers and provide indisputable proof of their ethical sourcing actions to qualify for certifications or meet regulatory requirements.

## Solution / Product Overview
The venture plans to build a tool that creates a digital fingerprint of a user's charitable event data—such as a donation receipt for a matching gift program—and records proof of that fingerprint on a public, time-stamped ledger. The approach is proposed to be secure and privacy-preserving: users would not upload sensitive raw data; instead, a compact fingerprint would serve as durable evidence. This is positioned as a quiet safeguard for digital truth that donors, nonprofits, and corporate verifiers can rely on. For the initial matching gift use case, the venture plans a specific user flow: an employee would upload their donation receipt to the platform, which would then generate a unique fingerprint, anchor it to the public ledger, and provide the employee with a shareable verification link to submit to their employer's matching gift portal. To increase trust, the team plans to explore adding a decentralized, community-run witness network to provide a secondary, distributed layer of attestation to the ledger's timestamps. Furthermore, the venture plans to explore the development of a simple, open-source verification widget that any third-party website (like a nonprofit's blog or a corporate social responsibility page) could embed to allow visitors to independently verify the timestamp and authenticity of a claimed charitable fingerprint directly from that page.

## Delivery Model
The venture plans a lightweight, privacy-first implementation. It would not store sensitive donor financial details or the underlying event files. Instead, it would generate compact, anonymized fingerprints of that data for ledger anchoring. The goal is a secure and resource-conscious design that maintains long-term verifiability with minimal infrastructure. The team plans to build a clean public interface and supporting infrastructure to make the verification tools usable by its target audience, starting with the matching gift use case.

## Revenue Logic
The venture plans to generate revenue primarily through a transaction-based model, charging a fee for each verifiable digital fingerprint anchored to the public ledger. This would apply initially to entities in the matching gift ecosystem (such as nonprofits or the verifying corporations themselves) seeking to create a permanent, auditable record of a donation. The venture plans to explore a tiered pricing test for this transaction fee, where the fee would vary based on the complexity of the data being fingerprinted (e.g., a lower fee for a simple receipt versus a higher fee for a multi-tier supply chain event with numerous data points) to explore price sensitivity among different user segments and use cases. The venture also plans to explore offering optional subscription tiers for high-volume users, which could include advanced provenance reporting features, supply chain management capabilities, or enhanced integration services for enterprise procurement or certification programs as it expands beyond the initial use case. An initial free trial period for generating a limited number of fingerprints is proposed to onboard partners.

## Distinctiveness
The venture aims to differentiate itself by offering heirloom-quality goods that merge immediate, tangible material qualities with enduring digital proof of ethical sourcing. Its proposed system does not just provide a product; it aims to create a permanent, independently verifiable record that the materials were sourced according to specific ethical standards at a specific time, addressing the credibility problem of sustainability claims. This focus on verifiable provenance from a specific, ethical source is presented as a unique safeguard for both consumer trust and material truth. The venture plans to explore a further point of differentiation: structuring its public ledger not just as a tamper-proof record, but as a machine-readable, open registry of ethical sourcing standards. To demonstrate focus and technical feasibility, the venture plans to explore initially supporting a single, concrete standard such as the Fair Trade certification framework within this ledger architecture. This would allow the fingerprints to be programmatically linked to the precise definitions of the ethical standards they claim to uphold, aiming to create a new layer of semantic clarity and auditability that is missing from current provenance claims.","## One-Sentence Summary
A privacy-first platform that generates verifiable digital fingerprints of ethical sourcing events and anchors them to a public, tamper-proof ledger, giving brands and consumers indisputable proof of provenance while protecting sensitive operational data.

## Problem
The venture plans to address a digital landscape saturated with manipulation and duplication, where it is increasingly difficult to establish what is original or real. The central challenge is enabling people to credibly prove the authenticity and first possession of a digital record—such as a donation confirmation or an impact report—amid pervasive skepticism and the ease of generating false claims. A specific, related challenge the venture plans to explore is the inefficiency and lack of standardization in the verification process for corporate matching gift programs, where employees often face cumbersome manual steps to prove their donations, creating friction that reduces participation.

## Target Users & Use Cases
The venture plans to initially focus its launch on solving the corporate matching gift program verification problem, targeting employees who need to prove donations and the corporate social responsibility or HR teams that administer these programs. This initial use case provides a specific, defined pain point with clear users. Following this initial focus, the venture plans to expand to target brands seeking to validate their supply chains and consumers looking for trustworthy ethical goods. Broader scenarios planned for later development include discovering vetted, ethical suppliers (from large, global operations to local, artisanal producers), verifying material provenance with confidence, and providing transparent proof of sourcing standards to end customers. A planned, specific target user group for later outreach is procurement teams within consumer goods companies participating in sustainability certification or reporting programs, who need a streamlined way to discover vetted suppliers and provide indisputable proof of their ethical sourcing actions to qualify for certifications or meet regulatory requirements.

## Solution / Product Overview
The venture plans to build a tool that creates a digital fingerprint of a user's charitable event data—such as a donation receipt for a matching gift program—and records proof of that fingerprint on a public, time-stamped ledger. The approach is proposed to be secure and privacy-preserving: users would not upload sensitive raw data; instead, a compact fingerprint would serve as durable evidence. This is positioned as a quiet safeguard for digital truth that donors, nonprofits, and corporate verifiers can rely on. For the initial matching gift use case, the venture plans a specific user flow: an employee would upload their donation receipt to the platform, which would then generate a unique fingerprint, anchor it to the public ledger, and provide the employee with a shareable verification link to submit to their employer's matching gift portal. To increase trust, the team plans to explore adding a decentralized, community-run witness network to provide a secondary, distributed layer of attestation to the ledger's timestamps. Furthermore, the venture plans to explore the development of a simple, open-source verification widget that any third-party website (like a nonprofit's blog or a corporate social responsibility page) could embed to allow visitors to independently verify the timestamp and authenticity of a claimed charitable fingerprint directly from that page.

## Delivery Model
The venture plans a lightweight, privacy-first implementation. It would not store sensitive donor financial details or the underlying event files. Instead, it would generate compact, anonymized fingerprints of that data for ledger anchoring. The goal is a secure and resource-conscious design that maintains long-term verifiability with minimal infrastructure. The team plans to build a clean public interface and supporting infrastructure to make the verification tools usable by its target audience, starting with the matching gift use case.

## Revenue Logic
The venture plans to generate revenue primarily through a transaction-based model, charging a fee for each verifiable digital fingerprint anchored to the public ledger. This would apply initially to entities in the matching gift ecosystem (such as nonprofits or the verifying corporations themselves) seeking to create a permanent, auditable record of a donation. The venture plans to explore a tiered pricing test for this transaction fee, where the fee would vary based on the complexity of the data being fingerprinted (e.g., a lower fee for a simple receipt versus a higher fee for a multi-tier supply chain event with numerous data points) to explore price sensitivity among different user segments and use cases. The venture also plans to explore offering optional subscription tiers for high-volume users, which could include advanced provenance reporting features, supply chain management capabilities, or enhanced integration services for enterprise procurement or certification programs as it expands beyond the initial use case. An initial free trial period for generating a limited number of fingerprints is proposed to onboard partners.

## Distinctiveness
The venture aims to differentiate itself by offering heirloom-quality goods that merge immediate, tangible material qualities with enduring digital proof of ethical sourcing. Its proposed system does not just provide a product; it aims to create a permanent, independently verifiable record that the materials were sourced according to specific ethical standards at a specific time, addressing the credibility problem of sustainability claims. This focus on verifiable provenance from a specific, ethical source is presented as a unique safeguard for both consumer trust and material truth. The venture plans to explore a further point of differentiation: structuring its public ledger not just as a tamper-proof record, but as a machine-readable, open registry of ethical sourcing standards. To demonstrate focus and technical feasibility, the venture plans to explore initially supporting a single, concrete standard such as the Fair Trade certification framework within this ledger architecture. This would allow the fingerprints to be programmatically linked to the precise definitions of the ethical standards they claim to uphold, aiming to create a new layer of semantic clarity and auditability that is missing from current provenance claims."
"local","4","L4.2","specialized_rewrite","L3.1","","True","model_audit","[]","True","accepted","[]","All statements in the candidate are either verbatim from the source material or are new proposals framed in future-oriented language (e.g., 'proposes a small, targeted test using one specific variable'). No claims of existing traction, customers, tests, or accomplishments were introduced. The candidate adheres to the standard by only describing plans, proposals, and the venture's concept.","## One-Sentence Summary
A privacy-first platform that generates verifiable digital fingerprints of ethical sourcing events and anchors them to a public, tamper-proof ledger, giving brands and consumers indisputable proof of provenance while protecting sensitive operational data.

## Problem
The venture plans to address a digital landscape saturated with manipulation and duplication, where it is increasingly difficult to establish what is original or real. The central challenge is enabling people to credibly prove the authenticity and first possession of a digital record—such as a donation confirmation or an impact report—amid pervasive skepticism and the ease of generating false claims. A specific, related challenge the venture plans to explore is the inefficiency and lack of standardization in the verification process for corporate matching gift programs, where employees often face cumbersome manual steps to prove their donations, creating friction that reduces participation.

## Target Users & Use Cases
The venture plans to initially focus its launch on solving the corporate matching gift program verification problem, targeting employees who need to prove donations and the corporate social responsibility or HR teams that administer these programs. This initial use case provides a specific, defined pain point with clear users. Following this initial focus, the venture plans to expand to target brands seeking to validate their supply chains and consumers looking for trustworthy ethical goods. Broader scenarios planned for later development include discovering vetted, ethical suppliers (from large, global operations to local, artisanal producers), verifying material provenance with confidence, and providing transparent proof of sourcing standards to end customers. A planned, specific target user group for later outreach is procurement teams within consumer goods companies participating in sustainability certification or reporting programs, who need a streamlined way to discover vetted suppliers and provide indisputable proof of their ethical sourcing actions to qualify for certifications or meet regulatory requirements.

## Solution / Product Overview
The venture plans to build a tool that creates a digital fingerprint of a user's charitable event data—such as a donation receipt for a matching gift program—and records proof of that fingerprint on a public, time-stamped ledger. The approach is proposed to be secure and privacy-preserving: users would not upload sensitive raw data; instead, a compact fingerprint would serve as durable evidence. This is positioned as a quiet safeguard for digital truth that donors, nonprofits, and corporate verifiers can rely on. To increase trust, the team plans to explore adding a decentralized, community-run witness network to provide a secondary, distributed layer of attestation to the ledger's timestamps. Furthermore, the venture plans to explore the development of a simple, open-source verification widget that any third-party website (like a nonprofit's blog or a corporate social responsibility page) could embed to allow visitors to independently verify the timestamp and authenticity of a claimed charitable fingerprint directly from that page.

## Delivery Model
The venture plans a lightweight, privacy-first implementation. It would not store sensitive donor financial details or the underlying event files. Instead, it would generate compact, anonymized fingerprints of that data for ledger anchoring. The goal is a secure and resource-conscious design that maintains long-term verifiability with minimal infrastructure. The team plans to build a clean public interface and supporting infrastructure to make the verification tools usable by its target audience, starting with the matching gift use case.

## Revenue Logic
The venture plans to generate revenue primarily through a transaction-based model, charging a fee for each verifiable digital fingerprint anchored to the public ledger. This would apply initially to entities in the matching gift ecosystem (such as nonprofits or the verifying corporations themselves) seeking to create a permanent, auditable record of a donation. The venture plans to explore a tiered pricing test for this transaction fee, where the fee would vary based on the complexity of the data being fingerprinted. To validate this model with a planned pilot group, the venture proposes a small, targeted test using one specific variable: the number of distinct data fields in a donation receipt. A receipt exceeding a defined threshold of fields would trigger a higher fee, allowing the team to explore price sensitivity among different user segments and use cases. The venture also plans to explore offering optional subscription tiers for high-volume users, which could include advanced provenance reporting features, supply chain management capabilities, or enhanced integration services for enterprise procurement or certification programs as it expands beyond the initial use case. An initial free trial period for generating a limited number of fingerprints is proposed to onboard partners.

## Distinctiveness
The venture aims to differentiate itself by offering heirloom-quality goods that merge immediate, tangible material qualities with enduring digital proof of ethical sourcing. Its proposed system does not just provide a product; it aims to create a permanent, independently verifiable record that the materials were sourced according to specific ethical standards at a specific time, addressing the credibility problem of sustainability claims. This focus on verifiable provenance from a specific, ethical source is presented as a unique safeguard for both consumer trust and material truth. The venture plans to explore a further point of differentiation: structuring its public ledger not just as a tamper-proof record, but as a machine-readable, open registry of ethical sourcing standards. To demonstrate focus and technical feasibility, the venture plans to explore initially supporting a single, concrete standard such as the Fair Trade certification framework within this ledger architecture. This would allow the fingerprints to be programmatically linked to the precise definitions of the ethical standards they claim to uphold, aiming to create a new layer of semantic clarity and auditability that is missing from current provenance claims.","## One-Sentence Summary
A privacy-first platform that generates verifiable digital fingerprints of ethical sourcing events and anchors them to a public, tamper-proof ledger, giving brands and consumers indisputable proof of provenance while protecting sensitive operational data.

## Problem
The venture plans to address a digital landscape saturated with manipulation and duplication, where it is increasingly difficult to establish what is original or real. The central challenge is enabling people to credibly prove the authenticity and first possession of a digital record—such as a donation confirmation or an impact report—amid pervasive skepticism and the ease of generating false claims. A specific, related challenge the venture plans to explore is the inefficiency and lack of standardization in the verification process for corporate matching gift programs, where employees often face cumbersome manual steps to prove their donations, creating friction that reduces participation.

## Target Users & Use Cases
The venture plans to initially focus its launch on solving the corporate matching gift program verification problem, targeting employees who need to prove donations and the corporate social responsibility or HR teams that administer these programs. This initial use case provides a specific, defined pain point with clear users. Following this initial focus, the venture plans to expand to target brands seeking to validate their supply chains and consumers looking for trustworthy ethical goods. Broader scenarios planned for later development include discovering vetted, ethical suppliers (from large, global operations to local, artisanal producers), verifying material provenance with confidence, and providing transparent proof of sourcing standards to end customers. A planned, specific target user group for later outreach is procurement teams within consumer goods companies participating in sustainability certification or reporting programs, who need a streamlined way to discover vetted suppliers and provide indisputable proof of their ethical sourcing actions to qualify for certifications or meet regulatory requirements.

## Solution / Product Overview
The venture plans to build a tool that creates a digital fingerprint of a user's charitable event data—such as a donation receipt for a matching gift program—and records proof of that fingerprint on a public, time-stamped ledger. The approach is proposed to be secure and privacy-preserving: users would not upload sensitive raw data; instead, a compact fingerprint would serve as durable evidence. This is positioned as a quiet safeguard for digital truth that donors, nonprofits, and corporate verifiers can rely on. To increase trust, the team plans to explore adding a decentralized, community-run witness network to provide a secondary, distributed layer of attestation to the ledger's timestamps. Furthermore, the venture plans to explore the development of a simple, open-source verification widget that any third-party website (like a nonprofit's blog or a corporate social responsibility page) could embed to allow visitors to independently verify the timestamp and authenticity of a claimed charitable fingerprint directly from that page.

## Delivery Model
The venture plans a lightweight, privacy-first implementation. It would not store sensitive donor financial details or the underlying event files. Instead, it would generate compact, anonymized fingerprints of that data for ledger anchoring. The goal is a secure and resource-conscious design that maintains long-term verifiability with minimal infrastructure. The team plans to build a clean public interface and supporting infrastructure to make the verification tools usable by its target audience, starting with the matching gift use case.

## Revenue Logic
The venture plans to generate revenue primarily through a transaction-based model, charging a fee for each verifiable digital fingerprint anchored to the public ledger. This would apply initially to entities in the matching gift ecosystem (such as nonprofits or the verifying corporations themselves) seeking to create a permanent, auditable record of a donation. The venture plans to explore a tiered pricing test for this transaction fee, where the fee would vary based on the complexity of the data being fingerprinted. To validate this model with a planned pilot group, the venture proposes a small, targeted test using one specific variable: the number of distinct data fields in a donation receipt. A receipt exceeding a defined threshold of fields would trigger a higher fee, allowing the team to explore price sensitivity among different user segments and use cases. The venture also plans to explore offering optional subscription tiers for high-volume users, which could include advanced provenance reporting features, supply chain management capabilities, or enhanced integration services for enterprise procurement or certification programs as it expands beyond the initial use case. An initial free trial period for generating a limited number of fingerprints is proposed to onboard partners.

## Distinctiveness
The venture aims to differentiate itself by offering heirloom-quality goods that merge immediate, tangible material qualities with enduring digital proof of ethical sourcing. Its proposed system does not just provide a product; it aims to create a permanent, independently verifiable record that the materials were sourced according to specific ethical standards at a specific time, addressing the credibility problem of sustainability claims. This focus on verifiable provenance from a specific, ethical source is presented as a unique safeguard for both consumer trust and material truth. The venture plans to explore a further point of differentiation: structuring its public ledger not just as a tamper-proof record, but as a machine-readable, open registry of ethical sourcing standards. To demonstrate focus and technical feasibility, the venture plans to explore initially supporting a single, concrete standard such as the Fair Trade certification framework within this ledger architecture. This would allow the fingerprints to be programmatically linked to the precise definitions of the ethical standards they claim to uphold, aiming to create a new layer of semantic clarity and auditability that is missing from current provenance claims."
"local","4","L4.3","specialized_rewrite","L3.1","","True","model_audit","[]","True","accepted","[]","All statements about the venture's status, accomplishments, and evidence are consistent with the source material, which frames everything as plans, proposals, or explorations. The candidate's only addition is the clarification that the verification widget is a 'proposed next-step investigation after the core ledger is functional,' which is a permissible future plan and does not assert existing development or traction.","## One-Sentence Summary
A privacy-first platform that generates verifiable digital fingerprints of ethical sourcing events and anchors them to a public, tamper-proof ledger, giving brands and consumers indisputable proof of provenance while protecting sensitive operational data.

## Problem
The venture plans to address a digital landscape saturated with manipulation and duplication, where it is increasingly difficult to establish what is original or real. The central challenge is enabling people to credibly prove the authenticity and first possession of a digital record—such as a donation confirmation or an impact report—amid pervasive skepticism and the ease of generating false claims. A specific, related challenge the venture plans to explore is the inefficiency and lack of standardization in the verification process for corporate matching gift programs, where employees often face cumbersome manual steps to prove their donations, creating friction that reduces participation.

## Target Users & Use Cases
The venture plans to initially focus its launch on solving the corporate matching gift program verification problem, targeting employees who need to prove donations and the corporate social responsibility or HR teams that administer these programs. This initial use case provides a specific, defined pain point with clear users. Following this initial focus, the venture plans to expand to target brands seeking to validate their supply chains and consumers looking for trustworthy ethical goods. Broader scenarios planned for later development include discovering vetted, ethical suppliers (from large, global operations to local, artisanal producers), verifying material provenance with confidence, and providing transparent proof of sourcing standards to end customers. A planned, specific target user group for later outreach is procurement teams within consumer goods companies participating in sustainability certification or reporting programs, who need a streamlined way to discover vetted suppliers and provide indisputable proof of their ethical sourcing actions to qualify for certifications or meet regulatory requirements.

## Solution / Product Overview
The venture plans to build a tool that creates a digital fingerprint of a user's charitable event data—such as a donation receipt for a matching gift program—and records proof of that fingerprint on a public, time-stamped ledger. The approach is proposed to be secure and privacy-preserving: users would not upload sensitive raw data; instead, a compact fingerprint would serve as durable evidence. This is positioned as a quiet safeguard for digital truth that donors, nonprofits, and corporate verifiers can rely on. To increase trust, the team plans to explore adding a decentralized, community-run witness network to provide a secondary, distributed layer of attestation to the ledger's timestamps. Furthermore, the venture plans to explore the development of a simple, open-source verification widget that any third-party website (like a nonprofit's blog or a corporate social responsibility page) could embed to allow visitors to independently verify the timestamp and authenticity of a claimed charitable fingerprint directly from that page. The venture plans a technical exploration to assess the feasibility and resource requirements of building this widget, framing it as a proposed next-step investigation after the core ledger is functional.

## Delivery Model
The venture plans a lightweight, privacy-first implementation. It would not store sensitive donor financial details or the underlying event files. Instead, it would generate compact, anonymized fingerprints of that data for ledger anchoring. The goal is a secure and resource-conscious design that maintains long-term verifiability with minimal infrastructure. The team plans to build a clean public interface and supporting infrastructure to make the verification tools usable by its target audience, starting with the matching gift use case.

## Revenue Logic
The venture plans to generate revenue primarily through a transaction-based model, charging a fee for each verifiable digital fingerprint anchored to the public ledger. This would apply initially to entities in the matching gift ecosystem (such as nonprofits or the verifying corporations themselves) seeking to create a permanent, auditable record of a donation. The venture plans to explore a tiered pricing test for this transaction fee, where the fee would vary based on the complexity of the data being fingerprinted (e.g., a lower fee for a simple receipt versus a higher fee for a multi-tier supply chain event with numerous data points) to explore price sensitivity among different user segments and use cases. The venture also plans to explore offering optional subscription tiers for high-volume users, which could include advanced provenance reporting features, supply chain management capabilities, or enhanced integration services for enterprise procurement or certification programs as it expands beyond the initial use case. An initial free trial period for generating a limited number of fingerprints is proposed to onboard partners.

## Distinctiveness
The venture aims to differentiate itself by offering heirloom-quality goods that merge immediate, tangible material qualities with enduring digital proof of ethical sourcing. Its proposed system does not just provide a product; it aims to create a permanent, independently verifiable record that the materials were sourced according to specific ethical standards at a specific time, addressing the credibility problem of sustainability claims. This focus on verifiable provenance from a specific, ethical source is presented as a unique safeguard for both consumer trust and material truth. The venture plans to explore a further point of differentiation: structuring its public ledger not just as a tamper-proof record, but as a machine-readable, open registry of ethical sourcing standards. To demonstrate focus and technical feasibility, the venture plans to explore initially supporting a single, concrete standard such as the Fair Trade certification framework within this ledger architecture. This would allow the fingerprints to be programmatically linked to the precise definitions of the ethical standards they claim to uphold, aiming to create a new layer of semantic clarity and auditability that is missing from current provenance claims.","## One-Sentence Summary
A privacy-first platform that generates verifiable digital fingerprints of ethical sourcing events and anchors them to a public, tamper-proof ledger, giving brands and consumers indisputable proof of provenance while protecting sensitive operational data.

## Problem
The venture plans to address a digital landscape saturated with manipulation and duplication, where it is increasingly difficult to establish what is original or real. The central challenge is enabling people to credibly prove the authenticity and first possession of a digital record—such as a donation confirmation or an impact report—amid pervasive skepticism and the ease of generating false claims. A specific, related challenge the venture plans to explore is the inefficiency and lack of standardization in the verification process for corporate matching gift programs, where employees often face cumbersome manual steps to prove their donations, creating friction that reduces participation.

## Target Users & Use Cases
The venture plans to initially focus its launch on solving the corporate matching gift program verification problem, targeting employees who need to prove donations and the corporate social responsibility or HR teams that administer these programs. This initial use case provides a specific, defined pain point with clear users. Following this initial focus, the venture plans to expand to target brands seeking to validate their supply chains and consumers looking for trustworthy ethical goods. Broader scenarios planned for later development include discovering vetted, ethical suppliers (from large, global operations to local, artisanal producers), verifying material provenance with confidence, and providing transparent proof of sourcing standards to end customers. A planned, specific target user group for later outreach is procurement teams within consumer goods companies participating in sustainability certification or reporting programs, who need a streamlined way to discover vetted suppliers and provide indisputable proof of their ethical sourcing actions to qualify for certifications or meet regulatory requirements.

## Solution / Product Overview
The venture plans to build a tool that creates a digital fingerprint of a user's charitable event data—such as a donation receipt for a matching gift program—and records proof of that fingerprint on a public, time-stamped ledger. The approach is proposed to be secure and privacy-preserving: users would not upload sensitive raw data; instead, a compact fingerprint would serve as durable evidence. This is positioned as a quiet safeguard for digital truth that donors, nonprofits, and corporate verifiers can rely on. To increase trust, the team plans to explore adding a decentralized, community-run witness network to provide a secondary, distributed layer of attestation to the ledger's timestamps. Furthermore, the venture plans to explore the development of a simple, open-source verification widget that any third-party website (like a nonprofit's blog or a corporate social responsibility page) could embed to allow visitors to independently verify the timestamp and authenticity of a claimed charitable fingerprint directly from that page. The venture plans a technical exploration to assess the feasibility and resource requirements of building this widget, framing it as a proposed next-step investigation after the core ledger is functional.

## Delivery Model
The venture plans a lightweight, privacy-first implementation. It would not store sensitive donor financial details or the underlying event files. Instead, it would generate compact, anonymized fingerprints of that data for ledger anchoring. The goal is a secure and resource-conscious design that maintains long-term verifiability with minimal infrastructure. The team plans to build a clean public interface and supporting infrastructure to make the verification tools usable by its target audience, starting with the matching gift use case.

## Revenue Logic
The venture plans to generate revenue primarily through a transaction-based model, charging a fee for each verifiable digital fingerprint anchored to the public ledger. This would apply initially to entities in the matching gift ecosystem (such as nonprofits or the verifying corporations themselves) seeking to create a permanent, auditable record of a donation. The venture plans to explore a tiered pricing test for this transaction fee, where the fee would vary based on the complexity of the data being fingerprinted (e.g., a lower fee for a simple receipt versus a higher fee for a multi-tier supply chain event with numerous data points) to explore price sensitivity among different user segments and use cases. The venture also plans to explore offering optional subscription tiers for high-volume users, which could include advanced provenance reporting features, supply chain management capabilities, or enhanced integration services for enterprise procurement or certification programs as it expands beyond the initial use case. An initial free trial period for generating a limited number of fingerprints is proposed to onboard partners.

## Distinctiveness
The venture aims to differentiate itself by offering heirloom-quality goods that merge immediate, tangible material qualities with enduring digital proof of ethical sourcing. Its proposed system does not just provide a product; it aims to create a permanent, independently verifiable record that the materials were sourced according to specific ethical standards at a specific time, addressing the credibility problem of sustainability claims. This focus on verifiable provenance from a specific, ethical source is presented as a unique safeguard for both consumer trust and material truth. The venture plans to explore a further point of differentiation: structuring its public ledger not just as a tamper-proof record, but as a machine-readable, open registry of ethical sourcing standards. To demonstrate focus and technical feasibility, the venture plans to explore initially supporting a single, concrete standard such as the Fair Trade certification framework within this ledger architecture. This would allow the fingerprints to be programmatically linked to the precise definitions of the ethical standards they claim to uphold, aiming to create a new layer of semantic clarity and auditability that is missing from current provenance claims."
"local","4","L4.4","specialized_rewrite","L3.1","","False","prospective_framing_safeguard","[""The venture plans to explore an outreach to a specific, well-known sustainability certification body, such as Fair Trade International, to propose a hypothetical partnership for defining a machine-readable standard within the ledger, without implying any existing agreement.""]","True","accepted","[]","Prospective-framing safeguard overrode the model's rejection because every flagged claim is explicitly hypothetical, proposed, planned, or future-tense and none asserts an existing accomplishment. Initial model analysis: The candidate adds a specific plan to reach out to 'Fair Trade International' for a partnership. While the source material mentions exploring support for 'a single, concrete standard such as the Fair Trade certification framework' within the ledger architecture, it does not mention any planned outreach or partnership proposal with the specific organization 'Fair Trade International'. This addition constitutes an unsupported claim about planned activities that goes beyond what is stated in the authorized source material.","## One-Sentence Summary
A privacy-first platform that generates verifiable digital fingerprints of ethical sourcing events and anchors them to a public, tamper-proof ledger, giving brands and consumers indisputable proof of provenance while protecting sensitive operational data.

## Problem
The venture plans to address a digital landscape saturated with manipulation and duplication, where it is increasingly difficult to establish what is original or real. The central challenge is enabling people to credibly prove the authenticity and first possession of a digital record—such as a donation confirmation or an impact report—amid pervasive skepticism and the ease of generating false claims. A specific, related challenge the venture plans to explore is the inefficiency and lack of standardization in the verification process for corporate matching gift programs, where employees often face cumbersome manual steps to prove their donations, creating friction that reduces participation.

## Target Users & Use Cases
The venture plans to initially focus its launch on solving the corporate matching gift program verification problem, targeting employees who need to prove donations and the corporate social responsibility or HR teams that administer these programs. This initial use case provides a specific, defined pain point with clear users. Following this initial focus, the venture plans to expand to target brands seeking to validate their supply chains and consumers looking for trustworthy ethical goods. Broader scenarios planned for later development include discovering vetted, ethical suppliers (from large, global operations to local, artisanal producers), verifying material provenance with confidence, and providing transparent proof of sourcing standards to end customers. A planned, specific target user group for later outreach is procurement teams within consumer goods companies participating in sustainability certification or reporting programs, who need a streamlined way to discover vetted suppliers and provide indisputable proof of their ethical sourcing actions to qualify for certifications or meet regulatory requirements.

## Solution / Product Overview
The venture plans to build a tool that creates a digital fingerprint of a user's charitable event data—such as a donation receipt for a matching gift program—and records proof of that fingerprint on a public, time-stamped ledger. The approach is proposed to be secure and privacy-preserving: users would not upload sensitive raw data; instead, a compact fingerprint would serve as durable evidence. This is positioned as a quiet safeguard for digital truth that donors, nonprofits, and corporate verifiers can rely on. To increase trust, the team plans to explore adding a decentralized, community-run witness network to provide a secondary, distributed layer of attestation to the ledger's timestamps. Furthermore, the venture plans to explore the development of a simple, open-source verification widget that any third-party website (like a nonprofit's blog or a corporate social responsibility page) could embed to allow visitors to independently verify the timestamp and authenticity of a claimed charitable fingerprint directly from that page.

## Delivery Model
The venture plans a lightweight, privacy-first implementation. It would not store sensitive donor financial details or the underlying event files. Instead, it would generate compact, anonymized fingerprints of that data for ledger anchoring. The goal is a secure and resource-conscious design that maintains long-term verifiability with minimal infrastructure. The team plans to build a clean public interface and supporting infrastructure to make the verification tools usable by its target audience, starting with the matching gift use case.

## Revenue Logic
The venture plans to generate revenue primarily through a transaction-based model, charging a fee for each verifiable digital fingerprint anchored to the public ledger. This would apply initially to entities in the matching gift ecosystem (such as nonprofits or the verifying corporations themselves) seeking to create a permanent, auditable record of a donation. The venture plans to explore a tiered pricing test for this transaction fee, where the fee would vary based on the complexity of the data being fingerprinted (e.g., a lower fee for a simple receipt versus a higher fee for a multi-tier supply chain event with numerous data points) to explore price sensitivity among different user segments and use cases. The venture also plans to explore offering optional subscription tiers for high-volume users, which could include advanced provenance reporting features, supply chain management capabilities, or enhanced integration services for enterprise procurement or certification programs as it expands beyond the initial use case. An initial free trial period for generating a limited number of fingerprints is proposed to onboard partners.

## Distinctiveness
The venture aims to differentiate itself by offering heirloom-quality goods that merge immediate, tangible material qualities with enduring digital proof of ethical sourcing. Its proposed system does not just provide a product; it aims to create a permanent, independently verifiable record that the materials were sourced according to specific ethical standards at a specific time, addressing the credibility problem of sustainability claims. This focus on verifiable provenance from a specific, ethical source is presented as a unique safeguard for both consumer trust and material truth. The venture plans to explore a further point of differentiation: structuring its public ledger not just as a tamper-proof record, but as a machine-readable, open registry of ethical sourcing standards. To demonstrate focus and technical feasibility, the venture plans to explore initially supporting a single, concrete standard such as the Fair Trade certification framework within this ledger architecture. This would allow the fingerprints to be programmatically linked to the precise definitions of the ethical standards they claim to uphold, aiming to create a new layer of semantic clarity and auditability that is missing from current provenance claims. The venture plans to explore an outreach to a specific, well-known sustainability certification body, such as Fair Trade International, to propose a hypothetical partnership for defining a machine-readable standard within the ledger, without implying any existing agreement.","## One-Sentence Summary
A privacy-first platform that generates verifiable digital fingerprints of ethical sourcing events and anchors them to a public, tamper-proof ledger, giving brands and consumers indisputable proof of provenance while protecting sensitive operational data.

## Problem
The venture plans to address a digital landscape saturated with manipulation and duplication, where it is increasingly difficult to establish what is original or real. The central challenge is enabling people to credibly prove the authenticity and first possession of a digital record—such as a donation confirmation or an impact report—amid pervasive skepticism and the ease of generating false claims. A specific, related challenge the venture plans to explore is the inefficiency and lack of standardization in the verification process for corporate matching gift programs, where employees often face cumbersome manual steps to prove their donations, creating friction that reduces participation.

## Target Users & Use Cases
The venture plans to initially focus its launch on solving the corporate matching gift program verification problem, targeting employees who need to prove donations and the corporate social responsibility or HR teams that administer these programs. This initial use case provides a specific, defined pain point with clear users. Following this initial focus, the venture plans to expand to target brands seeking to validate their supply chains and consumers looking for trustworthy ethical goods. Broader scenarios planned for later development include discovering vetted, ethical suppliers (from large, global operations to local, artisanal producers), verifying material provenance with confidence, and providing transparent proof of sourcing standards to end customers. A planned, specific target user group for later outreach is procurement teams within consumer goods companies participating in sustainability certification or reporting programs, who need a streamlined way to discover vetted suppliers and provide indisputable proof of their ethical sourcing actions to qualify for certifications or meet regulatory requirements.

## Solution / Product Overview
The venture plans to build a tool that creates a digital fingerprint of a user's charitable event data—such as a donation receipt for a matching gift program—and records proof of that fingerprint on a public, time-stamped ledger. The approach is proposed to be secure and privacy-preserving: users would not upload sensitive raw data; instead, a compact fingerprint would serve as durable evidence. This is positioned as a quiet safeguard for digital truth that donors, nonprofits, and corporate verifiers can rely on. To increase trust, the team plans to explore adding a decentralized, community-run witness network to provide a secondary, distributed layer of attestation to the ledger's timestamps. Furthermore, the venture plans to explore the development of a simple, open-source verification widget that any third-party website (like a nonprofit's blog or a corporate social responsibility page) could embed to allow visitors to independently verify the timestamp and authenticity of a claimed charitable fingerprint directly from that page.

## Delivery Model
The venture plans a lightweight, privacy-first implementation. It would not store sensitive donor financial details or the underlying event files. Instead, it would generate compact, anonymized fingerprints of that data for ledger anchoring. The goal is a secure and resource-conscious design that maintains long-term verifiability with minimal infrastructure. The team plans to build a clean public interface and supporting infrastructure to make the verification tools usable by its target audience, starting with the matching gift use case.

## Revenue Logic
The venture plans to generate revenue primarily through a transaction-based model, charging a fee for each verifiable digital fingerprint anchored to the public ledger. This would apply initially to entities in the matching gift ecosystem (such as nonprofits or the verifying corporations themselves) seeking to create a permanent, auditable record of a donation. The venture plans to explore a tiered pricing test for this transaction fee, where the fee would vary based on the complexity of the data being fingerprinted (e.g., a lower fee for a simple receipt versus a higher fee for a multi-tier supply chain event with numerous data points) to explore price sensitivity among different user segments and use cases. The venture also plans to explore offering optional subscription tiers for high-volume users, which could include advanced provenance reporting features, supply chain management capabilities, or enhanced integration services for enterprise procurement or certification programs as it expands beyond the initial use case. An initial free trial period for generating a limited number of fingerprints is proposed to onboard partners.

## Distinctiveness
The venture aims to differentiate itself by offering heirloom-quality goods that merge immediate, tangible material qualities with enduring digital proof of ethical sourcing. Its proposed system does not just provide a product; it aims to create a permanent, independently verifiable record that the materials were sourced according to specific ethical standards at a specific time, addressing the credibility problem of sustainability claims. This focus on verifiable provenance from a specific, ethical source is presented as a unique safeguard for both consumer trust and material truth. The venture plans to explore a further point of differentiation: structuring its public ledger not just as a tamper-proof record, but as a machine-readable, open registry of ethical sourcing standards. To demonstrate focus and technical feasibility, the venture plans to explore initially supporting a single, concrete standard such as the Fair Trade certification framework within this ledger architecture. This would allow the fingerprints to be programmatically linked to the precise definitions of the ethical standards they claim to uphold, aiming to create a new layer of semantic clarity and auditability that is missing from current provenance claims. The venture plans to explore an outreach to a specific, well-known sustainability certification body, such as Fair Trade International, to propose a hypothetical partnership for defining a machine-readable standard within the ledger, without implying any existing agreement."
"local","4","L4.5","specialized_rewrite","L3.1","","False","model_audit","[""To further mitigate risk and ensure this privacy-first design, the venture plans to run a small-scale security audit focused solely on the fingerprint generation process to ensure no sensitive data leakage, before any public launch.""]","False","fallback_parent","[""To further mitigate risk and ensure this privacy-first design, the venture plans to run a small-scale security audit focused solely on the fingerprint generation process to ensure no sensitive data leakage, before any public launch.""]","The candidate introduces a specific, planned action (a small-scale security audit) that is not present in the authorized source material. While the source material describes the venture's plans and proposals broadly, this specific, quantified plan ('small-scale security audit') is a new, unsupported claim about the venture's intended pre-launch activities. According to the standard, new ideas are allowed only when clearly framed as proposals, plans, etc., but here the candidate presents this as part of the venture's existing plan set, which is not supported by the source.","## One-Sentence Summary
A privacy-first platform that generates verifiable digital fingerprints of ethical sourcing events and anchors them to a public, tamper-proof ledger, giving brands and consumers indisputable proof of provenance while protecting sensitive operational data.

## Problem
The venture plans to address a digital landscape saturated with manipulation and duplication, where it is increasingly difficult to establish what is original or real. The central challenge is enabling people to credibly prove the authenticity and first possession of a digital record—such as a donation confirmation or an impact report—amid pervasive skepticism and the ease of generating false claims. A specific, related challenge the venture plans to explore is the inefficiency and lack of standardization in the verification process for corporate matching gift programs, where employees often face cumbersome manual steps to prove their donations, creating friction that reduces participation.

## Target Users & Use Cases
The venture plans to initially focus its launch on solving the corporate matching gift program verification problem, targeting employees who need to prove donations and the corporate social responsibility or HR teams that administer these programs. This initial use case provides a specific, defined pain point with clear users. Following this initial focus, the venture plans to expand to target brands seeking to validate their supply chains and consumers looking for trustworthy ethical goods. Broader scenarios planned for later development include discovering vetted, ethical suppliers (from large, global operations to local, artisanal producers), verifying material provenance with confidence, and providing transparent proof of sourcing standards to end customers. A planned, specific target user group for later outreach is procurement teams within consumer goods companies participating in sustainability certification or reporting programs, who need a streamlined way to discover vetted suppliers and provide indisputable proof of their ethical sourcing actions to qualify for certifications or meet regulatory requirements.

## Solution / Product Overview
The venture plans to build a tool that creates a digital fingerprint of a user's charitable event data—such as a donation receipt for a matching gift program—and records proof of that fingerprint on a public, time-stamped ledger. The approach is proposed to be secure and privacy-preserving: users would not upload sensitive raw data; instead, a compact fingerprint would serve as durable evidence. To further mitigate risk and ensure this privacy-first design, the venture plans to run a small-scale security audit focused solely on the fingerprint generation process to ensure no sensitive data leakage, before any public launch. This is positioned as a quiet safeguard for digital truth that donors, nonprofits, and corporate verifiers can rely on. To increase trust, the team plans to explore adding a decentralized, community-run witness network to provide a secondary, distributed layer of attestation to the ledger's timestamps. Furthermore, the venture plans to explore the development of a simple, open-source verification widget that any third-party website (like a nonprofit's blog or a corporate social responsibility page) could embed to allow visitors to independently verify the timestamp and authenticity of a claimed charitable fingerprint directly from that page.

## Delivery Model
The venture plans a lightweight, privacy-first implementation. It would not store sensitive donor financial details or the underlying event files. Instead, it would generate compact, anonymized fingerprints of that data for ledger anchoring. The goal is a secure and resource-conscious design that maintains long-term verifiability with minimal infrastructure. The team plans to build a clean public interface and supporting infrastructure to make the verification tools usable by its target audience, starting with the matching gift use case.

## Revenue Logic
The venture plans to generate revenue primarily through a transaction-based model, charging a fee for each verifiable digital fingerprint anchored to the public ledger. This would apply initially to entities in the matching gift ecosystem (such as nonprofits or the verifying corporations themselves) seeking to create a permanent, auditable record of a donation. The venture plans to explore a tiered pricing test for this transaction fee, where the fee would vary based on the complexity of the data being fingerprinted (e.g., a lower fee for a simple receipt versus a higher fee for a multi-tier supply chain event with numerous data points) to explore price sensitivity among different user segments and use cases. The venture also plans to explore offering optional subscription tiers for high-volume users, which could include advanced provenance reporting features, supply chain management capabilities, or enhanced integration services for enterprise procurement or certification programs as it expands beyond the initial use case. An initial free trial period for generating a limited number of fingerprints is proposed to onboard partners.

## Distinctiveness
The venture aims to differentiate itself by offering heirloom-quality goods that merge immediate, tangible material qualities with enduring digital proof of ethical sourcing. Its proposed system does not just provide a product; it aims to create a permanent, independently verifiable record that the materials were sourced according to specific ethical standards at a specific time, addressing the credibility problem of sustainability claims. This focus on verifiable provenance from a specific, ethical source is presented as a unique safeguard for both consumer trust and material truth. The venture plans to explore a further point of differentiation: structuring its public ledger not just as a tamper-proof record, but as a machine-readable, open registry of ethical sourcing standards. To demonstrate focus and technical feasibility, the venture plans to explore initially supporting a single, concrete standard such as the Fair Trade certification framework within this ledger architecture. This would allow the fingerprints to be programmatically linked to the precise definitions of the ethical standards they claim to uphold, aiming to create a new layer of semantic clarity and auditability that is missing from current provenance claims.","## One-Sentence Summary
A privacy-first platform that generates verifiable digital fingerprints of ethical sourcing events and anchors them to a public, tamper-proof ledger, giving brands and consumers indisputable proof of provenance while protecting sensitive operational data.

## Problem
The venture plans to address a digital landscape saturated with manipulation and duplication, where it is increasingly difficult to establish what is original or real. The central challenge is enabling people to credibly prove the authenticity and first possession of a digital record—such as a donation confirmation or an impact report—amid pervasive skepticism and the ease of generating false claims. A specific, related challenge the venture plans to explore is the inefficiency and lack of standardization in the verification process for corporate matching gift programs, where employees often face cumbersome manual steps to prove their donations, creating friction that reduces participation.

## Target Users & Use Cases
The venture plans to initially focus its launch on solving the corporate matching gift program verification problem, targeting employees who need to prove donations and the corporate social responsibility or HR teams that administer these programs. This initial use case provides a specific, defined pain point with clear users. Following this initial focus, the venture plans to expand to target brands seeking to validate their supply chains and consumers looking for trustworthy ethical goods. Broader scenarios planned for later development include discovering vetted, ethical suppliers (from large, global operations to local, artisanal producers), verifying material provenance with confidence, and providing transparent proof of sourcing standards to end customers. A planned, specific target user group for later outreach is procurement teams within consumer goods companies participating in sustainability certification or reporting programs, who need a streamlined way to discover vetted suppliers and provide indisputable proof of their ethical sourcing actions to qualify for certifications or meet regulatory requirements.

## Solution / Product Overview
The venture plans to build a tool that creates a digital fingerprint of a user's charitable event data—such as a donation receipt for a matching gift program—and records proof of that fingerprint on a public, time-stamped ledger. The approach is proposed to be secure and privacy-preserving: users would not upload sensitive raw data; instead, a compact fingerprint would serve as durable evidence. This is positioned as a quiet safeguard for digital truth that donors, nonprofits, and corporate verifiers can rely on. To increase trust, the team plans to explore adding a decentralized, community-run witness network to provide a secondary, distributed layer of attestation to the ledger's timestamps. Furthermore, the venture plans to explore the development of a simple, open-source verification widget that any third-party website (like a nonprofit's blog or a corporate social responsibility page) could embed to allow visitors to independently verify the timestamp and authenticity of a claimed charitable fingerprint directly from that page.

## Delivery Model
The venture plans a lightweight, privacy-first implementation. It would not store sensitive donor financial details or the underlying event files. Instead, it would generate compact, anonymized fingerprints of that data for ledger anchoring. The goal is a secure and resource-conscious design that maintains long-term verifiability with minimal infrastructure. The team plans to build a clean public interface and supporting infrastructure to make the verification tools usable by its target audience, starting with the matching gift use case.

## Revenue Logic
The venture plans to generate revenue primarily through a transaction-based model, charging a fee for each verifiable digital fingerprint anchored to the public ledger. This would apply initially to entities in the matching gift ecosystem (such as nonprofits or the verifying corporations themselves) seeking to create a permanent, auditable record of a donation. The venture plans to explore a tiered pricing test for this transaction fee, where the fee would vary based on the complexity of the data being fingerprinted (e.g., a lower fee for a simple receipt versus a higher fee for a multi-tier supply chain event with numerous data points) to explore price sensitivity among different user segments and use cases. The venture also plans to explore offering optional subscription tiers for high-volume users, which could include advanced provenance reporting features, supply chain management capabilities, or enhanced integration services for enterprise procurement or certification programs as it expands beyond the initial use case. An initial free trial period for generating a limited number of fingerprints is proposed to onboard partners.

## Distinctiveness
The venture aims to differentiate itself by offering heirloom-quality goods that merge immediate, tangible material qualities with enduring digital proof of ethical sourcing. Its proposed system does not just provide a product; it aims to create a permanent, independently verifiable record that the materials were sourced according to specific ethical standards at a specific time, addressing the credibility problem of sustainability claims. This focus on verifiable provenance from a specific, ethical source is presented as a unique safeguard for both consumer trust and material truth. The venture plans to explore a further point of differentiation: structuring its public ledger not just as a tamper-proof record, but as a machine-readable, open registry of ethical sourcing standards. To demonstrate focus and technical feasibility, the venture plans to explore initially supporting a single, concrete standard such as the Fair Trade certification framework within this ledger architecture. This would allow the fingerprints to be programmatically linked to the precise definitions of the ethical standards they claim to uphold, aiming to create a new layer of semantic clarity and auditability that is missing from current provenance claims."
"local","5","L5.1","specialized_rewrite","L4.2","","False","model_audit","[""built on the Solana blockchain"", ""implemented on the Solana blockchain"", ""using the Solana blockchain as its public ledger foundation"", ""anchored to the public ledger on Solana"", ""anchored to the Solana blockchain"", ""structuring its Solana-based public ledger""]","False","fallback_parent","[""built on the Solana blockchain"", ""implemented on the Solana blockchain"", ""using the Solana blockchain as its public ledger foundation"", ""anchored to the public ledger on Solana"", ""anchored to the Solana blockchain"", ""structuring its Solana-based public ledger""]","The candidate introduces a specific, existing technology (Solana blockchain) as the foundational architecture for the ledger. The source material only describes a generic 'public, tamper-proof ledger' and 'public, time-stamped ledger' with plans to explore a witness network. Specifying Solana is an unsupported claim about the venture's existing technical implementation, not a future plan or proposal.","## One-Sentence Summary
A privacy-first platform that generates verifiable digital fingerprints of ethical sourcing events and anchors them to a public, tamper-proof ledger built on the Solana blockchain, giving brands and consumers indisputable proof of provenance while protecting sensitive operational data.

## Problem
The venture plans to address a digital landscape saturated with manipulation and duplication, where it is increasingly difficult to establish what is original or real. The central challenge is enabling people to credibly prove the authenticity and first possession of a digital record—such as a donation confirmation or an impact report—amid pervasive skepticism and the ease of generating false claims. A specific, related challenge the venture plans to explore is the inefficiency and lack of standardization in the verification process for corporate matching gift programs, where employees often face cumbersome manual steps to prove their donations, creating friction that reduces participation.

## Target Users & Use Cases
The venture plans to initially focus its launch on solving the corporate matching gift program verification problem, targeting employees who need to prove donations and the corporate social responsibility or HR teams that administer these programs. This initial use case provides a specific, defined pain point with clear users. Following this initial focus, the venture plans to expand to target brands seeking to validate their supply chains and consumers looking for trustworthy ethical goods. Broader scenarios planned for later development include discovering vetted, ethical suppliers (from large, global operations to local, artisanal producers), verifying material provenance with confidence, and providing transparent proof of sourcing standards to end customers. A planned, specific target user group for later outreach is procurement teams within consumer goods companies participating in sustainability certification or reporting programs, who need a streamlined way to discover vetted suppliers and provide indisputable proof of their ethical sourcing actions to qualify for certifications or meet regulatory requirements.

## Solution / Product Overview
The venture plans to build a tool that creates a digital fingerprint of a user's charitable event data—such as a donation receipt for a matching gift program—and records proof of that fingerprint on a public, time-stamped ledger implemented on the Solana blockchain. The approach is proposed to be secure and privacy-preserving: users would not upload sensitive raw data; instead, a compact fingerprint would serve as durable evidence. This is positioned as a quiet safeguard for digital truth that donors, nonprofits, and corporate verifiers can rely on. To increase trust, the team plans to explore adding a decentralized, community-run witness network to provide a secondary, distributed layer of attestation to the ledger's timestamps. Furthermore, the venture plans to explore the development of a simple, open-source verification widget that any third-party website (like a nonprofit's blog or a corporate social responsibility page) could embed to allow visitors to independently verify the timestamp and authenticity of a claimed charitable fingerprint directly from that page.

## Delivery Model
The venture plans a lightweight, privacy-first implementation using the Solana blockchain as its public ledger foundation. It would not store sensitive donor financial details or the underlying event files. Instead, it would generate compact, anonymized fingerprints of that data for ledger anchoring. The goal is a secure and resource-conscious design that maintains long-term verifiability with minimal infrastructure. The team plans to build a clean public interface and supporting infrastructure to make the verification tools usable by its target audience, starting with the matching gift use case.

## Revenue Logic
The venture plans to generate revenue primarily through a transaction-based model, charging a fee for each verifiable digital fingerprint anchored to the public ledger on Solana. This would apply initially to entities in the matching gift ecosystem (such as nonprofits or the verifying corporations themselves) seeking to create a permanent, auditable record of a donation. The venture plans to explore a tiered pricing test for this transaction fee, where the fee would vary based on the complexity of the data being fingerprinted. To validate this model with a planned pilot group, the venture proposes a small, targeted test using one specific variable: the number of distinct data fields in a donation receipt. A receipt exceeding a defined threshold of fields would trigger a higher fee, allowing the team to explore price sensitivity among different user segments and use cases. The venture also plans to explore offering optional subscription tiers for high-volume users, which could include advanced provenance reporting features, supply chain management capabilities, or enhanced integration services for enterprise procurement or certification programs as it expands beyond the initial use case. An initial free trial period for generating a limited number of fingerprints is proposed to onboard partners.

## Distinctiveness
The venture aims to differentiate itself by offering heirloom-quality goods that merge immediate, tangible material qualities with enduring digital proof of ethical sourcing anchored to the Solana blockchain. Its proposed system does not just provide a product; it aims to create a permanent, independently verifiable record that the materials were sourced according to specific ethical standards at a specific time, addressing the credibility problem of sustainability claims. This focus on verifiable provenance from a specific, ethical source is presented as a unique safeguard for both consumer trust and material truth. The venture plans to explore a further point of differentiation: structuring its Solana-based public ledger not just as a tamper-proof record, but as a machine-readable, open registry of ethical sourcing standards. To demonstrate focus and technical feasibility, the venture plans to explore initially supporting a single, concrete standard such as the Fair Trade certification framework within this ledger architecture. This would allow the fingerprints to be programmatically linked to the precise definitions of the ethical standards they claim to uphold, aiming to create a new layer of semantic clarity and auditability that is missing from current provenance claims.","## One-Sentence Summary
A privacy-first platform that generates verifiable digital fingerprints of ethical sourcing events and anchors them to a public, tamper-proof ledger, giving brands and consumers indisputable proof of provenance while protecting sensitive operational data.

## Problem
The venture plans to address a digital landscape saturated with manipulation and duplication, where it is increasingly difficult to establish what is original or real. The central challenge is enabling people to credibly prove the authenticity and first possession of a digital record—such as a donation confirmation or an impact report—amid pervasive skepticism and the ease of generating false claims. A specific, related challenge the venture plans to explore is the inefficiency and lack of standardization in the verification process for corporate matching gift programs, where employees often face cumbersome manual steps to prove their donations, creating friction that reduces participation.

## Target Users & Use Cases
The venture plans to initially focus its launch on solving the corporate matching gift program verification problem, targeting employees who need to prove donations and the corporate social responsibility or HR teams that administer these programs. This initial use case provides a specific, defined pain point with clear users. Following this initial focus, the venture plans to expand to target brands seeking to validate their supply chains and consumers looking for trustworthy ethical goods. Broader scenarios planned for later development include discovering vetted, ethical suppliers (from large, global operations to local, artisanal producers), verifying material provenance with confidence, and providing transparent proof of sourcing standards to end customers. A planned, specific target user group for later outreach is procurement teams within consumer goods companies participating in sustainability certification or reporting programs, who need a streamlined way to discover vetted suppliers and provide indisputable proof of their ethical sourcing actions to qualify for certifications or meet regulatory requirements.

## Solution / Product Overview
The venture plans to build a tool that creates a digital fingerprint of a user's charitable event data—such as a donation receipt for a matching gift program—and records proof of that fingerprint on a public, time-stamped ledger. The approach is proposed to be secure and privacy-preserving: users would not upload sensitive raw data; instead, a compact fingerprint would serve as durable evidence. This is positioned as a quiet safeguard for digital truth that donors, nonprofits, and corporate verifiers can rely on. To increase trust, the team plans to explore adding a decentralized, community-run witness network to provide a secondary, distributed layer of attestation to the ledger's timestamps. Furthermore, the venture plans to explore the development of a simple, open-source verification widget that any third-party website (like a nonprofit's blog or a corporate social responsibility page) could embed to allow visitors to independently verify the timestamp and authenticity of a claimed charitable fingerprint directly from that page.

## Delivery Model
The venture plans a lightweight, privacy-first implementation. It would not store sensitive donor financial details or the underlying event files. Instead, it would generate compact, anonymized fingerprints of that data for ledger anchoring. The goal is a secure and resource-conscious design that maintains long-term verifiability with minimal infrastructure. The team plans to build a clean public interface and supporting infrastructure to make the verification tools usable by its target audience, starting with the matching gift use case.

## Revenue Logic
The venture plans to generate revenue primarily through a transaction-based model, charging a fee for each verifiable digital fingerprint anchored to the public ledger. This would apply initially to entities in the matching gift ecosystem (such as nonprofits or the verifying corporations themselves) seeking to create a permanent, auditable record of a donation. The venture plans to explore a tiered pricing test for this transaction fee, where the fee would vary based on the complexity of the data being fingerprinted. To validate this model with a planned pilot group, the venture proposes a small, targeted test using one specific variable: the number of distinct data fields in a donation receipt. A receipt exceeding a defined threshold of fields would trigger a higher fee, allowing the team to explore price sensitivity among different user segments and use cases. The venture also plans to explore offering optional subscription tiers for high-volume users, which could include advanced provenance reporting features, supply chain management capabilities, or enhanced integration services for enterprise procurement or certification programs as it expands beyond the initial use case. An initial free trial period for generating a limited number of fingerprints is proposed to onboard partners.

## Distinctiveness
The venture aims to differentiate itself by offering heirloom-quality goods that merge immediate, tangible material qualities with enduring digital proof of ethical sourcing. Its proposed system does not just provide a product; it aims to create a permanent, independently verifiable record that the materials were sourced according to specific ethical standards at a specific time, addressing the credibility problem of sustainability claims. This focus on verifiable provenance from a specific, ethical source is presented as a unique safeguard for both consumer trust and material truth. The venture plans to explore a further point of differentiation: structuring its public ledger not just as a tamper-proof record, but as a machine-readable, open registry of ethical sourcing standards. To demonstrate focus and technical feasibility, the venture plans to explore initially supporting a single, concrete standard such as the Fair Trade certification framework within this ledger architecture. This would allow the fingerprints to be programmatically linked to the precise definitions of the ethical standards they claim to uphold, aiming to create a new layer of semantic clarity and auditability that is missing from current provenance claims."
"local","5","L5.2","specialized_rewrite","L4.2","","False","prospective_framing_safeguard","[""A receipt exceeding a defined threshold of 5 fields would trigger a higher fee""]","True","accepted","[]","Prospective-framing safeguard overrode the model's rejection because every flagged claim is explicitly hypothetical, proposed, planned, or future-tense and none asserts an existing accomplishment. Initial model analysis: The candidate introduces a specific, quantified threshold ('5 fields') for the proposed tiered pricing test. The source material states the venture 'proposes a small, targeted test using one specific variable: the number of distinct data fields in a donation receipt' and that 'A receipt exceeding a defined threshold of fields would trigger a higher fee', but it does not specify any numerical value for that threshold. The candidate's addition of '5' is a new, specific quantification not present in the source, and it is presented as a defined part of the test plan, not as a hypothetical example. This constitutes an unsupported claim about the specifics of a planned test.","## One-Sentence Summary
A privacy-first platform that generates verifiable digital fingerprints of ethical sourcing events and anchors them to a public, tamper-proof ledger, giving brands and consumers indisputable proof of provenance while protecting sensitive operational data.

## Problem
The venture plans to address a digital landscape saturated with manipulation and duplication, where it is increasingly difficult to establish what is original or real. The central challenge is enabling people to credibly prove the authenticity and first possession of a digital record—such as a donation confirmation or an impact report—amid pervasive skepticism and the ease of generating false claims. A specific, related challenge the venture plans to explore is the inefficiency and lack of standardization in the verification process for corporate matching gift programs, where employees often face cumbersome manual steps to prove their donations, creating friction that reduces participation.

## Target Users & Use Cases
The venture plans to initially focus its launch on solving the corporate matching gift program verification problem, targeting employees who need to prove donations and the corporate social responsibility or HR teams that administer these programs. This initial use case provides a specific, defined pain point with clear users. Following this initial focus, the venture plans to expand to target brands seeking to validate their supply chains and consumers looking for trustworthy ethical goods. Broader scenarios planned for later development include discovering vetted, ethical suppliers (from large, global operations to local, artisanal producers), verifying material provenance with confidence, and providing transparent proof of sourcing standards to end customers. A planned, specific target user group for later outreach is procurement teams within consumer goods companies participating in sustainability certification or reporting programs, who need a streamlined way to discover vetted suppliers and provide indisputable proof of their ethical sourcing actions to qualify for certifications or meet regulatory requirements.

## Solution / Product Overview
The venture plans to build a tool that creates a digital fingerprint of a user's charitable event data—such as a donation receipt for a matching gift program—and records proof of that fingerprint on a public, time-stamped ledger. The approach is proposed to be secure and privacy-preserving: users would not upload sensitive raw data; instead, a compact fingerprint would serve as durable evidence. This is positioned as a quiet safeguard for digital truth that donors, nonprofits, and corporate verifiers can rely on. To increase trust, the team plans to explore adding a decentralized, community-run witness network to provide a secondary, distributed layer of attestation to the ledger's timestamps. Furthermore, the venture plans to explore the development of a simple, open-source verification widget that any third-party website (like a nonprofit's blog or a corporate social responsibility page) could embed to allow visitors to independently verify the timestamp and authenticity of a claimed charitable fingerprint directly from that page.

## Delivery Model
The venture plans a lightweight, privacy-first implementation. It would not store sensitive donor financial details or the underlying event files. Instead, it would generate compact, anonymized fingerprints of that data for ledger anchoring. The goal is a secure and resource-conscious design that maintains long-term verifiability with minimal infrastructure. The team plans to build a clean public interface and supporting infrastructure to make the verification tools usable by its target audience, starting with the matching gift use case.

## Revenue Logic
The venture plans to generate revenue primarily through a transaction-based model, charging a fee for each verifiable digital fingerprint anchored to the public ledger. This would apply initially to entities in the matching gift ecosystem (such as nonprofits or the verifying corporations themselves) seeking to create a permanent, auditable record of a donation. The venture plans to explore a tiered pricing test for this transaction fee, where the fee would vary based on the complexity of the data being fingerprinted. To validate this model with a planned pilot group, the venture proposes a small, targeted test using one specific variable: the number of distinct data fields in a donation receipt. A receipt exceeding a defined threshold of 5 fields would trigger a higher fee, allowing the team to explore price sensitivity among different user segments and use cases. The venture also plans to explore offering optional subscription tiers for high-volume users, which could include advanced provenance reporting features, supply chain management capabilities, or enhanced integration services for enterprise procurement or certification programs as it expands beyond the initial use case. An initial free trial period for generating a limited number of fingerprints is proposed to onboard partners.

## Distinctiveness
The venture aims to differentiate itself by offering heirloom-quality goods that merge immediate, tangible material qualities with enduring digital proof of ethical sourcing. Its proposed system does not just provide a product; it aims to create a permanent, independently verifiable record that the materials were sourced according to specific ethical standards at a specific time, addressing the credibility problem of sustainability claims. This focus on verifiable provenance from a specific, ethical source is presented as a unique safeguard for both consumer trust and material truth. The venture plans to explore a further point of differentiation: structuring its public ledger not just as a tamper-proof record, but as a machine-readable, open registry of ethical sourcing standards. To demonstrate focus and technical feasibility, the venture plans to explore initially supporting a single, concrete standard such as the Fair Trade certification framework within this ledger architecture. This would allow the fingerprints to be programmatically linked to the precise definitions of the ethical standards they claim to uphold, aiming to create a new layer of semantic clarity and auditability that is missing from current provenance claims.","## One-Sentence Summary
A privacy-first platform that generates verifiable digital fingerprints of ethical sourcing events and anchors them to a public, tamper-proof ledger, giving brands and consumers indisputable proof of provenance while protecting sensitive operational data.

## Problem
The venture plans to address a digital landscape saturated with manipulation and duplication, where it is increasingly difficult to establish what is original or real. The central challenge is enabling people to credibly prove the authenticity and first possession of a digital record—such as a donation confirmation or an impact report—amid pervasive skepticism and the ease of generating false claims. A specific, related challenge the venture plans to explore is the inefficiency and lack of standardization in the verification process for corporate matching gift programs, where employees often face cumbersome manual steps to prove their donations, creating friction that reduces participation.

## Target Users & Use Cases
The venture plans to initially focus its launch on solving the corporate matching gift program verification problem, targeting employees who need to prove donations and the corporate social responsibility or HR teams that administer these programs. This initial use case provides a specific, defined pain point with clear users. Following this initial focus, the venture plans to expand to target brands seeking to validate their supply chains and consumers looking for trustworthy ethical goods. Broader scenarios planned for later development include discovering vetted, ethical suppliers (from large, global operations to local, artisanal producers), verifying material provenance with confidence, and providing transparent proof of sourcing standards to end customers. A planned, specific target user group for later outreach is procurement teams within consumer goods companies participating in sustainability certification or reporting programs, who need a streamlined way to discover vetted suppliers and provide indisputable proof of their ethical sourcing actions to qualify for certifications or meet regulatory requirements.

## Solution / Product Overview
The venture plans to build a tool that creates a digital fingerprint of a user's charitable event data—such as a donation receipt for a matching gift program—and records proof of that fingerprint on a public, time-stamped ledger. The approach is proposed to be secure and privacy-preserving: users would not upload sensitive raw data; instead, a compact fingerprint would serve as durable evidence. This is positioned as a quiet safeguard for digital truth that donors, nonprofits, and corporate verifiers can rely on. To increase trust, the team plans to explore adding a decentralized, community-run witness network to provide a secondary, distributed layer of attestation to the ledger's timestamps. Furthermore, the venture plans to explore the development of a simple, open-source verification widget that any third-party website (like a nonprofit's blog or a corporate social responsibility page) could embed to allow visitors to independently verify the timestamp and authenticity of a claimed charitable fingerprint directly from that page.

## Delivery Model
The venture plans a lightweight, privacy-first implementation. It would not store sensitive donor financial details or the underlying event files. Instead, it would generate compact, anonymized fingerprints of that data for ledger anchoring. The goal is a secure and resource-conscious design that maintains long-term verifiability with minimal infrastructure. The team plans to build a clean public interface and supporting infrastructure to make the verification tools usable by its target audience, starting with the matching gift use case.

## Revenue Logic
The venture plans to generate revenue primarily through a transaction-based model, charging a fee for each verifiable digital fingerprint anchored to the public ledger. This would apply initially to entities in the matching gift ecosystem (such as nonprofits or the verifying corporations themselves) seeking to create a permanent, auditable record of a donation. The venture plans to explore a tiered pricing test for this transaction fee, where the fee would vary based on the complexity of the data being fingerprinted. To validate this model with a planned pilot group, the venture proposes a small, targeted test using one specific variable: the number of distinct data fields in a donation receipt. A receipt exceeding a defined threshold of 5 fields would trigger a higher fee, allowing the team to explore price sensitivity among different user segments and use cases. The venture also plans to explore offering optional subscription tiers for high-volume users, which could include advanced provenance reporting features, supply chain management capabilities, or enhanced integration services for enterprise procurement or certification programs as it expands beyond the initial use case. An initial free trial period for generating a limited number of fingerprints is proposed to onboard partners.

## Distinctiveness
The venture aims to differentiate itself by offering heirloom-quality goods that merge immediate, tangible material qualities with enduring digital proof of ethical sourcing. Its proposed system does not just provide a product; it aims to create a permanent, independently verifiable record that the materials were sourced according to specific ethical standards at a specific time, addressing the credibility problem of sustainability claims. This focus on verifiable provenance from a specific, ethical source is presented as a unique safeguard for both consumer trust and material truth. The venture plans to explore a further point of differentiation: structuring its public ledger not just as a tamper-proof record, but as a machine-readable, open registry of ethical sourcing standards. To demonstrate focus and technical feasibility, the venture plans to explore initially supporting a single, concrete standard such as the Fair Trade certification framework within this ledger architecture. This would allow the fingerprints to be programmatically linked to the precise definitions of the ethical standards they claim to uphold, aiming to create a new layer of semantic clarity and auditability that is missing from current provenance claims."
"local","5","L5.3","specialized_rewrite","L4.2","","False","prospective_framing_safeguard","[""For its planned pilot phase, the venture proposes to target initial outreach specifically to programs administered by Benevity, a well-known corporate matching gift platform, to validate its solution with a defined user base.""]","True","accepted","[]","Prospective-framing safeguard overrode the model's rejection because every flagged claim is explicitly hypothetical, proposed, planned, or future-tense and none asserts an existing accomplishment. Initial model analysis: The candidate introduces a specific, named real-world entity (Benevity) as a target for a planned pilot. The source material only mentions the generic 'corporate matching gift program verification problem' and its users. It does not propose or plan to target any specific, existing platform or company. This addition implies a specific, defined partnership or outreach target that is not authorized by the source material, constituting an unsupported claim about the venture's plans.","## One-Sentence Summary
A privacy-first platform that generates verifiable digital fingerprints of ethical sourcing events and anchors them to a public, tamper-proof ledger, giving brands and consumers indisputable proof of provenance while protecting sensitive operational data.

## Problem
The venture plans to address a digital landscape saturated with manipulation and duplication, where it is increasingly difficult to establish what is original or real. The central challenge is enabling people to credibly prove the authenticity and first possession of a digital record—such as a donation confirmation or an impact report—amid pervasive skepticism and the ease of generating false claims. A specific, related challenge the venture plans to explore is the inefficiency and lack of standardization in the verification process for corporate matching gift programs, where employees often face cumbersome manual steps to prove their donations, creating friction that reduces participation.

## Target Users & Use Cases
The venture plans to initially focus its launch on solving the corporate matching gift program verification problem, targeting employees who need to prove donations and the corporate social responsibility or HR teams that administer these programs. For its planned pilot phase, the venture proposes to target initial outreach specifically to programs administered by Benevity, a well-known corporate matching gift platform, to validate its solution with a defined user base. Following this initial focus, the venture plans to expand to target brands seeking to validate their supply chains and consumers looking for trustworthy ethical goods. Broader scenarios planned for later development include discovering vetted, ethical suppliers (from large, global operations to local, artisanal producers), verifying material provenance with confidence, and providing transparent proof of sourcing standards to end customers. A planned, specific target user group for later outreach is procurement teams within consumer goods companies participating in sustainability certification or reporting programs, who need a streamlined way to discover vetted suppliers and provide indisputable proof of their ethical sourcing actions to qualify for certifications or meet regulatory requirements.

## Solution / Product Overview
The venture plans to build a tool that creates a digital fingerprint of a user's charitable event data—such as a donation receipt for a matching gift program—and records proof of that fingerprint on a public, time-stamped ledger. The approach is proposed to be secure and privacy-preserving: users would not upload sensitive raw data; instead, a compact fingerprint would serve as durable evidence. This is positioned as a quiet safeguard for digital truth that donors, nonprofits, and corporate verifiers can rely on. To increase trust, the team plans to explore adding a decentralized, community-run witness network to provide a secondary, distributed layer of attestation to the ledger's timestamps. Furthermore, the venture plans to explore the development of a simple, open-source verification widget that any third-party website (like a nonprofit's blog or a corporate social responsibility page) could embed to allow visitors to independently verify the timestamp and authenticity of a claimed charitable fingerprint directly from that page.

## Delivery Model
The venture plans a lightweight, privacy-first implementation. It would not store sensitive donor financial details or the underlying event files. Instead, it would generate compact, anonymized fingerprints of that data for ledger anchoring. The goal is a secure and resource-conscious design that maintains long-term verifiability with minimal infrastructure. The team plans to build a clean public interface and supporting infrastructure to make the verification tools usable by its target audience, starting with the matching gift use case.

## Revenue Logic
The venture plans to generate revenue primarily through a transaction-based model, charging a fee for each verifiable digital fingerprint anchored to the public ledger. This would apply initially to entities in the matching gift ecosystem (such as nonprofits or the verifying corporations themselves) seeking to create a permanent, auditable record of a donation. The venture plans to explore a tiered pricing test for this transaction fee, where the fee would vary based on the complexity of the data being fingerprinted. To validate this model with a planned pilot group, the venture proposes a small, targeted test using one specific variable: the number of distinct data fields in a donation receipt. A receipt exceeding a defined threshold of fields would trigger a higher fee, allowing the team to explore price sensitivity among different user segments and use cases. The venture also plans to explore offering optional subscription tiers for high-volume users, which could include advanced provenance reporting features, supply chain management capabilities, or enhanced integration services for enterprise procurement or certification programs as it expands beyond the initial use case. An initial free trial period for generating a limited number of fingerprints is proposed to onboard partners.

## Distinctiveness
The venture aims to differentiate itself by offering heirloom-quality goods that merge immediate, tangible material qualities with enduring digital proof of ethical sourcing. Its proposed system does not just provide a product; it aims to create a permanent, independently verifiable record that the materials were sourced according to specific ethical standards at a specific time, addressing the credibility problem of sustainability claims. This focus on verifiable provenance from a specific, ethical source is presented as a unique safeguard for both consumer trust and material truth. The venture plans to explore a further point of differentiation: structuring its public ledger not just as a tamper-proof record, but as a machine-readable, open registry of ethical sourcing standards. To demonstrate focus and technical feasibility, the venture plans to explore initially supporting a single, concrete standard such as the Fair Trade certification framework within this ledger architecture. This would allow the fingerprints to be programmatically linked to the precise definitions of the ethical standards they claim to uphold, aiming to create a new layer of semantic clarity and auditability that is missing from current provenance claims.","## One-Sentence Summary
A privacy-first platform that generates verifiable digital fingerprints of ethical sourcing events and anchors them to a public, tamper-proof ledger, giving brands and consumers indisputable proof of provenance while protecting sensitive operational data.

## Problem
The venture plans to address a digital landscape saturated with manipulation and duplication, where it is increasingly difficult to establish what is original or real. The central challenge is enabling people to credibly prove the authenticity and first possession of a digital record—such as a donation confirmation or an impact report—amid pervasive skepticism and the ease of generating false claims. A specific, related challenge the venture plans to explore is the inefficiency and lack of standardization in the verification process for corporate matching gift programs, where employees often face cumbersome manual steps to prove their donations, creating friction that reduces participation.

## Target Users & Use Cases
The venture plans to initially focus its launch on solving the corporate matching gift program verification problem, targeting employees who need to prove donations and the corporate social responsibility or HR teams that administer these programs. For its planned pilot phase, the venture proposes to target initial outreach specifically to programs administered by Benevity, a well-known corporate matching gift platform, to validate its solution with a defined user base. Following this initial focus, the venture plans to expand to target brands seeking to validate their supply chains and consumers looking for trustworthy ethical goods. Broader scenarios planned for later development include discovering vetted, ethical suppliers (from large, global operations to local, artisanal producers), verifying material provenance with confidence, and providing transparent proof of sourcing standards to end customers. A planned, specific target user group for later outreach is procurement teams within consumer goods companies participating in sustainability certification or reporting programs, who need a streamlined way to discover vetted suppliers and provide indisputable proof of their ethical sourcing actions to qualify for certifications or meet regulatory requirements.

## Solution / Product Overview
The venture plans to build a tool that creates a digital fingerprint of a user's charitable event data—such as a donation receipt for a matching gift program—and records proof of that fingerprint on a public, time-stamped ledger. The approach is proposed to be secure and privacy-preserving: users would not upload sensitive raw data; instead, a compact fingerprint would serve as durable evidence. This is positioned as a quiet safeguard for digital truth that donors, nonprofits, and corporate verifiers can rely on. To increase trust, the team plans to explore adding a decentralized, community-run witness network to provide a secondary, distributed layer of attestation to the ledger's timestamps. Furthermore, the venture plans to explore the development of a simple, open-source verification widget that any third-party website (like a nonprofit's blog or a corporate social responsibility page) could embed to allow visitors to independently verify the timestamp and authenticity of a claimed charitable fingerprint directly from that page.

## Delivery Model
The venture plans a lightweight, privacy-first implementation. It would not store sensitive donor financial details or the underlying event files. Instead, it would generate compact, anonymized fingerprints of that data for ledger anchoring. The goal is a secure and resource-conscious design that maintains long-term verifiability with minimal infrastructure. The team plans to build a clean public interface and supporting infrastructure to make the verification tools usable by its target audience, starting with the matching gift use case.

## Revenue Logic
The venture plans to generate revenue primarily through a transaction-based model, charging a fee for each verifiable digital fingerprint anchored to the public ledger. This would apply initially to entities in the matching gift ecosystem (such as nonprofits or the verifying corporations themselves) seeking to create a permanent, auditable record of a donation. The venture plans to explore a tiered pricing test for this transaction fee, where the fee would vary based on the complexity of the data being fingerprinted. To validate this model with a planned pilot group, the venture proposes a small, targeted test using one specific variable: the number of distinct data fields in a donation receipt. A receipt exceeding a defined threshold of fields would trigger a higher fee, allowing the team to explore price sensitivity among different user segments and use cases. The venture also plans to explore offering optional subscription tiers for high-volume users, which could include advanced provenance reporting features, supply chain management capabilities, or enhanced integration services for enterprise procurement or certification programs as it expands beyond the initial use case. An initial free trial period for generating a limited number of fingerprints is proposed to onboard partners.

## Distinctiveness
The venture aims to differentiate itself by offering heirloom-quality goods that merge immediate, tangible material qualities with enduring digital proof of ethical sourcing. Its proposed system does not just provide a product; it aims to create a permanent, independently verifiable record that the materials were sourced according to specific ethical standards at a specific time, addressing the credibility problem of sustainability claims. This focus on verifiable provenance from a specific, ethical source is presented as a unique safeguard for both consumer trust and material truth. The venture plans to explore a further point of differentiation: structuring its public ledger not just as a tamper-proof record, but as a machine-readable, open registry of ethical sourcing standards. To demonstrate focus and technical feasibility, the venture plans to explore initially supporting a single, concrete standard such as the Fair Trade certification framework within this ledger architecture. This would allow the fingerprints to be programmatically linked to the precise definitions of the ethical standards they claim to uphold, aiming to create a new layer of semantic clarity and auditability that is missing from current provenance claims."
"local","5","L5.4","specialized_rewrite","L4.2","","True","model_audit","[]","True","accepted","[]","All statements about the venture's status, evidence, or accomplishments are framed as plans, proposals, or future exploration. The only addition in the candidate is a specific technical proposal for an API endpoint ('plans to propose a simple API endpoint specification'), which is explicitly framed as a future plan and is therefore permissible under the standard. No claims of existing traction, customers, development status, or other real-world evidence are made.","## One-Sentence Summary
A privacy-first platform that generates verifiable digital fingerprints of ethical sourcing events and anchors them to a public, tamper-proof ledger, giving brands and consumers indisputable proof of provenance while protecting sensitive operational data.

## Problem
The venture plans to address a digital landscape saturated with manipulation and duplication, where it is increasingly difficult to establish what is original or real. The central challenge is enabling people to credibly prove the authenticity and first possession of a digital record—such as a donation confirmation or an impact report—amid pervasive skepticism and the ease of generating false claims. A specific, related challenge the venture plans to explore is the inefficiency and lack of standardization in the verification process for corporate matching gift programs, where employees often face cumbersome manual steps to prove their donations, creating friction that reduces participation.

## Target Users & Use Cases
The venture plans to initially focus its launch on solving the corporate matching gift program verification problem, targeting employees who need to prove donations and the corporate social responsibility or HR teams that administer these programs. This initial use case provides a specific, defined pain point with clear users. Following this initial focus, the venture plans to expand to target brands seeking to validate their supply chains and consumers looking for trustworthy ethical goods. Broader scenarios planned for later development include discovering vetted, ethical suppliers (from large, global operations to local, artisanal producers), verifying material provenance with confidence, and providing transparent proof of sourcing standards to end customers. A planned, specific target user group for later outreach is procurement teams within consumer goods companies participating in sustainability certification or reporting programs, who need a streamlined way to discover vetted suppliers and provide indisputable proof of their ethical sourcing actions to qualify for certifications or meet regulatory requirements.

## Solution / Product Overview
The venture plans to build a tool that creates a digital fingerprint of a user's charitable event data—such as a donation receipt for a matching gift program—and records proof of that fingerprint on a public, time-stamped ledger. The approach is proposed to be secure and privacy-preserving: users would not upload sensitive raw data; instead, a compact fingerprint would serve as durable evidence. This is positioned as a quiet safeguard for digital truth that donors, nonprofits, and corporate verifiers can rely on. To increase trust, the team plans to explore adding a decentralized, community-run witness network to provide a secondary, distributed layer of attestation to the ledger's timestamps. Furthermore, the venture plans to explore the development of a simple, open-source verification widget that any third-party website (like a nonprofit's blog or a corporate social responsibility page) could embed to allow visitors to independently verify the timestamp and authenticity of a claimed charitable fingerprint directly from that page. To clarify how this integration would technically work, the venture plans to propose a simple API endpoint specification for the widget, such as a planned `GET /verify/{fingerprint_hash}` endpoint that would return a standardized JSON object containing the verification status, timestamp, and a link to the public ledger entry.

## Delivery Model
The venture plans a lightweight, privacy-first implementation. It would not store sensitive donor financial details or the underlying event files. Instead, it would generate compact, anonymized fingerprints of that data for ledger anchoring. The goal is a secure and resource-conscious design that maintains long-term verifiability with minimal infrastructure. The team plans to build a clean public interface and supporting infrastructure to make the verification tools usable by its target audience, starting with the matching gift use case.

## Revenue Logic
The venture plans to generate revenue primarily through a transaction-based model, charging a fee for each verifiable digital fingerprint anchored to the public ledger. This would apply initially to entities in the matching gift ecosystem (such as nonprofits or the verifying corporations themselves) seeking to create a permanent, auditable record of a donation. The venture plans to explore a tiered pricing test for this transaction fee, where the fee would vary based on the complexity of the data being fingerprinted. To validate this model with a planned pilot group, the venture proposes a small, targeted test using one specific variable: the number of distinct data fields in a donation receipt. A receipt exceeding a defined threshold of fields would trigger a higher fee, allowing the team to explore price sensitivity among different user segments and use cases. The venture also plans to explore offering optional subscription tiers for high-volume users, which could include advanced provenance reporting features, supply chain management capabilities, or enhanced integration services for enterprise procurement or certification programs as it expands beyond the initial use case. An initial free trial period for generating a limited number of fingerprints is proposed to onboard partners.

## Distinctiveness
The venture aims to differentiate itself by offering heirloom-quality goods that merge immediate, tangible material qualities with enduring digital proof of ethical sourcing. Its proposed system does not just provide a product; it aims to create a permanent, independently verifiable record that the materials were sourced according to specific ethical standards at a specific time, addressing the credibility problem of sustainability claims. This focus on verifiable provenance from a specific, ethical source is presented as a unique safeguard for both consumer trust and material truth. The venture plans to explore a further point of differentiation: structuring its public ledger not just as a tamper-proof record, but as a machine-readable, open registry of ethical sourcing standards. To demonstrate focus and technical feasibility, the venture plans to explore initially supporting a single, concrete standard such as the Fair Trade certification framework within this ledger architecture. This would allow the fingerprints to be programmatically linked to the precise definitions of the ethical standards they claim to uphold, aiming to create a new layer of semantic clarity and auditability that is missing from current provenance claims.","## One-Sentence Summary
A privacy-first platform that generates verifiable digital fingerprints of ethical sourcing events and anchors them to a public, tamper-proof ledger, giving brands and consumers indisputable proof of provenance while protecting sensitive operational data.

## Problem
The venture plans to address a digital landscape saturated with manipulation and duplication, where it is increasingly difficult to establish what is original or real. The central challenge is enabling people to credibly prove the authenticity and first possession of a digital record—such as a donation confirmation or an impact report—amid pervasive skepticism and the ease of generating false claims. A specific, related challenge the venture plans to explore is the inefficiency and lack of standardization in the verification process for corporate matching gift programs, where employees often face cumbersome manual steps to prove their donations, creating friction that reduces participation.

## Target Users & Use Cases
The venture plans to initially focus its launch on solving the corporate matching gift program verification problem, targeting employees who need to prove donations and the corporate social responsibility or HR teams that administer these programs. This initial use case provides a specific, defined pain point with clear users. Following this initial focus, the venture plans to expand to target brands seeking to validate their supply chains and consumers looking for trustworthy ethical goods. Broader scenarios planned for later development include discovering vetted, ethical suppliers (from large, global operations to local, artisanal producers), verifying material provenance with confidence, and providing transparent proof of sourcing standards to end customers. A planned, specific target user group for later outreach is procurement teams within consumer goods companies participating in sustainability certification or reporting programs, who need a streamlined way to discover vetted suppliers and provide indisputable proof of their ethical sourcing actions to qualify for certifications or meet regulatory requirements.

## Solution / Product Overview
The venture plans to build a tool that creates a digital fingerprint of a user's charitable event data—such as a donation receipt for a matching gift program—and records proof of that fingerprint on a public, time-stamped ledger. The approach is proposed to be secure and privacy-preserving: users would not upload sensitive raw data; instead, a compact fingerprint would serve as durable evidence. This is positioned as a quiet safeguard for digital truth that donors, nonprofits, and corporate verifiers can rely on. To increase trust, the team plans to explore adding a decentralized, community-run witness network to provide a secondary, distributed layer of attestation to the ledger's timestamps. Furthermore, the venture plans to explore the development of a simple, open-source verification widget that any third-party website (like a nonprofit's blog or a corporate social responsibility page) could embed to allow visitors to independently verify the timestamp and authenticity of a claimed charitable fingerprint directly from that page. To clarify how this integration would technically work, the venture plans to propose a simple API endpoint specification for the widget, such as a planned `GET /verify/{fingerprint_hash}` endpoint that would return a standardized JSON object containing the verification status, timestamp, and a link to the public ledger entry.

## Delivery Model
The venture plans a lightweight, privacy-first implementation. It would not store sensitive donor financial details or the underlying event files. Instead, it would generate compact, anonymized fingerprints of that data for ledger anchoring. The goal is a secure and resource-conscious design that maintains long-term verifiability with minimal infrastructure. The team plans to build a clean public interface and supporting infrastructure to make the verification tools usable by its target audience, starting with the matching gift use case.

## Revenue Logic
The venture plans to generate revenue primarily through a transaction-based model, charging a fee for each verifiable digital fingerprint anchored to the public ledger. This would apply initially to entities in the matching gift ecosystem (such as nonprofits or the verifying corporations themselves) seeking to create a permanent, auditable record of a donation. The venture plans to explore a tiered pricing test for this transaction fee, where the fee would vary based on the complexity of the data being fingerprinted. To validate this model with a planned pilot group, the venture proposes a small, targeted test using one specific variable: the number of distinct data fields in a donation receipt. A receipt exceeding a defined threshold of fields would trigger a higher fee, allowing the team to explore price sensitivity among different user segments and use cases. The venture also plans to explore offering optional subscription tiers for high-volume users, which could include advanced provenance reporting features, supply chain management capabilities, or enhanced integration services for enterprise procurement or certification programs as it expands beyond the initial use case. An initial free trial period for generating a limited number of fingerprints is proposed to onboard partners.

## Distinctiveness
The venture aims to differentiate itself by offering heirloom-quality goods that merge immediate, tangible material qualities with enduring digital proof of ethical sourcing. Its proposed system does not just provide a product; it aims to create a permanent, independently verifiable record that the materials were sourced according to specific ethical standards at a specific time, addressing the credibility problem of sustainability claims. This focus on verifiable provenance from a specific, ethical source is presented as a unique safeguard for both consumer trust and material truth. The venture plans to explore a further point of differentiation: structuring its public ledger not just as a tamper-proof record, but as a machine-readable, open registry of ethical sourcing standards. To demonstrate focus and technical feasibility, the venture plans to explore initially supporting a single, concrete standard such as the Fair Trade certification framework within this ledger architecture. This would allow the fingerprints to be programmatically linked to the precise definitions of the ethical standards they claim to uphold, aiming to create a new layer of semantic clarity and auditability that is missing from current provenance claims."
"local","5","L5.5","specialized_rewrite","L4.2","","True","model_audit","[]","True","accepted","[]","All statements about the venture's status, accomplishments, or existing evidence remain properly framed as proposals, plans, or future exploration. The candidate adds specific technical detail about using a cryptographic hash of a transaction ID as a planned method, but this is presented as part of the venture's planned approach ('plans to explore'), not as an existing implementation. No claims of existing traction, customers, prototypes, or real-world evidence are made.","## One-Sentence Summary
A privacy-first platform that generates verifiable digital fingerprints of ethical sourcing events and anchors them to a public, tamper-proof ledger, giving brands and consumers indisputable proof of provenance while protecting sensitive operational data.

## Problem
The venture plans to address a digital landscape saturated with manipulation and duplication, where it is increasingly difficult to establish what is original or real. The central challenge is enabling people to credibly prove the authenticity and first possession of a digital record—such as a donation confirmation or an impact report—amid pervasive skepticism and the ease of generating false claims. A specific, related challenge the venture plans to explore is the inefficiency and lack of standardization in the verification process for corporate matching gift programs, where employees often face cumbersome manual steps to prove their donations, creating friction that reduces participation.

## Target Users & Use Cases
The venture plans to initially focus its launch on solving the corporate matching gift program verification problem, targeting employees who need to prove donations and the corporate social responsibility or HR teams that administer these programs. This initial use case provides a specific, defined pain point with clear users. Following this initial focus, the venture plans to expand to target brands seeking to validate their supply chains and consumers looking for trustworthy ethical goods. Broader scenarios planned for later development include discovering vetted, ethical suppliers (from large, global operations to local, artisanal producers), verifying material provenance with confidence, and providing transparent proof of sourcing standards to end customers. A planned, specific target user group for later outreach is procurement teams within consumer goods companies participating in sustainability certification or reporting programs, who need a streamlined way to discover vetted suppliers and provide indisputable proof of their ethical sourcing actions to qualify for certifications or meet regulatory requirements.

## Solution / Product Overview
The venture plans to build a tool that creates a digital fingerprint of a user's charitable event data—such as a donation receipt for a matching gift program—and records proof of that fingerprint on a public, time-stamped ledger. The approach is proposed to be secure and privacy-preserving: users would not upload sensitive raw data; instead, a compact fingerprint would serve as durable evidence. To illustrate this privacy-preserving method, the venture plans to explore a specific, planned data point for inclusion in the compact fingerprint: a one-way cryptographic hash of a donor's transaction ID from the original donation platform. This would allow the fingerprint to be uniquely linked to the original event without revealing the underlying transaction details or personal information. This is positioned as a quiet safeguard for digital truth that donors, nonprofits, and corporate verifiers can rely on. To increase trust, the team plans to explore adding a decentralized, community-run witness network to provide a secondary, distributed layer of attestation to the ledger's timestamps. Furthermore, the venture plans to explore the development of a simple, open-source verification widget that any third-party website (like a nonprofit's blog or a corporate social responsibility page) could embed to allow visitors to independently verify the timestamp and authenticity of a claimed charitable fingerprint directly from that page.

## Delivery Model
The venture plans a lightweight, privacy-first implementation. It would not store sensitive donor financial details or the underlying event files. Instead, it would generate compact, anonymized fingerprints of that data for ledger anchoring, using planned methods such as the cryptographic hash of a transaction ID. The goal is a secure and resource-conscious design that maintains long-term verifiability with minimal infrastructure. The team plans to build a clean public interface and supporting infrastructure to make the verification tools usable by its target audience, starting with the matching gift use case.

## Revenue Logic
The venture plans to generate revenue primarily through a transaction-based model, charging a fee for each verifiable digital fingerprint anchored to the public ledger. This would apply initially to entities in the matching gift ecosystem (such as nonprofits or the verifying corporations themselves) seeking to create a permanent, auditable record of a donation. The venture plans to explore a tiered pricing test for this transaction fee, where the fee would vary based on the complexity of the data being fingerprinted. To validate this model with a planned pilot group, the venture proposes a small, targeted test using one specific variable: the number of distinct data fields in a donation receipt. A receipt exceeding a defined threshold of fields would trigger a higher fee, allowing the team to explore price sensitivity among different user segments and use cases. The venture also plans to explore offering optional subscription tiers for high-volume users, which could include advanced provenance reporting features, supply chain management capabilities, or enhanced integration services for enterprise procurement or certification programs as it expands beyond the initial use case. An initial free trial period for generating a limited number of fingerprints is proposed to onboard partners.

## Distinctiveness
The venture aims to differentiate itself by offering heirloom-quality goods that merge immediate, tangible material qualities with enduring digital proof of ethical sourcing. Its proposed system does not just provide a product; it aims to create a permanent, independently verifiable record that the materials were sourced according to specific ethical standards at a specific time, addressing the credibility problem of sustainability claims. This focus on verifiable provenance from a specific, ethical source is presented as a unique safeguard for both consumer trust and material truth. The venture plans to explore a further point of differentiation: structuring its public ledger not just as a tamper-proof record, but as a machine-readable, open registry of ethical sourcing standards. To demonstrate focus and technical feasibility, the venture plans to explore initially supporting a single, concrete standard such as the Fair Trade certification framework within this ledger architecture. This would allow the fingerprints to be programmatically linked to the precise definitions of the ethical standards they claim to uphold, aiming to create a new layer of semantic clarity and auditability that is missing from current provenance claims.","## One-Sentence Summary
A privacy-first platform that generates verifiable digital fingerprints of ethical sourcing events and anchors them to a public, tamper-proof ledger, giving brands and consumers indisputable proof of provenance while protecting sensitive operational data.

## Problem
The venture plans to address a digital landscape saturated with manipulation and duplication, where it is increasingly difficult to establish what is original or real. The central challenge is enabling people to credibly prove the authenticity and first possession of a digital record—such as a donation confirmation or an impact report—amid pervasive skepticism and the ease of generating false claims. A specific, related challenge the venture plans to explore is the inefficiency and lack of standardization in the verification process for corporate matching gift programs, where employees often face cumbersome manual steps to prove their donations, creating friction that reduces participation.

## Target Users & Use Cases
The venture plans to initially focus its launch on solving the corporate matching gift program verification problem, targeting employees who need to prove donations and the corporate social responsibility or HR teams that administer these programs. This initial use case provides a specific, defined pain point with clear users. Following this initial focus, the venture plans to expand to target brands seeking to validate their supply chains and consumers looking for trustworthy ethical goods. Broader scenarios planned for later development include discovering vetted, ethical suppliers (from large, global operations to local, artisanal producers), verifying material provenance with confidence, and providing transparent proof of sourcing standards to end customers. A planned, specific target user group for later outreach is procurement teams within consumer goods companies participating in sustainability certification or reporting programs, who need a streamlined way to discover vetted suppliers and provide indisputable proof of their ethical sourcing actions to qualify for certifications or meet regulatory requirements.

## Solution / Product Overview
The venture plans to build a tool that creates a digital fingerprint of a user's charitable event data—such as a donation receipt for a matching gift program—and records proof of that fingerprint on a public, time-stamped ledger. The approach is proposed to be secure and privacy-preserving: users would not upload sensitive raw data; instead, a compact fingerprint would serve as durable evidence. To illustrate this privacy-preserving method, the venture plans to explore a specific, planned data point for inclusion in the compact fingerprint: a one-way cryptographic hash of a donor's transaction ID from the original donation platform. This would allow the fingerprint to be uniquely linked to the original event without revealing the underlying transaction details or personal information. This is positioned as a quiet safeguard for digital truth that donors, nonprofits, and corporate verifiers can rely on. To increase trust, the team plans to explore adding a decentralized, community-run witness network to provide a secondary, distributed layer of attestation to the ledger's timestamps. Furthermore, the venture plans to explore the development of a simple, open-source verification widget that any third-party website (like a nonprofit's blog or a corporate social responsibility page) could embed to allow visitors to independently verify the timestamp and authenticity of a claimed charitable fingerprint directly from that page.

## Delivery Model
The venture plans a lightweight, privacy-first implementation. It would not store sensitive donor financial details or the underlying event files. Instead, it would generate compact, anonymized fingerprints of that data for ledger anchoring, using planned methods such as the cryptographic hash of a transaction ID. The goal is a secure and resource-conscious design that maintains long-term verifiability with minimal infrastructure. The team plans to build a clean public interface and supporting infrastructure to make the verification tools usable by its target audience, starting with the matching gift use case.

## Revenue Logic
The venture plans to generate revenue primarily through a transaction-based model, charging a fee for each verifiable digital fingerprint anchored to the public ledger. This would apply initially to entities in the matching gift ecosystem (such as nonprofits or the verifying corporations themselves) seeking to create a permanent, auditable record of a donation. The venture plans to explore a tiered pricing test for this transaction fee, where the fee would vary based on the complexity of the data being fingerprinted. To validate this model with a planned pilot group, the venture proposes a small, targeted test using one specific variable: the number of distinct data fields in a donation receipt. A receipt exceeding a defined threshold of fields would trigger a higher fee, allowing the team to explore price sensitivity among different user segments and use cases. The venture also plans to explore offering optional subscription tiers for high-volume users, which could include advanced provenance reporting features, supply chain management capabilities, or enhanced integration services for enterprise procurement or certification programs as it expands beyond the initial use case. An initial free trial period for generating a limited number of fingerprints is proposed to onboard partners.

## Distinctiveness
The venture aims to differentiate itself by offering heirloom-quality goods that merge immediate, tangible material qualities with enduring digital proof of ethical sourcing. Its proposed system does not just provide a product; it aims to create a permanent, independently verifiable record that the materials were sourced according to specific ethical standards at a specific time, addressing the credibility problem of sustainability claims. This focus on verifiable provenance from a specific, ethical source is presented as a unique safeguard for both consumer trust and material truth. The venture plans to explore a further point of differentiation: structuring its public ledger not just as a tamper-proof record, but as a machine-readable, open registry of ethical sourcing standards. To demonstrate focus and technical feasibility, the venture plans to explore initially supporting a single, concrete standard such as the Fair Trade certification framework within this ledger architecture. This would allow the fingerprints to be programmatically linked to the precise definitions of the ethical standards they claim to uphold, aiming to create a new layer of semantic clarity and auditability that is missing from current provenance claims."
"local","6","L6.1","specialized_rewrite","L5.3","","True","model_audit","[]","True","accepted","[]","The candidate faithfully reproduces the authorized source material. The only addition is in the Solution/Product Overview section: 'As part of this exploration, the venture plans to propose a specific, small-scale test of the verification widget with a single nonprofit's blog to gather initial user feedback on its usability and perceived trustworthiness.' This statement is explicitly framed as a future plan ('plans to propose'), maintaining the prospective tense required by the standard. It does not claim any existing traction, tests, or results. All other sections are verbatim or logically consistent summaries of the source material's proposed concepts and plans.","## One-Sentence Summary
A privacy-first platform that generates verifiable digital fingerprints of ethical sourcing events and anchors them to a public, tamper-proof ledger, giving brands and consumers indisputable proof of provenance while protecting sensitive operational data.

## Problem
The venture plans to address a digital landscape saturated with manipulation and duplication, where it is increasingly difficult to establish what is original or real. The central challenge is enabling people to credibly prove the authenticity and first possession of a digital record—such as a donation confirmation or an impact report—amid pervasive skepticism and the ease of generating false claims. A specific, related challenge the venture plans to explore is the inefficiency and lack of standardization in the verification process for corporate matching gift programs, where employees often face cumbersome manual steps to prove their donations, creating friction that reduces participation.

## Target Users & Use Cases
The venture plans to initially focus its launch on solving the corporate matching gift program verification problem, targeting employees who need to prove donations and the corporate social responsibility or HR teams that administer these programs. For its planned pilot phase, the venture proposes to target initial outreach specifically to programs administered by Benevity, a well-known corporate matching gift platform, to validate its solution with a defined user base. Following this initial focus, the venture plans to expand to target brands seeking to validate their supply chains and consumers looking for trustworthy ethical goods. Broader scenarios planned for later development include discovering vetted, ethical suppliers (from large, global operations to local, artisanal producers), verifying material provenance with confidence, and providing transparent proof of sourcing standards to end customers. A planned, specific target user group for later outreach is procurement teams within consumer goods companies participating in sustainability certification or reporting programs, who need a streamlined way to discover vetted suppliers and provide indisputable proof of their ethical sourcing actions to qualify for certifications or meet regulatory requirements.

## Solution / Product Overview
The venture plans to build a tool that creates a digital fingerprint of a user's charitable event data—such as a donation receipt for a matching gift program—and records proof of that fingerprint on a public, time-stamped ledger. The approach is proposed to be secure and privacy-preserving: users would not upload sensitive raw data; instead, a compact fingerprint would serve as durable evidence. This is positioned as a quiet safeguard for digital truth that donors, nonprofits, and corporate verifiers can rely on. To increase trust, the team plans to explore adding a decentralized, community-run witness network to provide a secondary, distributed layer of attestation to the ledger's timestamps. Furthermore, the venture plans to explore the development of a simple, open-source verification widget that any third-party website (like a nonprofit's blog or a corporate social responsibility page) could embed to allow visitors to independently verify the timestamp and authenticity of a claimed charitable fingerprint directly from that page. As part of this exploration, the venture plans to propose a specific, small-scale test of the verification widget with a single nonprofit's blog to gather initial user feedback on its usability and perceived trustworthiness.

## Delivery Model
The venture plans a lightweight, privacy-first implementation. It would not store sensitive donor financial details or the underlying event files. Instead, it would generate compact, anonymized fingerprints of that data for ledger anchoring. The goal is a secure and resource-conscious design that maintains long-term verifiability with minimal infrastructure. The team plans to build a clean public interface and supporting infrastructure to make the verification tools usable by its target audience, starting with the matching gift use case.

## Revenue Logic
The venture plans to generate revenue primarily through a transaction-based model, charging a fee for each verifiable digital fingerprint anchored to the public ledger. This would apply initially to entities in the matching gift ecosystem (such as nonprofits or the verifying corporations themselves) seeking to create a permanent, auditable record of a donation. The venture plans to explore a tiered pricing test for this transaction fee, where the fee would vary based on the complexity of the data being fingerprinted. To validate this model with a planned pilot group, the venture proposes a small, targeted test using one specific variable: the number of distinct data fields in a donation receipt. A receipt exceeding a defined threshold of fields would trigger a higher fee, allowing the team to explore price sensitivity among different user segments and use cases. The venture also plans to explore offering optional subscription tiers for high-volume users, which could include advanced provenance reporting features, supply chain management capabilities, or enhanced integration services for enterprise procurement or certification programs as it expands beyond the initial use case. An initial free trial period for generating a limited number of fingerprints is proposed to onboard partners.

## Distinctiveness
The venture aims to differentiate itself by offering heirloom-quality goods that merge immediate, tangible material qualities with enduring digital proof of ethical sourcing. Its proposed system does not just provide a product; it aims to create a permanent, independently verifiable record that the materials were sourced according to specific ethical standards at a specific time, addressing the credibility problem of sustainability claims. This focus on verifiable provenance from a specific, ethical source is presented as a unique safeguard for both consumer trust and material truth. The venture plans to explore a further point of differentiation: structuring its public ledger not just as a tamper-proof record, but as a machine-readable, open registry of ethical sourcing standards. To demonstrate focus and technical feasibility, the venture plans to explore initially supporting a single, concrete standard such as the Fair Trade certification framework within this ledger architecture. This would allow the fingerprints to be programmatically linked to the precise definitions of the ethical standards they claim to uphold, aiming to create a new layer of semantic clarity and auditability that is missing from current provenance claims.","## One-Sentence Summary
A privacy-first platform that generates verifiable digital fingerprints of ethical sourcing events and anchors them to a public, tamper-proof ledger, giving brands and consumers indisputable proof of provenance while protecting sensitive operational data.

## Problem
The venture plans to address a digital landscape saturated with manipulation and duplication, where it is increasingly difficult to establish what is original or real. The central challenge is enabling people to credibly prove the authenticity and first possession of a digital record—such as a donation confirmation or an impact report—amid pervasive skepticism and the ease of generating false claims. A specific, related challenge the venture plans to explore is the inefficiency and lack of standardization in the verification process for corporate matching gift programs, where employees often face cumbersome manual steps to prove their donations, creating friction that reduces participation.

## Target Users & Use Cases
The venture plans to initially focus its launch on solving the corporate matching gift program verification problem, targeting employees who need to prove donations and the corporate social responsibility or HR teams that administer these programs. For its planned pilot phase, the venture proposes to target initial outreach specifically to programs administered by Benevity, a well-known corporate matching gift platform, to validate its solution with a defined user base. Following this initial focus, the venture plans to expand to target brands seeking to validate their supply chains and consumers looking for trustworthy ethical goods. Broader scenarios planned for later development include discovering vetted, ethical suppliers (from large, global operations to local, artisanal producers), verifying material provenance with confidence, and providing transparent proof of sourcing standards to end customers. A planned, specific target user group for later outreach is procurement teams within consumer goods companies participating in sustainability certification or reporting programs, who need a streamlined way to discover vetted suppliers and provide indisputable proof of their ethical sourcing actions to qualify for certifications or meet regulatory requirements.

## Solution / Product Overview
The venture plans to build a tool that creates a digital fingerprint of a user's charitable event data—such as a donation receipt for a matching gift program—and records proof of that fingerprint on a public, time-stamped ledger. The approach is proposed to be secure and privacy-preserving: users would not upload sensitive raw data; instead, a compact fingerprint would serve as durable evidence. This is positioned as a quiet safeguard for digital truth that donors, nonprofits, and corporate verifiers can rely on. To increase trust, the team plans to explore adding a decentralized, community-run witness network to provide a secondary, distributed layer of attestation to the ledger's timestamps. Furthermore, the venture plans to explore the development of a simple, open-source verification widget that any third-party website (like a nonprofit's blog or a corporate social responsibility page) could embed to allow visitors to independently verify the timestamp and authenticity of a claimed charitable fingerprint directly from that page. As part of this exploration, the venture plans to propose a specific, small-scale test of the verification widget with a single nonprofit's blog to gather initial user feedback on its usability and perceived trustworthiness.

## Delivery Model
The venture plans a lightweight, privacy-first implementation. It would not store sensitive donor financial details or the underlying event files. Instead, it would generate compact, anonymized fingerprints of that data for ledger anchoring. The goal is a secure and resource-conscious design that maintains long-term verifiability with minimal infrastructure. The team plans to build a clean public interface and supporting infrastructure to make the verification tools usable by its target audience, starting with the matching gift use case.

## Revenue Logic
The venture plans to generate revenue primarily through a transaction-based model, charging a fee for each verifiable digital fingerprint anchored to the public ledger. This would apply initially to entities in the matching gift ecosystem (such as nonprofits or the verifying corporations themselves) seeking to create a permanent, auditable record of a donation. The venture plans to explore a tiered pricing test for this transaction fee, where the fee would vary based on the complexity of the data being fingerprinted. To validate this model with a planned pilot group, the venture proposes a small, targeted test using one specific variable: the number of distinct data fields in a donation receipt. A receipt exceeding a defined threshold of fields would trigger a higher fee, allowing the team to explore price sensitivity among different user segments and use cases. The venture also plans to explore offering optional subscription tiers for high-volume users, which could include advanced provenance reporting features, supply chain management capabilities, or enhanced integration services for enterprise procurement or certification programs as it expands beyond the initial use case. An initial free trial period for generating a limited number of fingerprints is proposed to onboard partners.

## Distinctiveness
The venture aims to differentiate itself by offering heirloom-quality goods that merge immediate, tangible material qualities with enduring digital proof of ethical sourcing. Its proposed system does not just provide a product; it aims to create a permanent, independently verifiable record that the materials were sourced according to specific ethical standards at a specific time, addressing the credibility problem of sustainability claims. This focus on verifiable provenance from a specific, ethical source is presented as a unique safeguard for both consumer trust and material truth. The venture plans to explore a further point of differentiation: structuring its public ledger not just as a tamper-proof record, but as a machine-readable, open registry of ethical sourcing standards. To demonstrate focus and technical feasibility, the venture plans to explore initially supporting a single, concrete standard such as the Fair Trade certification framework within this ledger architecture. This would allow the fingerprints to be programmatically linked to the precise definitions of the ethical standards they claim to uphold, aiming to create a new layer of semantic clarity and auditability that is missing from current provenance claims."
"local","6","L6.2","specialized_rewrite","L5.3","","False","prospective_framing_safeguard","[""For its planned pilot phase, the venture proposes to target initial outreach to a specific, smaller corporate matching gift platform to test integration and reduce dependency on a single large partner.""]","True","accepted","[]","Prospective-framing safeguard overrode the model's rejection because every flagged claim is explicitly hypothetical, proposed, planned, or future-tense and none asserts an existing accomplishment. Initial model analysis: The candidate changes a specific, planned pilot target from the source material. The source explicitly states the venture proposes to target 'programs administered by Benevity, a well-known corporate matching gift platform'. The candidate replaces this with a generic 'specific, smaller corporate matching gift platform', which is an unsupported alteration of the venture's stated plan. All other sections are factually consistent with the source.","## One-Sentence Summary
A privacy-first platform that generates verifiable digital fingerprints of ethical sourcing events and anchors them to a public, tamper-proof ledger, giving brands and consumers indisputable proof of provenance while protecting sensitive operational data.

## Problem
The venture plans to address a digital landscape saturated with manipulation and duplication, where it is increasingly difficult to establish what is original or real. The central challenge is enabling people to credibly prove the authenticity and first possession of a digital record—such as a donation confirmation or an impact report—amid pervasive skepticism and the ease of generating false claims. A specific, related challenge the venture plans to explore is the inefficiency and lack of standardization in the verification process for corporate matching gift programs, where employees often face cumbersome manual steps to prove their donations, creating friction that reduces participation.

## Target Users & Use Cases
The venture plans to initially focus its launch on solving the corporate matching gift program verification problem, targeting employees who need to prove donations and the corporate social responsibility or HR teams that administer these programs. For its planned pilot phase, the venture proposes to target initial outreach to a specific, smaller corporate matching gift platform to test integration and reduce dependency on a single large partner. Following this initial focus, the venture plans to expand to target brands seeking to validate their supply chains and consumers looking for trustworthy ethical goods. Broader scenarios planned for later development include discovering vetted, ethical suppliers (from large, global operations to local, artisanal producers), verifying material provenance with confidence, and providing transparent proof of sourcing standards to end customers. A planned, specific target user group for later outreach is procurement teams within consumer goods companies participating in sustainability certification or reporting programs, who need a streamlined way to discover vetted suppliers and provide indisputable proof of their ethical sourcing actions to qualify for certifications or meet regulatory requirements.

## Solution / Product Overview
The venture plans to build a tool that creates a digital fingerprint of a user's charitable event data—such as a donation receipt for a matching gift program—and records proof of that fingerprint on a public, time-stamped ledger. The approach is proposed to be secure and privacy-preserving: users would not upload sensitive raw data; instead, a compact fingerprint would serve as durable evidence. This is positioned as a quiet safeguard for digital truth that donors, nonprofits, and corporate verifiers can rely on. To increase trust, the team plans to explore adding a decentralized, community-run witness network to provide a secondary, distributed layer of attestation to the ledger's timestamps. Furthermore, the venture plans to explore the development of a simple, open-source verification widget that any third-party website (like a nonprofit's blog or a corporate social responsibility page) could embed to allow visitors to independently verify the timestamp and authenticity of a claimed charitable fingerprint directly from that page.

## Delivery Model
The venture plans a lightweight, privacy-first implementation. It would not store sensitive donor financial details or the underlying event files. Instead, it would generate compact, anonymized fingerprints of that data for ledger anchoring. The goal is a secure and resource-conscious design that maintains long-term verifiability with minimal infrastructure. The team plans to build a clean public interface and supporting infrastructure to make the verification tools usable by its target audience, starting with the matching gift use case.

## Revenue Logic
The venture plans to generate revenue primarily through a transaction-based model, charging a fee for each verifiable digital fingerprint anchored to the public ledger. This would apply initially to entities in the matching gift ecosystem (such as nonprofits or the verifying corporations themselves) seeking to create a permanent, auditable record of a donation. The venture plans to explore a tiered pricing test for this transaction fee, where the fee would vary based on the complexity of the data being fingerprinted. To validate this model with a planned pilot group, the venture proposes a small, targeted test using one specific variable: the number of distinct data fields in a donation receipt. A receipt exceeding a defined threshold of fields would trigger a higher fee, allowing the team to explore price sensitivity among different user segments and use cases. The venture also plans to explore offering optional subscription tiers for high-volume users, which could include advanced provenance reporting features, supply chain management capabilities, or enhanced integration services for enterprise procurement or certification programs as it expands beyond the initial use case. An initial free trial period for generating a limited number of fingerprints is proposed to onboard partners.

## Distinctiveness
The venture aims to differentiate itself by offering heirloom-quality goods that merge immediate, tangible material qualities with enduring digital proof of ethical sourcing. Its proposed system does not just provide a product; it aims to create a permanent, independently verifiable record that the materials were sourced according to specific ethical standards at a specific time, addressing the credibility problem of sustainability claims. This focus on verifiable provenance from a specific, ethical source is presented as a unique safeguard for both consumer trust and material truth. The venture plans to explore a further point of differentiation: structuring its public ledger not just as a tamper-proof record, but as a machine-readable, open registry of ethical sourcing standards. To demonstrate focus and technical feasibility, the venture plans to explore initially supporting a single, concrete standard such as the Fair Trade certification framework within this ledger architecture. This would allow the fingerprints to be programmatically linked to the precise definitions of the ethical standards they claim to uphold, aiming to create a new layer of semantic clarity and auditability that is missing from current provenance claims.","## One-Sentence Summary
A privacy-first platform that generates verifiable digital fingerprints of ethical sourcing events and anchors them to a public, tamper-proof ledger, giving brands and consumers indisputable proof of provenance while protecting sensitive operational data.

## Problem
The venture plans to address a digital landscape saturated with manipulation and duplication, where it is increasingly difficult to establish what is original or real. The central challenge is enabling people to credibly prove the authenticity and first possession of a digital record—such as a donation confirmation or an impact report—amid pervasive skepticism and the ease of generating false claims. A specific, related challenge the venture plans to explore is the inefficiency and lack of standardization in the verification process for corporate matching gift programs, where employees often face cumbersome manual steps to prove their donations, creating friction that reduces participation.

## Target Users & Use Cases
The venture plans to initially focus its launch on solving the corporate matching gift program verification problem, targeting employees who need to prove donations and the corporate social responsibility or HR teams that administer these programs. For its planned pilot phase, the venture proposes to target initial outreach to a specific, smaller corporate matching gift platform to test integration and reduce dependency on a single large partner. Following this initial focus, the venture plans to expand to target brands seeking to validate their supply chains and consumers looking for trustworthy ethical goods. Broader scenarios planned for later development include discovering vetted, ethical suppliers (from large, global operations to local, artisanal producers), verifying material provenance with confidence, and providing transparent proof of sourcing standards to end customers. A planned, specific target user group for later outreach is procurement teams within consumer goods companies participating in sustainability certification or reporting programs, who need a streamlined way to discover vetted suppliers and provide indisputable proof of their ethical sourcing actions to qualify for certifications or meet regulatory requirements.

## Solution / Product Overview
The venture plans to build a tool that creates a digital fingerprint of a user's charitable event data—such as a donation receipt for a matching gift program—and records proof of that fingerprint on a public, time-stamped ledger. The approach is proposed to be secure and privacy-preserving: users would not upload sensitive raw data; instead, a compact fingerprint would serve as durable evidence. This is positioned as a quiet safeguard for digital truth that donors, nonprofits, and corporate verifiers can rely on. To increase trust, the team plans to explore adding a decentralized, community-run witness network to provide a secondary, distributed layer of attestation to the ledger's timestamps. Furthermore, the venture plans to explore the development of a simple, open-source verification widget that any third-party website (like a nonprofit's blog or a corporate social responsibility page) could embed to allow visitors to independently verify the timestamp and authenticity of a claimed charitable fingerprint directly from that page.

## Delivery Model
The venture plans a lightweight, privacy-first implementation. It would not store sensitive donor financial details or the underlying event files. Instead, it would generate compact, anonymized fingerprints of that data for ledger anchoring. The goal is a secure and resource-conscious design that maintains long-term verifiability with minimal infrastructure. The team plans to build a clean public interface and supporting infrastructure to make the verification tools usable by its target audience, starting with the matching gift use case.

## Revenue Logic
The venture plans to generate revenue primarily through a transaction-based model, charging a fee for each verifiable digital fingerprint anchored to the public ledger. This would apply initially to entities in the matching gift ecosystem (such as nonprofits or the verifying corporations themselves) seeking to create a permanent, auditable record of a donation. The venture plans to explore a tiered pricing test for this transaction fee, where the fee would vary based on the complexity of the data being fingerprinted. To validate this model with a planned pilot group, the venture proposes a small, targeted test using one specific variable: the number of distinct data fields in a donation receipt. A receipt exceeding a defined threshold of fields would trigger a higher fee, allowing the team to explore price sensitivity among different user segments and use cases. The venture also plans to explore offering optional subscription tiers for high-volume users, which could include advanced provenance reporting features, supply chain management capabilities, or enhanced integration services for enterprise procurement or certification programs as it expands beyond the initial use case. An initial free trial period for generating a limited number of fingerprints is proposed to onboard partners.

## Distinctiveness
The venture aims to differentiate itself by offering heirloom-quality goods that merge immediate, tangible material qualities with enduring digital proof of ethical sourcing. Its proposed system does not just provide a product; it aims to create a permanent, independently verifiable record that the materials were sourced according to specific ethical standards at a specific time, addressing the credibility problem of sustainability claims. This focus on verifiable provenance from a specific, ethical source is presented as a unique safeguard for both consumer trust and material truth. The venture plans to explore a further point of differentiation: structuring its public ledger not just as a tamper-proof record, but as a machine-readable, open registry of ethical sourcing standards. To demonstrate focus and technical feasibility, the venture plans to explore initially supporting a single, concrete standard such as the Fair Trade certification framework within this ledger architecture. This would allow the fingerprints to be programmatically linked to the precise definitions of the ethical standards they claim to uphold, aiming to create a new layer of semantic clarity and auditability that is missing from current provenance claims."
"local","6","L6.3","specialized_rewrite","L5.3","","True","model_audit","[]","True","accepted","[]","The candidate is a near-verbatim copy of the source material. The only addition is the specific proposal of a 'defined threshold of 10 data fields' for the pricing test. This is a new, detailed, and quantified plan, but it is explicitly framed as a proposal for a test ('the venture plans to propose'), which is allowed under the standard. No claims of existing real-world evidence, status, or accomplishment are made.","## One-Sentence Summary
A privacy-first platform that generates verifiable digital fingerprints of ethical sourcing events and anchors them to a public, tamper-proof ledger, giving brands and consumers indisputable proof of provenance while protecting sensitive operational data.

## Problem
The venture plans to address a digital landscape saturated with manipulation and duplication, where it is increasingly difficult to establish what is original or real. The central challenge is enabling people to credibly prove the authenticity and first possession of a digital record—such as a donation confirmation or an impact report—amid pervasive skepticism and the ease of generating false claims. A specific, related challenge the venture plans to explore is the inefficiency and lack of standardization in the verification process for corporate matching gift programs, where employees often face cumbersome manual steps to prove their donations, creating friction that reduces participation.

## Target Users & Use Cases
The venture plans to initially focus its launch on solving the corporate matching gift program verification problem, targeting employees who need to prove donations and the corporate social responsibility or HR teams that administer these programs. For its planned pilot phase, the venture proposes to target initial outreach specifically to programs administered by Benevity, a well-known corporate matching gift platform, to validate its solution with a defined user base. Following this initial focus, the venture plans to expand to target brands seeking to validate their supply chains and consumers looking for trustworthy ethical goods. Broader scenarios planned for later development include discovering vetted, ethical suppliers (from large, global operations to local, artisanal producers), verifying material provenance with confidence, and providing transparent proof of sourcing standards to end customers. A planned, specific target user group for later outreach is procurement teams within consumer goods companies participating in sustainability certification or reporting programs, who need a streamlined way to discover vetted suppliers and provide indisputable proof of their ethical sourcing actions to qualify for certifications or meet regulatory requirements.

## Solution / Product Overview
The venture plans to build a tool that creates a digital fingerprint of a user's charitable event data—such as a donation receipt for a matching gift program—and records proof of that fingerprint on a public, time-stamped ledger. The approach is proposed to be secure and privacy-preserving: users would not upload sensitive raw data; instead, a compact fingerprint would serve as durable evidence. This is positioned as a quiet safeguard for digital truth that donors, nonprofits, and corporate verifiers can rely on. To increase trust, the team plans to explore adding a decentralized, community-run witness network to provide a secondary, distributed layer of attestation to the ledger's timestamps. Furthermore, the venture plans to explore the development of a simple, open-source verification widget that any third-party website (like a nonprofit's blog or a corporate social responsibility page) could embed to allow visitors to independently verify the timestamp and authenticity of a claimed charitable fingerprint directly from that page.

## Delivery Model
The venture plans a lightweight, privacy-first implementation. It would not store sensitive donor financial details or the underlying event files. Instead, it would generate compact, anonymized fingerprints of that data for ledger anchoring. The goal is a secure and resource-conscious design that maintains long-term verifiability with minimal infrastructure. The team plans to build a clean public interface and supporting infrastructure to make the verification tools usable by its target audience, starting with the matching gift use case.

## Revenue Logic
The venture plans to generate revenue primarily through a transaction-based model, charging a fee for each verifiable digital fingerprint anchored to the public ledger. This would apply initially to entities in the matching gift ecosystem (such as nonprofits or the verifying corporations themselves) seeking to create a permanent, auditable record of a donation. The venture plans to explore a tiered pricing test for this transaction fee, where the fee would vary based on the complexity of the data being fingerprinted. To validate this model with a planned pilot group, the venture proposes a small, targeted test using one specific variable: the number of distinct data fields in a donation receipt. For this test, the venture plans to propose a defined threshold of 10 data fields; a receipt exceeding this threshold would trigger a higher fee, allowing the team to explore price sensitivity among different user segments and use cases. The venture also plans to explore offering optional subscription tiers for high-volume users, which could include advanced provenance reporting features, supply chain management capabilities, or enhanced integration services for enterprise procurement or certification programs as it expands beyond the initial use case. An initial free trial period for generating a limited number of fingerprints is proposed to onboard partners.

## Distinctiveness
The venture aims to differentiate itself by offering heirloom-quality goods that merge immediate, tangible material qualities with enduring digital proof of ethical sourcing. Its proposed system does not just provide a product; it aims to create a permanent, independently verifiable record that the materials were sourced according to specific ethical standards at a specific time, addressing the credibility problem of sustainability claims. This focus on verifiable provenance from a specific, ethical source is presented as a unique safeguard for both consumer trust and material truth. The venture plans to explore a further point of differentiation: structuring its public ledger not just as a tamper-proof record, but as a machine-readable, open registry of ethical sourcing standards. To demonstrate focus and technical feasibility, the venture plans to explore initially supporting a single, concrete standard such as the Fair Trade certification framework within this ledger architecture. This would allow the fingerprints to be programmatically linked to the precise definitions of the ethical standards they claim to uphold, aiming to create a new layer of semantic clarity and auditability that is missing from current provenance claims.","## One-Sentence Summary
A privacy-first platform that generates verifiable digital fingerprints of ethical sourcing events and anchors them to a public, tamper-proof ledger, giving brands and consumers indisputable proof of provenance while protecting sensitive operational data.

## Problem
The venture plans to address a digital landscape saturated with manipulation and duplication, where it is increasingly difficult to establish what is original or real. The central challenge is enabling people to credibly prove the authenticity and first possession of a digital record—such as a donation confirmation or an impact report—amid pervasive skepticism and the ease of generating false claims. A specific, related challenge the venture plans to explore is the inefficiency and lack of standardization in the verification process for corporate matching gift programs, where employees often face cumbersome manual steps to prove their donations, creating friction that reduces participation.

## Target Users & Use Cases
The venture plans to initially focus its launch on solving the corporate matching gift program verification problem, targeting employees who need to prove donations and the corporate social responsibility or HR teams that administer these programs. For its planned pilot phase, the venture proposes to target initial outreach specifically to programs administered by Benevity, a well-known corporate matching gift platform, to validate its solution with a defined user base. Following this initial focus, the venture plans to expand to target brands seeking to validate their supply chains and consumers looking for trustworthy ethical goods. Broader scenarios planned for later development include discovering vetted, ethical suppliers (from large, global operations to local, artisanal producers), verifying material provenance with confidence, and providing transparent proof of sourcing standards to end customers. A planned, specific target user group for later outreach is procurement teams within consumer goods companies participating in sustainability certification or reporting programs, who need a streamlined way to discover vetted suppliers and provide indisputable proof of their ethical sourcing actions to qualify for certifications or meet regulatory requirements.

## Solution / Product Overview
The venture plans to build a tool that creates a digital fingerprint of a user's charitable event data—such as a donation receipt for a matching gift program—and records proof of that fingerprint on a public, time-stamped ledger. The approach is proposed to be secure and privacy-preserving: users would not upload sensitive raw data; instead, a compact fingerprint would serve as durable evidence. This is positioned as a quiet safeguard for digital truth that donors, nonprofits, and corporate verifiers can rely on. To increase trust, the team plans to explore adding a decentralized, community-run witness network to provide a secondary, distributed layer of attestation to the ledger's timestamps. Furthermore, the venture plans to explore the development of a simple, open-source verification widget that any third-party website (like a nonprofit's blog or a corporate social responsibility page) could embed to allow visitors to independently verify the timestamp and authenticity of a claimed charitable fingerprint directly from that page.

## Delivery Model
The venture plans a lightweight, privacy-first implementation. It would not store sensitive donor financial details or the underlying event files. Instead, it would generate compact, anonymized fingerprints of that data for ledger anchoring. The goal is a secure and resource-conscious design that maintains long-term verifiability with minimal infrastructure. The team plans to build a clean public interface and supporting infrastructure to make the verification tools usable by its target audience, starting with the matching gift use case.

## Revenue Logic
The venture plans to generate revenue primarily through a transaction-based model, charging a fee for each verifiable digital fingerprint anchored to the public ledger. This would apply initially to entities in the matching gift ecosystem (such as nonprofits or the verifying corporations themselves) seeking to create a permanent, auditable record of a donation. The venture plans to explore a tiered pricing test for this transaction fee, where the fee would vary based on the complexity of the data being fingerprinted. To validate this model with a planned pilot group, the venture proposes a small, targeted test using one specific variable: the number of distinct data fields in a donation receipt. For this test, the venture plans to propose a defined threshold of 10 data fields; a receipt exceeding this threshold would trigger a higher fee, allowing the team to explore price sensitivity among different user segments and use cases. The venture also plans to explore offering optional subscription tiers for high-volume users, which could include advanced provenance reporting features, supply chain management capabilities, or enhanced integration services for enterprise procurement or certification programs as it expands beyond the initial use case. An initial free trial period for generating a limited number of fingerprints is proposed to onboard partners.

## Distinctiveness
The venture aims to differentiate itself by offering heirloom-quality goods that merge immediate, tangible material qualities with enduring digital proof of ethical sourcing. Its proposed system does not just provide a product; it aims to create a permanent, independently verifiable record that the materials were sourced according to specific ethical standards at a specific time, addressing the credibility problem of sustainability claims. This focus on verifiable provenance from a specific, ethical source is presented as a unique safeguard for both consumer trust and material truth. The venture plans to explore a further point of differentiation: structuring its public ledger not just as a tamper-proof record, but as a machine-readable, open registry of ethical sourcing standards. To demonstrate focus and technical feasibility, the venture plans to explore initially supporting a single, concrete standard such as the Fair Trade certification framework within this ledger architecture. This would allow the fingerprints to be programmatically linked to the precise definitions of the ethical standards they claim to uphold, aiming to create a new layer of semantic clarity and auditability that is missing from current provenance claims."
"local","6","L6.4","specialized_rewrite","L5.3","","True","model_audit","[]","True","accepted","[]","All statements about the venture's status, accomplishments, or existing evidence remain properly framed as proposals, plans, or future exploration. The candidate adds specific detail about the 'machine-readable registry' concept (adding geolocation to the Fair Trade fingerprinting schema) but frames it as a proposed exploration ('proposes to explore'), maintaining the hypothetical nature. No claims of existing traction, customers, prototypes, or accomplished facts are introduced.","## One-Sentence Summary
A privacy-first platform that generates verifiable digital fingerprints of ethical sourcing events and anchors them to a public, tamper-proof ledger, giving brands and consumers indisputable proof of provenance while protecting sensitive operational data.

## Problem
The venture plans to address a digital landscape saturated with manipulation and duplication, where it is increasingly difficult to establish what is original or real. The central challenge is enabling people to credibly prove the authenticity and first possession of a digital record—such as a donation confirmation or an impact report—amid pervasive skepticism and the ease of generating false claims. A specific, related challenge the venture plans to explore is the inefficiency and lack of standardization in the verification process for corporate matching gift programs, where employees often face cumbersome manual steps to prove their donations, creating friction that reduces participation.

## Target Users & Use Cases
The venture plans to initially focus its launch on solving the corporate matching gift program verification problem, targeting employees who need to prove donations and the corporate social responsibility or HR teams that administer these programs. For its planned pilot phase, the venture proposes to target initial outreach specifically to programs administered by Benevity, a well-known corporate matching gift platform, to validate its solution with a defined user base. Following this initial focus, the venture plans to expand to target brands seeking to validate their supply chains and consumers looking for trustworthy ethical goods. Broader scenarios planned for later development include discovering vetted, ethical suppliers (from large, global operations to local, artisanal producers), verifying material provenance with confidence, and providing transparent proof of sourcing standards to end customers. A planned, specific target user group for later outreach is procurement teams within consumer goods companies participating in sustainability certification or reporting programs, who need a streamlined way to discover vetted suppliers and provide indisputable proof of their ethical sourcing actions to qualify for certifications or meet regulatory requirements.

## Solution / Product Overview
The venture plans to build a tool that creates a digital fingerprint of a user's charitable event data—such as a donation receipt for a matching gift program—and records proof of that fingerprint on a public, time-stamped ledger. The approach is proposed to be secure and privacy-preserving: users would not upload sensitive raw data; instead, a compact fingerprint would serve as durable evidence. This is positioned as a quiet safeguard for digital truth that donors, nonprofits, and corporate verifiers can rely on. To increase trust, the team plans to explore adding a decentralized, community-run witness network to provide a secondary, distributed layer of attestation to the ledger's timestamps. Furthermore, the venture plans to explore the development of a simple, open-source verification widget that any third-party website (like a nonprofit's blog or a corporate social responsibility page) could embed to allow visitors to independently verify the timestamp and authenticity of a claimed charitable fingerprint directly from that page.

## Delivery Model
The venture plans a lightweight, privacy-first implementation. It would not store sensitive donor financial details or the underlying event files. Instead, it would generate compact, anonymized fingerprints of that data for ledger anchoring. The goal is a secure and resource-conscious design that maintains long-term verifiability with minimal infrastructure. The team plans to build a clean public interface and supporting infrastructure to make the verification tools usable by its target audience, starting with the matching gift use case.

## Revenue Logic
The venture plans to generate revenue primarily through a transaction-based model, charging a fee for each verifiable digital fingerprint anchored to the public ledger. This would apply initially to entities in the matching gift ecosystem (such as nonprofits or the verifying corporations themselves) seeking to create a permanent, auditable record of a donation. The venture plans to explore a tiered pricing test for this transaction fee, where the fee would vary based on the complexity of the data being fingerprinted. To validate this model with a planned pilot group, the venture proposes a small, targeted test using one specific variable: the number of distinct data fields in a donation receipt. A receipt exceeding a defined threshold of fields would trigger a higher fee, allowing the team to explore price sensitivity among different user segments and use cases. The venture also plans to explore offering optional subscription tiers for high-volume users, which could include advanced provenance reporting features, supply chain management capabilities, or enhanced integration services for enterprise procurement or certification programs as it expands beyond the initial use case. An initial free trial period for generating a limited number of fingerprints is proposed to onboard partners.

## Distinctiveness
The venture aims to differentiate itself by offering heirloom-quality goods that merge immediate, tangible material qualities with enduring digital proof of ethical sourcing. Its proposed system does not just provide a product; it aims to create a permanent, independently verifiable record that the materials were sourced according to specific ethical standards at a specific time, addressing the credibility problem of sustainability claims. This focus on verifiable provenance from a specific, ethical source is presented as a unique safeguard for both consumer trust and material truth. The venture plans to explore a further point of differentiation: structuring its public ledger not just as a tamper-proof record, but as a machine-readable, open registry of ethical sourcing standards. To demonstrate focus and technical feasibility, the venture plans to explore initially supporting a single, concrete standard such as the Fair Trade certification framework within this ledger architecture. To demonstrate the 'machine-readable registry' concept in a limited way, the venture proposes to explore adding a single, specific data point—such as the geolocation of a sourcing event—to the initial fingerprinting schema for the Fair Trade standard. This would allow the fingerprints to be programmatically linked to the precise definitions of the ethical standards they claim to uphold, aiming to create a new layer of semantic clarity and auditability that is missing from current provenance claims.","## One-Sentence Summary
A privacy-first platform that generates verifiable digital fingerprints of ethical sourcing events and anchors them to a public, tamper-proof ledger, giving brands and consumers indisputable proof of provenance while protecting sensitive operational data.

## Problem
The venture plans to address a digital landscape saturated with manipulation and duplication, where it is increasingly difficult to establish what is original or real. The central challenge is enabling people to credibly prove the authenticity and first possession of a digital record—such as a donation confirmation or an impact report—amid pervasive skepticism and the ease of generating false claims. A specific, related challenge the venture plans to explore is the inefficiency and lack of standardization in the verification process for corporate matching gift programs, where employees often face cumbersome manual steps to prove their donations, creating friction that reduces participation.

## Target Users & Use Cases
The venture plans to initially focus its launch on solving the corporate matching gift program verification problem, targeting employees who need to prove donations and the corporate social responsibility or HR teams that administer these programs. For its planned pilot phase, the venture proposes to target initial outreach specifically to programs administered by Benevity, a well-known corporate matching gift platform, to validate its solution with a defined user base. Following this initial focus, the venture plans to expand to target brands seeking to validate their supply chains and consumers looking for trustworthy ethical goods. Broader scenarios planned for later development include discovering vetted, ethical suppliers (from large, global operations to local, artisanal producers), verifying material provenance with confidence, and providing transparent proof of sourcing standards to end customers. A planned, specific target user group for later outreach is procurement teams within consumer goods companies participating in sustainability certification or reporting programs, who need a streamlined way to discover vetted suppliers and provide indisputable proof of their ethical sourcing actions to qualify for certifications or meet regulatory requirements.

## Solution / Product Overview
The venture plans to build a tool that creates a digital fingerprint of a user's charitable event data—such as a donation receipt for a matching gift program—and records proof of that fingerprint on a public, time-stamped ledger. The approach is proposed to be secure and privacy-preserving: users would not upload sensitive raw data; instead, a compact fingerprint would serve as durable evidence. This is positioned as a quiet safeguard for digital truth that donors, nonprofits, and corporate verifiers can rely on. To increase trust, the team plans to explore adding a decentralized, community-run witness network to provide a secondary, distributed layer of attestation to the ledger's timestamps. Furthermore, the venture plans to explore the development of a simple, open-source verification widget that any third-party website (like a nonprofit's blog or a corporate social responsibility page) could embed to allow visitors to independently verify the timestamp and authenticity of a claimed charitable fingerprint directly from that page.

## Delivery Model
The venture plans a lightweight, privacy-first implementation. It would not store sensitive donor financial details or the underlying event files. Instead, it would generate compact, anonymized fingerprints of that data for ledger anchoring. The goal is a secure and resource-conscious design that maintains long-term verifiability with minimal infrastructure. The team plans to build a clean public interface and supporting infrastructure to make the verification tools usable by its target audience, starting with the matching gift use case.

## Revenue Logic
The venture plans to generate revenue primarily through a transaction-based model, charging a fee for each verifiable digital fingerprint anchored to the public ledger. This would apply initially to entities in the matching gift ecosystem (such as nonprofits or the verifying corporations themselves) seeking to create a permanent, auditable record of a donation. The venture plans to explore a tiered pricing test for this transaction fee, where the fee would vary based on the complexity of the data being fingerprinted. To validate this model with a planned pilot group, the venture proposes a small, targeted test using one specific variable: the number of distinct data fields in a donation receipt. A receipt exceeding a defined threshold of fields would trigger a higher fee, allowing the team to explore price sensitivity among different user segments and use cases. The venture also plans to explore offering optional subscription tiers for high-volume users, which could include advanced provenance reporting features, supply chain management capabilities, or enhanced integration services for enterprise procurement or certification programs as it expands beyond the initial use case. An initial free trial period for generating a limited number of fingerprints is proposed to onboard partners.

## Distinctiveness
The venture aims to differentiate itself by offering heirloom-quality goods that merge immediate, tangible material qualities with enduring digital proof of ethical sourcing. Its proposed system does not just provide a product; it aims to create a permanent, independently verifiable record that the materials were sourced according to specific ethical standards at a specific time, addressing the credibility problem of sustainability claims. This focus on verifiable provenance from a specific, ethical source is presented as a unique safeguard for both consumer trust and material truth. The venture plans to explore a further point of differentiation: structuring its public ledger not just as a tamper-proof record, but as a machine-readable, open registry of ethical sourcing standards. To demonstrate focus and technical feasibility, the venture plans to explore initially supporting a single, concrete standard such as the Fair Trade certification framework within this ledger architecture. To demonstrate the 'machine-readable registry' concept in a limited way, the venture proposes to explore adding a single, specific data point—such as the geolocation of a sourcing event—to the initial fingerprinting schema for the Fair Trade standard. This would allow the fingerprints to be programmatically linked to the precise definitions of the ethical standards they claim to uphold, aiming to create a new layer of semantic clarity and auditability that is missing from current provenance claims."
"local","6","L6.5","specialized_rewrite","L5.3","","True","model_audit","[]","True","accepted","[]","All statements in the candidate are either directly copied from the source material or are new proposals explicitly framed as future plans (e.g., 'the venture plans to propose conducting a small survey...'). No claims of existing traction, customers, tests, or accomplishments were introduced.","## One-Sentence Summary
A privacy-first platform that generates verifiable digital fingerprints of ethical sourcing events and anchors them to a public, tamper-proof ledger, giving brands and consumers indisputable proof of provenance while protecting sensitive operational data.

## Problem
The venture plans to address a digital landscape saturated with manipulation and duplication, where it is increasingly difficult to establish what is original or real. The central challenge is enabling people to credibly prove the authenticity and first possession of a digital record—such as a donation confirmation or an impact report—amid pervasive skepticism and the ease of generating false claims. A specific, related challenge the venture plans to explore is the inefficiency and lack of standardization in the verification process for corporate matching gift programs, where employees often face cumbersome manual steps to prove their donations, creating friction that reduces participation.

## Target Users & Use Cases
The venture plans to initially focus its launch on solving the corporate matching gift program verification problem, targeting employees who need to prove donations and the corporate social responsibility or HR teams that administer these programs. For its planned pilot phase, the venture proposes to target initial outreach specifically to programs administered by Benevity, a well-known corporate matching gift platform, to validate its solution with a defined user base. Following this initial focus, the venture plans to expand to target brands seeking to validate their supply chains and consumers looking for trustworthy ethical goods. Broader scenarios planned for later development include discovering vetted, ethical suppliers (from large, global operations to local, artisanal producers), verifying material provenance with confidence, and providing transparent proof of sourcing standards to end customers. A planned, specific target user group for later outreach is procurement teams within consumer goods companies participating in sustainability certification or reporting programs, who need a streamlined way to discover vetted suppliers and provide indisputable proof of their ethical sourcing actions to qualify for certifications or meet regulatory requirements. To validate this planned 'discover vetted suppliers' use case before development, the venture plans to propose conducting a small survey with procurement team members from one specific sustainability certification program.

## Solution / Product Overview
The venture plans to build a tool that creates a digital fingerprint of a user's charitable event data—such as a donation receipt for a matching gift program—and records proof of that fingerprint on a public, time-stamped ledger. The approach is proposed to be secure and privacy-preserving: users would not upload sensitive raw data; instead, a compact fingerprint would serve as durable evidence. This is positioned as a quiet safeguard for digital truth that donors, nonprofits, and corporate verifiers can rely on. To increase trust, the team plans to explore adding a decentralized, community-run witness network to provide a secondary, distributed layer of attestation to the ledger's timestamps. Furthermore, the venture plans to explore the development of a simple, open-source verification widget that any third-party website (like a nonprofit's blog or a corporate social responsibility page) could embed to allow visitors to independently verify the timestamp and authenticity of a claimed charitable fingerprint directly from that page.

## Delivery Model
The venture plans a lightweight, privacy-first implementation. It would not store sensitive donor financial details or the underlying event files. Instead, it would generate compact, anonymized fingerprints of that data for ledger anchoring. The goal is a secure and resource-conscious design that maintains long-term verifiability with minimal infrastructure. The team plans to build a clean public interface and supporting infrastructure to make the verification tools usable by its target audience, starting with the matching gift use case.

## Revenue Logic
The venture plans to generate revenue primarily through a transaction-based model, charging a fee for each verifiable digital fingerprint anchored to the public ledger. This would apply initially to entities in the matching gift ecosystem (such as nonprofits or the verifying corporations themselves) seeking to create a permanent, auditable record of a donation. The venture plans to explore a tiered pricing test for this transaction fee, where the fee would vary based on the complexity of the data being fingerprinted. To validate this model with a planned pilot group, the venture proposes a small, targeted test using one specific variable: the number of distinct data fields in a donation receipt. A receipt exceeding a defined threshold of fields would trigger a higher fee, allowing the team to explore price sensitivity among different user segments and use cases. The venture also plans to explore offering optional subscription tiers for high-volume users, which could include advanced provenance reporting features, supply chain management capabilities, or enhanced integration services for enterprise procurement or certification programs as it expands beyond the initial use case. An initial free trial period for generating a limited number of fingerprints is proposed to onboard partners.

## Distinctiveness
The venture aims to differentiate itself by offering heirloom-quality goods that merge immediate, tangible material qualities with enduring digital proof of ethical sourcing. Its proposed system does not just provide a product; it aims to create a permanent, independently verifiable record that the materials were sourced according to specific ethical standards at a specific time, addressing the credibility problem of sustainability claims. This focus on verifiable provenance from a specific, ethical source is presented as a unique safeguard for both consumer trust and material truth. The venture plans to explore a further point of differentiation: structuring its public ledger not just as a tamper-proof record, but as a machine-readable, open registry of ethical sourcing standards. To demonstrate focus and technical feasibility, the venture plans to explore initially supporting a single, concrete standard such as the Fair Trade certification framework within this ledger architecture. This would allow the fingerprints to be programmatically linked to the precise definitions of the ethical standards they claim to uphold, aiming to create a new layer of semantic clarity and auditability that is missing from current provenance claims.","## One-Sentence Summary
A privacy-first platform that generates verifiable digital fingerprints of ethical sourcing events and anchors them to a public, tamper-proof ledger, giving brands and consumers indisputable proof of provenance while protecting sensitive operational data.

## Problem
The venture plans to address a digital landscape saturated with manipulation and duplication, where it is increasingly difficult to establish what is original or real. The central challenge is enabling people to credibly prove the authenticity and first possession of a digital record—such as a donation confirmation or an impact report—amid pervasive skepticism and the ease of generating false claims. A specific, related challenge the venture plans to explore is the inefficiency and lack of standardization in the verification process for corporate matching gift programs, where employees often face cumbersome manual steps to prove their donations, creating friction that reduces participation.

## Target Users & Use Cases
The venture plans to initially focus its launch on solving the corporate matching gift program verification problem, targeting employees who need to prove donations and the corporate social responsibility or HR teams that administer these programs. For its planned pilot phase, the venture proposes to target initial outreach specifically to programs administered by Benevity, a well-known corporate matching gift platform, to validate its solution with a defined user base. Following this initial focus, the venture plans to expand to target brands seeking to validate their supply chains and consumers looking for trustworthy ethical goods. Broader scenarios planned for later development include discovering vetted, ethical suppliers (from large, global operations to local, artisanal producers), verifying material provenance with confidence, and providing transparent proof of sourcing standards to end customers. A planned, specific target user group for later outreach is procurement teams within consumer goods companies participating in sustainability certification or reporting programs, who need a streamlined way to discover vetted suppliers and provide indisputable proof of their ethical sourcing actions to qualify for certifications or meet regulatory requirements. To validate this planned 'discover vetted suppliers' use case before development, the venture plans to propose conducting a small survey with procurement team members from one specific sustainability certification program.

## Solution / Product Overview
The venture plans to build a tool that creates a digital fingerprint of a user's charitable event data—such as a donation receipt for a matching gift program—and records proof of that fingerprint on a public, time-stamped ledger. The approach is proposed to be secure and privacy-preserving: users would not upload sensitive raw data; instead, a compact fingerprint would serve as durable evidence. This is positioned as a quiet safeguard for digital truth that donors, nonprofits, and corporate verifiers can rely on. To increase trust, the team plans to explore adding a decentralized, community-run witness network to provide a secondary, distributed layer of attestation to the ledger's timestamps. Furthermore, the venture plans to explore the development of a simple, open-source verification widget that any third-party website (like a nonprofit's blog or a corporate social responsibility page) could embed to allow visitors to independently verify the timestamp and authenticity of a claimed charitable fingerprint directly from that page.

## Delivery Model
The venture plans a lightweight, privacy-first implementation. It would not store sensitive donor financial details or the underlying event files. Instead, it would generate compact, anonymized fingerprints of that data for ledger anchoring. The goal is a secure and resource-conscious design that maintains long-term verifiability with minimal infrastructure. The team plans to build a clean public interface and supporting infrastructure to make the verification tools usable by its target audience, starting with the matching gift use case.

## Revenue Logic
The venture plans to generate revenue primarily through a transaction-based model, charging a fee for each verifiable digital fingerprint anchored to the public ledger. This would apply initially to entities in the matching gift ecosystem (such as nonprofits or the verifying corporations themselves) seeking to create a permanent, auditable record of a donation. The venture plans to explore a tiered pricing test for this transaction fee, where the fee would vary based on the complexity of the data being fingerprinted. To validate this model with a planned pilot group, the venture proposes a small, targeted test using one specific variable: the number of distinct data fields in a donation receipt. A receipt exceeding a defined threshold of fields would trigger a higher fee, allowing the team to explore price sensitivity among different user segments and use cases. The venture also plans to explore offering optional subscription tiers for high-volume users, which could include advanced provenance reporting features, supply chain management capabilities, or enhanced integration services for enterprise procurement or certification programs as it expands beyond the initial use case. An initial free trial period for generating a limited number of fingerprints is proposed to onboard partners.

## Distinctiveness
The venture aims to differentiate itself by offering heirloom-quality goods that merge immediate, tangible material qualities with enduring digital proof of ethical sourcing. Its proposed system does not just provide a product; it aims to create a permanent, independently verifiable record that the materials were sourced according to specific ethical standards at a specific time, addressing the credibility problem of sustainability claims. This focus on verifiable provenance from a specific, ethical source is presented as a unique safeguard for both consumer trust and material truth. The venture plans to explore a further point of differentiation: structuring its public ledger not just as a tamper-proof record, but as a machine-readable, open registry of ethical sourcing standards. To demonstrate focus and technical feasibility, the venture plans to explore initially supporting a single, concrete standard such as the Fair Trade certification framework within this ledger architecture. This would allow the fingerprints to be programmatically linked to the precise definitions of the ethical standards they claim to uphold, aiming to create a new layer of semantic clarity and auditability that is missing from current provenance claims."
"local","7","L7.1","specialized_rewrite","L6.5","","False","prospective_framing_safeguard","[""To validate this 'verification widget' concept, the venture plans to propose creating a single, static demo page showing how the widget would look and function for a hypothetical nonprofit, and sharing it with 5-10 nonprofit communications staff for feedback.""]","True","accepted","[]","Prospective-framing safeguard overrode the model's rejection because every flagged claim is explicitly hypothetical, proposed, planned, or future-tense and none asserts an existing accomplishment. Initial model analysis: The candidate introduces a specific validation plan for the verification widget (creating a demo page and sharing with 5-10 nonprofit staff) that is not present in the authorized source material. While the source mentions the venture 'plans to explore the development' of such a widget, it does not include any specific validation plan, quantified target audience (5-10 staff), or method (demo page) for testing this concept. This constitutes an unsupported claim about a planned test that was not proposed in the source.","## One-Sentence Summary
A privacy-first platform that generates verifiable digital fingerprints of ethical sourcing events and anchors them to a public, tamper-proof ledger, giving brands and consumers indisputable proof of provenance while protecting sensitive operational data.

## Problem
The venture plans to address a digital landscape saturated with manipulation and duplication, where it is increasingly difficult to establish what is original or real. The central challenge is enabling people to credibly prove the authenticity and first possession of a digital record—such as a donation confirmation or an impact report—amid pervasive skepticism and the ease of generating false claims. A specific, related challenge the venture plans to explore is the inefficiency and lack of standardization in the verification process for corporate matching gift programs, where employees often face cumbersome manual steps to prove their donations, creating friction that reduces participation.

## Target Users & Use Cases
The venture plans to initially focus its launch on solving the corporate matching gift program verification problem, targeting employees who need to prove donations and the corporate social responsibility or HR teams that administer these programs. For its planned pilot phase, the venture proposes to target initial outreach specifically to programs administered by Benevity, a well-known corporate matching gift platform, to validate its solution with a defined user base. Following this initial focus, the venture plans to expand to target brands seeking to validate their supply chains and consumers looking for trustworthy ethical goods. Broader scenarios planned for later development include discovering vetted, ethical suppliers (from large, global operations to local, artisanal producers), verifying material provenance with confidence, and providing transparent proof of sourcing standards to end customers. A planned, specific target user group for later outreach is procurement teams within consumer goods companies participating in sustainability certification or reporting programs, who need a streamlined way to discover vetted suppliers and provide indisputable proof of their ethical sourcing actions to qualify for certifications or meet regulatory requirements. To validate this planned 'discover vetted suppliers' use case before development, the venture plans to propose conducting a small survey with procurement team members from one specific sustainability certification program.

## Solution / Product Overview
The venture plans to build a tool that creates a digital fingerprint of a user's charitable event data—such as a donation receipt for a matching gift program—and records proof of that fingerprint on a public, time-stamped ledger. The approach is proposed to be secure and privacy-preserving: users would not upload sensitive raw data; instead, a compact fingerprint would serve as durable evidence. This is positioned as a quiet safeguard for digital truth that donors, nonprofits, and corporate verifiers can rely on. To increase trust, the team plans to explore adding a decentralized, community-run witness network to provide a secondary, distributed layer of attestation to the ledger's timestamps. Furthermore, the venture plans to explore the development of a simple, open-source verification widget that any third-party website (like a nonprofit's blog or a corporate social responsibility page) could embed to allow visitors to independently verify the timestamp and authenticity of a claimed charitable fingerprint directly from that page. To validate this 'verification widget' concept, the venture plans to propose creating a single, static demo page showing how the widget would look and function for a hypothetical nonprofit, and sharing it with 5-10 nonprofit communications staff for feedback.

## Delivery Model
The venture plans a lightweight, privacy-first implementation. It would not store sensitive donor financial details or the underlying event files. Instead, it would generate compact, anonymized fingerprints of that data for ledger anchoring. The goal is a secure and resource-conscious design that maintains long-term verifiability with minimal infrastructure. The team plans to build a clean public interface and supporting infrastructure to make the verification tools usable by its target audience, starting with the matching gift use case.

## Revenue Logic
The venture plans to generate revenue primarily through a transaction-based model, charging a fee for each verifiable digital fingerprint anchored to the public ledger. This would apply initially to entities in the matching gift ecosystem (such as nonprofits or the verifying corporations themselves) seeking to create a permanent, auditable record of a donation. The venture plans to explore a tiered pricing test for this transaction fee, where the fee would vary based on the complexity of the data being fingerprinted. To validate this model with a planned pilot group, the venture proposes a small, targeted test using one specific variable: the number of distinct data fields in a donation receipt. A receipt exceeding a defined threshold of fields would trigger a higher fee, allowing the team to explore price sensitivity among different user segments and use cases. The venture also plans to explore offering optional subscription tiers for high-volume users, which could include advanced provenance reporting features, supply chain management capabilities, or enhanced integration services for enterprise procurement or certification programs as it expands beyond the initial use case. An initial free trial period for generating a limited number of fingerprints is proposed to onboard partners.

## Distinctiveness
The venture aims to differentiate itself by offering heirloom-quality goods that merge immediate, tangible material qualities with enduring digital proof of ethical sourcing. Its proposed system does not just provide a product; it aims to create a permanent, independently verifiable record that the materials were sourced according to specific ethical standards at a specific time, addressing the credibility problem of sustainability claims. This focus on verifiable provenance from a specific, ethical source is presented as a unique safeguard for both consumer trust and material truth. The venture plans to explore a further point of differentiation: structuring its public ledger not just as a tamper-proof record, but as a machine-readable, open registry of ethical sourcing standards. To demonstrate focus and technical feasibility, the venture plans to explore initially supporting a single, concrete standard such as the Fair Trade certification framework within this ledger architecture. This would allow the fingerprints to be programmatically linked to the precise definitions of the ethical standards they claim to uphold, aiming to create a new layer of semantic clarity and auditability that is missing from current provenance claims.","## One-Sentence Summary
A privacy-first platform that generates verifiable digital fingerprints of ethical sourcing events and anchors them to a public, tamper-proof ledger, giving brands and consumers indisputable proof of provenance while protecting sensitive operational data.

## Problem
The venture plans to address a digital landscape saturated with manipulation and duplication, where it is increasingly difficult to establish what is original or real. The central challenge is enabling people to credibly prove the authenticity and first possession of a digital record—such as a donation confirmation or an impact report—amid pervasive skepticism and the ease of generating false claims. A specific, related challenge the venture plans to explore is the inefficiency and lack of standardization in the verification process for corporate matching gift programs, where employees often face cumbersome manual steps to prove their donations, creating friction that reduces participation.

## Target Users & Use Cases
The venture plans to initially focus its launch on solving the corporate matching gift program verification problem, targeting employees who need to prove donations and the corporate social responsibility or HR teams that administer these programs. For its planned pilot phase, the venture proposes to target initial outreach specifically to programs administered by Benevity, a well-known corporate matching gift platform, to validate its solution with a defined user base. Following this initial focus, the venture plans to expand to target brands seeking to validate their supply chains and consumers looking for trustworthy ethical goods. Broader scenarios planned for later development include discovering vetted, ethical suppliers (from large, global operations to local, artisanal producers), verifying material provenance with confidence, and providing transparent proof of sourcing standards to end customers. A planned, specific target user group for later outreach is procurement teams within consumer goods companies participating in sustainability certification or reporting programs, who need a streamlined way to discover vetted suppliers and provide indisputable proof of their ethical sourcing actions to qualify for certifications or meet regulatory requirements. To validate this planned 'discover vetted suppliers' use case before development, the venture plans to propose conducting a small survey with procurement team members from one specific sustainability certification program.

## Solution / Product Overview
The venture plans to build a tool that creates a digital fingerprint of a user's charitable event data—such as a donation receipt for a matching gift program—and records proof of that fingerprint on a public, time-stamped ledger. The approach is proposed to be secure and privacy-preserving: users would not upload sensitive raw data; instead, a compact fingerprint would serve as durable evidence. This is positioned as a quiet safeguard for digital truth that donors, nonprofits, and corporate verifiers can rely on. To increase trust, the team plans to explore adding a decentralized, community-run witness network to provide a secondary, distributed layer of attestation to the ledger's timestamps. Furthermore, the venture plans to explore the development of a simple, open-source verification widget that any third-party website (like a nonprofit's blog or a corporate social responsibility page) could embed to allow visitors to independently verify the timestamp and authenticity of a claimed charitable fingerprint directly from that page. To validate this 'verification widget' concept, the venture plans to propose creating a single, static demo page showing how the widget would look and function for a hypothetical nonprofit, and sharing it with 5-10 nonprofit communications staff for feedback.

## Delivery Model
The venture plans a lightweight, privacy-first implementation. It would not store sensitive donor financial details or the underlying event files. Instead, it would generate compact, anonymized fingerprints of that data for ledger anchoring. The goal is a secure and resource-conscious design that maintains long-term verifiability with minimal infrastructure. The team plans to build a clean public interface and supporting infrastructure to make the verification tools usable by its target audience, starting with the matching gift use case.

## Revenue Logic
The venture plans to generate revenue primarily through a transaction-based model, charging a fee for each verifiable digital fingerprint anchored to the public ledger. This would apply initially to entities in the matching gift ecosystem (such as nonprofits or the verifying corporations themselves) seeking to create a permanent, auditable record of a donation. The venture plans to explore a tiered pricing test for this transaction fee, where the fee would vary based on the complexity of the data being fingerprinted. To validate this model with a planned pilot group, the venture proposes a small, targeted test using one specific variable: the number of distinct data fields in a donation receipt. A receipt exceeding a defined threshold of fields would trigger a higher fee, allowing the team to explore price sensitivity among different user segments and use cases. The venture also plans to explore offering optional subscription tiers for high-volume users, which could include advanced provenance reporting features, supply chain management capabilities, or enhanced integration services for enterprise procurement or certification programs as it expands beyond the initial use case. An initial free trial period for generating a limited number of fingerprints is proposed to onboard partners.

## Distinctiveness
The venture aims to differentiate itself by offering heirloom-quality goods that merge immediate, tangible material qualities with enduring digital proof of ethical sourcing. Its proposed system does not just provide a product; it aims to create a permanent, independently verifiable record that the materials were sourced according to specific ethical standards at a specific time, addressing the credibility problem of sustainability claims. This focus on verifiable provenance from a specific, ethical source is presented as a unique safeguard for both consumer trust and material truth. The venture plans to explore a further point of differentiation: structuring its public ledger not just as a tamper-proof record, but as a machine-readable, open registry of ethical sourcing standards. To demonstrate focus and technical feasibility, the venture plans to explore initially supporting a single, concrete standard such as the Fair Trade certification framework within this ledger architecture. This would allow the fingerprints to be programmatically linked to the precise definitions of the ethical standards they claim to uphold, aiming to create a new layer of semantic clarity and auditability that is missing from current provenance claims."
"local","7","L7.2","specialized_rewrite","L6.5","","True","model_audit","[]","True","accepted","[]","All statements about existing real-world evidence or status are supported by the authorized source material. The candidate introduces one new element: 'To better understand the specific friction points, the venture plans to conduct a small, targeted survey during this pilot phase, using a 5-question format to measure the difficulties employees face in the current verification process.' This is explicitly framed as a future plan ('plans to conduct'), not an accomplished fact. All other sections match the source material or contain similarly framed future proposals (e.g., 'plans to explore,' 'proposes,' 'aims to'). No unsupported claims of existing traction, customers, prototypes, partnerships, or other real-world accomplishments are present.","## One-Sentence Summary
A privacy-first platform that generates verifiable digital fingerprints of ethical sourcing events and anchors them to a public, tamper-proof ledger, giving brands and consumers indisputable proof of provenance while protecting sensitive operational data.

## Problem
The venture plans to address a digital landscape saturated with manipulation and duplication, where it is increasingly difficult to establish what is original or real. The central challenge is enabling people to credibly prove the authenticity and first possession of a digital record—such as a donation confirmation or an impact report—amid pervasive skepticism and the ease of generating false claims. A specific, related challenge the venture plans to explore is the inefficiency and lack of standardization in the verification process for corporate matching gift programs, where employees often face cumbersome manual steps to prove their donations, creating friction that reduces participation.

## Target Users & Use Cases
The venture plans to initially focus its launch on solving the corporate matching gift program verification problem, targeting employees who need to prove donations and the corporate social responsibility or HR teams that administer these programs. For its planned pilot phase, the venture proposes to target initial outreach specifically to programs administered by Benevity, a well-known corporate matching gift platform, to validate its solution with a defined user base. To better understand the specific friction points, the venture plans to conduct a small, targeted survey during this pilot phase, using a 5-question format to measure the difficulties employees face in the current verification process. Following this initial focus, the venture plans to expand to target brands seeking to validate their supply chains and consumers looking for trustworthy ethical goods. Broader scenarios planned for later development include discovering vetted, ethical suppliers (from large, global operations to local, artisanal producers), verifying material provenance with confidence, and providing transparent proof of sourcing standards to end customers. A planned, specific target user group for later outreach is procurement teams within consumer goods companies participating in sustainability certification or reporting programs, who need a streamlined way to discover vetted suppliers and provide indisputable proof of their ethical sourcing actions to qualify for certifications or meet regulatory requirements. To validate this planned 'discover vetted suppliers' use case before development, the venture plans to propose conducting a small survey with procurement team members from one specific sustainability certification program.

## Solution / Product Overview
The venture plans to build a tool that creates a digital fingerprint of a user's charitable event data—such as a donation receipt for a matching gift program—and records proof of that fingerprint on a public, time-stamped ledger. The approach is proposed to be secure and privacy-preserving: users would not upload sensitive raw data; instead, a compact fingerprint would serve as durable evidence. This is positioned as a quiet safeguard for digital truth that donors, nonprofits, and corporate verifiers can rely on. To increase trust, the team plans to explore adding a decentralized, community-run witness network to provide a secondary, distributed layer of attestation to the ledger's timestamps. Furthermore, the venture plans to explore the development of a simple, open-source verification widget that any third-party website (like a nonprofit's blog or a corporate social responsibility page) could embed to allow visitors to independently verify the timestamp and authenticity of a claimed charitable fingerprint directly from that page.

## Delivery Model
The venture plans a lightweight, privacy-first implementation. It would not store sensitive donor financial details or the underlying event files. Instead, it would generate compact, anonymized fingerprints of that data for ledger anchoring. The goal is a secure and resource-conscious design that maintains long-term verifiability with minimal infrastructure. The team plans to build a clean public interface and supporting infrastructure to make the verification tools usable by its target audience, starting with the matching gift use case.

## Revenue Logic
The venture plans to generate revenue primarily through a transaction-based model, charging a fee for each verifiable digital fingerprint anchored to the public ledger. This would apply initially to entities in the matching gift ecosystem (such as nonprofits or the verifying corporations themselves) seeking to create a permanent, auditable record of a donation. The venture plans to explore a tiered pricing test for this transaction fee, where the fee would vary based on the complexity of the data being fingerprinted. To validate this model with a planned pilot group, the venture proposes a small, targeted test using one specific variable: the number of distinct data fields in a donation receipt. A receipt exceeding a defined threshold of fields would trigger a higher fee, allowing the team to explore price sensitivity among different user segments and use cases. The venture also plans to explore offering optional subscription tiers for high-volume users, which could include advanced provenance reporting features, supply chain management capabilities, or enhanced integration services for enterprise procurement or certification programs as it expands beyond the initial use case. An initial free trial period for generating a limited number of fingerprints is proposed to onboard partners.

## Distinctiveness
The venture aims to differentiate itself by offering heirloom-quality goods that merge immediate, tangible material qualities with enduring digital proof of ethical sourcing. Its proposed system does not just provide a product; it aims to create a permanent, independently verifiable record that the materials were sourced according to specific ethical standards at a specific time, addressing the credibility problem of sustainability claims. This focus on verifiable provenance from a specific, ethical source is presented as a unique safeguard for both consumer trust and material truth. The venture plans to explore a further point of differentiation: structuring its public ledger not just as a tamper-proof record, but as a machine-readable, open registry of ethical sourcing standards. To demonstrate focus and technical feasibility, the venture plans to explore initially supporting a single, concrete standard such as the Fair Trade certification framework within this ledger architecture. This would allow the fingerprints to be programmatically linked to the precise definitions of the ethical standards they claim to uphold, aiming to create a new layer of semantic clarity and auditability that is missing from current provenance claims.","## One-Sentence Summary
A privacy-first platform that generates verifiable digital fingerprints of ethical sourcing events and anchors them to a public, tamper-proof ledger, giving brands and consumers indisputable proof of provenance while protecting sensitive operational data.

## Problem
The venture plans to address a digital landscape saturated with manipulation and duplication, where it is increasingly difficult to establish what is original or real. The central challenge is enabling people to credibly prove the authenticity and first possession of a digital record—such as a donation confirmation or an impact report—amid pervasive skepticism and the ease of generating false claims. A specific, related challenge the venture plans to explore is the inefficiency and lack of standardization in the verification process for corporate matching gift programs, where employees often face cumbersome manual steps to prove their donations, creating friction that reduces participation.

## Target Users & Use Cases
The venture plans to initially focus its launch on solving the corporate matching gift program verification problem, targeting employees who need to prove donations and the corporate social responsibility or HR teams that administer these programs. For its planned pilot phase, the venture proposes to target initial outreach specifically to programs administered by Benevity, a well-known corporate matching gift platform, to validate its solution with a defined user base. To better understand the specific friction points, the venture plans to conduct a small, targeted survey during this pilot phase, using a 5-question format to measure the difficulties employees face in the current verification process. Following this initial focus, the venture plans to expand to target brands seeking to validate their supply chains and consumers looking for trustworthy ethical goods. Broader scenarios planned for later development include discovering vetted, ethical suppliers (from large, global operations to local, artisanal producers), verifying material provenance with confidence, and providing transparent proof of sourcing standards to end customers. A planned, specific target user group for later outreach is procurement teams within consumer goods companies participating in sustainability certification or reporting programs, who need a streamlined way to discover vetted suppliers and provide indisputable proof of their ethical sourcing actions to qualify for certifications or meet regulatory requirements. To validate this planned 'discover vetted suppliers' use case before development, the venture plans to propose conducting a small survey with procurement team members from one specific sustainability certification program.

## Solution / Product Overview
The venture plans to build a tool that creates a digital fingerprint of a user's charitable event data—such as a donation receipt for a matching gift program—and records proof of that fingerprint on a public, time-stamped ledger. The approach is proposed to be secure and privacy-preserving: users would not upload sensitive raw data; instead, a compact fingerprint would serve as durable evidence. This is positioned as a quiet safeguard for digital truth that donors, nonprofits, and corporate verifiers can rely on. To increase trust, the team plans to explore adding a decentralized, community-run witness network to provide a secondary, distributed layer of attestation to the ledger's timestamps. Furthermore, the venture plans to explore the development of a simple, open-source verification widget that any third-party website (like a nonprofit's blog or a corporate social responsibility page) could embed to allow visitors to independently verify the timestamp and authenticity of a claimed charitable fingerprint directly from that page.

## Delivery Model
The venture plans a lightweight, privacy-first implementation. It would not store sensitive donor financial details or the underlying event files. Instead, it would generate compact, anonymized fingerprints of that data for ledger anchoring. The goal is a secure and resource-conscious design that maintains long-term verifiability with minimal infrastructure. The team plans to build a clean public interface and supporting infrastructure to make the verification tools usable by its target audience, starting with the matching gift use case.

## Revenue Logic
The venture plans to generate revenue primarily through a transaction-based model, charging a fee for each verifiable digital fingerprint anchored to the public ledger. This would apply initially to entities in the matching gift ecosystem (such as nonprofits or the verifying corporations themselves) seeking to create a permanent, auditable record of a donation. The venture plans to explore a tiered pricing test for this transaction fee, where the fee would vary based on the complexity of the data being fingerprinted. To validate this model with a planned pilot group, the venture proposes a small, targeted test using one specific variable: the number of distinct data fields in a donation receipt. A receipt exceeding a defined threshold of fields would trigger a higher fee, allowing the team to explore price sensitivity among different user segments and use cases. The venture also plans to explore offering optional subscription tiers for high-volume users, which could include advanced provenance reporting features, supply chain management capabilities, or enhanced integration services for enterprise procurement or certification programs as it expands beyond the initial use case. An initial free trial period for generating a limited number of fingerprints is proposed to onboard partners.

## Distinctiveness
The venture aims to differentiate itself by offering heirloom-quality goods that merge immediate, tangible material qualities with enduring digital proof of ethical sourcing. Its proposed system does not just provide a product; it aims to create a permanent, independently verifiable record that the materials were sourced according to specific ethical standards at a specific time, addressing the credibility problem of sustainability claims. This focus on verifiable provenance from a specific, ethical source is presented as a unique safeguard for both consumer trust and material truth. The venture plans to explore a further point of differentiation: structuring its public ledger not just as a tamper-proof record, but as a machine-readable, open registry of ethical sourcing standards. To demonstrate focus and technical feasibility, the venture plans to explore initially supporting a single, concrete standard such as the Fair Trade certification framework within this ledger architecture. This would allow the fingerprints to be programmatically linked to the precise definitions of the ethical standards they claim to uphold, aiming to create a new layer of semantic clarity and auditability that is missing from current provenance claims."
"local","7","L7.3","specialized_rewrite","L6.5","","False","prospective_framing_safeguard","[""To test the tiered pricing model more concretely, the venture proposes a small experiment where two different fee structures (e.g., a flat fee vs. the proposed field-based tier) are presented as hypothetical scenarios to 15-20 potential pilot nonprofits for feedback on perceived fairness and willingness to pay.""]","True","accepted","[]","Prospective-framing safeguard overrode the model's rejection because every flagged claim is explicitly hypothetical, proposed, planned, or future-tense and none asserts an existing accomplishment. Initial model analysis: The candidate introduces a new, specific test methodology (presenting two fee structures to 15-20 potential pilot nonprofits) that is not present in the authorized source material. While the source mentions exploring tiered pricing and a 'small, targeted test using one specific variable: the number of distinct data fields,' it does not specify presenting alternative fee structures to a quantified group of nonprofits. This addition constitutes an unsupported claim about a proposed test plan that goes beyond what is authorized.","## One-Sentence Summary
A privacy-first platform that generates verifiable digital fingerprints of ethical sourcing events and anchors them to a public, tamper-proof ledger, giving brands and consumers indisputable proof of provenance while protecting sensitive operational data.

## Problem
The venture plans to address a digital landscape saturated with manipulation and duplication, where it is increasingly difficult to establish what is original or real. The central challenge is enabling people to credibly prove the authenticity and first possession of a digital record—such as a donation confirmation or an impact report—amid pervasive skepticism and the ease of generating false claims. A specific, related challenge the venture plans to explore is the inefficiency and lack of standardization in the verification process for corporate matching gift programs, where employees often face cumbersome manual steps to prove their donations, creating friction that reduces participation.

## Target Users & Use Cases
The venture plans to initially focus its launch on solving the corporate matching gift program verification problem, targeting employees who need to prove donations and the corporate social responsibility or HR teams that administer these programs. For its planned pilot phase, the venture proposes to target initial outreach specifically to programs administered by Benevity, a well-known corporate matching gift platform, to validate its solution with a defined user base. Following this initial focus, the venture plans to expand to target brands seeking to validate their supply chains and consumers looking for trustworthy ethical goods. Broader scenarios planned for later development include discovering vetted, ethical suppliers (from large, global operations to local, artisanal producers), verifying material provenance with confidence, and providing transparent proof of sourcing standards to end customers. A planned, specific target user group for later outreach is procurement teams within consumer goods companies participating in sustainability certification or reporting programs, who need a streamlined way to discover vetted suppliers and provide indisputable proof of their ethical sourcing actions to qualify for certifications or meet regulatory requirements. To validate this planned 'discover vetted suppliers' use case before development, the venture plans to propose conducting a small survey with procurement team members from one specific sustainability certification program.

## Solution / Product Overview
The venture plans to build a tool that creates a digital fingerprint of a user's charitable event data—such as a donation receipt for a matching gift program—and records proof of that fingerprint on a public, time-stamped ledger. The approach is proposed to be secure and privacy-preserving: users would not upload sensitive raw data; instead, a compact fingerprint would serve as durable evidence. This is positioned as a quiet safeguard for digital truth that donors, nonprofits, and corporate verifiers can rely on. To increase trust, the team plans to explore adding a decentralized, community-run witness network to provide a secondary, distributed layer of attestation to the ledger's timestamps. Furthermore, the venture plans to explore the development of a simple, open-source verification widget that any third-party website (like a nonprofit's blog or a corporate social responsibility page) could embed to allow visitors to independently verify the timestamp and authenticity of a claimed charitable fingerprint directly from that page.

## Delivery Model
The venture plans a lightweight, privacy-first implementation. It would not store sensitive donor financial details or the underlying event files. Instead, it would generate compact, anonymized fingerprints of that data for ledger anchoring. The goal is a secure and resource-conscious design that maintains long-term verifiability with minimal infrastructure. The team plans to build a clean public interface and supporting infrastructure to make the verification tools usable by its target audience, starting with the matching gift use case.

## Revenue Logic
The venture plans to generate revenue primarily through a transaction-based model, charging a fee for each verifiable digital fingerprint anchored to the public ledger. This would apply initially to entities in the matching gift ecosystem (such as nonprofits or the verifying corporations themselves) seeking to create a permanent, auditable record of a donation. The venture plans to explore a tiered pricing test for this transaction fee, where the fee would vary based on the complexity of the data being fingerprinted. To test the tiered pricing model more concretely, the venture proposes a small experiment where two different fee structures (e.g., a flat fee vs. the proposed field-based tier) are presented as hypothetical scenarios to 15-20 potential pilot nonprofits for feedback on perceived fairness and willingness to pay. This would allow the team to explore price sensitivity among different user segments and use cases. The venture also plans to explore offering optional subscription tiers for high-volume users, which could include advanced provenance reporting features, supply chain management capabilities, or enhanced integration services for enterprise procurement or certification programs as it expands beyond the initial use case. An initial free trial period for generating a limited number of fingerprints is proposed to onboard partners.

## Distinctiveness
The venture aims to differentiate itself by offering heirloom-quality goods that merge immediate, tangible material qualities with enduring digital proof of ethical sourcing. Its proposed system does not just provide a product; it aims to create a permanent, independently verifiable record that the materials were sourced according to specific ethical standards at a specific time, addressing the credibility problem of sustainability claims. This focus on verifiable provenance from a specific, ethical source is presented as a unique safeguard for both consumer trust and material truth. The venture plans to explore a further point of differentiation: structuring its public ledger not just as a tamper-proof record, but as a machine-readable, open registry of ethical sourcing standards. To demonstrate focus and technical feasibility, the venture plans to explore initially supporting a single, concrete standard such as the Fair Trade certification framework within this ledger architecture. This would allow the fingerprints to be programmatically linked to the precise definitions of the ethical standards they claim to uphold, aiming to create a new layer of semantic clarity and auditability that is missing from current provenance claims.","## One-Sentence Summary
A privacy-first platform that generates verifiable digital fingerprints of ethical sourcing events and anchors them to a public, tamper-proof ledger, giving brands and consumers indisputable proof of provenance while protecting sensitive operational data.

## Problem
The venture plans to address a digital landscape saturated with manipulation and duplication, where it is increasingly difficult to establish what is original or real. The central challenge is enabling people to credibly prove the authenticity and first possession of a digital record—such as a donation confirmation or an impact report—amid pervasive skepticism and the ease of generating false claims. A specific, related challenge the venture plans to explore is the inefficiency and lack of standardization in the verification process for corporate matching gift programs, where employees often face cumbersome manual steps to prove their donations, creating friction that reduces participation.

## Target Users & Use Cases
The venture plans to initially focus its launch on solving the corporate matching gift program verification problem, targeting employees who need to prove donations and the corporate social responsibility or HR teams that administer these programs. For its planned pilot phase, the venture proposes to target initial outreach specifically to programs administered by Benevity, a well-known corporate matching gift platform, to validate its solution with a defined user base. Following this initial focus, the venture plans to expand to target brands seeking to validate their supply chains and consumers looking for trustworthy ethical goods. Broader scenarios planned for later development include discovering vetted, ethical suppliers (from large, global operations to local, artisanal producers), verifying material provenance with confidence, and providing transparent proof of sourcing standards to end customers. A planned, specific target user group for later outreach is procurement teams within consumer goods companies participating in sustainability certification or reporting programs, who need a streamlined way to discover vetted suppliers and provide indisputable proof of their ethical sourcing actions to qualify for certifications or meet regulatory requirements. To validate this planned 'discover vetted suppliers' use case before development, the venture plans to propose conducting a small survey with procurement team members from one specific sustainability certification program.

## Solution / Product Overview
The venture plans to build a tool that creates a digital fingerprint of a user's charitable event data—such as a donation receipt for a matching gift program—and records proof of that fingerprint on a public, time-stamped ledger. The approach is proposed to be secure and privacy-preserving: users would not upload sensitive raw data; instead, a compact fingerprint would serve as durable evidence. This is positioned as a quiet safeguard for digital truth that donors, nonprofits, and corporate verifiers can rely on. To increase trust, the team plans to explore adding a decentralized, community-run witness network to provide a secondary, distributed layer of attestation to the ledger's timestamps. Furthermore, the venture plans to explore the development of a simple, open-source verification widget that any third-party website (like a nonprofit's blog or a corporate social responsibility page) could embed to allow visitors to independently verify the timestamp and authenticity of a claimed charitable fingerprint directly from that page.

## Delivery Model
The venture plans a lightweight, privacy-first implementation. It would not store sensitive donor financial details or the underlying event files. Instead, it would generate compact, anonymized fingerprints of that data for ledger anchoring. The goal is a secure and resource-conscious design that maintains long-term verifiability with minimal infrastructure. The team plans to build a clean public interface and supporting infrastructure to make the verification tools usable by its target audience, starting with the matching gift use case.

## Revenue Logic
The venture plans to generate revenue primarily through a transaction-based model, charging a fee for each verifiable digital fingerprint anchored to the public ledger. This would apply initially to entities in the matching gift ecosystem (such as nonprofits or the verifying corporations themselves) seeking to create a permanent, auditable record of a donation. The venture plans to explore a tiered pricing test for this transaction fee, where the fee would vary based on the complexity of the data being fingerprinted. To test the tiered pricing model more concretely, the venture proposes a small experiment where two different fee structures (e.g., a flat fee vs. the proposed field-based tier) are presented as hypothetical scenarios to 15-20 potential pilot nonprofits for feedback on perceived fairness and willingness to pay. This would allow the team to explore price sensitivity among different user segments and use cases. The venture also plans to explore offering optional subscription tiers for high-volume users, which could include advanced provenance reporting features, supply chain management capabilities, or enhanced integration services for enterprise procurement or certification programs as it expands beyond the initial use case. An initial free trial period for generating a limited number of fingerprints is proposed to onboard partners.

## Distinctiveness
The venture aims to differentiate itself by offering heirloom-quality goods that merge immediate, tangible material qualities with enduring digital proof of ethical sourcing. Its proposed system does not just provide a product; it aims to create a permanent, independently verifiable record that the materials were sourced according to specific ethical standards at a specific time, addressing the credibility problem of sustainability claims. This focus on verifiable provenance from a specific, ethical source is presented as a unique safeguard for both consumer trust and material truth. The venture plans to explore a further point of differentiation: structuring its public ledger not just as a tamper-proof record, but as a machine-readable, open registry of ethical sourcing standards. To demonstrate focus and technical feasibility, the venture plans to explore initially supporting a single, concrete standard such as the Fair Trade certification framework within this ledger architecture. This would allow the fingerprints to be programmatically linked to the precise definitions of the ethical standards they claim to uphold, aiming to create a new layer of semantic clarity and auditability that is missing from current provenance claims."
"local","7","L7.4","specialized_rewrite","L6.5","","False","model_audit","[""To demonstrate interoperability and community alignment from the outset, the venture plans to explore a partnership with a single, specific open-source project or standard—such as the Open Philanthropy Project's data format—for the initial ledger data schema.""]","False","fallback_parent","[""To demonstrate interoperability and community alignment from the outset, the venture plans to explore a partnership with a single, specific open-source project or standard—such as the Open Philanthropy Project's data format—for the initial ledger data schema.""]","The candidate introduces a new, specific partnership proposal ('Open Philanthropy Project's data format') that is not present in the authorized source material. While the source mentions exploring support for 'a single, concrete standard such as the Fair Trade certification framework' in the Distinctiveness section, it does not mention any partnership with the 'Open Philanthropy Project' or using its data format. This addition presents a specific, concrete partnership plan that was not proposed in the source material, making it an unsupported claim about the venture's planned activities.","## One-Sentence Summary
A privacy-first platform that generates verifiable digital fingerprints of ethical sourcing events and anchors them to a public, tamper-proof ledger, giving brands and consumers indisputable proof of provenance while protecting sensitive operational data.

## Problem
The venture plans to address a digital landscape saturated with manipulation and duplication, where it is increasingly difficult to establish what is original or real. The central challenge is enabling people to credibly prove the authenticity and first possession of a digital record—such as a donation confirmation or an impact report—amid pervasive skepticism and the ease of generating false claims. A specific, related challenge the venture plans to explore is the inefficiency and lack of standardization in the verification process for corporate matching gift programs, where employees often face cumbersome manual steps to prove their donations, creating friction that reduces participation.

## Target Users & Use Cases
The venture plans to initially focus its launch on solving the corporate matching gift program verification problem, targeting employees who need to prove donations and the corporate social responsibility or HR teams that administer these programs. For its planned pilot phase, the venture proposes to target initial outreach specifically to programs administered by Benevity, a well-known corporate matching gift platform, to validate its solution with a defined user base. Following this initial focus, the venture plans to expand to target brands seeking to validate their supply chains and consumers looking for trustworthy ethical goods. Broader scenarios planned for later development include discovering vetted, ethical suppliers (from large, global operations to local, artisanal producers), verifying material provenance with confidence, and providing transparent proof of sourcing standards to end customers. A planned, specific target user group for later outreach is procurement teams within consumer goods companies participating in sustainability certification or reporting programs, who need a streamlined way to discover vetted suppliers and provide indisputable proof of their ethical sourcing actions to qualify for certifications or meet regulatory requirements. To validate this planned 'discover vetted suppliers' use case before development, the venture plans to propose conducting a small survey with procurement team members from one specific sustainability certification program.

## Solution / Product Overview
The venture plans to build a tool that creates a digital fingerprint of a user's charitable event data—such as a donation receipt for a matching gift program—and records proof of that fingerprint on a public, time-stamped ledger. The approach is proposed to be secure and privacy-preserving: users would not upload sensitive raw data; instead, a compact fingerprint would serve as durable evidence. This is positioned as a quiet safeguard for digital truth that donors, nonprofits, and corporate verifiers can rely on. To increase trust, the team plans to explore adding a decentralized, community-run witness network to provide a secondary, distributed layer of attestation to the ledger's timestamps. Furthermore, the venture plans to explore the development of a simple, open-source verification widget that any third-party website (like a nonprofit's blog or a corporate social responsibility page) could embed to allow visitors to independently verify the timestamp and authenticity of a claimed charitable fingerprint directly from that page. To demonstrate interoperability and community alignment from the outset, the venture plans to explore a partnership with a single, specific open-source project or standard—such as the Open Philanthropy Project's data format—for the initial ledger data schema.

## Delivery Model
The venture plans a lightweight, privacy-first implementation. It would not store sensitive donor financial details or the underlying event files. Instead, it would generate compact, anonymized fingerprints of that data for ledger anchoring. The goal is a secure and resource-conscious design that maintains long-term verifiability with minimal infrastructure. The team plans to build a clean public interface and supporting infrastructure to make the verification tools usable by its target audience, starting with the matching gift use case.

## Revenue Logic
The venture plans to generate revenue primarily through a transaction-based model, charging a fee for each verifiable digital fingerprint anchored to the public ledger. This would apply initially to entities in the matching gift ecosystem (such as nonprofits or the verifying corporations themselves) seeking to create a permanent, auditable record of a donation. The venture plans to explore a tiered pricing test for this transaction fee, where the fee would vary based on the complexity of the data being fingerprinted. To validate this model with a planned pilot group, the venture proposes a small, targeted test using one specific variable: the number of distinct data fields in a donation receipt. A receipt exceeding a defined threshold of fields would trigger a higher fee, allowing the team to explore price sensitivity among different user segments and use cases. The venture also plans to explore offering optional subscription tiers for high-volume users, which could include advanced provenance reporting features, supply chain management capabilities, or enhanced integration services for enterprise procurement or certification programs as it expands beyond the initial use case. An initial free trial period for generating a limited number of fingerprints is proposed to onboard partners.

## Distinctiveness
The venture aims to differentiate itself by offering heirloom-quality goods that merge immediate, tangible material qualities with enduring digital proof of ethical sourcing. Its proposed system does not just provide a product; it aims to create a permanent, independently verifiable record that the materials were sourced according to specific ethical standards at a specific time, addressing the credibility problem of sustainability claims. This focus on verifiable provenance from a specific, ethical source is presented as a unique safeguard for both consumer trust and material truth. The venture plans to explore a further point of differentiation: structuring its public ledger not just as a tamper-proof record, but as a machine-readable, open registry of ethical sourcing standards. To demonstrate focus and technical feasibility, the venture plans to explore initially supporting a single, concrete standard such as the Fair Trade certification framework within this ledger architecture. This would allow the fingerprints to be programmatically linked to the precise definitions of the ethical standards they claim to uphold, aiming to create a new layer of semantic clarity and auditability that is missing from current provenance claims.","## One-Sentence Summary
A privacy-first platform that generates verifiable digital fingerprints of ethical sourcing events and anchors them to a public, tamper-proof ledger, giving brands and consumers indisputable proof of provenance while protecting sensitive operational data.

## Problem
The venture plans to address a digital landscape saturated with manipulation and duplication, where it is increasingly difficult to establish what is original or real. The central challenge is enabling people to credibly prove the authenticity and first possession of a digital record—such as a donation confirmation or an impact report—amid pervasive skepticism and the ease of generating false claims. A specific, related challenge the venture plans to explore is the inefficiency and lack of standardization in the verification process for corporate matching gift programs, where employees often face cumbersome manual steps to prove their donations, creating friction that reduces participation.

## Target Users & Use Cases
The venture plans to initially focus its launch on solving the corporate matching gift program verification problem, targeting employees who need to prove donations and the corporate social responsibility or HR teams that administer these programs. For its planned pilot phase, the venture proposes to target initial outreach specifically to programs administered by Benevity, a well-known corporate matching gift platform, to validate its solution with a defined user base. Following this initial focus, the venture plans to expand to target brands seeking to validate their supply chains and consumers looking for trustworthy ethical goods. Broader scenarios planned for later development include discovering vetted, ethical suppliers (from large, global operations to local, artisanal producers), verifying material provenance with confidence, and providing transparent proof of sourcing standards to end customers. A planned, specific target user group for later outreach is procurement teams within consumer goods companies participating in sustainability certification or reporting programs, who need a streamlined way to discover vetted suppliers and provide indisputable proof of their ethical sourcing actions to qualify for certifications or meet regulatory requirements. To validate this planned 'discover vetted suppliers' use case before development, the venture plans to propose conducting a small survey with procurement team members from one specific sustainability certification program.

## Solution / Product Overview
The venture plans to build a tool that creates a digital fingerprint of a user's charitable event data—such as a donation receipt for a matching gift program—and records proof of that fingerprint on a public, time-stamped ledger. The approach is proposed to be secure and privacy-preserving: users would not upload sensitive raw data; instead, a compact fingerprint would serve as durable evidence. This is positioned as a quiet safeguard for digital truth that donors, nonprofits, and corporate verifiers can rely on. To increase trust, the team plans to explore adding a decentralized, community-run witness network to provide a secondary, distributed layer of attestation to the ledger's timestamps. Furthermore, the venture plans to explore the development of a simple, open-source verification widget that any third-party website (like a nonprofit's blog or a corporate social responsibility page) could embed to allow visitors to independently verify the timestamp and authenticity of a claimed charitable fingerprint directly from that page.

## Delivery Model
The venture plans a lightweight, privacy-first implementation. It would not store sensitive donor financial details or the underlying event files. Instead, it would generate compact, anonymized fingerprints of that data for ledger anchoring. The goal is a secure and resource-conscious design that maintains long-term verifiability with minimal infrastructure. The team plans to build a clean public interface and supporting infrastructure to make the verification tools usable by its target audience, starting with the matching gift use case.

## Revenue Logic
The venture plans to generate revenue primarily through a transaction-based model, charging a fee for each verifiable digital fingerprint anchored to the public ledger. This would apply initially to entities in the matching gift ecosystem (such as nonprofits or the verifying corporations themselves) seeking to create a permanent, auditable record of a donation. The venture plans to explore a tiered pricing test for this transaction fee, where the fee would vary based on the complexity of the data being fingerprinted. To validate this model with a planned pilot group, the venture proposes a small, targeted test using one specific variable: the number of distinct data fields in a donation receipt. A receipt exceeding a defined threshold of fields would trigger a higher fee, allowing the team to explore price sensitivity among different user segments and use cases. The venture also plans to explore offering optional subscription tiers for high-volume users, which could include advanced provenance reporting features, supply chain management capabilities, or enhanced integration services for enterprise procurement or certification programs as it expands beyond the initial use case. An initial free trial period for generating a limited number of fingerprints is proposed to onboard partners.

## Distinctiveness
The venture aims to differentiate itself by offering heirloom-quality goods that merge immediate, tangible material qualities with enduring digital proof of ethical sourcing. Its proposed system does not just provide a product; it aims to create a permanent, independently verifiable record that the materials were sourced according to specific ethical standards at a specific time, addressing the credibility problem of sustainability claims. This focus on verifiable provenance from a specific, ethical source is presented as a unique safeguard for both consumer trust and material truth. The venture plans to explore a further point of differentiation: structuring its public ledger not just as a tamper-proof record, but as a machine-readable, open registry of ethical sourcing standards. To demonstrate focus and technical feasibility, the venture plans to explore initially supporting a single, concrete standard such as the Fair Trade certification framework within this ledger architecture. This would allow the fingerprints to be programmatically linked to the precise definitions of the ethical standards they claim to uphold, aiming to create a new layer of semantic clarity and auditability that is missing from current provenance claims."
"local","7","L7.5","specialized_rewrite","L6.5","","True","model_audit","[]","True","accepted","[]","All statements in the candidate are either directly copied from the source material or are new proposals, plans, or targets explicitly framed as such (e.g., 'plans to propose drafting a simple, public specification document... and seeking review...'). No claims of existing traction, status, or accomplishments were invented.","## One-Sentence Summary
A privacy-first platform that generates verifiable digital fingerprints of ethical sourcing events and anchors them to a public, tamper-proof ledger, giving brands and consumers indisputable proof of provenance while protecting sensitive operational data.

## Problem
The venture plans to address a digital landscape saturated with manipulation and duplication, where it is increasingly difficult to establish what is original or real. The central challenge is enabling people to credibly prove the authenticity and first possession of a digital record—such as a donation confirmation or an impact report—amid pervasive skepticism and the ease of generating false claims. A specific, related challenge the venture plans to explore is the inefficiency and lack of standardization in the verification process for corporate matching gift programs, where employees often face cumbersome manual steps to prove their donations, creating friction that reduces participation.

## Target Users & Use Cases
The venture plans to initially focus its launch on solving the corporate matching gift program verification problem, targeting employees who need to prove donations and the corporate social responsibility or HR teams that administer these programs. For its planned pilot phase, the venture proposes to target initial outreach specifically to programs administered by Benevity, a well-known corporate matching gift platform, to validate its solution with a defined user base. Following this initial focus, the venture plans to expand to target brands seeking to validate their supply chains and consumers looking for trustworthy ethical goods. Broader scenarios planned for later development include discovering vetted, ethical suppliers (from large, global operations to local, artisanal producers), verifying material provenance with confidence, and providing transparent proof of sourcing standards to end customers. A planned, specific target user group for later outreach is procurement teams within consumer goods companies participating in sustainability certification or reporting programs, who need a streamlined way to discover vetted suppliers and provide indisputable proof of their ethical sourcing actions to qualify for certifications or meet regulatory requirements. To validate this planned 'discover vetted suppliers' use case before development, the venture plans to propose conducting a small survey with procurement team members from one specific sustainability certification program.

## Solution / Product Overview
The venture plans to build a tool that creates a digital fingerprint of a user's charitable event data—such as a donation receipt for a matching gift program—and records proof of that fingerprint on a public, time-stamped ledger. The approach is proposed to be secure and privacy-preserving: users would not upload sensitive raw data; instead, a compact fingerprint would serve as durable evidence. This is positioned as a quiet safeguard for digital truth that donors, nonprofits, and corporate verifiers can rely on. To increase trust, the team plans to explore adding a decentralized, community-run witness network to provide a secondary, distributed layer of attestation to the ledger's timestamps. Furthermore, the venture plans to explore the development of a simple, open-source verification widget that any third-party website (like a nonprofit's blog or a corporate social responsibility page) could embed to allow visitors to independently verify the timestamp and authenticity of a claimed charitable fingerprint directly from that page.

## Delivery Model
The venture plans a lightweight, privacy-first implementation. It would not store sensitive donor financial details or the underlying event files. Instead, it would generate compact, anonymized fingerprints of that data for ledger anchoring. The goal is a secure and resource-conscious design that maintains long-term verifiability with minimal infrastructure. The team plans to build a clean public interface and supporting infrastructure to make the verification tools usable by its target audience, starting with the matching gift use case.

## Revenue Logic
The venture plans to generate revenue primarily through a transaction-based model, charging a fee for each verifiable digital fingerprint anchored to the public ledger. This would apply initially to entities in the matching gift ecosystem (such as nonprofits or the verifying corporations themselves) seeking to create a permanent, auditable record of a donation. The venture plans to explore a tiered pricing test for this transaction fee, where the fee would vary based on the complexity of the data being fingerprinted. To validate this model with a planned pilot group, the venture proposes a small, targeted test using one specific variable: the number of distinct data fields in a donation receipt. A receipt exceeding a defined threshold of fields would trigger a higher fee, allowing the team to explore price sensitivity among different user segments and use cases. The venture also plans to explore offering optional subscription tiers for high-volume users, which could include advanced provenance reporting features, supply chain management capabilities, or enhanced integration services for enterprise procurement or certification programs as it expands beyond the initial use case. An initial free trial period for generating a limited number of fingerprints is proposed to onboard partners.

## Distinctiveness
The venture aims to differentiate itself by offering heirloom-quality goods that merge immediate, tangible material qualities with enduring digital proof of ethical sourcing. Its proposed system does not just provide a product; it aims to create a permanent, independently verifiable record that the materials were sourced according to specific ethical standards at a specific time, addressing the credibility problem of sustainability claims. This focus on verifiable provenance from a specific, ethical source is presented as a unique safeguard for both consumer trust and material truth. The venture plans to explore a further point of differentiation: structuring its public ledger not just as a tamper-proof record, but as a machine-readable, open registry of ethical sourcing standards. To demonstrate focus and technical feasibility, the venture plans to explore initially supporting a single, concrete standard such as the Fair Trade certification framework within this ledger architecture. This would allow the fingerprints to be programmatically linked to the precise definitions of the ethical standards they claim to uphold, aiming to create a new layer of semantic clarity and auditability that is missing from current provenance claims. To validate this 'machine-readable ledger' concept, the venture plans to propose drafting a simple, public specification document for how Fair Trade certification data would be represented, and seeking review from 3-5 individuals with expertise in that specific standard.","## One-Sentence Summary
A privacy-first platform that generates verifiable digital fingerprints of ethical sourcing events and anchors them to a public, tamper-proof ledger, giving brands and consumers indisputable proof of provenance while protecting sensitive operational data.

## Problem
The venture plans to address a digital landscape saturated with manipulation and duplication, where it is increasingly difficult to establish what is original or real. The central challenge is enabling people to credibly prove the authenticity and first possession of a digital record—such as a donation confirmation or an impact report—amid pervasive skepticism and the ease of generating false claims. A specific, related challenge the venture plans to explore is the inefficiency and lack of standardization in the verification process for corporate matching gift programs, where employees often face cumbersome manual steps to prove their donations, creating friction that reduces participation.

## Target Users & Use Cases
The venture plans to initially focus its launch on solving the corporate matching gift program verification problem, targeting employees who need to prove donations and the corporate social responsibility or HR teams that administer these programs. For its planned pilot phase, the venture proposes to target initial outreach specifically to programs administered by Benevity, a well-known corporate matching gift platform, to validate its solution with a defined user base. Following this initial focus, the venture plans to expand to target brands seeking to validate their supply chains and consumers looking for trustworthy ethical goods. Broader scenarios planned for later development include discovering vetted, ethical suppliers (from large, global operations to local, artisanal producers), verifying material provenance with confidence, and providing transparent proof of sourcing standards to end customers. A planned, specific target user group for later outreach is procurement teams within consumer goods companies participating in sustainability certification or reporting programs, who need a streamlined way to discover vetted suppliers and provide indisputable proof of their ethical sourcing actions to qualify for certifications or meet regulatory requirements. To validate this planned 'discover vetted suppliers' use case before development, the venture plans to propose conducting a small survey with procurement team members from one specific sustainability certification program.

## Solution / Product Overview
The venture plans to build a tool that creates a digital fingerprint of a user's charitable event data—such as a donation receipt for a matching gift program—and records proof of that fingerprint on a public, time-stamped ledger. The approach is proposed to be secure and privacy-preserving: users would not upload sensitive raw data; instead, a compact fingerprint would serve as durable evidence. This is positioned as a quiet safeguard for digital truth that donors, nonprofits, and corporate verifiers can rely on. To increase trust, the team plans to explore adding a decentralized, community-run witness network to provide a secondary, distributed layer of attestation to the ledger's timestamps. Furthermore, the venture plans to explore the development of a simple, open-source verification widget that any third-party website (like a nonprofit's blog or a corporate social responsibility page) could embed to allow visitors to independently verify the timestamp and authenticity of a claimed charitable fingerprint directly from that page.

## Delivery Model
The venture plans a lightweight, privacy-first implementation. It would not store sensitive donor financial details or the underlying event files. Instead, it would generate compact, anonymized fingerprints of that data for ledger anchoring. The goal is a secure and resource-conscious design that maintains long-term verifiability with minimal infrastructure. The team plans to build a clean public interface and supporting infrastructure to make the verification tools usable by its target audience, starting with the matching gift use case.

## Revenue Logic
The venture plans to generate revenue primarily through a transaction-based model, charging a fee for each verifiable digital fingerprint anchored to the public ledger. This would apply initially to entities in the matching gift ecosystem (such as nonprofits or the verifying corporations themselves) seeking to create a permanent, auditable record of a donation. The venture plans to explore a tiered pricing test for this transaction fee, where the fee would vary based on the complexity of the data being fingerprinted. To validate this model with a planned pilot group, the venture proposes a small, targeted test using one specific variable: the number of distinct data fields in a donation receipt. A receipt exceeding a defined threshold of fields would trigger a higher fee, allowing the team to explore price sensitivity among different user segments and use cases. The venture also plans to explore offering optional subscription tiers for high-volume users, which could include advanced provenance reporting features, supply chain management capabilities, or enhanced integration services for enterprise procurement or certification programs as it expands beyond the initial use case. An initial free trial period for generating a limited number of fingerprints is proposed to onboard partners.

## Distinctiveness
The venture aims to differentiate itself by offering heirloom-quality goods that merge immediate, tangible material qualities with enduring digital proof of ethical sourcing. Its proposed system does not just provide a product; it aims to create a permanent, independently verifiable record that the materials were sourced according to specific ethical standards at a specific time, addressing the credibility problem of sustainability claims. This focus on verifiable provenance from a specific, ethical source is presented as a unique safeguard for both consumer trust and material truth. The venture plans to explore a further point of differentiation: structuring its public ledger not just as a tamper-proof record, but as a machine-readable, open registry of ethical sourcing standards. To demonstrate focus and technical feasibility, the venture plans to explore initially supporting a single, concrete standard such as the Fair Trade certification framework within this ledger architecture. This would allow the fingerprints to be programmatically linked to the precise definitions of the ethical standards they claim to uphold, aiming to create a new layer of semantic clarity and auditability that is missing from current provenance claims. To validate this 'machine-readable ledger' concept, the venture plans to propose drafting a simple, public specification document for how Fair Trade certification data would be represented, and seeking review from 3-5 individuals with expertise in that specific standard."
"local","8","L8.1","specialized_rewrite","L7.5","","False","prospective_framing_safeguard","[""To validate this planned 'discover vetted suppliers' use case before development, the venture plans to propose conducting a small survey with procurement team members from one specific, widely recognized sustainability certification program, such as Fair Trade International or B Corp.""]","True","accepted","[]","Prospective-framing safeguard overrode the model's rejection because every flagged claim is explicitly hypothetical, proposed, planned, or future-tense and none asserts an existing accomplishment. Initial model analysis: The candidate adds specific examples ('Fair Trade International or B Corp') to the source material's generic description ('one specific sustainability certification program'). While the source mentions Fair Trade as a potential standard for the ledger architecture, it does not specify Fair Trade International or B Corp as the program for the procurement survey validation. This addition presents a specific, named program as part of the validation plan where the source only mentions a generic program.","## One-Sentence Summary
A privacy-first platform that generates verifiable digital fingerprints of ethical sourcing events and anchors them to a public, tamper-proof ledger, giving brands and consumers indisputable proof of provenance while protecting sensitive operational data.

## Problem
The venture plans to address a digital landscape saturated with manipulation and duplication, where it is increasingly difficult to establish what is original or real. The central challenge is enabling people to credibly prove the authenticity and first possession of a digital record—such as a donation confirmation or an impact report—amid pervasive skepticism and the ease of generating false claims. A specific, related challenge the venture plans to explore is the inefficiency and lack of standardization in the verification process for corporate matching gift programs, where employees often face cumbersome manual steps to prove their donations, creating friction that reduces participation.

## Target Users & Use Cases
The venture plans to initially focus its launch on solving the corporate matching gift program verification problem, targeting employees who need to prove donations and the corporate social responsibility or HR teams that administer these programs. For its planned pilot phase, the venture proposes to target initial outreach specifically to programs administered by Benevity, a well-known corporate matching gift platform, to validate its solution with a defined user base. Following this initial focus, the venture plans to expand to target brands seeking to validate their supply chains and consumers looking for trustworthy ethical goods. Broader scenarios planned for later development include discovering vetted, ethical suppliers (from large, global operations to local, artisanal producers), verifying material provenance with confidence, and providing transparent proof of sourcing standards to end customers. A planned, specific target user group for later outreach is procurement teams within consumer goods companies participating in sustainability certification or reporting programs, who need a streamlined way to discover vetted suppliers and provide indisputable proof of their ethical sourcing actions to qualify for certifications or meet regulatory requirements. To validate this planned 'discover vetted suppliers' use case before development, the venture plans to propose conducting a small survey with procurement team members from one specific, widely recognized sustainability certification program, such as Fair Trade International or B Corp.

## Solution / Product Overview
The venture plans to build a tool that creates a digital fingerprint of a user's charitable event data—such as a donation receipt for a matching gift program—and records proof of that fingerprint on a public, time-stamped ledger. The approach is proposed to be secure and privacy-preserving: users would not upload sensitive raw data; instead, a compact fingerprint would serve as durable evidence. This is positioned as a quiet safeguard for digital truth that donors, nonprofits, and corporate verifiers can rely on. To increase trust, the team plans to explore adding a decentralized, community-run witness network to provide a secondary, distributed layer of attestation to the ledger's timestamps. Furthermore, the venture plans to explore the development of a simple, open-source verification widget that any third-party website (like a nonprofit's blog or a corporate social responsibility page) could embed to allow visitors to independently verify the timestamp and authenticity of a claimed charitable fingerprint directly from that page.

## Delivery Model
The venture plans a lightweight, privacy-first implementation. It would not store sensitive donor financial details or the underlying event files. Instead, it would generate compact, anonymized fingerprints of that data for ledger anchoring. The goal is a secure and resource-conscious design that maintains long-term verifiability with minimal infrastructure. The team plans to build a clean public interface and supporting infrastructure to make the verification tools usable by its target audience, starting with the matching gift use case.

## Revenue Logic
The venture plans to generate revenue primarily through a transaction-based model, charging a fee for each verifiable digital fingerprint anchored to the public ledger. This would apply initially to entities in the matching gift ecosystem (such as nonprofits or the verifying corporations themselves) seeking to create a permanent, auditable record of a donation. The venture plans to explore a tiered pricing test for this transaction fee, where the fee would vary based on the complexity of the data being fingerprinted. To validate this model with a planned pilot group, the venture proposes a small, targeted test using one specific variable: the number of distinct data fields in a donation receipt. A receipt exceeding a defined threshold of fields would trigger a higher fee, allowing the team to explore price sensitivity among different user segments and use cases. The venture also plans to explore offering optional subscription tiers for high-volume users, which could include advanced provenance reporting features, supply chain management capabilities, or enhanced integration services for enterprise procurement or certification programs as it expands beyond the initial use case. An initial free trial period for generating a limited number of fingerprints is proposed to onboard partners.

## Distinctiveness
The venture aims to differentiate itself by offering heirloom-quality goods that merge immediate, tangible material qualities with enduring digital proof of ethical sourcing. Its proposed system does not just provide a product; it aims to create a permanent, independently verifiable record that the materials were sourced according to specific ethical standards at a specific time, addressing the credibility problem of sustainability claims. This focus on verifiable provenance from a specific, ethical source is presented as a unique safeguard for both consumer trust and material truth. The venture plans to explore a further point of differentiation: structuring its public ledger not just as a tamper-proof record, but as a machine-readable, open registry of ethical sourcing standards. To demonstrate focus and technical feasibility, the venture plans to explore initially supporting a single, concrete standard such as the Fair Trade certification framework within this ledger architecture. This would allow the fingerprints to be programmatically linked to the precise definitions of the ethical standards they claim to uphold, aiming to create a new layer of semantic clarity and auditability that is missing from current provenance claims. To validate this 'machine-readable ledger' concept, the venture plans to propose drafting a simple, public specification document for how Fair Trade certification data would be represented, and seeking review from 3-5 individuals with expertise in that specific standard.","## One-Sentence Summary
A privacy-first platform that generates verifiable digital fingerprints of ethical sourcing events and anchors them to a public, tamper-proof ledger, giving brands and consumers indisputable proof of provenance while protecting sensitive operational data.

## Problem
The venture plans to address a digital landscape saturated with manipulation and duplication, where it is increasingly difficult to establish what is original or real. The central challenge is enabling people to credibly prove the authenticity and first possession of a digital record—such as a donation confirmation or an impact report—amid pervasive skepticism and the ease of generating false claims. A specific, related challenge the venture plans to explore is the inefficiency and lack of standardization in the verification process for corporate matching gift programs, where employees often face cumbersome manual steps to prove their donations, creating friction that reduces participation.

## Target Users & Use Cases
The venture plans to initially focus its launch on solving the corporate matching gift program verification problem, targeting employees who need to prove donations and the corporate social responsibility or HR teams that administer these programs. For its planned pilot phase, the venture proposes to target initial outreach specifically to programs administered by Benevity, a well-known corporate matching gift platform, to validate its solution with a defined user base. Following this initial focus, the venture plans to expand to target brands seeking to validate their supply chains and consumers looking for trustworthy ethical goods. Broader scenarios planned for later development include discovering vetted, ethical suppliers (from large, global operations to local, artisanal producers), verifying material provenance with confidence, and providing transparent proof of sourcing standards to end customers. A planned, specific target user group for later outreach is procurement teams within consumer goods companies participating in sustainability certification or reporting programs, who need a streamlined way to discover vetted suppliers and provide indisputable proof of their ethical sourcing actions to qualify for certifications or meet regulatory requirements. To validate this planned 'discover vetted suppliers' use case before development, the venture plans to propose conducting a small survey with procurement team members from one specific, widely recognized sustainability certification program, such as Fair Trade International or B Corp.

## Solution / Product Overview
The venture plans to build a tool that creates a digital fingerprint of a user's charitable event data—such as a donation receipt for a matching gift program—and records proof of that fingerprint on a public, time-stamped ledger. The approach is proposed to be secure and privacy-preserving: users would not upload sensitive raw data; instead, a compact fingerprint would serve as durable evidence. This is positioned as a quiet safeguard for digital truth that donors, nonprofits, and corporate verifiers can rely on. To increase trust, the team plans to explore adding a decentralized, community-run witness network to provide a secondary, distributed layer of attestation to the ledger's timestamps. Furthermore, the venture plans to explore the development of a simple, open-source verification widget that any third-party website (like a nonprofit's blog or a corporate social responsibility page) could embed to allow visitors to independently verify the timestamp and authenticity of a claimed charitable fingerprint directly from that page.

## Delivery Model
The venture plans a lightweight, privacy-first implementation. It would not store sensitive donor financial details or the underlying event files. Instead, it would generate compact, anonymized fingerprints of that data for ledger anchoring. The goal is a secure and resource-conscious design that maintains long-term verifiability with minimal infrastructure. The team plans to build a clean public interface and supporting infrastructure to make the verification tools usable by its target audience, starting with the matching gift use case.

## Revenue Logic
The venture plans to generate revenue primarily through a transaction-based model, charging a fee for each verifiable digital fingerprint anchored to the public ledger. This would apply initially to entities in the matching gift ecosystem (such as nonprofits or the verifying corporations themselves) seeking to create a permanent, auditable record of a donation. The venture plans to explore a tiered pricing test for this transaction fee, where the fee would vary based on the complexity of the data being fingerprinted. To validate this model with a planned pilot group, the venture proposes a small, targeted test using one specific variable: the number of distinct data fields in a donation receipt. A receipt exceeding a defined threshold of fields would trigger a higher fee, allowing the team to explore price sensitivity among different user segments and use cases. The venture also plans to explore offering optional subscription tiers for high-volume users, which could include advanced provenance reporting features, supply chain management capabilities, or enhanced integration services for enterprise procurement or certification programs as it expands beyond the initial use case. An initial free trial period for generating a limited number of fingerprints is proposed to onboard partners.

## Distinctiveness
The venture aims to differentiate itself by offering heirloom-quality goods that merge immediate, tangible material qualities with enduring digital proof of ethical sourcing. Its proposed system does not just provide a product; it aims to create a permanent, independently verifiable record that the materials were sourced according to specific ethical standards at a specific time, addressing the credibility problem of sustainability claims. This focus on verifiable provenance from a specific, ethical source is presented as a unique safeguard for both consumer trust and material truth. The venture plans to explore a further point of differentiation: structuring its public ledger not just as a tamper-proof record, but as a machine-readable, open registry of ethical sourcing standards. To demonstrate focus and technical feasibility, the venture plans to explore initially supporting a single, concrete standard such as the Fair Trade certification framework within this ledger architecture. This would allow the fingerprints to be programmatically linked to the precise definitions of the ethical standards they claim to uphold, aiming to create a new layer of semantic clarity and auditability that is missing from current provenance claims. To validate this 'machine-readable ledger' concept, the venture plans to propose drafting a simple, public specification document for how Fair Trade certification data would be represented, and seeking review from 3-5 individuals with expertise in that specific standard."
"local","8","L8.2","specialized_rewrite","L7.5","","True","model_audit","[]","True","accepted","[]","All statements in the generated candidate are either directly copied from the authorized source material or are explicitly framed as future plans, proposals, or explorations. The candidate does not invent any existing traction, customers, users, revenue, partnerships, prototypes, development status, or other real-world evidence. The only notable addition is the phrase 'explicitly state the intent to seek review' in the Distinctiveness section, which is a minor elaboration on the source's plan to 'seek review' and remains clearly prospective.","## One-Sentence Summary
A privacy-first platform that generates verifiable digital fingerprints of ethical sourcing events and anchors them to a public, tamper-proof ledger, giving brands and consumers indisputable proof of provenance while protecting sensitive operational data.

## Problem
The venture plans to address a digital landscape saturated with manipulation and duplication, where it is increasingly difficult to establish what is original or real. The central challenge is enabling people to credibly prove the authenticity and first possession of a digital record—such as a donation confirmation or an impact report—amid pervasive skepticism and the ease of generating false claims. A specific, related challenge the venture plans to explore is the inefficiency and lack of standardization in the verification process for corporate matching gift programs, where employees often face cumbersome manual steps to prove their donations, creating friction that reduces participation.

## Target Users & Use Cases
The venture plans to initially focus its launch on solving the corporate matching gift program verification problem, targeting employees who need to prove donations and the corporate social responsibility or HR teams that administer these programs. For its planned pilot phase, the venture proposes to target initial outreach specifically to programs administered by Benevity, a well-known corporate matching gift platform, to validate its solution with a defined user base. Following this initial focus, the venture plans to expand to target brands seeking to validate their supply chains and consumers looking for trustworthy ethical goods. Broader scenarios planned for later development include discovering vetted, ethical suppliers (from large, global operations to local, artisanal producers), verifying material provenance with confidence, and providing transparent proof of sourcing standards to end customers. A planned, specific target user group for later outreach is procurement teams within consumer goods companies participating in sustainability certification or reporting programs, who need a streamlined way to discover vetted suppliers and provide indisputable proof of their ethical sourcing actions to qualify for certifications or meet regulatory requirements. To validate this planned 'discover vetted suppliers' use case before development, the venture plans to propose conducting a small survey with procurement team members from one specific sustainability certification program.

## Solution / Product Overview
The venture plans to build a tool that creates a digital fingerprint of a user's charitable event data—such as a donation receipt for a matching gift program—and records proof of that fingerprint on a public, time-stamped ledger. The approach is proposed to be secure and privacy-preserving: users would not upload sensitive raw data; instead, a compact fingerprint would serve as durable evidence. This is positioned as a quiet safeguard for digital truth that donors, nonprofits, and corporate verifiers can rely on. To increase trust, the team plans to explore adding a decentralized, community-run witness network to provide a secondary, distributed layer of attestation to the ledger's timestamps. Furthermore, the venture plans to explore the development of a simple, open-source verification widget that any third-party website (like a nonprofit's blog or a corporate social responsibility page) could embed to allow visitors to independently verify the timestamp and authenticity of a claimed charitable fingerprint directly from that page.

## Delivery Model
The venture plans a lightweight, privacy-first implementation. It would not store sensitive donor financial details or the underlying event files. Instead, it would generate compact, anonymized fingerprints of that data for ledger anchoring. The goal is a secure and resource-conscious design that maintains long-term verifiability with minimal infrastructure. The team plans to build a clean public interface and supporting infrastructure to make the verification tools usable by its target audience, starting with the matching gift use case.

## Revenue Logic
The venture plans to generate revenue primarily through a transaction-based model, charging a fee for each verifiable digital fingerprint anchored to the public ledger. This would apply initially to entities in the matching gift ecosystem (such as nonprofits or the verifying corporations themselves) seeking to create a permanent, auditable record of a donation. The venture plans to explore a tiered pricing test for this transaction fee, where the fee would vary based on the complexity of the data being fingerprinted. To validate this model with a planned pilot group, the venture proposes a small, targeted test using one specific variable: the number of distinct data fields in a donation receipt. A receipt exceeding a defined threshold of fields would trigger a higher fee, allowing the team to explore price sensitivity among different user segments and use cases. The venture also plans to explore offering optional subscription tiers for high-volume users, which could include advanced provenance reporting features, supply chain management capabilities, or enhanced integration services for enterprise procurement or certification programs as it expands beyond the initial use case. An initial free trial period for generating a limited number of fingerprints is proposed to onboard partners.

## Distinctiveness
The venture aims to differentiate itself by offering heirloom-quality goods that merge immediate, tangible material qualities with enduring digital proof of ethical sourcing. Its proposed system does not just provide a product; it aims to create a permanent, independently verifiable record that the materials were sourced according to specific ethical standards at a specific time, addressing the credibility problem of sustainability claims. This focus on verifiable provenance from a specific, ethical source is presented as a unique safeguard for both consumer trust and material truth. The venture plans to explore a further point of differentiation: structuring its public ledger not just as a tamper-proof record, but as a machine-readable, open registry of ethical sourcing standards. To demonstrate focus and technical feasibility, the venture plans to explore initially supporting a single, concrete standard such as the Fair Trade certification framework within this ledger architecture. This would allow the fingerprints to be programmatically linked to the precise definitions of the ethical standards they claim to uphold, aiming to create a new layer of semantic clarity and auditability that is missing from current provenance claims. To validate this 'machine-readable ledger' concept, the venture plans to propose drafting a simple, public specification document for how Fair Trade certification data would be represented, and explicitly state the intent to seek review from 3-5 individuals with expertise in that specific standard to demonstrate a concrete validation step.","## One-Sentence Summary
A privacy-first platform that generates verifiable digital fingerprints of ethical sourcing events and anchors them to a public, tamper-proof ledger, giving brands and consumers indisputable proof of provenance while protecting sensitive operational data.

## Problem
The venture plans to address a digital landscape saturated with manipulation and duplication, where it is increasingly difficult to establish what is original or real. The central challenge is enabling people to credibly prove the authenticity and first possession of a digital record—such as a donation confirmation or an impact report—amid pervasive skepticism and the ease of generating false claims. A specific, related challenge the venture plans to explore is the inefficiency and lack of standardization in the verification process for corporate matching gift programs, where employees often face cumbersome manual steps to prove their donations, creating friction that reduces participation.

## Target Users & Use Cases
The venture plans to initially focus its launch on solving the corporate matching gift program verification problem, targeting employees who need to prove donations and the corporate social responsibility or HR teams that administer these programs. For its planned pilot phase, the venture proposes to target initial outreach specifically to programs administered by Benevity, a well-known corporate matching gift platform, to validate its solution with a defined user base. Following this initial focus, the venture plans to expand to target brands seeking to validate their supply chains and consumers looking for trustworthy ethical goods. Broader scenarios planned for later development include discovering vetted, ethical suppliers (from large, global operations to local, artisanal producers), verifying material provenance with confidence, and providing transparent proof of sourcing standards to end customers. A planned, specific target user group for later outreach is procurement teams within consumer goods companies participating in sustainability certification or reporting programs, who need a streamlined way to discover vetted suppliers and provide indisputable proof of their ethical sourcing actions to qualify for certifications or meet regulatory requirements. To validate this planned 'discover vetted suppliers' use case before development, the venture plans to propose conducting a small survey with procurement team members from one specific sustainability certification program.

## Solution / Product Overview
The venture plans to build a tool that creates a digital fingerprint of a user's charitable event data—such as a donation receipt for a matching gift program—and records proof of that fingerprint on a public, time-stamped ledger. The approach is proposed to be secure and privacy-preserving: users would not upload sensitive raw data; instead, a compact fingerprint would serve as durable evidence. This is positioned as a quiet safeguard for digital truth that donors, nonprofits, and corporate verifiers can rely on. To increase trust, the team plans to explore adding a decentralized, community-run witness network to provide a secondary, distributed layer of attestation to the ledger's timestamps. Furthermore, the venture plans to explore the development of a simple, open-source verification widget that any third-party website (like a nonprofit's blog or a corporate social responsibility page) could embed to allow visitors to independently verify the timestamp and authenticity of a claimed charitable fingerprint directly from that page.

## Delivery Model
The venture plans a lightweight, privacy-first implementation. It would not store sensitive donor financial details or the underlying event files. Instead, it would generate compact, anonymized fingerprints of that data for ledger anchoring. The goal is a secure and resource-conscious design that maintains long-term verifiability with minimal infrastructure. The team plans to build a clean public interface and supporting infrastructure to make the verification tools usable by its target audience, starting with the matching gift use case.

## Revenue Logic
The venture plans to generate revenue primarily through a transaction-based model, charging a fee for each verifiable digital fingerprint anchored to the public ledger. This would apply initially to entities in the matching gift ecosystem (such as nonprofits or the verifying corporations themselves) seeking to create a permanent, auditable record of a donation. The venture plans to explore a tiered pricing test for this transaction fee, where the fee would vary based on the complexity of the data being fingerprinted. To validate this model with a planned pilot group, the venture proposes a small, targeted test using one specific variable: the number of distinct data fields in a donation receipt. A receipt exceeding a defined threshold of fields would trigger a higher fee, allowing the team to explore price sensitivity among different user segments and use cases. The venture also plans to explore offering optional subscription tiers for high-volume users, which could include advanced provenance reporting features, supply chain management capabilities, or enhanced integration services for enterprise procurement or certification programs as it expands beyond the initial use case. An initial free trial period for generating a limited number of fingerprints is proposed to onboard partners.

## Distinctiveness
The venture aims to differentiate itself by offering heirloom-quality goods that merge immediate, tangible material qualities with enduring digital proof of ethical sourcing. Its proposed system does not just provide a product; it aims to create a permanent, independently verifiable record that the materials were sourced according to specific ethical standards at a specific time, addressing the credibility problem of sustainability claims. This focus on verifiable provenance from a specific, ethical source is presented as a unique safeguard for both consumer trust and material truth. The venture plans to explore a further point of differentiation: structuring its public ledger not just as a tamper-proof record, but as a machine-readable, open registry of ethical sourcing standards. To demonstrate focus and technical feasibility, the venture plans to explore initially supporting a single, concrete standard such as the Fair Trade certification framework within this ledger architecture. This would allow the fingerprints to be programmatically linked to the precise definitions of the ethical standards they claim to uphold, aiming to create a new layer of semantic clarity and auditability that is missing from current provenance claims. To validate this 'machine-readable ledger' concept, the venture plans to propose drafting a simple, public specification document for how Fair Trade certification data would be represented, and explicitly state the intent to seek review from 3-5 individuals with expertise in that specific standard to demonstrate a concrete validation step."
"local","8","L8.3","specialized_rewrite","L7.5","","True","model_audit","[]","True","accepted","[]","All statements in the candidate are either directly copied from the source material or are new proposals framed with future-oriented language (e.g., 'plans to', 'proposes', 'would', 'aims to'). The only new quantification ('for example, 5 fields') is presented as a hypothetical example within a proposed test, which is permissible under the standard. No claims of existing traction, status, or accomplishments are made.","## One-Sentence Summary
A privacy-first platform that generates verifiable digital fingerprints of ethical sourcing events and anchors them to a public, tamper-proof ledger, giving brands and consumers indisputable proof of provenance while protecting sensitive operational data.

## Problem
The venture plans to address a digital landscape saturated with manipulation and duplication, where it is increasingly difficult to establish what is original or real. The central challenge is enabling people to credibly prove the authenticity and first possession of a digital record—such as a donation confirmation or an impact report—amid pervasive skepticism and the ease of generating false claims. A specific, related challenge the venture plans to explore is the inefficiency and lack of standardization in the verification process for corporate matching gift programs, where employees often face cumbersome manual steps to prove their donations, creating friction that reduces participation.

## Target Users & Use Cases
The venture plans to initially focus its launch on solving the corporate matching gift program verification problem, targeting employees who need to prove donations and the corporate social responsibility or HR teams that administer these programs. For its planned pilot phase, the venture proposes to target initial outreach specifically to programs administered by Benevity, a well-known corporate matching gift platform, to validate its solution with a defined user base. Following this initial focus, the venture plans to expand to target brands seeking to validate their supply chains and consumers looking for trustworthy ethical goods. Broader scenarios planned for later development include discovering vetted, ethical suppliers (from large, global operations to local, artisanal producers), verifying material provenance with confidence, and providing transparent proof of sourcing standards to end customers. A planned, specific target user group for later outreach is procurement teams within consumer goods companies participating in sustainability certification or reporting programs, who need a streamlined way to discover vetted suppliers and provide indisputable proof of their ethical sourcing actions to qualify for certifications or meet regulatory requirements. To validate this planned 'discover vetted suppliers' use case before development, the venture plans to propose conducting a small survey with procurement team members from one specific sustainability certification program.

## Solution / Product Overview
The venture plans to build a tool that creates a digital fingerprint of a user's charitable event data—such as a donation receipt for a matching gift program—and records proof of that fingerprint on a public, time-stamped ledger. The approach is proposed to be secure and privacy-preserving: users would not upload sensitive raw data; instead, a compact fingerprint would serve as durable evidence. This is positioned as a quiet safeguard for digital truth that donors, nonprofits, and corporate verifiers can rely on. To increase trust, the team plans to explore adding a decentralized, community-run witness network to provide a secondary, distributed layer of attestation to the ledger's timestamps. Furthermore, the venture plans to explore the development of a simple, open-source verification widget that any third-party website (like a nonprofit's blog or a corporate social responsibility page) could embed to allow visitors to independently verify the timestamp and authenticity of a claimed charitable fingerprint directly from that page.

## Delivery Model
The venture plans a lightweight, privacy-first implementation. It would not store sensitive donor financial details or the underlying event files. Instead, it would generate compact, anonymized fingerprints of that data for ledger anchoring. The goal is a secure and resource-conscious design that maintains long-term verifiability with minimal infrastructure. The team plans to build a clean public interface and supporting infrastructure to make the verification tools usable by its target audience, starting with the matching gift use case.

## Revenue Logic
The venture plans to generate revenue primarily through a transaction-based model, charging a fee for each verifiable digital fingerprint anchored to the public ledger. This would apply initially to entities in the matching gift ecosystem (such as nonprofits or the verifying corporations themselves) seeking to create a permanent, auditable record of a donation. The venture plans to explore a tiered pricing test for this transaction fee, where the fee would vary based on the complexity of the data being fingerprinted. To validate this model with a planned pilot group, the venture proposes a small, targeted test using one specific variable: the number of distinct data fields in a donation receipt. A receipt exceeding a defined threshold of fields (for example, 5 fields) would trigger a higher fee, allowing the team to explore price sensitivity among different user segments and use cases. The venture also plans to explore offering optional subscription tiers for high-volume users, which could include advanced provenance reporting features, supply chain management capabilities, or enhanced integration services for enterprise procurement or certification programs as it expands beyond the initial use case. An initial free trial period for generating a limited number of fingerprints is proposed to onboard partners.

## Distinctiveness
The venture aims to differentiate itself by offering heirloom-quality goods that merge immediate, tangible material qualities with enduring digital proof of ethical sourcing. Its proposed system does not just provide a product; it aims to create a permanent, independently verifiable record that the materials were sourced according to specific ethical standards at a specific time, addressing the credibility problem of sustainability claims. This focus on verifiable provenance from a specific, ethical source is presented as a unique safeguard for both consumer trust and material truth. The venture plans to explore a further point of differentiation: structuring its public ledger not just as a tamper-proof record, but as a machine-readable, open registry of ethical sourcing standards. To demonstrate focus and technical feasibility, the venture plans to explore initially supporting a single, concrete standard such as the Fair Trade certification framework within this ledger architecture. This would allow the fingerprints to be programmatically linked to the precise definitions of the ethical standards they claim to uphold, aiming to create a new layer of semantic clarity and auditability that is missing from current provenance claims. To validate this 'machine-readable ledger' concept, the venture plans to propose drafting a simple, public specification document for how Fair Trade certification data would be represented, and seeking review from 3-5 individuals with expertise in that specific standard.","## One-Sentence Summary
A privacy-first platform that generates verifiable digital fingerprints of ethical sourcing events and anchors them to a public, tamper-proof ledger, giving brands and consumers indisputable proof of provenance while protecting sensitive operational data.

## Problem
The venture plans to address a digital landscape saturated with manipulation and duplication, where it is increasingly difficult to establish what is original or real. The central challenge is enabling people to credibly prove the authenticity and first possession of a digital record—such as a donation confirmation or an impact report—amid pervasive skepticism and the ease of generating false claims. A specific, related challenge the venture plans to explore is the inefficiency and lack of standardization in the verification process for corporate matching gift programs, where employees often face cumbersome manual steps to prove their donations, creating friction that reduces participation.

## Target Users & Use Cases
The venture plans to initially focus its launch on solving the corporate matching gift program verification problem, targeting employees who need to prove donations and the corporate social responsibility or HR teams that administer these programs. For its planned pilot phase, the venture proposes to target initial outreach specifically to programs administered by Benevity, a well-known corporate matching gift platform, to validate its solution with a defined user base. Following this initial focus, the venture plans to expand to target brands seeking to validate their supply chains and consumers looking for trustworthy ethical goods. Broader scenarios planned for later development include discovering vetted, ethical suppliers (from large, global operations to local, artisanal producers), verifying material provenance with confidence, and providing transparent proof of sourcing standards to end customers. A planned, specific target user group for later outreach is procurement teams within consumer goods companies participating in sustainability certification or reporting programs, who need a streamlined way to discover vetted suppliers and provide indisputable proof of their ethical sourcing actions to qualify for certifications or meet regulatory requirements. To validate this planned 'discover vetted suppliers' use case before development, the venture plans to propose conducting a small survey with procurement team members from one specific sustainability certification program.

## Solution / Product Overview
The venture plans to build a tool that creates a digital fingerprint of a user's charitable event data—such as a donation receipt for a matching gift program—and records proof of that fingerprint on a public, time-stamped ledger. The approach is proposed to be secure and privacy-preserving: users would not upload sensitive raw data; instead, a compact fingerprint would serve as durable evidence. This is positioned as a quiet safeguard for digital truth that donors, nonprofits, and corporate verifiers can rely on. To increase trust, the team plans to explore adding a decentralized, community-run witness network to provide a secondary, distributed layer of attestation to the ledger's timestamps. Furthermore, the venture plans to explore the development of a simple, open-source verification widget that any third-party website (like a nonprofit's blog or a corporate social responsibility page) could embed to allow visitors to independently verify the timestamp and authenticity of a claimed charitable fingerprint directly from that page.

## Delivery Model
The venture plans a lightweight, privacy-first implementation. It would not store sensitive donor financial details or the underlying event files. Instead, it would generate compact, anonymized fingerprints of that data for ledger anchoring. The goal is a secure and resource-conscious design that maintains long-term verifiability with minimal infrastructure. The team plans to build a clean public interface and supporting infrastructure to make the verification tools usable by its target audience, starting with the matching gift use case.

## Revenue Logic
The venture plans to generate revenue primarily through a transaction-based model, charging a fee for each verifiable digital fingerprint anchored to the public ledger. This would apply initially to entities in the matching gift ecosystem (such as nonprofits or the verifying corporations themselves) seeking to create a permanent, auditable record of a donation. The venture plans to explore a tiered pricing test for this transaction fee, where the fee would vary based on the complexity of the data being fingerprinted. To validate this model with a planned pilot group, the venture proposes a small, targeted test using one specific variable: the number of distinct data fields in a donation receipt. A receipt exceeding a defined threshold of fields (for example, 5 fields) would trigger a higher fee, allowing the team to explore price sensitivity among different user segments and use cases. The venture also plans to explore offering optional subscription tiers for high-volume users, which could include advanced provenance reporting features, supply chain management capabilities, or enhanced integration services for enterprise procurement or certification programs as it expands beyond the initial use case. An initial free trial period for generating a limited number of fingerprints is proposed to onboard partners.

## Distinctiveness
The venture aims to differentiate itself by offering heirloom-quality goods that merge immediate, tangible material qualities with enduring digital proof of ethical sourcing. Its proposed system does not just provide a product; it aims to create a permanent, independently verifiable record that the materials were sourced according to specific ethical standards at a specific time, addressing the credibility problem of sustainability claims. This focus on verifiable provenance from a specific, ethical source is presented as a unique safeguard for both consumer trust and material truth. The venture plans to explore a further point of differentiation: structuring its public ledger not just as a tamper-proof record, but as a machine-readable, open registry of ethical sourcing standards. To demonstrate focus and technical feasibility, the venture plans to explore initially supporting a single, concrete standard such as the Fair Trade certification framework within this ledger architecture. This would allow the fingerprints to be programmatically linked to the precise definitions of the ethical standards they claim to uphold, aiming to create a new layer of semantic clarity and auditability that is missing from current provenance claims. To validate this 'machine-readable ledger' concept, the venture plans to propose drafting a simple, public specification document for how Fair Trade certification data would be represented, and seeking review from 3-5 individuals with expertise in that specific standard."
"local","8","L8.4","specialized_rewrite","L7.5","","False","model_audit","[""To refine this initial targeting, the venture plans to propose identifying 2-3 specific, large corporations known to use Benevity's platform as focal points for the pilot.""]","False","fallback_parent","[""To refine this initial targeting, the venture plans to propose identifying 2-3 specific, large corporations known to use Benevity's platform as focal points for the pilot.""]","The candidate introduces a new, specific plan ('identifying 2-3 specific, large corporations') that is not present in the authorized source material. The source only states the venture 'proposes to target initial outreach specifically to programs administered by Benevity.' The addition of a plan to identify specific corporations as focal points for the pilot is an unsupported claim about the venture's specific plans, as it was not proposed in the source.","## One-Sentence Summary
A privacy-first platform that generates verifiable digital fingerprints of ethical sourcing events and anchors them to a public, tamper-proof ledger, giving brands and consumers indisputable proof of provenance while protecting sensitive operational data.

## Problem
The venture plans to address a digital landscape saturated with manipulation and duplication, where it is increasingly difficult to establish what is original or real. The central challenge is enabling people to credibly prove the authenticity and first possession of a digital record—such as a donation confirmation or an impact report—amid pervasive skepticism and the ease of generating false claims. A specific, related challenge the venture plans to explore is the inefficiency and lack of standardization in the verification process for corporate matching gift programs, where employees often face cumbersome manual steps to prove their donations, creating friction that reduces participation.

## Target Users & Use Cases
The venture plans to initially focus its launch on solving the corporate matching gift program verification problem, targeting employees who need to prove donations and the corporate social responsibility or HR teams that administer these programs. For its planned pilot phase, the venture proposes to target initial outreach specifically to programs administered by Benevity, a well-known corporate matching gift platform, to validate its solution with a defined user base. To refine this initial targeting, the venture plans to propose identifying 2-3 specific, large corporations known to use Benevity's platform as focal points for the pilot. Following this initial focus, the venture plans to expand to target brands seeking to validate their supply chains and consumers looking for trustworthy ethical goods. Broader scenarios planned for later development include discovering vetted, ethical suppliers (from large, global operations to local, artisanal producers), verifying material provenance with confidence, and providing transparent proof of sourcing standards to end customers. A planned, specific target user group for later outreach is procurement teams within consumer goods companies participating in sustainability certification or reporting programs, who need a streamlined way to discover vetted suppliers and provide indisputable proof of their ethical sourcing actions to qualify for certifications or meet regulatory requirements. To validate this planned 'discover vetted suppliers' use case before development, the venture plans to propose conducting a small survey with procurement team members from one specific sustainability certification program.

## Solution / Product Overview
The venture plans to build a tool that creates a digital fingerprint of a user's charitable event data—such as a donation receipt for a matching gift program—and records proof of that fingerprint on a public, time-stamped ledger. The approach is proposed to be secure and privacy-preserving: users would not upload sensitive raw data; instead, a compact fingerprint would serve as durable evidence. This is positioned as a quiet safeguard for digital truth that donors, nonprofits, and corporate verifiers can rely on. To increase trust, the team plans to explore adding a decentralized, community-run witness network to provide a secondary, distributed layer of attestation to the ledger's timestamps. Furthermore, the venture plans to explore the development of a simple, open-source verification widget that any third-party website (like a nonprofit's blog or a corporate social responsibility page) could embed to allow visitors to independently verify the timestamp and authenticity of a claimed charitable fingerprint directly from that page.

## Delivery Model
The venture plans a lightweight, privacy-first implementation. It would not store sensitive donor financial details or the underlying event files. Instead, it would generate compact, anonymized fingerprints of that data for ledger anchoring. The goal is a secure and resource-conscious design that maintains long-term verifiability with minimal infrastructure. The team plans to build a clean public interface and supporting infrastructure to make the verification tools usable by its target audience, starting with the matching gift use case.

## Revenue Logic
The venture plans to generate revenue primarily through a transaction-based model, charging a fee for each verifiable digital fingerprint anchored to the public ledger. This would apply initially to entities in the matching gift ecosystem (such as nonprofits or the verifying corporations themselves) seeking to create a permanent, auditable record of a donation. The venture plans to explore a tiered pricing test for this transaction fee, where the fee would vary based on the complexity of the data being fingerprinted. To validate this model with a planned pilot group, the venture proposes a small, targeted test using one specific variable: the number of distinct data fields in a donation receipt. A receipt exceeding a defined threshold of fields would trigger a higher fee, allowing the team to explore price sensitivity among different user segments and use cases. The venture also plans to explore offering optional subscription tiers for high-volume users, which could include advanced provenance reporting features, supply chain management capabilities, or enhanced integration services for enterprise procurement or certification programs as it expands beyond the initial use case. An initial free trial period for generating a limited number of fingerprints is proposed to onboard partners.

## Distinctiveness
The venture aims to differentiate itself by offering heirloom-quality goods that merge immediate, tangible material qualities with enduring digital proof of ethical sourcing. Its proposed system does not just provide a product; it aims to create a permanent, independently verifiable record that the materials were sourced according to specific ethical standards at a specific time, addressing the credibility problem of sustainability claims. This focus on verifiable provenance from a specific, ethical source is presented as a unique safeguard for both consumer trust and material truth. The venture plans to explore a further point of differentiation: structuring its public ledger not just as a tamper-proof record, but as a machine-readable, open registry of ethical sourcing standards. To demonstrate focus and technical feasibility, the venture plans to explore initially supporting a single, concrete standard such as the Fair Trade certification framework within this ledger architecture. This would allow the fingerprints to be programmatically linked to the precise definitions of the ethical standards they claim to uphold, aiming to create a new layer of semantic clarity and auditability that is missing from current provenance claims. To validate this 'machine-readable ledger' concept, the venture plans to propose drafting a simple, public specification document for how Fair Trade certification data would be represented, and seeking review from 3-5 individuals with expertise in that specific standard.","## One-Sentence Summary
A privacy-first platform that generates verifiable digital fingerprints of ethical sourcing events and anchors them to a public, tamper-proof ledger, giving brands and consumers indisputable proof of provenance while protecting sensitive operational data.

## Problem
The venture plans to address a digital landscape saturated with manipulation and duplication, where it is increasingly difficult to establish what is original or real. The central challenge is enabling people to credibly prove the authenticity and first possession of a digital record—such as a donation confirmation or an impact report—amid pervasive skepticism and the ease of generating false claims. A specific, related challenge the venture plans to explore is the inefficiency and lack of standardization in the verification process for corporate matching gift programs, where employees often face cumbersome manual steps to prove their donations, creating friction that reduces participation.

## Target Users & Use Cases
The venture plans to initially focus its launch on solving the corporate matching gift program verification problem, targeting employees who need to prove donations and the corporate social responsibility or HR teams that administer these programs. For its planned pilot phase, the venture proposes to target initial outreach specifically to programs administered by Benevity, a well-known corporate matching gift platform, to validate its solution with a defined user base. Following this initial focus, the venture plans to expand to target brands seeking to validate their supply chains and consumers looking for trustworthy ethical goods. Broader scenarios planned for later development include discovering vetted, ethical suppliers (from large, global operations to local, artisanal producers), verifying material provenance with confidence, and providing transparent proof of sourcing standards to end customers. A planned, specific target user group for later outreach is procurement teams within consumer goods companies participating in sustainability certification or reporting programs, who need a streamlined way to discover vetted suppliers and provide indisputable proof of their ethical sourcing actions to qualify for certifications or meet regulatory requirements. To validate this planned 'discover vetted suppliers' use case before development, the venture plans to propose conducting a small survey with procurement team members from one specific sustainability certification program.

## Solution / Product Overview
The venture plans to build a tool that creates a digital fingerprint of a user's charitable event data—such as a donation receipt for a matching gift program—and records proof of that fingerprint on a public, time-stamped ledger. The approach is proposed to be secure and privacy-preserving: users would not upload sensitive raw data; instead, a compact fingerprint would serve as durable evidence. This is positioned as a quiet safeguard for digital truth that donors, nonprofits, and corporate verifiers can rely on. To increase trust, the team plans to explore adding a decentralized, community-run witness network to provide a secondary, distributed layer of attestation to the ledger's timestamps. Furthermore, the venture plans to explore the development of a simple, open-source verification widget that any third-party website (like a nonprofit's blog or a corporate social responsibility page) could embed to allow visitors to independently verify the timestamp and authenticity of a claimed charitable fingerprint directly from that page.

## Delivery Model
The venture plans a lightweight, privacy-first implementation. It would not store sensitive donor financial details or the underlying event files. Instead, it would generate compact, anonymized fingerprints of that data for ledger anchoring. The goal is a secure and resource-conscious design that maintains long-term verifiability with minimal infrastructure. The team plans to build a clean public interface and supporting infrastructure to make the verification tools usable by its target audience, starting with the matching gift use case.

## Revenue Logic
The venture plans to generate revenue primarily through a transaction-based model, charging a fee for each verifiable digital fingerprint anchored to the public ledger. This would apply initially to entities in the matching gift ecosystem (such as nonprofits or the verifying corporations themselves) seeking to create a permanent, auditable record of a donation. The venture plans to explore a tiered pricing test for this transaction fee, where the fee would vary based on the complexity of the data being fingerprinted. To validate this model with a planned pilot group, the venture proposes a small, targeted test using one specific variable: the number of distinct data fields in a donation receipt. A receipt exceeding a defined threshold of fields would trigger a higher fee, allowing the team to explore price sensitivity among different user segments and use cases. The venture also plans to explore offering optional subscription tiers for high-volume users, which could include advanced provenance reporting features, supply chain management capabilities, or enhanced integration services for enterprise procurement or certification programs as it expands beyond the initial use case. An initial free trial period for generating a limited number of fingerprints is proposed to onboard partners.

## Distinctiveness
The venture aims to differentiate itself by offering heirloom-quality goods that merge immediate, tangible material qualities with enduring digital proof of ethical sourcing. Its proposed system does not just provide a product; it aims to create a permanent, independently verifiable record that the materials were sourced according to specific ethical standards at a specific time, addressing the credibility problem of sustainability claims. This focus on verifiable provenance from a specific, ethical source is presented as a unique safeguard for both consumer trust and material truth. The venture plans to explore a further point of differentiation: structuring its public ledger not just as a tamper-proof record, but as a machine-readable, open registry of ethical sourcing standards. To demonstrate focus and technical feasibility, the venture plans to explore initially supporting a single, concrete standard such as the Fair Trade certification framework within this ledger architecture. This would allow the fingerprints to be programmatically linked to the precise definitions of the ethical standards they claim to uphold, aiming to create a new layer of semantic clarity and auditability that is missing from current provenance claims. To validate this 'machine-readable ledger' concept, the venture plans to propose drafting a simple, public specification document for how Fair Trade certification data would be represented, and seeking review from 3-5 individuals with expertise in that specific standard."
"local","8","L8.5","specialized_rewrite","L7.5","","False","model_audit","[""To demonstrate focus and reduce perceived technical scope for the first phase, the venture plans to specify a single, common platform—such as WordPress—as the initial integration target for this widget.""]","False","fallback_parent","[""To demonstrate focus and reduce perceived technical scope for the first phase, the venture plans to specify a single, common platform—such as WordPress—as the initial integration target for this widget.""]","The candidate introduces a new, specific technical plan (specifying WordPress as an initial integration target) that is not framed as a proposal, plan, or exploration in the source material. The source only states the venture 'plans to explore the development of a simple, open-source verification widget that any third-party website... could embed.' The candidate's addition presents a specific implementation decision as part of the venture's plan, which is an unsupported claim about the venture's existing or planned technical scope.","## One-Sentence Summary
A privacy-first platform that generates verifiable digital fingerprints of ethical sourcing events and anchors them to a public, tamper-proof ledger, giving brands and consumers indisputable proof of provenance while protecting sensitive operational data.

## Problem
The venture plans to address a digital landscape saturated with manipulation and duplication, where it is increasingly difficult to establish what is original or real. The central challenge is enabling people to credibly prove the authenticity and first possession of a digital record—such as a donation confirmation or an impact report—amid pervasive skepticism and the ease of generating false claims. A specific, related challenge the venture plans to explore is the inefficiency and lack of standardization in the verification process for corporate matching gift programs, where employees often face cumbersome manual steps to prove their donations, creating friction that reduces participation.

## Target Users & Use Cases
The venture plans to initially focus its launch on solving the corporate matching gift program verification problem, targeting employees who need to prove donations and the corporate social responsibility or HR teams that administer these programs. For its planned pilot phase, the venture proposes to target initial outreach specifically to programs administered by Benevity, a well-known corporate matching gift platform, to validate its solution with a defined user base. Following this initial focus, the venture plans to expand to target brands seeking to validate their supply chains and consumers looking for trustworthy ethical goods. Broader scenarios planned for later development include discovering vetted, ethical suppliers (from large, global operations to local, artisanal producers), verifying material provenance with confidence, and providing transparent proof of sourcing standards to end customers. A planned, specific target user group for later outreach is procurement teams within consumer goods companies participating in sustainability certification or reporting programs, who need a streamlined way to discover vetted suppliers and provide indisputable proof of their ethical sourcing actions to qualify for certifications or meet regulatory requirements. To validate this planned 'discover vetted suppliers' use case before development, the venture plans to propose conducting a small survey with procurement team members from one specific sustainability certification program.

## Solution / Product Overview
The venture plans to build a tool that creates a digital fingerprint of a user's charitable event data—such as a donation receipt for a matching gift program—and records proof of that fingerprint on a public, time-stamped ledger. The approach is proposed to be secure and privacy-preserving: users would not upload sensitive raw data; instead, a compact fingerprint would serve as durable evidence. This is positioned as a quiet safeguard for digital truth that donors, nonprofits, and corporate verifiers can rely on. To increase trust, the team plans to explore adding a decentralized, community-run witness network to provide a secondary, distributed layer of attestation to the ledger's timestamps. Furthermore, the venture plans to explore the development of a simple, open-source verification widget that any third-party website could embed to allow visitors to independently verify the timestamp and authenticity of a claimed charitable fingerprint directly from that page. To demonstrate focus and reduce perceived technical scope for the first phase, the venture plans to specify a single, common platform—such as WordPress—as the initial integration target for this widget.

## Delivery Model
The venture plans a lightweight, privacy-first implementation. It would not store sensitive donor financial details or the underlying event files. Instead, it would generate compact, anonymized fingerprints of that data for ledger anchoring. The goal is a secure and resource-conscious design that maintains long-term verifiability with minimal infrastructure. The team plans to build a clean public interface and supporting infrastructure to make the verification tools usable by its target audience, starting with the matching gift use case.

## Revenue Logic
The venture plans to generate revenue primarily through a transaction-based model, charging a fee for each verifiable digital fingerprint anchored to the public ledger. This would apply initially to entities in the matching gift ecosystem (such as nonprofits or the verifying corporations themselves) seeking to create a permanent, auditable record of a donation. The venture plans to explore a tiered pricing test for this transaction fee, where the fee would vary based on the complexity of the data being fingerprinted. To validate this model with a planned pilot group, the venture proposes a small, targeted test using one specific variable: the number of distinct data fields in a donation receipt. A receipt exceeding a defined threshold of fields would trigger a higher fee, allowing the team to explore price sensitivity among different user segments and use cases. The venture also plans to explore offering optional subscription tiers for high-volume users, which could include advanced provenance reporting features, supply chain management capabilities, or enhanced integration services for enterprise procurement or certification programs as it expands beyond the initial use case. An initial free trial period for generating a limited number of fingerprints is proposed to onboard partners.

## Distinctiveness
The venture aims to differentiate itself by offering heirloom-quality goods that merge immediate, tangible material qualities with enduring digital proof of ethical sourcing. Its proposed system does not just provide a product; it aims to create a permanent, independently verifiable record that the materials were sourced according to specific ethical standards at a specific time, addressing the credibility problem of sustainability claims. This focus on verifiable provenance from a specific, ethical source is presented as a unique safeguard for both consumer trust and material truth. The venture plans to explore a further point of differentiation: structuring its public ledger not just as a tamper-proof record, but as a machine-readable, open registry of ethical sourcing standards. To demonstrate focus and technical feasibility, the venture plans to explore initially supporting a single, concrete standard such as the Fair Trade certification framework within this ledger architecture. This would allow the fingerprints to be programmatically linked to the precise definitions of the ethical standards they claim to uphold, aiming to create a new layer of semantic clarity and auditability that is missing from current provenance claims. To validate this 'machine-readable ledger' concept, the venture plans to propose drafting a simple, public specification document for how Fair Trade certification data would be represented, and seeking review from 3-5 individuals with expertise in that specific standard.","## One-Sentence Summary
A privacy-first platform that generates verifiable digital fingerprints of ethical sourcing events and anchors them to a public, tamper-proof ledger, giving brands and consumers indisputable proof of provenance while protecting sensitive operational data.

## Problem
The venture plans to address a digital landscape saturated with manipulation and duplication, where it is increasingly difficult to establish what is original or real. The central challenge is enabling people to credibly prove the authenticity and first possession of a digital record—such as a donation confirmation or an impact report—amid pervasive skepticism and the ease of generating false claims. A specific, related challenge the venture plans to explore is the inefficiency and lack of standardization in the verification process for corporate matching gift programs, where employees often face cumbersome manual steps to prove their donations, creating friction that reduces participation.

## Target Users & Use Cases
The venture plans to initially focus its launch on solving the corporate matching gift program verification problem, targeting employees who need to prove donations and the corporate social responsibility or HR teams that administer these programs. For its planned pilot phase, the venture proposes to target initial outreach specifically to programs administered by Benevity, a well-known corporate matching gift platform, to validate its solution with a defined user base. Following this initial focus, the venture plans to expand to target brands seeking to validate their supply chains and consumers looking for trustworthy ethical goods. Broader scenarios planned for later development include discovering vetted, ethical suppliers (from large, global operations to local, artisanal producers), verifying material provenance with confidence, and providing transparent proof of sourcing standards to end customers. A planned, specific target user group for later outreach is procurement teams within consumer goods companies participating in sustainability certification or reporting programs, who need a streamlined way to discover vetted suppliers and provide indisputable proof of their ethical sourcing actions to qualify for certifications or meet regulatory requirements. To validate this planned 'discover vetted suppliers' use case before development, the venture plans to propose conducting a small survey with procurement team members from one specific sustainability certification program.

## Solution / Product Overview
The venture plans to build a tool that creates a digital fingerprint of a user's charitable event data—such as a donation receipt for a matching gift program—and records proof of that fingerprint on a public, time-stamped ledger. The approach is proposed to be secure and privacy-preserving: users would not upload sensitive raw data; instead, a compact fingerprint would serve as durable evidence. This is positioned as a quiet safeguard for digital truth that donors, nonprofits, and corporate verifiers can rely on. To increase trust, the team plans to explore adding a decentralized, community-run witness network to provide a secondary, distributed layer of attestation to the ledger's timestamps. Furthermore, the venture plans to explore the development of a simple, open-source verification widget that any third-party website (like a nonprofit's blog or a corporate social responsibility page) could embed to allow visitors to independently verify the timestamp and authenticity of a claimed charitable fingerprint directly from that page.

## Delivery Model
The venture plans a lightweight, privacy-first implementation. It would not store sensitive donor financial details or the underlying event files. Instead, it would generate compact, anonymized fingerprints of that data for ledger anchoring. The goal is a secure and resource-conscious design that maintains long-term verifiability with minimal infrastructure. The team plans to build a clean public interface and supporting infrastructure to make the verification tools usable by its target audience, starting with the matching gift use case.

## Revenue Logic
The venture plans to generate revenue primarily through a transaction-based model, charging a fee for each verifiable digital fingerprint anchored to the public ledger. This would apply initially to entities in the matching gift ecosystem (such as nonprofits or the verifying corporations themselves) seeking to create a permanent, auditable record of a donation. The venture plans to explore a tiered pricing test for this transaction fee, where the fee would vary based on the complexity of the data being fingerprinted. To validate this model with a planned pilot group, the venture proposes a small, targeted test using one specific variable: the number of distinct data fields in a donation receipt. A receipt exceeding a defined threshold of fields would trigger a higher fee, allowing the team to explore price sensitivity among different user segments and use cases. The venture also plans to explore offering optional subscription tiers for high-volume users, which could include advanced provenance reporting features, supply chain management capabilities, or enhanced integration services for enterprise procurement or certification programs as it expands beyond the initial use case. An initial free trial period for generating a limited number of fingerprints is proposed to onboard partners.

## Distinctiveness
The venture aims to differentiate itself by offering heirloom-quality goods that merge immediate, tangible material qualities with enduring digital proof of ethical sourcing. Its proposed system does not just provide a product; it aims to create a permanent, independently verifiable record that the materials were sourced according to specific ethical standards at a specific time, addressing the credibility problem of sustainability claims. This focus on verifiable provenance from a specific, ethical source is presented as a unique safeguard for both consumer trust and material truth. The venture plans to explore a further point of differentiation: structuring its public ledger not just as a tamper-proof record, but as a machine-readable, open registry of ethical sourcing standards. To demonstrate focus and technical feasibility, the venture plans to explore initially supporting a single, concrete standard such as the Fair Trade certification framework within this ledger architecture. This would allow the fingerprints to be programmatically linked to the precise definitions of the ethical standards they claim to uphold, aiming to create a new layer of semantic clarity and auditability that is missing from current provenance claims. To validate this 'machine-readable ledger' concept, the venture plans to propose drafting a simple, public specification document for how Fair Trade certification data would be represented, and seeking review from 3-5 individuals with expertise in that specific standard."
"local","9","L9.1","specialized_rewrite","L8.1","","False","prospective_framing_safeguard","[""To validate the core user benefit for the initial matching gift use case, the venture also plans to propose a small, targeted test, such as a simulated workflow test with 5-10 employees to measure time saved versus the current manual verification process.""]","True","accepted","[]","Prospective-framing safeguard overrode the model's rejection because every flagged claim is explicitly hypothetical, proposed, planned, or future-tense and none asserts an existing accomplishment. Initial model analysis: The candidate introduces a new, specific validation test (simulated workflow test with 5-10 employees) that is not present in the authorized source material. While the source material mentions plans for validation (e.g., a survey for the 'discover vetted suppliers' use case), it does not propose this specific test for the matching gift use case. The addition is framed as a plan ('plans to propose'), but it constitutes a new, unsupported proposed activity not derived from the source.","## One-Sentence Summary
A privacy-first platform that generates verifiable digital fingerprints of ethical sourcing events and anchors them to a public, tamper-proof ledger, giving brands and consumers indisputable proof of provenance while protecting sensitive operational data.

## Problem
The venture plans to address a digital landscape saturated with manipulation and duplication, where it is increasingly difficult to establish what is original or real. The central challenge is enabling people to credibly prove the authenticity and first possession of a digital record—such as a donation confirmation or an impact report—amid pervasive skepticism and the ease of generating false claims. A specific, related challenge the venture plans to explore is the inefficiency and lack of standardization in the verification process for corporate matching gift programs, where employees often face cumbersome manual steps to prove their donations, creating friction that reduces participation.

## Target Users & Use Cases
The venture plans to initially focus its launch on solving the corporate matching gift program verification problem, targeting employees who need to prove donations and the corporate social responsibility or HR teams that administer these programs. For its planned pilot phase, the venture proposes to target initial outreach specifically to programs administered by Benevity, a well-known corporate matching gift platform, to validate its solution with a defined user base. Following this initial focus, the venture plans to expand to target brands seeking to validate their supply chains and consumers looking for trustworthy ethical goods. Broader scenarios planned for later development include discovering vetted, ethical suppliers (from large, global operations to local, artisanal producers), verifying material provenance with confidence, and providing transparent proof of sourcing standards to end customers. A planned, specific target user group for later outreach is procurement teams within consumer goods companies participating in sustainability certification or reporting programs, who need a streamlined way to discover vetted suppliers and provide indisputable proof of their ethical sourcing actions to qualify for certifications or meet regulatory requirements. To validate this planned 'discover vetted suppliers' use case before development, the venture plans to propose conducting a small survey with procurement team members from one specific, widely recognized sustainability certification program, such as Fair Trade International or B Corp.

## Solution / Product Overview
The venture plans to build a tool that creates a digital fingerprint of a user's charitable event data—such as a donation receipt for a matching gift program—and records proof of that fingerprint on a public, time-stamped ledger. The approach is proposed to be secure and privacy-preserving: users would not upload sensitive raw data; instead, a compact fingerprint would serve as durable evidence. This is positioned as a quiet safeguard for digital truth that donors, nonprofits, and corporate verifiers can rely on. To increase trust, the team plans to explore adding a decentralized, community-run witness network to provide a secondary, distributed layer of attestation to the ledger's timestamps. Furthermore, the venture plans to explore the development of a simple, open-source verification widget that any third-party website (like a nonprofit's blog or a corporate social responsibility page) could embed to allow visitors to independently verify the timestamp and authenticity of a claimed charitable fingerprint directly from that page.

## Delivery Model
The venture plans a lightweight, privacy-first implementation. It would not store sensitive donor financial details or the underlying event files. Instead, it would generate compact, anonymized fingerprints of that data for ledger anchoring. The goal is a secure and resource-conscious design that maintains long-term verifiability with minimal infrastructure. The team plans to build a clean public interface and supporting infrastructure to make the verification tools usable by its target audience, starting with the matching gift use case.

## Revenue Logic
The venture plans to generate revenue primarily through a transaction-based model, charging a fee for each verifiable digital fingerprint anchored to the public ledger. This would apply initially to entities in the matching gift ecosystem (such as nonprofits or the verifying corporations themselves) seeking to create a permanent, auditable record of a donation. The venture plans to explore a tiered pricing test for this transaction fee, where the fee would vary based on the complexity of the data being fingerprinted. To validate this model with a planned pilot group, the venture proposes a small, targeted test using one specific variable: the number of distinct data fields in a donation receipt. A receipt exceeding a defined threshold of fields would trigger a higher fee, allowing the team to explore price sensitivity among different user segments and use cases. To validate the core user benefit for the initial matching gift use case, the venture also plans to propose a small, targeted test, such as a simulated workflow test with 5-10 employees to measure time saved versus the current manual verification process. The venture also plans to explore offering optional subscription tiers for high-volume users, which could include advanced provenance reporting features, supply chain management capabilities, or enhanced integration services for enterprise procurement or certification programs as it expands beyond the initial use case. An initial free trial period for generating a limited number of fingerprints is proposed to onboard partners.

## Distinctiveness
The venture aims to differentiate itself by offering heirloom-quality goods that merge immediate, tangible material qualities with enduring digital proof of ethical sourcing. Its proposed system does not just provide a product; it aims to create a permanent, independently verifiable record that the materials were sourced according to specific ethical standards at a specific time, addressing the credibility problem of sustainability claims. This focus on verifiable provenance from a specific, ethical source is presented as a unique safeguard for both consumer trust and material truth. The venture plans to explore a further point of differentiation: structuring its public ledger not just as a tamper-proof record, but as a machine-readable, open registry of ethical sourcing standards. To demonstrate focus and technical feasibility, the venture plans to explore initially supporting a single, concrete standard such as the Fair Trade certification framework within this ledger architecture. This would allow the fingerprints to be programmatically linked to the precise definitions of the ethical standards they claim to uphold, aiming to create a new layer of semantic clarity and auditability that is missing from current provenance claims. To validate this 'machine-readable ledger' concept, the venture plans to propose drafting a simple, public specification document for how Fair Trade certification data would be represented, and seeking review from 3-5 individuals with expertise in that specific standard.","## One-Sentence Summary
A privacy-first platform that generates verifiable digital fingerprints of ethical sourcing events and anchors them to a public, tamper-proof ledger, giving brands and consumers indisputable proof of provenance while protecting sensitive operational data.

## Problem
The venture plans to address a digital landscape saturated with manipulation and duplication, where it is increasingly difficult to establish what is original or real. The central challenge is enabling people to credibly prove the authenticity and first possession of a digital record—such as a donation confirmation or an impact report—amid pervasive skepticism and the ease of generating false claims. A specific, related challenge the venture plans to explore is the inefficiency and lack of standardization in the verification process for corporate matching gift programs, where employees often face cumbersome manual steps to prove their donations, creating friction that reduces participation.

## Target Users & Use Cases
The venture plans to initially focus its launch on solving the corporate matching gift program verification problem, targeting employees who need to prove donations and the corporate social responsibility or HR teams that administer these programs. For its planned pilot phase, the venture proposes to target initial outreach specifically to programs administered by Benevity, a well-known corporate matching gift platform, to validate its solution with a defined user base. Following this initial focus, the venture plans to expand to target brands seeking to validate their supply chains and consumers looking for trustworthy ethical goods. Broader scenarios planned for later development include discovering vetted, ethical suppliers (from large, global operations to local, artisanal producers), verifying material provenance with confidence, and providing transparent proof of sourcing standards to end customers. A planned, specific target user group for later outreach is procurement teams within consumer goods companies participating in sustainability certification or reporting programs, who need a streamlined way to discover vetted suppliers and provide indisputable proof of their ethical sourcing actions to qualify for certifications or meet regulatory requirements. To validate this planned 'discover vetted suppliers' use case before development, the venture plans to propose conducting a small survey with procurement team members from one specific, widely recognized sustainability certification program, such as Fair Trade International or B Corp.

## Solution / Product Overview
The venture plans to build a tool that creates a digital fingerprint of a user's charitable event data—such as a donation receipt for a matching gift program—and records proof of that fingerprint on a public, time-stamped ledger. The approach is proposed to be secure and privacy-preserving: users would not upload sensitive raw data; instead, a compact fingerprint would serve as durable evidence. This is positioned as a quiet safeguard for digital truth that donors, nonprofits, and corporate verifiers can rely on. To increase trust, the team plans to explore adding a decentralized, community-run witness network to provide a secondary, distributed layer of attestation to the ledger's timestamps. Furthermore, the venture plans to explore the development of a simple, open-source verification widget that any third-party website (like a nonprofit's blog or a corporate social responsibility page) could embed to allow visitors to independently verify the timestamp and authenticity of a claimed charitable fingerprint directly from that page.

## Delivery Model
The venture plans a lightweight, privacy-first implementation. It would not store sensitive donor financial details or the underlying event files. Instead, it would generate compact, anonymized fingerprints of that data for ledger anchoring. The goal is a secure and resource-conscious design that maintains long-term verifiability with minimal infrastructure. The team plans to build a clean public interface and supporting infrastructure to make the verification tools usable by its target audience, starting with the matching gift use case.

## Revenue Logic
The venture plans to generate revenue primarily through a transaction-based model, charging a fee for each verifiable digital fingerprint anchored to the public ledger. This would apply initially to entities in the matching gift ecosystem (such as nonprofits or the verifying corporations themselves) seeking to create a permanent, auditable record of a donation. The venture plans to explore a tiered pricing test for this transaction fee, where the fee would vary based on the complexity of the data being fingerprinted. To validate this model with a planned pilot group, the venture proposes a small, targeted test using one specific variable: the number of distinct data fields in a donation receipt. A receipt exceeding a defined threshold of fields would trigger a higher fee, allowing the team to explore price sensitivity among different user segments and use cases. To validate the core user benefit for the initial matching gift use case, the venture also plans to propose a small, targeted test, such as a simulated workflow test with 5-10 employees to measure time saved versus the current manual verification process. The venture also plans to explore offering optional subscription tiers for high-volume users, which could include advanced provenance reporting features, supply chain management capabilities, or enhanced integration services for enterprise procurement or certification programs as it expands beyond the initial use case. An initial free trial period for generating a limited number of fingerprints is proposed to onboard partners.

## Distinctiveness
The venture aims to differentiate itself by offering heirloom-quality goods that merge immediate, tangible material qualities with enduring digital proof of ethical sourcing. Its proposed system does not just provide a product; it aims to create a permanent, independently verifiable record that the materials were sourced according to specific ethical standards at a specific time, addressing the credibility problem of sustainability claims. This focus on verifiable provenance from a specific, ethical source is presented as a unique safeguard for both consumer trust and material truth. The venture plans to explore a further point of differentiation: structuring its public ledger not just as a tamper-proof record, but as a machine-readable, open registry of ethical sourcing standards. To demonstrate focus and technical feasibility, the venture plans to explore initially supporting a single, concrete standard such as the Fair Trade certification framework within this ledger architecture. This would allow the fingerprints to be programmatically linked to the precise definitions of the ethical standards they claim to uphold, aiming to create a new layer of semantic clarity and auditability that is missing from current provenance claims. To validate this 'machine-readable ledger' concept, the venture plans to propose drafting a simple, public specification document for how Fair Trade certification data would be represented, and seeking review from 3-5 individuals with expertise in that specific standard."
"local","9","L9.2","specialized_rewrite","L8.1","","True","model_audit","[]","True","accepted","[]","All statements in the candidate regarding real-world status, evidence, or accomplishments are either directly supported by the source material or are clearly framed as future plans, proposals, or explorations (e.g., 'plans to propose drafting a one-page comparison document'). The candidate introduces a new, detailed plan for a comparison document in the Delivery Model section, but it is explicitly framed as a proposal ('plans to propose drafting'), which is permissible under the standard. No claims of existing traction, customers, revenue, or completed activities are made.","## One-Sentence Summary
A privacy-first platform that generates verifiable digital fingerprints of ethical sourcing events and anchors them to a public, tamper-proof ledger, giving brands and consumers indisputable proof of provenance while protecting sensitive operational data.

## Problem
The venture plans to address a digital landscape saturated with manipulation and duplication, where it is increasingly difficult to establish what is original or real. The central challenge is enabling people to credibly prove the authenticity and first possession of a digital record—such as a donation confirmation or an impact report—amid pervasive skepticism and the ease of generating false claims. A specific, related challenge the venture plans to explore is the inefficiency and lack of standardization in the verification process for corporate matching gift programs, where employees often face cumbersome manual steps to prove their donations, creating friction that reduces participation.

## Target Users & Use Cases
The venture plans to initially focus its launch on solving the corporate matching gift program verification problem, targeting employees who need to prove donations and the corporate social responsibility or HR teams that administer these programs. For its planned pilot phase, the venture proposes to target initial outreach specifically to programs administered by Benevity, a well-known corporate matching gift platform, to validate its solution with a defined user base. Following this initial focus, the venture plans to expand to target brands seeking to validate their supply chains and consumers looking for trustworthy ethical goods. Broader scenarios planned for later development include discovering vetted, ethical suppliers (from large, global operations to local, artisanal producers), verifying material provenance with confidence, and providing transparent proof of sourcing standards to end customers. A planned, specific target user group for later outreach is procurement teams within consumer goods companies participating in sustainability certification or reporting programs, who need a streamlined way to discover vetted suppliers and provide indisputable proof of their ethical sourcing actions to qualify for certifications or meet regulatory requirements. To validate this planned 'discover vetted suppliers' use case before development, the venture plans to propose conducting a small survey with procurement team members from one specific, widely recognized sustainability certification program, such as Fair Trade International or B Corp.

## Solution / Product Overview
The venture plans to build a tool that creates a digital fingerprint of a user's charitable event data—such as a donation receipt for a matching gift program—and records proof of that fingerprint on a public, time-stamped ledger. The approach is proposed to be secure and privacy-preserving: users would not upload sensitive raw data; instead, a compact fingerprint would serve as durable evidence. This is positioned as a quiet safeguard for digital truth that donors, nonprofits, and corporate verifiers can rely on. To increase trust, the team plans to explore adding a decentralized, community-run witness network to provide a secondary, distributed layer of attestation to the ledger's timestamps. Furthermore, the venture plans to explore the development of a simple, open-source verification widget that any third-party website (like a nonprofit's blog or a corporate social responsibility page) could embed to allow visitors to independently verify the timestamp and authenticity of a claimed charitable fingerprint directly from that page.

## Delivery Model
The venture plans a lightweight, privacy-first implementation. It would not store sensitive donor financial details or the underlying event files. Instead, it would generate compact, anonymized fingerprints of that data for ledger anchoring. The goal is a secure and resource-conscious design that maintains long-term verifiability with minimal infrastructure. The team plans to build a clean public interface and supporting infrastructure to make the verification tools usable by its target audience, starting with the matching gift use case. To clearly communicate the advantages of this approach to potential pilot partners, the venture plans to propose drafting a one-page comparison document that contrasts the proposed privacy-first fingerprinting method with existing alternatives like uploading full receipts or using traditional document notarization services, highlighting differences in data exposure, verification speed, cost, and long-term auditability.

## Revenue Logic
The venture plans to generate revenue primarily through a transaction-based model, charging a fee for each verifiable digital fingerprint anchored to the public ledger. This would apply initially to entities in the matching gift ecosystem (such as nonprofits or the verifying corporations themselves) seeking to create a permanent, auditable record of a donation. The venture plans to explore a tiered pricing test for this transaction fee, where the fee would vary based on the complexity of the data being fingerprinted. To validate this model with a planned pilot group, the venture proposes a small, targeted test using one specific variable: the number of distinct data fields in a donation receipt. A receipt exceeding a defined threshold of fields would trigger a higher fee, allowing the team to explore price sensitivity among different user segments and use cases. The venture also plans to explore offering optional subscription tiers for high-volume users, which could include advanced provenance reporting features, supply chain management capabilities, or enhanced integration services for enterprise procurement or certification programs as it expands beyond the initial use case. An initial free trial period for generating a limited number of fingerprints is proposed to onboard partners.

## Distinctiveness
The venture aims to differentiate itself by offering heirloom-quality goods that merge immediate, tangible material qualities with enduring digital proof of ethical sourcing. Its proposed system does not just provide a product; it aims to create a permanent, independently verifiable record that the materials were sourced according to specific ethical standards at a specific time, addressing the credibility problem of sustainability claims. This focus on verifiable provenance from a specific, ethical source is presented as a unique safeguard for both consumer trust and material truth. The venture plans to explore a further point of differentiation: structuring its public ledger not just as a tamper-proof record, but as a machine-readable, open registry of ethical sourcing standards. To demonstrate focus and technical feasibility, the venture plans to explore initially supporting a single, concrete standard such as the Fair Trade certification framework within this ledger architecture. This would allow the fingerprints to be programmatically linked to the precise definitions of the ethical standards they claim to uphold, aiming to create a new layer of semantic clarity and auditability that is missing from current provenance claims. To validate this 'machine-readable ledger' concept, the venture plans to propose drafting a simple, public specification document for how Fair Trade certification data would be represented, and seeking review from 3-5 individuals with expertise in that specific standard.","## One-Sentence Summary
A privacy-first platform that generates verifiable digital fingerprints of ethical sourcing events and anchors them to a public, tamper-proof ledger, giving brands and consumers indisputable proof of provenance while protecting sensitive operational data.

## Problem
The venture plans to address a digital landscape saturated with manipulation and duplication, where it is increasingly difficult to establish what is original or real. The central challenge is enabling people to credibly prove the authenticity and first possession of a digital record—such as a donation confirmation or an impact report—amid pervasive skepticism and the ease of generating false claims. A specific, related challenge the venture plans to explore is the inefficiency and lack of standardization in the verification process for corporate matching gift programs, where employees often face cumbersome manual steps to prove their donations, creating friction that reduces participation.

## Target Users & Use Cases
The venture plans to initially focus its launch on solving the corporate matching gift program verification problem, targeting employees who need to prove donations and the corporate social responsibility or HR teams that administer these programs. For its planned pilot phase, the venture proposes to target initial outreach specifically to programs administered by Benevity, a well-known corporate matching gift platform, to validate its solution with a defined user base. Following this initial focus, the venture plans to expand to target brands seeking to validate their supply chains and consumers looking for trustworthy ethical goods. Broader scenarios planned for later development include discovering vetted, ethical suppliers (from large, global operations to local, artisanal producers), verifying material provenance with confidence, and providing transparent proof of sourcing standards to end customers. A planned, specific target user group for later outreach is procurement teams within consumer goods companies participating in sustainability certification or reporting programs, who need a streamlined way to discover vetted suppliers and provide indisputable proof of their ethical sourcing actions to qualify for certifications or meet regulatory requirements. To validate this planned 'discover vetted suppliers' use case before development, the venture plans to propose conducting a small survey with procurement team members from one specific, widely recognized sustainability certification program, such as Fair Trade International or B Corp.

## Solution / Product Overview
The venture plans to build a tool that creates a digital fingerprint of a user's charitable event data—such as a donation receipt for a matching gift program—and records proof of that fingerprint on a public, time-stamped ledger. The approach is proposed to be secure and privacy-preserving: users would not upload sensitive raw data; instead, a compact fingerprint would serve as durable evidence. This is positioned as a quiet safeguard for digital truth that donors, nonprofits, and corporate verifiers can rely on. To increase trust, the team plans to explore adding a decentralized, community-run witness network to provide a secondary, distributed layer of attestation to the ledger's timestamps. Furthermore, the venture plans to explore the development of a simple, open-source verification widget that any third-party website (like a nonprofit's blog or a corporate social responsibility page) could embed to allow visitors to independently verify the timestamp and authenticity of a claimed charitable fingerprint directly from that page.

## Delivery Model
The venture plans a lightweight, privacy-first implementation. It would not store sensitive donor financial details or the underlying event files. Instead, it would generate compact, anonymized fingerprints of that data for ledger anchoring. The goal is a secure and resource-conscious design that maintains long-term verifiability with minimal infrastructure. The team plans to build a clean public interface and supporting infrastructure to make the verification tools usable by its target audience, starting with the matching gift use case. To clearly communicate the advantages of this approach to potential pilot partners, the venture plans to propose drafting a one-page comparison document that contrasts the proposed privacy-first fingerprinting method with existing alternatives like uploading full receipts or using traditional document notarization services, highlighting differences in data exposure, verification speed, cost, and long-term auditability.

## Revenue Logic
The venture plans to generate revenue primarily through a transaction-based model, charging a fee for each verifiable digital fingerprint anchored to the public ledger. This would apply initially to entities in the matching gift ecosystem (such as nonprofits or the verifying corporations themselves) seeking to create a permanent, auditable record of a donation. The venture plans to explore a tiered pricing test for this transaction fee, where the fee would vary based on the complexity of the data being fingerprinted. To validate this model with a planned pilot group, the venture proposes a small, targeted test using one specific variable: the number of distinct data fields in a donation receipt. A receipt exceeding a defined threshold of fields would trigger a higher fee, allowing the team to explore price sensitivity among different user segments and use cases. The venture also plans to explore offering optional subscription tiers for high-volume users, which could include advanced provenance reporting features, supply chain management capabilities, or enhanced integration services for enterprise procurement or certification programs as it expands beyond the initial use case. An initial free trial period for generating a limited number of fingerprints is proposed to onboard partners.

## Distinctiveness
The venture aims to differentiate itself by offering heirloom-quality goods that merge immediate, tangible material qualities with enduring digital proof of ethical sourcing. Its proposed system does not just provide a product; it aims to create a permanent, independently verifiable record that the materials were sourced according to specific ethical standards at a specific time, addressing the credibility problem of sustainability claims. This focus on verifiable provenance from a specific, ethical source is presented as a unique safeguard for both consumer trust and material truth. The venture plans to explore a further point of differentiation: structuring its public ledger not just as a tamper-proof record, but as a machine-readable, open registry of ethical sourcing standards. To demonstrate focus and technical feasibility, the venture plans to explore initially supporting a single, concrete standard such as the Fair Trade certification framework within this ledger architecture. This would allow the fingerprints to be programmatically linked to the precise definitions of the ethical standards they claim to uphold, aiming to create a new layer of semantic clarity and auditability that is missing from current provenance claims. To validate this 'machine-readable ledger' concept, the venture plans to propose drafting a simple, public specification document for how Fair Trade certification data would be represented, and seeking review from 3-5 individuals with expertise in that specific standard."
"local","9","L9.3","specialized_rewrite","L8.1","","True","model_audit","[]","True","accepted","[]","All statements in the candidate are either directly copied from the source material or are new proposals explicitly framed as future plans ('plans to propose', 'plans to explore', 'would display', 'plans to propose building'). No claims of existing traction, status, or accomplishments were invented.","## One-Sentence Summary
A privacy-first platform that generates verifiable digital fingerprints of ethical sourcing events and anchors them to a public, tamper-proof ledger, giving brands and consumers indisputable proof of provenance while protecting sensitive operational data.

## Problem
The venture plans to address a digital landscape saturated with manipulation and duplication, where it is increasingly difficult to establish what is original or real. The central challenge is enabling people to credibly prove the authenticity and first possession of a digital record—such as a donation confirmation or an impact report—amid pervasive skepticism and the ease of generating false claims. A specific, related challenge the venture plans to explore is the inefficiency and lack of standardization in the verification process for corporate matching gift programs, where employees often face cumbersome manual steps to prove their donations, creating friction that reduces participation.

## Target Users & Use Cases
The venture plans to initially focus its launch on solving the corporate matching gift program verification problem, targeting employees who need to prove donations and the corporate social responsibility or HR teams that administer these programs. For its planned pilot phase, the venture proposes to target initial outreach specifically to programs administered by Benevity, a well-known corporate matching gift platform, to validate its solution with a defined user base. Following this initial focus, the venture plans to expand to target brands seeking to validate their supply chains and consumers looking for trustworthy ethical goods. Broader scenarios planned for later development include discovering vetted, ethical suppliers (from large, global operations to local, artisanal producers), verifying material provenance with confidence, and providing transparent proof of sourcing standards to end customers. A planned, specific target user group for later outreach is procurement teams within consumer goods companies participating in sustainability certification or reporting programs, who need a streamlined way to discover vetted suppliers and provide indisputable proof of their ethical sourcing actions to qualify for certifications or meet regulatory requirements. To validate this planned 'discover vetted suppliers' use case before development, the venture plans to propose conducting a small survey with procurement team members from one specific, widely recognized sustainability certification program, such as Fair Trade International or B Corp.

## Solution / Product Overview
The venture plans to build a tool that creates a digital fingerprint of a user's charitable event data—such as a donation receipt for a matching gift program—and records proof of that fingerprint on a public, time-stamped ledger. The approach is proposed to be secure and privacy-preserving: users would not upload sensitive raw data; instead, a compact fingerprint would serve as durable evidence. This is positioned as a quiet safeguard for digital truth that donors, nonprofits, and corporate verifiers can rely on. To increase trust, the team plans to explore adding a decentralized, community-run witness network to provide a secondary, distributed layer of attestation to the ledger's timestamps. Furthermore, the venture plans to explore the development of a simple, open-source verification widget that any third-party website (like a nonprofit's blog or a corporate social responsibility page) could embed to allow visitors to independently verify the timestamp and authenticity of a claimed charitable fingerprint directly from that page. To define a specific, limited technical scope for this widget, the venture plans to propose that it would display three core data points: the ledger timestamp, the fingerprint hash, and a clear 'Verified' status badge. To test the concept and user experience, the venture plans to propose building a functional mock-up of this widget designed for integration onto one specific nonprofit's existing webpage.

## Delivery Model
The venture plans a lightweight, privacy-first implementation. It would not store sensitive donor financial details or the underlying event files. Instead, it would generate compact, anonymized fingerprints of that data for ledger anchoring. The goal is a secure and resource-conscious design that maintains long-term verifiability with minimal infrastructure. The team plans to build a clean public interface and supporting infrastructure to make the verification tools usable by its target audience, starting with the matching gift use case.

## Revenue Logic
The venture plans to generate revenue primarily through a transaction-based model, charging a fee for each verifiable digital fingerprint anchored to the public ledger. This would apply initially to entities in the matching gift ecosystem (such as nonprofits or the verifying corporations themselves) seeking to create a permanent, auditable record of a donation. The venture plans to explore a tiered pricing test for this transaction fee, where the fee would vary based on the complexity of the data being fingerprinted. To validate this model with a planned pilot group, the venture proposes a small, targeted test using one specific variable: the number of distinct data fields in a donation receipt. A receipt exceeding a defined threshold of fields would trigger a higher fee, allowing the team to explore price sensitivity among different user segments and use cases. The venture also plans to explore offering optional subscription tiers for high-volume users, which could include advanced provenance reporting features, supply chain management capabilities, or enhanced integration services for enterprise procurement or certification programs as it expands beyond the initial use case. An initial free trial period for generating a limited number of fingerprints is proposed to onboard partners.

## Distinctiveness
The venture aims to differentiate itself by offering heirloom-quality goods that merge immediate, tangible material qualities with enduring digital proof of ethical sourcing. Its proposed system does not just provide a product; it aims to create a permanent, independently verifiable record that the materials were sourced according to specific ethical standards at a specific time, addressing the credibility problem of sustainability claims. This focus on verifiable provenance from a specific, ethical source is presented as a unique safeguard for both consumer trust and material truth. The venture plans to explore a further point of differentiation: structuring its public ledger not just as a tamper-proof record, but as a machine-readable, open registry of ethical sourcing standards. To demonstrate focus and technical feasibility, the venture plans to explore initially supporting a single, concrete standard such as the Fair Trade certification framework within this ledger architecture. This would allow the fingerprints to be programmatically linked to the precise definitions of the ethical standards they claim to uphold, aiming to create a new layer of semantic clarity and auditability that is missing from current provenance claims. To validate this 'machine-readable ledger' concept, the venture plans to propose drafting a simple, public specification document for how Fair Trade certification data would be represented, and seeking review from 3-5 individuals with expertise in that specific standard.","## One-Sentence Summary
A privacy-first platform that generates verifiable digital fingerprints of ethical sourcing events and anchors them to a public, tamper-proof ledger, giving brands and consumers indisputable proof of provenance while protecting sensitive operational data.

## Problem
The venture plans to address a digital landscape saturated with manipulation and duplication, where it is increasingly difficult to establish what is original or real. The central challenge is enabling people to credibly prove the authenticity and first possession of a digital record—such as a donation confirmation or an impact report—amid pervasive skepticism and the ease of generating false claims. A specific, related challenge the venture plans to explore is the inefficiency and lack of standardization in the verification process for corporate matching gift programs, where employees often face cumbersome manual steps to prove their donations, creating friction that reduces participation.

## Target Users & Use Cases
The venture plans to initially focus its launch on solving the corporate matching gift program verification problem, targeting employees who need to prove donations and the corporate social responsibility or HR teams that administer these programs. For its planned pilot phase, the venture proposes to target initial outreach specifically to programs administered by Benevity, a well-known corporate matching gift platform, to validate its solution with a defined user base. Following this initial focus, the venture plans to expand to target brands seeking to validate their supply chains and consumers looking for trustworthy ethical goods. Broader scenarios planned for later development include discovering vetted, ethical suppliers (from large, global operations to local, artisanal producers), verifying material provenance with confidence, and providing transparent proof of sourcing standards to end customers. A planned, specific target user group for later outreach is procurement teams within consumer goods companies participating in sustainability certification or reporting programs, who need a streamlined way to discover vetted suppliers and provide indisputable proof of their ethical sourcing actions to qualify for certifications or meet regulatory requirements. To validate this planned 'discover vetted suppliers' use case before development, the venture plans to propose conducting a small survey with procurement team members from one specific, widely recognized sustainability certification program, such as Fair Trade International or B Corp.

## Solution / Product Overview
The venture plans to build a tool that creates a digital fingerprint of a user's charitable event data—such as a donation receipt for a matching gift program—and records proof of that fingerprint on a public, time-stamped ledger. The approach is proposed to be secure and privacy-preserving: users would not upload sensitive raw data; instead, a compact fingerprint would serve as durable evidence. This is positioned as a quiet safeguard for digital truth that donors, nonprofits, and corporate verifiers can rely on. To increase trust, the team plans to explore adding a decentralized, community-run witness network to provide a secondary, distributed layer of attestation to the ledger's timestamps. Furthermore, the venture plans to explore the development of a simple, open-source verification widget that any third-party website (like a nonprofit's blog or a corporate social responsibility page) could embed to allow visitors to independently verify the timestamp and authenticity of a claimed charitable fingerprint directly from that page. To define a specific, limited technical scope for this widget, the venture plans to propose that it would display three core data points: the ledger timestamp, the fingerprint hash, and a clear 'Verified' status badge. To test the concept and user experience, the venture plans to propose building a functional mock-up of this widget designed for integration onto one specific nonprofit's existing webpage.

## Delivery Model
The venture plans a lightweight, privacy-first implementation. It would not store sensitive donor financial details or the underlying event files. Instead, it would generate compact, anonymized fingerprints of that data for ledger anchoring. The goal is a secure and resource-conscious design that maintains long-term verifiability with minimal infrastructure. The team plans to build a clean public interface and supporting infrastructure to make the verification tools usable by its target audience, starting with the matching gift use case.

## Revenue Logic
The venture plans to generate revenue primarily through a transaction-based model, charging a fee for each verifiable digital fingerprint anchored to the public ledger. This would apply initially to entities in the matching gift ecosystem (such as nonprofits or the verifying corporations themselves) seeking to create a permanent, auditable record of a donation. The venture plans to explore a tiered pricing test for this transaction fee, where the fee would vary based on the complexity of the data being fingerprinted. To validate this model with a planned pilot group, the venture proposes a small, targeted test using one specific variable: the number of distinct data fields in a donation receipt. A receipt exceeding a defined threshold of fields would trigger a higher fee, allowing the team to explore price sensitivity among different user segments and use cases. The venture also plans to explore offering optional subscription tiers for high-volume users, which could include advanced provenance reporting features, supply chain management capabilities, or enhanced integration services for enterprise procurement or certification programs as it expands beyond the initial use case. An initial free trial period for generating a limited number of fingerprints is proposed to onboard partners.

## Distinctiveness
The venture aims to differentiate itself by offering heirloom-quality goods that merge immediate, tangible material qualities with enduring digital proof of ethical sourcing. Its proposed system does not just provide a product; it aims to create a permanent, independently verifiable record that the materials were sourced according to specific ethical standards at a specific time, addressing the credibility problem of sustainability claims. This focus on verifiable provenance from a specific, ethical source is presented as a unique safeguard for both consumer trust and material truth. The venture plans to explore a further point of differentiation: structuring its public ledger not just as a tamper-proof record, but as a machine-readable, open registry of ethical sourcing standards. To demonstrate focus and technical feasibility, the venture plans to explore initially supporting a single, concrete standard such as the Fair Trade certification framework within this ledger architecture. This would allow the fingerprints to be programmatically linked to the precise definitions of the ethical standards they claim to uphold, aiming to create a new layer of semantic clarity and auditability that is missing from current provenance claims. To validate this 'machine-readable ledger' concept, the venture plans to propose drafting a simple, public specification document for how Fair Trade certification data would be represented, and seeking review from 3-5 individuals with expertise in that specific standard."
"local","9","L9.4","specialized_rewrite","L8.1","","False","model_audit","[""To create a concrete, small-scale test, the venture plans to propose exploring a partnership with a single, specific university alumni association that uses Benevity for matching gifts, to discuss testing the solution with their donors.""]","False","fallback_parent","[""To create a concrete, small-scale test, the venture plans to propose exploring a partnership with a single, specific university alumni association that uses Benevity for matching gifts, to discuss testing the solution with their donors.""]","The candidate introduces a new, specific proposed test (partnership with a university alumni association) that is not present in the authorized source material. While the source material states the venture 'proposes to target initial outreach specifically to programs administered by Benevity,' it does not specify or propose a partnership with a university alumni association as a concrete test. This addition, though framed as a plan ('plans to propose exploring'), constitutes an unsupported claim about the venture's specific planned actions that extends beyond the authorized factual record.","## One-Sentence Summary
A privacy-first platform that generates verifiable digital fingerprints of ethical sourcing events and anchors them to a public, tamper-proof ledger, giving brands and consumers indisputable proof of provenance while protecting sensitive operational data.

## Problem
The venture plans to address a digital landscape saturated with manipulation and duplication, where it is increasingly difficult to establish what is original or real. The central challenge is enabling people to credibly prove the authenticity and first possession of a digital record—such as a donation confirmation or an impact report—amid pervasive skepticism and the ease of generating false claims. A specific, related challenge the venture plans to explore is the inefficiency and lack of standardization in the verification process for corporate matching gift programs, where employees often face cumbersome manual steps to prove their donations, creating friction that reduces participation.

## Target Users & Use Cases
The venture plans to initially focus its launch on solving the corporate matching gift program verification problem, targeting employees who need to prove donations and the corporate social responsibility or HR teams that administer these programs. For its planned pilot phase, the venture proposes to target initial outreach specifically to programs administered by Benevity, a well-known corporate matching gift platform, to validate its solution with a defined user base. To create a concrete, small-scale test, the venture plans to propose exploring a partnership with a single, specific university alumni association that uses Benevity for matching gifts, to discuss testing the solution with their donors. Following this initial focus, the venture plans to expand to target brands seeking to validate their supply chains and consumers looking for trustworthy ethical goods. Broader scenarios planned for later development include discovering vetted, ethical suppliers (from large, global operations to local, artisanal producers), verifying material provenance with confidence, and providing transparent proof of sourcing standards to end customers. A planned, specific target user group for later outreach is procurement teams within consumer goods companies participating in sustainability certification or reporting programs, who need a streamlined way to discover vetted suppliers and provide indisputable proof of their ethical sourcing actions to qualify for certifications or meet regulatory requirements. To validate this planned 'discover vetted suppliers' use case before development, the venture plans to propose conducting a small survey with procurement team members from one specific, widely recognized sustainability certification program, such as Fair Trade International or B Corp.

## Solution / Product Overview
The venture plans to build a tool that creates a digital fingerprint of a user's charitable event data—such as a donation receipt for a matching gift program—and records proof of that fingerprint on a public, time-stamped ledger. The approach is proposed to be secure and privacy-preserving: users would not upload sensitive raw data; instead, a compact fingerprint would serve as durable evidence. This is positioned as a quiet safeguard for digital truth that donors, nonprofits, and corporate verifiers can rely on. To increase trust, the team plans to explore adding a decentralized, community-run witness network to provide a secondary, distributed layer of attestation to the ledger's timestamps. Furthermore, the venture plans to explore the development of a simple, open-source verification widget that any third-party website (like a nonprofit's blog or a corporate social responsibility page) could embed to allow visitors to independently verify the timestamp and authenticity of a claimed charitable fingerprint directly from that page.

## Delivery Model
The venture plans a lightweight, privacy-first implementation. It would not store sensitive donor financial details or the underlying event files. Instead, it would generate compact, anonymized fingerprints of that data for ledger anchoring. The goal is a secure and resource-conscious design that maintains long-term verifiability with minimal infrastructure. The team plans to build a clean public interface and supporting infrastructure to make the verification tools usable by its target audience, starting with the matching gift use case.

## Revenue Logic
The venture plans to generate revenue primarily through a transaction-based model, charging a fee for each verifiable digital fingerprint anchored to the public ledger. This would apply initially to entities in the matching gift ecosystem (such as nonprofits or the verifying corporations themselves) seeking to create a permanent, auditable record of a donation. The venture plans to explore a tiered pricing test for this transaction fee, where the fee would vary based on the complexity of the data being fingerprinted. To validate this model with a planned pilot group, the venture proposes a small, targeted test using one specific variable: the number of distinct data fields in a donation receipt. A receipt exceeding a defined threshold of fields would trigger a higher fee, allowing the team to explore price sensitivity among different user segments and use cases. The venture also plans to explore offering optional subscription tiers for high-volume users, which could include advanced provenance reporting features, supply chain management capabilities, or enhanced integration services for enterprise procurement or certification programs as it expands beyond the initial use case. An initial free trial period for generating a limited number of fingerprints is proposed to onboard partners.

## Distinctiveness
The venture aims to differentiate itself by offering heirloom-quality goods that merge immediate, tangible material qualities with enduring digital proof of ethical sourcing. Its proposed system does not just provide a product; it aims to create a permanent, independently verifiable record that the materials were sourced according to specific ethical standards at a specific time, addressing the credibility problem of sustainability claims. This focus on verifiable provenance from a specific, ethical source is presented as a unique safeguard for both consumer trust and material truth. The venture plans to explore a further point of differentiation: structuring its public ledger not just as a tamper-proof record, but as a machine-readable, open registry of ethical sourcing standards. To demonstrate focus and technical feasibility, the venture plans to explore initially supporting a single, concrete standard such as the Fair Trade certification framework within this ledger architecture. This would allow the fingerprints to be programmatically linked to the precise definitions of the ethical standards they claim to uphold, aiming to create a new layer of semantic clarity and auditability that is missing from current provenance claims. To validate this 'machine-readable ledger' concept, the venture plans to propose drafting a simple, public specification document for how Fair Trade certification data would be represented, and seeking review from 3-5 individuals with expertise in that specific standard.","## One-Sentence Summary
A privacy-first platform that generates verifiable digital fingerprints of ethical sourcing events and anchors them to a public, tamper-proof ledger, giving brands and consumers indisputable proof of provenance while protecting sensitive operational data.

## Problem
The venture plans to address a digital landscape saturated with manipulation and duplication, where it is increasingly difficult to establish what is original or real. The central challenge is enabling people to credibly prove the authenticity and first possession of a digital record—such as a donation confirmation or an impact report—amid pervasive skepticism and the ease of generating false claims. A specific, related challenge the venture plans to explore is the inefficiency and lack of standardization in the verification process for corporate matching gift programs, where employees often face cumbersome manual steps to prove their donations, creating friction that reduces participation.

## Target Users & Use Cases
The venture plans to initially focus its launch on solving the corporate matching gift program verification problem, targeting employees who need to prove donations and the corporate social responsibility or HR teams that administer these programs. For its planned pilot phase, the venture proposes to target initial outreach specifically to programs administered by Benevity, a well-known corporate matching gift platform, to validate its solution with a defined user base. Following this initial focus, the venture plans to expand to target brands seeking to validate their supply chains and consumers looking for trustworthy ethical goods. Broader scenarios planned for later development include discovering vetted, ethical suppliers (from large, global operations to local, artisanal producers), verifying material provenance with confidence, and providing transparent proof of sourcing standards to end customers. A planned, specific target user group for later outreach is procurement teams within consumer goods companies participating in sustainability certification or reporting programs, who need a streamlined way to discover vetted suppliers and provide indisputable proof of their ethical sourcing actions to qualify for certifications or meet regulatory requirements. To validate this planned 'discover vetted suppliers' use case before development, the venture plans to propose conducting a small survey with procurement team members from one specific, widely recognized sustainability certification program, such as Fair Trade International or B Corp.

## Solution / Product Overview
The venture plans to build a tool that creates a digital fingerprint of a user's charitable event data—such as a donation receipt for a matching gift program—and records proof of that fingerprint on a public, time-stamped ledger. The approach is proposed to be secure and privacy-preserving: users would not upload sensitive raw data; instead, a compact fingerprint would serve as durable evidence. This is positioned as a quiet safeguard for digital truth that donors, nonprofits, and corporate verifiers can rely on. To increase trust, the team plans to explore adding a decentralized, community-run witness network to provide a secondary, distributed layer of attestation to the ledger's timestamps. Furthermore, the venture plans to explore the development of a simple, open-source verification widget that any third-party website (like a nonprofit's blog or a corporate social responsibility page) could embed to allow visitors to independently verify the timestamp and authenticity of a claimed charitable fingerprint directly from that page.

## Delivery Model
The venture plans a lightweight, privacy-first implementation. It would not store sensitive donor financial details or the underlying event files. Instead, it would generate compact, anonymized fingerprints of that data for ledger anchoring. The goal is a secure and resource-conscious design that maintains long-term verifiability with minimal infrastructure. The team plans to build a clean public interface and supporting infrastructure to make the verification tools usable by its target audience, starting with the matching gift use case.

## Revenue Logic
The venture plans to generate revenue primarily through a transaction-based model, charging a fee for each verifiable digital fingerprint anchored to the public ledger. This would apply initially to entities in the matching gift ecosystem (such as nonprofits or the verifying corporations themselves) seeking to create a permanent, auditable record of a donation. The venture plans to explore a tiered pricing test for this transaction fee, where the fee would vary based on the complexity of the data being fingerprinted. To validate this model with a planned pilot group, the venture proposes a small, targeted test using one specific variable: the number of distinct data fields in a donation receipt. A receipt exceeding a defined threshold of fields would trigger a higher fee, allowing the team to explore price sensitivity among different user segments and use cases. The venture also plans to explore offering optional subscription tiers for high-volume users, which could include advanced provenance reporting features, supply chain management capabilities, or enhanced integration services for enterprise procurement or certification programs as it expands beyond the initial use case. An initial free trial period for generating a limited number of fingerprints is proposed to onboard partners.

## Distinctiveness
The venture aims to differentiate itself by offering heirloom-quality goods that merge immediate, tangible material qualities with enduring digital proof of ethical sourcing. Its proposed system does not just provide a product; it aims to create a permanent, independently verifiable record that the materials were sourced according to specific ethical standards at a specific time, addressing the credibility problem of sustainability claims. This focus on verifiable provenance from a specific, ethical source is presented as a unique safeguard for both consumer trust and material truth. The venture plans to explore a further point of differentiation: structuring its public ledger not just as a tamper-proof record, but as a machine-readable, open registry of ethical sourcing standards. To demonstrate focus and technical feasibility, the venture plans to explore initially supporting a single, concrete standard such as the Fair Trade certification framework within this ledger architecture. This would allow the fingerprints to be programmatically linked to the precise definitions of the ethical standards they claim to uphold, aiming to create a new layer of semantic clarity and auditability that is missing from current provenance claims. To validate this 'machine-readable ledger' concept, the venture plans to propose drafting a simple, public specification document for how Fair Trade certification data would be represented, and seeking review from 3-5 individuals with expertise in that specific standard."
"local","9","L9.5","specialized_rewrite","L8.1","","False","prospective_framing_safeguard","[""A receipt exceeding a defined threshold of more than 5 data fields would trigger a higher fee."", ""To conduct a focused validation step, the venture plans to propose approaching 3 specific nonprofit organizations with differing receipt complexities—such as a large international NGO, a mid-sized environmental charity, and a small local community organization—for feedback on this proposed fee structure.""]","True","accepted","[]","Prospective-framing safeguard overrode the model's rejection because every flagged claim is explicitly hypothetical, proposed, planned, or future-tense and none asserts an existing accomplishment. Initial model analysis: The candidate introduces a specific, quantified threshold ('more than 5 data fields') and a specific validation plan involving three named types of organizations. The authorized source material only states the venture 'plans to explore a tiered pricing test' and proposes a test using 'the number of distinct data fields' as a variable, but does not specify any threshold number or a plan to approach specific organization types. These are new, specific details presented as part of the venture's plan, not as hypothetical proposals framed as 'to be explored' or 'proposed'. They constitute unsupported claims about the venture's specific planned actions.","## One-Sentence Summary
A privacy-first platform that generates verifiable digital fingerprints of ethical sourcing events and anchors them to a public, tamper-proof ledger, giving brands and consumers indisputable proof of provenance while protecting sensitive operational data.

## Problem
The venture plans to address a digital landscape saturated with manipulation and duplication, where it is increasingly difficult to establish what is original or real. The central challenge is enabling people to credibly prove the authenticity and first possession of a digital record—such as a donation confirmation or an impact report—amid pervasive skepticism and the ease of generating false claims. A specific, related challenge the venture plans to explore is the inefficiency and lack of standardization in the verification process for corporate matching gift programs, where employees often face cumbersome manual steps to prove their donations, creating friction that reduces participation.

## Target Users & Use Cases
The venture plans to initially focus its launch on solving the corporate matching gift program verification problem, targeting employees who need to prove donations and the corporate social responsibility or HR teams that administer these programs. For its planned pilot phase, the venture proposes to target initial outreach specifically to programs administered by Benevity, a well-known corporate matching gift platform, to validate its solution with a defined user base. Following this initial focus, the venture plans to expand to target brands seeking to validate their supply chains and consumers looking for trustworthy ethical goods. Broader scenarios planned for later development include discovering vetted, ethical suppliers (from large, global operations to local, artisanal producers), verifying material provenance with confidence, and providing transparent proof of sourcing standards to end customers. A planned, specific target user group for later outreach is procurement teams within consumer goods companies participating in sustainability certification or reporting programs, who need a streamlined way to discover vetted suppliers and provide indisputable proof of their ethical sourcing actions to qualify for certifications or meet regulatory requirements. To validate this planned 'discover vetted suppliers' use case before development, the venture plans to propose conducting a small survey with procurement team members from one specific, widely recognized sustainability certification program, such as Fair Trade International or B Corp.

## Solution / Product Overview
The venture plans to build a tool that creates a digital fingerprint of a user's charitable event data—such as a donation receipt for a matching gift program—and records proof of that fingerprint on a public, time-stamped ledger. The approach is proposed to be secure and privacy-preserving: users would not upload sensitive raw data; instead, a compact fingerprint would serve as durable evidence. This is positioned as a quiet safeguard for digital truth that donors, nonprofits, and corporate verifiers can rely on. To increase trust, the team plans to explore adding a decentralized, community-run witness network to provide a secondary, distributed layer of attestation to the ledger's timestamps. Furthermore, the venture plans to explore the development of a simple, open-source verification widget that any third-party website (like a nonprofit's blog or a corporate social responsibility page) could embed to allow visitors to independently verify the timestamp and authenticity of a claimed charitable fingerprint directly from that page.

## Delivery Model
The venture plans a lightweight, privacy-first implementation. It would not store sensitive donor financial details or the underlying event files. Instead, it would generate compact, anonymized fingerprints of that data for ledger anchoring. The goal is a secure and resource-conscious design that maintains long-term verifiability with minimal infrastructure. The team plans to build a clean public interface and supporting infrastructure to make the verification tools usable by its target audience, starting with the matching gift use case.

## Revenue Logic
The venture plans to generate revenue primarily through a transaction-based model, charging a fee for each verifiable digital fingerprint anchored to the public ledger. This would apply initially to entities in the matching gift ecosystem (such as nonprofits or the verifying corporations themselves) seeking to create a permanent, auditable record of a donation. The venture plans to explore a tiered pricing test for this transaction fee, where the fee would vary based on the complexity of the data being fingerprinted. To validate this model with a planned pilot group, the venture proposes a small, targeted test using one specific variable: the number of distinct data fields in a donation receipt. A receipt exceeding a defined threshold of more than 5 data fields would trigger a higher fee. To conduct a focused validation step, the venture plans to propose approaching 3 specific nonprofit organizations with differing receipt complexities—such as a large international NGO, a mid-sized environmental charity, and a small local community organization—for feedback on this proposed fee structure. The venture also plans to explore offering optional subscription tiers for high-volume users, which could include advanced provenance reporting features, supply chain management capabilities, or enhanced integration services for enterprise procurement or certification programs as it expands beyond the initial use case. An initial free trial period for generating a limited number of fingerprints is proposed to onboard partners.

## Distinctiveness
The venture aims to differentiate itself by offering heirloom-quality goods that merge immediate, tangible material qualities with enduring digital proof of ethical sourcing. Its proposed system does not just provide a product; it aims to create a permanent, independently verifiable record that the materials were sourced according to specific ethical standards at a specific time, addressing the credibility problem of sustainability claims. This focus on verifiable provenance from a specific, ethical source is presented as a unique safeguard for both consumer trust and material truth. The venture plans to explore a further point of differentiation: structuring its public ledger not just as a tamper-proof record, but as a machine-readable, open registry of ethical sourcing standards. To demonstrate focus and technical feasibility, the venture plans to explore initially supporting a single, concrete standard such as the Fair Trade certification framework within this ledger architecture. This would allow the fingerprints to be programmatically linked to the precise definitions of the ethical standards they claim to uphold, aiming to create a new layer of semantic clarity and auditability that is missing from current provenance claims. To validate this 'machine-readable ledger' concept, the venture plans to propose drafting a simple, public specification document for how Fair Trade certification data would be represented, and seeking review from 3-5 individuals with expertise in that specific standard.","## One-Sentence Summary
A privacy-first platform that generates verifiable digital fingerprints of ethical sourcing events and anchors them to a public, tamper-proof ledger, giving brands and consumers indisputable proof of provenance while protecting sensitive operational data.

## Problem
The venture plans to address a digital landscape saturated with manipulation and duplication, where it is increasingly difficult to establish what is original or real. The central challenge is enabling people to credibly prove the authenticity and first possession of a digital record—such as a donation confirmation or an impact report—amid pervasive skepticism and the ease of generating false claims. A specific, related challenge the venture plans to explore is the inefficiency and lack of standardization in the verification process for corporate matching gift programs, where employees often face cumbersome manual steps to prove their donations, creating friction that reduces participation.

## Target Users & Use Cases
The venture plans to initially focus its launch on solving the corporate matching gift program verification problem, targeting employees who need to prove donations and the corporate social responsibility or HR teams that administer these programs. For its planned pilot phase, the venture proposes to target initial outreach specifically to programs administered by Benevity, a well-known corporate matching gift platform, to validate its solution with a defined user base. Following this initial focus, the venture plans to expand to target brands seeking to validate their supply chains and consumers looking for trustworthy ethical goods. Broader scenarios planned for later development include discovering vetted, ethical suppliers (from large, global operations to local, artisanal producers), verifying material provenance with confidence, and providing transparent proof of sourcing standards to end customers. A planned, specific target user group for later outreach is procurement teams within consumer goods companies participating in sustainability certification or reporting programs, who need a streamlined way to discover vetted suppliers and provide indisputable proof of their ethical sourcing actions to qualify for certifications or meet regulatory requirements. To validate this planned 'discover vetted suppliers' use case before development, the venture plans to propose conducting a small survey with procurement team members from one specific, widely recognized sustainability certification program, such as Fair Trade International or B Corp.

## Solution / Product Overview
The venture plans to build a tool that creates a digital fingerprint of a user's charitable event data—such as a donation receipt for a matching gift program—and records proof of that fingerprint on a public, time-stamped ledger. The approach is proposed to be secure and privacy-preserving: users would not upload sensitive raw data; instead, a compact fingerprint would serve as durable evidence. This is positioned as a quiet safeguard for digital truth that donors, nonprofits, and corporate verifiers can rely on. To increase trust, the team plans to explore adding a decentralized, community-run witness network to provide a secondary, distributed layer of attestation to the ledger's timestamps. Furthermore, the venture plans to explore the development of a simple, open-source verification widget that any third-party website (like a nonprofit's blog or a corporate social responsibility page) could embed to allow visitors to independently verify the timestamp and authenticity of a claimed charitable fingerprint directly from that page.

## Delivery Model
The venture plans a lightweight, privacy-first implementation. It would not store sensitive donor financial details or the underlying event files. Instead, it would generate compact, anonymized fingerprints of that data for ledger anchoring. The goal is a secure and resource-conscious design that maintains long-term verifiability with minimal infrastructure. The team plans to build a clean public interface and supporting infrastructure to make the verification tools usable by its target audience, starting with the matching gift use case.

## Revenue Logic
The venture plans to generate revenue primarily through a transaction-based model, charging a fee for each verifiable digital fingerprint anchored to the public ledger. This would apply initially to entities in the matching gift ecosystem (such as nonprofits or the verifying corporations themselves) seeking to create a permanent, auditable record of a donation. The venture plans to explore a tiered pricing test for this transaction fee, where the fee would vary based on the complexity of the data being fingerprinted. To validate this model with a planned pilot group, the venture proposes a small, targeted test using one specific variable: the number of distinct data fields in a donation receipt. A receipt exceeding a defined threshold of more than 5 data fields would trigger a higher fee. To conduct a focused validation step, the venture plans to propose approaching 3 specific nonprofit organizations with differing receipt complexities—such as a large international NGO, a mid-sized environmental charity, and a small local community organization—for feedback on this proposed fee structure. The venture also plans to explore offering optional subscription tiers for high-volume users, which could include advanced provenance reporting features, supply chain management capabilities, or enhanced integration services for enterprise procurement or certification programs as it expands beyond the initial use case. An initial free trial period for generating a limited number of fingerprints is proposed to onboard partners.

## Distinctiveness
The venture aims to differentiate itself by offering heirloom-quality goods that merge immediate, tangible material qualities with enduring digital proof of ethical sourcing. Its proposed system does not just provide a product; it aims to create a permanent, independently verifiable record that the materials were sourced according to specific ethical standards at a specific time, addressing the credibility problem of sustainability claims. This focus on verifiable provenance from a specific, ethical source is presented as a unique safeguard for both consumer trust and material truth. The venture plans to explore a further point of differentiation: structuring its public ledger not just as a tamper-proof record, but as a machine-readable, open registry of ethical sourcing standards. To demonstrate focus and technical feasibility, the venture plans to explore initially supporting a single, concrete standard such as the Fair Trade certification framework within this ledger architecture. This would allow the fingerprints to be programmatically linked to the precise definitions of the ethical standards they claim to uphold, aiming to create a new layer of semantic clarity and auditability that is missing from current provenance claims. To validate this 'machine-readable ledger' concept, the venture plans to propose drafting a simple, public specification document for how Fair Trade certification data would be represented, and seeking review from 3-5 individuals with expertise in that specific standard."
"local","10","L10.1","specialized_rewrite","L9.1","","False","model_audit","[""To validate this 'verification widget' concept, the venture plans to propose a small, targeted test by building a mock-up and seeking feedback from 3-5 nonprofit website administrators on usability and perceived trust value.""]","False","fallback_parent","[""To validate this 'verification widget' concept, the venture plans to propose a small, targeted test by building a mock-up and seeking feedback from 3-5 nonprofit website administrators on usability and perceived trust value.""]","The candidate adds a specific validation plan for the verification widget concept that is not present in the authorized source material. While the source mentions the venture plans to explore developing the widget, it does not include any proposed validation test, mock-up, or feedback process with nonprofit administrators. This constitutes an unsupported claim about a planned test that was not authorized.","## One-Sentence Summary
A privacy-first platform that generates verifiable digital fingerprints of ethical sourcing events and anchors them to a public, tamper-proof ledger, giving brands and consumers indisputable proof of provenance while protecting sensitive operational data.

## Problem
The venture plans to address a digital landscape saturated with manipulation and duplication, where it is increasingly difficult to establish what is original or real. The central challenge is enabling people to credibly prove the authenticity and first possession of a digital record—such as a donation confirmation or an impact report—amid pervasive skepticism and the ease of generating false claims. A specific, related challenge the venture plans to explore is the inefficiency and lack of standardization in the verification process for corporate matching gift programs, where employees often face cumbersome manual steps to prove their donations, creating friction that reduces participation.

## Target Users & Use Cases
The venture plans to initially focus its launch on solving the corporate matching gift program verification problem, targeting employees who need to prove donations and the corporate social responsibility or HR teams that administer these programs. For its planned pilot phase, the venture proposes to target initial outreach specifically to programs administered by Benevity, a well-known corporate matching gift platform, to validate its solution with a defined user base. Following this initial focus, the venture plans to expand to target brands seeking to validate their supply chains and consumers looking for trustworthy ethical goods. Broader scenarios planned for later development include discovering vetted, ethical suppliers (from large, global operations to local, artisanal producers), verifying material provenance with confidence, and providing transparent proof of sourcing standards to end customers. A planned, specific target user group for later outreach is procurement teams within consumer goods companies participating in sustainability certification or reporting programs, who need a streamlined way to discover vetted suppliers and provide indisputable proof of their ethical sourcing actions to qualify for certifications or meet regulatory requirements. To validate this planned 'discover vetted suppliers' use case before development, the venture plans to propose conducting a small survey with procurement team members from one specific, widely recognized sustainability certification program, such as Fair Trade International or B Corp.

## Solution / Product Overview
The venture plans to build a tool that creates a digital fingerprint of a user's charitable event data—such as a donation receipt for a matching gift program—and records proof of that fingerprint on a public, time-stamped ledger. The approach is proposed to be secure and privacy-preserving: users would not upload sensitive raw data; instead, a compact fingerprint would serve as durable evidence. This is positioned as a quiet safeguard for digital truth that donors, nonprofits, and corporate verifiers can rely on. To increase trust, the team plans to explore adding a decentralized, community-run witness network to provide a secondary, distributed layer of attestation to the ledger's timestamps. Furthermore, the venture plans to explore the development of a simple, open-source verification widget that any third-party website (like a nonprofit's blog or a corporate social responsibility page) could embed to allow visitors to independently verify the timestamp and authenticity of a claimed charitable fingerprint directly from that page. To validate this 'verification widget' concept, the venture plans to propose a small, targeted test by building a mock-up and seeking feedback from 3-5 nonprofit website administrators on usability and perceived trust value.

## Delivery Model
The venture plans a lightweight, privacy-first implementation. It would not store sensitive donor financial details or the underlying event files. Instead, it would generate compact, anonymized fingerprints of that data for ledger anchoring. The goal is a secure and resource-conscious design that maintains long-term verifiability with minimal infrastructure. The team plans to build a clean public interface and supporting infrastructure to make the verification tools usable by its target audience, starting with the matching gift use case.

## Revenue Logic
The venture plans to generate revenue primarily through a transaction-based model, charging a fee for each verifiable digital fingerprint anchored to the public ledger. This would apply initially to entities in the matching gift ecosystem (such as nonprofits or the verifying corporations themselves) seeking to create a permanent, auditable record of a donation. The venture plans to explore a tiered pricing test for this transaction fee, where the fee would vary based on the complexity of the data being fingerprinted. To validate this model with a planned pilot group, the venture proposes a small, targeted test using one specific variable: the number of distinct data fields in a donation receipt. A receipt exceeding a defined threshold of fields would trigger a higher fee, allowing the team to explore price sensitivity among different user segments and use cases. To validate the core user benefit for the initial matching gift use case, the venture also plans to propose a small, targeted test, such as a simulated workflow test with 5-10 employees to measure time saved versus the current manual verification process. The venture also plans to explore offering optional subscription tiers for high-volume users, which could include advanced provenance reporting features, supply chain management capabilities, or enhanced integration services for enterprise procurement or certification programs as it expands beyond the initial use case. An initial free trial period for generating a limited number of fingerprints is proposed to onboard partners.

## Distinctiveness
The venture aims to differentiate itself by offering heirloom-quality goods that merge immediate, tangible material qualities with enduring digital proof of ethical sourcing. Its proposed system does not just provide a product; it aims to create a permanent, independently verifiable record that the materials were sourced according to specific ethical standards at a specific time, addressing the credibility problem of sustainability claims. This focus on verifiable provenance from a specific, ethical source is presented as a unique safeguard for both consumer trust and material truth. The venture plans to explore a further point of differentiation: structuring its public ledger not just as a tamper-proof record, but as a machine-readable, open registry of ethical sourcing standards. To demonstrate focus and technical feasibility, the venture plans to explore initially supporting a single, concrete standard such as the Fair Trade certification framework within this ledger architecture. This would allow the fingerprints to be programmatically linked to the precise definitions of the ethical standards they claim to uphold, aiming to create a new layer of semantic clarity and auditability that is missing from current provenance claims. To validate this 'machine-readable ledger' concept, the venture plans to propose drafting a simple, public specification document for how Fair Trade certification data would be represented, and seeking review from 3-5 individuals with expertise in that specific standard.","## One-Sentence Summary
A privacy-first platform that generates verifiable digital fingerprints of ethical sourcing events and anchors them to a public, tamper-proof ledger, giving brands and consumers indisputable proof of provenance while protecting sensitive operational data.

## Problem
The venture plans to address a digital landscape saturated with manipulation and duplication, where it is increasingly difficult to establish what is original or real. The central challenge is enabling people to credibly prove the authenticity and first possession of a digital record—such as a donation confirmation or an impact report—amid pervasive skepticism and the ease of generating false claims. A specific, related challenge the venture plans to explore is the inefficiency and lack of standardization in the verification process for corporate matching gift programs, where employees often face cumbersome manual steps to prove their donations, creating friction that reduces participation.

## Target Users & Use Cases
The venture plans to initially focus its launch on solving the corporate matching gift program verification problem, targeting employees who need to prove donations and the corporate social responsibility or HR teams that administer these programs. For its planned pilot phase, the venture proposes to target initial outreach specifically to programs administered by Benevity, a well-known corporate matching gift platform, to validate its solution with a defined user base. Following this initial focus, the venture plans to expand to target brands seeking to validate their supply chains and consumers looking for trustworthy ethical goods. Broader scenarios planned for later development include discovering vetted, ethical suppliers (from large, global operations to local, artisanal producers), verifying material provenance with confidence, and providing transparent proof of sourcing standards to end customers. A planned, specific target user group for later outreach is procurement teams within consumer goods companies participating in sustainability certification or reporting programs, who need a streamlined way to discover vetted suppliers and provide indisputable proof of their ethical sourcing actions to qualify for certifications or meet regulatory requirements. To validate this planned 'discover vetted suppliers' use case before development, the venture plans to propose conducting a small survey with procurement team members from one specific, widely recognized sustainability certification program, such as Fair Trade International or B Corp.

## Solution / Product Overview
The venture plans to build a tool that creates a digital fingerprint of a user's charitable event data—such as a donation receipt for a matching gift program—and records proof of that fingerprint on a public, time-stamped ledger. The approach is proposed to be secure and privacy-preserving: users would not upload sensitive raw data; instead, a compact fingerprint would serve as durable evidence. This is positioned as a quiet safeguard for digital truth that donors, nonprofits, and corporate verifiers can rely on. To increase trust, the team plans to explore adding a decentralized, community-run witness network to provide a secondary, distributed layer of attestation to the ledger's timestamps. Furthermore, the venture plans to explore the development of a simple, open-source verification widget that any third-party website (like a nonprofit's blog or a corporate social responsibility page) could embed to allow visitors to independently verify the timestamp and authenticity of a claimed charitable fingerprint directly from that page.

## Delivery Model
The venture plans a lightweight, privacy-first implementation. It would not store sensitive donor financial details or the underlying event files. Instead, it would generate compact, anonymized fingerprints of that data for ledger anchoring. The goal is a secure and resource-conscious design that maintains long-term verifiability with minimal infrastructure. The team plans to build a clean public interface and supporting infrastructure to make the verification tools usable by its target audience, starting with the matching gift use case.

## Revenue Logic
The venture plans to generate revenue primarily through a transaction-based model, charging a fee for each verifiable digital fingerprint anchored to the public ledger. This would apply initially to entities in the matching gift ecosystem (such as nonprofits or the verifying corporations themselves) seeking to create a permanent, auditable record of a donation. The venture plans to explore a tiered pricing test for this transaction fee, where the fee would vary based on the complexity of the data being fingerprinted. To validate this model with a planned pilot group, the venture proposes a small, targeted test using one specific variable: the number of distinct data fields in a donation receipt. A receipt exceeding a defined threshold of fields would trigger a higher fee, allowing the team to explore price sensitivity among different user segments and use cases. To validate the core user benefit for the initial matching gift use case, the venture also plans to propose a small, targeted test, such as a simulated workflow test with 5-10 employees to measure time saved versus the current manual verification process. The venture also plans to explore offering optional subscription tiers for high-volume users, which could include advanced provenance reporting features, supply chain management capabilities, or enhanced integration services for enterprise procurement or certification programs as it expands beyond the initial use case. An initial free trial period for generating a limited number of fingerprints is proposed to onboard partners.

## Distinctiveness
The venture aims to differentiate itself by offering heirloom-quality goods that merge immediate, tangible material qualities with enduring digital proof of ethical sourcing. Its proposed system does not just provide a product; it aims to create a permanent, independently verifiable record that the materials were sourced according to specific ethical standards at a specific time, addressing the credibility problem of sustainability claims. This focus on verifiable provenance from a specific, ethical source is presented as a unique safeguard for both consumer trust and material truth. The venture plans to explore a further point of differentiation: structuring its public ledger not just as a tamper-proof record, but as a machine-readable, open registry of ethical sourcing standards. To demonstrate focus and technical feasibility, the venture plans to explore initially supporting a single, concrete standard such as the Fair Trade certification framework within this ledger architecture. This would allow the fingerprints to be programmatically linked to the precise definitions of the ethical standards they claim to uphold, aiming to create a new layer of semantic clarity and auditability that is missing from current provenance claims. To validate this 'machine-readable ledger' concept, the venture plans to propose drafting a simple, public specification document for how Fair Trade certification data would be represented, and seeking review from 3-5 individuals with expertise in that specific standard."
"local","10","L10.2","specialized_rewrite","L9.1","","False","prospective_framing_safeguard","[""The venture proposes a clear, small-scale pilot plan: to target outreach specifically to employees from 2-3 specific corporate programs administered by Benevity""]","True","accepted","[]","Prospective-framing safeguard overrode the model's rejection because every flagged claim is explicitly hypothetical, proposed, planned, or future-tense and none asserts an existing accomplishment. Initial model analysis: The source material states the venture 'proposes to target initial outreach specifically to programs administered by Benevity' for its pilot. The candidate adds a specific, quantified detail ('2-3 specific corporate programs') that is not present in the source. This turns a general proposal into a more concrete, quantified plan that was not authorized, constituting an unsupported claim about the venture's specific planned activities.","## One-Sentence Summary
A privacy-first platform that generates verifiable digital fingerprints of ethical sourcing events and anchors them to a public, tamper-proof ledger, giving brands and consumers indisputable proof of provenance while protecting sensitive operational data.

## Problem
The venture plans to address a digital landscape saturated with manipulation and duplication, where it is increasingly difficult to establish what is original or real. The central challenge is enabling people to credibly prove the authenticity and first possession of a digital record—such as a donation confirmation or an impact report—amid pervasive skepticism and the ease of generating false claims. A specific, related challenge the venture plans to explore is the inefficiency and lack of standardization in the verification process for corporate matching gift programs, where employees often face cumbersome manual steps to prove their donations, creating friction that reduces participation.

## Target Users & Use Cases
The venture plans to initially focus its launch on solving the corporate matching gift program verification problem, targeting employees who need to prove donations and the corporate social responsibility or HR teams that administer these programs. For its planned pilot phase, the venture proposes a clear, small-scale pilot plan: to target outreach specifically to employees from 2-3 specific corporate programs administered by Benevity, a well-known corporate matching gift platform, to validate its solution with a defined user base. Following this initial focus, the venture plans to expand to target brands seeking to validate their supply chains and consumers looking for trustworthy ethical goods. Broader scenarios planned for later development include discovering vetted, ethical suppliers (from large, global operations to local, artisanal producers), verifying material provenance with confidence, and providing transparent proof of sourcing standards to end customers. A planned, specific target user group for later outreach is procurement teams within consumer goods companies participating in sustainability certification or reporting programs, who need a streamlined way to discover vetted suppliers and provide indisputable proof of their ethical sourcing actions to qualify for certifications or meet regulatory requirements. To validate this planned 'discover vetted suppliers' use case before development, the venture plans to propose conducting a small survey with procurement team members from one specific, widely recognized sustainability certification program, such as Fair Trade International or B Corp.

## Solution / Product Overview
The venture plans to build a tool that creates a digital fingerprint of a user's charitable event data—such as a donation receipt for a matching gift program—and records proof of that fingerprint on a public, time-stamped ledger. The approach is proposed to be secure and privacy-preserving: users would not upload sensitive raw data; instead, a compact fingerprint would serve as durable evidence. This is positioned as a quiet safeguard for digital truth that donors, nonprofits, and corporate verifiers can rely on. To increase trust, the team plans to explore adding a decentralized, community-run witness network to provide a secondary, distributed layer of attestation to the ledger's timestamps. Furthermore, the venture plans to explore the development of a simple, open-source verification widget that any third-party website (like a nonprofit's blog or a corporate social responsibility page) could embed to allow visitors to independently verify the timestamp and authenticity of a claimed charitable fingerprint directly from that page.

## Delivery Model
The venture plans a lightweight, privacy-first implementation. It would not store sensitive donor financial details or the underlying event files. Instead, it would generate compact, anonymized fingerprints of that data for ledger anchoring. The goal is a secure and resource-conscious design that maintains long-term verifiability with minimal infrastructure. The team plans to build a clean public interface and supporting infrastructure to make the verification tools usable by its target audience, starting with the matching gift use case.

## Revenue Logic
The venture plans to generate revenue primarily through a transaction-based model, charging a fee for each verifiable digital fingerprint anchored to the public ledger. This would apply initially to entities in the matching gift ecosystem (such as nonprofits or the verifying corporations themselves) seeking to create a permanent, auditable record of a donation. The venture plans to explore a tiered pricing test for this transaction fee, where the fee would vary based on the complexity of the data being fingerprinted. To validate this model with a planned pilot group, the venture proposes a small, targeted test using one specific variable: the number of distinct data fields in a donation receipt. A receipt exceeding a defined threshold of fields would trigger a higher fee, allowing the team to explore price sensitivity among different user segments and use cases. To validate the core user benefit for the initial matching gift use case, the venture also plans to propose a small, targeted test, such as a simulated workflow test with 5-10 employees to measure time saved versus the current manual verification process. The venture also plans to explore offering optional subscription tiers for high-volume users, which could include advanced provenance reporting features, supply chain management capabilities, or enhanced integration services for enterprise procurement or certification programs as it expands beyond the initial use case. An initial free trial period for generating a limited number of fingerprints is proposed to onboard partners.

## Distinctiveness
The venture aims to differentiate itself by offering heirloom-quality goods that merge immediate, tangible material qualities with enduring digital proof of ethical sourcing. Its proposed system does not just provide a product; it aims to create a permanent, independently verifiable record that the materials were sourced according to specific ethical standards at a specific time, addressing the credibility problem of sustainability claims. This focus on verifiable provenance from a specific, ethical source is presented as a unique safeguard for both consumer trust and material truth. The venture plans to explore a further point of differentiation: structuring its public ledger not just as a tamper-proof record, but as a machine-readable, open registry of ethical sourcing standards. To demonstrate focus and technical feasibility, the venture plans to explore initially supporting a single, concrete standard such as the Fair Trade certification framework within this ledger architecture. This would allow the fingerprints to be programmatically linked to the precise definitions of the ethical standards they claim to uphold, aiming to create a new layer of semantic clarity and auditability that is missing from current provenance claims. To validate this 'machine-readable ledger' concept, the venture plans to propose drafting a simple, public specification document for how Fair Trade certification data would be represented, and seeking review from 3-5 individuals with expertise in that specific standard.","## One-Sentence Summary
A privacy-first platform that generates verifiable digital fingerprints of ethical sourcing events and anchors them to a public, tamper-proof ledger, giving brands and consumers indisputable proof of provenance while protecting sensitive operational data.

## Problem
The venture plans to address a digital landscape saturated with manipulation and duplication, where it is increasingly difficult to establish what is original or real. The central challenge is enabling people to credibly prove the authenticity and first possession of a digital record—such as a donation confirmation or an impact report—amid pervasive skepticism and the ease of generating false claims. A specific, related challenge the venture plans to explore is the inefficiency and lack of standardization in the verification process for corporate matching gift programs, where employees often face cumbersome manual steps to prove their donations, creating friction that reduces participation.

## Target Users & Use Cases
The venture plans to initially focus its launch on solving the corporate matching gift program verification problem, targeting employees who need to prove donations and the corporate social responsibility or HR teams that administer these programs. For its planned pilot phase, the venture proposes a clear, small-scale pilot plan: to target outreach specifically to employees from 2-3 specific corporate programs administered by Benevity, a well-known corporate matching gift platform, to validate its solution with a defined user base. Following this initial focus, the venture plans to expand to target brands seeking to validate their supply chains and consumers looking for trustworthy ethical goods. Broader scenarios planned for later development include discovering vetted, ethical suppliers (from large, global operations to local, artisanal producers), verifying material provenance with confidence, and providing transparent proof of sourcing standards to end customers. A planned, specific target user group for later outreach is procurement teams within consumer goods companies participating in sustainability certification or reporting programs, who need a streamlined way to discover vetted suppliers and provide indisputable proof of their ethical sourcing actions to qualify for certifications or meet regulatory requirements. To validate this planned 'discover vetted suppliers' use case before development, the venture plans to propose conducting a small survey with procurement team members from one specific, widely recognized sustainability certification program, such as Fair Trade International or B Corp.

## Solution / Product Overview
The venture plans to build a tool that creates a digital fingerprint of a user's charitable event data—such as a donation receipt for a matching gift program—and records proof of that fingerprint on a public, time-stamped ledger. The approach is proposed to be secure and privacy-preserving: users would not upload sensitive raw data; instead, a compact fingerprint would serve as durable evidence. This is positioned as a quiet safeguard for digital truth that donors, nonprofits, and corporate verifiers can rely on. To increase trust, the team plans to explore adding a decentralized, community-run witness network to provide a secondary, distributed layer of attestation to the ledger's timestamps. Furthermore, the venture plans to explore the development of a simple, open-source verification widget that any third-party website (like a nonprofit's blog or a corporate social responsibility page) could embed to allow visitors to independently verify the timestamp and authenticity of a claimed charitable fingerprint directly from that page.

## Delivery Model
The venture plans a lightweight, privacy-first implementation. It would not store sensitive donor financial details or the underlying event files. Instead, it would generate compact, anonymized fingerprints of that data for ledger anchoring. The goal is a secure and resource-conscious design that maintains long-term verifiability with minimal infrastructure. The team plans to build a clean public interface and supporting infrastructure to make the verification tools usable by its target audience, starting with the matching gift use case.

## Revenue Logic
The venture plans to generate revenue primarily through a transaction-based model, charging a fee for each verifiable digital fingerprint anchored to the public ledger. This would apply initially to entities in the matching gift ecosystem (such as nonprofits or the verifying corporations themselves) seeking to create a permanent, auditable record of a donation. The venture plans to explore a tiered pricing test for this transaction fee, where the fee would vary based on the complexity of the data being fingerprinted. To validate this model with a planned pilot group, the venture proposes a small, targeted test using one specific variable: the number of distinct data fields in a donation receipt. A receipt exceeding a defined threshold of fields would trigger a higher fee, allowing the team to explore price sensitivity among different user segments and use cases. To validate the core user benefit for the initial matching gift use case, the venture also plans to propose a small, targeted test, such as a simulated workflow test with 5-10 employees to measure time saved versus the current manual verification process. The venture also plans to explore offering optional subscription tiers for high-volume users, which could include advanced provenance reporting features, supply chain management capabilities, or enhanced integration services for enterprise procurement or certification programs as it expands beyond the initial use case. An initial free trial period for generating a limited number of fingerprints is proposed to onboard partners.

## Distinctiveness
The venture aims to differentiate itself by offering heirloom-quality goods that merge immediate, tangible material qualities with enduring digital proof of ethical sourcing. Its proposed system does not just provide a product; it aims to create a permanent, independently verifiable record that the materials were sourced according to specific ethical standards at a specific time, addressing the credibility problem of sustainability claims. This focus on verifiable provenance from a specific, ethical source is presented as a unique safeguard for both consumer trust and material truth. The venture plans to explore a further point of differentiation: structuring its public ledger not just as a tamper-proof record, but as a machine-readable, open registry of ethical sourcing standards. To demonstrate focus and technical feasibility, the venture plans to explore initially supporting a single, concrete standard such as the Fair Trade certification framework within this ledger architecture. This would allow the fingerprints to be programmatically linked to the precise definitions of the ethical standards they claim to uphold, aiming to create a new layer of semantic clarity and auditability that is missing from current provenance claims. To validate this 'machine-readable ledger' concept, the venture plans to propose drafting a simple, public specification document for how Fair Trade certification data would be represented, and seeking review from 3-5 individuals with expertise in that specific standard."
"local","10","L10.3","specialized_rewrite","L9.1","","True","model_audit","[]","True","accepted","[]","All statements in the candidate are either verbatim from the source material or are new proposals, plans, or targets explicitly framed as future actions (e.g., 'plans to propose publishing a draft data schema...'). No claims of existing traction, status, or accomplishments were invented.","## One-Sentence Summary
A privacy-first platform that generates verifiable digital fingerprints of ethical sourcing events and anchors them to a public, tamper-proof ledger, giving brands and consumers indisputable proof of provenance while protecting sensitive operational data.

## Problem
The venture plans to address a digital landscape saturated with manipulation and duplication, where it is increasingly difficult to establish what is original or real. The central challenge is enabling people to credibly prove the authenticity and first possession of a digital record—such as a donation confirmation or an impact report—amid pervasive skepticism and the ease of generating false claims. A specific, related challenge the venture plans to explore is the inefficiency and lack of standardization in the verification process for corporate matching gift programs, where employees often face cumbersome manual steps to prove their donations, creating friction that reduces participation.

## Target Users & Use Cases
The venture plans to initially focus its launch on solving the corporate matching gift program verification problem, targeting employees who need to prove donations and the corporate social responsibility or HR teams that administer these programs. For its planned pilot phase, the venture proposes to target initial outreach specifically to programs administered by Benevity, a well-known corporate matching gift platform, to validate its solution with a defined user base. Following this initial focus, the venture plans to expand to target brands seeking to validate their supply chains and consumers looking for trustworthy ethical goods. Broader scenarios planned for later development include discovering vetted, ethical suppliers (from large, global operations to local, artisanal producers), verifying material provenance with confidence, and providing transparent proof of sourcing standards to end customers. A planned, specific target user group for later outreach is procurement teams within consumer goods companies participating in sustainability certification or reporting programs, who need a streamlined way to discover vetted suppliers and provide indisputable proof of their ethical sourcing actions to qualify for certifications or meet regulatory requirements. To validate this planned 'discover vetted suppliers' use case before development, the venture plans to propose conducting a small survey with procurement team members from one specific, widely recognized sustainability certification program, such as Fair Trade International or B Corp.

## Solution / Product Overview
The venture plans to build a tool that creates a digital fingerprint of a user's charitable event data—such as a donation receipt for a matching gift program—and records proof of that fingerprint on a public, time-stamped ledger. The approach is proposed to be secure and privacy-preserving: users would not upload sensitive raw data; instead, a compact fingerprint would serve as durable evidence. This is positioned as a quiet safeguard for digital truth that donors, nonprofits, and corporate verifiers can rely on. To increase trust, the team plans to explore adding a decentralized, community-run witness network to provide a secondary, distributed layer of attestation to the ledger's timestamps. Furthermore, the venture plans to explore the development of a simple, open-source verification widget that any third-party website (like a nonprofit's blog or a corporate social responsibility page) could embed to allow visitors to independently verify the timestamp and authenticity of a claimed charitable fingerprint directly from that page.

## Delivery Model
The venture plans a lightweight, privacy-first implementation. It would not store sensitive donor financial details or the underlying event files. Instead, it would generate compact, anonymized fingerprints of that data for ledger anchoring. The goal is a secure and resource-conscious design that maintains long-term verifiability with minimal infrastructure. The team plans to build a clean public interface and supporting infrastructure to make the verification tools usable by its target audience, starting with the matching gift use case.

## Revenue Logic
The venture plans to generate revenue primarily through a transaction-based model, charging a fee for each verifiable digital fingerprint anchored to the public ledger. This would apply initially to entities in the matching gift ecosystem (such as nonprofits or the verifying corporations themselves) seeking to create a permanent, auditable record of a donation. The venture plans to explore a tiered pricing test for this transaction fee, where the fee would vary based on the complexity of the data being fingerprinted. To validate this model with a planned pilot group, the venture proposes a small, targeted test using one specific variable: the number of distinct data fields in a donation receipt. A receipt exceeding a defined threshold of fields would trigger a higher fee, allowing the team to explore price sensitivity among different user segments and use cases. To validate the core user benefit for the initial matching gift use case, the venture also plans to propose a small, targeted test, such as a simulated workflow test with 5-10 employees to measure time saved versus the current manual verification process. The venture also plans to explore offering optional subscription tiers for high-volume users, which could include advanced provenance reporting features, supply chain management capabilities, or enhanced integration services for enterprise procurement or certification programs as it expands beyond the initial use case. An initial free trial period for generating a limited number of fingerprints is proposed to onboard partners.

## Distinctiveness
The venture aims to differentiate itself by offering heirloom-quality goods that merge immediate, tangible material qualities with enduring digital proof of ethical sourcing. Its proposed system does not just provide a product; it aims to create a permanent, independently verifiable record that the materials were sourced according to specific ethical standards at a specific time, addressing the credibility problem of sustainability claims. This focus on verifiable provenance from a specific, ethical source is presented as a unique safeguard for both consumer trust and material truth. The venture plans to explore a further point of differentiation: structuring its public ledger not just as a tamper-proof record, but as a machine-readable, open registry of ethical sourcing standards. To demonstrate focus and technical feasibility, the venture plans to explore initially supporting a single, concrete standard such as the Fair Trade certification framework within this ledger architecture. This would allow the fingerprints to be programmatically linked to the precise definitions of the ethical standards they claim to uphold, aiming to create a new layer of semantic clarity and auditability that is missing from current provenance claims. To validate this 'machine-readable ledger' concept, the venture plans to propose drafting a simple, public specification document for how Fair Trade certification data would be represented, and seeking review from 3-5 individuals with expertise in that specific standard. As a specific, limited technical milestone for this concept, the venture plans to propose publishing a draft data schema for a single Fair Trade certification claim (e.g., 'Fair Trade coffee from cooperative X') on a public test ledger.","## One-Sentence Summary
A privacy-first platform that generates verifiable digital fingerprints of ethical sourcing events and anchors them to a public, tamper-proof ledger, giving brands and consumers indisputable proof of provenance while protecting sensitive operational data.

## Problem
The venture plans to address a digital landscape saturated with manipulation and duplication, where it is increasingly difficult to establish what is original or real. The central challenge is enabling people to credibly prove the authenticity and first possession of a digital record—such as a donation confirmation or an impact report—amid pervasive skepticism and the ease of generating false claims. A specific, related challenge the venture plans to explore is the inefficiency and lack of standardization in the verification process for corporate matching gift programs, where employees often face cumbersome manual steps to prove their donations, creating friction that reduces participation.

## Target Users & Use Cases
The venture plans to initially focus its launch on solving the corporate matching gift program verification problem, targeting employees who need to prove donations and the corporate social responsibility or HR teams that administer these programs. For its planned pilot phase, the venture proposes to target initial outreach specifically to programs administered by Benevity, a well-known corporate matching gift platform, to validate its solution with a defined user base. Following this initial focus, the venture plans to expand to target brands seeking to validate their supply chains and consumers looking for trustworthy ethical goods. Broader scenarios planned for later development include discovering vetted, ethical suppliers (from large, global operations to local, artisanal producers), verifying material provenance with confidence, and providing transparent proof of sourcing standards to end customers. A planned, specific target user group for later outreach is procurement teams within consumer goods companies participating in sustainability certification or reporting programs, who need a streamlined way to discover vetted suppliers and provide indisputable proof of their ethical sourcing actions to qualify for certifications or meet regulatory requirements. To validate this planned 'discover vetted suppliers' use case before development, the venture plans to propose conducting a small survey with procurement team members from one specific, widely recognized sustainability certification program, such as Fair Trade International or B Corp.

## Solution / Product Overview
The venture plans to build a tool that creates a digital fingerprint of a user's charitable event data—such as a donation receipt for a matching gift program—and records proof of that fingerprint on a public, time-stamped ledger. The approach is proposed to be secure and privacy-preserving: users would not upload sensitive raw data; instead, a compact fingerprint would serve as durable evidence. This is positioned as a quiet safeguard for digital truth that donors, nonprofits, and corporate verifiers can rely on. To increase trust, the team plans to explore adding a decentralized, community-run witness network to provide a secondary, distributed layer of attestation to the ledger's timestamps. Furthermore, the venture plans to explore the development of a simple, open-source verification widget that any third-party website (like a nonprofit's blog or a corporate social responsibility page) could embed to allow visitors to independently verify the timestamp and authenticity of a claimed charitable fingerprint directly from that page.

## Delivery Model
The venture plans a lightweight, privacy-first implementation. It would not store sensitive donor financial details or the underlying event files. Instead, it would generate compact, anonymized fingerprints of that data for ledger anchoring. The goal is a secure and resource-conscious design that maintains long-term verifiability with minimal infrastructure. The team plans to build a clean public interface and supporting infrastructure to make the verification tools usable by its target audience, starting with the matching gift use case.

## Revenue Logic
The venture plans to generate revenue primarily through a transaction-based model, charging a fee for each verifiable digital fingerprint anchored to the public ledger. This would apply initially to entities in the matching gift ecosystem (such as nonprofits or the verifying corporations themselves) seeking to create a permanent, auditable record of a donation. The venture plans to explore a tiered pricing test for this transaction fee, where the fee would vary based on the complexity of the data being fingerprinted. To validate this model with a planned pilot group, the venture proposes a small, targeted test using one specific variable: the number of distinct data fields in a donation receipt. A receipt exceeding a defined threshold of fields would trigger a higher fee, allowing the team to explore price sensitivity among different user segments and use cases. To validate the core user benefit for the initial matching gift use case, the venture also plans to propose a small, targeted test, such as a simulated workflow test with 5-10 employees to measure time saved versus the current manual verification process. The venture also plans to explore offering optional subscription tiers for high-volume users, which could include advanced provenance reporting features, supply chain management capabilities, or enhanced integration services for enterprise procurement or certification programs as it expands beyond the initial use case. An initial free trial period for generating a limited number of fingerprints is proposed to onboard partners.

## Distinctiveness
The venture aims to differentiate itself by offering heirloom-quality goods that merge immediate, tangible material qualities with enduring digital proof of ethical sourcing. Its proposed system does not just provide a product; it aims to create a permanent, independently verifiable record that the materials were sourced according to specific ethical standards at a specific time, addressing the credibility problem of sustainability claims. This focus on verifiable provenance from a specific, ethical source is presented as a unique safeguard for both consumer trust and material truth. The venture plans to explore a further point of differentiation: structuring its public ledger not just as a tamper-proof record, but as a machine-readable, open registry of ethical sourcing standards. To demonstrate focus and technical feasibility, the venture plans to explore initially supporting a single, concrete standard such as the Fair Trade certification framework within this ledger architecture. This would allow the fingerprints to be programmatically linked to the precise definitions of the ethical standards they claim to uphold, aiming to create a new layer of semantic clarity and auditability that is missing from current provenance claims. To validate this 'machine-readable ledger' concept, the venture plans to propose drafting a simple, public specification document for how Fair Trade certification data would be represented, and seeking review from 3-5 individuals with expertise in that specific standard. As a specific, limited technical milestone for this concept, the venture plans to propose publishing a draft data schema for a single Fair Trade certification claim (e.g., 'Fair Trade coffee from cooperative X') on a public test ledger."
"local","10","L10.4","specialized_rewrite","L9.1","","True","model_audit","[]","True","accepted","[]","All statements in the candidate are either verbatim from the source material or are new proposals, plans, or targets that are explicitly framed as such (e.g., 'plans to explore', 'proposes to target', 'plans to propose', 'plans to explore a tiered pricing test'). The candidate introduces a specific threshold ('more than 5 distinct data fields') for the tiered pricing test, which is a new, quantified detail for a proposed test. This is permissible as it is framed as part of a future plan ('The test would define...'), not as an existing fact or accomplished evidence. No claims of existing traction, customers, revenue, or development status are made.","## One-Sentence Summary
A privacy-first platform that generates verifiable digital fingerprints of ethical sourcing events and anchors them to a public, tamper-proof ledger, giving brands and consumers indisputable proof of provenance while protecting sensitive operational data.

## Problem
The venture plans to address a digital landscape saturated with manipulation and duplication, where it is increasingly difficult to establish what is original or real. The central challenge is enabling people to credibly prove the authenticity and first possession of a digital record—such as a donation confirmation or an impact report—amid pervasive skepticism and the ease of generating false claims. A specific, related challenge the venture plans to explore is the inefficiency and lack of standardization in the verification process for corporate matching gift programs, where employees often face cumbersome manual steps to prove their donations, creating friction that reduces participation.

## Target Users & Use Cases
The venture plans to initially focus its launch on solving the corporate matching gift program verification problem, targeting employees who need to prove donations and the corporate social responsibility or HR teams that administer these programs. For its planned pilot phase, the venture proposes to target initial outreach specifically to programs administered by Benevity, a well-known corporate matching gift platform, to validate its solution with a defined user base. Following this initial focus, the venture plans to expand to target brands seeking to validate their supply chains and consumers looking for trustworthy ethical goods. Broader scenarios planned for later development include discovering vetted, ethical suppliers (from large, global operations to local, artisanal producers), verifying material provenance with confidence, and providing transparent proof of sourcing standards to end customers. A planned, specific target user group for later outreach is procurement teams within consumer goods companies participating in sustainability certification or reporting programs, who need a streamlined way to discover vetted suppliers and provide indisputable proof of their ethical sourcing actions to qualify for certifications or meet regulatory requirements. To validate this planned 'discover vetted suppliers' use case before development, the venture plans to propose conducting a small survey with procurement team members from one specific, widely recognized sustainability certification program, such as Fair Trade International or B Corp.

## Solution / Product Overview
The venture plans to build a tool that creates a digital fingerprint of a user's charitable event data—such as a donation receipt for a matching gift program—and records proof of that fingerprint on a public, time-stamped ledger. The approach is proposed to be secure and privacy-preserving: users would not upload sensitive raw data; instead, a compact fingerprint would serve as durable evidence. This is positioned as a quiet safeguard for digital truth that donors, nonprofits, and corporate verifiers can rely on. To increase trust, the team plans to explore adding a decentralized, community-run witness network to provide a secondary, distributed layer of attestation to the ledger's timestamps. Furthermore, the venture plans to explore the development of a simple, open-source verification widget that any third-party website (like a nonprofit's blog or a corporate social responsibility page) could embed to allow visitors to independently verify the timestamp and authenticity of a claimed charitable fingerprint directly from that page.

## Delivery Model
The venture plans a lightweight, privacy-first implementation. It would not store sensitive donor financial details or the underlying event files. Instead, it would generate compact, anonymized fingerprints of that data for ledger anchoring. The goal is a secure and resource-conscious design that maintains long-term verifiability with minimal infrastructure. The team plans to build a clean public interface and supporting infrastructure to make the verification tools usable by its target audience, starting with the matching gift use case.

## Revenue Logic
The venture plans to generate revenue primarily through a transaction-based model, charging a fee for each verifiable digital fingerprint anchored to the public ledger. This would apply initially to entities in the matching gift ecosystem (such as nonprofits or the verifying corporations themselves) seeking to create a permanent, auditable record of a donation. The venture plans to explore a tiered pricing test for this transaction fee. This test is planned to involve two pricing tiers: a basic tier and a complex tier. The test would define a specific threshold where a donation receipt containing more than 5 distinct data fields would qualify for the complex tier and trigger a higher fee, allowing the team to explore price sensitivity among different user segments and use cases. To validate the core user benefit for the initial matching gift use case, the venture also plans to propose a small, targeted test, such as a simulated workflow test with 5-10 employees to measure time saved versus the current manual verification process. The venture also plans to explore offering optional subscription tiers for high-volume users, which could include advanced provenance reporting features, supply chain management capabilities, or enhanced integration services for enterprise procurement or certification programs as it expands beyond the initial use case. An initial free trial period for generating a limited number of fingerprints is proposed to onboard partners.

## Distinctiveness
The venture aims to differentiate itself by offering heirloom-quality goods that merge immediate, tangible material qualities with enduring digital proof of ethical sourcing. Its proposed system does not just provide a product; it aims to create a permanent, independently verifiable record that the materials were sourced according to specific ethical standards at a specific time, addressing the credibility problem of sustainability claims. This focus on verifiable provenance from a specific, ethical source is presented as a unique safeguard for both consumer trust and material truth. The venture plans to explore a further point of differentiation: structuring its public ledger not just as a tamper-proof record, but as a machine-readable, open registry of ethical sourcing standards. To demonstrate focus and technical feasibility, the venture plans to explore initially supporting a single, concrete standard such as the Fair Trade certification framework within this ledger architecture. This would allow the fingerprints to be programmatically linked to the precise definitions of the ethical standards they claim to uphold, aiming to create a new layer of semantic clarity and auditability that is missing from current provenance claims. To validate this 'machine-readable ledger' concept, the venture plans to propose drafting a simple, public specification document for how Fair Trade certification data would be represented, and seeking review from 3-5 individuals with expertise in that specific standard.","## One-Sentence Summary
A privacy-first platform that generates verifiable digital fingerprints of ethical sourcing events and anchors them to a public, tamper-proof ledger, giving brands and consumers indisputable proof of provenance while protecting sensitive operational data.

## Problem
The venture plans to address a digital landscape saturated with manipulation and duplication, where it is increasingly difficult to establish what is original or real. The central challenge is enabling people to credibly prove the authenticity and first possession of a digital record—such as a donation confirmation or an impact report—amid pervasive skepticism and the ease of generating false claims. A specific, related challenge the venture plans to explore is the inefficiency and lack of standardization in the verification process for corporate matching gift programs, where employees often face cumbersome manual steps to prove their donations, creating friction that reduces participation.

## Target Users & Use Cases
The venture plans to initially focus its launch on solving the corporate matching gift program verification problem, targeting employees who need to prove donations and the corporate social responsibility or HR teams that administer these programs. For its planned pilot phase, the venture proposes to target initial outreach specifically to programs administered by Benevity, a well-known corporate matching gift platform, to validate its solution with a defined user base. Following this initial focus, the venture plans to expand to target brands seeking to validate their supply chains and consumers looking for trustworthy ethical goods. Broader scenarios planned for later development include discovering vetted, ethical suppliers (from large, global operations to local, artisanal producers), verifying material provenance with confidence, and providing transparent proof of sourcing standards to end customers. A planned, specific target user group for later outreach is procurement teams within consumer goods companies participating in sustainability certification or reporting programs, who need a streamlined way to discover vetted suppliers and provide indisputable proof of their ethical sourcing actions to qualify for certifications or meet regulatory requirements. To validate this planned 'discover vetted suppliers' use case before development, the venture plans to propose conducting a small survey with procurement team members from one specific, widely recognized sustainability certification program, such as Fair Trade International or B Corp.

## Solution / Product Overview
The venture plans to build a tool that creates a digital fingerprint of a user's charitable event data—such as a donation receipt for a matching gift program—and records proof of that fingerprint on a public, time-stamped ledger. The approach is proposed to be secure and privacy-preserving: users would not upload sensitive raw data; instead, a compact fingerprint would serve as durable evidence. This is positioned as a quiet safeguard for digital truth that donors, nonprofits, and corporate verifiers can rely on. To increase trust, the team plans to explore adding a decentralized, community-run witness network to provide a secondary, distributed layer of attestation to the ledger's timestamps. Furthermore, the venture plans to explore the development of a simple, open-source verification widget that any third-party website (like a nonprofit's blog or a corporate social responsibility page) could embed to allow visitors to independently verify the timestamp and authenticity of a claimed charitable fingerprint directly from that page.

## Delivery Model
The venture plans a lightweight, privacy-first implementation. It would not store sensitive donor financial details or the underlying event files. Instead, it would generate compact, anonymized fingerprints of that data for ledger anchoring. The goal is a secure and resource-conscious design that maintains long-term verifiability with minimal infrastructure. The team plans to build a clean public interface and supporting infrastructure to make the verification tools usable by its target audience, starting with the matching gift use case.

## Revenue Logic
The venture plans to generate revenue primarily through a transaction-based model, charging a fee for each verifiable digital fingerprint anchored to the public ledger. This would apply initially to entities in the matching gift ecosystem (such as nonprofits or the verifying corporations themselves) seeking to create a permanent, auditable record of a donation. The venture plans to explore a tiered pricing test for this transaction fee. This test is planned to involve two pricing tiers: a basic tier and a complex tier. The test would define a specific threshold where a donation receipt containing more than 5 distinct data fields would qualify for the complex tier and trigger a higher fee, allowing the team to explore price sensitivity among different user segments and use cases. To validate the core user benefit for the initial matching gift use case, the venture also plans to propose a small, targeted test, such as a simulated workflow test with 5-10 employees to measure time saved versus the current manual verification process. The venture also plans to explore offering optional subscription tiers for high-volume users, which could include advanced provenance reporting features, supply chain management capabilities, or enhanced integration services for enterprise procurement or certification programs as it expands beyond the initial use case. An initial free trial period for generating a limited number of fingerprints is proposed to onboard partners.

## Distinctiveness
The venture aims to differentiate itself by offering heirloom-quality goods that merge immediate, tangible material qualities with enduring digital proof of ethical sourcing. Its proposed system does not just provide a product; it aims to create a permanent, independently verifiable record that the materials were sourced according to specific ethical standards at a specific time, addressing the credibility problem of sustainability claims. This focus on verifiable provenance from a specific, ethical source is presented as a unique safeguard for both consumer trust and material truth. The venture plans to explore a further point of differentiation: structuring its public ledger not just as a tamper-proof record, but as a machine-readable, open registry of ethical sourcing standards. To demonstrate focus and technical feasibility, the venture plans to explore initially supporting a single, concrete standard such as the Fair Trade certification framework within this ledger architecture. This would allow the fingerprints to be programmatically linked to the precise definitions of the ethical standards they claim to uphold, aiming to create a new layer of semantic clarity and auditability that is missing from current provenance claims. To validate this 'machine-readable ledger' concept, the venture plans to propose drafting a simple, public specification document for how Fair Trade certification data would be represented, and seeking review from 3-5 individuals with expertise in that specific standard."
"local","10","L10.5","specialized_rewrite","L9.1","","True","model_audit","[]","True","accepted","[]","All statements about existing real-world evidence or status are supported by the authorized source material. The candidate adds new, detailed proposals (e.g., specific survey questions for procurement teams) but explicitly frames them as future plans ('plans to propose', 'would focus on'). No claims of existing traction, customers, tests, partnerships, or accomplishments are made. The tense distinction is properly maintained throughout.","## One-Sentence Summary
A privacy-first platform that generates verifiable digital fingerprints of ethical sourcing events and anchors them to a public, tamper-proof ledger, giving brands and consumers indisputable proof of provenance while protecting sensitive operational data.

## Problem
The venture plans to address a digital landscape saturated with manipulation and duplication, where it is increasingly difficult to establish what is original or real. The central challenge is enabling people to credibly prove the authenticity and first possession of a digital record—such as a donation confirmation or an impact report—amid pervasive skepticism and the ease of generating false claims. A specific, related challenge the venture plans to explore is the inefficiency and lack of standardization in the verification process for corporate matching gift programs, where employees often face cumbersome manual steps to prove their donations, creating friction that reduces participation.

## Target Users & Use Cases
The venture plans to initially focus its launch on solving the corporate matching gift program verification problem, targeting employees who need to prove donations and the corporate social responsibility or HR teams that administer these programs. For its planned pilot phase, the venture proposes to target initial outreach specifically to programs administered by Benevity, a well-known corporate matching gift platform, to validate its solution with a defined user base. Following this initial focus, the venture plans to expand to target brands seeking to validate their supply chains and consumers looking for trustworthy ethical goods. Broader scenarios planned for later development include discovering vetted, ethical suppliers (from large, global operations to local, artisanal producers), verifying material provenance with confidence, and providing transparent proof of sourcing standards to end customers. A planned, specific target user group for later outreach is procurement teams within consumer goods companies participating in sustainability certification or reporting programs, who need a streamlined way to discover vetted suppliers and provide indisputable proof of their ethical sourcing actions to qualify for certifications or meet regulatory requirements. To validate this planned 'discover vetted suppliers' use case before development, the venture plans to propose conducting a small survey with 10 procurement team members from companies participating in one specific, widely recognized sustainability certification program, such as Fair Trade International or B Corp. The survey would focus on current pain points, asking: 1) What is your biggest challenge in verifying a new supplier's ethical or sustainability claims? 2) How do you currently discover and vet suppliers who meet specific ethical standards? 3) What would make you confident that a supplier's ethical claim is authentic and verifiable?

## Solution / Product Overview
The venture plans to build a tool that creates a digital fingerprint of a user's charitable event data—such as a donation receipt for a matching gift program—and records proof of that fingerprint on a public, time-stamped ledger. The approach is proposed to be secure and privacy-preserving: users would not upload sensitive raw data; instead, a compact fingerprint would serve as durable evidence. This is positioned as a quiet safeguard for digital truth that donors, nonprofits, and corporate verifiers can rely on. To increase trust, the team plans to explore adding a decentralized, community-run witness network to provide a secondary, distributed layer of attestation to the ledger's timestamps. Furthermore, the venture plans to explore the development of a simple, open-source verification widget that any third-party website (like a nonprofit's blog or a corporate social responsibility page) could embed to allow visitors to independently verify the timestamp and authenticity of a claimed charitable fingerprint directly from that page.

## Delivery Model
The venture plans a lightweight, privacy-first implementation. It would not store sensitive donor financial details or the underlying event files. Instead, it would generate compact, anonymized fingerprints of that data for ledger anchoring. The goal is a secure and resource-conscious design that maintains long-term verifiability with minimal infrastructure. The team plans to build a clean public interface and supporting infrastructure to make the verification tools usable by its target audience, starting with the matching gift use case.

## Revenue Logic
The venture plans to generate revenue primarily through a transaction-based model, charging a fee for each verifiable digital fingerprint anchored to the public ledger. This would apply initially to entities in the matching gift ecosystem (such as nonprofits or the verifying corporations themselves) seeking to create a permanent, auditable record of a donation. The venture plans to explore a tiered pricing test for this transaction fee, where the fee would vary based on the complexity of the data being fingerprinted. To validate this model with a planned pilot group, the venture proposes a small, targeted test using one specific variable: the number of distinct data fields in a donation receipt. A receipt exceeding a defined threshold of fields would trigger a higher fee, allowing the team to explore price sensitivity among different user segments and use cases. To validate the core user benefit for the initial matching gift use case, the venture also plans to propose a small, targeted test, such as a simulated workflow test with 5-10 employees to measure time saved versus the current manual verification process. The venture also plans to explore offering optional subscription tiers for high-volume users, which could include advanced provenance reporting features, supply chain management capabilities, or enhanced integration services for enterprise procurement or certification programs as it expands beyond the initial use case. An initial free trial period for generating a limited number of fingerprints is proposed to onboard partners.

## Distinctiveness
The venture aims to differentiate itself by offering heirloom-quality goods that merge immediate, tangible material qualities with enduring digital proof of ethical sourcing. Its proposed system does not just provide a product; it aims to create a permanent, independently verifiable record that the materials were sourced according to specific ethical standards at a specific time, addressing the credibility problem of sustainability claims. This focus on verifiable provenance from a specific, ethical source is presented as a unique safeguard for both consumer trust and material truth. The venture plans to explore a further point of differentiation: structuring its public ledger not just as a tamper-proof record, but as a machine-readable, open registry of ethical sourcing standards. To demonstrate focus and technical feasibility, the venture plans to explore initially supporting a single, concrete standard such as the Fair Trade certification framework within this ledger architecture. This would allow the fingerprints to be programmatically linked to the precise definitions of the ethical standards they claim to uphold, aiming to create a new layer of semantic clarity and auditability that is missing from current provenance claims. To validate this 'machine-readable ledger' concept, the venture plans to propose drafting a simple, public specification document for how Fair Trade certification data would be represented, and seeking review from 3-5 individuals with expertise in that specific standard.","## One-Sentence Summary
A privacy-first platform that generates verifiable digital fingerprints of ethical sourcing events and anchors them to a public, tamper-proof ledger, giving brands and consumers indisputable proof of provenance while protecting sensitive operational data.

## Problem
The venture plans to address a digital landscape saturated with manipulation and duplication, where it is increasingly difficult to establish what is original or real. The central challenge is enabling people to credibly prove the authenticity and first possession of a digital record—such as a donation confirmation or an impact report—amid pervasive skepticism and the ease of generating false claims. A specific, related challenge the venture plans to explore is the inefficiency and lack of standardization in the verification process for corporate matching gift programs, where employees often face cumbersome manual steps to prove their donations, creating friction that reduces participation.

## Target Users & Use Cases
The venture plans to initially focus its launch on solving the corporate matching gift program verification problem, targeting employees who need to prove donations and the corporate social responsibility or HR teams that administer these programs. For its planned pilot phase, the venture proposes to target initial outreach specifically to programs administered by Benevity, a well-known corporate matching gift platform, to validate its solution with a defined user base. Following this initial focus, the venture plans to expand to target brands seeking to validate their supply chains and consumers looking for trustworthy ethical goods. Broader scenarios planned for later development include discovering vetted, ethical suppliers (from large, global operations to local, artisanal producers), verifying material provenance with confidence, and providing transparent proof of sourcing standards to end customers. A planned, specific target user group for later outreach is procurement teams within consumer goods companies participating in sustainability certification or reporting programs, who need a streamlined way to discover vetted suppliers and provide indisputable proof of their ethical sourcing actions to qualify for certifications or meet regulatory requirements. To validate this planned 'discover vetted suppliers' use case before development, the venture plans to propose conducting a small survey with 10 procurement team members from companies participating in one specific, widely recognized sustainability certification program, such as Fair Trade International or B Corp. The survey would focus on current pain points, asking: 1) What is your biggest challenge in verifying a new supplier's ethical or sustainability claims? 2) How do you currently discover and vet suppliers who meet specific ethical standards? 3) What would make you confident that a supplier's ethical claim is authentic and verifiable?

## Solution / Product Overview
The venture plans to build a tool that creates a digital fingerprint of a user's charitable event data—such as a donation receipt for a matching gift program—and records proof of that fingerprint on a public, time-stamped ledger. The approach is proposed to be secure and privacy-preserving: users would not upload sensitive raw data; instead, a compact fingerprint would serve as durable evidence. This is positioned as a quiet safeguard for digital truth that donors, nonprofits, and corporate verifiers can rely on. To increase trust, the team plans to explore adding a decentralized, community-run witness network to provide a secondary, distributed layer of attestation to the ledger's timestamps. Furthermore, the venture plans to explore the development of a simple, open-source verification widget that any third-party website (like a nonprofit's blog or a corporate social responsibility page) could embed to allow visitors to independently verify the timestamp and authenticity of a claimed charitable fingerprint directly from that page.

## Delivery Model
The venture plans a lightweight, privacy-first implementation. It would not store sensitive donor financial details or the underlying event files. Instead, it would generate compact, anonymized fingerprints of that data for ledger anchoring. The goal is a secure and resource-conscious design that maintains long-term verifiability with minimal infrastructure. The team plans to build a clean public interface and supporting infrastructure to make the verification tools usable by its target audience, starting with the matching gift use case.

## Revenue Logic
The venture plans to generate revenue primarily through a transaction-based model, charging a fee for each verifiable digital fingerprint anchored to the public ledger. This would apply initially to entities in the matching gift ecosystem (such as nonprofits or the verifying corporations themselves) seeking to create a permanent, auditable record of a donation. The venture plans to explore a tiered pricing test for this transaction fee, where the fee would vary based on the complexity of the data being fingerprinted. To validate this model with a planned pilot group, the venture proposes a small, targeted test using one specific variable: the number of distinct data fields in a donation receipt. A receipt exceeding a defined threshold of fields would trigger a higher fee, allowing the team to explore price sensitivity among different user segments and use cases. To validate the core user benefit for the initial matching gift use case, the venture also plans to propose a small, targeted test, such as a simulated workflow test with 5-10 employees to measure time saved versus the current manual verification process. The venture also plans to explore offering optional subscription tiers for high-volume users, which could include advanced provenance reporting features, supply chain management capabilities, or enhanced integration services for enterprise procurement or certification programs as it expands beyond the initial use case. An initial free trial period for generating a limited number of fingerprints is proposed to onboard partners.

## Distinctiveness
The venture aims to differentiate itself by offering heirloom-quality goods that merge immediate, tangible material qualities with enduring digital proof of ethical sourcing. Its proposed system does not just provide a product; it aims to create a permanent, independently verifiable record that the materials were sourced according to specific ethical standards at a specific time, addressing the credibility problem of sustainability claims. This focus on verifiable provenance from a specific, ethical source is presented as a unique safeguard for both consumer trust and material truth. The venture plans to explore a further point of differentiation: structuring its public ledger not just as a tamper-proof record, but as a machine-readable, open registry of ethical sourcing standards. To demonstrate focus and technical feasibility, the venture plans to explore initially supporting a single, concrete standard such as the Fair Trade certification framework within this ledger architecture. This would allow the fingerprints to be programmatically linked to the precise definitions of the ethical standards they claim to uphold, aiming to create a new layer of semantic clarity and auditability that is missing from current provenance claims. To validate this 'machine-readable ledger' concept, the venture plans to propose drafting a simple, public specification document for how Fair Trade certification data would be represented, and seeking review from 3-5 individuals with expertise in that specific standard."
"local","11","L11.1","specialized_rewrite","L10.3","","False","prospective_framing_safeguard","[""The venture also plans to propose a targeted test to measure the reduction in manual verification steps for Benevity platform administrators, not just employees, to validate the solution's value for corporate teams.""]","True","accepted","[]","Prospective-framing safeguard overrode the model's rejection because every flagged claim is explicitly hypothetical, proposed, planned, or future-tense and none asserts an existing accomplishment. Initial model analysis: The candidate introduces a new, specific validation test targeting 'Benevity platform administrators' that is not present in the authorized source material. While the source material mentions validating the solution with a defined user base via outreach to Benevity-administered programs, it does not propose a specific test for Benevity administrators. The candidate's statement presents this as a plan of the venture, which is an unsupported addition of a proposed test not found in the source.","## One-Sentence Summary
A privacy-first platform that generates verifiable digital fingerprints of ethical sourcing events and anchors them to a public, tamper-proof ledger, giving brands and consumers indisputable proof of provenance while protecting sensitive operational data.

## Problem
The venture plans to address a digital landscape saturated with manipulation and duplication, where it is increasingly difficult to establish what is original or real. The central challenge is enabling people to credibly prove the authenticity and first possession of a digital record—such as a donation confirmation or an impact report—amid pervasive skepticism and the ease of generating false claims. A specific, related challenge the venture plans to explore is the inefficiency and lack of standardization in the verification process for corporate matching gift programs, where employees often face cumbersome manual steps to prove their donations, creating friction that reduces participation.

## Target Users & Use Cases
The venture plans to initially focus its launch on solving the corporate matching gift program verification problem, targeting employees who need to prove donations and the corporate social responsibility or HR teams that administer these programs. For its planned pilot phase, the venture proposes to target initial outreach specifically to programs administered by Benevity, a well-known corporate matching gift platform, to validate its solution with a defined user base. Following this initial focus, the venture plans to expand to target brands seeking to validate their supply chains and consumers looking for trustworthy ethical goods. Broader scenarios planned for later development include discovering vetted, ethical suppliers (from large, global operations to local, artisanal producers), verifying material provenance with confidence, and providing transparent proof of sourcing standards to end customers. A planned, specific target user group for later outreach is procurement teams within consumer goods companies participating in sustainability certification or reporting programs, who need a streamlined way to discover vetted suppliers and provide indisputable proof of their ethical sourcing actions to qualify for certifications or meet regulatory requirements. To validate this planned 'discover vetted suppliers' use case before development, the venture plans to propose conducting a small survey with procurement team members from one specific, widely recognized sustainability certification program, such as Fair Trade International or B Corp.

## Solution / Product Overview
The venture plans to build a tool that creates a digital fingerprint of a user's charitable event data—such as a donation receipt for a matching gift program—and records proof of that fingerprint on a public, time-stamped ledger. The approach is proposed to be secure and privacy-preserving: users would not upload sensitive raw data; instead, a compact fingerprint would serve as durable evidence. This is positioned as a quiet safeguard for digital truth that donors, nonprofits, and corporate verifiers can rely on. To increase trust, the team plans to explore adding a decentralized, community-run witness network to provide a secondary, distributed layer of attestation to the ledger's timestamps. Furthermore, the venture plans to explore the development of a simple, open-source verification widget that any third-party website (like a nonprofit's blog or a corporate social responsibility page) could embed to allow visitors to independently verify the timestamp and authenticity of a claimed charitable fingerprint directly from that page.

## Delivery Model
The venture plans a lightweight, privacy-first implementation. It would not store sensitive donor financial details or the underlying event files. Instead, it would generate compact, anonymized fingerprints of that data for ledger anchoring. The goal is a secure and resource-conscious design that maintains long-term verifiability with minimal infrastructure. The team plans to build a clean public interface and supporting infrastructure to make the verification tools usable by its target audience, starting with the matching gift use case.

## Revenue Logic
The venture plans to generate revenue primarily through a transaction-based model, charging a fee for each verifiable digital fingerprint anchored to the public ledger. This would apply initially to entities in the matching gift ecosystem (such as nonprofits or the verifying corporations themselves) seeking to create a permanent, auditable record of a donation. The venture plans to explore a tiered pricing test for this transaction fee, where the fee would vary based on the complexity of the data being fingerprinted. To validate this model with a planned pilot group, the venture proposes a small, targeted test using one specific variable: the number of distinct data fields in a donation receipt. A receipt exceeding a defined threshold of fields would trigger a higher fee, allowing the team to explore price sensitivity among different user segments and use cases. To validate the core user benefit for the initial matching gift use case, the venture plans to propose a small, targeted test, such as a simulated workflow test with 5-10 employees to measure time saved versus the current manual verification process. The venture also plans to propose a targeted test to measure the reduction in manual verification steps for Benevity platform administrators, not just employees, to validate the solution's value for corporate teams. The venture also plans to explore offering optional subscription tiers for high-volume users, which could include advanced provenance reporting features, supply chain management capabilities, or enhanced integration services for enterprise procurement or certification programs as it expands beyond the initial use case. An initial free trial period for generating a limited number of fingerprints is proposed to onboard partners.

## Distinctiveness
The venture aims to differentiate itself by offering heirloom-quality goods that merge immediate, tangible material qualities with enduring digital proof of ethical sourcing. Its proposed system does not just provide a product; it aims to create a permanent, independently verifiable record that the materials were sourced according to specific ethical standards at a specific time, addressing the credibility problem of sustainability claims. This focus on verifiable provenance from a specific, ethical source is presented as a unique safeguard for both consumer trust and material truth. The venture plans to explore a further point of differentiation: structuring its public ledger not just as a tamper-proof record, but as a machine-readable, open registry of ethical sourcing standards. To demonstrate focus and technical feasibility, the venture plans to explore initially supporting a single, concrete standard such as the Fair Trade certification framework within this ledger architecture. This would allow the fingerprints to be programmatically linked to the precise definitions of the ethical standards they claim to uphold, aiming to create a new layer of semantic clarity and auditability that is missing from current provenance claims. To validate this 'machine-readable ledger' concept, the venture plans to propose drafting a simple, public specification document for how Fair Trade certification data would be represented, and seeking review from 3-5 individuals with expertise in that specific standard. As a specific, limited technical milestone for this concept, the venture plans to propose publishing a draft data schema for a single Fair Trade certification claim (e.g., 'Fair Trade coffee from cooperative X') on a public test ledger.","## One-Sentence Summary
A privacy-first platform that generates verifiable digital fingerprints of ethical sourcing events and anchors them to a public, tamper-proof ledger, giving brands and consumers indisputable proof of provenance while protecting sensitive operational data.

## Problem
The venture plans to address a digital landscape saturated with manipulation and duplication, where it is increasingly difficult to establish what is original or real. The central challenge is enabling people to credibly prove the authenticity and first possession of a digital record—such as a donation confirmation or an impact report—amid pervasive skepticism and the ease of generating false claims. A specific, related challenge the venture plans to explore is the inefficiency and lack of standardization in the verification process for corporate matching gift programs, where employees often face cumbersome manual steps to prove their donations, creating friction that reduces participation.

## Target Users & Use Cases
The venture plans to initially focus its launch on solving the corporate matching gift program verification problem, targeting employees who need to prove donations and the corporate social responsibility or HR teams that administer these programs. For its planned pilot phase, the venture proposes to target initial outreach specifically to programs administered by Benevity, a well-known corporate matching gift platform, to validate its solution with a defined user base. Following this initial focus, the venture plans to expand to target brands seeking to validate their supply chains and consumers looking for trustworthy ethical goods. Broader scenarios planned for later development include discovering vetted, ethical suppliers (from large, global operations to local, artisanal producers), verifying material provenance with confidence, and providing transparent proof of sourcing standards to end customers. A planned, specific target user group for later outreach is procurement teams within consumer goods companies participating in sustainability certification or reporting programs, who need a streamlined way to discover vetted suppliers and provide indisputable proof of their ethical sourcing actions to qualify for certifications or meet regulatory requirements. To validate this planned 'discover vetted suppliers' use case before development, the venture plans to propose conducting a small survey with procurement team members from one specific, widely recognized sustainability certification program, such as Fair Trade International or B Corp.

## Solution / Product Overview
The venture plans to build a tool that creates a digital fingerprint of a user's charitable event data—such as a donation receipt for a matching gift program—and records proof of that fingerprint on a public, time-stamped ledger. The approach is proposed to be secure and privacy-preserving: users would not upload sensitive raw data; instead, a compact fingerprint would serve as durable evidence. This is positioned as a quiet safeguard for digital truth that donors, nonprofits, and corporate verifiers can rely on. To increase trust, the team plans to explore adding a decentralized, community-run witness network to provide a secondary, distributed layer of attestation to the ledger's timestamps. Furthermore, the venture plans to explore the development of a simple, open-source verification widget that any third-party website (like a nonprofit's blog or a corporate social responsibility page) could embed to allow visitors to independently verify the timestamp and authenticity of a claimed charitable fingerprint directly from that page.

## Delivery Model
The venture plans a lightweight, privacy-first implementation. It would not store sensitive donor financial details or the underlying event files. Instead, it would generate compact, anonymized fingerprints of that data for ledger anchoring. The goal is a secure and resource-conscious design that maintains long-term verifiability with minimal infrastructure. The team plans to build a clean public interface and supporting infrastructure to make the verification tools usable by its target audience, starting with the matching gift use case.

## Revenue Logic
The venture plans to generate revenue primarily through a transaction-based model, charging a fee for each verifiable digital fingerprint anchored to the public ledger. This would apply initially to entities in the matching gift ecosystem (such as nonprofits or the verifying corporations themselves) seeking to create a permanent, auditable record of a donation. The venture plans to explore a tiered pricing test for this transaction fee, where the fee would vary based on the complexity of the data being fingerprinted. To validate this model with a planned pilot group, the venture proposes a small, targeted test using one specific variable: the number of distinct data fields in a donation receipt. A receipt exceeding a defined threshold of fields would trigger a higher fee, allowing the team to explore price sensitivity among different user segments and use cases. To validate the core user benefit for the initial matching gift use case, the venture plans to propose a small, targeted test, such as a simulated workflow test with 5-10 employees to measure time saved versus the current manual verification process. The venture also plans to propose a targeted test to measure the reduction in manual verification steps for Benevity platform administrators, not just employees, to validate the solution's value for corporate teams. The venture also plans to explore offering optional subscription tiers for high-volume users, which could include advanced provenance reporting features, supply chain management capabilities, or enhanced integration services for enterprise procurement or certification programs as it expands beyond the initial use case. An initial free trial period for generating a limited number of fingerprints is proposed to onboard partners.

## Distinctiveness
The venture aims to differentiate itself by offering heirloom-quality goods that merge immediate, tangible material qualities with enduring digital proof of ethical sourcing. Its proposed system does not just provide a product; it aims to create a permanent, independently verifiable record that the materials were sourced according to specific ethical standards at a specific time, addressing the credibility problem of sustainability claims. This focus on verifiable provenance from a specific, ethical source is presented as a unique safeguard for both consumer trust and material truth. The venture plans to explore a further point of differentiation: structuring its public ledger not just as a tamper-proof record, but as a machine-readable, open registry of ethical sourcing standards. To demonstrate focus and technical feasibility, the venture plans to explore initially supporting a single, concrete standard such as the Fair Trade certification framework within this ledger architecture. This would allow the fingerprints to be programmatically linked to the precise definitions of the ethical standards they claim to uphold, aiming to create a new layer of semantic clarity and auditability that is missing from current provenance claims. To validate this 'machine-readable ledger' concept, the venture plans to propose drafting a simple, public specification document for how Fair Trade certification data would be represented, and seeking review from 3-5 individuals with expertise in that specific standard. As a specific, limited technical milestone for this concept, the venture plans to propose publishing a draft data schema for a single Fair Trade certification claim (e.g., 'Fair Trade coffee from cooperative X') on a public test ledger."
"local","11","L11.2","specialized_rewrite","L10.3","","False","model_audit","[""To further test the workflow from the nonprofit's perspective, the venture plans to propose a small partnership exploration with a single, specific nonprofit organization that frequently receives matching gifts."", ""The venture aims to differentiate itself by offering heirloom-quality goods that merge immediate, tangible material qualities with enduring digital proof of ethical sourcing.""]","False","fallback_parent","[""To further test the workflow from the nonprofit's perspective, the venture plans to propose a small partnership exploration with a single, specific nonprofit organization that frequently receives matching gifts."", ""The venture aims to differentiate itself by offering heirloom-quality goods that merge immediate, tangible material qualities with enduring digital proof of ethical sourcing.""]","The candidate introduces two unsupported claims. First, it adds a specific, new plan for a 'small partnership exploration' with a nonprofit, which is not present in the source material's description of planned tests or pilots. Second, it states the venture 'aims to differentiate itself by offering heirloom-quality goods,' which is a substantive new product concept (physical goods) not mentioned in the source material's description of a platform/service for digital fingerprints and provenance. Both are presented as part of the venture's concept/plans, not as hypothetical proposals, and thus are not supported.","## One-Sentence Summary
A privacy-first platform that generates verifiable digital fingerprints of ethical sourcing events and anchors them to a public, tamper-proof ledger, giving brands and consumers indisputable proof of provenance while protecting sensitive operational data.

## Problem
The venture plans to address a digital landscape saturated with manipulation and duplication, where it is increasingly difficult to establish what is original or real. The central challenge is enabling people to credibly prove the authenticity and first possession of a digital record—such as a donation confirmation or an impact report—amid pervasive skepticism and the ease of generating false claims. A specific, related challenge the venture plans to explore is the inefficiency and lack of standardization in the verification process for corporate matching gift programs, where employees often face cumbersome manual steps to prove their donations, creating friction that reduces participation.

## Target Users & Use Cases
The venture plans to initially focus its launch on solving the corporate matching gift program verification problem, targeting employees who need to prove donations and the corporate social responsibility or HR teams that administer these programs. For its planned pilot phase, the venture proposes to target initial outreach specifically to programs administered by Benevity, a well-known corporate matching gift platform, to validate its solution with a defined user base. To further test the workflow from the nonprofit's perspective, the venture plans to propose a small partnership exploration with a single, specific nonprofit organization that frequently receives matching gifts. Following this initial focus, the venture plans to expand to target brands seeking to validate their supply chains and consumers looking for trustworthy ethical goods. Broader scenarios planned for later development include discovering vetted, ethical suppliers (from large, global operations to local, artisanal producers), verifying material provenance with confidence, and providing transparent proof of sourcing standards to end customers. A planned, specific target user group for later outreach is procurement teams within consumer goods companies participating in sustainability certification or reporting programs, who need a streamlined way to discover vetted suppliers and provide indisputable proof of their ethical sourcing actions to qualify for certifications or meet regulatory requirements. To validate this planned 'discover vetted suppliers' use case before development, the venture plans to propose conducting a small survey with procurement team members from one specific, widely recognized sustainability certification program, such as Fair Trade International or B Corp.

## Solution / Product Overview
The venture plans to build a tool that creates a digital fingerprint of a user's charitable event data—such as a donation receipt for a matching gift program—and records proof of that fingerprint on a public, time-stamped ledger. The approach is proposed to be secure and privacy-preserving: users would not upload sensitive raw data; instead, a compact fingerprint would serve as durable evidence. This is positioned as a quiet safeguard for digital truth that donors, nonprofits, and corporate verifiers can rely on. To increase trust, the team plans to explore adding a decentralized, community-run witness network to provide a secondary, distributed layer of attestation to the ledger's timestamps. Furthermore, the venture plans to explore the development of a simple, open-source verification widget that any third-party website (like a nonprofit's blog or a corporate social responsibility page) could embed to allow visitors to independently verify the timestamp and authenticity of a claimed charitable fingerprint directly from that page.

## Delivery Model
The venture plans a lightweight, privacy-first implementation. It would not store sensitive donor financial details or the underlying event files. Instead, it would generate compact, anonymized fingerprints of that data for ledger anchoring. The goal is a secure and resource-conscious design that maintains long-term verifiability with minimal infrastructure. The team plans to build a clean public interface and supporting infrastructure to make the verification tools usable by its target audience, starting with the matching gift use case.

## Revenue Logic
The venture plans to generate revenue primarily through a transaction-based model, charging a fee for each verifiable digital fingerprint anchored to the public ledger. This would apply initially to entities in the matching gift ecosystem (such as nonprofits or the verifying corporations themselves) seeking to create a permanent, auditable record of a donation. The venture plans to explore a tiered pricing test for this transaction fee, where the fee would vary based on the complexity of the data being fingerprinted. To validate this model with a planned pilot group, the venture proposes a small, targeted test using one specific variable: the number of distinct data fields in a donation receipt. A receipt exceeding a defined threshold of fields would trigger a higher fee, allowing the team to explore price sensitivity among different user segments and use cases. To validate the core user benefit for the initial matching gift use case, the venture also plans to propose a small, targeted test, such as a simulated workflow test with 5-10 employees to measure time saved versus the current manual verification process. The venture also plans to explore offering optional subscription tiers for high-volume users, which could include advanced provenance reporting features, supply chain management capabilities, or enhanced integration services for enterprise procurement or certification programs as it expands beyond the initial use case. An initial free trial period for generating a limited number of fingerprints is proposed to onboard partners.

## Distinctiveness
The venture aims to differentiate itself by offering heirloom-quality goods that merge immediate, tangible material qualities with enduring digital proof of ethical sourcing. Its proposed system does not just provide a product; it aims to create a permanent, independently verifiable record that the materials were sourced according to specific ethical standards at a specific time, addressing the credibility problem of sustainability claims. This focus on verifiable provenance from a specific, ethical source is presented as a unique safeguard for both consumer trust and material truth. The venture plans to explore a further point of differentiation: structuring its public ledger not just as a tamper-proof record, but as a machine-readable, open registry of ethical sourcing standards. To demonstrate focus and technical feasibility, the venture plans to explore initially supporting a single, concrete standard such as the Fair Trade certification framework within this ledger architecture. This would allow the fingerprints to be programmatically linked to the precise definitions of the ethical standards they claim to uphold, aiming to create a new layer of semantic clarity and auditability that is missing from current provenance claims. To validate this 'machine-readable ledger' concept, the venture plans to propose drafting a simple, public specification document for how Fair Trade certification data would be represented, and seeking review from 3-5 individuals with expertise in that specific standard. As a specific, limited technical milestone for this concept, the venture plans to propose publishing a draft data schema for a single Fair Trade certification claim (e.g., 'Fair Trade coffee from cooperative X') on a public test ledger.","## One-Sentence Summary
A privacy-first platform that generates verifiable digital fingerprints of ethical sourcing events and anchors them to a public, tamper-proof ledger, giving brands and consumers indisputable proof of provenance while protecting sensitive operational data.

## Problem
The venture plans to address a digital landscape saturated with manipulation and duplication, where it is increasingly difficult to establish what is original or real. The central challenge is enabling people to credibly prove the authenticity and first possession of a digital record—such as a donation confirmation or an impact report—amid pervasive skepticism and the ease of generating false claims. A specific, related challenge the venture plans to explore is the inefficiency and lack of standardization in the verification process for corporate matching gift programs, where employees often face cumbersome manual steps to prove their donations, creating friction that reduces participation.

## Target Users & Use Cases
The venture plans to initially focus its launch on solving the corporate matching gift program verification problem, targeting employees who need to prove donations and the corporate social responsibility or HR teams that administer these programs. For its planned pilot phase, the venture proposes to target initial outreach specifically to programs administered by Benevity, a well-known corporate matching gift platform, to validate its solution with a defined user base. Following this initial focus, the venture plans to expand to target brands seeking to validate their supply chains and consumers looking for trustworthy ethical goods. Broader scenarios planned for later development include discovering vetted, ethical suppliers (from large, global operations to local, artisanal producers), verifying material provenance with confidence, and providing transparent proof of sourcing standards to end customers. A planned, specific target user group for later outreach is procurement teams within consumer goods companies participating in sustainability certification or reporting programs, who need a streamlined way to discover vetted suppliers and provide indisputable proof of their ethical sourcing actions to qualify for certifications or meet regulatory requirements. To validate this planned 'discover vetted suppliers' use case before development, the venture plans to propose conducting a small survey with procurement team members from one specific, widely recognized sustainability certification program, such as Fair Trade International or B Corp.

## Solution / Product Overview
The venture plans to build a tool that creates a digital fingerprint of a user's charitable event data—such as a donation receipt for a matching gift program—and records proof of that fingerprint on a public, time-stamped ledger. The approach is proposed to be secure and privacy-preserving: users would not upload sensitive raw data; instead, a compact fingerprint would serve as durable evidence. This is positioned as a quiet safeguard for digital truth that donors, nonprofits, and corporate verifiers can rely on. To increase trust, the team plans to explore adding a decentralized, community-run witness network to provide a secondary, distributed layer of attestation to the ledger's timestamps. Furthermore, the venture plans to explore the development of a simple, open-source verification widget that any third-party website (like a nonprofit's blog or a corporate social responsibility page) could embed to allow visitors to independently verify the timestamp and authenticity of a claimed charitable fingerprint directly from that page.

## Delivery Model
The venture plans a lightweight, privacy-first implementation. It would not store sensitive donor financial details or the underlying event files. Instead, it would generate compact, anonymized fingerprints of that data for ledger anchoring. The goal is a secure and resource-conscious design that maintains long-term verifiability with minimal infrastructure. The team plans to build a clean public interface and supporting infrastructure to make the verification tools usable by its target audience, starting with the matching gift use case.

## Revenue Logic
The venture plans to generate revenue primarily through a transaction-based model, charging a fee for each verifiable digital fingerprint anchored to the public ledger. This would apply initially to entities in the matching gift ecosystem (such as nonprofits or the verifying corporations themselves) seeking to create a permanent, auditable record of a donation. The venture plans to explore a tiered pricing test for this transaction fee, where the fee would vary based on the complexity of the data being fingerprinted. To validate this model with a planned pilot group, the venture proposes a small, targeted test using one specific variable: the number of distinct data fields in a donation receipt. A receipt exceeding a defined threshold of fields would trigger a higher fee, allowing the team to explore price sensitivity among different user segments and use cases. To validate the core user benefit for the initial matching gift use case, the venture also plans to propose a small, targeted test, such as a simulated workflow test with 5-10 employees to measure time saved versus the current manual verification process. The venture also plans to explore offering optional subscription tiers for high-volume users, which could include advanced provenance reporting features, supply chain management capabilities, or enhanced integration services for enterprise procurement or certification programs as it expands beyond the initial use case. An initial free trial period for generating a limited number of fingerprints is proposed to onboard partners.

## Distinctiveness
The venture aims to differentiate itself by offering heirloom-quality goods that merge immediate, tangible material qualities with enduring digital proof of ethical sourcing. Its proposed system does not just provide a product; it aims to create a permanent, independently verifiable record that the materials were sourced according to specific ethical standards at a specific time, addressing the credibility problem of sustainability claims. This focus on verifiable provenance from a specific, ethical source is presented as a unique safeguard for both consumer trust and material truth. The venture plans to explore a further point of differentiation: structuring its public ledger not just as a tamper-proof record, but as a machine-readable, open registry of ethical sourcing standards. To demonstrate focus and technical feasibility, the venture plans to explore initially supporting a single, concrete standard such as the Fair Trade certification framework within this ledger architecture. This would allow the fingerprints to be programmatically linked to the precise definitions of the ethical standards they claim to uphold, aiming to create a new layer of semantic clarity and auditability that is missing from current provenance claims. To validate this 'machine-readable ledger' concept, the venture plans to propose drafting a simple, public specification document for how Fair Trade certification data would be represented, and seeking review from 3-5 individuals with expertise in that specific standard. As a specific, limited technical milestone for this concept, the venture plans to propose publishing a draft data schema for a single Fair Trade certification claim (e.g., 'Fair Trade coffee from cooperative X') on a public test ledger."
"local","11","L11.3","specialized_rewrite","L10.3","","True","model_audit","[]","True","accepted","[]","All statements about the venture's status, evidence, or accomplishments are framed as future plans, proposals, or explorations (e.g., 'plans to propose drafting a simple, public API specification'). No claims of existing traction, users, revenue, completed tests, or operational status are made. The candidate correctly preserves the factual record from the source material and adds only explicitly prospective details.","## One-Sentence Summary
A privacy-first platform that generates verifiable digital fingerprints of ethical sourcing events and anchors them to a public, tamper-proof ledger, giving brands and consumers indisputable proof of provenance while protecting sensitive operational data.

## Problem
The venture plans to address a digital landscape saturated with manipulation and duplication, where it is increasingly difficult to establish what is original or real. The central challenge is enabling people to credibly prove the authenticity and first possession of a digital record—such as a donation confirmation or an impact report—amid pervasive skepticism and the ease of generating false claims. A specific, related challenge the venture plans to explore is the inefficiency and lack of standardization in the verification process for corporate matching gift programs, where employees often face cumbersome manual steps to prove their donations, creating friction that reduces participation.

## Target Users & Use Cases
The venture plans to initially focus its launch on solving the corporate matching gift program verification problem, targeting employees who need to prove donations and the corporate social responsibility or HR teams that administer these programs. For its planned pilot phase, the venture proposes to target initial outreach specifically to programs administered by Benevity, a well-known corporate matching gift platform, to validate its solution with a defined user base. Following this initial focus, the venture plans to expand to target brands seeking to validate their supply chains and consumers looking for trustworthy ethical goods. Broader scenarios planned for later development include discovering vetted, ethical suppliers (from large, global operations to local, artisanal producers), verifying material provenance with confidence, and providing transparent proof of sourcing standards to end customers. A planned, specific target user group for later outreach is procurement teams within consumer goods companies participating in sustainability certification or reporting programs, who need a streamlined way to discover vetted suppliers and provide indisputable proof of their ethical sourcing actions to qualify for certifications or meet regulatory requirements. To validate this planned 'discover vetted suppliers' use case before development, the venture plans to propose conducting a small survey with procurement team members from one specific, widely recognized sustainability certification program, such as Fair Trade International or B Corp.

## Solution / Product Overview
The venture plans to build a tool that creates a digital fingerprint of a user's charitable event data—such as a donation receipt for a matching gift program—and records proof of that fingerprint on a public, time-stamped ledger. The approach is proposed to be secure and privacy-preserving: users would not upload sensitive raw data; instead, a compact fingerprint would serve as durable evidence. This is positioned as a quiet safeguard for digital truth that donors, nonprofits, and corporate verifiers can rely on. To increase trust, the team plans to explore adding a decentralized, community-run witness network to provide a secondary, distributed layer of attestation to the ledger's timestamps. Furthermore, the venture plans to explore the development of a simple, open-source verification widget that any third-party website (like a nonprofit's blog or a corporate social responsibility page) could embed to allow visitors to independently verify the timestamp and authenticity of a claimed charitable fingerprint directly from that page. To lower perceived integration barriers for this widget and validate developer interest, the venture plans to propose drafting a simple, public API specification.

## Delivery Model
The venture plans a lightweight, privacy-first implementation. It would not store sensitive donor financial details or the underlying event files. Instead, it would generate compact, anonymized fingerprints of that data for ledger anchoring. The goal is a secure and resource-conscious design that maintains long-term verifiability with minimal infrastructure. The team plans to build a clean public interface and supporting infrastructure to make the verification tools usable by its target audience, starting with the matching gift use case.

## Revenue Logic
The venture plans to generate revenue primarily through a transaction-based model, charging a fee for each verifiable digital fingerprint anchored to the public ledger. This would apply initially to entities in the matching gift ecosystem (such as nonprofits or the verifying corporations themselves) seeking to create a permanent, auditable record of a donation. The venture plans to explore a tiered pricing test for this transaction fee, where the fee would vary based on the complexity of the data being fingerprinted. To validate this model with a planned pilot group, the venture proposes a small, targeted test using one specific variable: the number of distinct data fields in a donation receipt. A receipt exceeding a defined threshold of fields would trigger a higher fee, allowing the team to explore price sensitivity among different user segments and use cases. To validate the core user benefit for the initial matching gift use case, the venture also plans to propose a small, targeted test, such as a simulated workflow test with 5-10 employees to measure time saved versus the current manual verification process. The venture also plans to explore offering optional subscription tiers for high-volume users, which could include advanced provenance reporting features, supply chain management capabilities, or enhanced integration services for enterprise procurement or certification programs as it expands beyond the initial use case. An initial free trial period for generating a limited number of fingerprints is proposed to onboard partners.

## Distinctiveness
The venture aims to differentiate itself by offering heirloom-quality goods that merge immediate, tangible material qualities with enduring digital proof of ethical sourcing. Its proposed system does not just provide a product; it aims to create a permanent, independently verifiable record that the materials were sourced according to specific ethical standards at a specific time, addressing the credibility problem of sustainability claims. This focus on verifiable provenance from a specific, ethical source is presented as a unique safeguard for both consumer trust and material truth. The venture plans to explore a further point of differentiation: structuring its public ledger not just as a tamper-proof record, but as a machine-readable, open registry of ethical sourcing standards. To demonstrate focus and technical feasibility, the venture plans to explore initially supporting a single, concrete standard such as the Fair Trade certification framework within this ledger architecture. This would allow the fingerprints to be programmatically linked to the precise definitions of the ethical standards they claim to uphold, aiming to create a new layer of semantic clarity and auditability that is missing from current provenance claims. To validate this 'machine-readable ledger' concept, the venture plans to propose drafting a simple, public specification document for how Fair Trade certification data would be represented, and seeking review from 3-5 individuals with expertise in that specific standard. As a specific, limited technical milestone for this concept, the venture plans to propose publishing a draft data schema for a single Fair Trade certification claim (e.g., 'Fair Trade coffee from cooperative X') on a public test ledger.","## One-Sentence Summary
A privacy-first platform that generates verifiable digital fingerprints of ethical sourcing events and anchors them to a public, tamper-proof ledger, giving brands and consumers indisputable proof of provenance while protecting sensitive operational data.

## Problem
The venture plans to address a digital landscape saturated with manipulation and duplication, where it is increasingly difficult to establish what is original or real. The central challenge is enabling people to credibly prove the authenticity and first possession of a digital record—such as a donation confirmation or an impact report—amid pervasive skepticism and the ease of generating false claims. A specific, related challenge the venture plans to explore is the inefficiency and lack of standardization in the verification process for corporate matching gift programs, where employees often face cumbersome manual steps to prove their donations, creating friction that reduces participation.

## Target Users & Use Cases
The venture plans to initially focus its launch on solving the corporate matching gift program verification problem, targeting employees who need to prove donations and the corporate social responsibility or HR teams that administer these programs. For its planned pilot phase, the venture proposes to target initial outreach specifically to programs administered by Benevity, a well-known corporate matching gift platform, to validate its solution with a defined user base. Following this initial focus, the venture plans to expand to target brands seeking to validate their supply chains and consumers looking for trustworthy ethical goods. Broader scenarios planned for later development include discovering vetted, ethical suppliers (from large, global operations to local, artisanal producers), verifying material provenance with confidence, and providing transparent proof of sourcing standards to end customers. A planned, specific target user group for later outreach is procurement teams within consumer goods companies participating in sustainability certification or reporting programs, who need a streamlined way to discover vetted suppliers and provide indisputable proof of their ethical sourcing actions to qualify for certifications or meet regulatory requirements. To validate this planned 'discover vetted suppliers' use case before development, the venture plans to propose conducting a small survey with procurement team members from one specific, widely recognized sustainability certification program, such as Fair Trade International or B Corp.

## Solution / Product Overview
The venture plans to build a tool that creates a digital fingerprint of a user's charitable event data—such as a donation receipt for a matching gift program—and records proof of that fingerprint on a public, time-stamped ledger. The approach is proposed to be secure and privacy-preserving: users would not upload sensitive raw data; instead, a compact fingerprint would serve as durable evidence. This is positioned as a quiet safeguard for digital truth that donors, nonprofits, and corporate verifiers can rely on. To increase trust, the team plans to explore adding a decentralized, community-run witness network to provide a secondary, distributed layer of attestation to the ledger's timestamps. Furthermore, the venture plans to explore the development of a simple, open-source verification widget that any third-party website (like a nonprofit's blog or a corporate social responsibility page) could embed to allow visitors to independently verify the timestamp and authenticity of a claimed charitable fingerprint directly from that page. To lower perceived integration barriers for this widget and validate developer interest, the venture plans to propose drafting a simple, public API specification.

## Delivery Model
The venture plans a lightweight, privacy-first implementation. It would not store sensitive donor financial details or the underlying event files. Instead, it would generate compact, anonymized fingerprints of that data for ledger anchoring. The goal is a secure and resource-conscious design that maintains long-term verifiability with minimal infrastructure. The team plans to build a clean public interface and supporting infrastructure to make the verification tools usable by its target audience, starting with the matching gift use case.

## Revenue Logic
The venture plans to generate revenue primarily through a transaction-based model, charging a fee for each verifiable digital fingerprint anchored to the public ledger. This would apply initially to entities in the matching gift ecosystem (such as nonprofits or the verifying corporations themselves) seeking to create a permanent, auditable record of a donation. The venture plans to explore a tiered pricing test for this transaction fee, where the fee would vary based on the complexity of the data being fingerprinted. To validate this model with a planned pilot group, the venture proposes a small, targeted test using one specific variable: the number of distinct data fields in a donation receipt. A receipt exceeding a defined threshold of fields would trigger a higher fee, allowing the team to explore price sensitivity among different user segments and use cases. To validate the core user benefit for the initial matching gift use case, the venture also plans to propose a small, targeted test, such as a simulated workflow test with 5-10 employees to measure time saved versus the current manual verification process. The venture also plans to explore offering optional subscription tiers for high-volume users, which could include advanced provenance reporting features, supply chain management capabilities, or enhanced integration services for enterprise procurement or certification programs as it expands beyond the initial use case. An initial free trial period for generating a limited number of fingerprints is proposed to onboard partners.

## Distinctiveness
The venture aims to differentiate itself by offering heirloom-quality goods that merge immediate, tangible material qualities with enduring digital proof of ethical sourcing. Its proposed system does not just provide a product; it aims to create a permanent, independently verifiable record that the materials were sourced according to specific ethical standards at a specific time, addressing the credibility problem of sustainability claims. This focus on verifiable provenance from a specific, ethical source is presented as a unique safeguard for both consumer trust and material truth. The venture plans to explore a further point of differentiation: structuring its public ledger not just as a tamper-proof record, but as a machine-readable, open registry of ethical sourcing standards. To demonstrate focus and technical feasibility, the venture plans to explore initially supporting a single, concrete standard such as the Fair Trade certification framework within this ledger architecture. This would allow the fingerprints to be programmatically linked to the precise definitions of the ethical standards they claim to uphold, aiming to create a new layer of semantic clarity and auditability that is missing from current provenance claims. To validate this 'machine-readable ledger' concept, the venture plans to propose drafting a simple, public specification document for how Fair Trade certification data would be represented, and seeking review from 3-5 individuals with expertise in that specific standard. As a specific, limited technical milestone for this concept, the venture plans to propose publishing a draft data schema for a single Fair Trade certification claim (e.g., 'Fair Trade coffee from cooperative X') on a public test ledger."
"local","11","L11.4","specialized_rewrite","L10.3","","False","prospective_framing_safeguard","[""To validate this planned 'discover vetted suppliers' use case before development, the venture plans to propose conducting a small survey with procurement team members from companies that are B Corp certified, a more defined audience than a broader certification universe.""]","True","accepted","[]","Prospective-framing safeguard overrode the model's rejection because every flagged claim is explicitly hypothetical, proposed, planned, or future-tense and none asserts an existing accomplishment. Initial model analysis: The candidate changes the source's specific validation plan. The source explicitly states the venture plans to survey procurement team members 'from one specific, widely recognized sustainability certification program, such as Fair Trade International or B Corp.' The candidate narrows this to 'companies that are B Corp certified,' which is a different, more specific audience than the source's proposed approach of surveying members from a certification program itself. This alters the factual plan for validation.","## One-Sentence Summary
A privacy-first platform that generates verifiable digital fingerprints of ethical sourcing events and anchors them to a public, tamper-proof ledger, giving brands and consumers indisputable proof of provenance while protecting sensitive operational data.

## Problem
The venture plans to address a digital landscape saturated with manipulation and duplication, where it is increasingly difficult to establish what is original or real. The central challenge is enabling people to credibly prove the authenticity and first possession of a digital record—such as a donation confirmation or an impact report—amid pervasive skepticism and the ease of generating false claims. A specific, related challenge the venture plans to explore is the inefficiency and lack of standardization in the verification process for corporate matching gift programs, where employees often face cumbersome manual steps to prove their donations, creating friction that reduces participation.

## Target Users & Use Cases
The venture plans to initially focus its launch on solving the corporate matching gift program verification problem, targeting employees who need to prove donations and the corporate social responsibility or HR teams that administer these programs. For its planned pilot phase, the venture proposes to target initial outreach specifically to programs administered by Benevity, a well-known corporate matching gift platform, to validate its solution with a defined user base. Following this initial focus, the venture plans to expand to target brands seeking to validate their supply chains and consumers looking for trustworthy ethical goods. Broader scenarios planned for later development include discovering vetted, ethical suppliers (from large, global operations to local, artisanal producers), verifying material provenance with confidence, and providing transparent proof of sourcing standards to end customers. A planned, specific target user group for later outreach is procurement teams within consumer goods companies participating in sustainability certification or reporting programs, who need a streamlined way to discover vetted suppliers and provide indisputable proof of their ethical sourcing actions to qualify for certifications or meet regulatory requirements. To validate this planned 'discover vetted suppliers' use case before development, the venture plans to propose conducting a small survey with procurement team members from companies that are B Corp certified, a more defined audience than a broader certification universe.

## Solution / Product Overview
The venture plans to build a tool that creates a digital fingerprint of a user's charitable event data—such as a donation receipt for a matching gift program—and records proof of that fingerprint on a public, time-stamped ledger. The approach is proposed to be secure and privacy-preserving: users would not upload sensitive raw data; instead, a compact fingerprint would serve as durable evidence. This is positioned as a quiet safeguard for digital truth that donors, nonprofits, and corporate verifiers can rely on. To increase trust, the team plans to explore adding a decentralized, community-run witness network to provide a secondary, distributed layer of attestation to the ledger's timestamps. Furthermore, the venture plans to explore the development of a simple, open-source verification widget that any third-party website (like a nonprofit's blog or a corporate social responsibility page) could embed to allow visitors to independently verify the timestamp and authenticity of a claimed charitable fingerprint directly from that page.

## Delivery Model
The venture plans a lightweight, privacy-first implementation. It would not store sensitive donor financial details or the underlying event files. Instead, it would generate compact, anonymized fingerprints of that data for ledger anchoring. The goal is a secure and resource-conscious design that maintains long-term verifiability with minimal infrastructure. The team plans to build a clean public interface and supporting infrastructure to make the verification tools usable by its target audience, starting with the matching gift use case.

## Revenue Logic
The venture plans to generate revenue primarily through a transaction-based model, charging a fee for each verifiable digital fingerprint anchored to the public ledger. This would apply initially to entities in the matching gift ecosystem (such as nonprofits or the verifying corporations themselves) seeking to create a permanent, auditable record of a donation. The venture plans to explore a tiered pricing test for this transaction fee, where the fee would vary based on the complexity of the data being fingerprinted. To validate this model with a planned pilot group, the venture proposes a small, targeted test using one specific variable: the number of distinct data fields in a donation receipt. A receipt exceeding a defined threshold of fields would trigger a higher fee, allowing the team to explore price sensitivity among different user segments and use cases. To validate the core user benefit for the initial matching gift use case, the venture also plans to propose a small, targeted test, such as a simulated workflow test with 5-10 employees to measure time saved versus the current manual verification process. The venture also plans to explore offering optional subscription tiers for high-volume users, which could include advanced provenance reporting features, supply chain management capabilities, or enhanced integration services for enterprise procurement or certification programs as it expands beyond the initial use case. An initial free trial period for generating a limited number of fingerprints is proposed to onboard partners.

## Distinctiveness
The venture aims to differentiate itself by offering heirloom-quality goods that merge immediate, tangible material qualities with enduring digital proof of ethical sourcing. Its proposed system does not just provide a product; it aims to create a permanent, independently verifiable record that the materials were sourced according to specific ethical standards at a specific time, addressing the credibility problem of sustainability claims. This focus on verifiable provenance from a specific, ethical source is presented as a unique safeguard for both consumer trust and material truth. The venture plans to explore a further point of differentiation: structuring its public ledger not just as a tamper-proof record, but as a machine-readable, open registry of ethical sourcing standards. To demonstrate focus and technical feasibility, the venture plans to explore initially supporting a single, concrete standard such as the Fair Trade certification framework within this ledger architecture. This would allow the fingerprints to be programmatically linked to the precise definitions of the ethical standards they claim to uphold, aiming to create a new layer of semantic clarity and auditability that is missing from current provenance claims. To validate this 'machine-readable ledger' concept, the venture plans to propose drafting a simple, public specification document for how Fair Trade certification data would be represented, and seeking review from 3-5 individuals with expertise in that specific standard. As a specific, limited technical milestone for this concept, the venture plans to propose publishing a draft data schema for a single Fair Trade certification claim (e.g., 'Fair Trade coffee from cooperative X') on a public test ledger.","## One-Sentence Summary
A privacy-first platform that generates verifiable digital fingerprints of ethical sourcing events and anchors them to a public, tamper-proof ledger, giving brands and consumers indisputable proof of provenance while protecting sensitive operational data.

## Problem
The venture plans to address a digital landscape saturated with manipulation and duplication, where it is increasingly difficult to establish what is original or real. The central challenge is enabling people to credibly prove the authenticity and first possession of a digital record—such as a donation confirmation or an impact report—amid pervasive skepticism and the ease of generating false claims. A specific, related challenge the venture plans to explore is the inefficiency and lack of standardization in the verification process for corporate matching gift programs, where employees often face cumbersome manual steps to prove their donations, creating friction that reduces participation.

## Target Users & Use Cases
The venture plans to initially focus its launch on solving the corporate matching gift program verification problem, targeting employees who need to prove donations and the corporate social responsibility or HR teams that administer these programs. For its planned pilot phase, the venture proposes to target initial outreach specifically to programs administered by Benevity, a well-known corporate matching gift platform, to validate its solution with a defined user base. Following this initial focus, the venture plans to expand to target brands seeking to validate their supply chains and consumers looking for trustworthy ethical goods. Broader scenarios planned for later development include discovering vetted, ethical suppliers (from large, global operations to local, artisanal producers), verifying material provenance with confidence, and providing transparent proof of sourcing standards to end customers. A planned, specific target user group for later outreach is procurement teams within consumer goods companies participating in sustainability certification or reporting programs, who need a streamlined way to discover vetted suppliers and provide indisputable proof of their ethical sourcing actions to qualify for certifications or meet regulatory requirements. To validate this planned 'discover vetted suppliers' use case before development, the venture plans to propose conducting a small survey with procurement team members from companies that are B Corp certified, a more defined audience than a broader certification universe.

## Solution / Product Overview
The venture plans to build a tool that creates a digital fingerprint of a user's charitable event data—such as a donation receipt for a matching gift program—and records proof of that fingerprint on a public, time-stamped ledger. The approach is proposed to be secure and privacy-preserving: users would not upload sensitive raw data; instead, a compact fingerprint would serve as durable evidence. This is positioned as a quiet safeguard for digital truth that donors, nonprofits, and corporate verifiers can rely on. To increase trust, the team plans to explore adding a decentralized, community-run witness network to provide a secondary, distributed layer of attestation to the ledger's timestamps. Furthermore, the venture plans to explore the development of a simple, open-source verification widget that any third-party website (like a nonprofit's blog or a corporate social responsibility page) could embed to allow visitors to independently verify the timestamp and authenticity of a claimed charitable fingerprint directly from that page.

## Delivery Model
The venture plans a lightweight, privacy-first implementation. It would not store sensitive donor financial details or the underlying event files. Instead, it would generate compact, anonymized fingerprints of that data for ledger anchoring. The goal is a secure and resource-conscious design that maintains long-term verifiability with minimal infrastructure. The team plans to build a clean public interface and supporting infrastructure to make the verification tools usable by its target audience, starting with the matching gift use case.

## Revenue Logic
The venture plans to generate revenue primarily through a transaction-based model, charging a fee for each verifiable digital fingerprint anchored to the public ledger. This would apply initially to entities in the matching gift ecosystem (such as nonprofits or the verifying corporations themselves) seeking to create a permanent, auditable record of a donation. The venture plans to explore a tiered pricing test for this transaction fee, where the fee would vary based on the complexity of the data being fingerprinted. To validate this model with a planned pilot group, the venture proposes a small, targeted test using one specific variable: the number of distinct data fields in a donation receipt. A receipt exceeding a defined threshold of fields would trigger a higher fee, allowing the team to explore price sensitivity among different user segments and use cases. To validate the core user benefit for the initial matching gift use case, the venture also plans to propose a small, targeted test, such as a simulated workflow test with 5-10 employees to measure time saved versus the current manual verification process. The venture also plans to explore offering optional subscription tiers for high-volume users, which could include advanced provenance reporting features, supply chain management capabilities, or enhanced integration services for enterprise procurement or certification programs as it expands beyond the initial use case. An initial free trial period for generating a limited number of fingerprints is proposed to onboard partners.

## Distinctiveness
The venture aims to differentiate itself by offering heirloom-quality goods that merge immediate, tangible material qualities with enduring digital proof of ethical sourcing. Its proposed system does not just provide a product; it aims to create a permanent, independently verifiable record that the materials were sourced according to specific ethical standards at a specific time, addressing the credibility problem of sustainability claims. This focus on verifiable provenance from a specific, ethical source is presented as a unique safeguard for both consumer trust and material truth. The venture plans to explore a further point of differentiation: structuring its public ledger not just as a tamper-proof record, but as a machine-readable, open registry of ethical sourcing standards. To demonstrate focus and technical feasibility, the venture plans to explore initially supporting a single, concrete standard such as the Fair Trade certification framework within this ledger architecture. This would allow the fingerprints to be programmatically linked to the precise definitions of the ethical standards they claim to uphold, aiming to create a new layer of semantic clarity and auditability that is missing from current provenance claims. To validate this 'machine-readable ledger' concept, the venture plans to propose drafting a simple, public specification document for how Fair Trade certification data would be represented, and seeking review from 3-5 individuals with expertise in that specific standard. As a specific, limited technical milestone for this concept, the venture plans to propose publishing a draft data schema for a single Fair Trade certification claim (e.g., 'Fair Trade coffee from cooperative X') on a public test ledger."
"local","11","L11.5","specialized_rewrite","L10.3","","False","model_audit","[""The venture also plans to explore a second tiered pricing test based on verification volume per organization per month""]","False","fallback_parent","[""The venture also plans to explore a second tiered pricing test based on verification volume per organization per month""]","The candidate introduces a new, specific pricing test variable ('verification volume per organization per month') that is not present in the authorized source material. While the source mentions exploring tiered pricing and subscription tiers, it specifically proposes testing only one variable: 'the number of distinct data fields in a donation receipt.' The candidate's addition presents this second test as part of the venture's plans, which constitutes an unsupported claim about the venture's specific proposed validation activities.","## One-Sentence Summary
A privacy-first platform that generates verifiable digital fingerprints of ethical sourcing events and anchors them to a public, tamper-proof ledger, giving brands and consumers indisputable proof of provenance while protecting sensitive operational data.

## Problem
The venture plans to address a digital landscape saturated with manipulation and duplication, where it is increasingly difficult to establish what is original or real. The central challenge is enabling people to credibly prove the authenticity and first possession of a digital record—such as a donation confirmation or an impact report—amid pervasive skepticism and the ease of generating false claims. A specific, related challenge the venture plans to explore is the inefficiency and lack of standardization in the verification process for corporate matching gift programs, where employees often face cumbersome manual steps to prove their donations, creating friction that reduces participation.

## Target Users & Use Cases
The venture plans to initially focus its launch on solving the corporate matching gift program verification problem, targeting employees who need to prove donations and the corporate social responsibility or HR teams that administer these programs. For its planned pilot phase, the venture proposes to target initial outreach specifically to programs administered by Benevity, a well-known corporate matching gift platform, to validate its solution with a defined user base. Following this initial focus, the venture plans to expand to target brands seeking to validate their supply chains and consumers looking for trustworthy ethical goods. Broader scenarios planned for later development include discovering vetted, ethical suppliers (from large, global operations to local, artisanal producers), verifying material provenance with confidence, and providing transparent proof of sourcing standards to end customers. A planned, specific target user group for later outreach is procurement teams within consumer goods companies participating in sustainability certification or reporting programs, who need a streamlined way to discover vetted suppliers and provide indisputable proof of their ethical sourcing actions to qualify for certifications or meet regulatory requirements. To validate this planned 'discover vetted suppliers' use case before development, the venture plans to propose conducting a small survey with procurement team members from one specific, widely recognized sustainability certification program, such as Fair Trade International or B Corp.

## Solution / Product Overview
The venture plans to build a tool that creates a digital fingerprint of a user's charitable event data—such as a donation receipt for a matching gift program—and records proof of that fingerprint on a public, time-stamped ledger. The approach is proposed to be secure and privacy-preserving: users would not upload sensitive raw data; instead, a compact fingerprint would serve as durable evidence. This is positioned as a quiet safeguard for digital truth that donors, nonprofits, and corporate verifiers can rely on. To increase trust, the team plans to explore adding a decentralized, community-run witness network to provide a secondary, distributed layer of attestation to the ledger's timestamps. Furthermore, the venture plans to explore the development of a simple, open-source verification widget that any third-party website (like a nonprofit's blog or a corporate social responsibility page) could embed to allow visitors to independently verify the timestamp and authenticity of a claimed charitable fingerprint directly from that page.

## Delivery Model
The venture plans a lightweight, privacy-first implementation. It would not store sensitive donor financial details or the underlying event files. Instead, it would generate compact, anonymized fingerprints of that data for ledger anchoring. The goal is a secure and resource-conscious design that maintains long-term verifiability with minimal infrastructure. The team plans to build a clean public interface and supporting infrastructure to make the verification tools usable by its target audience, starting with the matching gift use case.

## Revenue Logic
The venture plans to generate revenue primarily through a transaction-based model, charging a fee for each verifiable digital fingerprint anchored to the public ledger. This would apply initially to entities in the matching gift ecosystem (such as nonprofits or the verifying corporations themselves) seeking to create a permanent, auditable record of a donation. The venture plans to explore a tiered pricing test for this transaction fee, where the fee would vary based on the complexity of the data being fingerprinted. To validate this model with a planned pilot group, the venture proposes a small, targeted test using one specific variable: the number of distinct data fields in a donation receipt. A receipt exceeding a defined threshold of fields would trigger a higher fee, allowing the team to explore price sensitivity among different user segments and use cases. The venture also plans to explore a second tiered pricing test based on verification volume per organization per month, to better model potential enterprise subscription tiers. To validate the core user benefit for the initial matching gift use case, the venture also plans to propose a small, targeted test, such as a simulated workflow test with 5-10 employees to measure time saved versus the current manual verification process. The venture also plans to explore offering optional subscription tiers for high-volume users, which could include advanced provenance reporting features, supply chain management capabilities, or enhanced integration services for enterprise procurement or certification programs as it expands beyond the initial use case. An initial free trial period for generating a limited number of fingerprints is proposed to onboard partners.

## Distinctiveness
The venture aims to differentiate itself by offering heirloom-quality goods that merge immediate, tangible material qualities with enduring digital proof of ethical sourcing. Its proposed system does not just provide a product; it aims to create a permanent, independently verifiable record that the materials were sourced according to specific ethical standards at a specific time, addressing the credibility problem of sustainability claims. This focus on verifiable provenance from a specific, ethical source is presented as a unique safeguard for both consumer trust and material truth. The venture plans to explore a further point of differentiation: structuring its public ledger not just as a tamper-proof record, but as a machine-readable, open registry of ethical sourcing standards. To demonstrate focus and technical feasibility, the venture plans to explore initially supporting a single, concrete standard such as the Fair Trade certification framework within this ledger architecture. This would allow the fingerprints to be programmatically linked to the precise definitions of the ethical standards they claim to uphold, aiming to create a new layer of semantic clarity and auditability that is missing from current provenance claims. To validate this 'machine-readable ledger' concept, the venture plans to propose drafting a simple, public specification document for how Fair Trade certification data would be represented, and seeking review from 3-5 individuals with expertise in that specific standard. As a specific, limited technical milestone for this concept, the venture plans to propose publishing a draft data schema for a single Fair Trade certification claim (e.g., 'Fair Trade coffee from cooperative X') on a public test ledger.","## One-Sentence Summary
A privacy-first platform that generates verifiable digital fingerprints of ethical sourcing events and anchors them to a public, tamper-proof ledger, giving brands and consumers indisputable proof of provenance while protecting sensitive operational data.

## Problem
The venture plans to address a digital landscape saturated with manipulation and duplication, where it is increasingly difficult to establish what is original or real. The central challenge is enabling people to credibly prove the authenticity and first possession of a digital record—such as a donation confirmation or an impact report—amid pervasive skepticism and the ease of generating false claims. A specific, related challenge the venture plans to explore is the inefficiency and lack of standardization in the verification process for corporate matching gift programs, where employees often face cumbersome manual steps to prove their donations, creating friction that reduces participation.

## Target Users & Use Cases
The venture plans to initially focus its launch on solving the corporate matching gift program verification problem, targeting employees who need to prove donations and the corporate social responsibility or HR teams that administer these programs. For its planned pilot phase, the venture proposes to target initial outreach specifically to programs administered by Benevity, a well-known corporate matching gift platform, to validate its solution with a defined user base. Following this initial focus, the venture plans to expand to target brands seeking to validate their supply chains and consumers looking for trustworthy ethical goods. Broader scenarios planned for later development include discovering vetted, ethical suppliers (from large, global operations to local, artisanal producers), verifying material provenance with confidence, and providing transparent proof of sourcing standards to end customers. A planned, specific target user group for later outreach is procurement teams within consumer goods companies participating in sustainability certification or reporting programs, who need a streamlined way to discover vetted suppliers and provide indisputable proof of their ethical sourcing actions to qualify for certifications or meet regulatory requirements. To validate this planned 'discover vetted suppliers' use case before development, the venture plans to propose conducting a small survey with procurement team members from one specific, widely recognized sustainability certification program, such as Fair Trade International or B Corp.

## Solution / Product Overview
The venture plans to build a tool that creates a digital fingerprint of a user's charitable event data—such as a donation receipt for a matching gift program—and records proof of that fingerprint on a public, time-stamped ledger. The approach is proposed to be secure and privacy-preserving: users would not upload sensitive raw data; instead, a compact fingerprint would serve as durable evidence. This is positioned as a quiet safeguard for digital truth that donors, nonprofits, and corporate verifiers can rely on. To increase trust, the team plans to explore adding a decentralized, community-run witness network to provide a secondary, distributed layer of attestation to the ledger's timestamps. Furthermore, the venture plans to explore the development of a simple, open-source verification widget that any third-party website (like a nonprofit's blog or a corporate social responsibility page) could embed to allow visitors to independently verify the timestamp and authenticity of a claimed charitable fingerprint directly from that page.

## Delivery Model
The venture plans a lightweight, privacy-first implementation. It would not store sensitive donor financial details or the underlying event files. Instead, it would generate compact, anonymized fingerprints of that data for ledger anchoring. The goal is a secure and resource-conscious design that maintains long-term verifiability with minimal infrastructure. The team plans to build a clean public interface and supporting infrastructure to make the verification tools usable by its target audience, starting with the matching gift use case.

## Revenue Logic
The venture plans to generate revenue primarily through a transaction-based model, charging a fee for each verifiable digital fingerprint anchored to the public ledger. This would apply initially to entities in the matching gift ecosystem (such as nonprofits or the verifying corporations themselves) seeking to create a permanent, auditable record of a donation. The venture plans to explore a tiered pricing test for this transaction fee, where the fee would vary based on the complexity of the data being fingerprinted. To validate this model with a planned pilot group, the venture proposes a small, targeted test using one specific variable: the number of distinct data fields in a donation receipt. A receipt exceeding a defined threshold of fields would trigger a higher fee, allowing the team to explore price sensitivity among different user segments and use cases. To validate the core user benefit for the initial matching gift use case, the venture also plans to propose a small, targeted test, such as a simulated workflow test with 5-10 employees to measure time saved versus the current manual verification process. The venture also plans to explore offering optional subscription tiers for high-volume users, which could include advanced provenance reporting features, supply chain management capabilities, or enhanced integration services for enterprise procurement or certification programs as it expands beyond the initial use case. An initial free trial period for generating a limited number of fingerprints is proposed to onboard partners.

## Distinctiveness
The venture aims to differentiate itself by offering heirloom-quality goods that merge immediate, tangible material qualities with enduring digital proof of ethical sourcing. Its proposed system does not just provide a product; it aims to create a permanent, independently verifiable record that the materials were sourced according to specific ethical standards at a specific time, addressing the credibility problem of sustainability claims. This focus on verifiable provenance from a specific, ethical source is presented as a unique safeguard for both consumer trust and material truth. The venture plans to explore a further point of differentiation: structuring its public ledger not just as a tamper-proof record, but as a machine-readable, open registry of ethical sourcing standards. To demonstrate focus and technical feasibility, the venture plans to explore initially supporting a single, concrete standard such as the Fair Trade certification framework within this ledger architecture. This would allow the fingerprints to be programmatically linked to the precise definitions of the ethical standards they claim to uphold, aiming to create a new layer of semantic clarity and auditability that is missing from current provenance claims. To validate this 'machine-readable ledger' concept, the venture plans to propose drafting a simple, public specification document for how Fair Trade certification data would be represented, and seeking review from 3-5 individuals with expertise in that specific standard. As a specific, limited technical milestone for this concept, the venture plans to propose publishing a draft data schema for a single Fair Trade certification claim (e.g., 'Fair Trade coffee from cooperative X') on a public test ledger."
"local","12","L12.1","specialized_rewrite","L11.1","","False","model_audit","[""To validate the consumer-facing value of its provenance proof, the venture plans to propose a small, targeted test to measure the perceived increase in trust or credibility among consumers when a brand's ethical sourcing claim is accompanied by the venture's verifiable fingerprint, using a simple A/B survey with a specific product category like coffee or apparel.""]","False","fallback_parent","[""To validate the consumer-facing value of its provenance proof, the venture plans to propose a small, targeted test to measure the perceived increase in trust or credibility among consumers when a brand's ethical sourcing claim is accompanied by the venture's verifiable fingerprint, using a simple A/B survey with a specific product category like coffee or apparel.""]","The candidate introduces a new, specific validation test (A/B survey with consumers for coffee/apparel) that is not present in the authorized source material. While the source mentions validating the 'discover vetted suppliers' use case with procurement teams from Fair Trade International or B Corp, it does not mention any planned consumer-facing trust tests. This addition constitutes an unsupported claim about the venture's planned validation activities.","## One-Sentence Summary
A privacy-first platform that generates verifiable digital fingerprints of ethical sourcing events and anchors them to a public, tamper-proof ledger, giving brands and consumers indisputable proof of provenance while protecting sensitive operational data.

## Problem
The venture plans to address a digital landscape saturated with manipulation and duplication, where it is increasingly difficult to establish what is original or real. The central challenge is enabling people to credibly prove the authenticity and first possession of a digital record—such as a donation confirmation or an impact report—amid pervasive skepticism and the ease of generating false claims. A specific, related challenge the venture plans to explore is the inefficiency and lack of standardization in the verification process for corporate matching gift programs, where employees often face cumbersome manual steps to prove their donations, creating friction that reduces participation.

## Target Users & Use Cases
The venture plans to initially focus its launch on solving the corporate matching gift program verification problem, targeting employees who need to prove donations and the corporate social responsibility or HR teams that administer these programs. For its planned pilot phase, the venture proposes to target initial outreach specifically to programs administered by Benevity, a well-known corporate matching gift platform, to validate its solution with a defined user base. Following this initial focus, the venture plans to expand to target brands seeking to validate their supply chains and consumers looking for trustworthy ethical goods. Broader scenarios planned for later development include discovering vetted, ethical suppliers (from large, global operations to local, artisanal producers), verifying material provenance with confidence, and providing transparent proof of sourcing standards to end customers. To validate the consumer-facing value of its provenance proof, the venture plans to propose a small, targeted test to measure the perceived increase in trust or credibility among consumers when a brand's ethical sourcing claim is accompanied by the venture's verifiable fingerprint, using a simple A/B survey with a specific product category like coffee or apparel.

## Solution / Product Overview
The venture plans to build a tool that creates a digital fingerprint of a user's charitable event data—such as a donation receipt for a matching gift program—and records proof of that fingerprint on a public, time-stamped ledger. The approach is proposed to be secure and privacy-preserving: users would not upload sensitive raw data; instead, a compact fingerprint would serve as durable evidence. This is positioned as a quiet safeguard for digital truth that donors, nonprofits, and corporate verifiers can rely on. To increase trust, the team plans to explore adding a decentralized, community-run witness network to provide a secondary, distributed layer of attestation to the ledger's timestamps. Furthermore, the venture plans to explore the development of a simple, open-source verification widget that any third-party website (like a nonprofit's blog or a corporate social responsibility page) could embed to allow visitors to independently verify the timestamp and authenticity of a claimed charitable fingerprint directly from that page.

## Delivery Model
The venture plans a lightweight, privacy-first implementation. It would not store sensitive donor financial details or the underlying event files. Instead, it would generate compact, anonymized fingerprints of that data for ledger anchoring. The goal is a secure and resource-conscious design that maintains long-term verifiability with minimal infrastructure. The team plans to build a clean public interface and supporting infrastructure to make the verification tools usable by its target audience, starting with the matching gift use case.

## Revenue Logic
The venture plans to generate revenue primarily through a transaction-based model, charging a fee for each verifiable digital fingerprint anchored to the public ledger. This would apply initially to entities in the matching gift ecosystem (such as nonprofits or the verifying corporations themselves) seeking to create a permanent, auditable record of a donation. The venture plans to explore a tiered pricing test for this transaction fee, where the fee would vary based on the complexity of the data being fingerprinted. To validate this model with a planned pilot group, the venture proposes a small, targeted test using one specific variable: the number of distinct data fields in a donation receipt. A receipt exceeding a defined threshold of fields would trigger a higher fee, allowing the team to explore price sensitivity among different user segments and use cases. To validate the core user benefit for the initial matching gift use case, the venture plans to propose a small, targeted test, such as a simulated workflow test with 5-10 employees to measure time saved versus the current manual verification process. The venture also plans to propose a targeted test to measure the reduction in manual verification steps for Benevity platform administrators, not just employees, to validate the solution's value for corporate teams. The venture also plans to explore offering optional subscription tiers for high-volume users, which could include advanced provenance reporting features, supply chain management capabilities, or enhanced integration services for enterprise procurement or certification programs as it expands beyond the initial use case. An initial free trial period for generating a limited number of fingerprints is proposed to onboard partners.

## Distinctiveness
The venture aims to differentiate itself by offering heirloom-quality goods that merge immediate, tangible material qualities with enduring digital proof of ethical sourcing. Its proposed system does not just provide a product; it aims to create a permanent, independently verifiable record that the materials were sourced according to specific ethical standards at a specific time, addressing the credibility problem of sustainability claims. This focus on verifiable provenance from a specific, ethical source is presented as a unique safeguard for both consumer trust and material truth. The venture plans to explore a further point of differentiation: structuring its public ledger not just as a tamper-proof record, but as a machine-readable, open registry of ethical sourcing standards. To demonstrate focus and technical feasibility, the venture plans to explore initially supporting a single, concrete standard such as the Fair Trade certification framework within this ledger architecture. This would allow the fingerprints to be programmatically linked to the precise definitions of the ethical standards they claim to uphold, aiming to create a new layer of semantic clarity and auditability that is missing from current provenance claims. To validate this 'machine-readable ledger' concept, the venture plans to propose drafting a simple, public specification document for how Fair Trade certification data would be represented, and seeking review from 3-5 individuals with expertise in that specific standard. As a specific, limited technical milestone for this concept, the venture plans to propose publishing a draft data schema for a single Fair Trade certification claim (e.g., 'Fair Trade coffee from cooperative X') on a public test ledger.","## One-Sentence Summary
A privacy-first platform that generates verifiable digital fingerprints of ethical sourcing events and anchors them to a public, tamper-proof ledger, giving brands and consumers indisputable proof of provenance while protecting sensitive operational data.

## Problem
The venture plans to address a digital landscape saturated with manipulation and duplication, where it is increasingly difficult to establish what is original or real. The central challenge is enabling people to credibly prove the authenticity and first possession of a digital record—such as a donation confirmation or an impact report—amid pervasive skepticism and the ease of generating false claims. A specific, related challenge the venture plans to explore is the inefficiency and lack of standardization in the verification process for corporate matching gift programs, where employees often face cumbersome manual steps to prove their donations, creating friction that reduces participation.

## Target Users & Use Cases
The venture plans to initially focus its launch on solving the corporate matching gift program verification problem, targeting employees who need to prove donations and the corporate social responsibility or HR teams that administer these programs. For its planned pilot phase, the venture proposes to target initial outreach specifically to programs administered by Benevity, a well-known corporate matching gift platform, to validate its solution with a defined user base. Following this initial focus, the venture plans to expand to target brands seeking to validate their supply chains and consumers looking for trustworthy ethical goods. Broader scenarios planned for later development include discovering vetted, ethical suppliers (from large, global operations to local, artisanal producers), verifying material provenance with confidence, and providing transparent proof of sourcing standards to end customers. A planned, specific target user group for later outreach is procurement teams within consumer goods companies participating in sustainability certification or reporting programs, who need a streamlined way to discover vetted suppliers and provide indisputable proof of their ethical sourcing actions to qualify for certifications or meet regulatory requirements. To validate this planned 'discover vetted suppliers' use case before development, the venture plans to propose conducting a small survey with procurement team members from one specific, widely recognized sustainability certification program, such as Fair Trade International or B Corp.

## Solution / Product Overview
The venture plans to build a tool that creates a digital fingerprint of a user's charitable event data—such as a donation receipt for a matching gift program—and records proof of that fingerprint on a public, time-stamped ledger. The approach is proposed to be secure and privacy-preserving: users would not upload sensitive raw data; instead, a compact fingerprint would serve as durable evidence. This is positioned as a quiet safeguard for digital truth that donors, nonprofits, and corporate verifiers can rely on. To increase trust, the team plans to explore adding a decentralized, community-run witness network to provide a secondary, distributed layer of attestation to the ledger's timestamps. Furthermore, the venture plans to explore the development of a simple, open-source verification widget that any third-party website (like a nonprofit's blog or a corporate social responsibility page) could embed to allow visitors to independently verify the timestamp and authenticity of a claimed charitable fingerprint directly from that page.

## Delivery Model
The venture plans a lightweight, privacy-first implementation. It would not store sensitive donor financial details or the underlying event files. Instead, it would generate compact, anonymized fingerprints of that data for ledger anchoring. The goal is a secure and resource-conscious design that maintains long-term verifiability with minimal infrastructure. The team plans to build a clean public interface and supporting infrastructure to make the verification tools usable by its target audience, starting with the matching gift use case.

## Revenue Logic
The venture plans to generate revenue primarily through a transaction-based model, charging a fee for each verifiable digital fingerprint anchored to the public ledger. This would apply initially to entities in the matching gift ecosystem (such as nonprofits or the verifying corporations themselves) seeking to create a permanent, auditable record of a donation. The venture plans to explore a tiered pricing test for this transaction fee, where the fee would vary based on the complexity of the data being fingerprinted. To validate this model with a planned pilot group, the venture proposes a small, targeted test using one specific variable: the number of distinct data fields in a donation receipt. A receipt exceeding a defined threshold of fields would trigger a higher fee, allowing the team to explore price sensitivity among different user segments and use cases. To validate the core user benefit for the initial matching gift use case, the venture plans to propose a small, targeted test, such as a simulated workflow test with 5-10 employees to measure time saved versus the current manual verification process. The venture also plans to propose a targeted test to measure the reduction in manual verification steps for Benevity platform administrators, not just employees, to validate the solution's value for corporate teams. The venture also plans to explore offering optional subscription tiers for high-volume users, which could include advanced provenance reporting features, supply chain management capabilities, or enhanced integration services for enterprise procurement or certification programs as it expands beyond the initial use case. An initial free trial period for generating a limited number of fingerprints is proposed to onboard partners.

## Distinctiveness
The venture aims to differentiate itself by offering heirloom-quality goods that merge immediate, tangible material qualities with enduring digital proof of ethical sourcing. Its proposed system does not just provide a product; it aims to create a permanent, independently verifiable record that the materials were sourced according to specific ethical standards at a specific time, addressing the credibility problem of sustainability claims. This focus on verifiable provenance from a specific, ethical source is presented as a unique safeguard for both consumer trust and material truth. The venture plans to explore a further point of differentiation: structuring its public ledger not just as a tamper-proof record, but as a machine-readable, open registry of ethical sourcing standards. To demonstrate focus and technical feasibility, the venture plans to explore initially supporting a single, concrete standard such as the Fair Trade certification framework within this ledger architecture. This would allow the fingerprints to be programmatically linked to the precise definitions of the ethical standards they claim to uphold, aiming to create a new layer of semantic clarity and auditability that is missing from current provenance claims. To validate this 'machine-readable ledger' concept, the venture plans to propose drafting a simple, public specification document for how Fair Trade certification data would be represented, and seeking review from 3-5 individuals with expertise in that specific standard. As a specific, limited technical milestone for this concept, the venture plans to propose publishing a draft data schema for a single Fair Trade certification claim (e.g., 'Fair Trade coffee from cooperative X') on a public test ledger."
"local","12","L12.2","specialized_rewrite","L11.1","","False","prospective_framing_safeguard","[""To further validate willingness-to-pay for the transaction fee model, the venture plans to propose a small, targeted test with a specific nonprofit partner. This proposed test would involve a limited pilot where the nonprofit anchors fingerprints for a small batch of 50 donation receipts and provides feedback on the fee structure.""]","True","accepted","[]","Prospective-framing safeguard overrode the model's rejection because every flagged claim is explicitly hypothetical, proposed, planned, or future-tense and none asserts an existing accomplishment. Initial model analysis: The candidate introduces a new, specific proposed test ('a limited pilot where the nonprofit anchors fingerprints for a small batch of 50 donation receipts') that is not present in the authorized source material. While the source material mentions proposing tests, it does not specify this particular 50-receipt pilot with a nonprofit partner. This addition, though framed as a plan, is an unsupported claim about the venture's specific proposed validation activities.","## One-Sentence Summary
A privacy-first platform that generates verifiable digital fingerprints of ethical sourcing events and anchors them to a public, tamper-proof ledger, giving brands and consumers indisputable proof of provenance while protecting sensitive operational data.

## Problem
The venture plans to address a digital landscape saturated with manipulation and duplication, where it is increasingly difficult to establish what is original or real. The central challenge is enabling people to credibly prove the authenticity and first possession of a digital record—such as a donation confirmation or an impact report—amid pervasive skepticism and the ease of generating false claims. A specific, related challenge the venture plans to explore is the inefficiency and lack of standardization in the verification process for corporate matching gift programs, where employees often face cumbersome manual steps to prove their donations, creating friction that reduces participation.

## Target Users & Use Cases
The venture plans to initially focus its launch on solving the corporate matching gift program verification problem, targeting employees who need to prove donations and the corporate social responsibility or HR teams that administer these programs. For its planned pilot phase, the venture proposes to target initial outreach specifically to programs administered by Benevity, a well-known corporate matching gift platform, to validate its solution with a defined user base. Following this initial focus, the venture plans to expand to target brands seeking to validate their supply chains and consumers looking for trustworthy ethical goods. Broader scenarios planned for later development include discovering vetted, ethical suppliers (from large, global operations to local, artisanal producers), verifying material provenance with confidence, and providing transparent proof of sourcing standards to end customers. A planned, specific target user group for later outreach is procurement teams within consumer goods companies participating in sustainability certification or reporting programs, who need a streamlined way to discover vetted suppliers and provide indisputable proof of their ethical sourcing actions to qualify for certifications or meet regulatory requirements. To validate this planned 'discover vetted suppliers' use case before development, the venture plans to propose conducting a small survey with procurement team members from one specific, widely recognized sustainability certification program, such as Fair Trade International or B Corp.

## Solution / Product Overview
The venture plans to build a tool that creates a digital fingerprint of a user's charitable event data—such as a donation receipt for a matching gift program—and records proof of that fingerprint on a public, time-stamped ledger. The approach is proposed to be secure and privacy-preserving: users would not upload sensitive raw data; instead, a compact fingerprint would serve as durable evidence. This is positioned as a quiet safeguard for digital truth that donors, nonprofits, and corporate verifiers can rely on. To increase trust, the team plans to explore adding a decentralized, community-run witness network to provide a secondary, distributed layer of attestation to the ledger's timestamps. Furthermore, the venture plans to explore the development of a simple, open-source verification widget that any third-party website (like a nonprofit's blog or a corporate social responsibility page) could embed to allow visitors to independently verify the timestamp and authenticity of a claimed charitable fingerprint directly from that page.

## Delivery Model
The venture plans a lightweight, privacy-first implementation. It would not store sensitive donor financial details or the underlying event files. Instead, it would generate compact, anonymized fingerprints of that data for ledger anchoring. The goal is a secure and resource-conscious design that maintains long-term verifiability with minimal infrastructure. The team plans to build a clean public interface and supporting infrastructure to make the verification tools usable by its target audience, starting with the matching gift use case.

## Revenue Logic
The venture plans to generate revenue primarily through a transaction-based model, charging a fee for each verifiable digital fingerprint anchored to the public ledger. This would apply initially to entities in the matching gift ecosystem (such as nonprofits or the verifying corporations themselves) seeking to create a permanent, auditable record of a donation. The venture plans to explore a tiered pricing test for this transaction fee, where the fee would vary based on the complexity of the data being fingerprinted. To validate this model with a planned pilot group, the venture proposes a small, targeted test using one specific variable: the number of distinct data fields in a donation receipt. A receipt exceeding a defined threshold of fields would trigger a higher fee, allowing the team to explore price sensitivity among different user segments and use cases. To further validate willingness-to-pay for the transaction fee model, the venture plans to propose a small, targeted test with a specific nonprofit partner. This proposed test would involve a limited pilot where the nonprofit anchors fingerprints for a small batch of 50 donation receipts and provides feedback on the fee structure. To validate the core user benefit for the initial matching gift use case, the venture plans to propose a small, targeted test, such as a simulated workflow test with 5-10 employees to measure time saved versus the current manual verification process. The venture also plans to propose a targeted test to measure the reduction in manual verification steps for Benevity platform administrators, not just employees, to validate the solution's value for corporate teams. The venture also plans to explore offering optional subscription tiers for high-volume users, which could include advanced provenance reporting features, supply chain management capabilities, or enhanced integration services for enterprise procurement or certification programs as it expands beyond the initial use case. An initial free trial period for generating a limited number of fingerprints is proposed to onboard partners.

## Distinctiveness
The venture aims to differentiate itself by offering heirloom-quality goods that merge immediate, tangible material qualities with enduring digital proof of ethical sourcing. Its proposed system does not just provide a product; it aims to create a permanent, independently verifiable record that the materials were sourced according to specific ethical standards at a specific time, addressing the credibility problem of sustainability claims. This focus on verifiable provenance from a specific, ethical source is presented as a unique safeguard for both consumer trust and material truth. The venture plans to explore a further point of differentiation: structuring its public ledger not just as a tamper-proof record, but as a machine-readable, open registry of ethical sourcing standards. To demonstrate focus and technical feasibility, the venture plans to explore initially supporting a single, concrete standard such as the Fair Trade certification framework within this ledger architecture. This would allow the fingerprints to be programmatically linked to the precise definitions of the ethical standards they claim to uphold, aiming to create a new layer of semantic clarity and auditability that is missing from current provenance claims. To validate this 'machine-readable ledger' concept, the venture plans to propose drafting a simple, public specification document for how Fair Trade certification data would be represented, and seeking review from 3-5 individuals with expertise in that specific standard. As a specific, limited technical milestone for this concept, the venture plans to propose publishing a draft data schema for a single Fair Trade certification claim (e.g., 'Fair Trade coffee from cooperative X') on a public test ledger.","## One-Sentence Summary
A privacy-first platform that generates verifiable digital fingerprints of ethical sourcing events and anchors them to a public, tamper-proof ledger, giving brands and consumers indisputable proof of provenance while protecting sensitive operational data.

## Problem
The venture plans to address a digital landscape saturated with manipulation and duplication, where it is increasingly difficult to establish what is original or real. The central challenge is enabling people to credibly prove the authenticity and first possession of a digital record—such as a donation confirmation or an impact report—amid pervasive skepticism and the ease of generating false claims. A specific, related challenge the venture plans to explore is the inefficiency and lack of standardization in the verification process for corporate matching gift programs, where employees often face cumbersome manual steps to prove their donations, creating friction that reduces participation.

## Target Users & Use Cases
The venture plans to initially focus its launch on solving the corporate matching gift program verification problem, targeting employees who need to prove donations and the corporate social responsibility or HR teams that administer these programs. For its planned pilot phase, the venture proposes to target initial outreach specifically to programs administered by Benevity, a well-known corporate matching gift platform, to validate its solution with a defined user base. Following this initial focus, the venture plans to expand to target brands seeking to validate their supply chains and consumers looking for trustworthy ethical goods. Broader scenarios planned for later development include discovering vetted, ethical suppliers (from large, global operations to local, artisanal producers), verifying material provenance with confidence, and providing transparent proof of sourcing standards to end customers. A planned, specific target user group for later outreach is procurement teams within consumer goods companies participating in sustainability certification or reporting programs, who need a streamlined way to discover vetted suppliers and provide indisputable proof of their ethical sourcing actions to qualify for certifications or meet regulatory requirements. To validate this planned 'discover vetted suppliers' use case before development, the venture plans to propose conducting a small survey with procurement team members from one specific, widely recognized sustainability certification program, such as Fair Trade International or B Corp.

## Solution / Product Overview
The venture plans to build a tool that creates a digital fingerprint of a user's charitable event data—such as a donation receipt for a matching gift program—and records proof of that fingerprint on a public, time-stamped ledger. The approach is proposed to be secure and privacy-preserving: users would not upload sensitive raw data; instead, a compact fingerprint would serve as durable evidence. This is positioned as a quiet safeguard for digital truth that donors, nonprofits, and corporate verifiers can rely on. To increase trust, the team plans to explore adding a decentralized, community-run witness network to provide a secondary, distributed layer of attestation to the ledger's timestamps. Furthermore, the venture plans to explore the development of a simple, open-source verification widget that any third-party website (like a nonprofit's blog or a corporate social responsibility page) could embed to allow visitors to independently verify the timestamp and authenticity of a claimed charitable fingerprint directly from that page.

## Delivery Model
The venture plans a lightweight, privacy-first implementation. It would not store sensitive donor financial details or the underlying event files. Instead, it would generate compact, anonymized fingerprints of that data for ledger anchoring. The goal is a secure and resource-conscious design that maintains long-term verifiability with minimal infrastructure. The team plans to build a clean public interface and supporting infrastructure to make the verification tools usable by its target audience, starting with the matching gift use case.

## Revenue Logic
The venture plans to generate revenue primarily through a transaction-based model, charging a fee for each verifiable digital fingerprint anchored to the public ledger. This would apply initially to entities in the matching gift ecosystem (such as nonprofits or the verifying corporations themselves) seeking to create a permanent, auditable record of a donation. The venture plans to explore a tiered pricing test for this transaction fee, where the fee would vary based on the complexity of the data being fingerprinted. To validate this model with a planned pilot group, the venture proposes a small, targeted test using one specific variable: the number of distinct data fields in a donation receipt. A receipt exceeding a defined threshold of fields would trigger a higher fee, allowing the team to explore price sensitivity among different user segments and use cases. To further validate willingness-to-pay for the transaction fee model, the venture plans to propose a small, targeted test with a specific nonprofit partner. This proposed test would involve a limited pilot where the nonprofit anchors fingerprints for a small batch of 50 donation receipts and provides feedback on the fee structure. To validate the core user benefit for the initial matching gift use case, the venture plans to propose a small, targeted test, such as a simulated workflow test with 5-10 employees to measure time saved versus the current manual verification process. The venture also plans to propose a targeted test to measure the reduction in manual verification steps for Benevity platform administrators, not just employees, to validate the solution's value for corporate teams. The venture also plans to explore offering optional subscription tiers for high-volume users, which could include advanced provenance reporting features, supply chain management capabilities, or enhanced integration services for enterprise procurement or certification programs as it expands beyond the initial use case. An initial free trial period for generating a limited number of fingerprints is proposed to onboard partners.

## Distinctiveness
The venture aims to differentiate itself by offering heirloom-quality goods that merge immediate, tangible material qualities with enduring digital proof of ethical sourcing. Its proposed system does not just provide a product; it aims to create a permanent, independently verifiable record that the materials were sourced according to specific ethical standards at a specific time, addressing the credibility problem of sustainability claims. This focus on verifiable provenance from a specific, ethical source is presented as a unique safeguard for both consumer trust and material truth. The venture plans to explore a further point of differentiation: structuring its public ledger not just as a tamper-proof record, but as a machine-readable, open registry of ethical sourcing standards. To demonstrate focus and technical feasibility, the venture plans to explore initially supporting a single, concrete standard such as the Fair Trade certification framework within this ledger architecture. This would allow the fingerprints to be programmatically linked to the precise definitions of the ethical standards they claim to uphold, aiming to create a new layer of semantic clarity and auditability that is missing from current provenance claims. To validate this 'machine-readable ledger' concept, the venture plans to propose drafting a simple, public specification document for how Fair Trade certification data would be represented, and seeking review from 3-5 individuals with expertise in that specific standard. As a specific, limited technical milestone for this concept, the venture plans to propose publishing a draft data schema for a single Fair Trade certification claim (e.g., 'Fair Trade coffee from cooperative X') on a public test ledger."
"local","12","L12.3","specialized_rewrite","L11.1","","False","prospective_framing_safeguard","[""To sharpen its differentiation message for technical backers, the venture plans to propose drafting and publishing a one-page comparison document that clearly contrasts its proposed privacy-first, fingerprint-based approach with existing blockchain-based provenance solutions that often store more data on-chain.""]","True","accepted","[]","Prospective-framing safeguard overrode the model's rejection because every flagged claim is explicitly hypothetical, proposed, planned, or future-tense and none asserts an existing accomplishment. Initial model analysis: The candidate introduces a new, specific plan ('plans to propose drafting and publishing a one-page comparison document') that is not present in the authorized source material. While the source material discusses distinctiveness and plans to explore a machine-readable ledger, it does not include this specific proposed action. According to the audit standard, new ideas are only allowed when they are 'explicitly framed as proposals, plans, targets, hypotheses, or future tests' *in the source material*. This addition, though framed as a plan, is an unsupported claim about the venture's specific planned actions.","## One-Sentence Summary
A privacy-first platform that generates verifiable digital fingerprints of ethical sourcing events and anchors them to a public, tamper-proof ledger, giving brands and consumers indisputable proof of provenance while protecting sensitive operational data.

## Problem
The venture plans to address a digital landscape saturated with manipulation and duplication, where it is increasingly difficult to establish what is original or real. The central challenge is enabling people to credibly prove the authenticity and first possession of a digital record—such as a donation confirmation or an impact report—amid pervasive skepticism and the ease of generating false claims. A specific, related challenge the venture plans to explore is the inefficiency and lack of standardization in the verification process for corporate matching gift programs, where employees often face cumbersome manual steps to prove their donations, creating friction that reduces participation.

## Target Users & Use Cases
The venture plans to initially focus its launch on solving the corporate matching gift program verification problem, targeting employees who need to prove donations and the corporate social responsibility or HR teams that administer these programs. For its planned pilot phase, the venture proposes to target initial outreach specifically to programs administered by Benevity, a well-known corporate matching gift platform, to validate its solution with a defined user base. Following this initial focus, the venture plans to expand to target brands seeking to validate their supply chains and consumers looking for trustworthy ethical goods. Broader scenarios planned for later development include discovering vetted, ethical suppliers (from large, global operations to local, artisanal producers), verifying material provenance with confidence, and providing transparent proof of sourcing standards to end customers. A planned, specific target user group for later outreach is procurement teams within consumer goods companies participating in sustainability certification or reporting programs, who need a streamlined way to discover vetted suppliers and provide indisputable proof of their ethical sourcing actions to qualify for certifications or meet regulatory requirements. To validate this planned 'discover vetted suppliers' use case before development, the venture plans to propose conducting a small survey with procurement team members from one specific, widely recognized sustainability certification program, such as Fair Trade International or B Corp.

## Solution / Product Overview
The venture plans to build a tool that creates a digital fingerprint of a user's charitable event data—such as a donation receipt for a matching gift program—and records proof of that fingerprint on a public, time-stamped ledger. The approach is proposed to be secure and privacy-preserving: users would not upload sensitive raw data; instead, a compact fingerprint would serve as durable evidence. This is positioned as a quiet safeguard for digital truth that donors, nonprofits, and corporate verifiers can rely on. To increase trust, the team plans to explore adding a decentralized, community-run witness network to provide a secondary, distributed layer of attestation to the ledger's timestamps. Furthermore, the venture plans to explore the development of a simple, open-source verification widget that any third-party website (like a nonprofit's blog or a corporate social responsibility page) could embed to allow visitors to independently verify the timestamp and authenticity of a claimed charitable fingerprint directly from that page.

## Delivery Model
The venture plans a lightweight, privacy-first implementation. It would not store sensitive donor financial details or the underlying event files. Instead, it would generate compact, anonymized fingerprints of that data for ledger anchoring. The goal is a secure and resource-conscious design that maintains long-term verifiability with minimal infrastructure. The team plans to build a clean public interface and supporting infrastructure to make the verification tools usable by its target audience, starting with the matching gift use case.

## Revenue Logic
The venture plans to generate revenue primarily through a transaction-based model, charging a fee for each verifiable digital fingerprint anchored to the public ledger. This would apply initially to entities in the matching gift ecosystem (such as nonprofits or the verifying corporations themselves) seeking to create a permanent, auditable record of a donation. The venture plans to explore a tiered pricing test for this transaction fee, where the fee would vary based on the complexity of the data being fingerprinted. To validate this model with a planned pilot group, the venture proposes a small, targeted test using one specific variable: the number of distinct data fields in a donation receipt. A receipt exceeding a defined threshold of fields would trigger a higher fee, allowing the team to explore price sensitivity among different user segments and use cases. To validate the core user benefit for the initial matching gift use case, the venture plans to propose a small, targeted test, such as a simulated workflow test with 5-10 employees to measure time saved versus the current manual verification process. The venture also plans to propose a targeted test to measure the reduction in manual verification steps for Benevity platform administrators, not just employees, to validate the solution's value for corporate teams. The venture also plans to explore offering optional subscription tiers for high-volume users, which could include advanced provenance reporting features, supply chain management capabilities, or enhanced integration services for enterprise procurement or certification programs as it expands beyond the initial use case. An initial free trial period for generating a limited number of fingerprints is proposed to onboard partners.

## Distinctiveness
The venture aims to differentiate itself by offering heirloom-quality goods that merge immediate, tangible material qualities with enduring digital proof of ethical sourcing. Its proposed system does not just provide a product; it aims to create a permanent, independently verifiable record that the materials were sourced according to specific ethical standards at a specific time, addressing the credibility problem of sustainability claims. This focus on verifiable provenance from a specific, ethical source is presented as a unique safeguard for both consumer trust and material truth. The venture plans to explore a further point of differentiation: structuring its public ledger not just as a tamper-proof record, but as a machine-readable, open registry of ethical sourcing standards. To demonstrate focus and technical feasibility, the venture plans to explore initially supporting a single, concrete standard such as the Fair Trade certification framework within this ledger architecture. This would allow the fingerprints to be programmatically linked to the precise definitions of the ethical standards they claim to uphold, aiming to create a new layer of semantic clarity and auditability that is missing from current provenance claims. To sharpen its differentiation message for technical backers, the venture plans to propose drafting and publishing a one-page comparison document that clearly contrasts its proposed privacy-first, fingerprint-based approach with existing blockchain-based provenance solutions that often store more data on-chain. To validate this 'machine-readable ledger' concept, the venture plans to propose drafting a simple, public specification document for how Fair Trade certification data would be represented, and seeking review from 3-5 individuals with expertise in that specific standard. As a specific, limited technical milestone for this concept, the venture plans to propose publishing a draft data schema for a single Fair Trade certification claim (e.g., 'Fair Trade coffee from cooperative X') on a public test ledger.","## One-Sentence Summary
A privacy-first platform that generates verifiable digital fingerprints of ethical sourcing events and anchors them to a public, tamper-proof ledger, giving brands and consumers indisputable proof of provenance while protecting sensitive operational data.

## Problem
The venture plans to address a digital landscape saturated with manipulation and duplication, where it is increasingly difficult to establish what is original or real. The central challenge is enabling people to credibly prove the authenticity and first possession of a digital record—such as a donation confirmation or an impact report—amid pervasive skepticism and the ease of generating false claims. A specific, related challenge the venture plans to explore is the inefficiency and lack of standardization in the verification process for corporate matching gift programs, where employees often face cumbersome manual steps to prove their donations, creating friction that reduces participation.

## Target Users & Use Cases
The venture plans to initially focus its launch on solving the corporate matching gift program verification problem, targeting employees who need to prove donations and the corporate social responsibility or HR teams that administer these programs. For its planned pilot phase, the venture proposes to target initial outreach specifically to programs administered by Benevity, a well-known corporate matching gift platform, to validate its solution with a defined user base. Following this initial focus, the venture plans to expand to target brands seeking to validate their supply chains and consumers looking for trustworthy ethical goods. Broader scenarios planned for later development include discovering vetted, ethical suppliers (from large, global operations to local, artisanal producers), verifying material provenance with confidence, and providing transparent proof of sourcing standards to end customers. A planned, specific target user group for later outreach is procurement teams within consumer goods companies participating in sustainability certification or reporting programs, who need a streamlined way to discover vetted suppliers and provide indisputable proof of their ethical sourcing actions to qualify for certifications or meet regulatory requirements. To validate this planned 'discover vetted suppliers' use case before development, the venture plans to propose conducting a small survey with procurement team members from one specific, widely recognized sustainability certification program, such as Fair Trade International or B Corp.

## Solution / Product Overview
The venture plans to build a tool that creates a digital fingerprint of a user's charitable event data—such as a donation receipt for a matching gift program—and records proof of that fingerprint on a public, time-stamped ledger. The approach is proposed to be secure and privacy-preserving: users would not upload sensitive raw data; instead, a compact fingerprint would serve as durable evidence. This is positioned as a quiet safeguard for digital truth that donors, nonprofits, and corporate verifiers can rely on. To increase trust, the team plans to explore adding a decentralized, community-run witness network to provide a secondary, distributed layer of attestation to the ledger's timestamps. Furthermore, the venture plans to explore the development of a simple, open-source verification widget that any third-party website (like a nonprofit's blog or a corporate social responsibility page) could embed to allow visitors to independently verify the timestamp and authenticity of a claimed charitable fingerprint directly from that page.

## Delivery Model
The venture plans a lightweight, privacy-first implementation. It would not store sensitive donor financial details or the underlying event files. Instead, it would generate compact, anonymized fingerprints of that data for ledger anchoring. The goal is a secure and resource-conscious design that maintains long-term verifiability with minimal infrastructure. The team plans to build a clean public interface and supporting infrastructure to make the verification tools usable by its target audience, starting with the matching gift use case.

## Revenue Logic
The venture plans to generate revenue primarily through a transaction-based model, charging a fee for each verifiable digital fingerprint anchored to the public ledger. This would apply initially to entities in the matching gift ecosystem (such as nonprofits or the verifying corporations themselves) seeking to create a permanent, auditable record of a donation. The venture plans to explore a tiered pricing test for this transaction fee, where the fee would vary based on the complexity of the data being fingerprinted. To validate this model with a planned pilot group, the venture proposes a small, targeted test using one specific variable: the number of distinct data fields in a donation receipt. A receipt exceeding a defined threshold of fields would trigger a higher fee, allowing the team to explore price sensitivity among different user segments and use cases. To validate the core user benefit for the initial matching gift use case, the venture plans to propose a small, targeted test, such as a simulated workflow test with 5-10 employees to measure time saved versus the current manual verification process. The venture also plans to propose a targeted test to measure the reduction in manual verification steps for Benevity platform administrators, not just employees, to validate the solution's value for corporate teams. The venture also plans to explore offering optional subscription tiers for high-volume users, which could include advanced provenance reporting features, supply chain management capabilities, or enhanced integration services for enterprise procurement or certification programs as it expands beyond the initial use case. An initial free trial period for generating a limited number of fingerprints is proposed to onboard partners.

## Distinctiveness
The venture aims to differentiate itself by offering heirloom-quality goods that merge immediate, tangible material qualities with enduring digital proof of ethical sourcing. Its proposed system does not just provide a product; it aims to create a permanent, independently verifiable record that the materials were sourced according to specific ethical standards at a specific time, addressing the credibility problem of sustainability claims. This focus on verifiable provenance from a specific, ethical source is presented as a unique safeguard for both consumer trust and material truth. The venture plans to explore a further point of differentiation: structuring its public ledger not just as a tamper-proof record, but as a machine-readable, open registry of ethical sourcing standards. To demonstrate focus and technical feasibility, the venture plans to explore initially supporting a single, concrete standard such as the Fair Trade certification framework within this ledger architecture. This would allow the fingerprints to be programmatically linked to the precise definitions of the ethical standards they claim to uphold, aiming to create a new layer of semantic clarity and auditability that is missing from current provenance claims. To sharpen its differentiation message for technical backers, the venture plans to propose drafting and publishing a one-page comparison document that clearly contrasts its proposed privacy-first, fingerprint-based approach with existing blockchain-based provenance solutions that often store more data on-chain. To validate this 'machine-readable ledger' concept, the venture plans to propose drafting a simple, public specification document for how Fair Trade certification data would be represented, and seeking review from 3-5 individuals with expertise in that specific standard. As a specific, limited technical milestone for this concept, the venture plans to propose publishing a draft data schema for a single Fair Trade certification claim (e.g., 'Fair Trade coffee from cooperative X') on a public test ledger."
"local","12","L12.4","specialized_rewrite","L11.1","","False","prospective_framing_safeguard","[""To validate this planned 'discover vetted suppliers' use case before development, the venture plans to propose conducting a small, targeted survey of 10-15 procurement professionals from companies pursuing B Corp certification""]","True","accepted","[]","Prospective-framing safeguard overrode the model's rejection because every flagged claim is explicitly hypothetical, proposed, planned, or future-tense and none asserts an existing accomplishment. Initial model analysis: The candidate changes a specific validation plan from the source. The source states the venture plans to propose a survey with procurement team members from one specific, widely recognized sustainability certification program, 'such as Fair Trade International or B Corp.' The candidate changes this to a specific, quantified survey targeting '10-15 procurement professionals from companies pursuing B Corp certification.' This is an unsupported claim of a specific, planned test scope (10-15 professionals, B Corp certification pursuit) that is not present in the authorized source material. All other sections are accurately reproduced or contain new proposals that are explicitly framed as future plans, which is allowed.","## One-Sentence Summary
A privacy-first platform that generates verifiable digital fingerprints of ethical sourcing events and anchors them to a public, tamper-proof ledger, giving brands and consumers indisputable proof of provenance while protecting sensitive operational data.

## Problem
The venture plans to address a digital landscape saturated with manipulation and duplication, where it is increasingly difficult to establish what is original or real. The central challenge is enabling people to credibly prove the authenticity and first possession of a digital record—such as a donation confirmation or an impact report—amid pervasive skepticism and the ease of generating false claims. A specific, related challenge the venture plans to explore is the inefficiency and lack of standardization in the verification process for corporate matching gift programs, where employees often face cumbersome manual steps to prove their donations, creating friction that reduces participation.

## Target Users & Use Cases
The venture plans to initially focus its launch on solving the corporate matching gift program verification problem, targeting employees who need to prove donations and the corporate social responsibility or HR teams that administer these programs. For its planned pilot phase, the venture proposes to target initial outreach specifically to programs administered by Benevity, a well-known corporate matching gift platform, to validate its solution with a defined user base. Following this initial focus, the venture plans to expand to target brands seeking to validate their supply chains and consumers looking for trustworthy ethical goods. Broader scenarios planned for later development include discovering vetted, ethical suppliers (from large, global operations to local, artisanal producers), verifying material provenance with confidence, and providing transparent proof of sourcing standards to end customers. A planned, specific target user group for later outreach is procurement teams within consumer goods companies participating in sustainability certification or reporting programs, who need a streamlined way to discover vetted suppliers and provide indisputable proof of their ethical sourcing actions to qualify for certifications or meet regulatory requirements. To validate this planned 'discover vetted suppliers' use case before development, the venture plans to propose conducting a small, targeted survey of 10-15 procurement professionals from companies pursuing B Corp certification to validate the specific pain points around supplier discovery and evidence collection for audit purposes.

## Solution / Product Overview
The venture plans to build a tool that creates a digital fingerprint of a user's charitable event data—such as a donation receipt for a matching gift program—and records proof of that fingerprint on a public, time-stamped ledger. The approach is proposed to be secure and privacy-preserving: users would not upload sensitive raw data; instead, a compact fingerprint would serve as durable evidence. This is positioned as a quiet safeguard for digital truth that donors, nonprofits, and corporate verifiers can rely on. To increase trust, the team plans to explore adding a decentralized, community-run witness network to provide a secondary, distributed layer of attestation to the ledger's timestamps. Furthermore, the venture plans to explore the development of a simple, open-source verification widget that any third-party website (like a nonprofit's blog or a corporate social responsibility page) could embed to allow visitors to independently verify the timestamp and authenticity of a claimed charitable fingerprint directly from that page.

## Delivery Model
The venture plans a lightweight, privacy-first implementation. It would not store sensitive donor financial details or the underlying event files. Instead, it would generate compact, anonymized fingerprints of that data for ledger anchoring. The goal is a secure and resource-conscious design that maintains long-term verifiability with minimal infrastructure. The team plans to build a clean public interface and supporting infrastructure to make the verification tools usable by its target audience, starting with the matching gift use case.

## Revenue Logic
The venture plans to generate revenue primarily through a transaction-based model, charging a fee for each verifiable digital fingerprint anchored to the public ledger. This would apply initially to entities in the matching gift ecosystem (such as nonprofits or the verifying corporations themselves) seeking to create a permanent, auditable record of a donation. The venture plans to explore a tiered pricing test for this transaction fee, where the fee would vary based on the complexity of the data being fingerprinted. To validate this model with a planned pilot group, the venture proposes a small, targeted test using one specific variable: the number of distinct data fields in a donation receipt. A receipt exceeding a defined threshold of fields would trigger a higher fee, allowing the team to explore price sensitivity among different user segments and use cases. To validate the core user benefit for the initial matching gift use case, the venture plans to propose a small, targeted test, such as a simulated workflow test with 5-10 employees to measure time saved versus the current manual verification process. The venture also plans to propose a targeted test to measure the reduction in manual verification steps for Benevity platform administrators, not just employees, to validate the solution's value for corporate teams. The venture also plans to explore offering optional subscription tiers for high-volume users, which could include advanced provenance reporting features, supply chain management capabilities, or enhanced integration services for enterprise procurement or certification programs as it expands beyond the initial use case. An initial free trial period for generating a limited number of fingerprints is proposed to onboard partners.

## Distinctiveness
The venture aims to differentiate itself by offering heirloom-quality goods that merge immediate, tangible material qualities with enduring digital proof of ethical sourcing. Its proposed system does not just provide a product; it aims to create a permanent, independently verifiable record that the materials were sourced according to specific ethical standards at a specific time, addressing the credibility problem of sustainability claims. This focus on verifiable provenance from a specific, ethical source is presented as a unique safeguard for both consumer trust and material truth. The venture plans to explore a further point of differentiation: structuring its public ledger not just as a tamper-proof record, but as a machine-readable, open registry of ethical sourcing standards. To demonstrate focus and technical feasibility, the venture plans to explore initially supporting a single, concrete standard such as the Fair Trade certification framework within this ledger architecture. This would allow the fingerprints to be programmatically linked to the precise definitions of the ethical standards they claim to uphold, aiming to create a new layer of semantic clarity and auditability that is missing from current provenance claims. To validate this 'machine-readable ledger' concept, the venture plans to propose drafting a simple, public specification document for how Fair Trade certification data would be represented, and seeking review from 3-5 individuals with expertise in that specific standard. As a specific, limited technical milestone for this concept, the venture plans to propose publishing a draft data schema for a single Fair Trade certification claim (e.g., 'Fair Trade coffee from cooperative X') on a public test ledger.","## One-Sentence Summary
A privacy-first platform that generates verifiable digital fingerprints of ethical sourcing events and anchors them to a public, tamper-proof ledger, giving brands and consumers indisputable proof of provenance while protecting sensitive operational data.

## Problem
The venture plans to address a digital landscape saturated with manipulation and duplication, where it is increasingly difficult to establish what is original or real. The central challenge is enabling people to credibly prove the authenticity and first possession of a digital record—such as a donation confirmation or an impact report—amid pervasive skepticism and the ease of generating false claims. A specific, related challenge the venture plans to explore is the inefficiency and lack of standardization in the verification process for corporate matching gift programs, where employees often face cumbersome manual steps to prove their donations, creating friction that reduces participation.

## Target Users & Use Cases
The venture plans to initially focus its launch on solving the corporate matching gift program verification problem, targeting employees who need to prove donations and the corporate social responsibility or HR teams that administer these programs. For its planned pilot phase, the venture proposes to target initial outreach specifically to programs administered by Benevity, a well-known corporate matching gift platform, to validate its solution with a defined user base. Following this initial focus, the venture plans to expand to target brands seeking to validate their supply chains and consumers looking for trustworthy ethical goods. Broader scenarios planned for later development include discovering vetted, ethical suppliers (from large, global operations to local, artisanal producers), verifying material provenance with confidence, and providing transparent proof of sourcing standards to end customers. A planned, specific target user group for later outreach is procurement teams within consumer goods companies participating in sustainability certification or reporting programs, who need a streamlined way to discover vetted suppliers and provide indisputable proof of their ethical sourcing actions to qualify for certifications or meet regulatory requirements. To validate this planned 'discover vetted suppliers' use case before development, the venture plans to propose conducting a small, targeted survey of 10-15 procurement professionals from companies pursuing B Corp certification to validate the specific pain points around supplier discovery and evidence collection for audit purposes.

## Solution / Product Overview
The venture plans to build a tool that creates a digital fingerprint of a user's charitable event data—such as a donation receipt for a matching gift program—and records proof of that fingerprint on a public, time-stamped ledger. The approach is proposed to be secure and privacy-preserving: users would not upload sensitive raw data; instead, a compact fingerprint would serve as durable evidence. This is positioned as a quiet safeguard for digital truth that donors, nonprofits, and corporate verifiers can rely on. To increase trust, the team plans to explore adding a decentralized, community-run witness network to provide a secondary, distributed layer of attestation to the ledger's timestamps. Furthermore, the venture plans to explore the development of a simple, open-source verification widget that any third-party website (like a nonprofit's blog or a corporate social responsibility page) could embed to allow visitors to independently verify the timestamp and authenticity of a claimed charitable fingerprint directly from that page.

## Delivery Model
The venture plans a lightweight, privacy-first implementation. It would not store sensitive donor financial details or the underlying event files. Instead, it would generate compact, anonymized fingerprints of that data for ledger anchoring. The goal is a secure and resource-conscious design that maintains long-term verifiability with minimal infrastructure. The team plans to build a clean public interface and supporting infrastructure to make the verification tools usable by its target audience, starting with the matching gift use case.

## Revenue Logic
The venture plans to generate revenue primarily through a transaction-based model, charging a fee for each verifiable digital fingerprint anchored to the public ledger. This would apply initially to entities in the matching gift ecosystem (such as nonprofits or the verifying corporations themselves) seeking to create a permanent, auditable record of a donation. The venture plans to explore a tiered pricing test for this transaction fee, where the fee would vary based on the complexity of the data being fingerprinted. To validate this model with a planned pilot group, the venture proposes a small, targeted test using one specific variable: the number of distinct data fields in a donation receipt. A receipt exceeding a defined threshold of fields would trigger a higher fee, allowing the team to explore price sensitivity among different user segments and use cases. To validate the core user benefit for the initial matching gift use case, the venture plans to propose a small, targeted test, such as a simulated workflow test with 5-10 employees to measure time saved versus the current manual verification process. The venture also plans to propose a targeted test to measure the reduction in manual verification steps for Benevity platform administrators, not just employees, to validate the solution's value for corporate teams. The venture also plans to explore offering optional subscription tiers for high-volume users, which could include advanced provenance reporting features, supply chain management capabilities, or enhanced integration services for enterprise procurement or certification programs as it expands beyond the initial use case. An initial free trial period for generating a limited number of fingerprints is proposed to onboard partners.

## Distinctiveness
The venture aims to differentiate itself by offering heirloom-quality goods that merge immediate, tangible material qualities with enduring digital proof of ethical sourcing. Its proposed system does not just provide a product; it aims to create a permanent, independently verifiable record that the materials were sourced according to specific ethical standards at a specific time, addressing the credibility problem of sustainability claims. This focus on verifiable provenance from a specific, ethical source is presented as a unique safeguard for both consumer trust and material truth. The venture plans to explore a further point of differentiation: structuring its public ledger not just as a tamper-proof record, but as a machine-readable, open registry of ethical sourcing standards. To demonstrate focus and technical feasibility, the venture plans to explore initially supporting a single, concrete standard such as the Fair Trade certification framework within this ledger architecture. This would allow the fingerprints to be programmatically linked to the precise definitions of the ethical standards they claim to uphold, aiming to create a new layer of semantic clarity and auditability that is missing from current provenance claims. To validate this 'machine-readable ledger' concept, the venture plans to propose drafting a simple, public specification document for how Fair Trade certification data would be represented, and seeking review from 3-5 individuals with expertise in that specific standard. As a specific, limited technical milestone for this concept, the venture plans to propose publishing a draft data schema for a single Fair Trade certification claim (e.g., 'Fair Trade coffee from cooperative X') on a public test ledger."
"local","12","L12.5","specialized_rewrite","L11.1","","True","model_audit","[]","True","accepted","[]","All statements about existing real-world evidence or status are supported by the authorized source material. The candidate adds one new, detailed technical plan ('build and test this open-source verification widget as a standalone web component for a single, specific use case—verifying a donation fingerprint on a nonprofit's 'Impact' page—before integrating it into the core platform'), but this is explicitly framed as a proposal ('the venture proposes to') and is therefore permissible under the standard. All other sections are verbatim or logically consistent with the source material, maintaining the prospective framing of plans, targets, and proposals.","## One-Sentence Summary
A privacy-first platform that generates verifiable digital fingerprints of ethical sourcing events and anchors them to a public, tamper-proof ledger, giving brands and consumers indisputable proof of provenance while protecting sensitive operational data.

## Problem
The venture plans to address a digital landscape saturated with manipulation and duplication, where it is increasingly difficult to establish what is original or real. The central challenge is enabling people to credibly prove the authenticity and first possession of a digital record—such as a donation confirmation or an impact report—amid pervasive skepticism and the ease of generating false claims. A specific, related challenge the venture plans to explore is the inefficiency and lack of standardization in the verification process for corporate matching gift programs, where employees often face cumbersome manual steps to prove their donations, creating friction that reduces participation.

## Target Users & Use Cases
The venture plans to initially focus its launch on solving the corporate matching gift program verification problem, targeting employees who need to prove donations and the corporate social responsibility or HR teams that administer these programs. For its planned pilot phase, the venture proposes to target initial outreach specifically to programs administered by Benevity, a well-known corporate matching gift platform, to validate its solution with a defined user base. Following this initial focus, the venture plans to expand to target brands seeking to validate their supply chains and consumers looking for trustworthy ethical goods. Broader scenarios planned for later development include discovering vetted, ethical suppliers (from large, global operations to local, artisanal producers), verifying material provenance with confidence, and providing transparent proof of sourcing standards to end customers. A planned, specific target user group for later outreach is procurement teams within consumer goods companies participating in sustainability certification or reporting programs, who need a streamlined way to discover vetted suppliers and provide indisputable proof of their ethical sourcing actions to qualify for certifications or meet regulatory requirements. To validate this planned 'discover vetted suppliers' use case before development, the venture plans to propose conducting a small survey with procurement team members from one specific, widely recognized sustainability certification program, such as Fair Trade International or B Corp.

## Solution / Product Overview
The venture plans to build a tool that creates a digital fingerprint of a user's charitable event data—such as a donation receipt for a matching gift program—and records proof of that fingerprint on a public, time-stamped ledger. The approach is proposed to be secure and privacy-preserving: users would not upload sensitive raw data; instead, a compact fingerprint would serve as durable evidence. This is positioned as a quiet safeguard for digital truth that donors, nonprofits, and corporate verifiers can rely on. To increase trust, the team plans to explore adding a decentralized, community-run witness network to provide a secondary, distributed layer of attestation to the ledger's timestamps. Furthermore, the venture plans to explore the development of a simple, open-source verification widget that any third-party website (like a nonprofit's blog or a corporate social responsibility page) could embed to allow visitors to independently verify the timestamp and authenticity of a claimed charitable fingerprint directly from that page. As a concrete, limited-scope technical plan, the venture proposes to build and test this open-source verification widget as a standalone web component for a single, specific use case—verifying a donation fingerprint on a nonprofit's 'Impact' page—before integrating it into the core platform.

## Delivery Model
The venture plans a lightweight, privacy-first implementation. It would not store sensitive donor financial details or the underlying event files. Instead, it would generate compact, anonymized fingerprints of that data for ledger anchoring. The goal is a secure and resource-conscious design that maintains long-term verifiability with minimal infrastructure. The team plans to build a clean public interface and supporting infrastructure to make the verification tools usable by its target audience, starting with the matching gift use case.

## Revenue Logic
The venture plans to generate revenue primarily through a transaction-based model, charging a fee for each verifiable digital fingerprint anchored to the public ledger. This would apply initially to entities in the matching gift ecosystem (such as nonprofits or the verifying corporations themselves) seeking to create a permanent, auditable record of a donation. The venture plans to explore a tiered pricing test for this transaction fee, where the fee would vary based on the complexity of the data being fingerprinted. To validate this model with a planned pilot group, the venture proposes a small, targeted test using one specific variable: the number of distinct data fields in a donation receipt. A receipt exceeding a defined threshold of fields would trigger a higher fee, allowing the team to explore price sensitivity among different user segments and use cases. To validate the core user benefit for the initial matching gift use case, the venture plans to propose a small, targeted test, such as a simulated workflow test with 5-10 employees to measure time saved versus the current manual verification process. The venture also plans to propose a targeted test to measure the reduction in manual verification steps for Benevity platform administrators, not just employees, to validate the solution's value for corporate teams. The venture also plans to explore offering optional subscription tiers for high-volume users, which could include advanced provenance reporting features, supply chain management capabilities, or enhanced integration services for enterprise procurement or certification programs as it expands beyond the initial use case. An initial free trial period for generating a limited number of fingerprints is proposed to onboard partners.

## Distinctiveness
The venture aims to differentiate itself by offering heirloom-quality goods that merge immediate, tangible material qualities with enduring digital proof of ethical sourcing. Its proposed system does not just provide a product; it aims to create a permanent, independently verifiable record that the materials were sourced according to specific ethical standards at a specific time, addressing the credibility problem of sustainability claims. This focus on verifiable provenance from a specific, ethical source is presented as a unique safeguard for both consumer trust and material truth. The venture plans to explore a further point of differentiation: structuring its public ledger not just as a tamper-proof record, but as a machine-readable, open registry of ethical sourcing standards. To demonstrate focus and technical feasibility, the venture plans to explore initially supporting a single, concrete standard such as the Fair Trade certification framework within this ledger architecture. This would allow the fingerprints to be programmatically linked to the precise definitions of the ethical standards they claim to uphold, aiming to create a new layer of semantic clarity and auditability that is missing from current provenance claims. To validate this 'machine-readable ledger' concept, the venture plans to propose drafting a simple, public specification document for how Fair Trade certification data would be represented, and seeking review from 3-5 individuals with expertise in that specific standard. As a specific, limited technical milestone for this concept, the venture plans to propose publishing a draft data schema for a single Fair Trade certification claim (e.g., 'Fair Trade coffee from cooperative X') on a public test ledger.","## One-Sentence Summary
A privacy-first platform that generates verifiable digital fingerprints of ethical sourcing events and anchors them to a public, tamper-proof ledger, giving brands and consumers indisputable proof of provenance while protecting sensitive operational data.

## Problem
The venture plans to address a digital landscape saturated with manipulation and duplication, where it is increasingly difficult to establish what is original or real. The central challenge is enabling people to credibly prove the authenticity and first possession of a digital record—such as a donation confirmation or an impact report—amid pervasive skepticism and the ease of generating false claims. A specific, related challenge the venture plans to explore is the inefficiency and lack of standardization in the verification process for corporate matching gift programs, where employees often face cumbersome manual steps to prove their donations, creating friction that reduces participation.

## Target Users & Use Cases
The venture plans to initially focus its launch on solving the corporate matching gift program verification problem, targeting employees who need to prove donations and the corporate social responsibility or HR teams that administer these programs. For its planned pilot phase, the venture proposes to target initial outreach specifically to programs administered by Benevity, a well-known corporate matching gift platform, to validate its solution with a defined user base. Following this initial focus, the venture plans to expand to target brands seeking to validate their supply chains and consumers looking for trustworthy ethical goods. Broader scenarios planned for later development include discovering vetted, ethical suppliers (from large, global operations to local, artisanal producers), verifying material provenance with confidence, and providing transparent proof of sourcing standards to end customers. A planned, specific target user group for later outreach is procurement teams within consumer goods companies participating in sustainability certification or reporting programs, who need a streamlined way to discover vetted suppliers and provide indisputable proof of their ethical sourcing actions to qualify for certifications or meet regulatory requirements. To validate this planned 'discover vetted suppliers' use case before development, the venture plans to propose conducting a small survey with procurement team members from one specific, widely recognized sustainability certification program, such as Fair Trade International or B Corp.

## Solution / Product Overview
The venture plans to build a tool that creates a digital fingerprint of a user's charitable event data—such as a donation receipt for a matching gift program—and records proof of that fingerprint on a public, time-stamped ledger. The approach is proposed to be secure and privacy-preserving: users would not upload sensitive raw data; instead, a compact fingerprint would serve as durable evidence. This is positioned as a quiet safeguard for digital truth that donors, nonprofits, and corporate verifiers can rely on. To increase trust, the team plans to explore adding a decentralized, community-run witness network to provide a secondary, distributed layer of attestation to the ledger's timestamps. Furthermore, the venture plans to explore the development of a simple, open-source verification widget that any third-party website (like a nonprofit's blog or a corporate social responsibility page) could embed to allow visitors to independently verify the timestamp and authenticity of a claimed charitable fingerprint directly from that page. As a concrete, limited-scope technical plan, the venture proposes to build and test this open-source verification widget as a standalone web component for a single, specific use case—verifying a donation fingerprint on a nonprofit's 'Impact' page—before integrating it into the core platform.

## Delivery Model
The venture plans a lightweight, privacy-first implementation. It would not store sensitive donor financial details or the underlying event files. Instead, it would generate compact, anonymized fingerprints of that data for ledger anchoring. The goal is a secure and resource-conscious design that maintains long-term verifiability with minimal infrastructure. The team plans to build a clean public interface and supporting infrastructure to make the verification tools usable by its target audience, starting with the matching gift use case.

## Revenue Logic
The venture plans to generate revenue primarily through a transaction-based model, charging a fee for each verifiable digital fingerprint anchored to the public ledger. This would apply initially to entities in the matching gift ecosystem (such as nonprofits or the verifying corporations themselves) seeking to create a permanent, auditable record of a donation. The venture plans to explore a tiered pricing test for this transaction fee, where the fee would vary based on the complexity of the data being fingerprinted. To validate this model with a planned pilot group, the venture proposes a small, targeted test using one specific variable: the number of distinct data fields in a donation receipt. A receipt exceeding a defined threshold of fields would trigger a higher fee, allowing the team to explore price sensitivity among different user segments and use cases. To validate the core user benefit for the initial matching gift use case, the venture plans to propose a small, targeted test, such as a simulated workflow test with 5-10 employees to measure time saved versus the current manual verification process. The venture also plans to propose a targeted test to measure the reduction in manual verification steps for Benevity platform administrators, not just employees, to validate the solution's value for corporate teams. The venture also plans to explore offering optional subscription tiers for high-volume users, which could include advanced provenance reporting features, supply chain management capabilities, or enhanced integration services for enterprise procurement or certification programs as it expands beyond the initial use case. An initial free trial period for generating a limited number of fingerprints is proposed to onboard partners.

## Distinctiveness
The venture aims to differentiate itself by offering heirloom-quality goods that merge immediate, tangible material qualities with enduring digital proof of ethical sourcing. Its proposed system does not just provide a product; it aims to create a permanent, independently verifiable record that the materials were sourced according to specific ethical standards at a specific time, addressing the credibility problem of sustainability claims. This focus on verifiable provenance from a specific, ethical source is presented as a unique safeguard for both consumer trust and material truth. The venture plans to explore a further point of differentiation: structuring its public ledger not just as a tamper-proof record, but as a machine-readable, open registry of ethical sourcing standards. To demonstrate focus and technical feasibility, the venture plans to explore initially supporting a single, concrete standard such as the Fair Trade certification framework within this ledger architecture. This would allow the fingerprints to be programmatically linked to the precise definitions of the ethical standards they claim to uphold, aiming to create a new layer of semantic clarity and auditability that is missing from current provenance claims. To validate this 'machine-readable ledger' concept, the venture plans to propose drafting a simple, public specification document for how Fair Trade certification data would be represented, and seeking review from 3-5 individuals with expertise in that specific standard. As a specific, limited technical milestone for this concept, the venture plans to propose publishing a draft data schema for a single Fair Trade certification claim (e.g., 'Fair Trade coffee from cooperative X') on a public test ledger."
