"mode","step","plan_a_slot","plan_a_id","plan_b_slot","plan_b_id","winner_id","winner_label","analysis"
"local","1","0","angelry","1","L1.1","L1.1","plan_1","{""Project A"": {""Pros"": [""• Clear value proposition: Animal-friendly real leather jewelry from cultivated cells with no animal harm"", ""• Strong differentiation: First-of-its-kind cultivated leather jewelry with patent-pending technology"", ""• Feasible development plan: Shows finished prototypes, owns technology, no regulatory approvals needed"", ""• Good risk awareness: Identifies key technical and supply chain risks with mitigation plans"", ""• Experienced founder: Tissue-engineering background since 2018 with sanctuary partnership""], ""Cons"": [""• Limited market validation: No evidence of demand beyond stated target audience"", ""• Unclear revenue model sustainability: No pricing, production costs, or long-term business model details"", ""• Limited impact evidence: No metrics or plans to measure environmental/ethical impact"", ""• Scaling uncertainties: Bioreactor scaling mentioned but not detailed"", ""• Narrow product focus: Only jewelry items shown""]}, ""Project B"": {""Pros"": [""• Enhanced clarity: Includes visual comparison chart to illustrate differentiation vs conventional/vegan leathers"", ""• Stronger value communication: Comparison chart helps educate consumers on key attributes"", ""• Better market positioning: Clearer competitive analysis through visual aids"", ""• Same strong technical foundation as Project A with all its advantages"", ""• More complete consumer education approach""], ""Cons"": [""• Same limitations as Project A: No market validation, unclear revenue sustainability, limited impact metrics"", ""• Comparison chart is marketing enhancement but doesn't address core business model gaps"", ""• No additional evidence of demand or partnerships beyond Project A"", ""• Same scaling and production uncertainties"", ""• Still lacks quantified evidence of traction""]}}"
"local","1","0","angelry","2","L1.2","L1.2","plan_2","{""Project A"": {""Pros"": [""• Clear value proposition: animal-friendly real leather from living donor animals, addressing ethical concerns in leather production."", ""• Strong differentiation: first-of-its-kind cultivated leather jewelry with patent-pending plant-based scaffolding technology."", ""• Feasible development plan: shows finished inlays and prototypes, owns technology and cell lines, no external approvals needed."", ""• Good risk awareness: identifies key technical and supply chain risks with specific mitigation strategies."", ""• Credible team: founder with tissue-engineering and cellular-agriculture experience since 2018.""], ""Cons"": [""• Limited market size: niche appeal to ethical jewelry consumers, not mass market."", ""• Unclear revenue model sustainability: high production costs from bioreactor cultivation may limit scalability."", ""• Minimal impact evidence plan: lacks metrics for environmental or animal welfare impact measurement."", ""• Basic product offering: standard jewelry without enhanced storytelling elements.""]}, ""Project B"": {""Pros"": [""• Enhanced value proposition: includes all Project A benefits plus limited series with named donor cow selection and animal profiles."", ""• Stronger differentiation: adds emotional connection through donor animal stories, creating premium positioning."", ""• Better market appeal: donor selection feature targets collectors and increases perceived value for ethical consumers."", ""• Same strong feasibility: identical technical foundation and development status as Project A."", ""• Same credible team and risk mitigation.""], ""Cons"": [""• Same limited market size constraints as Project A."", ""• Same unclear revenue model sustainability concerns."", ""• Adds operational complexity: managing donor selection, profiles, and potential inventory tracking."", ""• Same minimal impact evidence plan.""]}}"
"local","1","0","angelry","3","L1.3","L1.3","plan_3","{'Project A': {'pros': ['• Clarity of value proposition: Clearly communicates the unique selling point of animal-friendly, real leather from a living donor.', '• Feasibility and development plan: Shows tangible progress with prototypes and a clear, technical production roadmap.', '• Differentiation: Highly innovative concept with patent-pending technology; strong ethical and material differentiation.', '• Risk awareness and mitigation: Identifies specific technical and supply-chain risks with concrete mitigation plans.', '• Team & partnerships: Founder has relevant, long-term experience in cellular agriculture and established partnerships with a sanctuary.'], 'cons': ['• Market size and demand: Targets a niche, ethically-driven segment; broader consumer demand for cultivated leather jewelry is unproven.', '• Revenue model and sustainability: Relies on one-time jewelry sales; long-term business model and scalability of bioreactor production are unclear.', '• Impact and evidence plan: Lacks a structured plan to gather user feedback or validate market acceptance before full production.']}, 'Project B': {'pros': ['• Clarity of value proposition: Identical to Project A, clearly defines the ethical and innovative value.', ""• Feasibility and development plan: Includes all of Project A's technical steps plus a planned focus-group pilot test for user feedback."", '• Differentiation: Same strong innovation and ethical differentiation as Project A.', '• Impact and evidence plan: Explicitly plans a focus-group test to gather evidence on aesthetic appeal and perceived value, addressing a key market risk.', '• Risk awareness and mitigation: Same robust risk identification as Project A, with the added mitigation of user testing.', '• Team & partnerships: Same strong team credentials as Project A.'], 'cons': ['• Market size and demand: Shares the same niche market concern as Project A.', '• Revenue model and sustainability: Shares the same uncertainty regarding long-term business model and production scalability as Project A.']}}"
"local","1","0","angelry","4","L1.4","angelry","plan_0","{""Project A"": {""Pros"": [""• Clear value proposition: Real leather without animal harm, targeting ethical consumers"", ""• Strong differentiation: Patent-pending plant-based scaffolding and cultivated leather technology is novel"", ""• Feasible development plan: Shows prototypes and outlines specific next steps (pilot testing, scaffold inspection)"", ""• Evidence of progress: Cells isolated in 2023, prototypes made in early 2025"", ""• Risk awareness: Identifies key risks (cell loss, variability) and proposes mitigation strategies"", ""• Founder expertise: Tissue-engineering and cellular-agriculture experience since 2018""], ""Cons"": [""• Market size unclear: No data on demand for cultivated leather jewelry"", ""• Revenue model/sustainability vague: No pricing, margins, or long-term business model details"", ""• Scaling plan is generic: 'Adjusting modular bioreactor technology' lacks specifics"", ""• Impact measurement plan absent: No metrics for animal welfare or environmental impact""]}, ""Project B"": {""Pros"": [""• Clear value proposition: Identical to Project A's strong ethical positioning"", ""• Enhanced roadmap clarity: Mentions a timeline graphic to illustrate sequential steps"", ""• Same strong differentiation and technical details as Project A"", ""• Same credible development status with prototypes and milestones"", ""• Same risk awareness with mitigation strategies"", ""• Same founder expertise and partnerships""], ""Cons"": [""• Identical to Project A's cons: No market size data, vague revenue model, generic scaling, no impact metrics"", ""• Contains a typo/error in technical details ('III mm' instead of numerical dimension)""]}}"
"local","1","0","angelry","5","L1.5","L1.5","plan_5","PROJECT A: Pros: • Clear value proposition addressing animal welfare concerns while preserving leather qualities. • Demonstrated technical feasibility with finished inlays and prototypes. • Specific development plan with pilot testing and scaling strategy. • Realistic risk assessment with mitigation strategies. • Strong team credentials in tissue engineering. Cons: • Limited revenue model beyond initial sales. • Market size potentially niche (ethical jewelry consumers). • No clear plan for long-term community building. • Impact evidence plan not explicitly outlined. PROJECT B: Pros: • All strengths of Project A plus additional revenue model innovation. • Proposed subscription model enhances sustainability and customer lifetime value. • Community-building strategy around donor animal's legacy. • Long-term vision includes recurring revenue streams. Cons: • Subscription model adds execution complexity. • Market validation for subscription model not provided. • Similar risks to Project A with additional subscription-related uncertainties. Both projects share identical core technology, team, and development status. Project B demonstrates superior strategic thinking by proposing a subscription model that addresses revenue sustainability (criterion 4) and differentiation (criterion 5) while maintaining all other strengths. This forward-looking approach to building recurring revenue and community gives Project B a competitive edge in long-term viability."
"local","1","1","L1.1","0","angelry","L1.1","plan_1","PROJECT A: Pros: • Strong clarity of value proposition with explicit visual comparison chart to differentiate from conventional/vegan leather. • Detailed feasibility plan showing awareness of production variables (color, texture, scaffold density). • Clear revenue model tied to direct product sales. • Strong differentiation through patented plant-based scaffolding and specific donor animal story. • Good risk awareness with specific mitigation strategies (multiple cell storage, pilot testing). • Evidence plan includes showing finished inlays and prototypes. Cons: • Market size limited to niche ethical jewelry consumers. • Scalability of bioreactor technology for production scaling is vaguely described. • Sustainability claims focus on animal welfare but lack lifecycle analysis of bioreactor energy use. • Impact measurement plan not explicitly stated beyond being 'evidence' leather can be made ethically. PROJECT B: Pros: • Identical core value proposition and technical foundation as Project A. • Same strong team credentials and development status. • Same clear target market and use cases. Cons: • Missing the explicit visual comparison chart that enhances clarity and differentiation. • Otherwise identical to Project A in all other aspects, including cons. Both projects share identical descriptions except for one key element in Project A's Solution/Product Overview: the inclusion of a 'visual comparison chart' to illustrate differences between cultivated, conventional, and vegan leather. This gives Project A a slight edge in clarity of value proposition and differentiation, as it actively educates consumers and sharpens its competitive positioning. In crowdfunding, where communication is crucial, this added clarity is meaningful. All other strengths and weaknesses are identical."
"local","1","1","L1.1","2","L1.2","L1.2","plan_2","{
  ""Project A"": {
    ""Pros"": [
      ""• Clarity of value proposition: Clearly articulates an animal-friendly alternative to conventional leather using cultivated technology, supported by a proposed comparison chart to educate consumers."",
      ""• Feasibility and development plan: Demonstrates tangible progress with finished inlays and prototypes, and outlines a clear, stepwise production plan."",
      ""• Revenue model and sustainability: Focuses on direct sales of jewelry with a clear use of funds for production, testing, and packaging."",
      ""• Risk awareness and mitigation: Identifies specific technical and logistical risks (e.g., cell loss, texture variability) with concrete mitigation strategies.""
    ],
    ""Cons"": [
      ""• Market size and demand: Targets a niche segment (ethical jewelry enthusiasts) without strong evidence of broad market demand or scalability beyond jewelry."",
      ""• Differentiation: While innovative, the core technology is similar to Project B; lacks a unique experiential or marketing hook to stand out."",
      ""• Impact and evidence plan: Relies on claims of ethical sourcing but provides no specific plan for measuring or communicating impact (e.g., animal welfare outcomes).""
    ]
  },
  ""Project B"": {
    ""Pros"": [
      ""• Clarity of value proposition: Enhances the ethical narrative with a proposed limited series allowing backers to select a named donor cow, adding emotional connection and storytelling."",
      ""• Differentiation: The donor-selection feature creates a unique, personalized offering that strengthens brand identity and competitive edge."",
      ""• Market size and demand: The limited-series approach could attract collectors and high-end consumers, potentially commanding premium pricing."",
      ""• Impact and evidence plan: The donor profiles provide a tangible link to animal welfare, making the ethical claims more concrete and verifiable for backers.""
    ],
    ""Cons"": [
      ""• Feasibility and development plan: Adds complexity (managing donor selection, profiles) without detailing how this will be executed within the existing timeline or resources."",
      ""• Risk awareness and mitigation: Does not address additional risks introduced by the limited series (e.g., supply chain for multiple cell lines, donor management logistics)."",
      ""• Revenue model and sustainability: The limited-series model may constrain scalability and increase operational costs compared to a standardized product line.""
    ]
  },
  ""Overall Comparison"": ""Both projects share identical core technology, team, and development status. Project A is more straightforward and lower-risk, with a clear path to production. Project B introduces a creative marketing differentiator (donor selection) that enhances its value proposition and potential for customer engagement, but adds unaddressed operational complexity. In crowdfunding, where narrative and backer connection are critical, Project B's unique feature likely offers stronger campaign appeal and differentiation, outweighing its incremental risks."",
  ""Winner"": ""B""
}"
"local","1","1","L1.1","3","L1.3","L1.3","plan_3","{
  ""Project A"": {
    ""Pros"": [
      ""• Clarity of value proposition: Excellent. The inclusion of a visual comparison chart to illustrate differences between cultivated, conventional, and vegan leathers directly addresses consumer confusion and strengthens the ethical and material quality claims."",
      ""• Feasibility and development plan: Strong. Clear, specific technical steps (pilot testing, scaffold inspection, tanning preparation) are outlined, demonstrating a practical path from prototype to production."",
      ""• Differentiation: High. The patent-pending plant-based scaffold and ownership of technology/cell lines provide defensible intellectual property and a unique technical approach."",
      ""• Risk awareness and mitigation: Good. Identifies key technical (cell loss, texture variability) and logistical (supply chain, delivery delays) risks with specific mitigation strategies (multi-facility storage, pilot testing).""
    ],
    ""Cons"": [
      ""• Market size and demand: Unquantified. While the target audience (ethical consumers, early adopters) is described, there is no data or evidence presented to gauge the actual addressable market size or demand for this niche product."",
      ""• Revenue model and sustainability: Weak. The description is solely focused on delivering the crowdfunded product. No long-term business model, pricing strategy beyond the campaign, or plans for scaling revenue are discussed."",
      ""• Impact and evidence plan: Limited. While the ethical impact is the core proposition, there is no plan to measure or report on this impact (e.g., animal lives affected, reduction in conventional leather use). Evidence is presented as finished inlays and prototypes but lacks third-party validation or detailed performance data.""
    ]
  },
  ""Project B"": {
    ""Pros"": [
      ""• Clarity of value proposition: Good. Clearly states the ethical alternative to conventional leather, though lacks the comparative visual aid of Project A."",
      ""• Feasibility and development plan: Very Strong. Includes all of Project A's technical steps AND adds a planned focus-group pilot test to gather feedback on aesthetic appeal and perceived value. This demonstrates superior customer-centric validation before full production."",
      ""• Revenue model and sustainability: Slightly better. Implicitly, the focus-group test suggests an intent to validate product-market fit, which is a foundational step for a sustainable revenue model, though the long-term model is still not detailed."",
      ""• Risk awareness and mitigation: Good. Identifies the same key risks as Project A with the same mitigation strategies."",
      ""• Impact and evidence plan: Improved. The planned focus-group test is a form of evidence gathering related to customer perception and value, which directly supports the marketability and impact claims of the product.""
    ],
    ""Cons"": [
      ""• Market size and demand: Unquantified. Same weakness as Project A; no market size data or evidence of demand is provided."",
      ""• Revenue model and sustainability: Weak. Same core issue as Project A; no discussion of long-term pricing, sales channels, or scaling strategy."",
      ""• Differentiation: Good but slightly less clear. While it shares the same core IP as Project A, the description does not emphasize the visual comparison chart, which is a strong communication tool for differentiation.""
    ]
  },
  ""Overall Winner"": ""B"",
  ""Reasoning"": ""Project B wins due to a superior feasibility and development plan that incorporates critical customer validation. Both projects are nearly identical in concept, team, technology, and risks. However, Project B's inclusion of a planned focus-group pilot test to assess aesthetic appeal and perceived value represents a more rigorous, evidence-based approach to product development. This step directly addresses a major uncertainty for a novel material in a consumer-facing product: whether the target market will find it desirable and valuable. It demonstrates a higher level of operational maturity and customer focus, which significantly de-risks the venture from a market acceptance perspective. While Project A has a slight edge in communication clarity with its proposed comparison chart, Project B's actionable plan to gather real user feedback before finalizing production is a more substantial advantage for ensuring the project's success and future sustainability.""
}"
"local","1","1","L1.1","4","L1.4","L1.1","plan_1","{'Project A': {'pros': ['• Clarity of value proposition is strong, enhanced by a visual comparison chart to differentiate from conventional/vegan leather.', '• Market demand is clearly targeted at ethically conscious consumers seeking animal-friendly luxury.', '• Feasibility appears solid with demonstrated prototypes and patent-pending technology owned by the team.', '• Revenue model is direct-to-consumer via crowdfunding, with potential for sustainable production scaling.', '• Differentiation is high due to first-of-its-kind cultivated leather from a specific sanctuary cow.', '• Impact plan is evidenced by collaboration with a sanctuary and veterinary professionals.', '• Risk awareness is thorough, addressing cell preservation, production variability, and supply chain.'], 'cons': ['• Market size may be niche, limited to high-end, ethically-focused jewelry buyers.', '• Long-term sustainability of bioreactor scaling for small-batch jewelry is unproven.', '• Revenue model lacks detail on post-campaign pricing or retail strategy.', '• Technical details include a specific inlay dimension (10 mm × 50 mm), but no scalability data.', '• Risk mitigation relies heavily on pilot testing, which may not eliminate all production inconsistencies.']}, 'Project B': {'pros': ['• Clarity of value proposition is clear, emphasizing ethical leather without animal harm.', '• Market targets similar ethically conscious consumers interested in innovative materials.', '• Feasibility is supported by prototypes and owned technology, with no external approvals needed.', '• Revenue model is direct via crowdfunding, focused on delivering initial backer rewards.', '• Differentiation is strong due to unique cultivated leather source and process.', '• Impact is demonstrated through sanctuary partnership and veterinary involvement.', '• Risk awareness matches Project A, with identical mitigation strategies.'], 'cons': ['• Clarity is slightly reduced vs. Project A due to lack of visual comparison chart.', ""• Development plan includes a timeline graphic but is otherwise less detailed than Project A's."", ""• Technical details contain a placeholder ('III mm × 50 mm'), undermining precision."", '• All other cons mirror Project A: niche market, unproven scaling, vague long-term revenue model.', '• Overall, Project B is nearly identical but with minor omissions and one error in specifications.']}}"
"local","1","1","L1.1","5","L1.5","L1.1","plan_1","PROJECT A: Pros: • Clarity of value proposition is strong, with a specific plan to use a visual comparison chart to clearly differentiate cultivated leather from alternatives. • Feasibility and development plan is concrete, focusing on immediate production steps without speculative future models. • Risk awareness is well-articulated with specific mitigation strategies for technical and supply chain issues. • Revenue model is straightforward and tied directly to delivering the funded product. Cons: • Market size and demand assessment is implicit but not quantified. • Differentiation is clear technically but lacks a long-term community or engagement strategy beyond the initial product. • Impact and evidence plan is demonstrated through prototypes but lacks a structured plan for ongoing validation or customer proof. PROJECT B: Pros: • Differentiation is enhanced by proposing a future subscription model, which could build customer loyalty and a community around the donor animal's legacy. • Revenue model and sustainability show forward-thinking with a potential recurring revenue stream. • Market size and demand could be expanded through the subscription model by creating repeat customers. Cons: • Clarity of value proposition is slightly diluted by introducing a future subscription model that isn't part of the current campaign's deliverables. • Feasibility and development plan includes a speculative long-term vision (subscription model) that isn't backed by current execution details, adding uncertainty. • Risk awareness doesn't address the additional complexities of managing a subscription model. • The subscription proposal is an unsupported future claim that doesn't improve assessment based on genuine source facts. Overall, both projects share identical core descriptions, teams, risks, and technical details. The key difference is Project B's mention of a future subscription model. However, since this is presented as a future plan without evidence of traction, partnerships, or development, it doesn't constitute a genuine source fact that improves assessment. In fact, it introduces speculative elements that slightly detract from the focus on delivering the current product. Project A maintains a clearer, more focused presentation aligned with the crowdfunding campaign's immediate goals."
"local","1","2","L1.2","0","angelry","L1.2","plan_2","{
  ""Project A"": {
    ""pros"": [
      ""• Clear value proposition: Offers real leather jewelry without animal harm, with unique donor-animal selection option for personalization."",
      ""• Strong differentiation: Limited series with named donor cows and profiles creates emotional connection and exclusivity."",
      ""• Good feasibility evidence: Shows finished inlays, prototypes from 2025, and patent-pending technology ownership."",
      ""• Detailed development plan: Includes specific steps for pilot testing, scaffold inspection, and production scaling."",
      ""• Comprehensive risk awareness: Identifies multiple technical and supply chain risks with mitigation strategies."",
      ""• Enhanced impact plan: Donor selection feature provides tangible evidence of animal welfare commitment.""
    ],
    ""cons"": [
      ""• Limited market size: Niche appeal to ethically-conscious jewelry buyers willing to pay premium for cultivated leather."",
      ""• Unproven revenue model: Sustainability depends on scaling bioreactor technology and maintaining premium pricing."",
      ""• Technical complexity: Cultivated leather production introduces manufacturing risks beyond traditional jewelry."",
      ""• High dependency: Relies on continued viability of cryopreserved cells and bioreactor consistency.""
    ]
  },
  ""Project B"": {
    ""pros"": [
      ""• Clear value proposition: Animal-friendly real leather jewelry addresses ethical concerns in fashion accessories."",
      ""• Good feasibility evidence: Shows prototypes and owns technology, similar to Project A."",
      ""• Same capable team: Founder with tissue-engineering experience and sanctuary partnerships."",
      ""• Identical revenue model and sustainability approach as Project A."",
      ""• Same risk awareness and mitigation strategies.""
    ],
    ""cons"": [
      ""• Less differentiation: Missing the unique donor selection feature that creates emotional engagement."",
      ""• Weaker impact evidence: No specific plan to demonstrate animal welfare connection beyond general claims."",
      ""• Less compelling market appeal: Standard offering without personalized elements that could command premium."",
      ""• Identical limitations in market size, revenue model, and technical risks as Project A.""
    ]
  },
  ""Comparison"": ""Both projects share identical core technology, team, development status, and risks. The key difference is Project A's proposed limited series with donor-animal selection and profiles. This enhances differentiation, strengthens impact evidence, creates emotional engagement, and potentially supports premium pricing. While both face the same challenges in market size and technical feasibility, Project A demonstrates superior product development thinking and customer engagement strategy.""
}"
"local","1","2","L1.2","1","L1.1","L1.2","plan_2","PROJECT A PROS: • Stronger clarity of value proposition with the limited series allowing backers to select specific named donor cows, creating emotional connection and exclusivity • Better differentiation through the donor-selection feature that personalizes the product • Enhanced impact evidence plan through specific animal profiles that demonstrate the ethical sourcing • More detailed development plan addressing the limited series logistics • Stronger market positioning for luxury/collectible segment PROJECT A CONS: • Slightly higher execution complexity with the donor-selection feature • Potential scalability limitations if demand exceeds limited donor pool • No mention of comparative market positioning like Project B's visual comparison chart PROJECT B PROS: • Clearer market positioning with planned visual comparison chart showing cultivated vs conventional/vegan leather attributes • Simpler execution without donor-selection complexity • Better educational component for consumers unfamiliar with cultivated leather technology • More straightforward scaling potential PROJECT B CONS: • Less distinctive value proposition compared to Project A's personalized approach • Weaker emotional connection without donor-specific elements • Less compelling evidence of impact without animal profiles • More generic positioning in sustainable jewelry market WINNER: Project A wins due to its stronger differentiation through the limited donor-selection series, which creates a more compelling value proposition and emotional connection. The ability to choose a specific named sanctuary cow and receive that animal's profile provides tangible evidence of the ethical sourcing claims and transforms the product from generic sustainable jewelry into personalized heirlooms with provenance. This addresses the core ethical concerns of the target market more effectively than Project B's comparative approach. While Project B's visual comparison chart is useful for education, Project A's execution creates stronger brand loyalty, higher perceived value, and better addresses the 'proof of impact' that conscious consumers seek."
"local","1","2","L1.2","3","L1.3","L1.2","plan_2","{""Project A"": {""Pros"": [""• Clear, specific value proposition: real leather without animal harm, with unique donor-selection option enhancing emotional connection"", ""• Strong differentiation through proposed limited series allowing backers to select specific named donor cows with profiles, creating exclusivity and storytelling"", ""• Detailed development plan with clear milestones (cells isolated 2023, prototypes early 2025) and ownership of technology/cell lines reduces execution risk"", ""• Feasible revenue model targeting niche luxury/sustainable jewelry market with heirloom positioning"", ""• Good risk awareness with specific mitigations (multiple cell storage, pilot testing for consistency)""], ""Cons"": [""• Market size limited to luxury ethical jewelry segment rather than broader leather alternatives market"", ""• Sustainability claims lack quantified evidence of environmental impact reduction vs conventional leather"", ""• No mention of customer validation or market testing before full production"", ""• Scaling bioreactor production for jewelry-sized pieces may face unforeseen technical hurdles"", ""• Revenue sustainability depends on continuous demand for high-end cultivated leather jewelry""]}, ""Project B"": {""Pros"": [""• Clear value proposition matching Project A's core offering"", ""• Includes planned focus-group pilot test to gather feedback on aesthetic appeal and perceived value before finalizing production, addressing market validation gap"", ""• Same strong technical foundation and team expertise as Project A"", ""• Similar realistic risk assessment and mitigation strategies"", ""• Sustainable packaging integration adds to eco-friendly positioning""], ""Cons"": [""• Less differentiated than Project A's donor-selection limited series concept"", ""• Same limited market size constraints as Project A"", ""• Lacks the enhanced emotional engagement and exclusivity of Project A's donor profiling"", ""• No quantified evidence of market demand beyond the planned focus group"", ""• Similar scalability challenges for bioreactor production""], ""Comparison"": ""Both projects share identical core technology, team, and problem-solution fit. Project A demonstrates stronger differentiation through its innovative donor-selection limited series, which creates exclusivity, storytelling, and emotional connection that could command premium pricing and stronger brand loyalty. However, Project B includes a crucial market validation step (focus-group pilot test) that Project A lacks, indicating better risk management in understanding customer preferences before full production. Project A's specificity in its limited series is supported in the description, making it a genuine strength rather than unsupported specificity.""}, ""winner"": ""A""}"
"local","1","2","L1.2","4","L1.4","L1.2","plan_2","{
  ""Project A"": {
    ""Pros"": [
      ""• Clarity of value proposition is enhanced by the specific 'limited series' concept, allowing backers to connect emotionally with a named donor cow, which strengthens differentiation and market appeal."",
      ""• Differentiation is stronger due to the unique donor-selection feature, creating a more compelling narrative and potential for premium pricing."",
      ""• Impact and evidence plan is more concrete, with a clear plan for donor profiles that provides tangible proof of ethical sourcing."",
      ""• Revenue model shows potential for higher sustainability through limited editions that could command higher margins and foster community engagement.""
    ],
    ""Cons"": [
      ""• Feasibility and development plan adds complexity with the donor-selection series, potentially increasing operational risk and requiring additional coordination with the sanctuary."",
      ""• Risk awareness may be slightly higher as the limited series introduces new variables (e.g., managing multiple donor profiles, ensuring traceability).""
    ]
  },
  ""Project B"": {
    ""Pros"": [
      ""• Clarity of value proposition is solid and straightforward, focusing on the core ethical leather innovation without added complexity."",
      ""• Feasibility and development plan is simpler and potentially more executable, with a proposed timeline graphic that improves transparency."",
      ""• Risk mitigation is slightly more focused on core production risks without the distraction of donor-selection logistics.""
    ],
    ""Cons"": [
      ""• Differentiation is weaker compared to Project A, lacking the unique donor-connection feature that could drive emotional engagement and premium positioning."",
      ""• Impact and evidence plan is less developed, missing the concrete donor-profile element that reinforces ethical claims."",
      ""• Revenue model may be less sustainable in the long term, as it relies more on standard jewelry sales without a clear premium or community-building hook.""
    ]
  }
}"
"local","1","2","L1.2","5","L1.5","L1.2","plan_2","PROJECT A PROS: • Clear value proposition: animal-friendly real leather from living donor animals with specific cow selection option enhances emotional connection. • Strong differentiation: limited series with named donor animals creates exclusivity and provenance. • Concrete development plan: specific pilot testing and production steps outlined. • Realistic revenue model: focused on one-time product sales without speculative future models. • Good risk awareness: addresses cell preservation, quality variability, and supply chain issues. CONS: • Market size limited to niche ethical jewelry buyers. • Long-term sustainability unclear beyond initial limited series. • Impact evidence plan not explicitly detailed beyond donor animal profiles. PROJECT B PROS: • Clear value proposition: animal-friendly real leather with future community-building potential. • Innovative revenue model: subscription model proposed for recurring revenue and customer retention. • Strong differentiation: combines ethical sourcing with potential ongoing engagement model. • Same strong development status and team credentials as Project A. CONS: • Subscription model is speculative and not validated. • Less concrete immediate offering compared to Project A's named donor program. • Potentially dilutes focus from core product delivery to future business model exploration. • Same market size limitations as Project A. WINNER RATIONALE: Project A wins due to its more concrete, focused execution plan. While both projects share identical core technology, team, and development status, Project A offers a specific, emotionally compelling limited series with named donor animals that creates immediate differentiation and perceived value. Project B's subscription model is speculative and adds complexity without demonstrated demand. Project A's approach is more likely to succeed in crowdfunding by offering backers a tangible, exclusive connection to specific animals, while Project B risks overpromising on unproven future business models. Both projects face similar challenges with niche markets and production risks, but Project A presents a cleaner, more deliverable value proposition."
"local","1","3","L1.3","0","angelry","L1.3","plan_3","Both projects are identical in their core description, technology, team, and value proposition. They present a novel solution for ethically sourced leather jewelry using cultivated leather from a living cow's cells. The key difference lies in Project A's more detailed roadmap, which includes a planned small pilot test with a focus group to gather feedback on aesthetic appeal and perceived value before finalizing production. This additional step in Project A's plan slightly improves its assessment in several criteria: 1. Clarity of value proposition: Both are clear, but A's plan to validate perceived value adds slight support. 2. Feasibility and development plan: A's inclusion of a focus-group pilot test shows a more iterative, user-centered approach to finalizing the product, slightly enhancing perceived feasibility. 3. Impact and evidence plan: A's plan to gather user feedback provides a clearer path to generating early evidence of market acceptance. 4. Risk awareness and mitigation: The focus group test can be seen as an additional mitigation step for market risk (validating appeal). In all other criteria—Market size and demand, Revenue model and sustainability, Differentiation—the projects are identical. The cons for both are also identical: unproven scaling of bioreactor production, niche market appeal, reliance on a single donor animal's cell line, and unquantified demand. Given the near-identical nature, the slight edge in development planning and evidence gathering makes Project A the marginally stronger candidate."
"local","1","3","L1.3","1","L1.1","L1.3","plan_3","{
  ""Project A"": {
    ""Pros"": [
      ""• Clear value proposition: Animal-friendly real leather from living donor animal addresses ethical concerns while preserving material qualities."",
      ""• Strong differentiation: First-of-its-kind cultivated leather jewelry with patent-pending plant-based scaffolding technology."",
      ""• Thoughtful risk mitigation: Multiple cryopreservation facilities, pilot testing for consistency, supply chain alternatives."",
      ""• Enhanced development plan: Includes focus group pilot testing for aesthetic appeal and perceived value before final production."",
      ""• Credible team: Founder with tissue-engineering experience and cellular-agriculture leadership since 2018."",
      ""• Advanced development status: Shows finished jewelry inlays, prototypes from early 2025, owned technology and cell lines.""
    ],
    ""Cons"": [
      ""• Market size unquantified: No data on addressable market size or demand validation beyond target user description."",
      ""• Revenue model unclear: No pricing strategy, unit economics, or long-term sustainability plan presented."",
      ""• Limited impact evidence: No metrics or framework for measuring environmental or ethical impact beyond claims."",
      ""• Scaling feasibility questions: Bioreactor scaling mentioned but without technical or cost details."",
      ""• Competitive analysis missing: No comparison to existing alternatives (vegan leather, other ethical materials).""
    ]
  },
  ""Project B"": {
    ""Pros"": [
      ""• Clear value proposition: Same strong ethical positioning as Project A with cultivated leather from living animals."",
      ""• Enhanced differentiation: Plans visual comparison chart showing cultivated vs. conventional vs. vegan leather attributes."",
      ""• Strong technical foundation: Same patent-pending plant-based scaffolding and vegetable tanning process."",
      ""• Credible team and partnerships: Same experienced founder with sanctuary and veterinary partnerships."",
      ""• Same development status: Finished inlays, prototypes, owned technology with no external approvals needed."",
      ""• Same risk awareness: Identifies key technical and operational risks with mitigation strategies.""
    ],
    ""Cons"": [
      ""• Less comprehensive development plan: Missing Project A's focus group testing for aesthetic validation."",
      ""• Same market size limitations: No quantitative market analysis or demand validation."",
      ""• Same revenue model weaknesses: No pricing, unit economics, or sustainability plan."",
      ""• Same impact measurement gap: No metrics or evidence framework beyond claims."",
      ""• Same scaling concerns: Vague bioreactor scaling approach without technical details."",
      ""• Less thorough validation: No planned user feedback mechanism before production finalization.""
    ]
  }
}"
"local","1","3","L1.3","2","L1.2","L1.2","plan_2","PROJECT A ANALYSIS:
Pros:
• Clear value proposition: Offers real leather without animal harm through cultivated technology
• Demonstrated feasibility: Shows finished jewelry inlays and prototypes, with patent-pending technology
• Strong differentiation: First-of-its-kind cultivated leather jewelry with proprietary plant-based scaffold
• Good risk awareness: Identifies specific technical and supply chain risks with mitigation plans
• Experienced founder: Tissue-engineering background and cellular-agriculture leadership since 2018
• Realistic development plan: Includes pilot testing, focus group feedback, and modular scaling approach

Cons:
• Limited market size evidence: No quantification of target market for ethical luxury jewelry
• Unclear revenue model sustainability: No pricing strategy or long-term business model details
• Limited impact measurement plan: No clear metrics for environmental or ethical impact tracking
• Production scaling uncertainties: Bioreactor adjustment plan lacks technical specifics
• Single donor animal dependency: All products from one cow's cells creates supply bottleneck risk

PROJECT B ANALYSIS:
Pros:
• Enhanced value proposition: Adds limited series with donor cow selection and animal profiles
• Stronger differentiation: Unique personalization element connecting backers to specific animals
• Clearer target appeal: Donor selection feature likely increases emotional connection for ethical consumers
• Same technical foundation as Project A with all its feasibility advantages
• Maintains strong risk awareness and mitigation strategies
• Experienced team with same credentials

Cons:
• Same market size limitations as Project A
• Same unclear revenue model sustainability
• Same limited impact measurement plan
• Additional complexity: Donor selection adds operational complexity without addressing core scaling issues
• Potentially higher production costs: Managing multiple donor cell lines increases complexity
• No additional evidence of demand: Personalization feature is proposed but untested

WINNER RATIONALE: Project B wins by a narrow margin. Both projects share identical technical foundations, team credentials, and risk awareness. However, Project B's proposed limited series with donor cow selection and animal profiles represents a meaningful enhancement to the value proposition and differentiation criteria. This feature directly addresses the target audience's desire for ethical connection and personalization, potentially increasing customer engagement and willingness to pay. While both projects lack strong market quantification and long-term revenue model details, Project B's additional personalization layer provides competitive advantage in the ethical luxury space without compromising the core technological feasibility demonstrated by both projects. The donor selection feature aligns perfectly with the project's ethical positioning and could serve as a powerful marketing differentiator."
"local","1","3","L1.3","4","L1.4","L1.3","plan_3","{
  ""Project A"": {
    ""Pros"": [
      ""• Clarity of value proposition: Strong and clear - real leather without animal harm, with specific technical details."",
      ""• Feasibility and development plan: More detailed plan includes a focus-group pilot test for aesthetic appeal and perceived value, showing user-centric validation."",
      ""• Impact and evidence plan: Explicit plan for pilot testing with target users to gather feedback before finalizing production."",
      ""• Risk awareness and mitigation: Comprehensive risk identification with specific mitigation strategies (e.g., multiple cell storage facilities)."",
      ""• Differentiation: Patent-pending plant-based scaffolding and owned technology/cell lines provide defensible IP.""
    ],
    ""Cons"": [
      ""• Market size and demand: Niche luxury/ethical market with unproven consumer demand at scale."",
      ""• Revenue model and sustainability: Unclear long-term pricing strategy and scalability of bioreactor production for jewelry-sized pieces."",
      ""• Technical feasibility: Bioreactor cultivation at jewelry scale may face cost and consistency challenges."",
      ""• Impact measurement: Limited metrics for environmental or ethical impact beyond the single donor cow narrative.""
    ]
  },
  ""Project B"": {
    ""Pros"": [
      ""• Clarity of value proposition: Identical strong proposition as Project A."",
      ""• Differentiation: Same patent-pending technology and owned IP as Project A."",
      ""• Team credentials: Strong founder with tissue-engineering and cellular-agriculture experience."",
      ""• Development status: Shows finished prototypes and clear milestones."",
      ""• Technical details: Specific material choices (kapok fibers, plant-derived treatments) demonstrate technical depth.""
    ],
    ""Cons"": [
      ""• Feasibility and development plan: Less comprehensive than Project A - lacks user feedback loop and timeline specifics (only proposes a graphic)."",
      ""• Impact and evidence plan: No mention of user testing or validation beyond technical pilot tests."",
      ""• Revenue model and sustainability: Same scalability concerns as Project A without additional validation."",
      ""• Risk mitigation: Same risks identified but with less demonstrated planning for market validation."",
      ""• Use of funds: Less detailed allocation - omits the focus-group testing that Project A includes.""
    ]
  }
}"
"local","1","3","L1.3","5","L1.5","L1.3","plan_3","PROJECT A PROS: • Clear value proposition: Real leather without animal harm, well-articulated. • Feasibility and development plan is concrete: Shows finished inlays, specific pilot testing plan including focus group for feedback. • Revenue model is straightforward: Direct sales of jewelry pieces. • Differentiation is strong: First-of-its-kind heirloom jewelry from cultivated leather. • Impact and evidence plan is present: Focus group pilot test planned to gather evidence on aesthetic appeal and perceived value. • Risk awareness and mitigation is detailed: Addresses cell loss, variability, supply chain, and delivery times. PROJECT A CONS: • Market size and demand: Niche luxury/ethical market, not quantified. • Revenue model and sustainability: Relies on one-time purchases; long-term revenue stream less defined. PROJECT B PROS: • Clear value proposition: Same strong ethical and material benefit as Project A. • Revenue model and sustainability has potential upside: Proposes a future subscription model for periodic releases, which could enhance customer lifetime value and community building. • Differentiation includes the subscription community aspect as a future differentiator. • All other strengths (feasibility, risk mitigation, etc.) are identical to Project A. PROJECT B CONS: • Market size and demand: Same niche concern as Project A. • Feasibility and development plan is slightly less specific: Lacks the concrete focus-group pilot test mentioned in Project A, replacing it with a vaguer 'plan to explore' the subscription model. This introduces an additional, untested layer of complexity. • Revenue model's subscription element is speculative and not part of the current funded deliverable, adding execution risk. WINNER RATIONALE: Project A is the winner. Both projects are fundamentally identical in core technology, team, and product. However, Project A presents a more focused and evidence-based plan for its immediate market entry. It includes a specific pilot test with a focus group to validate customer perception—a crucial step for a novel product. Project B's added element of a future subscription model, while potentially beneficial for long-term sustainability, is presented as an exploratory vision without concrete steps or evidence of demand. It introduces an unproven business model risk without offsetting it with greater specificity or evidence in the current campaign. For a crowdfunding project seeking initial capital, Project A's disciplined focus on validating and delivering its core product is a lower-risk, more credible proposition."
"local","1","4","L1.4","0","angelry","L1.4","plan_4","{""Project A"": {""pros"": [""• Clear, specific value proposition: animal-friendly real leather jewelry from a specific donor cow with detailed technical explanation"", ""• Strong differentiation: patent-pending plant-based scaffolding, proprietary cell lines, first-of-its-kind heirloom positioning"", ""• Good feasibility demonstration: shows finished inlays, prototypes from early 2025, clear development milestones since 2023"", ""• Thoughtful risk mitigation: multiple cryopreservation facilities, pilot testing for consistency, supply chain alternatives"", ""• Credible team: founder with tissue-engineering experience and cellular-agriculture leadership since 2018"", ""• Sustainable revenue model potential: proprietary technology allows premium pricing for ethical luxury""], ""cons"": [""• Market size unclear: niche luxury ethical jewelry market not quantified"", ""• Scalability concerns: bioreactor production scaling mentioned but not detailed"", ""• Limited evidence of demand: no sales data or pre-orders shown"", ""• High technical complexity: cultivated leather production is challenging to standardize"", ""• Premium pricing likely: may limit market adoption""]}, ""Project B"": {""pros"": [""• Identical strong value proposition to Project A: animal-friendly real leather from living donor"", ""• Same technical credibility: patent-pending scaffolding, proprietary cell lines, finished prototypes"", ""• Identical risk awareness: addresses cell preservation, production variability, supply chain issues"", ""• Same team credentials and partnerships with sanctuary/veterinary professionals"", ""• Clear use of funds: production, testing, packaging aligned with delivery goals""], ""cons"": [""• No differentiation from Project A: appears to be identical in all aspects"", ""• Missing unique selling points: exactly same features, timeline, and technical approach"", ""• No competitive advantage: if both exist simultaneously, neither has clear market edge"", ""• Same market size limitations: niche luxury segment without quantification"", ""• Identical scalability concerns: bioreactor production challenges not uniquely addressed""]}}"
"local","1","4","L1.4","1","L1.1","L1.1","plan_1","{'Project A': {'pros': ['• Clear value proposition: Real leather without animal harm via bioreactor cultivation', '• Strong differentiation: First-of-its-kind cultivated leather jewelry with patent-pending plant-based scaffolding', '• Feasible development plan: Shows prototypes (pendant, card holder), completed cell isolation (2023), no regulatory approvals needed', '• Good risk awareness: Identifies cell storage, texture variability, supply chain, and delivery timing risks with mitigation plans', '• Experienced team: Founder with tissue-engineering and cellular-agriculture expertise since 2018'], 'cons': ['• Market size unclear: No quantification of target market or demand evidence', '• Revenue model vague: No pricing, unit economics, or long-term sustainability plan mentioned', '• Limited impact evidence: No metrics on environmental benefits versus conventional leather', ""• Scaling concerns: Production scaling described vaguely as 'adjusting modular bioreactor technology'"", '• No competitive analysis: Lacks comparison to vegan leather or conventional leather alternatives']}, 'Project B': {'pros': ['• Enhanced clarity: Includes visual comparison chart showing material origin, animal welfare impact, and tanning process versus alternatives', '• Strong differentiation: Same first-mover advantage as Project A with better competitive positioning', '• Feasible development plan: Identical solid progress to Project A with prototypes and owned technology', '• Good risk awareness: Same comprehensive risk identification and mitigation as Project A', '• Experienced team: Same qualified founder with relevant expertise'], 'cons': ['• Same market size weakness: No market quantification or demand validation', '• Same revenue model vagueness: No pricing strategy or unit economics', '• Same limited impact evidence: No quantified environmental or ethical impact metrics', '• Same scaling concerns: Vague production scaling description', '• Identical core weaknesses to Project A except for improved competitive positioning']}}"
"local","1","4","L1.4","2","L1.2","L1.2","plan_2","Project A and B are nearly identical in core technology, team, and value proposition. Both offer cultivated leather jewelry with strong ethical positioning, clear technical details, and realistic risk mitigation. Key differences emerge in Project B's proposed limited series allowing backers to select a specific named donor cow with an animal profile. This enhances differentiation, emotional connection, and potential premium pricing, though it adds minor operational complexity. Both projects share strengths: clear value proposition addressing animal welfare concerns in leather, niche but growing market of ethical consumers, demonstrated feasibility with prototypes and patent-pending technology, sustainable revenue model through direct sales, strong differentiation via cultivated leather technology, impact evidence through sanctuary partnership, and thoughtful risk awareness. Weaknesses include limited market size (premium niche), unproven scalability of bioreactor production, and dependency on specific supply chains. Project B's donor-selection feature provides marginal but meaningful advantages in differentiation and customer engagement without adding significant risk, making it slightly more compelling for crowdfunding backers seeking unique, story-driven products."
"local","1","4","L1.4","3","L1.3","L1.3","plan_3","{
  ""Project A"": {
    ""Pros"": [
      ""• Clear value proposition: Real leather jewelry without animal harm, leveraging bioreactor cultivation technology."",
      ""• Strong differentiation: Patent-pending plant-based scaffold and cultivated leather from a specific sanctuary cow."",
      ""• Feasible development plan: Prototypes exist, no external approvals needed, and technology is owned by the team."",
      ""• Revenue model implied: Direct sales of heirloom jewelry with sustainable packaging."",
      ""• Impact plan: Evidence of animal-friendly leather production and collaboration with a sanctuary."",
      ""• Risk awareness: Identifies key risks (cell loss, texture variability) with concrete mitigation strategies.""
    ],
    ""Cons"": [
      ""• Market size unclear: No data on demand for cultivated leather jewelry beyond niche ethical consumers."",
      ""• Scalability concerns: Production scaling relies on adjusting modular bioreactors, but no details on cost or capacity."",
      ""• Sustainability evidence limited: Claims of eco-friendliness but no lifecycle analysis or third-party verification."",
      ""• Revenue sustainability uncertain: No long-term pricing, customer acquisition, or market expansion strategy.""
    ]
  },
  ""Project B"": {
    ""Pros"": [
      ""• All strengths of Project A, plus enhanced evidence plan: Includes a focus-group pilot test to validate aesthetic appeal and perceived value before production."",
      ""• Improved feasibility: Adds user feedback loop to refine product-market fit, reducing launch risk."",
      ""• Stronger risk mitigation: Pilot testing addresses both technical consistency and market acceptance."",
      ""• Clearer use of funds: Explicitly allocates resources to focus-group testing, improving credibility.""
    ],
    ""Cons"": [
      ""• Same market size uncertainty as Project A."",
      ""• Scalability and long-term revenue model remain unquantified."",
      ""• Slightly extended timeline due to focus-group testing, though this is a prudent trade-off.""
    ]
  }
}"
"local","1","4","L1.4","5","L1.5","L1.5","plan_5","{
  ""Project A"": {
    ""Pros"": [
      ""• Clarity of value proposition: Clear, concise explanation of the core value: real leather without animal harm."",
      ""• Feasibility and development plan: Concrete, sequential steps from cell isolation to delivery with specific pilot testing plans."",
      ""• Revenue model and sustainability: Straightforward one-time purchase model focused on delivering the core product."",
      ""• Risk awareness and mitigation: Identifies specific technical and supply chain risks with practical mitigation strategies."",
      ""• Differentiation: Unique first-of-its-kind product using patented plant-based scaffolding and cultivated leather.""
    ],
    ""Cons"": [
      ""• Market size and demand: Limited to niche ethical/sustainable jewelry buyers; no quantification of market potential."",
      ""• Revenue model and sustainability: Lacks long-term revenue strategy beyond initial crowdfunding campaign."",
      ""• Impact and evidence plan: No clear metrics or plan to demonstrate broader impact beyond delivering jewelry to backers.""
    ]
  },
  ""Project B"": {
    ""Pros"": [
      ""• Clarity of value proposition: Same strong core proposition as Project A, plus added community/legacy angle."",
      ""• Revenue model and sustainability: Includes promising subscription model for future releases, enhancing long-term viability."",
      ""• Differentiation: Adds community-building element through subscription model tied to donor animal's legacy."",
      ""• All other strengths from Project A apply equally (feasibility, risk mitigation, team, etc.).""
    ],
    ""Cons"": [
      ""• Market size and demand: Same niche limitation as Project A; subscription model may further narrow addressable market."",
      ""• Feasibility and development plan: Subscription model is described as 'future' and 'long-term vision' without concrete implementation details."",
      ""• Risk awareness and mitigation: Does not address additional risks introduced by subscription model (e.g., recurring production challenges, customer retention)."",
      ""• Impact and evidence plan: Same lack of measurable impact metrics as Project A.""
    ]
  },
  ""Comparison"": ""Both projects share identical core technology, team, development status, and risk profile. The key difference is Project B's proposed subscription model for future releases. While this enhances long-term revenue potential and community engagement, it introduces unaddressed execution risks and lacks implementation details. Project A presents a more focused, immediately executable plan without distracting future promises.""
}"
"local","1","5","L1.5","0","angelry","L1.5","plan_5","{""Project A"": {""pros"": [""• Clear value proposition: animal-friendly real leather jewelry from a single cell sample, addressing ethical concerns in luxury goods"", ""• Strong differentiation: patent-pending plant-based scaffolding and cultivation process creates a defensible moat"", ""• Forward-thinking revenue model: subscription plan for future releases builds recurring revenue and community engagement"", ""• Good risk awareness: addresses cell preservation, production variability, and supply chain risks with specific mitigation strategies"", ""• Demonstrated feasibility: shows prototypes and detailed technical process with owned technology""], ""cons"": [""• Limited market size: niche appeal to ethically-conscious luxury jewelry buyers may constrain growth"", ""• Unproven demand: novel concept without established market validation data"", ""• Complex production: bioreactor cultivation and vegetable tanning processes introduce manufacturing complexity"", ""• High price point likely: specialized production suggests premium pricing that may limit adoption""]}, ""Project B"": {""pros"": [""• Clear value proposition: identical ethical positioning to Project A with compelling animal welfare story"", ""• Good feasibility demonstration: same prototype evidence and technical details as Project A"", ""• Strong team credentials: founder with tissue-engineering and cellular-agriculture experience"", ""• Realistic development plan: pilot testing, scaffold inspection, and production scaling addressed"", ""• Appropriate risk mitigation: multiple facility cell storage and pilot testing for consistency""], ""cons"": [""• No recurring revenue strategy: lacks Project A's subscription model for sustainable growth"", ""• Limited long-term vision: focuses only on initial product delivery without community-building elements"", ""• Same market limitations as Project A: niche luxury ethical jewelry market"", ""• Identical production complexities: bioreactor cultivation presents same scaling challenges"", ""• Less innovative business model: essentially same product without additional monetization strategy""]}}"
"local","1","5","L1.5","1","L1.1","L1.5","plan_5","PROJECT A: Pros: • Clear value proposition centered on ethical, cultivated leather jewelry with a compelling narrative. • Strong differentiation via a unique, patented plant-based scaffold and a novel subscription model for future releases. • Well-defined revenue model with immediate sales and a promising subscription plan for sustainability. • Good risk awareness with specific mitigation strategies for cell loss and production variability. • Strong team credentials in tissue engineering and cellular agriculture. Cons: • Market size is niche, targeting a specific ethical consumer segment. • Feasibility depends heavily on scaling bioreactor technology, which is complex. • Limited evidence of large-scale production capability. • Subscription model is future-focused and untested. • Impact plan is implicit rather than explicit. PROJECT B: Pros: • Clear value proposition similar to A, but enhanced by a visual comparison chart to educate consumers. • Strong differentiation via the same patented technology and clear communication of advantages over alternatives. • Well-developed feasibility plan with clear next steps for production. • Good risk awareness identical to A. • Strong team credentials identical to A. Cons: • Market size is similarly niche. • Revenue model is less developed, lacking the subscription component for long-term sustainability. • No explicit plan for community building or recurring revenue. • Impact evidence plan is not detailed beyond the comparison chart. • Less focus on long-term scalability and customer retention strategies. Overall, Project A wins due to its more sophisticated revenue model, including a subscription plan that enhances sustainability and community engagement, and a clearer long-term vision for scaling and customer retention, despite Project B's stronger educational communication."
"local","1","5","L1.5","2","L1.2","L1.2","plan_2","PROJECT A PROS: • Clear value proposition: animal-friendly real leather jewelry with no animal harm • Strong differentiation: patent-pending plant-based scaffold technology and cultivated leather process • Sustainable revenue model: subscription model proposed for future releases builds recurring revenue • Good development status: shows finished jewelry inlays and prototypes • Reasonable risk mitigation: addresses cell storage, production variability, and supply chain issues • Evidence plan: demonstrates technical milestones and ownership of technology • Feasible development plan: modular bioreactor scaling approach
PROJECT A CONS: • Market size uncertain: niche appeal to ethical consumers may limit scale • Limited impact evidence: no specific metrics on animal welfare impact • Revenue model not fully detailed: subscription concept is future-oriented • Demand validation: no evidence of pre-orders or market testing
PROJECT B PROS: • Enhanced differentiation: limited series with named donor cows adds emotional connection • Stronger value proposition: personalization through animal selection increases perceived value • Better market positioning: donor profiles create storytelling opportunities • Same technical foundation as Project A with all core advantages • Clearer target appeal: specific donor selection caters to emotionally-driven consumers
PROJECT B CONS: • Operational complexity: managing multiple donor cell lines increases production complexity • Same market limitations as Project A: niche appeal • No additional revenue model innovation beyond core product • Same risk profile as Project A with added complexity of multiple donors • No evidence of demand for personalized donor concept
WINNER ANALYSIS: Project B wins due to its stronger differentiation and emotional engagement strategy. While both projects share identical technical foundations, development plans, and teams, Project B's addition of the limited series with named donor cows creates a more compelling value proposition. This personalization element addresses the same ethical consumer market but with enhanced storytelling potential, emotional connection, and perceived exclusivity. The donor profiles transform the product from merely animal-friendly to relationship-based, potentially commanding higher price points and stronger customer loyalty. Project A's subscription model is forward-looking but less immediately compelling than Project B's tangible personalization. Both projects face similar challenges with market size and scalability, but Project B better leverages the unique aspects of cultivated leather technology to create a more distinctive offering."
"local","1","5","L1.5","3","L1.3","L1.3","plan_3","{""Project A"": {""pros"": [""• Clarity of value proposition: Strong and clear. Directly addresses animal welfare concerns in leather production while preserving material authenticity. The future subscription model adds a compelling long-term narrative."", ""• Market size and demand: Targets a niche but growing market of ethically conscious consumers in fashion/jewelry. The heirloom and story-driven aspect could command premium pricing."", ""• Feasibility and development plan: Shows concrete progress (cells isolated in 2023, prototypes in 2025). Patent-pending technology and owned cell lines reduce dependency. Modular bioreactor scaling plan is mentioned."", ""• Revenue model and sustainability: Includes immediate product sales and a proposed future subscription model for recurring revenue, enhancing long-term viability and community building."", ""• Differentiation: Highly differentiated via cultivated leather from a specific living donor animal. The technology (plant-based scaffold, vegetable tanning) and ethical story are unique."", ""• Impact and evidence plan: Demonstrates tangible evidence through prototypes and technical details. The ethical impact (sanctuary-grazing cow) is clear, though evidence of market validation is limited."", ""• Risk awareness and mitigation: Identifies key technical (cell loss, texture variability) and operational (supply chain, delays) risks with specific mitigation strategies (multiple storage, pilot testing).""], ""cons"": [""• Market size and demand: The addressable market is likely small and premium, limiting scalability. Demand is unproven beyond crowdfunding backers."", ""• Feasibility and development plan: Scaling bioreactor production for consistent jewelry-quality leather is unproven and could face technical hurdles."", ""• Revenue model and sustainability: Subscription model is only a future proposal with no validation. High production costs may challenge profitability."", ""• Impact and evidence plan: Lacks customer feedback or pilot market testing data to validate appeal and pricing."", ""• Risk awareness and mitigation: Does not address potential regulatory scrutiny for biofabricated materials or consumer acceptance risks.""]}, ""Project B"": {""pros"": [""• Clarity of value proposition: Identical to Project A's core proposition—ethically sourced real leather from a living donor animal. Clear and compelling."", ""• Market size and demand: Same niche target as Project A, with potential for premium positioning."", ""• Feasibility and development plan: Includes all of Project A's progress plus a planned focus-group pilot test to gather feedback on aesthetic appeal and perceived value before final production, adding a layer of market validation."", ""• Revenue model and sustainability: Relies on direct product sales; straightforward but lacks the recurring revenue vision of Project A's subscription model."", ""• Differentiation: Same strong differentiation via technology and ethical sourcing."", ""• Impact and evidence plan: Stronger than Project A due to the inclusion of a focus-group pilot test plan, which aims to generate evidence of customer appeal and value perception."", ""• Risk awareness and mitigation: Identical risk identification and mitigation to Project A, with the added benefit that the focus-group test may help mitigate market acceptance risks.""], ""cons"": [""• Market size and demand: Same scalability limitations as Project A."", ""• Feasibility and development plan: Scaling challenges remain identical. The focus-group test is a plan, not yet executed."", ""• Revenue model and sustainability: Lacks the innovative long-term revenue stream proposed by Project A, potentially making it less sustainable or community-focused."", ""• Impact and evidence plan: While the test plan is a pro, it is still future-facing and results are unknown."", ""• Risk awareness and mitigation: Same unaddressed regulatory/acceptance risks as Project A.""]}}"
"local","1","5","L1.5","4","L1.4","L1.5","plan_5","PROJECT A PROS:
• Strong clarity of value proposition: clearly articulates 'animal-friendly real leather' with specific donor animal connection
• Good feasibility demonstration: shows finished inlays, prototypes, and patent-pending technology
• Innovative revenue model: proposes subscription model for future releases, enhancing sustainability
• Strong differentiation: unique cultivated leather from specific sanctuary cow with heirloom positioning
• Good risk awareness: identifies technical risks (cell loss, texture variability) with specific mitigation plans
• Evidence plan: shows development milestones (2023 cell isolation, 2025 prototypes)
• Market positioning: targets both ethical consumers and collectors of innovative materials

PROJECT A CONS:
• Market size unquantified: no data on addressable market for premium cultivated leather jewelry
• Production scaling risks: bioreactor scaling mentioned but not detailed
• High price point likely: heirloom positioning suggests premium pricing limiting market
• Technical complexity: multiple novel technologies (bioreactors, plant-based scaffolds, vegetable tanning) increase execution risk
• Limited impact metrics: no quantified environmental or animal welfare impact measures

PROJECT B PROS:
• Clear value proposition: same core animal-friendly leather message as Project A
• Good development status: identical technical achievements and prototypes
• Strong team credentials: founder with tissue-engineering and cellular-agriculture experience
• Identical risk awareness: same risk identification and mitigation strategies
• Clear use of funds: focused on production, testing, and packaging
• Timeline clarity: proposes sequential graphic for better transparency

PROJECT B CONS:
• Less developed business model: no subscription or recurring revenue strategy mentioned
• Weaker sustainability plan: lacks Project A's community-building vision around donor animal legacy
• Less differentiation: identical technology but without subscription community aspect
• Same market size limitations: no quantification of demand
• Same technical complexity risks
• Same impact measurement gaps

Both projects share identical core technology, team, development status, and risks. The key differentiator is Project A's forward-looking subscription model and community-building vision, which addresses revenue sustainability and customer retention more effectively. Project A demonstrates better strategic thinking about long-term viability while maintaining all the technical strengths of Project B. The subscription model represents a more sophisticated approach to building a sustainable business around this innovative technology."
"local","2","0","L1.2","1","L2.1","L2.1","plan_1","Both projects are identical in core concept, technology, team, development status, risks, and funding needs. They present a novel value proposition of ethically sourced cultivated leather jewelry with strong clarity. The market targets ethically conscious consumers, though size is niche. Feasibility is supported by prototypes and owned technology, but scaling bioreactor production remains unproven. Revenue relies on premium jewelry sales with unclear long-term sustainability. Differentiation is high as a first-of-its-kind product. Impact is framed around animal welfare, with evidence from sanctuary partnerships. Risks are acknowledged and mitigated, though technical variability remains. The only difference is Project B's added feature of post-campaign donor cow updates for backers, which slightly enhances customer engagement and transparency. However, this is a minor addition that doesn't substantively change the core assessment. Both share the same strengths and weaknesses.

PROJECT A PROS:
• Clear, innovative value proposition: real leather without animal harm.
• Prototypes exist, showing tangible progress.
• Technology is owned and patent-pending, reducing IP risk.
• Team has relevant tissue-engineering and cellular-agriculture expertise.
• Risks are identified and have mitigation plans (e.g., cell storage, pilot testing).
• Sustainable packaging aligns with brand ethos.

PROJECT A CONS:
• Market size is likely niche; demand unquantified.
• Scaling bioreactor production for jewelry-sized pieces is untested.
• Revenue model depends on premium jewelry sales; long-term sustainability unclear.
• Differentiation is high but may face competition from vegan leather alternatives.
• Impact evidence is anecdotal (sanctuary partnership) rather than quantified.
• Technical risks (color/texture variability) could affect product consistency.

PROJECT B PROS:
• All pros of Project A apply equally.
• Additional proposed feature: post-campaign updates on donor cows enhances customer connection and transparency.

PROJECT B CONS:
• All cons of Project A apply equally.
• Donor update feature is proposed but not yet implemented; adds minimal operational complexity.

Overall, both projects are virtually identical in substance. Project B's added update feature provides a slight edge in customer engagement and impact storytelling, but it does not materially alter feasibility, revenue, or risk profile. The win is marginal."
"local","2","0","L1.2","2","L2.2","L2.2","plan_2","PROJECT A:
Pros:
• Clarity of value proposition: Clearly states the offer of animal-friendly, real leather jewelry from a specific, living donor cow.
• Feasibility and development plan: Shows tangible progress with prototypes (pendant, card holder) and a clear, stepwise production roadmap.
• Revenue model and sustainability: Direct sale of physical jewelry pieces; use of funds is clearly tied to production scaling.
• Differentiation: Unique value proposition combining biotechnology (cultivated leather) with heirloom jewelry and a story linked to a sanctuary animal.
• Impact and evidence plan: Demonstrates proof of concept with prototypes and describes the ethical sourcing process.
• Risk awareness and mitigation: Identifies specific technical and logistical risks (cell loss, texture variability) with concrete mitigation strategies.
Cons:
• Market size and demand: Target audience is niche (ethical consumers interested in high-tech, story-driven jewelry), potentially limiting market size.
• Revenue model and sustainability: Lacks mention of recurring revenue streams or post-campaign sales strategy; dependent on one-time crowdfunding success.
• Impact and evidence plan: No mention of third-party validation, certifications, or quantitative data on environmental/ethical impact compared to conventional leather.

PROJECT B:
Pros:
• Includes all pros from Project A.
• Enhanced differentiation: Proposed optional digital certificate of authenticity adds a layer of transparency, provenance, and potential customer engagement, strengthening the story and perceived value.
• Enhanced impact and evidence plan: The digital certificate serves as a tangible record of the ethical and technological process, providing backers with verifiable evidence of the product's origin and impact.
Cons:
• Includes all cons from Project A.
• Feasibility and development plan: The digital certificate add-on, while low-risk, adds a minor deliverable that must be managed, though it's noted as optional and digital.

Overall Winner: B
Reason: Both projects are fundamentally identical in core technology, team, plan, and risks. However, Project B's proposed optional digital certificate of authenticity provides a marginal but meaningful enhancement. It strengthens differentiation by offering verifiable provenance, adds perceived value for backers seeking proof of ethical sourcing, and serves as a low-cost tool for impact storytelling without significantly increasing complexity or risk. This subtle addition better addresses the 'evidence plan' criterion and could improve customer trust and engagement, giving Project B a slight edge in a very close comparison."
"local","2","0","L1.2","3","L2.3","L1.2","plan_0","{'Project A': {'pros': ['• Clarity of value proposition is strong: offers real leather without animal harm through cultivated cells from sanctuary cows.', '• Market targets a clear niche: ethically conscious consumers seeking sustainable, animal-friendly luxury jewelry.', '• Feasibility appears credible: shows finished inlays, prototypes, and a clear development timeline with owned technology.', '• Revenue model is direct (product sales) and aligns with sustainability via heirloom positioning.', '• Differentiation is high: first-of-its-kind cultivated leather jewelry with donor-cow selection option.', '• Impact plan is tangible: provides animal profiles and emphasizes sanctuary care.', '• Risk awareness is good: addresses cell storage, production variability, and supply chain issues with specific mitigations.'], 'cons': ['• Market size may be limited to a niche luxury segment.', '• Scalability of bioreactor production for jewelry-sized pieces is untested at larger volumes.', '• Revenue sustainability relies on continuous demand for high-end ethical jewelry.', '• Evidence of commercial traction or customer validation is not provided.', '• Long-term cell line maintenance and consistency risks are acknowledged but not fully quantified.']}, 'Project B': {'pros': ['• All strengths of Project A apply, including clear value proposition and credible feasibility.', '• Additional differentiation through proposed future series using natural pigments from sanctuary plants enhances sustainability narrative.', '• Expands potential market appeal with future color variations tied to the sanctuary ecosystem.', '• Shows forward-thinking roadmap by planning beyond initial product line.', '• Strengthens impact story by integrating plant cultivation from the same sanctuary, creating a holistic ethical cycle.'], 'cons': ['• Hypothetical future series (sanctuary plant dyes) adds complexity without current development evidence, potentially diluting focus.', '• No additional resources or plans are allocated for pigment extraction and dyeing protocols, raising feasibility questions.', '• Introduces new unmitigated risks (e.g., plant pigment consistency, additional supply chain steps) not addressed in current risk plan.', '• May overpromise on future capabilities without validating demand or technical viability.', '• Same scalability and niche market limitations as Project A.']}, 'Comparison': ""Both projects are identical in core description except for Project B's added hypothetical future series using sanctuary plant pigments. This gives Project B a slight edge in differentiation and long-term vision, but introduces unsupported specificity without evidence of development. Project A is more focused and realistic for the current crowdfunding campaign. Given the instruction not to reward unsupported claims, Project A's grounded approach is stronger overall.""}"
"local","2","0","L1.2","4","L2.4","L2.4","plan_4","Project A and B are nearly identical, with Project B having one key addition: a proposed clear visual comparison chart showing material properties of cultivated leather versus conventional and synthetic leathers. Both projects share identical strengths and weaknesses across most criteria. Strengths include: clear ethical value proposition targeting animal welfare-conscious consumers, innovative technology with patent-pending plant-based scaffolding, demonstrated development progress with prototypes, owned technology with no regulatory approvals needed, experienced founder with tissue-engineering background, and thoughtful risk mitigation strategies. Weaknesses include: unclear market size quantification, limited evidence of consumer demand beyond ethical positioning, unproven scalability of bioreactor production, high production costs likely limiting mass-market appeal, and minimal differentiation beyond the core ethical concept. Project B's proposed comparison chart slightly improves differentiation and impact/evidence plan by providing tangible data to backers, making it marginally stronger overall. However, both projects suffer from the same fundamental uncertainties around market adoption and production scalability."
"local","2","0","L1.2","5","L2.5","L2.5","plan_5","PROJECT A PROS:\n• Clear value proposition: Ethically sourced real leather from living animals, preserving material qualities while eliminating harm.\n• Defined market: Targets consumers seeking animal-friendly, sustainable jewelry and collectors of first-of-its-kind heirloom pieces.\n• Feasible development plan: Shows finished inlays, prototypes, and clear milestones (cell isolation in 2023, prototypes in early 2025).\n• Straightforward revenue model: Direct sales of jewelry with cultivated leather inlays.\n• Strong differentiation: Uses patent-pending plant-based scaffolding and offers connection to specific named donor animals.\n• Evidence of progress: Demonstrated prototypes and owned technology/cell lines.\n• Risk awareness: Identifies key risks (cell loss, variability, supply chain) with specific mitigation strategies.\n\nPROJECT A CONS:\n• No durability testing mentioned: Lacks evidence addressing potential backer concerns about product longevity.\n• Limited scalability discussion: Mentions adjusting modular bioreactors but lacks detailed scaling plan.\n• Unquantified market size: No data on addressable market or demand validation.\n• Sustainability claims unverified: No third-party verification of environmental benefits.\n\nPROJECT B PROS:\n• All advantages of Project A plus additional feature: Proposes to conduct and share results of standard durability tests (e.g., rub test).\n• Enhanced evidence plan: Durability testing addresses a critical unspoken concern about novel material performance.\n• Increased transparency: Sharing test results builds trust with backers.\n• Better risk mitigation: Proactive testing addresses potential quality issues before full production.\n\nPROJECT B CONS:\n• Same limitations as Project A regarding market quantification and scalability details.\n• Durability testing is proposed but not yet completed.\n\nBoth projects are identical in most respects, but Project B demonstrates superior foresight by addressing a key credibility gap through proposed durability testing. This shows stronger understanding of backer concerns and provides more convincing evidence of product viability, making it the marginally stronger investment."
"local","2","1","L2.1","0","L1.2","L2.1","plan_1","PROJECT A:
Pros:
• Clarity of value proposition: Clear and compelling narrative about animal-friendly leather from living sanctuary cows.
• Market size and demand: Targets ethical consumers in sustainable/vegan fashion, a growing niche.
• Feasibility and development plan: Shows tangible progress with prototypes (pendant, card holder), patent-pending tech, and no external approvals needed.
• Revenue model and sustainability: Direct sales via crowdfunding; potential for limited series with premium pricing.
• Differentiation: Unique cultivated leather from named donor cows; personal connection via updates.
• Impact and evidence plan: Strong ethical positioning; plans for donor updates enhance credibility.
• Risk awareness and mitigation: Identifies key risks (cell loss, variability) with specific mitigations (multi-site storage, pilot testing).
Cons:
• Market size may be limited to niche ethical consumers.
• Scalability of bioreactor production for larger demand is untested.
• Dependence on a small group of donor cows for the limited series.
• Higher cost structure due to bespoke cultivation process.
• Long-term sustainability of cell lines and donor cow updates is unproven.

PROJECT B:
Pros:
• Clarity of value proposition: Identical to Project A, with clear ethical and material benefits.
• Market size and demand: Same target audience as Project A.
• Feasibility and development plan: Same demonstrated progress with prototypes and owned technology.
• Revenue model and sustainability: Same direct sales model; limited series adds premium potential.
• Differentiation: Same unique cultivated leather from named donor cows.
• Impact and evidence plan: Strong ethical story; donor profiles add personalization.
• Risk awareness and mitigation: Same risk identification and mitigation strategies as Project A.
Cons:
• Lacks the proposed post-campaign update plan for donor cows, reducing ongoing engagement and evidence of impact.
• Otherwise identical cons to Project A: niche market, scalability concerns, donor dependence, high costs.

Comparison: Projects A and B are nearly identical in content, value proposition, and planning. The key difference is that Project A explicitly includes a ""proposed post-campaign update plan"" to provide backers with periodic photo/video updates of the donor cows. This enhances impact evidence, backer engagement, and transparency, addressing a subtle but important risk around long-term credibility and emotional connection. Both projects are strong, but Project A's additional communication plan gives it a slight edge in impact verification and customer relationship building, which are critical for a novel, ethics-driven product."
"local","2","1","L2.1","2","L2.2","L2.1","plan_1","PROJECT A PROS:
• Clear value proposition: Real leather from living sanctuary cows without animal harm
• Strong differentiation: First-of-its-kind cultivated leather jewelry with personal connection to specific animals
• Good risk awareness: Identifies technical and supply chain risks with specific mitigation strategies
• Feasible development plan: Shows finished prototypes, patent-pending technology, and clear production steps
• Evidence of progress: Cells isolated in 2023, prototypes created in 2025
• Strong team: Founder with tissue-engineering experience since 2018
• Innovative revenue model: Limited series with premium pricing potential

PROJECT A CONS:
• Market size unclear: No quantification of target market or demand validation
• Sustainability concerns: Bioreactor energy consumption not addressed
• Limited impact measurement: No clear metrics for animal welfare impact
• Scalability questions: Modular bioreactor adjustment mentioned but not detailed
• No pricing information: Revenue model lacks pricing structure details

PROJECT B PROS:
• Clear value proposition: Same strong ethical leather alternative as Project A
• Enhanced differentiation: Optional digital certificate adds perceived value and authenticity
• Good risk awareness: Same thorough risk identification as Project A
• Feasible development plan: Same solid development status and roadmap
• Evidence of progress: Same prototype demonstration and technology ownership
• Strong team: Same experienced founder
• Additional revenue stream: Digital certificates provide optional add-on revenue

PROJECT B CONS:
• Same market size limitations: No market quantification
• Same sustainability gaps: Energy consumption of bioreactors not addressed
• Same impact measurement issues: No metrics for animal welfare impact
• Same scalability questions: Production scaling described vaguely
• No pricing information: Revenue model lacks specifics
• Digital certificate adds minimal differentiation: Certificate is optional add-on rather than core innovation

WINNER: PROJECT A

WHY: Both projects are nearly identical in most criteria, sharing the same strengths (clear value proposition, strong differentiation, good risk awareness, feasible development plan, evidence of progress, strong team) and weaknesses (unclear market size, sustainability gaps, limited impact measurement, scalability questions, no pricing details). Project B's only additional feature is an optional digital certificate of authenticity, which adds minimal differentiation and doesn't address any of the core weaknesses. Project A's proposed post-campaign update plan with periodic donor cow photos/videos creates a stronger emotional connection and ongoing engagement with backers, which is more valuable for building brand loyalty in an ethical products market. Since both projects are otherwise equal, Project A's more meaningful backer engagement strategy gives it a slight edge."
"local","2","1","L2.1","3","L2.3","L2.1","plan_1","PROJECT A PROS:
• Clear value proposition: animal-friendly real leather from living donor animals
• Demonstrated feasibility: shows finished inlays, prototypes from early 2025, patent-pending technology
• Realistic development plan: concrete steps for pilot testing, scaffold inspection, tanning preparation
• Sustainable revenue model: heirloom jewelry with ethical premium positioning
• Strong differentiation: first-of-its-kind cultivated leather with donor animal connection
• Impact evidence plan: proposed photo/video updates of donor cows creates tangible connection
• Good risk awareness: addresses cell preservation, quality variability, supply chain, and delivery timing

PROJECT A CONS:
• Market size unquantified: no data on addressable market for premium ethical jewelry
• Limited scalability: reliance on specific donor animals and bioreactor technology
• High production complexity: multiple technical steps from cell cultivation to jewelry finishing

PROJECT B PROS:
• All strengths of Project A plus additional differentiation: hypothetical future series with sanctuary-grown plant pigments
• Enhanced sustainability narrative: potential closed-loop system using sanctuary plants
• Creative expansion potential: natural dye concept adds artistic and ethical dimension

PROJECT B CONS:
• Overpromising: includes hypothetical future feature (sanctuary plant pigments) without development plan
• Less focused roadmap: diverts attention from core delivery with speculative future offering
• Same unaddressed market size limitation as Project A
• Same scalability challenges as Project A

Both projects share identical core technology, team, risks, and development status. Project B's additional feature is purely hypothetical with no concrete plan, making it appear less focused. Project A presents a more realistic, deliverable product with the same ethical impact.

WINNER: Project A wins because it maintains focus on deliverable core features while Project B introduces speculative elements that could distract from execution. Both have strong ethical positioning and demonstrated technical progress, but Project A's more conservative approach reduces execution risk while delivering the same fundamental value proposition."
"local","2","1","L2.1","4","L2.4","L2.4","plan_4","Both projects present identical core value propositions, technologies, teams, and development statuses. The key differences lie in their communication strategies and engagement approaches.

PROJECT A:
Pros:
• Strong clarity of value proposition with emotional connection through donor cow updates
• Excellent risk awareness and mitigation plans for technical and logistical challenges
• Evidence plan includes post-campaign donor updates, enhancing impact narrative
• Sustainable packaging using cultivation byproducts demonstrates circular thinking
• Clear development roadmap with specific technical steps

Cons:
• Limited market validation evidence beyond concept
• Revenue model sustainability not explicitly addressed beyond initial campaign
• Differentiation from conventional leather not quantified or visually demonstrated
• Market size assumptions implicit rather than substantiated

PROJECT B:
Pros:
• Clear differentiation strategy with proposed visual comparison chart
• Strong feasibility demonstrated through technical details and patent-pending status
• Good risk awareness matching Project A's thorough approach
• Market positioning strengthened by material property comparisons
• Same strong team credentials and development progress

Cons:
• Less emotional engagement strategy than Project A's donor update plan
• Impact evidence plan less developed than Project A's
• Same lack of market size quantification
• Revenue sustainability not addressed beyond initial production

While both projects share identical fundamentals, Project B's proposed visual comparison chart provides stronger differentiation and market education - critical for a novel material. Project A's emotional engagement is valuable, but Project B's focus on demonstrating material superiority addresses the core skepticism about cultivated leather's properties. The comparison chart directly tackles the 'why choose this over alternatives' question that backers will have, making Project B's value proposition more compelling for market adoption.

Winner: Project B due to its stronger differentiation strategy through material property comparison, which better addresses market education needs for a novel technology."
"local","2","1","L2.1","5","L2.5","L2.5","plan_5","{
  ""Project A"": {
    ""Pros"": [
      ""• Clarity of value proposition: Strong and clear ethical positioning around animal-friendly leather from living sanctuary cows with a personal connection element."",
      ""• Feasibility and development plan: Shows concrete progress with prototypes (pendant and card holder) and patent-pending technology, indicating advanced development status."",
      ""• Revenue model and sustainability: Direct-to-consumer model through crowdfunding with clear use of funds for production scaling."",
      ""• Differentiation: Unique combination of cultivated leather technology with personal storytelling through donor cow selection and updates."",
      ""• Impact and evidence plan: Strong ethical impact narrative with proposed post-campaign updates creating ongoing engagement with backers."",
      ""• Risk awareness and mitigation: Identifies specific technical and logistical risks with practical mitigation strategies (multiple cell storage, pilot testing).""
    ],
    ""Cons"": [
      ""• Market size and demand: Limited to niche luxury/ethical jewelry market without quantification of addressable market."",
      ""• Revenue model and sustainability: No clear long-term business model beyond initial crowdfunding campaign."",
      ""• Differentiation: While unique, faces competition from both traditional ethical jewelry and emerging lab-grown leather alternatives."",
      ""• Impact and evidence plan: Lacks concrete durability testing data to support 'heirloom' quality claims."",
      ""• Risk awareness and mitigation: Does not address potential regulatory hurdles for cultivated animal products in jewelry applications.""
    ]
  },
  ""Project B"": {
    ""Pros"": [
      ""• Clarity of value proposition: Identical strong ethical positioning as Project A with added focus on product durability."",
      ""• Market size and demand: Same niche positioning but with potential broader appeal through durability validation."",
      ""• Feasibility and development plan: Same solid development progress with prototypes and owned technology."",
      ""• Revenue model and sustainability: Same clear crowdfunding model with appropriate fund allocation."",
      ""• Differentiation: Adds important durability testing element that addresses a key consumer concern for leather products."",
      ""• Impact and evidence plan: Proposes concrete durability testing (rub test) with results sharing, providing tangible evidence of quality."",
      ""• Risk awareness and mitigation: Same comprehensive risk identification with the added benefit of durability testing to mitigate quality concerns.""
    ],
    ""Cons"": [
      ""• Market size and demand: Still limited to niche market without market size quantification."",
      ""• Revenue model and sustainability: Same lack of long-term business model clarity."",
      ""• Differentiation: While improved with durability testing, still faces same competitive landscape."",
      ""• Impact and evidence plan: Lacks the ongoing engagement element of donor cow updates that Project A offers."",
      ""• Risk awareness and mitigation: Same missing regulatory risk assessment.""
    ]
  }
}"
"local","2","2","L2.2","0","L1.2","L2.2","plan_2","PROJECT A PROS: • Clarity of value proposition is strong, with the unique selling point of real leather from a living animal clearly communicated. • Market size and demand are well-targeted toward ethically conscious consumers in the luxury/sustainable jewelry niche. • Feasibility and development plan are detailed, showing prototypes (pendant, card holder), patent-pending technology, and clear ownership of cell lines and tech. • Revenue model is implied through direct sales of jewelry; sustainability is supported by the ethical sourcing narrative and potential for limited series. • Differentiation is high due to the novel cultivated leather process and connection to specific sanctuary animals. • Impact and evidence plan is supported by the proposed digital certificate of authenticity and donor animal profiles, adding transparency. • Risk awareness and mitigation are thorough, addressing cell storage, production variability, supply chain, and delivery timelines.
PROJECT A CONS: • Market size may be limited to a niche audience despite ethical appeal. • Production scaling relies on adjusting modular bioreactors, which may face unforeseen technical hurdles. • Revenue model lacks explicit pricing tiers or long-term financial projections. • Risks include potential high costs and consumer acceptance of 'lab-grown' leather in jewelry.
PROJECT B PROS: • Clarity of value proposition is identical to Project A, effectively framing the ethical alternative to conventional leather. • Market size and demand target the same niche of animal-friendly, sustainable jewelry consumers. • Feasibility and development plan are solid, with the same prototypes, patent-pending scaffolding, and no outside approvals needed. • Revenue model is similar, with implied direct sales from the crowdfunding campaign. • Differentiation remains high due to the cultivated leather technology and donor animal connection. • Impact and evidence plan includes the limited series with donor animal profiles, enhancing storytelling. • Risk awareness and mitigation mirror Project A, showing good understanding of key challenges.
PROJECT B CONS: • Lacks the optional digital certificate of authenticity, which slightly reduces transparency and evidence of impact compared to Project A. • Otherwise identical to Project A in strengths and weaknesses, including niche market, scaling risks, and unspecified long-term revenue strategy.
Overall, both projects are nearly identical, but Project A has a slight edge due to the proposed optional digital certificate of authenticity, which strengthens its impact and evidence plan by providing verifiable details about the cultivation process and donor animal. This adds an extra layer of transparency and customer trust, enhancing the overall value proposition without introducing additional risks or costs."
"local","2","2","L2.2","1","L2.1","L2.1","plan_1","{""Project A"": {""pros"": [""• Clear value proposition: Offers real leather without animal harm, with specific donor cow selection and digital certificate for authenticity."", ""• Strong feasibility: Shows finished jewelry inlays, prototypes, and patent-pending technology owned by the team."", ""• Practical revenue model: Focuses on delivering jewelry with clear use of funds for production and testing."", ""• Good risk awareness: Identifies specific risks (cell loss, texture variability) with concrete mitigation strategies."", ""• Clear differentiation: Combines cultivated leather technology with heirloom jewelry and donor-specific storytelling.""], ""cons"": [""• Market size unclear: No quantification of target audience or demand for this niche product."", ""• Sustainability plan limited: No long-term strategy beyond initial production scaling mentioned."", ""• Impact evidence plan weak: No systematic plan to demonstrate ethical impact beyond the product itself.""]}, ""Project B"": {""pros"": [""• Enhanced value proposition: Adds post-campaign donor cow updates to strengthen emotional connection and transparency."", ""• Stronger impact evidence plan: Proposes ongoing photo/video updates of donor cows, providing tangible proof of animal welfare."", ""• Same strong feasibility and risk awareness as Project A with identical technical foundation and team."", ""• Better sustainability potential: Ongoing updates create long-term community engagement that could support brand loyalty.""], ""cons"": [""• Same market size uncertainty as Project A: No quantification of demand."", ""• Additional operational complexity: Managing ongoing updates adds logistical burden without clear resource allocation."", ""• Revenue model identical to A: No enhanced monetization from the update feature.""]}}"
"local","2","2","L2.2","3","L2.3","L2.2","plan_2","Project A Pros: • Clear value proposition: Real leather without animal harm, with tangible proof of concept (finished inlays, prototypes). • Feasible development plan: Specific pilot testing, scaffold inspection, and production scaling steps. • Practical revenue model: Focus on delivering core jewelry with optional digital certificate. • Strong risk awareness: Identifies concrete risks (cell loss, texture variability) with specific mitigations. • Evidence-based: Shows finished jewelry inlays and prototypes from early 2025. Project A Cons: • Market size limited to niche ethical consumers. • Differentiation relies heavily on ethical narrative rather than product uniqueness beyond material. • Impact evidence plan is modest (donor profiles, certificates). Project B Pros: • Enhanced differentiation: Proposes future series with natural pigments from sanctuary plants, adding storytelling depth. • Stronger sustainability narrative: Closed-loop concept linking animals and plants from sanctuary. Project B Cons: • Weaker clarity: Introduces hypothetical future series that dilutes focus from core deliverable. • Reduced feasibility: Additional unplanned steps for pigment extraction/dyeing protocols create uncertainty. • Less concrete evidence plan: Future series is speculative without development status. • Identical risks as Project A but with added complexity from future plans. Overall, Project A wins due to superior clarity, feasibility, and focus on delivering its core value proposition without speculative additions. Project B's future series idea is innovative but undermines the project's credibility by introducing unvalidated complexity."
"local","2","2","L2.2","4","L2.4","L2.4","plan_4","PROJECT A: Pros: • Clear value proposition of animal-friendly real leather with emotional connection to specific donor animals • Strong differentiation through cultivated leather technology and donor selection • Good risk awareness with specific mitigation strategies for cell preservation and production variability • Clear development roadmap with defined milestones • Authenticity certificates enhance trust and storytelling Cons: • Market size limited to niche ethical luxury segment • Revenue model unclear beyond initial crowdfunding • No clear evidence plan beyond prototypes • Minimal discussion of competitive landscape • Sustainability claims lack quantitative validation PROJECT B: Pros: • All strengths of Project A plus additional clarity through proposed comparison chart • Comparison chart directly addresses differentiation versus conventional/synthetic leathers • Better evidence plan through visual material property demonstration • More comprehensive communication strategy for backers • Maintains all technical and ethical advantages of Project A Cons: • Same market size limitations as Project A • No additional revenue model details • Similar risk profile without enhanced mitigation • Comparison chart is proposed but not yet developed • Same scalability concerns Both projects share identical core technology, team, development status, and value proposition. Project B demonstrates superior communication strategy by proposing a clear comparison chart that directly addresses differentiation and evidence needs. This additional transparency gives backers better understanding of material properties and competitive advantages. The comparison chart represents a low-cost, high-impact addition that strengthens Project B's positioning without adding complexity or risk."
"local","2","2","L2.2","5","L2.5","L2.5","plan_5","PROJECT A PROS: • Clear value proposition: animal-friendly real leather from living cows with ethical sourcing story. • Strong differentiation: first-of-its-kind cultivated leather jewelry with specific donor connection. • Good risk awareness: identifies cell loss, variability, supply chain, and delivery risks with mitigation plans. • Evidence plan: optional digital certificate adds traceability and authenticity. • Feasible development: shows prototypes, patent-pending tech, and clear production steps. CONS: • Market size unquantified: targets niche ethical consumers without market data. • Revenue model unclear: lacks pricing strategy or long-term business model. • Limited impact evidence: no durability testing mentioned to address product longevity concerns. • Sustainability claims unverified: no third-party validation of environmental benefits. PROJECT B PROS: • All strengths of Project A plus additional evidence plan: proposes standard durability test (rub test) and sharing results with backers. • Better addresses consumer skepticism: durability testing directly responds to potential concerns about cultivated leather quality. • Enhanced transparency: test results would provide concrete evidence of product viability. • Stronger impact validation: durability data would support 'heirloom' claims. CONS: • Same weaknesses as Project A regarding market size quantification and revenue model. • Additional testing adds minor complexity but strengthens credibility. Both projects share identical core descriptions, team, technology, risks, and development status. The key difference is Project B's explicit commitment to durability testing and results sharing. This directly addresses a major unstated risk (product longevity) that backers would reasonably question, making Project B more credible and transparent. While both have strong differentiation and feasibility, Project B's proactive approach to evidence-building gives it a decisive edge in risk mitigation and impact validation."
"local","2","3","L2.3","0","L1.2","L2.3","plan_3","PROJECT A PROS:\n• Clarity of value proposition: Excellent. Clearly articulates the novel concept of heirloom jewelry from cultivated leather, with a compelling ethical narrative. The inclusion of future series (sanctuary plant pigments) enhances the vision.\n• Market size and demand: Targets a niche but growing market of ethically conscious consumers interested in sustainable luxury and animal-friendly products. The 'first-of-its-kind' and heirloom positioning could command premium pricing.\n• Feasibility and development plan: Strong. Shows tangible progress with prototypes (pendant, card holder), patent-pending technology, and clear ownership. The roadmap is detailed, covering pilot testing, scaling, and specific plans for limited series.\n• Revenue model and sustainability: Implied direct-to-consumer via crowdfunding, with potential for limited editions and future collections. The use of owned technology and modular bioreactors suggests scalability. Packaging and materials align with sustainability claims.\n• Differentiation: High. Unique combination of cultivated leather, sanctuary-sourced cells, and plant-based scaffold. The donor-selection series and proposed plant-dye series add layers of exclusivity and storytelling not commonly found.\n• Impact and evidence plan: Good. Provides evidence of completed milestones (cell isolation in 2023, prototypes in 2025), partnership with a sanctuary, and technical details. The plan to provide donor animal profiles adds transparency and emotional impact.\n• Risk awareness and mitigation: Good. Identifies key risks (cell loss, texture variability, supply chain, delivery delays) and offers specific, plausible mitigations (multiple storage, pilot testing, alternative suppliers).\n\nPROJECT A CONS:\n• Market size and demand: The market is very niche; demand may be limited to early adopters and ethically driven consumers, potentially capping growth.\n• Feasibility and development plan: The hypothetical future series (plant pigments) is speculative and not part of the core delivery plan, adding uncertainty.\n• Revenue model and sustainability: Long-term revenue model beyond crowdfunding is not detailed; reliance on high-cost, low-volume production may challenge profitability.\n• Risk awareness and mitigation: Does not address potential regulatory hurdles for biofabricated materials or consumer acceptance of 'lab-grown' leather in jewelry.\n\nPROJECT B PROS:\n• Clarity of value proposition: Very good. Clearly presents the core offering of cultivated leather jewelry from sanctuary cows, similar to Project A but without the speculative future series.\n• Market size and demand: Same niche as Project A, with clear target audience.\n• Feasibility and development plan: Strong, identical to Project A in core aspects (prototypes, owned tech, roadmap), focusing solely on delivering the main product and donor-selection series.\n• Revenue model and sustainability: Same as Project A, with a clear focus on initial crowdfunding delivery.\n• Differentiation: High, but slightly less than A due to absence of the plant-dye series concept. Still highly unique in the market.\n• Impact and evidence plan: Good, with same milestones and evidence as Project A.\n• Risk awareness and mitigation: Good, identical risk identification and mitigation to Project A.\n\nPROJECT B CONS:\n• Market size and demand: Same niche limitation as Project A.\n• Differentiation: Slightly less visionary than Project A due to lack of future series concepts, potentially making it less appealing to backers looking for groundbreaking roadmaps.\n• Revenue model and sustainability: Same as Project A, with no long-term model detailed.\n• Risk awareness and mitigation: Same gaps as Project A regarding regulation and consumer acceptance.\n\nWINNER: PROJECT A. Both projects are nearly identical in core substance, but Project A demonstrates slightly greater ambition and vision by introducing a hypothetical future limited-edition series using natural pigments from sanctuary-grown plants. This adds a layer of innovation, storytelling, and potential for future product lines that could enhance long-term sustainability and backer interest. While speculative, it shows forward-thinking without detracting from the core feasible plan shared with Project B. In crowdfunding, a compelling future vision can significantly boost campaign appeal and perceived potential, giving Project A a marginal edge."
"local","2","3","L2.3","1","L2.1","L2.1","plan_1","PROJECT A:
Pros:
• Clarity of value proposition: Clear, concise one-sentence summary and problem/solution framing.
• Market size and demand: Targets a growing niche of ethically conscious consumers seeking animal-friendly luxury.
• Feasibility and development plan: Shows finished inlays and prototypes, provides specific technical details (kapok scaffold, surface treatments).
• Revenue model and sustainability: Direct sales model with potential for limited editions; uses sustainable materials and processes.
• Differentiation: Unique cultivated leather from named sanctuary cows; patent-pending plant-based scaffolding.
• Impact and evidence plan: Demonstrates tangible product prototypes and specific past milestones (cell isolation in 2023).
• Risk awareness and mitigation: Identifies specific risks (cell loss, texture variability) with concrete mitigation strategies.
Cons:
• Market size and demand: Niche market may limit scalability.
• Feasibility and development plan: Some elements are hypothetical (future series with plant pigments).
• Revenue model and sustainability: Long-term business model beyond limited editions is less defined.
• Impact and evidence plan: Lacks post-campaign engagement plan to strengthen customer connection.

PROJECT B:
Pros:
• Clarity of value proposition: Identical strong core proposition to Project A.
• Market size and demand: Same target market with added engagement feature.
• Feasibility and development plan: Same solid prototype evidence and technical details as A.
• Revenue model and sustainability: Same direct sales model with sustainable packaging.
• Differentiation: Adds unique post-campaign update plan for donor cow photos/videos, enhancing personal connection.
• Impact and evidence plan: Strong evidence through prototypes plus proposed ongoing impact updates.
• Risk awareness and mitigation: Identical comprehensive risk assessment and mitigation as A.
Cons:
• Market size and demand: Same niche market limitations as A.
• Feasibility and development plan: Post-campaign update system adds operational complexity.
• Revenue model and sustainability: Same scalability questions as A.
• Differentiation: Core technology identical to A; differentiation is primarily in customer experience.

Both projects are fundamentally identical in technology, team, risks, and core value proposition. The key difference is Project B's proposed post-campaign update plan for donor cows, which enhances customer engagement, strengthens the ethical narrative, and provides ongoing impact evidence without adding significant risk or cost. This gives Project B a slight edge in differentiation and impact evidence, making it more compelling for crowdfunding backers who value connection and transparency."
"local","2","3","L2.3","2","L2.2","L2.3","plan_3","{
  ""Project A"": {
    ""Pros"": [
      ""• Clarity of value proposition: Excellent - clearly presents animal-friendly, real leather jewelry with specific technological approach"",
      ""• Differentiation: Strong - includes hypothetical future limited edition series using sanctuary-grown plant pigments for dyeing, adding unique storytelling element"",
      ""• Feasibility and development plan: Good - shows finished jewelry inlays, prototypes, and clear patent-pending technology ownership"",
      ""• Risk awareness and mitigation: Good - identifies specific technical risks and provides reasonable mitigation strategies"",
      ""• Team credibility: Strong - founder has relevant tissue-engineering and cellular-agriculture experience since 2018""
    ],
    ""Cons"": [
      ""• Market size and demand: Unclear - niche luxury market with limited evidence of demand quantification"",
      ""• Revenue model and sustainability: Weak - no clear pricing strategy, recurring revenue model, or scalability plan beyond initial production"",
      ""• Impact and evidence plan: Limited - lacks metrics for measuring environmental/ethical impact beyond qualitative claims"",
      ""• Production scaling: Vague - mentions adjusting modular bioreactor technology but lacks concrete scaling roadmap""
    ]
  },
  ""Project B"": {
    ""Pros"": [
      ""• Clarity of value proposition: Excellent - identical clear presentation of core value proposition as Project A"",
      ""• Revenue model enhancement: Better - proposes optional digital certificate of authenticity as potential add-on revenue stream"",
      ""• Feasibility and development plan: Good - identical strong development status and technology ownership as Project A"",
      ""• Risk awareness and mitigation: Good - identical comprehensive risk identification and mitigation as Project A"",
      ""• Team credibility: Strong - identical experienced founder and partnerships""
    ],
    ""Cons"": [
      ""• Market size and demand: Unclear - identical niche market limitations as Project A"",
      ""• Differentiation: Weaker - lacks the unique future product development (sanctuary plant pigments) that Project A proposes"",
      ""• Impact and evidence plan: Limited - identical lack of measurable impact metrics as Project A"",
      ""• Production scaling: Vague - identical scaling concerns as Project A""
    ]
  }
}"
"local","2","3","L2.3","4","L2.4","L2.4","plan_4","{
  ""Project A"": {
    ""Pros"": [
      ""• Clarity of value proposition: Strong, focused narrative on ethical leather from living animals with clear connection to sanctuary practices. The hypothetical future series with sanctuary-grown plant pigments adds an innovative storytelling layer."",
      ""• Feasibility and development plan: Shows concrete progress with prototypes (pendant, card holder) and patent-pending technology. Roadmap includes specific pilot testing and scaling plans."",
      ""• Revenue model and sustainability: Clear use of funds for production, testing, and packaging. Limited series with donor selection creates premium pricing potential."",
      ""• Differentiation: Unique cultivated leather approach with living donor animals and sanctuary connection. The plant-based scaffold and vegetable tanning reinforce sustainability claims."",
      ""• Team & partnerships: Founder has relevant tissue-engineering experience since 2018 and partnerships with sanctuary/veterinary professionals.""
    ],
    ""Cons"": [
      ""• Market size and demand: Limited evidence of market validation beyond general ethical consumer trends. Jewelry market is crowded, and cultivated leather may be niche."",
      ""• Impact and evidence plan: Lacks concrete plans for demonstrating impact metrics or providing evidence of material superiority. No comparison data to conventional leather."",
      ""• Risk awareness and mitigation: While risks are identified, mitigation strategies are somewhat generic (e.g., 'pilot testing' without specifics). Bioreactor scaling risks under-addressed.""
    ]
  },
  ""Project B"": {
    ""Pros"": [
      ""• Clarity of value proposition: Equally strong ethical narrative with added focus on material comparison through proposed visual chart."",
      ""• Differentiation: Includes proposed visual comparison chart showing material properties vs. conventional/synthetic leathers, which addresses evidence needs directly."",
      ""• Impact and evidence plan: Stronger than A due to planned comparison chart that provides tangible evidence of material qualities and advantages."",
      ""• Feasibility and development plan: Same solid foundation as A with prototypes and patent-pending technology. Roadmap includes developing the comparison chart."",
      ""• Revenue model and sustainability: Same clear funding use as A, with donor selection series for premium pricing.""
    ],
    ""Cons"": [
      ""• Market size and demand: Same limitation as A - no specific market validation data provided."",
      ""• Risk awareness and mitigation: Identical to A, with generic mitigation strategies for technical risks."",
      ""• Less innovative future vision: Missing the hypothetical sanctuary plant pigment series that Project A mentions, which could enhance long-term storytelling.""
    ]
  }
}"
"local","2","3","L2.3","5","L2.5","L2.5","plan_5","PROJECT A:
Pros:
• Clear value proposition: Offers real leather without animal harm, with unique storytelling about specific donor animals.
• Strong differentiation: Novel cultivated leather technology with patent-pending plant-based scaffolding and hypothetical future series using sanctuary-grown plant pigments.
• Feasible development plan: Clear roadmap with pilot testing, scaffold inspection, and production scaling strategy.
• Good risk awareness: Identifies key risks (cell loss, variability) with specific mitigation strategies.
• Evidence of progress: Shows finished jewelry inlays and prototypes from early 2025.

Cons:
• Limited market validation: No explicit durability testing plan to address consumer concerns about material longevity.
• Revenue model sustainability unclear: Heavy reliance on crowdfunding for production without clear post-campaign business model.
• Impact measurement vague: No concrete plan to demonstrate environmental or ethical impact beyond the narrative.
• High technical risk: Cultivated leather production at scale remains unproven despite prototypes.

PROJECT B:
Pros:
• Enhanced credibility: Explicit plan to conduct and share standard durability test results (rub test) addresses key consumer concern.
• Stronger evidence plan: Testing commitment provides tangible validation of product quality.
• Clear value proposition: Same ethical leather story as Project A with added durability verification.
• Good risk mitigation: Same thorough risk identification as Project A.
• Practical development plan: Includes durability testing in roadmap, showing systematic approach to quality assurance.

Cons:
• Slightly less innovative: Lacks Project A's hypothetical future series with sanctuary-grown plant pigments.
• Same market limitations: Niche luxury/ethical jewelry market may limit scalability.
• Similar sustainability questions: Revenue model post-campaign remains unclear.
• Same technical scaling risks: Bioreactor production at scale unproven.

Key Differentiator: Project B's explicit durability testing plan provides crucial validation that Project A lacks, addressing the most significant consumer skepticism about novel materials. While both projects share identical core technology and ethical positioning, Project B demonstrates stronger commitment to evidence-based quality assurance, which is critical for crowdfunding backers evaluating a first-of-its-kind material. Project A's hypothetical future series is less valuable than Project B's concrete testing commitment.

Overall Assessment: Both projects score similarly on clarity, differentiation, feasibility, and risk awareness. Project B wins due to its superior evidence plan (durability testing) and slightly stronger credibility, which directly addresses the highest-risk aspect of novel material adoption."
"local","2","4","L2.4","0","L1.2","L2.4","plan_4","{
  ""Project A"": {
    ""Pros"": [
      ""• Clarity of value proposition: Excellent. The one-sentence summary and problem statement clearly articulate the ethical alternative to conventional leather using cultivated cells from living sanctuary cows."",
      ""• Differentiation: Strong. Includes a proposed visual comparison chart showing material properties vs. conventional and synthetic leathers, enhancing credibility and consumer education."",
      ""• Feasibility and development plan: Good. Shows finished inlays and prototypes, patent-pending technology, and clear ownership of cell lines and tech. Roadmap includes specific steps like pilot testing and scaffold inspection."",
      ""• Revenue model and sustainability: Clear. Funds directly support production, testing, and packaging. The heirloom positioning and limited series with donor profiles suggest premium pricing potential."",
      ""• Risk awareness and mitigation: Thorough. Identifies specific risks (cell loss, texture variability, supply chain issues) and offers concrete mitigations (multi-facility storage, pilot testing)."",
      ""• Impact and evidence plan: Good. Proposed limited series with donor profiles creates emotional connection and transparency. Visual comparison chart would provide tangible evidence of material qualities.""
    ],
    ""Cons"": [
      ""• Market size and demand: Unquantified. Targets a niche of ethically conscious jewelry buyers, but no data on market size or validation of demand beyond the problem statement."",
      ""• Scalability: Potential concern. Production scaling relies on adjusting modular bioreactors, but no details on cost curves or production capacity limits."",
      ""• Evidence plan: While proposed comparison chart is a plus, actual traction or pre-orders are not mentioned to validate demand.""
    ]
  },
  ""Project B"": {
    ""Pros"": [
      ""• Clarity of value proposition: Excellent. Identical to Project A in clearly presenting the ethical cultivated leather value proposition."",
      ""• Feasibility and development plan: Good. Same as Project A with prototypes, patent-pending tech, and clear development steps."",
      ""• Team and partnerships: Identical strong point—founder with relevant tissue-engineering experience and sanctuary/veterinary partnerships."",
      ""• Risk awareness and mitigation: Identical thorough risk identification and mitigation strategies as Project A."",
      ""• Revenue model: Clear use of funds for production and delivery.""
    ],
    ""Cons"": [
      ""• Differentiation: Weaker than Project A. Lacks the proposed visual comparison chart that would help consumers understand material advantages and build credibility."",
      ""• Impact and evidence plan: Less developed. Missing the proposed comparison chart that Project A uses to demonstrate material properties and educate backers."",
      ""• Market size and demand: Same unquantified limitation as Project A."",
      ""• Scalability: Same potential concern as Project A without additional details.""
    ]
  },
  ""Overall Comparison"": ""Both projects are identical in most aspects including problem, solution, team, development status, risks, and technical details. The only discernible difference is that Project A includes one additional proposed feature: a visual comparison chart showing key material properties of cultivated leather versus conventional and synthetic alternatives. This enhances Project A's differentiation, impact/evidence plan, and potentially its clarity in communicating value to backers. Given that all other factors are equal, this small but meaningful addition gives Project A a slight edge in credibility and consumer education.""
}"
"local","2","4","L2.4","1","L2.1","L2.1","plan_1","PROJECT A: Pros: • Clear value proposition: real leather without animal harm with specific technical details • Strong differentiation through first-of-its-kind cultivated leather jewelry • Good feasibility: shows finished inlays, prototypes, patent-pending technology • Clear revenue model: direct sales of jewelry pieces • Good risk awareness: addresses cell storage, variability, supply chain • Proposed comparison chart adds credibility. Cons: • Limited market size evidence (no quantification) • Impact evidence plan could be stronger • Sustainability claims lack third-party verification • Limited information on production scaling capabilities. PROJECT B: Pros: • Excellent impact and evidence plan: post-campaign updates of donor cows enhances emotional connection • Strong differentiation through ongoing relationship with donor animals • Good feasibility matching Project A's technical foundation • Clear value proposition for ethically-conscious consumers • Good risk awareness matching Project A. Cons: • Same limited market size evidence as Project A • No proposed comparison chart reduces material validation • Sustainability claims similarly unverified • Same production scaling uncertainties. Both projects share identical core technology, team, risks, and value proposition. Project B's superior impact and evidence plan through ongoing donor cow updates creates stronger emotional engagement and transparency, potentially building a more loyal community. This ongoing connection enhances the ethical narrative and provides tangible evidence of the project's animal welfare claims. While Project A's proposed comparison chart is valuable, Project B's ongoing relationship-building offers more sustained value for backers and better aligns with the ethical mission."
"local","2","4","L2.4","2","L2.2","L2.4","plan_4","PROJECT A PROS: • Strong clarity of value proposition: clearly communicates animal-friendly real leather from living donor animals. • Good feasibility demonstration: shows finished jewelry inlays, prototypes, patent-pending technology, and owned cell lines. • Clear revenue model: direct sale of jewelry pieces with sustainable packaging. • Strong differentiation: unique cultivated leather technology with living donor connection. • Good risk awareness: identifies specific technical and supply chain risks with mitigation plans. • Evidence plan: proposes visual comparison chart showing material properties versus alternatives. • No regulatory hurdles mentioned. PROJECT A CONS: • Limited market size quantification: targets niche ethical consumer segment without market data. • Scaling plan vague: mentions adjusting modular bioreactor technology but lacks specifics. • Limited impact measurement plan: doesn't specify how animal welfare impact will be tracked or verified. • Sustainability claims unverified: no third-party validation of environmental claims. PROJECT B PROS: • All pros from Project A apply equally. • Additional feature: optional digital certificate of authenticity adds perceived value and transparency. • Slightly enhanced evidence: certificate could provide documented proof of ethical sourcing. PROJECT B CONS: • All cons from Project A apply equally. • Certificate is optional add-on rather than core offering. • No additional differentiation beyond Project A's features. WINNER ANALYSIS: Both projects are nearly identical in all substantive aspects - same technology, team, development status, risks, and core value proposition. The only meaningful difference is Project B's mention of an optional digital certificate of authenticity. However, this is a minor enhancement that doesn't address the core weaknesses both projects share (unquantified market, vague scaling, unverified sustainability claims). Since both projects are essentially the same with one trivial difference, and Project A actually has a slightly stronger evidence plan with its proposed visual comparison chart (versus Project B's optional certificate), Project A wins by a narrow margin due to its more concrete plan for demonstrating material properties to backers."
"local","2","4","L2.4","3","L2.3","L2.4","plan_4","{
  ""Project A"": {
    ""Pros"": [
      ""• Clear value proposition: Real leather without animal harm, with specific technical details provided."",
      ""• Feasible development plan: Shows prototypes, patent-pending technology, and clear next steps for pilot testing and production."",
      ""• Strong differentiation: Unique cultivated leather from named sanctuary cows with transparent comparison chart proposed."",
      ""• Realistic risk awareness: Identifies specific technical and supply chain risks with concrete mitigation strategies."",
      ""• Evidence-based: Shows finished inlays, describes 2023 cell isolation and 2025 prototypes.""
    ],
    ""Cons"": [
      ""• Market size uncertainty: Niche appeal to ethical jewelry consumers without quantification."",
      ""• Revenue model limitations: One-time jewelry sales without clear long-term sustainability plan."",
      ""• Limited impact measurement: No specific plan to track or demonstrate environmental/ethical impact."",
      ""• Production scaling concerns: Modular bioreactor adjustment mentioned but not detailed.""
    ]
  },
  ""Project B"": {
    ""Pros"": [
      ""• All strengths of Project A plus additional differentiation: Hypothetical future series with sanctuary-grown plant pigments adds storytelling potential."",
      ""• Enhanced sustainability narrative: Closed-loop concept connecting animal sanctuary with plant pigments."",
      ""• Strong team credentials: Same experienced founder with tissue-engineering and cellular-agriculture background.""
    ],
    ""Cons"": [
      ""• Overpromising risk: Hypothetical future series may distract from core delivery without concrete planning."",
      ""• Same market limitations as Project A: Niche appeal without market size validation."",
      ""• Same revenue model weaknesses: No improved sustainability plan."",
      ""• Additional complexity: Pigment extraction protocols add unvalidated technical challenges."",
      ""• Less focused roadmap: Future hypotheticals dilute attention from current delivery commitments.""
    ]
  }
}"
"local","2","4","L2.4","5","L2.5","L2.5","plan_5","PROJECT A PROS: • Strong clarity of value proposition with clear ethical differentiation. • Good feasibility demonstration with prototypes and patent-pending technology. • Clear revenue model based on direct sales of jewelry. • Strong differentiation through cultivated leather technology and donor-animal connection. • Good risk awareness with specific mitigation strategies. • Clear development plan with pilot testing and production scaling approach. CONS: • Market size limited to niche ethical jewelry consumers. • No durability testing plan mentioned, leaving product longevity concerns unaddressed. • Limited evidence plan beyond prototypes and technical descriptions. • Sustainability claims lack third-party verification. • Scaling bioreactor production presents unquantified technical challenges. PROJECT B PROS: • All strengths of Project A plus additional focus on durability. • Proposed durability testing (rub test) addresses key consumer concern about material quality. • Evidence plan strengthened by commitment to share test results with backers. • Better addresses potential skepticism about novel material's performance. • Maintains all ethical and technical differentiation of Project A. CONS: • Same market size limitations as Project A. • Same scaling challenges with bioreactor technology. • Sustainability claims still lack independent verification. • Durability testing is proposed but not yet completed. WINNER ANALYSIS: Project B wins due to its superior approach to evidence and risk mitigation. While both projects share identical core technology, team, and value proposition, Project B demonstrates stronger customer-centric thinking by proactively addressing a critical adoption barrier: material durability concerns. The commitment to conduct and share standardized durability test results shows greater maturity in product development thinking and provides backers with more tangible evidence of product viability. This small but significant difference gives Project B better risk mitigation, stronger evidence planning, and potentially higher consumer confidence, making it the more investable proposition."
"local","2","5","L2.5","0","L1.2","L2.5","plan_5","Project A and Project B are nearly identical in concept, problem, solution, team, and technical details. However, Project A demonstrates superior execution in its campaign description by including more detailed and proactive risk mitigation and evidence plans. Specifically, Project A explicitly mentions a proposed plan to conduct and share results of a standard durability test (like a rub test) on the cultivated leather inlay to address backer concerns about longevity. This addition, though subtle, shows greater foresight regarding product validation (Impact and evidence plan) and risk awareness (Risk awareness and mitigation). In contrast, Project B omits this specific testing and transparency plan. All other criteria (Clarity of value proposition, Market size and demand, Feasibility and development plan, Revenue model and sustainability, Differentiation) are equivalent between the two projects, as they share the same core descriptions. Therefore, Project A's more comprehensive approach to evidence and risk gives it a slight edge.

PROJECT A PROS:
• Clear, compelling value proposition of animal-friendly real leather.
• Addresses a defined ethical gap in the market for sustainable luxury goods.
• Development appears feasible with prototypes completed, patent-pending technology, and no external approvals needed.
• Direct-to-consumer revenue model via crowdfunding with clear use of funds.
• Strong differentiation through cultivated leather technology and connection to named sanctuary animals.
• Proposes specific durability testing (rub test) and results sharing with backers, enhancing evidence plan.
• Identifies key technical and supply chain risks with concrete mitigation strategies (multiple cell storage, pilot testing).
• Founder has relevant tissue-engineering and cellular-agriculture experience.

PROJECT A CONS:
• Market size for premium, niche ethical jewelry may be limited.
• Long-term sustainability and scaling of bioreactor production for small inlays is unproven.
• Revenue model beyond initial crowdfunding is not detailed.
• Durability and aging of the novel cultivated leather material are potential concerns, though addressed with proposed testing.
• Relies on a narrative of animal welfare which, while compelling, is a niche emotional driver.

PROJECT B PROS:
• Identical strong points to Project A: clear value proposition, defined problem/solution, feasible development status, differentiated technology, experienced team.
• Same clear use of funds and risk identification.

PROJECT B CONS:
• Identical cons to Project A regarding market size, scalability, and long-term model.
• Notably lacks the specific proposed plan for durability testing and results sharing mentioned in Project A, making its evidence plan and risk mitigation appear slightly less thorough.

Overall, Project A wins due to its marginally more comprehensive and transparent approach to validating product quality and mitigating backer concerns, as evidenced by the inclusion of the durability testing plan."
"local","2","5","L2.5","1","L2.1","L2.5","plan_5","PROJECT A PROS:\n• Clarity of value proposition: Clear, concise explanation of animal-friendly real leather via bioreactor cultivation.\n• Feasibility and development plan: Shows finished jewelry inlays, specific prototypes (pendant, card holder), and detailed technical milestones.\n• Risk awareness and mitigation: Explicitly addresses durability concerns with a proposed standard rub test and sharing results, demonstrating proactive risk management.\n• Differentiation: Proposed durability testing adds a layer of product validation not mentioned in Project B.\n• Impact and evidence plan: Plan to share durability test results provides tangible evidence of product quality.\n\nPROJECT A CONS:\n• Market size and demand: Targets a niche, luxury segment within sustainable jewelry; demand is unproven.\n• Revenue model and sustainability: Relies on one-time jewelry sales; long-term business model beyond crowdfunding is unclear.\n• Impact and evidence plan: While durability testing is planned, broader impact metrics (e.g., animal welfare scale) are not quantified.\n\nPROJECT B PROS:\n• Clarity of value proposition: Equally clear as Project A in presenting the ethical leather concept.\n• Market size and demand: Similar niche targeting, but proposed donor updates may enhance emotional connection and perceived value.\n• Differentiation: Proposed post-campaign updates with donor cow photos/videos create a unique, ongoing customer relationship and storytelling element.\n• Impact and evidence plan: Ongoing updates provide continuous evidence of animal welfare and project authenticity.\n• Revenue model and sustainability: Potential for higher customer loyalty and repeat engagement through updates, though revenue model remains similar.\n\nPROJECT B CONS:\n• Feasibility and development plan: Lacks the specific durability testing plan mentioned in Project A, which is a key feasibility concern for a new material.\n• Risk awareness and mitigation: Does not address material durability concerns as directly as Project A, which is a significant product risk.\n• Impact and evidence plan: Updates are emotional/engagement-focused but lack the hard product validation of durability testing.\n\nWINNER RATIONALE: Project A wins overall. While both projects share identical core technology, value proposition, and team, Project A demonstrates superior risk awareness and mitigation by explicitly planning to address the critical feasibility question of material durability through standardized testing and transparency with backers. For a novel material like cultivated leather, proving functional longevity is essential for consumer trust and product viability. Project B's focus on donor updates is valuable for marketing and engagement but does not mitigate the fundamental product risk as effectively. Project A's approach provides stronger evidence of product robustness, which is more critical for early-stage technology validation and backer confidence."
"local","2","5","L2.5","2","L2.2","L2.5","plan_5","{
  ""Project A"": {
    ""Pros"": [
      ""• Clear value proposition: Offers real leather jewelry without animal harm, with specific donor cow selection adding emotional connection."",
      ""• Strong differentiation: Uses cultivated leather technology with patent-pending plant-based scaffolding, creating a novel ethical luxury product."",
      ""• Good risk awareness: Identifies key technical risks (cell loss, variability) and provides specific mitigation plans (multiple storage, pilot testing)."",
      ""• Concrete evidence plan: Proposes to conduct and share durability test results (rub test) to address backer concerns about material longevity."",
      ""• Feasible development plan: Shows finished inlays and prototypes, with clear next steps for pilot testing and production scaling using modular bioreactors.""
    ],
    ""Cons"": [
      ""• Limited market size discussion: Targets ethical jewelry buyers but doesn't quantify potential market or demand beyond niche appeal."",
      ""• Revenue model unclear: No pricing strategy or long-term sustainability plan beyond initial crowdfunding campaign."",
      ""• High technical complexity: Cultivated leather production at scale remains unproven despite prototype success."",
      ""• Supply chain dependencies: Relies on consistent jewelry setting availability which could delay production."",
      ""• Limited impact measurement: No clear plan to measure or report environmental/ethical impact beyond the product itself.""
    ]
  },
  ""Project B"": {
    ""Pros"": [
      ""• Clear value proposition: Similar to Project A but adds optional digital certificate of authenticity for enhanced provenance tracking."",
      ""• Strong differentiation: Same cultivated leather technology with emotional connection through donor cow selection."",
      ""• Good risk awareness: Identifies same technical risks with identical mitigation strategies."",
      ""• Additional revenue stream: Optional digital certificate add-on could provide higher margins without physical production costs."",
      ""• Feasible development plan: Same solid foundation with prototypes and clear scaling approach.""
    ],
    ""Cons"": [
      ""• Missing durability testing: Unlike Project A, no mention of planned durability testing to validate material quality for backers."",
      ""• Same market size limitations: No quantification of target market or demand analysis."",
      ""• Same unclear revenue model: No long-term sustainability plan beyond initial campaign."",
      ""• Same high technical complexity: Scale-up challenges remain unaddressed."",
      ""• Weaker evidence plan: Lacks Project A's concrete commitment to material testing and transparency with backers.""
    ]
  }
}"
"local","2","5","L2.5","3","L2.3","L2.5","plan_5","PROJECT A PROS:
• Clarity of value proposition: Excellent. Clearly presents animal-friendly real leather from living sanctuary cows as a direct solution to conventional leather's ethical problems.
• Market size and demand: Targets a clear niche of ethically conscious consumers interested in sustainable, animal-friendly luxury goods.
• Feasibility and development plan: Strong. Shows finished inlays, prototypes from early 2025, and patent-pending technology. Roadmap includes concrete steps: pilot testing, scaffold inspection, tanning preparation, and securing settings post-campaign.
• Revenue model and sustainability: Clear direct-to-consumer model through crowdfunding with potential for limited series. Use of funds is specific and reasonable.
• Differentiation: High. Unique cultivated leather technology with plant-based scaffold and connection to specific sanctuary animals.
• Impact and evidence plan: Good. Proposes sharing durability test results (rub test) with backers, adding credibility. Shows evidence of cell isolation in 2023 and prototypes.
• Risk awareness and mitigation: Strong. Identifies specific risks (cell loss, texture variability, supply chain issues) with concrete mitigation strategies.

PROJECT A CONS:
• Market size: Niche market may limit scalability.
• Technical complexity: Bioreactor cultivation at scale presents unquantified challenges.
• Long-term durability: Despite proposed testing, cultivated leather's wear characteristics are unproven.

PROJECT B PROS:
• Clarity of value proposition: Good. Same core value as Project A.
• Market size and demand: Same target market as Project A.
• Feasibility and development plan: Good. Same proven milestones and technology ownership as Project A.
• Revenue model and sustainability: Same clear model as Project A.
• Differentiation: Slightly enhanced with hypothetical future series using sanctuary plant pigments for natural dyeing.
• Impact and evidence plan: Adequate. Shows same evidence of development but lacks Project A's specific durability testing plan.
• Risk awareness and mitigation: Good. Same risk identification as Project A.

PROJECT B CONS:
• Feasibility: Includes hypothetical future series (sanctuary plant pigments) that adds complexity without current development evidence.
• Impact and evidence plan: Weaker than Project A. No mention of durability testing plan to address backer concerns.
• Specificity: Future pigment series is presented as hypothetical without concrete planning, reducing credibility.

WINNER RATIONALE: Project A wins due to its superior feasibility planning and evidence strategy. While both projects share identical core technology, team, and risk awareness, Project A demonstrates stronger execution planning by including a specific durability testing protocol (rub test) to be shared with backers, addressing a key consumer concern. Project B's additional hypothetical feature (sanctuary plant pigments) adds complexity without supporting evidence or concrete planning, making it less credible. Project A's focus on delivering the core product with verifiable quality metrics makes it a more reliable investment."
"local","2","5","L2.5","4","L2.4","L2.5","plan_5","{
  ""Project A"": {
    ""Pros"": [
      ""• Clarity of value proposition: Clearly explains the ethical advantage of cultivated leather from living sanctuary animals with specific technical details about the process."",
      ""• Feasibility and development plan: Shows concrete progress with finished inlays and prototypes (pendant and card holder from early 2025), plus specific technical milestones (cells isolated in 2023)."",
      ""• Impact and evidence plan: Proposes to conduct and share results of a standard durability test (rub test) to address backer concerns about material longevity, providing tangible evidence."",
      ""• Risk awareness and mitigation: Identifies specific risks (cell loss, texture variability, supply chain issues) with practical mitigation strategies (multiple storage facilities, pilot testing, scaffold inspection)."",
      ""• Team credibility: Founder has long-term tissue-engineering experience and cellular-agriculture leadership since 2018, with partnerships with sanctuary and veterinary professionals.""
    ],
    ""Cons"": [
      ""• Market size and demand: Limited to niche audience interested in both ethical leather and jewelry, with no quantification of market potential."",
      ""• Revenue model and sustainability: No clear long-term business model beyond this crowdfunding campaign; unclear how production scales economically."",
      ""• Differentiation: While technologically novel, the core ethical proposition is similar to Project B; limited discussion of competitive landscape.""
    ]
  },
  ""Project B"": {
    ""Pros"": [
      ""• Clarity of value proposition: Equally clear ethical positioning with the same compelling story of leather from living sanctuary animals."",
      ""• Differentiation: Proposes a visual comparison chart showing material properties versus conventional and synthetic leathers, which could help educate consumers and highlight advantages."",
      ""• Market size and demand: Same target audience as Project A, but the comparison chart might help expand appeal by clearly demonstrating material benefits."",
      ""• Team and development status: Identical strong team credentials and development progress as Project A."",
      ""• Risk awareness: Same comprehensive risk identification and mitigation strategies as Project A.""
    ],
    ""Cons"": [
      ""• Feasibility and development plan: Less concrete evidence plan than Project A; no mention of durability testing, relying instead on visual comparisons."",
      ""• Impact and evidence plan: Comparison chart is promotional rather than evidence-based; lacks the tangible testing commitment of Project A."",
      ""• Revenue model and sustainability: Same weakness as Project A—no clear long-term business model or scaling economics."",
      ""• Development status: While identical to Project A in claimed progress, offers less concrete proof of material durability.""
    ]
  },
  ""Winner"": ""A"",
  ""Reasoning"": ""Project A wins due to its stronger evidence plan and concrete approach to validating the technology. While both projects share identical core technology, team credentials, and ethical positioning, Project A's commitment to conducting and sharing standard durability test results (rub test) addresses the most critical uncertainty for backers: whether cultivated leather performs adequately as a jewelry material. This tangible evidence plan demonstrates greater rigor and transparency. Project B's proposed comparison chart is useful for marketing but doesn't provide the same level of objective validation. In crowdfunding, where backers assume technical and delivery risks, Project A's approach to generating and sharing evidence gives it a decisive advantage in credibility and risk reduction.""
}"
"local","3","0","L2.5","1","L3.1","L3.1","plan_1","{
  ""Project A"": {
    ""Pros"": [
      ""• Clarity of value proposition: Clearly articulates the ethical alternative to conventional leather using cultivated technology from living sanctuary animals."",
      ""• Feasibility and development plan: Shows concrete progress with prototypes (pendant and card holder from early 2025) and owns patent-pending technology."",
      ""• Revenue model and sustainability: Direct-to-consumer model via crowdfunding with clear use of funds for production and scaling."",
      ""• Differentiation: Unique value proposition combining heirloom jewelry with cultivated leather from specific named animals."",
      ""• Risk awareness and mitigation: Identifies specific risks (cell loss, texture variability, supply chain) with practical mitigation strategies.""
    ],
    ""Cons"": [
      ""• Market size and demand: Niche target audience (ethical jewelry buyers) with limited evidence of broader market validation."",
      ""• Impact and evidence plan: Lacks concrete plans for durability testing transparency or enhanced storytelling beyond basic animal profiles."",
      ""• Revenue sustainability: Limited discussion of post-campaign business model or scaling beyond initial production.""
    ]
  },
  ""Project B"": {
    ""Pros"": [
      ""• Clarity of value proposition: Enhances ethical narrative with digital 'birth certificates' and QR codes linking to sanctuary media, strengthening emotional connection."",
      ""• Differentiation: Superior storytelling capability through digital certificates and multimedia links creates stronger brand differentiation."",
      ""• Impact and evidence plan: More comprehensive evidence plan including durability testing plus enhanced transparency through digital provenance tracking."",
      ""• Market appeal: Digital certificates may appeal to younger, tech-savvy ethical consumers seeking authentic connection to product origins."",
      ""• Feasibility: Maintains all technical advantages of Project A while adding low-cost digital enhancements.""
    ],
    ""Cons"": [
      ""• Implementation complexity: Additional digital component requires QR code generation and media hosting infrastructure."",
      ""• Similar risks: Shares same core risks as Project A without additional mitigation for digital components."",
      ""• Market size: Still addresses same niche market without expanded target audience.""
    ]
  }
}"
"local","3","0","L2.5","2","L3.2","L3.2","plan_2","{""Project A"": {""pros"": [""• Clear value proposition: Animal-friendly real leather from living donor animals addresses ethical concerns in leather industry"", ""• Strong differentiation: First-of-its-kind cultivated leather jewelry with specific donor animal connection creates unique positioning"", ""• Feasible development plan: Shows finished prototypes, patent-pending technology, and clear production steps"", ""• Sustainable revenue model: Heirloom jewelry positioning suggests premium pricing potential"", ""• Good risk awareness: Identifies specific technical and supply chain risks with mitigation plans"", ""• Evidence plan: Proposes durability testing to address backer concerns""], ""cons"": [""• Market size unclear: Niche appeal to ethical jewelry consumers without quantification"", ""• Limited impact evidence: No clear metrics for animal welfare impact or environmental benefits"", ""• Scaling concerns: Bioreactor production for small inlays may face cost challenges at scale"", ""• Dependence on single technology: Relies entirely on proprietary cultivation process"", ""• Limited transparency: No visual demonstration of cultivation process proposed""]}, ""Project B"": {""pros"": [""• All strengths of Project A plus enhanced transparency: Proposed time-lapse video adds credibility through visual demonstration"", ""• Better evidence plan: Video addresses skepticism about cultivation process without revealing IP"", ""• Stronger communication strategy: Multiple evidence types (testing + video) build trust"", ""• Improved differentiation: Visual proof of cultivation process strengthens unique selling proposition"", ""• Enhanced feasibility: Video documentation suggests thorough process understanding""], ""cons"": [""• Same market size limitations as Project A"", ""• Same scaling and cost challenges"", ""• Video production adds minor complexity without addressing core business risks"", ""• Still lacks quantified impact metrics"", ""• Same dependence on single technology""]}}"
"local","3","0","L2.5","3","L3.3","L3.3","plan_3","{'Project A': {'pros': ['• Clear value proposition: animal-friendly real leather from living donor cows.', '• Addresses a defined market niche: ethically conscious consumers seeking sustainable luxury.', '• Development appears advanced with prototypes and owned, patent-pending technology.', '• Revenue model is direct product sales with heirloom positioning for premium pricing.', '• Strong differentiation via specific donor cow selection and unique cultivation process.', '• Good risk awareness with specific mitigation plans for cell storage and production variability.', '• Founder has relevant tissue-engineering and cellular-agriculture experience.'], 'cons': ['• Market size is likely limited to a niche luxury segment.', '• Long-term sustainability of bioreactor scaling for small batches is unproven.', '• No concrete evidence plan beyond proposed durability testing; lacks customer validation mechanism.', '• Higher perceived risk for backers due to inability to inspect material before purchase.', '• Relies heavily on emotional/ethical appeal rather than proven product-market fit.']}, 'Project B': {'pros': ['• All strengths of Project A plus key enhancement: proposed low-cost sample swatch tier.', '• Sample swatch directly addresses feasibility concerns by allowing material verification.', '• Stronger evidence plan: provides tangible product validation before full commitment.', '• Reduces backer risk significantly, potentially increasing conversion and trust.', '• Better demand testing mechanism via sample tier engagement.', '• Maintains all technical differentiation and ethical positioning of Project A.', '• Shows deeper understanding of crowdfunding psychology and backer hesitancy.'], 'cons': ['• Slightly more complex logistics with additional swatch production.', '• Sample tier may marginally increase upfront costs.', '• Same niche market limitations as Project A.', '• Same unproven scaling challenges for bioreactor production.']}, 'Comparison': ""Both projects share identical core technology, team, and value proposition. Project B's single addition—the proposed sample swatch tier—creates decisive advantages across multiple criteria: 1) It provides concrete evidence of material quality (Impact and Evidence Plan), 2) Reduces perceived risk for backers (Risk Mitigation), 3) Validates demand more effectively (Market Demand), and 4) Demonstrates superior customer understanding (Feasibility). This small addition transforms the campaign from a speculative leap of faith to a more credible, trust-building offering. While both face the same challenges in market size and scaling, Project B's approach to de-risking the backer experience gives it superior crowdfunding viability.""}"
"local","3","0","L2.5","4","L3.4","L3.4","plan_4","{
  ""Project A"": {
    ""Pros"": [
      ""• Clear value proposition: Offers real leather jewelry without animal harm, addressing ethical consumer demand."",
      ""• Feasible development plan: Shows prototypes, patent-pending technology, and clear production steps."",
      ""• Strong differentiation: Uses cultivated leather from named sanctuary cows, creating emotional connection."",
      ""• Good risk awareness: Identifies cell storage, texture variability, and supply chain risks with mitigation plans."",
      ""• Experienced team: Founder has tissue-engineering and cellular-agriculture expertise.""
    ],
    ""Cons"": [
      ""• Limited market validation: No evidence of demand beyond conceptual appeal to ethical consumers."",
      ""• Unproven revenue model: Sustainability depends on scaling bioreactor technology not demonstrated."",
      ""• Weak impact evidence: No concrete plans to validate durability or comparative benefits vs conventional leather."",
      ""• Narrow use case: Jewelry limits market size compared to broader leather applications.""
    ]
  },
  ""Project B"": {
    ""Pros"": [
      ""• All strengths of Project A plus enhanced impact evidence: Proposes comparative durability testing (Martindale rub test) against conventional leather."",
      ""• Greater transparency: Commitment to publish test results builds credibility for novel material."",
      ""• Better addresses customer concerns: Directly tackles longevity questions through standardized testing."",
      ""• Stronger validation plan: Comparative data could demonstrate material parity or superiority.""
    ],
    ""Cons"": [
      ""• Shares all limitations of Project A: Same unproven market, revenue model, and narrow application."",
      ""• Additional testing adds complexity without addressing core scalability challenges."",
      ""• No quantified evidence of test results yet—only proposed initiative.""
    ]
  },
  ""Comparison"": ""Both projects are identical except for Project B's added transparency initiative. While both suffer from similar weaknesses in market validation and scalability, Project B demonstrates superior risk mitigation and evidence planning by proactively addressing durability concerns—a critical barrier for adoption of novel materials. This gives Project B a slight edge in credibility and customer trust.""
}"
"local","3","0","L2.5","5","L3.5","L2.5","plan_0","Project A and B are nearly identical, with Project B adding one speculative feature: a proposed future 'Cultivation Club' membership program. This addition appears in Project B's Key Features, Roadmap, and is described as a 'hypothetical' future consideration. Since this is not a genuine source fact of traction, partnership, or completed development, it does not improve Project B's assessment under the criteria. Both projects share identical strengths and weaknesses across all seven criteria. Strengths: 1. Clear, innovative value proposition of animal-friendly real leather. 2. Targets a growing niche market for ethical luxury/sustainable fashion. 3. Demonstrated feasibility with prototypes, owned technology, and clear development steps. 4. Direct revenue model from product sales, with sustainability claims in materials/process. 5. Strong differentiation via cultivated leather from named sanctuary animals. 6. Impact plan is inherent to the product's ethical premise. 7. Good risk awareness with specific mitigations for cell loss, quality variability, and supply chain. Weaknesses: 1. Market size is niche; demand unquantified. 2. Revenue model's long-term scalability and cost structure are unclear. 3. Durability evidence is only a proposed test plan, not yet shared results. 4. Risk mitigation for production scaling is described but not detailed. Given the projects are substantively the same, and Project B's additional feature is unsupported speculation, neither project has a material advantage. Therefore, the assessment is a tie based on the provided information and the instruction not to reward unsupported specificity."
"local","3","1","L3.1","0","L2.5","L3.1","plan_1","{""Project A"": {""Pros"": [""• Clear, specific value proposition: animal-friendly real leather from named sanctuary cows with digital provenance (birth certificate, QR code to animal media)."", ""• More detailed execution plan for the limited series including digital birth certificates and QR code linking to sanctuary media enhances trust and differentiation."", ""• Explicit mention of addressing durability concerns through standard testing and sharing results shows proactive risk mitigation."", ""• Comprehensive roadmap includes finalizing donor animal profiles and creating digital certificates, demonstrating thorough planning."", ""• Strong team credentials with tissue-engineering experience and partnerships with sanctuary/veterinary professionals.""], ""Cons"": [""• Market size limited to niche ethical/sustainable jewelry consumers; demand unquantified."", ""• Revenue model and long-term sustainability not explicitly detailed beyond initial crowdfunding."", ""• Technical feasibility relies on novel cultivated leather process; scaling bioreactor production presents execution risk."", ""• Differentiation primarily hinges on ethical sourcing and provenance, which may not protect against future competitors."", ""• Impact evidence plan is descriptive but lacks quantitative metrics or third-party validation.""]}, ""Project B"": {""Pros"": [""• Clear value proposition: ethically sourced real leather without animal harm, targeting conscious consumers."", ""• Similar technical foundation and development status as Project A with prototypes and patent-pending scaffolding."", ""• Addresses durability concerns through proposed testing, showing risk awareness."", ""• Team expertise and partnerships match Project A's strengths."", ""• Eco-friendly packaging and multiple material options appeal to sustainability-focused buyers.""], ""Cons"": [""• Less detailed limited series offering: lacks digital birth certificates and QR code links to animal media, reducing emotional connection and provenance proof."", ""• Roadmap is less specific about donor animal engagement and backer communication post-campaign."", ""• Same unquantified market demand and revenue sustainability concerns as Project A."", ""• Differentiation weaker due to less immersive storytelling and backer involvement features."", ""• Risk mitigation mentions durability testing but overall plan is less comprehensive than Project A's.""]}}"
"local","3","1","L3.1","2","L3.2","L3.1","plan_1","Both projects share identical core technology, problem-solution fit, team, and risk profile. The differences are subtle but meaningful in execution and communication.

PROJECT A PROS:
• Strong clarity of value proposition with specific 'digital birth certificate' concept linking product to named animal
• More detailed execution plan for limited series (QR codes, videos/photos of specific animals)
• Clearer revenue model enhancement through premium limited series with traceability
• Better impact plan through documented animal connection and durability test transparency
• More comprehensive differentiation via personalized animal story component

PROJECT A CONS:
• No visual demonstration of cultivation process mentioned
• Slightly less transparent about production process visualization
• Same market risks as Project B (niche luxury ethical market)

PROJECT B PROS:
• Includes time-lapse video plan to demonstrate cultivation process visually
• Maintains core ethical value proposition effectively
• Same strong feasibility as Project A with proven prototypes
• Good risk awareness identical to Project A

PROJECT B CONS:
• Less detailed limited series execution (no birth certificate specifics)
• Weaker impact evidence plan without documented animal-product connection
• Less compelling differentiation in storytelling aspect
• Misses opportunity for deeper emotional engagement with backers

Both projects demonstrate: strong feasibility with working prototypes, clear market niche targeting ethical luxury consumers, identical revenue models, and comprehensive risk mitigation. However, Project A's detailed execution of the limited series with digital birth certificates and QR codes to specific animals creates stronger differentiation, better impact evidence, and enhances sustainability through emotional connection. This transforms the product from mere ethical jewelry to a personalized story-telling artifact, potentially commanding higher value and stronger customer loyalty. Project B's time-lapse video is valuable for transparency but less emotionally engaging than Project A's animal-specific documentation."
"local","3","1","L3.1","3","L3.3","L3.3","plan_3","{""Project A"": {""Pros"": [""• Clear value proposition: Offers real leather without animal harm, with emotional connection through donor cow profiles and digital birth certificates."", ""• Strong differentiation: Unique cultivated leather technology with patent-pending plant-based scaffold and direct link to sanctuary animals."", ""• Feasible development plan: Shows prototypes, owns technology, no regulatory approvals needed, and has specific technical milestones."", ""• Good risk awareness: Identifies cell storage, material variability, and supply chain risks with mitigation strategies."", ""• Evidence plan: Proposes durability testing and sharing results to address backer concerns.""], ""Cons"": [""• Market size unquantified: No data on addressable market for ethical luxury jewelry."", ""• Revenue model unclear: No pricing strategy or long-term sustainability plan beyond crowdfunding."", ""• Limited impact evidence: While ethical claims are strong, no third-party verification or scalability proof for bioreactor production."", ""• High dependency: Relies on continued viability of specific cell lines and bioreactor scaling.""]}, ""Project B"": {""Pros"": [""• All strengths of Project A plus additional customer validation: Sample swatch tier allows backers to physically verify material quality before full commitment."", ""• Enhanced risk mitigation: Sample tier reduces purchase hesitation and builds trust through tangible evidence."", ""• Better market validation approach: Low-cost entry point can gauge demand and collect customer feedback."", ""• Stronger evidence plan: Combines durability testing with physical sample availability.""], ""Cons"": [""• Same limitations as Project A: Unquantified market, unclear revenue model, no scalability proof."", ""• Additional complexity: Managing sample production and fulfillment adds operational overhead."", ""• Potential dilution: Sample tier might distract from core jewelry value proposition.""]}}"
"local","3","1","L3.1","4","L3.4","L3.4","plan_4","PROJECT A PROS:\n• Clear value proposition: Real leather without animal harm, with specific donor cow connection\n• Strong differentiation: Unique cultivated leather technology with patent-pending plant-based scaffolding\n• Good development status: Shows finished jewelry inlays and prototypes, cells already isolated\n• Good risk awareness: Identifies specific technical and supply chain risks with mitigation plans\n• Good evidence plan: Proposes durability testing and sharing results with backers\n• Strong team: Founder has relevant tissue-engineering and cellular-agriculture experience\n\nPROJECT A CONS:\n• Market size not quantified: No data on addressable market for ethical leather jewelry\n• Revenue model unclear: No pricing strategy or long-term sustainability plan outlined\n• Limited transparency: No comparative testing against conventional leather proposed\n\nPROJECT B PROS:\n• Clear value proposition: Real leather without animal harm, with specific donor cow connection\n• Enhanced transparency: Proposes comparative durability testing (cultivated vs conventional leather)\n• Strong differentiation: Unique cultivated leather technology with patent-pending plant-based scaffolding\n• Good development status: Shows finished jewelry inlays and prototypes, cells already isolated\n• Good risk awareness: Identifies specific technical and supply chain risks with mitigation plans\n• Strong team: Founder has relevant tissue-engineering and cellular-agriculture experience\n• Better evidence plan: Includes both durability testing AND comparative testing against conventional leather\n\nPROJECT B CONS:\n• Market size not quantified: No data on addressable market for ethical leather jewelry\n• Revenue model unclear: No pricing strategy or long-term sustainability plan outlined\n• Slightly less detailed donor connection plan: No mention of digital birth certificates with QR codes\n\nBoth projects share identical core technology, team, development status, and most features. The key differences are in their evidence and transparency plans. Project B demonstrates stronger commitment to validation by proposing comparative testing against conventional leather, which addresses potential backer skepticism more directly. While Project A has a slightly more detailed donor connection plan (digital birth certificates), Project B's enhanced transparency initiative provides more substantial evidence of product quality and performance, which is critical for a novel material like cultivated leather."
"local","3","1","L3.1","5","L3.5","L3.1","plan_1","PROJECT A PROS: • Clarity: Strong, specific value proposition of animal-friendly heirloom jewelry with traceability to a named donor cow via digital birth certificate. • Feasibility: Detailed development plan including scaffold inspection, tanning ingredient preparation, and specific durability testing plan. • Evidence: Concrete plan to share rub test results and provide QR-linked sanctuary media enhances credibility. • Risk mitigation: Explicitly addresses cell storage, material variability, and supply chain contingencies. CONS: • Market size: Targets a niche luxury/ethical consumer segment; broader demand unproven. • Revenue model: Primarily one-time product sales; long-term sustainability less defined. • Differentiation: While innovative, the core technology is similar to Project B. PROJECT B PROS: • Clarity: Clear ethical value proposition matching Project A. • Market potential: Proposed 'Cultivation Club' membership suggests a plan for recurring revenue and customer retention. • Differentiation: Membership concept adds a potential future community and exclusivity layer. CONS: • Feasibility: Development plan is slightly less detailed than A (omits digital birth certificate specifics). • Evidence: Lacks the concrete traceability element (QR code/media link) that A includes, making impact verification weaker. • Risk: Same risks as A, but with added uncertainty from hypothetical future membership program. • Sustainability: 'Cultivation Club' is only a proposed future consideration, not a committed plan. OVERALL: Both projects share identical core technology, team, risks, and target market. Project A wins due to superior execution clarity and evidence planning. Its specific digital birth certificate with QR code provides tangible impact verification and enhances backer trust, while its detailed durability testing and traceability plans demonstrate stronger operational readiness. Project B's membership idea is innovative but speculative and adds complexity without immediate validation."
"local","3","2","L3.2","0","L2.5","L3.2","plan_2","{""Project A"": {""Pros"": [""• Clarity of value proposition: Clearly articulates the ethical alternative to conventional leather using cultivated technology with specific donor-animal connection."", ""• Market size and demand: Targets growing ethical consumer and sustainable fashion segments with a novel, emotionally resonant product."", ""• Feasibility and development plan: Shows tangible progress with finished inlays and prototypes from 2025, patent-pending scaffold, and clear next steps including pilot testing and durability validation."", ""• Revenue model and sustainability: Direct-to-consumer model via crowdfunding with potential for limited series premium pricing; uses sustainable materials and processes."", ""• Differentiation: Unique combination of cultivated leather, donor-animal storytelling, and heirloom jewelry positioning; proprietary plant-based scaffold."", ""• Impact and evidence plan: Strong plan to share durability test results and time-lapse video of cultivation process, adding transparency and credibility."", ""• Risk awareness and mitigation: Identifies specific technical and operational risks (cell loss, variability, supply chain) with concrete mitigation strategies.""], ""Cons"": [""• Market size may be niche within broader jewelry market."", ""• Unproven consumer acceptance of cultivated leather in accessories."", ""• Scaling bioreactor production for larger demand may present unforeseen challenges."", ""• Dependence on specific sanctuary animals for storytelling element.""]}, ""Project B"": {""Pros"": [""• Clarity of value proposition: Identical clear ethical value proposition as Project A."", ""• Market size and demand: Same target market appeal."", ""• Feasibility and development plan: Same demonstrated progress with prototypes and owned technology."", ""• Revenue model and sustainability: Same direct model with sustainable materials."", ""• Differentiation: Same core differentiation of cultivated leather and donor connection."", ""• Impact and evidence plan: Plans to share durability test results, providing some evidence of product quality."", ""• Risk awareness and mitigation: Identifies identical risks and mitigations as Project A.""], ""Cons"": [""• Lacks the proposed time-lapse video demonstration of the cultivation process, reducing transparency and educational impact."", ""• All other cons are identical to Project A, but with slightly weaker evidence plan.""]}}"
"local","3","2","L3.2","1","L3.1","L3.1","plan_1","{
  ""Project A"": {
    ""Pros"": [
      ""• Clarity of value proposition: Clearly communicates animal-friendly real leather from living donor cows with a compelling ethical narrative."",
      ""• Feasibility and development plan: Shows concrete progress with prototypes from 2025, patent-pending technology, and no regulatory approvals needed."",
      ""• Differentiation: Unique cultivated leather technology with plant-based scaffold and connection to specific sanctuary animals creates strong novelty."",
      ""• Risk awareness and mitigation: Identifies specific technical risks (cell loss, texture variability) with practical mitigation strategies."",
      ""• Impact and evidence plan: Proposes durability testing and time-lapse video to demonstrate process credibility and product quality.""
    ],
    ""Cons"": [
      ""• Market size and demand: Targets a niche segment of ethical jewelry consumers without quantifying market potential."",
      ""• Revenue model and sustainability: Lacks detail on pricing strategy, production costs, or long-term business model beyond initial crowdfunding."",
      ""• Impact and evidence plan: While proposing tests, lacks completed validation data to prove product durability and commercial viability.""
    ]
  },
  ""Project B"": {
    ""Pros"": [
      ""• Clarity of value proposition: Enhances emotional connection with digital 'birth certificates' and QR codes linking to donor animals."",
      ""• Differentiation: Adds digital storytelling layer that strengthens the heirloom and ethical narrative beyond physical product."",
      ""• Impact and evidence plan: Digital certificates provide verifiable provenance, increasing transparency and trust in the ethical claims."",
      ""• All strengths of Project A: Shares same technical foundation, development progress, risk mitigation, and team expertise.""
    ],
    ""Cons"": [
      ""• Market size and demand: Same niche limitation as Project A without broader market analysis."",
      ""• Revenue model and sustainability: No additional business model details beyond Project A's limitations."",
      ""• Feasibility and development plan: Adds complexity with digital certificate creation and QR code integration without addressing potential implementation challenges."",
      ""• Impact and evidence plan: Missing Project A's proposed time-lapse video demonstration of cultivation process.""
    ]
  }
}"
"local","3","2","L3.2","3","L3.3","L3.3","plan_3","PROJECT A PROS:\n• Clarity of value proposition: Strong. Clearly presents animal-friendly, real leather from living donor animals as a novel ethical alternative.\n• Market size and demand: Targets a niche but growing market of ethically conscious consumers interested in sustainable luxury and animal welfare.\n• Feasibility and development plan: Shows tangible progress with finished inlays, prototypes from early 2025, and patent-pending technology. Roadmap includes specific pilot testing and production steps.\n• Revenue model and sustainability: Direct sales model with heirloom positioning suggests premium pricing potential. Use of funds is clear for production scaling.\n• Differentiation: Highly differentiated through cultivated leather from specific sanctuary cows, plant-based scaffold, and connection to individual animals.\n• Impact and evidence plan: Proposes durability testing and time-lapse video to demonstrate process and quality, addressing transparency needs.\n• Risk awareness and mitigation: Identifies key technical risks (cell loss, variability) with specific mitigation strategies (multiple storage, pilot testing).\n\nPROJECT A CONS:\n• Market size may be limited to early adopters willing to pay premium for novel material.\n• No low-cost entry point for backers to experience material before committing to full jewelry piece.\n• Relies heavily on emotional connection to specific animals which may not appeal to all consumers.\n• Production scaling of bioreactor technology for consistent quality remains unproven at commercial scale.\n\nPROJECT B PROS:\n• All strengths of Project A plus additional consumer confidence builder.\n• Enhanced evidence plan: Includes proposed sample swatch tier allowing physical inspection before purchase, reducing perceived risk for backers.\n• Better market validation approach: Low-cost swatch tier could generate broader interest and collect feedback from cautious consumers.\n• More comprehensive revenue model: Multiple price points with swatch tier potentially converting to full jewelry purchases.\n• Addresses material skepticism directly through tangible evidence strategy.\n\nPROJECT B CONS:\n• Additional complexity in production and fulfillment from swatch tier.\n• Slightly diluted focus from core jewelry offering.\n• Same technical and scaling risks as Project A.\n\nBoth projects share identical core technology, team, and development status. Project B demonstrates superior customer understanding by addressing the critical barrier of material skepticism through the proposed sample swatch tier. This represents better risk mitigation for consumer adoption and provides a clearer path to market validation. While both projects are strong, Project B's additional evidence strategy through physical samples gives it a decisive edge in building backer confidence and potentially wider market appeal."
"local","3","2","L3.2","4","L3.4","L3.4","plan_4","{
  ""Project A"": {
    ""Pros"": [
      ""• Clear value proposition: Offers real leather without animal harm, with specific donor animal connection."",
      ""• Strong differentiation: Uses cultivated leather from named sanctuary cows, creating emotional connection."",
      ""• Good risk awareness: Addresses cell storage, production variability, and supply chain issues."",
      ""• Credible team: Founder has relevant tissue-engineering and cellular-agriculture experience."",
      ""• Tangible development: Shows finished inlays and prototypes from 2025.""
    ],
    ""Cons"": [
      ""• Limited market size: Niche appeal to animal-friendly jewelry buyers, unclear total addressable market."",
      ""• Unproven revenue model: No pricing or sales strategy mentioned beyond crowdfunding."",
      ""• Vague sustainability plan: No long-term business model or scaling economics discussed."",
      ""• Limited evidence plan: Only proposes basic durability test and time-lapse video."",
      ""• High technical risk: Bioreactor cultivation at jewelry scale may have unaddressed challenges.""
    ]
  },
  ""Project B"": {
    ""Pros"": [
      ""• All strengths of Project A plus enhanced evidence plan."",
      ""• Superior transparency initiative: Proposes comparative rub test against conventional leather, providing objective performance data."",
      ""• Stronger validation approach: Direct comparison to conventional leather addresses key customer skepticism about quality."",
      ""• Better impact demonstration: Comparative testing shows commitment to transparency and product excellence."",
      ""• Maintains all other positive aspects: Clear value prop, differentiation, team credibility, and development progress.""
    ],
    ""Cons"": [
      ""• Shares all limitations of Project A: niche market, unproven revenue model, vague sustainability."",
      ""• Comparative testing could backfire if results are unfavorable."",
      ""• No additional mitigation for the shared risks beyond Project A's approach.""
    ]
  }
}"
"local","3","2","L3.2","5","L3.5","L3.2","plan_2","PROJECT A PROS:\n• Clarity of value proposition: Excellent. Clearly presents an ethical alternative to conventional leather using cultivated cells from a living sanctuary cow, with tangible product examples (pendant, card holder).\n• Market size and demand: Targets a niche but growing market of ethically conscious consumers interested in sustainable, animal-friendly luxury goods and first-of-its-kind heirlooms.\n• Feasibility and development plan: Strong. Shows clear development status with prototypes from early 2025, patent-pending technology, and a detailed roadmap including pilot testing, scaffold inspection, and tanning preparation. No outside approvals required reduces regulatory risk.\n• Revenue model and sustainability: Direct product sales model via crowdfunding; funds clearly allocated to production, testing, and packaging. Sustainable packaging and process align with brand values.\n• Differentiation: Highly differentiated through its unique cultivated leather process from named sanctuary cows, plant-based scaffold, and focus on transparency (proposed durability test and time-lapse video).\n• Impact and evidence plan: Good. Proposes concrete evidence plans: durability test results and a time-lapse video of cultivation steps to build trust and demonstrate process legitimacy.\n• Risk awareness and mitigation: Strong. Identifies specific risks (cell loss, texture variability, supply chain, delivery delays) with practical mitigations (multi-facility storage, pilot testing, quality alternatives).\n\nPROJECT A CONS:\n• Market size may be limited to early adopters and ethically focused consumers, potentially restricting scalability.\n• High dependency on successful bioreactor scaling and consistent cultivation, which carries technical execution risk.\n• The 'limited series' with named cows, while a unique selling point, adds operational complexity.\n\nPROJECT B PROS:\n• Clarity of value proposition: Excellent. Identical to Project A in core value proposition: ethical, cultivated leather from sanctuary cows.\n• Market size and demand: Same target market as A, with potential for future expansion via proposed 'Cultivation Club' membership for repeat engagement.\n• Feasibility and development plan: Strong. Same development status, patent-pending tech, and detailed roadmap as A, minus the time-lapse video but with a future membership concept.\n• Revenue model and sustainability: Same direct sales model as A, with potential for recurring revenue through the proposed 'Cultivation Club,' enhancing long-term sustainability.\n• Differentiation: High differentiation same as A, plus an additional forward-looking differentiator: the 'Cultivation Club' for early access to future products, fostering community and loyalty.\n• Impact and evidence plan: Good. Proposes durability test sharing (like A) but lacks the time-lapse video, which is a minor transparency drawback compared to A.\n• Risk awareness and mitigation: Strong. Identifies identical risks and mitigations as A, showing good awareness.\n\nPROJECT B CONS:\n• Same market size limitations and technical execution risks as A.\n• The 'Cultivation Club' is only a proposed future consideration, not a developed plan, adding speculative elements that may distract from core delivery.\n• Slightly weaker evidence plan than A due to absence of the proposed time-lapse video, which could affect backer trust in the novel process.\n\nOverall, both projects are nearly identical in core substance, team, technology, and risks. The key differences lie in Project A's more concrete transparency measures (proposed time-lapse video) versus Project B's speculative future membership concept. Project A's focus on immediate, verifiable evidence (video, test results) provides stronger validation for backers and reduces perceived risk in a novel, unproven product category. Therefore, Project A wins due to its slightly superior evidence plan and avoidance of speculative future features, keeping the campaign focused on delivering the core product with greater transparency."
"local","3","3","L3.3","0","L2.5","L3.3","plan_3","Project A Pros: • Clarity of value proposition enhanced by offering a sample swatch tier, allowing backers to verify material quality firsthand. • Stronger feasibility and development plan with specific, actionable steps for sample production and durability testing. • Better risk awareness and mitigation by addressing backer concerns about material longevity through proposed rub test and providing a low-risk entry point. • More comprehensive revenue model and sustainability through multiple reward tiers (sample swatch + jewelry) that can validate demand and build trust. • Stronger impact and evidence plan via the sample swatch allowing physical inspection and durability test results sharing. Project A Cons: • Slightly higher operational complexity due to managing two product types (samples + jewelry). • Potential for sample production to delay main jewelry delivery if not carefully managed. Project B Pros: • Cleaner focus on core jewelry product without sample tier complexity. • All stated features and capabilities align with main value proposition. • Team credentials and development status identical to Project A. Project B Cons: • Weaker clarity as backers cannot physically inspect material before committing. • Less comprehensive risk mitigation for backer concerns about material feel/durability. • Limited evidence plan beyond proposed durability testing. • Less sustainable revenue model with only high-commitment jewelry tiers. • Lower differentiation in crowdfunding approach compared to typical campaigns. Winner: Project A, because it demonstrates superior understanding of crowdfunding dynamics by addressing key backer concerns through tangible evidence (sample swatches) and durability testing. The sample tier reduces purchase risk, validates market demand more effectively, and builds stronger trust—critical for a novel material like cultivated leather. This creates a more sustainable funding model and shows greater customer-centric planning."
"local","3","3","L3.3","1","L3.1","L3.3","plan_3","{""Project A"": {""Pros"": [""• Clear, specific value proposition: real leather without animal harm, with tangible verification options (sample swatch)."", ""• Strong feasibility: shows finished inlays, prototypes, patent-pending technology, no outside approvals needed."", ""• Effective risk mitigation: addresses cell loss, material variability, supply chain, and delivery delays with concrete plans."", ""• Enhanced trust-building: proposed sample swatch tier allows backers to verify material quality before purchase, reducing perceived risk."", ""• Practical revenue model: jewelry sales with potential for limited series and low-cost sample tiers to attract cautious backers.""], ""Cons"": [""• Market size may be niche: targets ethically conscious jewelry buyers interested in cultivated leather, which is a novel and unproven market."", ""• Differentiation relies heavily on technology and ethical sourcing, but competitors could emerge with similar approaches."", ""• Impact evidence plan is less developed than Project B's digital 'birth certificate' for storytelling."", ""• Sustainability of revenue depends on scaling bioreactor production, which is hinted at but not detailed.""]}, ""Project B"": {""Pros"": [""• Clear value proposition: real leather without animal harm, with strong emotional connection via donor cow selection and digital 'birth certificates'."", ""• Strong feasibility: identical to Project A in development status, technology ownership, and risk mitigation plans."", ""• Enhanced differentiation: digital 'birth certificate' with QR code adds unique storytelling and transparency, strengthening brand loyalty."", ""• Better impact and evidence plan: QR code linking to sanctuary media provides tangible proof of animal welfare and project authenticity."", ""• Market appeal may be higher due to emotional engagement and heirloom positioning with personalized certificates.""], ""Cons"": [""• Lacks sample swatch tier, which may deter backers who are skeptical about material quality and feel."", ""• Market size remains niche, similar to Project A, with no quantified demand evidence."", ""• Revenue model is less diversified than Project A's, missing the low-cost entry point for sample verification."", ""• Sustainability relies on similar scaling challenges, with no additional details on production capacity.""]}}"
"local","3","3","L3.3","2","L3.2","L3.3","plan_3","{""Project A"": {""Pros"": [""• Clear value proposition: Real leather without animal harm, with tangible product (jewelry) and sample swatch option for verification"", ""• Strong feasibility: Shows finished inlays, prototypes from 2025, patent-pending technology, no external approvals needed"", ""• Thoughtful revenue model: Multiple price points including low-cost sample swatch to reduce backer risk and increase adoption"", ""• Good differentiation: Unique donor-animal selection with profiles adds emotional connection and exclusivity"", ""• Practical evidence plan: Durability testing and physical sample swatches address material quality concerns directly"", ""• Good risk mitigation: Multiple cell storage locations, pilot testing for consistency, supply chain alternatives""], ""Cons"": [""• Market size limited to niche ethical/sustainable jewelry buyers; not mass-market"", ""• Scalability questions: Modular bioreactor adjustment mentioned but no detailed production capacity plan"", ""• Revenue sustainability depends on continuous demand for high-end ethical jewelry; no recurring revenue model"", ""• Impact evidence relies on animal welfare claim but lacks third-party verification or lifecycle analysis""]}, ""Project B"": {""Pros"": [""• Clear value proposition: Same ethical leather concept with strong animal welfare positioning"", ""• Strong feasibility: Same technical milestones and ownership as Project A"", ""• Good transparency plan: Time-lapse video of cultivation process builds trust through visual demonstration"", ""• Same strong team credentials and risk mitigation strategies as Project A"", ""• Good differentiation: Donor-animal selection adds unique storytelling element""], ""Cons"": [""• Weaker evidence plan: Relies on video rather than physical sample testing; backers cannot verify material quality firsthand"", ""• Less developed revenue model: No low-cost entry point like sample swatch, potentially limiting backer conversion"", ""• Same market size limitations as Project A"", ""• Same scalability and sustainability concerns as Project A"", ""• Higher perceived risk for backers due to inability to physically inspect material before purchase""]}}"
"local","3","3","L3.3","4","L3.4","L3.3","plan_3","PROJECT A PROS:\n• Clarity of value proposition: Excellent. Clearly states the ethical alternative to conventional leather and offers tangible verification through sample swatch tier.\n• Market size and demand: Targets niche but growing markets of ethical consumers and early adopters of novel materials. The sample swatch tier could help validate demand.\n• Feasibility and development plan: Strong. Shows finished inlays and prototypes, owns technology, no external approvals needed. Sample swatch tier demonstrates confidence in material.\n• Revenue model and sustainability: Multiple price points including low-cost sample tier could increase conversion. Uses sustainable packaging and materials.\n• Differentiation: High. Unique cultivated leather technology with patent-pending scaffold. Sample tier provides physical verification advantage.\n• Impact and evidence plan: Good. Proposes durability testing and sharing results. Sample swatches provide direct evidence to backers.\n• Risk awareness and mitigation: Good. Identifies key technical and supply chain risks with specific mitigation strategies.\n\nPROJECT A CONS:\n• Market size: Still a niche luxury jewelry market.\n• Revenue sustainability: Long-term viability depends on scaling bioreactor technology cost-effectively.\n• Evidence: While proposing tests, hasn't yet conducted comparative durability testing against conventional leather.\n\nPROJECT B PROS:\n• Clarity of value proposition: Very good. Clear ethical positioning and first-of-its-kind appeal.\n• Market size and demand: Same target markets as Project A with strong ethical appeal.\n• Feasibility and development plan: Strong. Same technical foundation and development status as Project A.\n• Revenue model and sustainability: Multiple jewelry options at different price points.\n• Differentiation: High. Same unique technology as Project A.\n• Impact and evidence plan: Excellent. Proposes comparative durability testing against conventional leather (Martindale test) and publishing results, which builds strong credibility.\n• Risk awareness and mitigation: Good. Same risk identification and mitigation as Project A.\n\nPROJECT B CONS:\n• Market size: Same niche limitations as Project A.\n• Revenue sustainability: Same scaling challenges as Project A.\n• Missing sample tier: No low-cost entry point for backers to verify material quality firsthand before larger purchase.\n• Less immediate validation: While proposing comparative testing, lacks the direct physical verification option of Project A's sample swatch.\n\nWINNER: Project A wins overall. Both projects share identical core technology, team, and development status. The key differentiator is Project A's inclusion of a sample swatch tier, which addresses a critical consumer concern for novel materials: the ability to physically inspect and verify the material before committing to a full jewelry purchase. This demonstrates greater customer empathy, reduces perceived risk for backers, and provides a lower-cost entry point that could validate market demand more effectively. While Project B's proposed comparative durability testing is commendable, Project A's sample tier offers more immediate, tangible evidence to potential backers and shows stronger understanding of crowdfunding psychology."
"local","3","3","L3.3","5","L3.5","L3.3","plan_3","PROJECT A:
Pros:
• Clarity of value proposition is strong, with a concrete plan for a sample swatch tier that directly addresses material verification.
• Feasibility and development plan is enhanced by the sample swatch offering, which provides a low-risk entry point for backers and demonstrates confidence in the material.
• Revenue model and sustainability benefits from the sample swatch tier as an additional, low-cost revenue stream that can convert interest into higher-tier purchases.
• Differentiation is increased by the tangible sample offering, making the novel material more accessible and verifiable.
• Impact and evidence plan is stronger due to the commitment to provide physical evidence (the swatch) and share durability test results.
• Risk awareness and mitigation is slightly better as the sample tier reduces backer risk and builds trust.
Cons:
• Market size and demand remains niche, targeting a specific ethical consumer segment, similar to Project B.
• Revenue model for the core jewelry product is identical to Project B and faces the same sustainability questions post-campaign.
• Differentiation from Project B is minor, primarily in the sample swatch offering rather than a fundamental product difference.

PROJECT B:
Pros:
• Clarity of value proposition is clear and matches Project A's core offering.
• Market size and demand targets the same niche ethical and luxury jewelry market.
• Feasibility and development plan is solid, with clear milestones and ownership of technology.
• Revenue model includes a proposed future 'Cultivation Club' membership, suggesting a longer-term customer retention strategy.
• Differentiation is attempted through the future membership concept, which could foster community and repeat business.
• Team & partnerships are identical to Project A and are a strength.
• Risk awareness and mitigation is adequately addressed, matching Project A.
Cons:
• The 'Cultivation Club' is a proposed future, hypothetical add-on, not a concrete reward or evidence of current capability, offering less immediate value to backers.
• Impact and evidence plan relies more on promises (future club, test results) than tangible evidence compared to Project A's sample swatch.
• Feasibility is slightly less demonstrable than Project A, as it lacks a low-cost verification method for backers.
• Revenue model's sustainability depends heavily on the success of the initial campaign to fund the future club development.

Overall Winner: A
Why: Project A wins due to its superior execution in building backer trust and mitigating perceived risk. The concrete plan to offer a low-cost sample swatch provides tangible evidence of the product, reduces backer hesitation, and demonstrates confidence in the material—a critical factor for a novel, biotechnology-based product. While both projects share identical core strengths (team, technology, problem/solution), Project B's proposed 'Cultivation Club' is a speculative future feature, whereas Project A's sample tier is an immediate, actionable plan that enhances feasibility, evidence, and risk mitigation for the current campaign. This practical approach makes Project A a more compelling and lower-risk investment for crowdfunding backers."
"local","3","4","L3.4","0","L2.5","L3.4","plan_4","{
  ""Project A"": {
    ""Pros"": [
      ""• Clarity of value proposition: Clearly articulates an ethical, animal-friendly alternative to conventional leather using cultivated technology, with a compelling narrative connecting backers to specific sanctuary animals."",
      ""• Feasibility and development plan: Shows advanced development status with finished inlays and prototypes (pendant, card holder), patent-pending plant-based scaffolding, and clear ownership of technology and cell lines. No external approvals required reduces regulatory risk."",
      ""• Revenue model and sustainability: Leverages high-value, limited-edition jewelry with customization options (material, size, color) and a potential premium donor-selection series, suggesting strong margins."",
      ""• Differentiation: Highly differentiated via cultivated leather from named sanctuary cows, plant-based scaffold, and full vertical control of the proprietary biotechnology."",
      ""• Impact and evidence plan: Strong proposed transparency initiative: plans to conduct and publish comparative durability tests (e.g., Martindale rub test) against conventional leather, directly addressing key consumer concerns about material performance."",
      ""• Risk awareness and mitigation: Identifies specific technical (cell loss, texture variability) and operational (supply chain, delays) risks with concrete mitigations (multi-site cell storage, pilot testing).""
    ],
    ""Cons"": [
      ""• Market size and demand: The niche positioning (heirloom jewelry, ethically conscious consumers) may limit total addressable market compared to broader leather alternatives."",
      ""• Revenue model and sustainability: Long-term scalability of bioreactor production for small inlays is unproven; unit economics at scale are not detailed."",
      ""• Risk awareness and mitigation: Does not address potential consumer acceptance hurdles (e.g., 'lab-grown' perception) or detailed cost structure risks.""
    ]
  },
  ""Project B"": {
    ""Pros"": [
      ""• Clarity of value proposition: Identical strong core proposition as Project A: animal-friendly, real leather from sanctuary cows."",
      ""• Feasibility and development plan: Same solid development status, prototypes, and owned technology as Project A."",
      ""• Differentiation: Same high level of differentiation via cultivated leather and sanctuary cow story."",
      ""• Team & Partnerships: Identical strong founder expertise in tissue engineering and cellular agriculture since 2018, with sanctuary/veterinary partnerships.""
    ],
    ""Cons"": [
      ""• Impact and evidence plan: Weaker than Project A. Only proposes to conduct and share durability test results internally, lacking the comparative, published transparency initiative that builds stronger trust and evidence."",
      ""• All other criteria (Market size, Revenue model, Risk awareness) share the same limitations as Project A, but with less robust evidence planning.""
    ]
  },
  ""Overall Winner Justification"": ""Project A wins decisively. Both projects are identical in most respects—technology, team, value proposition, and core risks. However, Project A demonstrates superior strategic thinking and risk mitigation in its 'Impact and evidence plan' by proposing to conduct and publish a comparative durability test (Martindale rub test) of its cultivated leather against conventional leather. This direct, transparent benchmarking addresses the most critical unknown for backers and consumers: material performance and longevity. It builds greater credibility, reduces perceived product risk, and provides a powerful marketing asset. This single, concrete enhancement in Project A's proposal indicates a more thorough approach to validation and customer trust, giving it a meaningful edge in a crowdfunding context where evidence and transparency are paramount.""
}"
"local","3","4","L3.4","1","L3.1","L3.4","plan_4","{
  ""Project A"": {
    ""Pros"": [
      ""• Clear value proposition: Offers real leather without animal harm, addressing ethical concerns while preserving material qualities."",
      ""• Strong differentiation: Uses cultivated leather from living sanctuary cows with a patent-pending plant-based scaffold, creating a novel ethical luxury product."",
      ""• Evidence and transparency plan: Proposes to conduct and publish comparative durability tests (e.g., Martindale rub test) against conventional leather, building credibility."",
      ""• Feasible development plan: Shows finished inlays, prototypes, and clear milestones (cells isolated in 2023, prototypes in early 2025). No external approvals needed."",
      ""• Risk awareness: Identifies specific risks (cell loss, texture variability, supply chain issues) with concrete mitigation strategies."",
      ""• Experienced team: Founder has tissue-engineering and cellular-agriculture expertise since 2018.""
    ],
    ""Cons"": [
      ""• Limited market size: Niche appeal to ethically conscious jewelry buyers; may not scale broadly."",
      ""• Revenue model sustainability unclear: High production costs (bioreactors, cultivation) may limit profitability without economies of scale."",
      ""• Impact evidence incomplete: While transparency tests are planned, no existing third-party validation or durability data shown."",
      ""• Scalability concerns: Modular bioreactor adjustment mentioned but no detailed production capacity or cost reduction roadmap.""
    ]
  },
  ""Project B"": {
    ""Pros"": [
      ""• Enhanced value proposition: Adds digital 'birth certificate' with QR code linking to donor cow media, strengthening emotional connection and transparency."",
      ""• Strong differentiation: Combines cultivated leather technology with personalized storytelling (donor cow selection, profiles, QR media)."",
      ""• Clear target user appeal: Addresses both ethical consumers and collectors seeking unique heirloom pieces with provenance."",
      ""• Feasible development plan: Similar solid foundation as Project A with prototypes and owned technology."",
      ""• Experienced team: Same qualified founder and partnerships with sanctuary/veterinary professionals."",
      ""• Risk awareness: Identifies identical risks with appropriate mitigations.""
    ],
    ""Cons"": [
      ""• Missing comparative transparency initiative: No mention of publishing rub test results alongside conventional leather (unlike Project A's explicit plan)."",
      ""• Same market limitations: Niche luxury ethical jewelry market with uncertain demand scalability."",
      ""• Revenue sustainability concerns: High cultivation costs remain unaddressed; digital features may add complexity without clear pricing premium justification."",
      ""• Scalability challenges: Personalized donor cow selection and digital certificates may complicate production logistics at scale.""
    ]
  }
}"
"local","3","4","L3.4","2","L3.2","L3.4","plan_4","{
  ""Project A"": {
    ""Pros"": [
      ""• Clarity of value proposition: Clearly defines an ethical alternative to conventional leather using cultivated cells from a living, sanctuary-grazing cow. The 'donor selection' feature enhances emotional connection and transparency."",
      ""• Feasibility and development plan: Shows concrete progress with cells isolated in 2023 and prototypes (pendant, card holder) in early 2025. Patent-pending plant-based scaffold and owned technology reduce dependency risks."",
      ""• Revenue model and sustainability: Focus on heirloom jewelry as a premium, limited product with clear use of funds for production, testing, and packaging."",
      ""• Differentiation: Unique combination of cultivated leather, donor-animal story, and heirloom positioning. Patent-pending scaffold technology adds technical moat."",
      ""• Impact and evidence plan: Proposes a transparency initiative with comparative durability testing (e.g., Martindale rub test) against conventional leather, providing tangible evidence of material quality."",
      ""• Risk awareness and mitigation: Identifies specific risks (cell loss, texture variability, supply-chain issues) with practical mitigations (multi-facility storage, pilot testing, quality-alternative sourcing).""
    ],
    ""Cons"": [
      ""• Market size and demand: Targets a niche audience (ethical jewelry enthusiasts, early adopters of cultivated materials). Broader demand for premium-priced, cultivated-leather jewelry is unproven."",
      ""• Revenue model and sustainability: Relies on a one-time crowdfunding campaign for production scaling; long-term business model beyond limited series is not detailed."",
      ""• Differentiation: While technologically unique, the core product (leather-inlay jewelry) faces competition from established ethical jewelry brands using alternative materials."",
      ""• Impact and evidence plan: Proposed durability testing is future-oriented; no completed test results are shown to backers yet.""
    ]
  },
  ""Project B"": {
    ""Pros"": [
      ""• Clarity of value proposition: Identical strong value proposition as Project A, emphasizing animal-friendly, real leather from living donor cows."",
      ""• Feasibility and development plan: Same demonstrated progress as Project A (2023 cell isolation, 2025 prototypes), with owned technology and no external approvals needed."",
      ""• Revenue model and sustainability: Clear use of funds for production and testing, similar to Project A."",
      ""• Differentiation: Adds a proposed time-lapse video to visually demonstrate the cultivation process, enhancing transparency and backer engagement."",
      ""• Risk awareness and mitigation: Identifies identical risks and mitigations as Project A, showing thorough planning.""
    ],
    ""Cons"": [
      ""• Market size and demand: Same niche market limitations as Project A."",
      ""• Revenue model and sustainability: Same lack of long-term business model detail as Project A."",
      ""• Differentiation: Time-lapse video is a communication asset but does not provide the same level of material validation as comparative durability testing."",
      ""• Impact and evidence plan: Weaker than Project A. Proposes sharing rub test results but lacks the comparative analysis initiative. The time-lapse video demonstrates process but not product performance."",
      ""• Risk awareness and mitigation: While identical to Project A, the absence of a comparative testing plan leaves a greater unanswered question about material equivalence to conventional leather.""
    ]
  },
  ""Winner Justification"": ""Project A wins overall. Both projects are nearly identical in core technology, team, and roadmap. The decisive difference lies in the 'Impact and evidence plan' criterion. Project A's proposed transparency initiative to conduct and publish comparative durability tests (cultivated vs. conventional leather) directly addresses a critical skepticism point for backers: is this novel material truly comparable in quality? This provides stronger, objective evidence to build trust and validate the product's value proposition. Project B's proposed time-lapse video is engaging but is more of a marketing tool than a validation tool. In a crowdfunding context where proving feasibility and quality is paramount, Project A's approach to evidence is more robust and risk-mitigating.""
}"
"local","3","4","L3.4","3","L3.3","L3.3","plan_3","PROJECT A PROS: • Clear value proposition: animal-friendly real leather from living donor cows • Addresses ethical gap in leather market with innovative technology • Development status shows tangible progress with prototypes and patent-pending technology • Team has relevant tissue-engineering and cellular-agriculture expertise • Risk mitigation strategies for cell storage and production variability • Revenue model based on heirloom jewelry with sustainable packaging • Differentiation through first-of-its-kind cultivated leather from specific named animals • Impact evidence plan includes durability testing and transparency initiative PROJECT A CONS: • Market size limited to niche ethical jewelry consumers • Feasibility concerns about scaling bioreactor production • No low-cost entry point for skeptical backers • Durability of cultivated leather unproven at scale • High price point likely limits market penetration • Supply chain dependencies for jewelry components • Limited evidence of consumer demand for this specific product PROJECT B PROS: • All advantages of Project A plus additional consumer-focused features • Includes low-cost sample swatch tier to reduce purchase risk and build trust • Allows backers to physically inspect material before committing • Addresses potential skepticism about cultivated leather quality • May convert sample recipients into higher-tier backers • Better market validation approach through sampling • More comprehensive user engagement strategy PROJECT B CONS: • Adds complexity to production (swatch preparation and distribution) • May increase fulfillment costs and logistical challenges • Sample tier could cannibalize higher-margin jewelry sales • Still faces same core challenges as Project A regarding market size and scalability PROJECT B WINS because it demonstrates superior understanding of consumer psychology and market validation. The sample swatch tier directly addresses the biggest barrier to adoption—skepticism about the novel material—by allowing potential customers to experience the product firsthand at low risk. This approach shows stronger customer empathy, provides a pathway for converting skeptics, and creates multiple entry points to the brand. While both projects share identical core technology and ethical positioning, Project B's additional validation mechanism makes it more likely to succeed in building trust and gaining market traction."
"local","3","4","L3.4","5","L3.5","L3.4","plan_4","PROJECT A PROS:\n• Clarity of value proposition: Clearly presents a novel, ethical alternative to conventional leather with a specific technical process (bioreactor cultivation from living-animal cells).\n• Market size and demand: Targets a growing niche of ethically conscious consumers interested in sustainable, animal-friendly luxury goods.\n• Feasibility and development plan: Shows concrete progress (cells isolated in 2023, prototypes in early 2025) and a clear, step-by-step roadmap including pilot testing and scaffold inspection.\n• Revenue model and sustainability: Direct sales of jewelry pieces; use of funds is clearly tied to production and delivery.\n• Differentiation: Highly differentiated through its cultivated leather technology and connection to specific sanctuary animals.\n• Impact and evidence plan: Strong proposed transparency initiative (standard rub test vs. conventional leather) to provide tangible evidence of product quality and durability.\n• Risk awareness and mitigation: Identifies specific technical and supply chain risks (cell loss, texture variability) with practical mitigation strategies (multiple storage facilities, pilot testing).\n\nPROJECT A CONS:\n• Market size may be limited to a niche within sustainable luxury.\n• Long-term scalability of bioreactor production for larger items is unproven.\n• High price point likely due to complex technology.\n• Consumer acceptance of 'lab-grown' leather in jewelry is untested.\n\nPROJECT B PROS:\n• Clarity of value proposition: Same strong, ethical proposition as Project A.\n• Market size and demand: Same target market.\n• Feasibility and development plan: Same solid development status and near-term roadmap.\n• Revenue model and sustainability: Same direct sales model; adds a hypothetical future 'Cultivation Club' for potential recurring revenue.\n• Differentiation: Same core differentiation.\n• Impact and evidence plan: Includes a plan for durability testing (rub test) to address backer concerns.\n• Risk awareness and mitigation: Same risk identification and mitigation as Project A.\n\nPROJECT B CONS:\n• Impact and evidence plan is slightly weaker than Project A's, lacking the direct, published comparative test against conventional leather.\n• Introduces a speculative future element ('Cultivation Club') which adds complexity without immediate substance.\n• Otherwise identical to Project A, but Project A's stronger evidence plan gives it a slight edge in credibility and transparency.\n\nOverall, both projects are nearly identical in their core offering, team, and plan. The key differentiator is in Criterion 6 (Impact and evidence plan). Project A commits to a more robust and comparative transparency initiative (publishing rub test results vs. conventional leather), which directly addresses a major potential backer concern about material quality and builds greater trust. Project B's proposed 'Cultivation Club' is a future hypothetical that does not strengthen the current campaign's credibility to the same degree. Therefore, Project A wins based on its superior plan for generating and sharing concrete evidence, enhancing its overall feasibility and backer confidence."
"local","3","5","L3.5","0","L2.5","L3.5","plan_5","Project A and Project B are nearly identical in their core description, problem, solution, team, and technical details. However, Project A contains several additional strategic elements not present in Project B, which provide a slight but meaningful advantage in the evaluation criteria.

**Project A Pros:**
• **Clarity of Value Proposition:** Slightly enhanced by explicitly mentioning a 'first-of-its-kind heirloom piece'.
• **Revenue Model and Sustainability:** Includes a proposed future 'Cultivation Club' membership program, suggesting a plan for recurring revenue and customer retention beyond the initial campaign.
• **Differentiation:** The 'Cultivation Club' concept and the explicit mention of offering 'early access to select future products' provides a clearer long-term vision and community-building strategy.
• **Development Plan:** The roadmap explicitly includes addressing production scaling by 'adjusting modular cultivated-leather bioreactor technology and resources,' showing more forward-thinking on manufacturing.

**Project A Cons:**
• **Feasibility and Development Plan:** The 'Cultivation Club' is a proposed future, hypothetical element, adding a layer of uncertainty and future execution risk not tied to the current campaign's deliverables.

**Project B Pros:**
• **Feasibility and Development Plan:** Presents a more focused and immediate plan, dealing only with the jewelry campaign at hand, which may be seen as more realistic and less distracted by future promises.
• **Risk Awareness:** By not proposing future speculative programs, it arguably has a slightly cleaner risk profile for the current project.

**Project B Cons:**
• **Revenue Model and Sustainability:** Lacks the forward-looking revenue stream or community engagement model mentioned in Project A.
• **Differentiation:** While technologically identical to A, it presents a slightly less developed long-term brand and product ecosystem vision.

**Overall:** Both projects share identical strengths in Market Size/Demand (targeting a clear ethical consumer niche), Impact/Evidence Plan (proposed durability testing, animal profiles), and Risk Mitigation. The tie-breaker is Project A's inclusion of the 'Cultivation Club' concept. Although hypothetical, it demonstrates superior strategic thinking regarding customer lifetime value, brand loyalty, and long-term business sustainability, which are critical for venture-scale growth. Therefore, Project A wins by a narrow margin due to its more developed vision for post-campaign growth and customer engagement."
"local","3","5","L3.5","1","L3.1","L3.1","plan_1","{'Project A': {'Pros': ['• Clear value proposition: Offers real leather without animal harm, targeting ethical consumers.', '• Strong differentiation: Uses patent-pending plant-based scaffolding and cultivated leather technology.', '• Feasible development plan: Shows prototypes, outlines specific pilot testing steps, and owns technology.', '• Good risk awareness: Identifies key risks (cell loss, variability) and proposes mitigations.', '• Evidence plan: Proposes durability testing and sharing results with backers.', ""• Future vision: Mentions potential 'Cultivation Club' membership for recurring engagement.""], 'Cons': ['• Market size: Targets niche luxury/ethical segment; broader demand unproven.', '• Revenue model: Primarily one-time sales; sustainability depends on scaling production cost-effectively.', '• Limited impact evidence: No quantified data on environmental or ethical impact vs. conventional leather.', '• Scalability: Bioreactor production may face challenges in cost and consistency at scale.', '• Customer engagement: Lacks enhanced storytelling features (e.g., digital certificates) to deepen backer connection.']}, 'Project B': {'Pros': [""• Clear value proposition: Identical to Project A but adds digital 'birth certificate' for enhanced storytelling."", '• Strong differentiation: Includes QR code linking to donor cow media, increasing transparency and emotional appeal.', '• Feasible development plan: Similar to A, with added step for digital certificate creation.', '• Good risk awareness: Same mitigations as A, showing thorough planning.', '• Evidence plan: Proposes durability testing and adds digital proof of origin.', '• Customer engagement: Digital certificate adds perceived value and strengthens ethical narrative.'], 'Cons': ['• Market size: Same niche limitation as A.', '• Revenue model: Same reliance on one-time sales; no clear path to recurring revenue.', '• Limited impact evidence: No additional quantified impact data vs. A.', '• Scalability: Same production challenges; digital certificates add minor operational complexity.', '• Innovation overlap: Core technology and plan are identical to A; differentiation is incremental.']}, 'Comparison Summary': ""Both projects are nearly identical in core technology, problem-solution fit, team, and risks. Project B slightly enhances differentiation and customer engagement through the digital 'birth certificate' with QR code, adding emotional resonance and transparency. However, neither project addresses market size quantification, long-term revenue sustainability, or scaled impact evidence. Project B's added feature provides marginal value without increasing risk or cost significantly.""}"
"local","3","5","L3.5","2","L3.2","L3.2","plan_2","{
  ""Project A"": {
    ""Pros"": [
      ""• Clarity of value proposition: Clearly articulates the ethical innovation of cultivated leather from living animals, addressing animal welfare concerns while preserving material authenticity."",
      ""• Feasibility and development plan: Shows concrete progress with prototypes (pendant, card holder) and patent-pending technology, indicating advanced development status."",
      ""• Revenue model and sustainability: Proposes a future 'Cultivation Club' membership for recurring revenue, enhancing long-term business potential."",
      ""• Differentiation: Unique combination of biotechnology, ethical sourcing, and personalized connection to named donor animals creates strong market positioning."",
      ""• Risk awareness and mitigation: Identifies specific risks (cell loss, texture variability) and outlines practical mitigation strategies (multi-facility storage, pilot testing).""
    ],
    ""Cons"": [
      ""• Market size and demand: Limited to niche ethical jewelry market without quantification of addressable market size."",
      ""• Impact and evidence plan: Lacks concrete plans for third-party validation or durability testing transparency beyond proposed rub tests."",
      ""• Revenue model: Current model appears limited to one-time jewelry sales without clear pricing or scalability details.""
    ]
  },
  ""Project B"": {
    ""Pros"": [
      ""• Clarity of value proposition: Equally clear ethical positioning with the same compelling narrative about harm-free leather production."",
      ""• Impact and evidence plan: Superior transparency through proposed time-lapse video demonstration of cultivation process, building trust through visual evidence."",
      ""• Feasibility and development plan: Same strong technical foundation as Project A with prototypes and owned technology."",
      ""• Differentiation: Personalization through donor animal selection adds emotional connection similar to Project A."",
      ""• Risk awareness and mitigation: Identical comprehensive risk assessment and mitigation strategies as Project A.""
    ],
    ""Cons"": [
      ""• Market size and demand: Same limitation as Project A - no market size quantification or demand validation."",
      ""• Revenue model and sustainability: Lacks the forward-looking 'Cultivation Club' membership concept, potentially weaker long-term sustainability."",
      ""• Development plan: Slightly less detailed on production scaling mechanisms compared to Project A's mention of modular bioreactor adjustments.""
    ]
  }
}"
"local","3","5","L3.5","3","L3.3","L3.3","plan_3","PROJECT A PROS: • Clear value proposition: Real leather without animal harm, with specific donor connection. • Strong differentiation: First-of-its-kind heirloom jewelry from cultivated leather. • Feasible development plan: Shows prototypes, patent-pending technology, clear production steps. • Good risk awareness: Addresses cell storage, material variability, supply chain issues. • Experienced team: Founder with tissue-engineering and cellular-agriculture expertise. • Evidence plan: Proposes durability testing and results sharing. PROJECT A CONS: • Limited market validation: No direct evidence of demand beyond ethical positioning. • Revenue model unclear: No pricing or long-term sustainability details. • Sample testing gap: Backers cannot physically inspect material before purchase. • Scale challenges: Bioreactor scaling for production not fully detailed. PROJECT B PROS: • All Project A strengths plus additional market validation feature. • Enhanced evidence plan: Offers sample swatch tier for physical inspection, reducing purchase uncertainty. • Better risk mitigation: Sample tier allows backers to verify material quality firsthand. • Stronger customer engagement: Multiple entry points (sample vs. full jewelry). • Potentially broader appeal: Lower-cost option attracts cautious early adopters. PROJECT B CONS: • Additional complexity: Producing sample swatches adds production step. • Same core risks as Project A regarding scaling and material consistency. • No quantified market size evidence. • Long-term sustainability model still unclear. Both projects share identical core technology, team, and ethical positioning. Project B's addition of a sample swatch tier significantly improves market validation, reduces backer risk, and demonstrates stronger customer understanding. This creates a more compelling crowdfunding proposition by addressing the key uncertainty of a novel material."
"local","3","5","L3.5","4","L3.4","L3.4","plan_4","PROJECT A:
Pros:
• Clear value proposition: animal-friendly real leather jewelry from living donor cows
• Strong differentiation: first-of-its-kind cultivated leather jewelry with specific donor selection
• Feasible development plan: shows finished prototypes, clear production steps, patent-pending technology
• Good risk awareness: addresses cell preservation, quality variability, supply chain issues
• Sustainable revenue model: potential 'Cultivation Club' membership for recurring revenue
• Evidence plan: proposes durability testing and sharing results

Cons:
• Market size unquantified: niche luxury ethical jewelry market
• Limited impact evidence: no comparative testing against conventional leather
• Unproven scalability: bioreactor scaling mentioned but not detailed
• High price point likely: specialized production suggests premium pricing
• Dependence on single technology: proprietary plant-based scaffold

PROJECT B:
Pros:
• Clear value proposition: identical strong ethical positioning as Project A
• Enhanced evidence plan: proposes comparative rub test (Martindale) against conventional leather
• Stronger transparency: publishing comparative durability results builds credibility
• Same solid development status: prototypes, milestones, patent-pending technology
• Good risk mitigation: identical comprehensive risk awareness as Project A
• Market validation potential: comparative testing could demonstrate product superiority

Cons:
• Same market size limitations: niche luxury segment
• Same scalability concerns: bioreactor scaling not detailed
• Same high likely price point
• Additional testing adds complexity: comparative testing requires more resources
• No recurring revenue model mentioned: lacks Project A's 'Cultivation Club' concept

COMPARISON:
Both projects are fundamentally identical in most aspects: technology, team, product, risks, and development status. The key differentiator is Project B's enhanced evidence plan through comparative durability testing. This transparency initiative directly addresses a major potential backer concern (longevity vs conventional leather) and provides stronger validation of the product's claims. While Project A has a potentially interesting future membership model, Project B's immediate commitment to comparative testing offers more concrete evidence of product quality and builds greater trust with backers. For crowdfunding where proof of concept and credibility are paramount, Project B's additional transparency gives it a slight edge.

Both projects suffer from the same weaknesses: unquantified market size, scalability concerns, and likely high pricing. However, Project B's approach to providing more robust evidence of product performance makes it a stronger candidate for crowdfunding success."
"local","4","0","L3.3","1","L4.1","L4.1","plan_1","{
  ""Project A"": {
    ""Pros"": [
      ""• Clarity of value proposition: Clearly presents animal-friendly real leather as a solution to conventional leather's ethical issues. The heirloom jewelry positioning is well-defined."",
      ""• Feasibility and development plan: Shows tangible progress with prototypes (pendant, card holder) and patent-pending technology. Roadmap includes specific steps like pilot testing and scaffold inspection."",
      ""• Revenue model and sustainability: Offers multiple jewelry tiers with material options (stainless steel/sterling silver), suggesting a scalable product line. Sustainable packaging aligns with ethical branding."",
      ""• Differentiation: Unique cultivated leather from named sanctuary cows with cell-line ownership and plant-based scaffold technology."",
      ""• Risk awareness and mitigation: Identifies key risks (cell loss, texture variability, supply chain) with concrete mitigation strategies (multi-facility storage, pilot testing).""
    ],
    ""Cons"": [
      ""• Market size and demand: Limited to niche ethical jewelry consumers; no quantification of addressable market or demand validation."",
      ""• Impact and evidence plan: Lacks concrete durability test results (only proposed) and limited evidence of material performance beyond prototypes."",
      ""• Revenue model risks: High-cost heirloom positioning may limit market reach; no clear path to lower-cost scaling.""
    ]
  },
  ""Project B"": {
    ""Pros"": [
      ""• All pros from Project A apply equally, as core technology and team are identical."",
      ""• Enhanced differentiation: Adds 'pairing' tier (sample swatch + keychain) allowing direct material-to-product comparison, reducing backer uncertainty."",
      ""• Improved impact and evidence plan: The pairing tier inherently provides tangible evidence of material quality in finished form, complementing proposed durability tests."",
      ""• Stronger revenue model: Additional tier diversifies offerings and may attract backers at different commitment levels (sample-only, pairing, full jewelry).""
    ],
    ""Cons"": [
      ""• Increased complexity: Additional tier adds production coordination (matching swatches to keychains) and potential fulfillment delays."",
      ""• Same market limitations as Project A: Niche appeal without quantified market validation."",
      ""• Risk of feature creep: Multiple proposed reward tiers (donor selection, sample swatch, pairing) could strain focus if all are implemented.""
    ]
  }
}"
"local","4","0","L3.3","2","L4.2","L4.2","plan_2","{
  ""Project A"": {
    ""Pros"": [
      ""• Clear value proposition: animal-friendly real leather from living donor cows."",
      ""• Strong differentiation via patent-pending plant-based scaffold and donor selection narrative."",
      ""• Feasible development plan with existing prototypes and owned technology."",
      ""• Evidence plan includes durability testing and sample swatches for backer verification."",
      ""• Risk mitigation strategies for cell storage and production variability.""
    ],
    ""Cons"": [
      ""• Market size is niche (ethical luxury jewelry), limiting scalability."",
      ""• Revenue model lacks detail on pricing, margins, or post-campaign sustainability."",
      ""• Impact evidence relies on narrative rather than quantifiable metrics (e.g., animal harm reduction)."",
      ""• Production scaling depends on unproven modular bioreactor adjustments.""
    ]
  },
  ""Project B"": {
    ""Pros"": [
      ""• Includes all strengths of Project A."",
      ""• Enhanced evidence plan: adds narrated video of tanning process to build trust and demonstrate craftsmanship."",
      ""• Video addresses color/texture variability risk by visually educating backers on natural variations."",
      ""• Stronger transparency and backer engagement through multimedia content.""
    ],
    ""Cons"": [
      ""• Same limitations as Project A regarding market size and revenue model."",
      ""• Additional video production may divert resources without clear return on investment."",
      ""• No extra differentiation beyond Project A's core offering.""
    ]
  }
}"
"local","4","0","L3.3","3","L4.3","L4.3","plan_3","{
  ""Project A"": {
    ""Pros"": [
      ""• Clear value proposition: Offers real leather without animal harm, addressing ethical concerns in luxury goods."",
      ""• Strong differentiation: Unique cultivated leather technology with patent-pending plant-based scaffold."",
      ""• Feasible development plan: Shows finished prototypes, clear roadmap, and no regulatory hurdles."",
      ""• Evidence plan: Proposes durability testing and sample swatches to build trust with backers."",
      ""• Risk awareness: Identifies key risks (cell loss, variability) with specific mitigation strategies.""
    ],
    ""Cons"": [
      ""• Limited market validation: No evidence of pre-existing demand or customer traction."",
      ""• Unclear revenue model: Lacks pricing strategy, scalability details, or long-term sustainability plan."",
      ""• Narrow target audience: Focuses primarily on ethical jewelry buyers without broader appeal."",
      ""• Supply chain risks: Relies on consistent bioreactor production and jewelry setting suppliers."",
      ""• Unquantified impact: No metrics on animal welfare improvement or environmental benefits.""
    ]
  },
  ""Project B"": {
    ""Pros"": [
      ""• All strengths of Project A, plus expanded market reach: DIY/crafting tier broadens target audience."",
      ""• Enhanced revenue potential: Multiple product tiers (jewelry, swatches, DIY strips) diversify income streams."",
      ""• Stronger user engagement: Unset leather strips encourage community creativity and product integration."",
      ""• Better scalability: Modular bioreactor technology and flexible product lines support growth."",
      ""• Clear development pipeline: Includes contingency planning for all proposed reward tiers.""
    ],
    ""Cons"": [
      ""• Increased complexity: Managing three product types (jewelry, swatches, strips) may strain logistics."",
      ""• Diluted focus: DIY segment may distract from core heirloom jewelry positioning."",
      ""• Higher operational risk: More production variables could exacerbate color/texture variability issues."",
      ""• Same unaddressed weaknesses as Project A: No market size data, pricing, or long-term financial model.""
    ]
  }
}"
"local","4","0","L3.3","4","L4.4","L4.4","plan_4","{
  ""Project A"": {
    ""pros"": [
      ""• Clarity of value proposition: Clear, concise explanation of animal-friendly real leather via cellular agriculture."",
      ""• Market size and demand: Targets growing ethical consumer segment interested in sustainable and animal-friendly luxury goods."",
      ""• Feasibility and development plan: Shows tangible progress with prototypes, patent-pending technology, and clear production steps."",
      ""• Revenue model and sustainability: Direct sales model with potential for limited editions; uses sustainable materials and packaging."",
      ""• Differentiation: Unique combination of real leather without animal slaughter and connection to named sanctuary animals."",
      ""• Impact and evidence plan: Includes proposed durability testing and sample swatches to build backer confidence."",
      ""• Risk awareness and mitigation: Identifies key risks (cell loss, variability) and offers specific mitigations.""
    ],
    ""cons"": [
      ""• Impact and evidence plan: While testing is proposed, no mention of standardized care guidance based on results."",
      ""• Revenue model and sustainability: Long-term scalability of bioreactor production for small jewelry pieces is untested."",
      ""• Differentiation: May face competition from synthetic leathers and other ethical alternatives."",
      ""• Market size and demand: Niche appeal may limit total addressable market.""
    ]
  },
  ""Project B"": {
    ""pros"": [
      ""• Clarity of value proposition: Identical strong proposition as Project A."",
      ""• Market size and demand: Same target market with additional confidence-building features."",
      ""• Feasibility and development plan: Same solid foundation with added care guide development."",
      ""• Revenue model and sustainability: Includes funding for care guide development, enhancing product completeness."",
      ""• Differentiation: Adds proposed care guide based on durability tests, addressing longevity concerns more comprehensively."",
      ""• Impact and evidence plan: Strongest in this category: includes durability testing, sample swatches, AND care guide development."",
      ""• Risk awareness and mitigation: Same thorough risk identification and mitigation as Project A.""
    ],
    ""cons"": [
      ""• Feasibility and development plan: Additional care guide development adds minor complexity to roadmap."",
      ""• Revenue model and sustainability: Same scalability concerns as Project A."",
      ""• Differentiation: Core differentiation identical to Project A; care guide is incremental improvement."",
      ""• Market size and demand: Same niche market limitations.""
    ]
  }
}"
"local","4","0","L3.3","5","L4.5","L4.5","plan_5","{
  ""Project A"": {
    ""Pros"": [
      ""• Clear value proposition: Real leather without animal harm, with tangible product examples (pendant, card holder)."",
      ""• Feasible development plan: Prototypes exist, no external approvals needed, owned technology, clear roadmap for pilot testing and scaling."",
      ""• Good risk awareness: Identifies cell storage, material variability, and supply chain risks with specific mitigations."",
      ""• Evidence plan: Proposed durability testing and sample swatches address backer skepticism."",
      ""• Sustainable revenue model: Focus on heirloom jewelry with ethical premium positioning.""
    ],
    ""Cons"": [
      ""• Market size limited to niche ethical consumers; no quantification of demand."",
      ""• Differentiation relies heavily on technology but faces potential competition from other cultivated leather startups."",
      ""• Impact evidence is qualitative (animal welfare) without metrics on scalability or environmental benefits."",
      ""• Revenue sustainability depends on scaling bioreactor production unproven at commercial levels.""
    ]
  },
  ""Project B"": {
    ""Pros"": [
      ""• Enhanced differentiation: Proposed 'keepsake' inlay for limited series adds emotional connection and perceived value."",
      ""• Stronger user engagement: Donor selection with animal profiles plus extra inlay deepens personalization."",
      ""• Same clarity and feasibility as Project A, with all foundational strengths intact."",
      ""• Better addresses durability concerns: Extra inlay acts as backup, mitigating wear-and-tear worries."",
      ""• Potential for higher revenue per backer in limited series tier.""
    ],
    ""Cons"": [
      ""• Slightly increased complexity: Additional inlay production may strain resources or delay delivery."",
      ""• No added market size or risk mitigation beyond Project A."",
      ""• Unclear if extra inlay significantly improves core value proposition for mainstream adoption."",
      ""• Same scalability and impact measurement limitations as Project A.""
    ]
  }
}"
"local","4","1","L4.1","0","L3.3","L4.1","plan_1","{
  ""Project A"": {
    ""Pros"": [
      ""• Clarity of value proposition: Excellent. Clearly states 'animal-friendly leather adornments' with ethical sourcing from living sanctuary cows. The multiple proposed reward tiers (sample swatch, pairing tier) demonstrate thoughtful customer engagement."",
      ""• Market size and demand: Targets conscious consumers in sustainable/ethical fashion and jewelry markets. The 'first-of-its-kind heirloom' angle and donor selection create scarcity and emotional connection."",
      ""• Feasibility and development plan: Strong. Shows prototypes (pendant, card holder), patent-pending technology, owned cell lines. Detailed roadmap includes pilot testing, scaffold inspection, tanning preparation, and specific durability testing plan."",
      ""• Revenue model and sustainability: Multiple revenue streams proposed (jewelry, sample swatches, pairing tiers). Use of funds clearly tied to production scaling. Modular bioreactor approach suggests scalability."",
      ""• Differentiation: High. Combines cultivated leather technology with heirloom jewelry and unique donor-animal connection. The 'pairing tier' (sample + finished item) is innovative for customer validation."",
      ""• Impact and evidence plan: Strong. Plans durability testing and sharing results. Shows completed milestones (cell isolation 2023, prototypes 2025). Sanctuary partnership adds credibility."",
      ""• Risk awareness and mitigation: Good. Identifies key technical risks (cell loss, texture variability) with specific mitigations (multiple storage, pilot testing). Addresses supply chain and delivery timing risks.""
    ],
    ""Cons"": [
      ""• Market size may be niche despite ethical appeal."",
      ""• Technical complexity of cultivated leather production carries inherent scaling risks."",
      ""• Proposed reward tiers increase operational complexity."",
      ""• Jewelry market is competitive; premium positioning may limit mass adoption.""
    ]
  },
  ""Project B"": {
    ""Pros"": [
      ""• Clarity of value proposition: Very good. Same core message as Project A but lacks the 'pairing tier' innovation."",
      ""• Market size and demand: Same target market as Project A with ethical consumer appeal."",
      ""• Feasibility and development plan: Good. Shares same technical foundation and development status as Project A but with slightly less detailed customer validation options."",
      ""• Revenue model and sustainability: Clear use of funds for core jewelry production and sample swatches. Lacks the additional revenue stream of Project A's pairing tier."",
      ""• Differentiation: Good but slightly less than A. Same technology but fewer customer engagement innovations."",
      ""• Impact and evidence plan: Good. Same durability testing plan and milestones as Project A."",
      ""• Risk awareness and mitigation: Good. Identifies same risks and mitigations as Project A.""
    ],
    ""Cons"": [
      ""• Less innovative in customer validation approach compared to Project A."",
      ""• Fewer proposed revenue streams may limit funding flexibility."",
      ""• Slightly less detailed in addressing potential backer skepticism about material quality (missing the direct comparison opportunity of pairing tier)."",
      ""• All same technical and market risks as Project A.""
    ]
  }
}"
"local","4","1","L4.1","2","L4.2","L4.1","plan_1","{
  ""Project A"": {
    ""Pros"": [
      ""• Clear, specific value proposition: real leather without animal harm, with unique donor connection."",
      ""• Strong differentiation through proposed 'pairing' tier (sample + finished item), enhancing credibility and customer validation."",
      ""• Practical evidence plan: durability testing and physical sample swatches address material concerns directly."",
      ""• Feasible development plan with clear milestones (prototypes exist, no external approvals needed)."",
      ""• Revenue model includes multiple price points (swatch, pairing, full jewelry) for broader backer engagement.""
    ],
    ""Cons"": [
      ""• Market size limited to niche ethical/luxury consumers; demand unquantified."",
      ""• Sustainability of scaling bioreactor production for small batches may be challenging."",
      ""• Risks include material variability and supply-chain dependencies, though mitigated.""
    ]
  },
  ""Project B"": {
    ""Pros"": [
      ""• Clear ethical value proposition aligned with Project A."",
      ""• Educational approach through narrated tanning video adds transparency and marketing appeal."",
      ""• Similar feasible development status and team expertise."",
      ""• Low-cost swatch tier lowers entry barrier for backers.""
    ],
    ""Cons"": [
      ""• Less robust evidence plan compared to A: lacks direct pairing of sample with finished product for validation."",
      ""• Differentiation weaker: video is informative but less tangible than A's paired offering."",
      ""• Revenue model slightly less developed without the 'pairing' tier to upsell backers."",
      ""• Similar market and scaling limitations as A.""
    ]
  }
}"
"local","4","1","L4.1","3","L4.3","L4.1","plan_1","PROJECT A: Pros: • Clarity of value proposition: Excellent. Clearly explains the ethical alternative to conventional leather and offers tangible proof through sample swatches and product pairings. • Market size and demand: Targets a niche but growing market of ethically conscious consumers and early adopters of novel materials. • Feasibility and development plan: Strong. Shows prototypes, has a clear roadmap with specific pilot testing, and owns the technology. • Revenue model and sustainability: Clear direct-to-consumer model via crowdfunding with potential for limited series and sample tiers. • Differentiation: High. Unique cultivated leather technology with donor animal selection creates strong emotional and ethical differentiation. • Impact and evidence plan: Good. Plans to share durability test results and offers physical sample verification to build trust. • Risk awareness and mitigation: Good. Identifies key technical and supply chain risks with specific mitigation strategies. Cons: • Market size may be limited to luxury/niche jewelry buyers. • Long-term scalability of bioreactor production for larger markets is untested. • Higher perceived risk due to novel material requiring consumer education. PROJECT B: Pros: • Clarity of value proposition: Good. Similar ethical positioning but adds DIY/crafting audience expansion. • Market size and demand: Potentially larger by including DIY/crafting segment alongside jewelry buyers. • Feasibility and development plan: Strong. Same solid development foundation as Project A. • Revenue model and sustainability: Similar to A but with additional revenue stream from unset leather strips. • Differentiation: High. Same core differentiation as A, plus appeal to crafting community. • Impact and evidence plan: Good. Same durability testing plan as A. • Risk awareness and mitigation: Good. Same risk identification as A. Cons: • Value proposition slightly diluted by trying to serve two different audiences (jewelry buyers and crafters). • Unset leather strips may not align as well with the 'heirloom jewelry' positioning. • Less cohesive product experience compared to A's sample+product pairing tier. WINNER: Project A wins overall. While both projects share identical core technology and ethical positioning, Project A demonstrates superior focus and customer validation strategy. The 'pairing' tier (sample swatch + finished product) provides a more compelling proof concept for skeptical backers, allowing direct comparison of material to final application. This creates a stronger trust-building mechanism crucial for novel materials. Project B's expansion to DIY audiences, while potentially increasing market size, creates a less focused offering and may dilute the premium heirloom positioning. Project A's approach is more likely to successfully introduce and validate this innovative material with its core target audience."
"local","4","1","L4.1","4","L4.4","L4.4","plan_4","{
  ""Project A"": {
    ""Pros"": [
      ""• Clarity of value proposition: Excellent clarity - real leather without animal harm, with specific donor cow connection and material verification options."",
      ""• Differentiation: Strong - offers a 'pairing' tier (sample swatch + finished item) that provides superior product validation and reduces perceived risk for backers."",
      ""• Feasibility and development plan: Good - shows finished inlays, prototypes, and addresses scaling with modular bioreactor technology."",
      ""• Revenue model and sustainability: Multiple price points including sample swatch, pairing tier, and full jewelry pieces creates accessible entry points."",
      ""• Impact and evidence plan: Strong - plans durability testing and offers physical material verification through sample swatches."",
      ""• Risk awareness and mitigation: Good - addresses cell storage, material variability, and supply chain risks with specific mitigations.""
    ],
    ""Cons"": [
      ""• Market size and demand: Limited - niche market of ethically conscious jewelry buyers willing to pay premium for cultivated leather."",
      ""• Revenue model and sustainability: Unclear long-term pricing strategy beyond crowdfunding campaign."",
      ""• Impact and evidence plan: Lacks proposed care guide that could enhance product longevity confidence.""
    ]
  },
  ""Project B"": {
    ""Pros"": [
      ""• Clarity of value proposition: Excellent clarity - real leather without animal harm, with donor cow connection and material verification."",
      ""• Impact and evidence plan: Very strong - includes durability testing PLUS development of standardized care guide based on test results."",
      ""• Feasibility and development plan: Good - shows finished inlays, prototypes, and addresses scaling."",
      ""• Risk awareness and mitigation: Good - same comprehensive risk identification and mitigation as Project A."",
      ""• Team & Partnerships: Strong - founder with relevant tissue-engineering experience since 2018.""
    ],
    ""Cons"": [
      ""• Market size and demand: Limited - same niche market constraints as Project A."",
      ""• Differentiation: Good but slightly weaker than A - lacks the 'pairing' tier that provides superior product validation."",
      ""• Revenue model and sustainability: Fewer product tiers than A, potentially limiting revenue opportunities."",
      ""• Revenue model and sustainability: Unclear long-term pricing strategy.""
    ]
  }
}"
"local","4","1","L4.1","5","L4.5","L4.1","plan_1","Project A and B are nearly identical in core concept, technology, team, and risks. Both offer cultivated leather jewelry from sanctuary cows with clear ethical value propositions targeting conscious consumers. Key differences lie in reward structure and minor feature emphasis.

PROJECT A PROS:
• Strong clarity of value proposition: animal-friendly real leather with specific donor connection
• Good feasibility plan with detailed pilot testing and scaffold inspection
• Practical revenue model through jewelry sales with tiered options
• Excellent differentiation through cultivated leather technology and ethical sourcing
• Strong risk awareness with specific mitigations for cell loss and variability
• Innovative 'pairing' tier (sample swatch + keychain) provides tangible proof of concept and reduces perceived risk for backers
• Evidence plan includes durability testing and physical sample verification

PROJECT A CONS:
• Market size limited to niche ethical consumer segment
• Sustainability model unproven at scale
• Development plan relies on successful bioreactor scaling
• No quantified evidence of demand or traction
• Higher complexity with multiple reward tiers could create fulfillment challenges

PROJECT B PROS:
• Clear ethical value proposition identical to Project A
• Same strong team credentials and technology ownership
• Good risk mitigation strategies
• 'Keepsake' inlay for donor-selection series adds perceived value
• Sample swatch tier addresses material verification need

PROJECT B CONS:
• Slightly less practical evidence plan compared to Project A's pairing tier
• 'Keepsake' inlay is less functional than Project A's keychain pairing
• Less comprehensive approach to building backer confidence in final product
• Same market limitations and scalability concerns as Project A

WINNER: Project A wins due to its superior evidence plan and risk reduction strategy. The 'pairing' tier (sample swatch + finished keychain) provides backers with both material verification AND proof of final product quality, addressing the most significant barrier to adoption for novel materials. This practical approach to building confidence, combined with identical technical merits and team credentials, gives Project A a slight but meaningful edge in crowdfunding viability."
"local","4","2","L4.2","0","L3.3","L4.2","plan_2","{
  ""Project A"": {
    ""Pros"": [
      ""• Clarity of Value Proposition: Excellent. Clearly articulates an animal-friendly, real leather alternative with a compelling narrative (specific donor cow selection, sample swatch)."",
      ""• Feasibility and Development Plan: Strong. Includes detailed proposed steps like a narrated video of the tanning process to demonstrate and educate, showing proactive communication planning."",
      ""• Impact and Evidence Plan: Strong. Proposes a durability test (rub test) AND a video to visually demonstrate the tanning process, providing multiple forms of evidence to build backer trust."",
      ""• Risk Awareness and Mitigation: Good. Acknowledges key risks (cell loss, variability) and has specific mitigations. The proposed video also helps manage expectations on natural variations."",
      ""• Differentiation: High. The combination of cultivated leather, donor cow story, and proposed transparency efforts (video, swatch) creates a unique, defensible position.""
    ],
    ""Cons"": [
      ""• Market Size and Demand: Unproven. While targeting ethical consumers and early adopters is logical, the addressable market for premium, biofabricated jewelry is niche and unquantified here."",
      ""• Revenue Model and Sustainability: Unclear long-term. The campaign focuses on initial production; the scalability and cost structure for ongoing sales post-crowdfunding are not detailed."",
      ""• Feasibility: Contains some uncertainty. While prototypes exist, scaling production of cultivated leather inlays for jewelry with consistent quality is a novel challenge.""
    ]
  },
  ""Project B"": {
    ""Pros"": [
      ""• Clarity of Value Proposition: Very Good. Effectively communicates the same core ethical and product benefits as Project A."",
      ""• Feasibility and Development Plan: Good. Outlines necessary steps for pilot testing, production, and scaling. Similar solid foundation to Project A."",
      ""• Team & Partnerships: Identical strength to A. Founder has relevant experience in tissue engineering and cellular agriculture."",
      ""• Technical Details: Identical and sound. Describes the scaffold, process, and materials clearly.""
    ],
    ""Cons"": [
      ""• Impact and Evidence Plan: Weaker than A. While it proposes a durability test, it lacks the proposed narrated tanning process video. This misses an opportunity for superior transparency and education."",
      ""• Risk Awareness and Mitigation: Slightly less comprehensive. Mitigations are stated but lack the additional communicative layer (video) to manage backer expectations on variability."",
      ""• Differentiation: Slightly lower than A. Shares the same core innovation but Project A's extra proposed engagement efforts (video) enhance its uniqueness and trust-building."",
      ""• Market Size and Demand: Same unproven, niche concern as Project A."",
      ""• Revenue Model and Sustainability: Same unclear long-term outlook as Project A.""
    ]
  },
  ""Overall Comparison"": ""Both projects are fundamentally the same in core technology, problem, solution, team, and most plans. The decisive difference lies in the completeness of the communication and evidence strategy. Project A demonstrates superior foresight by proposing a narrated video of the tanning process. This directly addresses potential backer skepticism about the material's authenticity, quality, and the natural variations in the process. It enhances transparency, educates the audience, and strengthens trust—critical factors for a novel, biofabricated product in crowdfunding. This gives Project A a marginal but clear advantage in Feasibility/Plan, Impact/Evidence, and overall backer confidence.""
}"
"local","4","2","L4.2","1","L4.1","L4.1","plan_1","{
  ""Project A"": {
    ""Pros"": [
      ""• Clarity of value proposition: Excellent. Clearly states the ethical alternative to traditional leather using cultivated cells from a living, sanctuary-grazing cow."",
      ""• Feasibility and development plan: Strong. Shows finished jewelry inlays, completed prototypes (pendant, card holder), and owns the technology and cell lines. No outside approvals required."",
      ""• Differentiation: High. Unique value proposition of heirloom jewelry from a specific, named donor animal with a profile. Patent-pending plant-based scaffold."",
      ""• Impact and evidence plan: Good. Proposes sharing durability test results and creating a narrated video of the vegetable-tanning process to build trust and demonstrate the material."",
      ""• Risk awareness and mitigation: Good. Identifies key risks (cell loss, material variability, supply chain) and provides specific mitigation strategies.""
    ],
    ""Cons"": [
      ""• Market size and demand: Unclear. While targeting a niche of ethically conscious consumers, the total addressable market is not quantified and may be limited."",
      ""• Revenue model and sustainability: Weak. Relies on crowdfunding for production; long-term business model, pricing, and scalability beyond this campaign are not addressed."",
      ""• Impact and evidence plan: Could be stronger. While proposing tests and a video, the plan lacks concrete, pre-existing third-party validation or detailed test results.""
    ]
  },
  ""Project B"": {
    ""Pros"": [
      ""• Clarity of value proposition: Excellent. Identical to Project A, with a clear ethical and innovative offering."",
      ""• Feasibility and development plan: Strong. Same solid foundation as Project A with completed prototypes and owned technology."",
      ""• Differentiation: Very High. Includes all of Project A's strengths PLUS an additional 'pairing' reward tier (sample swatch + keychain). This cleverly addresses customer skepticism by allowing direct comparison of material sample and finished product, enhancing trust and perceived value."",
      ""• Impact and evidence plan: Good. Proposes durability tests. The 'pairing' tier itself is an innovative evidence-gathering tool for backers."",
      ""• Risk awareness and mitigation: Good. Identifies the same core risks as Project A with the same mitigations.""
    ],
    ""Cons"": [
      ""• Market size and demand: Unclear. Same issue as Project A; niche market size is not quantified."",
      ""• Revenue model and sustainability: Weak. Same as Project A; lacks a long-term business model discussion."",
      ""• Feasibility and development plan: Slightly more complex. The 'pairing' tier adds a layer of production coordination (matching swatches and keychains), which could introduce minor logistical complexity."",
      ""• Impact and evidence plan: Lacks the proposed narrated tanning process video from Project A, which was a good transparency feature.""
    ]
  }
}"
"local","4","2","L4.2","3","L4.3","L4.3","plan_3","{'Project A': {'Pros': ['• Strong clarity of value proposition: clearly communicates animal-friendly, real leather jewelry from living donor animals.', '• Good market targeting: addresses ethically conscious jewelry consumers and early adopters of novel materials.', '• Feasible development plan: shows prototypes, patent-pending technology, and clear production steps.', '• Clear revenue model: direct sales of finished jewelry pieces with sustainable packaging.', '• Strong differentiation: unique cultivated leather from named sanctuary cows with heirloom positioning.', '• Good evidence plan: proposes durability testing and a narrated video to demonstrate tanning process.', '• Good risk awareness: identifies key technical and supply chain risks with specific mitigation strategies.'], 'Cons': ['• Limited market expansion: focuses only on finished jewelry rather than broader applications.', '• No mention of scalability beyond bioreactor adjustments for production scaling.', '• Revenue sustainability depends on continued consumer interest in niche ethical jewelry.', '• Limited impact measurement plan beyond animal welfare claims.', '• No mention of partnerships beyond initial sanctuary collaboration.']}, 'Project B': {'Pros': ['• Excellent clarity of value proposition: same strong core message as Project A.', '• Expanded market potential: adds DIY/crafting audience through unset leather strips, increasing addressable market.', '• Same strong feasibility as Project A with prototypes and owned technology.', '• Diversified revenue model: adds revenue stream from DIY/crafting materials alongside finished jewelry.', '• Enhanced differentiation: maintains unique cultivated leather while adding versatility through unset strips.', '• Same good evidence plan as Project A with durability testing.', '• Same good risk awareness and mitigation as Project A.'], 'Cons': ['• Slightly more complex execution: managing multiple product types (jewelry, swatches, strips) adds operational complexity.', '• No additional evidence or testing proposed for the new DIY product format.', '• Same scalability concerns as Project A for core leather production.', '• Same limited impact measurement plan as Project A.', '• Missing the narrated video demonstration that Project A proposes, which could help build trust.']}, 'Comparison': ""Both projects share identical core technology, team, and ethical positioning. Project B demonstrates superior strategic thinking by expanding the target market to include DIY/crafting enthusiasts through unset leather strips, creating an additional revenue stream and testing broader market applications. While Project A has a slight edge in communication strategy with its proposed tanning demonstration video, Project B's market expansion represents more significant growth potential. Project B maintains all of Project A's strengths while adding strategic diversification without introducing substantial additional risk.""}"
"local","4","2","L4.2","4","L4.4","L4.2","plan_2","{""Project A"": {""Pros"": [""• Clarity of value proposition: Excellent. Clearly communicates a novel, ethical alternative to traditional leather using cultivated cells from a living, sanctuary cow, creating a unique heirloom story."", ""• Market size and demand: Targets a clear niche of ethically-conscious consumers interested in sustainable, animal-friendly luxury goods. The 'first-of-its-kind' appeal and donor selection option could drive high initial demand."", ""• Feasibility and development plan: Strong. Shows tangible prototypes (pendant, card holder), owns the technology, and has clear, immediate next steps (pilot testing, securing settings). No external approvals required reduces regulatory risk."", ""• Revenue model and sustainability: Clear direct-to-consumer model via crowdfunding. Proposed low-cost sample swatch tier is a smart way to build trust and lower entry barrier. Use of sustainable packaging aligns with brand values."", ""• Differentiation: Extremely high. The core technology (cultivated leather from a specific living cow) is highly defensible (patent-pending) and unique. The donor selection series and sample swatch offer further differentiation."", ""• Impact and evidence plan: Good. Plans to share durability test results and a narrated tanning process video provide tangible evidence to backers, addressing skepticism about material quality and process transparency."", ""• Risk awareness and mitigation: Good. Identifies key technical (cell loss, variability) and operational (supply chain, delays) risks. Mitigations (multiple storage, pilot testing) are appropriate. The proposed video also helps manage expectations on natural variation.""], ""Cons"": [""• Market size and demand: The addressable market is likely a niche within sustainable/ethical luxury, potentially limiting long-term scale."", ""• Revenue model and sustainability: Long-term scalability of the bioreactor production process for small inlays is unproven and could be cost-intensive."", ""• Risk awareness and mitigation: While risks are stated, the mitigation for production scaling ('adjusting modular... technology') is somewhat vague. Durability of the cultivated leather over years is an unquantified risk.""]}, ""Project B"": {""Pros"": [""• Clarity of value proposition: Excellent. Identical to Project A in core message."", ""• Market size and demand: Identical to Project A."", ""• Feasibility and development plan: Strong and nearly identical to Project A, with clear development status and roadmap."", ""• Revenue model and sustainability: Identical to Project A, with the same smart sample swatch tier."", ""• Differentiation: Very high, identical to Project A on core tech. Adds a proposed 'care guide' based on durability tests, which could enhance post-purchase customer satisfaction and perceived product maturity."", ""• Impact and evidence plan: Very good. Includes sharing durability test results and proposes developing a 'care guide' from those tests. This demonstrates a focus on product longevity and customer education, building confidence."", ""• Risk awareness and mitigation: Good. Identifies the same key risks as Project A with the same mitigations.""], ""Cons"": [""• Market size and demand: Same niche limitation as Project A."", ""• Revenue model and sustainability: Same scalability and cost questions as Project A."", ""• Impact and evidence plan: Slightly less proactive in visual communication than Project A, which plans a narrated tanning video to showcase the process and manage texture/color expectations."", ""• Risk awareness and mitigation: Lacks the specific, proactive communication plan (the tanning video) that Project A uses to mitigate the risk of backer disappointment over natural material variations.""]}}"
"local","4","2","L4.2","5","L4.5","L4.2","plan_2","Project A and B are fundamentally identical in core technology, team, problem, and solution. Both present a novel value proposition of ethically sourced cultivated leather jewelry with strong animal welfare appeal. Key differences lie in their proposed reward structures and communication plans.\n\nPROJECT A PROS:\n• Clarity of value proposition: Excellent - clearly communicates animal-friendly real leather concept\n• Market size and demand: Targets growing ethical consumer segment with first-mover advantage\n• Feasibility and development plan: Strong - shows prototypes, clear milestones, and owned technology\n• Revenue model and sustainability: Jewelry model provides good margins; cultivated leather could scale\n• Differentiation: Highly differentiated - unique cultivated leather from named sanctuary animals\n• Impact and evidence plan: Strong - proposes durability testing and tanning process video for transparency\n• Risk awareness and mitigation: Good - identifies key technical and supply chain risks with mitigation\n\nPROJECT A CONS:\n• Market size: Niche luxury market may limit scalability\n• Technical risks: Unproven at scale; color/texture variability could affect customer satisfaction\n• Evidence plan: Proposed testing and video are plans, not completed\n\nPROJECT B PROS:\n• All pros from Project A apply equally\n• Additional proposed 'keepsake' inlay could enhance perceived value for limited series backers\n\nPROJECT B CONS:\n• All cons from Project A apply equally\n• Additional keepsake inlay adds complexity to production without clear additional funding allocation\n• Lacks the proposed tanning process video from Project A, reducing transparency\n\nThe key distinction is Project A's proposed narrated video showing the vegetable-tanning process, which would provide valuable visual evidence and education for backers. Project B's additional keepsake inlay is a nice perk but adds production complexity without addressing the fundamental need for backer education about this novel material. Project A's combination of sample swatch tier, durability testing, and process video creates a more comprehensive evidence and trust-building strategy for a novel technology.\n\nWINNER: Project A wins due to its more comprehensive evidence and communication plan, specifically the proposed tanning process video that addresses potential backer concerns about material quality and production transparency."
"local","4","3","L4.3","0","L3.3","L4.3","plan_3","{""Project A"": {""Pros"": [""• Clarity of value proposition: Clearly articulates a novel solution for ethically sourced, real leather without animal harm, with a compelling narrative linking product to a specific living animal. Offers multiple engagement tiers (sample swatch, DIY strip) to lower barrier to entry and build trust."", ""• Market size and demand: Targets ethically conscious jewelry consumers and expands to DIY/crafting audience, potentially increasing market reach. The 'donor cow selection' creates a personalized, collectible element that could drive demand."", ""• Feasibility and development plan: Shows concrete progress with prototypes (pendant, card holder) and patent-pending technology. Plan includes specific durability testing and scaffold inspection, demonstrating attention to quality control. Ownership of cell lines and technology reduces dependency risk."", ""• Revenue model and sustainability: Multiple revenue streams from jewelry, sample swatches, and DIY strips. Use of funds is clearly tied to production scaling and pilot testing. The heirloom positioning and material novelty support premium pricing potential."", ""• Differentiation: Strong technical differentiation with plant-based scaffold and cultivation process. Unique donor-cow selection and DIY strip tier further distinguish it from conventional and lab-grown alternatives. Packaging integrates cultivation materials, enhancing sustainability story."", ""• Impact and evidence plan: Direct link to animal sanctuary and veterinary partnership provides ethical credibility. Plan to share durability test results addresses material concerns. Sample swatch tier allows backers to verify material quality firsthand."", ""• Risk awareness and mitigation: Identifies key technical risks (cell loss, texture variability) with specific mitigations (multi-facility storage, pilot testing). Acknowledges supply chain and delivery timing risks realistically.""], ""Cons"": [""• Market size may be niche despite expansion efforts; premium pricing could limit mass adoption."", ""• Technical complexity of cultivated leather production introduces scalability and consistency risks not fully quantified."", ""• Dependence on a small number of donor animals for the 'limited series' could constrain production if demand spikes."", ""• Long-term durability of cultivated leather in jewelry applications remains unproven despite planned testing.""]}, ""Project B"": {""Pros"": [""• Clarity of value proposition: Similarly clear ethical value proposition and connection to living donor animals. Sample swatch tier helps build backer confidence."", ""• Feasibility and development plan: Shares same technical milestones and patent-pending status as Project A, indicating solid foundational progress."", ""• Team and partnerships: Identical strong team credentials with tissue-engineering expertise and sanctuary/veterinary partnerships."", ""• Risk awareness and mitigation: Same comprehensive risk identification and mitigation strategies as Project A."", ""• Technical details: Identical plant-based scaffold and cultivation process, ensuring material authenticity and sustainability.""], ""Cons"": [""• Market size and demand: Lacks the DIY/crafting audience expansion, potentially limiting market reach compared to Project A."", ""• Revenue model and sustainability: Fewer revenue streams (no DIY strip tier), possibly reducing funding flexibility and customer engagement opportunities."", ""• Differentiation: Less differentiated than Project A due to absence of DIY/crafting tier and slightly narrower user targeting."", ""• Impact and evidence plan: While solid, lacks the additional validation layer of appealing to hands-on crafters who might provide independent material feedback."", ""• Development plan: Slightly less comprehensive in exploring alternative use cases and audience segments.""]}}"
"local","4","3","L4.3","1","L4.1","L4.1","plan_1","PROJECT A PROS: • Clear value proposition: Animal-friendly real leather from living sanctuary cows with no additional harm. • Addresses a specific ethical gap in the luxury/sustainable goods market. • Strong feasibility: Shows finished inlays, prototypes, and patent-pending technology with no regulatory hurdles. • Clear revenue model from jewelry sales with potential expansion to DIY/crafting market via unset leather strips. • Strong differentiation through unique cultivated leather technology and donor-cow personalization. • Good impact plan: Harmless cell sampling, vegetable tanning, eco-friendly packaging. • Good risk awareness: Identifies cell storage, material variability, supply chain, and delivery risks with specific mitigation plans. PROJECT A CONS: • Market size may be niche (luxury ethical jewelry). • Durability evidence is proposed but not yet provided. • Scaling bioreactor production is mentioned but not detailed. • Revenue sustainability beyond crowdfunding is not explicitly addressed. PROJECT B PROS: • Identical strong value proposition and ethical positioning as Project A. • Identical strong feasibility and development status. • Enhanced evidence plan: 'Pairing' tier (sample swatch + finished keychain) allows direct material-to-product comparison, building stronger backer confidence. • Same clear revenue model with potential for higher-value 'pairing' tier sales. • Same strong differentiation. • Same good impact and risk awareness. PROJECT B CONS: • Same niche market limitation. • Same lack of provided durability evidence (only proposed). • Same scaling and long-term sustainability questions. • 'Pairing' tier may increase production complexity versus Project A's simpler unset strip tier. Overall, both projects are nearly identical in core technology, team, and plan. The key difference is in reward tier strategy for evidence building. Project B's 'pairing' tier (sample + finished keychain) is a more compelling method to demonstrate product quality and build trust than Project A's separate sample swatch and unset strip tiers. This small but strategic advantage in de-risking the backer's purchase decision gives Project B a slight edge."
"local","4","3","L4.3","2","L4.2","L4.3","plan_3","{
  ""Project A"": {
    ""Pros"": [
      ""• Clarity of value proposition: Strong and clear ethical alternative to conventional leather with unique donor-animal connection."",
      ""• Market size and demand: Targets niche but growing market of ethically conscious consumers and expands to DIY/crafting audience via unset leather strips."",
      ""• Feasibility and development plan: Shows tangible progress with prototypes and clear ownership of technology; includes durability testing plan."",
      ""• Revenue model and sustainability: Multiple reward tiers (jewelry, sample swatches, unset strips) diversify revenue streams and cater to different commitment levels."",
      ""• Differentiation: High due to cultivated leather from named sanctuary cows and patent-pending plant-based scaffold."",
      ""• Impact and evidence plan: Direct link to animal welfare via donor profiles; plans to share durability test results add credibility."",
      ""• Risk awareness and mitigation: Identifies key risks (cell loss, texture variability, supply chain) with specific mitigations (multi-site storage, pilot testing).""
    ],
    ""Cons"": [
      ""• Market size may be limited to early adopters and ethically focused consumers despite DIY expansion."",
      ""• Scalability of bioreactor production for larger demand is acknowledged but not detailed."",
      ""• No mention of third-party validation or certifications for ethical claims beyond internal processes.""
    ]
  },
  ""Project B"": {
    ""Pros"": [
      ""• Clarity of value proposition: Equally strong ethical positioning with emphasis on animal-friendly leather."",
      ""• Market size and demand: Targets same ethical consumer niche; sample swatch tier lowers barrier to entry."",
      ""• Feasibility and development plan: Similar tangible progress as Project A; narrated tanning process video enhances transparency."",
      ""• Revenue model and sustainability: Jewelry and sample swatch tiers provide clear revenue paths."",
      ""• Differentiation: High, with donor-animal selection and narrated video adding unique engagement."",
      ""• Impact and evidence plan: Video plan visually demonstrates process, addressing potential skepticism about material authenticity."",
      ""• Risk awareness and mitigation: Similar risk identification as Project A; video helps mitigate concerns about natural variations in tanning.""
    ],
    ""Cons"": [
      ""• Lacks Project A's expansion into DIY/crafting audience, potentially limiting market reach."",
      ""• Relies heavily on video for transparency without additional tangible evidence tiers (e.g., unset strips)."",
      ""• Same scalability and validation gaps as Project A.""
    ]
  },
  ""Winner Rationale"": ""Project A wins due to its broader market approach and more diversified evidence strategy. While both projects share identical core technology, value proposition, and risk awareness, Project A adds an unset leather strip tier for DIY/crafting audiences, expanding its target market beyond jewelry consumers. It also offers backers multiple ways to engage with the product (full jewelry, sample swatches, DIY strips), enhancing revenue sustainability and providing physical evidence of the material's properties. Project B's narrated video is a strong transparency tool, but Project A's additional tangible reward tier and market expansion give it a slight edge in scalability and audience reach.""
}"
"local","4","3","L4.3","4","L4.4","L4.4","plan_4","{'Project A': {'Pros': ['• Clarity of value proposition: Clearly presents an animal-friendly, real leather alternative with a compelling story of specific donor animals.', '• Feasibility and development plan: Shows tangible progress with prototypes (pendant, card holder) and owns the technology/cell lines.', '• Revenue model and sustainability: Expands market reach with proposed DIY/crafting audience tier (unset leather strips), potentially increasing revenue streams.', '• Differentiation: Unique donor-selection series and sample swatch tier directly address consumer trust and engagement.', '• Risk awareness and mitigation: Identifies specific technical risks (cell loss, texture variability) and proposes mitigation (multiple storage, pilot testing).'], 'Cons': ['• Market size and demand: While targeting ethical consumers, the niche luxury jewelry market may be limited; no quantification of demand.', '• Impact and evidence plan: Lacks explicit plan for durability testing results or care guidance, which could affect consumer confidence in product longevity.', '• Revenue model: Heavy reliance on crowdfunding for production scaling without clear long-term commercial strategy post-campaign.']}, 'Project B': {'Pros': ['• Clarity of value proposition: Equally strong ethical narrative with focus on animal welfare and sanctuary-sourced cells.', '• Feasibility and development plan: Same tangible progress as Project A, with owned technology and no external approvals needed.', ""• Impact and evidence plan: Proposes durability testing and a standardized 'care guide' to build confidence in product longevity—addressing a key consumer concern."", '• Risk awareness: Identifies identical risks as Project A with same mitigations, showing thorough planning.', '• Differentiation: Donor-selection series and sample swatch tier enhance engagement, similar to Project A.'], 'Cons': ['• Market size and demand: Same niche limitation as Project A; no evidence of broader market validation.', '• Revenue model: Less diversified than Project A; lacks the DIY/crafting tier, potentially limiting audience reach.', '• Feasibility: Slightly more complex plan with care guide development could delay timeline if not properly resourced.']}, 'Comparison Summary': ""Both projects share identical core technology, value proposition, team, and risks. Key differences lie in Project A's broader revenue model (DIY tier) versus Project B's stronger evidence plan (durability testing + care guide). Project B's focus on verifiable product longevity and consumer education addresses a critical barrier for novel materials, while Project A's expansion to crafting audiences is innovative but less immediately impactful for establishing credibility. Project B's care guide plan demonstrates deeper consideration of post-purchase customer experience and product sustainability, which is crucial for a first-of-its-kind material in heirloom jewelry.""}"
"local","4","3","L4.3","5","L4.5","L4.3","plan_3","PROJECT A PROS: • Clear, specific value proposition: animal-friendly real leather from living donor cows. • Good feasibility: shows finished inlays, prototypes, patent-pending tech, no regulatory hurdles, clear development steps. • Thoughtful revenue model expansion: proposes DIY/crafting audience tier (unset leather strip) to broaden market. • Strong differentiation: unique cultivated leather process, personal connection via donor selection, sample swatch for verification. • Evidence plan includes durability testing and sample swatches to build trust. • Identifies key risks (cell loss, variability, supply chain) with specific mitigations. CONS: • Market size not quantified; niche appeal to ethical consumers and early adopters. • Sustainability of scaling bioreactor production not deeply detailed. • Impact measurement plan not explicitly stated beyond the ethical premise. PROJECT B PROS: • Identical core strengths: clear value proposition, strong feasibility, same team and tech, risk awareness. • Enhanced personalization: proposed 'keepsake' inlay for donor-selection series deepens emotional connection. • Good evidence plan with durability testing and sample swatches. CONS: • Slightly less diversified revenue model than A (lacks DIY/crafting tier). • Same unquantified market size and scaling questions as A. • Impact plan not explicitly detailed. OVERALL COMPARISON: Both projects are nearly identical in core concept, team, tech, and risks. Project A edges out Project B due to its proposed expansion into the DIY/crafting audience via an unset leather strip reward tier, which demonstrates a broader market reach and additional revenue stream without added complexity. This slight advantage in revenue model diversification and market expansion gives Project A a marginal win."
"local","4","4","L4.4","0","L3.3","L4.4","plan_4","{
  ""Project A"": {
    ""Pros"": [
      ""• Clear value proposition: Offers real leather without animal harm, with specific product details and proposed sample swatches for verification."",
      ""• Strong feasibility: Shows finished inlays, prototypes, and patent-pending technology with clear development milestones."",
      ""• Enhanced evidence plan: Proposes durability testing, sharing results, and developing a standardized care guide based on tests."",
      ""• Better risk mitigation: Includes specific plans for durability testing and care guidelines to address longevity concerns."",
      ""• Thoughtful differentiation: Offers donor-animal selection and profiles, plus sample swatches for material verification.""
    ],
    ""Cons"": [
      ""• Market size may be niche: Targets ethically conscious consumers in luxury/sustainable jewelry segment."",
      ""• Revenue model sustainability unclear: No long-term pricing or scaling strategy beyond crowdfunding."",
      ""• Technical risks remain: Variability in color/texture and cell preservation are acknowledged but not fully resolved.""
    ]
  },
  ""Project B"": {
    ""Pros"": [
      ""• Clear value proposition: Similar to Project A, emphasizing animal-friendly real leather."",
      ""• Feasible development: Same prototypes and technology ownership as Project A."",
      ""• Good risk awareness: Identifies key risks like cell loss and supply-chain issues."",
      ""• Strong team: Founder with relevant tissue-engineering and cellular-agriculture experience.""
    ],
    ""Cons"": [
      ""• Weaker evidence plan: Lacks Project A's proposed care guide development based on durability tests."",
      ""• Less comprehensive risk mitigation: No mention of using test results to inform customer guidance."",
      ""• Less detailed sustainability planning: Omits the care guide development that could enhance product longevity and customer confidence."",
      ""• Identical differentiation to Project A but with fewer supporting plans for customer assurance.""
    ]
  }
}"
"local","4","4","L4.4","1","L4.1","L4.1","plan_1","Project A Pros: • Excellent clarity of value proposition (animal-friendly real leather from living cows). • Strong differentiation through patented plant-based scaffold technology and donor cow selection. • Comprehensive development plan with clear milestones and ownership of technology. • Good risk awareness with specific mitigation strategies (multiple cell storage, pilot testing). • Strong evidence plan including durability tests and care guide development. • Revenue model shows understanding of premium heirloom positioning. Project A Cons: • Market size limited to niche ethical jewelry consumers. • Sustainability of bioreactor scaling for jewelry production unclear. • No mention of cost structure or pricing strategy. • Limited evidence of customer validation beyond prototypes. Project B Pros: • All strengths of Project A plus enhanced customer validation through 'pairing' tier (sample + finished product). • Better evidence plan with physical product comparison opportunity for backers. • Potentially stronger revenue model with multiple entry points (sample, pairing, full jewelry). • Addresses customer skepticism more effectively through tangible comparison. Project B Cons: • Same market size limitations as Project A. • Increased complexity in production (coordinating matching sets). • Higher operational risk with more reward tiers to manage. • No additional differentiation beyond Project A's core technology. Both projects share identical core technology, team, and market positioning. Project B's key advantage is the 'pairing' reward tier, which provides superior evidence for backers and addresses a critical barrier for novel materials: trust in the finished product. This demonstrates better understanding of customer psychology and risk mitigation through tangible validation. While Project A has a slightly more conservative approach with the care guide, Project B's pairing tier offers more compelling evidence and reduces perceived risk for potential customers."
"local","4","4","L4.4","2","L4.2","L4.4","plan_4","{""Project A"": {""Pros"": [""• Clear value proposition: Real leather without animal harm, with specific heirloom jewelry application."", ""• Strong feasibility: Shows finished inlays, prototypes, patent-pending technology, and no external approvals needed."", ""• Thoughtful risk mitigation: Multiple cryopreservation sites, pilot testing for consistency, and supply chain alternatives."", ""• Practical evidence plan: Durability testing and creation of a care guide directly address backer concerns about product longevity and maintenance."", ""• Founder has relevant tissue-engineering and cellular-agriculture experience since 2018.""], ""Cons"": [""• Market size is niche: Targets consumers seeking animal-friendly, sustainable heirloom jewelry, which may be a limited segment."", ""• Revenue model and long-term sustainability are not explicitly detailed beyond the crowdfunding campaign."", ""• Differentiation from plant-based or synthetic leather alternatives is clear, but competition within the cultivated materials space is not addressed."", ""• While impact is framed as animal welfare, broader environmental impact of bioreactor production is not discussed.""]}, ""Project B"": {""Pros"": [""• Clear value proposition identical to Project A: Real, animal-friendly leather for heirloom jewelry."", ""• Strong feasibility identical to Project A: Finished inlays, prototypes, owned technology."", ""• Identical strong risk mitigation and experienced founder."", ""• Engaging evidence plan: Includes a narrated video of the tanning process to build transparency and visual appeal, which could enhance marketing and backer trust.""], ""Cons"": [""• Identical cons regarding niche market, unclear long-term revenue model, and lack of broader environmental impact discussion."", ""• Evidence plan is more marketing-focused (video) versus Project A's more practical, durability-focused approach (tests and care guide). This may leave backer concerns about product longevity less directly addressed.""]}}"
"local","4","4","L4.4","3","L4.3","L4.4","plan_4","{
  ""Project A"": {
    ""Pros"": [
      ""• Clarity of value proposition: Clear articulation of animal-friendly, real leather jewelry with specific technical details and ethical sourcing."",
      ""• Feasibility and development plan: Detailed roadmap including pilot testing, scaffold inspection, and specific post-campaign production steps. Includes plans for durability testing and care guide development."",
      ""• Revenue model and sustainability: Focused on core jewelry products with potential limited series and sample swatches. Care guide development shows attention to long-term customer satisfaction."",
      ""• Impact and evidence plan: Strong plan for durability testing, sharing results, and creating care guides to build confidence. Connection to named sanctuary animals adds emotional impact."",
      ""• Risk awareness and mitigation: Identifies specific technical risks (cell loss, variability) with concrete mitigation strategies (multiple storage facilities, pilot testing).""
    ],
    ""Cons"": [
      ""• Market size and demand: Limited to niche ethical jewelry market without expansion plans. No quantification of market size or demand validation."",
      ""• Differentiation: While technologically novel, product format is traditional jewelry without broader application exploration."",
      ""• Revenue diversification: Limited to finished jewelry and sample swatches only.""
    ]
  },
  ""Project B"": {
    ""Pros"": [
      ""• Market size and demand: Expands target audience to DIY/crafting market through unset leather strips, potentially increasing addressable market."",
      ""• Revenue model and sustainability: Additional revenue stream from DIY/crafting tier could improve unit economics and customer acquisition."",
      ""• Differentiation: Same core technology as Project A but with broader product application (unset strips for crafting).""
    ],
    ""Cons"": [
      ""• Feasibility and development plan: Less comprehensive than Project A - lacks care guide development plan mentioned in Project A."",
      ""• Impact and evidence plan: Missing the structured care guide development that could enhance long-term customer confidence."",
      ""• Risk management: Adds complexity with new product format (unset strips) without addressing additional risks this might create."",
      ""• Clarity: Slightly diluted focus by adding DIY segment without clear integration with core value proposition.""
    ]
  },
  ""Comparison"": ""Both projects share identical core technology, team, and ethical positioning. Project A demonstrates superior operational planning with its detailed care guide development, durability testing transparency, and focused execution. Project B attempts market expansion but does so without the same level of customer confidence-building measures. For a crowdfunding campaign where backer trust and risk mitigation are crucial, Project A's comprehensive approach to addressing potential concerns about a novel material gives it an advantage.""
}"
"local","4","4","L4.4","5","L4.5","L4.4","plan_4","{
  ""Project A"": {
    ""Pros"": [
      ""• Clarity of value proposition: Clearly defines an ethical alternative to conventional leather using cultivated technology, with a tangible product (jewelry) as proof of concept."",
      ""• Feasibility and development plan: Shows concrete progress with prototypes (pendant, card holder), patent-pending technology, and no external approvals needed, indicating advanced readiness."",
      ""• Revenue model and sustainability: Direct sales model via crowdfunding; proposes a low-cost sample swatch tier to reduce buyer hesitation and validate demand."",
      ""• Differentiation: Unique value in animal-friendly real leather from named sanctuary cows, with proposed durability testing and care guide to build trust."",
      ""• Impact and evidence plan: Plans to share durability test results and develop a care guide, providing transparency and addressing material longevity concerns."",
      ""• Risk awareness and mitigation: Identifies key risks (cell loss, texture variability, supply chain) and offers specific mitigations (multi-site storage, pilot testing).""
    ],
    ""Cons"": [
      ""• Market size and demand: Niche target audience (ethical jewelry buyers) may limit scalability; no data on market size or demand validation."",
      ""• Revenue model and sustainability: Long-term sustainability unclear beyond crowdfunding; high-cost bioreactor production may challenge profitability."",
      ""• Differentiation: While innovative, competing with lab-grown leather startups and traditional ethical materials (e.g., plant-based leathers) could be challenging."",
      ""• Impact and evidence plan: Impact is primarily ethical (animal welfare) with limited environmental or social impact metrics.""
    ]
  },
  ""Project B"": {
    ""Pros"": [
      ""• Clarity of value proposition: Similar to Project A but enhances emotional connection by offering a 'keepsake' inlay for the limited series, deepening backer engagement."",
      ""• Market size and demand: Adds perceived value (extra inlay) which may attract more backers seeking collectible or sentimental items."",
      ""• Differentiation: Extra inlay offer for limited series further personalizes the product, strengthening differentiation in a niche market."",
      ""• Feasibility and development plan: Shares Project A's strong development status (prototypes, owned technology) with no additional technical barriers noted."",
      ""• Risk awareness and mitigation: Same robust risk mitigation as Project A, indicating thorough planning.""
    ],
    ""Cons"": [
      ""• Revenue model and sustainability: Additional inlay increases production complexity and cost without clear pricing strategy; may strain margins."",
      ""• Feasibility and development plan: No mention of a care guide (unlike Project A), missing an opportunity to address durability concerns comprehensively."",
      ""• Impact and evidence plan: Lacks the proposed care guide development, making evidence plan slightly weaker than Project A's."",
      ""• Market size and demand: Same niche limitations as Project A; extra inlay may not significantly expand the addressable market.""
    ]
  }
}"
"local","4","5","L4.5","0","L3.3","L4.5","plan_5","PROJECT A PROS: • Clarity of value proposition is strong, with specific plans for a limited series connecting backers to named donor cows and providing a 'keepsake' inlay, enhancing personal connection. • Market demand is addressed by offering a low-cost sample swatch tier, reducing purchase risk and validating material quality. • Feasibility is supported by detailed development milestones (cells isolated in 2023, prototypes in 2025) and patent-pending technology ownership. • Revenue model includes multiple tiers (jewelry, limited series, sample swatches) for broader accessibility and sustainability. • Differentiation is enhanced by the proposed limited series with donor selection and keepsake inlay, creating a unique narrative. • Impact and evidence plan includes proposed durability testing (rub test) and transparency about donor animal profiles. • Risk awareness is thorough, addressing cell storage, material variability, supply chain, and delivery delays with specific mitigations. PROJECT A CONS: • Complexity of offering multiple series and tiers could strain production and delivery timelines. • Dependency on successful pilot testing for color/texture consistency poses execution risk. • The 'keepsake' inlay addition may increase costs without clear added value for all backers. PROJECT B PROS: • Clear value proposition focusing on animal-friendly leather jewelry with ethical sourcing. • Market demand addressed through sample swatch tier for material verification. • Feasibility supported by same development milestones and owned technology as Project A. • Revenue model includes jewelry and sample swatches, though less diversified than A. • Differentiation relies on cultivated leather technology and donor selection series (without keepsake). • Impact plan includes proposed durability testing and donor profiles. • Risk awareness identical to A, showing good mitigation planning. PROJECT B CONS: • Less compelling differentiation compared to A, missing the 'keepsake' inlay and deeper personal connection elements. • Revenue model is slightly less innovative without the additional keepsake tier. • Overall presentation is nearly identical to A but with fewer enhanced features, making it feel like a baseline version. WINNER RATIONALE: Project A wins due to its superior differentiation and enhanced value proposition. The addition of the 'keepsake' inlay for the limited donor-selection series creates a stronger emotional connection and heirloom narrative, while maintaining all other strengths (sample swatch tier, durability testing, risk mitigation). This added layer of personalization and tangible connection to the source animal addresses the target market's desire for ethical consumption with unique storytelling, potentially commanding higher engagement and backing. Both projects share identical core technology and risks, but A's extra features provide a more compelling crowdfunding package without introducing significant additional complexity."
"local","4","5","L4.5","1","L4.1","L4.1","plan_1","PROJECT A PROS:\n• Strong clarity of value proposition: Clearly communicates ethical leather from living animals with specific donor selection option\n• Good market positioning: Targets conscious consumers seeking animal-friendly heirloom pieces with emotional connection\n• Strong development status: Shows finished inlays, prototypes, and patent-pending technology owned by creators\n• Clear revenue model: Jewelry sales with potential limited series and sample swatches\n• Good differentiation: Unique cultivated leather from specific sanctuary cows with donor profiles\n• Strong evidence plan: Proposes durability testing and sample swatches for material verification\n• Good risk awareness: Identifies cell storage, variability, and supply chain risks with mitigation strategies\n\nPROJECT A CONS:\n• Market size potentially limited to niche ethical luxury segment\n• Sustainability claims need more evidence beyond plant-based packaging\n• 'Keepsake' inlay adds complexity without clear customer value\n• Limited discussion of production scaling beyond modular bioreactors\n\nPROJECT B PROS:\n• Excellent clarity of value proposition: Same core ethical leather concept with enhanced verification options\n• Superior evidence plan: 'Pairing' tier allows direct comparison of sample swatch to finished product, building stronger trust\n• Better market validation approach: Lower-cost entry points (sample swatch and keychain) reduce barrier to adoption\n• Strong development status: Same solid foundation as Project A\n• Good differentiation: Same unique cultivated leather concept with enhanced customer verification\n• Good risk awareness: Same comprehensive risk identification as Project A\n• More practical reward structure: Keychain in pairing tier is more functional than additional inlay piece\n\nPROJECT B CONS:\n• Same limited market size concerns as Project A\n• 'Pairing' tier adds production complexity\n• Same need for stronger sustainability evidence\n• Same limited scaling discussion\n\nBoth projects share identical core technology, team, and risk profiles. Project B's key advantage is its superior evidence plan through the 'pairing' tier, which directly addresses potential customer skepticism by allowing side-by-side comparison of material sample and finished product. This builds stronger trust and reduces perceived risk for backers. Project A's 'keepsake' inlay is less compelling and adds complexity without clear value. Project B's approach to market validation is more strategic and customer-centric."
"local","4","5","L4.5","2","L4.2","L4.5","plan_5","{'Project A': {'Pros': ['• Clear value proposition: Offers ethically-sourced real leather without animal harm, with unique personalization options.', ""• Strong differentiation: Proposed limited series with donor cow selection and an additional 'keepsake' inlay creates deeper emotional connection."", '• Good risk awareness: Identifies specific technical risks (cell loss, texture variability) with concrete mitigation strategies.', '• Evidence plan: Includes durability testing and sample swatch tier to build backer confidence.', '• Feasible development plan: Clear roadmap with specific technical steps and modular scaling approach.'], 'Cons': ['• Market size not quantified: No data on addressable market for ethical luxury jewelry.', '• Revenue model lacks detail: No pricing strategy or long-term sustainability plan beyond crowdfunding.', '• Limited impact measurement: No clear metrics for environmental or animal welfare impact.', '• High technical complexity: Cultivated leather production at scale remains unproven.', '• Niche appeal: Personal connection to specific cows may limit broader market appeal.']}, 'Project B': {'Pros': ['• Strong transparency: Proposed tanning process video demonstrates commitment to openness about natural variations.', '• Good risk mitigation: Video addresses texture variability concerns by educating backers about the process.', '• Clear value proposition: Same ethical leather alternative with sample swatch for verification.', '• Feasible development: Similar technical readiness and team expertise as Project A.', '• Effective evidence plan: Combines durability testing, sample swatches, and process visualization.'], 'Cons': [""• Less differentiation: Missing the unique 'keepsake' inlay and deeper personalization of Project A."", '• Same market limitations: No quantified market size or detailed revenue model.', '• Similar sustainability concerns: Long-term business model beyond initial production unclear.', '• Higher production complexity: Additional video production adds to workload without clear revenue benefit.', ""• Less emotional engagement: Donor cow selection lacks the tangible 'spare piece' connection.""]}, 'Comparison': ""Both projects share identical core technology, team, and ethical positioning. Project A excels in creating stronger emotional differentiation through the 'keepsake' inlay and deeper personal connection to donor animals. Project B offers better process transparency through the tanning video but lacks Project A's unique value-add features. Project A's additional inlay piece provides tangible extra value to backers while reinforcing the heirloom narrative.""}"
"local","4","5","L4.5","3","L4.3","L4.5","plan_5","PROJECT A PROS: • Strong clarity of value proposition with specific heirloom positioning and emotional connection through donor selection • Good feasibility with demonstrated prototypes (pendant, card holder), patent-pending technology, and clear development milestones • Thoughtful revenue model with multiple jewelry tiers plus sample swatch for risk reduction • Excellent differentiation through cultivated leather technology and ethical sourcing • Good impact plan with durability testing commitment and animal profiles • Strong risk awareness with specific mitigations for cell storage, quality control, and supply chain • Additional 'keepsake' inlay enhances perceived value and connection to source CONS: • Market size limited to niche ethical jewelry consumers • Sustainability claims need more validation beyond plant-based materials • No expansion beyond core jewelry market • Limited evidence of production scaling capabilities PROJECT B PROS: • Clear value proposition matching Project A's core offering • Identical strong feasibility foundation with prototypes and owned technology • Broader revenue model adding DIY/crafting tier to expand addressable market • Same strong differentiation through cultivated leather technology • Identical impact and evidence plans • Identical strong risk awareness and mitigation • Potential for market expansion through DIY segment CONS: • Slightly diluted focus with DIY tier potentially distracting from heirloom positioning • No additional emotional connection element like Project A's keepsake • Same limitations in market validation and sustainability evidence • DIY tier adds complexity to production and quality control • Less cohesive narrative around personal connection to animals Both projects share identical core strengths: clear ethical value proposition, demonstrated technical feasibility with prototypes, strong differentiation through cultivated leather technology, good risk awareness, and identical team credentials. The key differences are strategic: Project A doubles down on emotional connection and heirloom positioning with the 'keepsake' inlay, creating a more premium, cohesive narrative. Project B expands the market reach with a DIY tier but sacrifices some narrative focus. Project A wins because its strategy aligns more strongly with the high-end, ethical heirloom positioning that justifies premium pricing in this niche market. The keepsake element enhances perceived value and emotional connection without adding production complexity comparable to Project B's entirely new DIY segment. Project A's focused approach likely leads to stronger brand identity and customer loyalty in this emerging category."
"local","4","5","L4.5","4","L4.4","L4.5","plan_5","Project A Pros: • Stronger value proposition clarity with specific limited series offering including 'keepsake' inlay creating deeper emotional connection • More comprehensive development plan addressing production of additional inlay pieces • Better revenue model potential with higher-value limited series offering • Stronger differentiation through the 'spare/keepsake' concept and explicit durability testing commitment • More detailed evidence plan including physical sample swatches and durability test results • Shows slightly better risk awareness by explicitly planning for high demand scenarios
Project A Cons: • Somewhat complex execution with multiple proposed limited series elements • Higher operational complexity for producing keepsake inlays • Market size remains niche despite clear targeting
Project B Pros: • Includes valuable 'care guide' development based on durability tests • More streamlined offering without additional keepsake complexity • Good risk mitigation through planned durability testing and care guidance • Clear evidence plan with sample swatches and test results sharing
Project B Cons: • Less compelling differentiation compared to Project A's keepsake concept • Weaker emotional connection mechanism without the additional inlay piece • Less innovative revenue model approach • Development plan slightly less comprehensive regarding production details
Overall Winner: Project A wins due to stronger differentiation through the keepsake concept, more compelling value proposition for the target audience seeking emotional connection, and more comprehensive development planning. The keepsake inlay creates a unique selling proposition that enhances the heirloom nature of the product and provides tangible evidence of the cultivated leather's authenticity, while still maintaining all the positive elements Project B offers."
"local","5","0","L4.1","1","L5.1","L4.1","plan_0","PROJECT A PROS: • Clear, compelling value proposition: ethically sourced real leather without animal harm. • Strong differentiation through patented plant-based scaffold technology and donor-animal connection. • Feasible development plan with completed prototypes and clear technical ownership. • Thoughtful risk mitigation addressing cell preservation and production variability. • Evidence plan includes durability testing and sample swatches for backer verification. CONS: • Market size limited to niche ethical/sustainable jewelry consumers. • Revenue model sustainability unclear beyond initial crowdfunding campaign. • Limited evidence of commercial scaling capability for bioreactor production. • No mention of post-campaign business model or growth strategy. PROJECT B PROS: • Includes all strengths of Project A plus enhanced donor connection through high-resolution photos. • More complete customer experience for limited series backers. • Stronger emotional engagement potential with visual animal profiles. • Maintains all technical and feasibility advantages of Project A. CONS: • Same market limitations as Project A. • Additional photo production adds minor complexity without addressing core business challenges. • Still lacks clear long-term revenue model or scaling strategy. • No significant improvement in risk mitigation or evidence plans. Both projects are identical in most aspects, with Project B adding only one minor enhancement: including photos of donor cows in the limited series packaging. This addition slightly improves the customer experience and emotional connection but doesn't address any fundamental business weaknesses. Since both projects share identical value propositions, development plans, teams, and risks, and Project B's single added feature doesn't meaningfully improve market viability, sustainability, or differentiation, Project A is more focused and efficient. The winner is Project A because it achieves the same core value with slightly less complexity and resource allocation for marginal benefit."
"local","5","0","L4.1","2","L5.2","L5.2","plan_2","Project A and B are fundamentally identical in core technology, team, problem/solution, and risks. The only difference is Project B's additional proposed 'material passport' feature. Both projects demonstrate: 1) Strong clarity of value proposition (ethical, real leather without harm). 2) Niche but defined market size targeting ethically-conscious jewelry buyers. 3) Moderate feasibility with clear development status (prototypes exist, cells isolated) and a detailed roadmap, though scaling bioreactor production is a challenge. 4) Direct revenue model via product sales, with sustainability tied to ethical sourcing but long-term cost structure unclear. 5) High differentiation via novel cultivated leather technology and donor-cow story. 6) Good impact plan (animal welfare) and evidence plan (proposed durability tests, sample swatches). 7) Good risk awareness (cell loss, variability) with specific mitigations. The material passport in Project B is a minor enhancement that slightly improves transparency and backer engagement (Impact and Evidence Plan), but it's a proposed digital add-on, not a core technological or strategic advantage. Both projects share the same strengths and weaknesses. Therefore, Project B has a negligible edge.

PROJECT A PROS:
• Clear, compelling ethical value proposition.
• Prototypes exist; development status is advanced.
• Detailed, logical roadmap and production plan.
• Innovative differentiation via cultivated leather and donor story.
• Strong risk identification and mitigation strategies.
• Practical reward tiers (sample swatch, pairing) to build trust.

PROJECT A CONS:
• Market size is likely niche (luxury ethical jewelry).
• Scaling bioreactor production for larger volumes is untested.
• Long-term durability of the cultivated leather in real-world use is unproven.
• Revenue model is product-sales dependent; no recurring revenue.
• High cost structure of biotech production may challenge profitability.

PROJECT B PROS:
• All pros of Project A.
• Additional 'material passport' feature enhances transparency and storytelling, potentially increasing customer connection and perceived value.

PROJECT B CONS:
• All cons of Project A.
• Material passport adds minor complexity and cost for digital content creation/hosting."
"local","5","0","L4.1","3","L5.3","L5.3","plan_3","PROJECT A PROS: • Clarity of value proposition is strong, clearly explaining the ethical leather alternative. • Market targets a defined niche of ethically-conscious jewelry buyers. • Feasibility is supported by demonstrated prototypes and owned technology. • Revenue model is direct sales via crowdfunding tiers. • Differentiation is high due to novel cultivated leather and donor-animal story. • Impact plan is implicit through the ethical narrative. • Risk awareness is good, addressing cell storage, material variability, and supply chain. PROJECT A CONS: • Market size is likely limited to a niche. • Revenue sustainability beyond initial campaign is unclear. • No explicit durability or performance testing plan mentioned in the final roadmap/features (though proposed in earlier sections). • Impact evidence plan is not detailed. PROJECT B PROS: • Includes all pros of Project A. • Adds a proposed plan for water-resistance testing, addressing a key consumer concern and enhancing feasibility/risk mitigation. • The extra testing (durability and water resistance) provides stronger evidence for product quality and longevity, improving the impact and evidence plan. PROJECT B CONS: • Same as Project A regarding market size limitations and revenue sustainability. • The added testing is only a proposed plan, not yet executed. Overall, both projects are nearly identical, but Project B demonstrates slightly better risk awareness and customer-centric planning by proactively addressing water resistance—a common concern for leather goods. This gives it a marginal edge in feasibility, differentiation, and overall credibility."
"local","5","0","L4.1","4","L5.4","tie","tie","Exact same normalized text; skipped LLM call."
"local","5","0","L4.1","5","L5.5","L5.5","plan_5","Project A and Project B are nearly identical in core concept, technology, team, and risk profile. Both present a clear value proposition of animal-friendly, real leather jewelry via cellular agriculture. Market targets ethically conscious consumers in a niche but growing segment. Feasibility is supported by shown prototypes, owned technology, and a detailed development plan. Revenue relies on direct sales of heirloom jewelry, with sustainability tied to ethical sourcing and modular bioreactor scaling. Differentiation is strong versus conventional leather but weak between the two projects. Both show similar risk awareness and mitigation plans. The key difference is in Criterion 6 (Impact and Evidence Plan): Project B includes a proposed post-campaign survey to gather backer feedback on texture and color from sample swatch tiers. This demonstrates a slightly more systematic approach to validating product-market fit and iterating based on user input, adding a layer of evidence gathering not present in Project A. However, this is a minor enhancement. Both share the same strengths: clear proposition, demonstrated prototypes, detailed technical and production plans, and identified risks. Both share the same weaknesses: unquantified market size, untested commercial demand at scale, and reliance on a novel material's consumer acceptance. Project B's added feedback mechanism gives it a marginal edge in planning for impact validation and continuous improvement.

Project A Pros:
• Clear, compelling value proposition addressing animal welfare in leather.
• Development status shows finished inlays and prototypes, reducing technical uncertainty.
• Detailed roadmap with specific pilot testing and scaling plans.
• Identifies key risks (cell loss, variability) with concrete mitigations.
• Strong team with relevant tissue-engineering and cellular agriculture experience.
• Innovative use of plant-based scaffold and vegetable tanning aligns with sustainability claims.

Project A Cons:
• Market size and demand are assumed, not quantified.
• Revenue model and long-term sustainability depend on scaling a novel bioprocess cost-effectively.
• Differentiation from Project B is negligible; overall differentiation from other ethical jewelry is moderate.
• Impact evidence plan is less structured than Project B's.

Project B Pros:
• All strengths of Project A apply equally.
• Additional proposed plan for a post-campaign survey to gather backer feedback on material properties, showing a more structured approach to evidence collection and product iteration.
• Slightly stronger emphasis on user feedback integration for future batches.

Project B Cons:
• All weaknesses of Project A apply equally.
• The added feedback mechanism is a proposed plan, not a demonstrated action, so its impact is uncertain.
• Still lacks quantified market data or traction evidence.

Overall, Project B wins due to its marginally more comprehensive plan for gathering user feedback to validate and improve the product, which slightly strengthens its case for impact evidence and market adaptation."
"local","5","1","L5.1","0","L4.1","L5.1","plan_1","PROJECT A: Pros: • Excellent clarity of value proposition with specific technical details and proposed customer engagement features. • Strong differentiation through unique donor-cow selection with photo inclusion, enhancing emotional connection. • Comprehensive feasibility plan addressing durability testing, material verification through swatches, and detailed production scaling. • Thoughtful risk mitigation including cell storage redundancy and pilot testing protocols. • Enhanced impact plan with proposed durability test sharing and donor animal profiles with photos. • More detailed revenue model tiers including sample swatch and pairing options. Cons: • Market size remains niche (ethical luxury jewelry consumers). • High technical complexity in cultivated leather production. • Unproven consumer acceptance of cultivated leather at scale. • Dependence on specialized bioreactor technology. PROJECT B: Pros: • Clear ethical value proposition addressing animal welfare concerns. • Identifies target market of ethically conscious jewelry buyers. • Solid technical foundation with patent-pending plant-based scaffolding. • Experienced founder with tissue-engineering background. • Acknowledges key risks including cell preservation and material variability. • Offers similar reward tiers as Project A for material verification. Cons: • Less detailed execution plan compared to Project A. • Missing the enhanced donor connection element (no mention of photos). • Less comprehensive durability testing communication plan. • Slightly less developed packaging and customer experience details. • Roadmap lacks some specificity found in Project A. • Impact evidence plan is less developed. Both projects share identical core technology and ethical positioning, but Project A demonstrates superior execution planning, customer engagement strategy, and risk management. Project A's additional details about donor photos, more comprehensive testing protocols, and clearer implementation plans for all proposed features show greater operational maturity and attention to customer experience. The projects are fundamentally the same concept, but Project A presents it with more thoroughness and strategic thinking."
"local","5","1","L5.1","2","L5.2","L5.2","plan_2","PROJECT A PROS: • Clear value proposition: Real leather without animal harm, with tangible proof-of-concept prototypes shown. • Strong differentiation: First-of-its-kind heirloom jewelry from specific named donor cows creates emotional connection. • Practical development plan: Clear roadmap with pilot testing, scaffold inspection, and production scaling strategy. • Good risk awareness: Identifies key technical risks (cell loss, variability) with specific mitigations. • Thoughtful reward tiers: Sample swatch and pairing options address backer skepticism about new material. • Evidence plan: Includes durability testing and sharing results, plus donor cow profiles for transparency. CONS: • Market size unquantified: No data on addressable market for premium ethical jewelry. • Revenue model limited: Focused on one-time sales without clear subscription or scaling strategy. • Sustainability claims unsupported: No lifecycle analysis or third-party verification of environmental impact. • Impact measurement vague: No defined metrics for animal welfare or material science advancement. PROJECT B PROS: • All strengths of Project A plus enhanced transparency: Digital 'material passport' adds traceability and storytelling depth. • Better evidence plan: QR code system creates verifiable provenance and educational component. • Stronger user engagement: Material passport increases perceived value for ethically-conscious consumers. • Maintains all feasibility advantages of Project A with same technical foundation. CONS: • Same market size limitation as Project A. • Same revenue model constraints. • Additional complexity: Material passport development adds minor execution risk without addressing core business model challenges. • Same unsupported sustainability claims. WINNER ANALYSIS: Both projects are fundamentally identical in technology, team, and core value proposition. Project B's addition of a digital material passport provides meaningful enhancement in transparency and customer engagement—key factors for an ethical luxury product—without introducing significant new risks. This feature strengthens differentiation and impact evidence, making Project B slightly more compelling for crowdfunding backers who value traceability and storytelling."
"local","5","1","L5.1","3","L5.3","L5.3","plan_3","{""Project A"": {""Pros"": [""• Clear value proposition: Offers animal-friendly, real leather jewelry from named sanctuary cows with transparent donor connection."", ""• Thoughtful tiered offerings: Includes sample swatches and pairing tiers to build trust and demonstrate material quality."", ""• Strong development status: Shows finished inlays, prototypes, and owns patent-pending technology with no external approvals needed."", ""• Detailed packaging and presentation: Includes donor cow photos for limited series, enhancing emotional connection and transparency."", ""• Comprehensive risk mitigation: Addresses cell storage, material variability, and supply chain issues with specific plans.""], ""Cons"": [""• Limited market size: Niche appeal to ethically-conscious jewelry buyers and early adopters of cultivated materials."", ""• Unproven revenue model: Relies on crowdfunding without clear post-campaign commercialization strategy."", ""• Material durability concerns: Although rub testing is planned, long-term performance in jewelry applications is untested."", ""• Scalability questions: Modular bioreactor adjustment mentioned but no detailed production capacity or cost structure."", ""• High dependency on single material innovation: Entire value proposition hinges on cultivated leather acceptance and quality.""]}, ""Project B"": {""Pros"": [""• Clear value proposition identical to Project A with same ethical and material benefits."", ""• Enhanced evidence plan: Proposes both durability (rub test) AND water-resistance testing, addressing more consumer concerns."", ""• Strong development status: Same prototypes, owned technology, and no external approvals as Project A."", ""• Practical reward tiers: Includes sample swatches and pairing options to reduce backer uncertainty."", ""• Realistic risk awareness: Identifies same key risks with appropriate mitigation strategies.""], ""Cons"": [""• Slightly less emotional connection: No mention of donor cow photos in packaging for limited series."", ""• Identical market limitations: Same niche appeal and unproven commercial viability as Project A."", ""• Same revenue model weaknesses: No clear path to sustainability beyond crowdfunding campaign."", ""• Identical scalability concerns: Vague production scaling plans without concrete capacity details."", ""• Same material dependency risk: Entire business hinges on cultivated leather performance and acceptance.""]}, ""Comparison"": ""Both projects share identical core technology, team credentials, and ethical positioning. Key differences: Project A offers slightly stronger emotional connection through donor cow photos in packaging, while Project B demonstrates better evidence planning with proposed water-resistance testing alongside durability testing. Project B's additional material testing addresses a common consumer concern (water resistance for wearable items) that Project A overlooks, making it more thorough in building backer confidence. This gives Project B a slight edge in feasibility validation and risk mitigation.""}"
"local","5","1","L5.1","4","L5.4","L5.1","plan_1","PROJECT A PROS:\n• Clarity of value proposition: Excellent. Clearly states the ethical sourcing method and product application.\n• Market size and demand: Targets a niche but growing market of ethically-conscious luxury consumers. The proposed sample swatch and pairing tiers demonstrate an understanding of market skepticism and a plan to address it.\n• Feasibility and development plan: Strong. Shows specific past milestones (cell isolation in 2023, prototypes in early 2025) and a detailed, phased roadmap including pilot testing, scaffold inspection, and tanning preparation. The plan to share durability test results adds credibility.\n• Revenue model and sustainability: Clear direct-to-consumer model via crowdfunding. The tiered reward structure (sample, pairing, full jewelry) allows for multiple price points and customer engagement. Long-term sustainability hinges on scaling bioreactor production, which is acknowledged.\n• Differentiation: High. Unique combination of cultivated leather technology, ethical sourcing from named sanctuary animals, and heirloom jewelry application. The inclusion of donor cow photos and profiles (in the proposed limited series) enhances emotional connection.\n• Impact and evidence plan: Good. Provides evidence of development progress (prototypes) and proposes specific evidence-building actions (durability tests, sample swatches). The partnership with a sanctuary and veterinary professionals is a tangible proof point.\n• Risk awareness and mitigation: Good. Identifies key technical (cell loss, variability) and operational (supply chain, delivery delays) risks with specific mitigation strategies (multi-site cell storage, pilot testing).\n\nPROJECT A CONS:\n• Market size and demand: The addressable market is likely small and premium, limiting mass-market scalability.\n• Feasibility and development plan: Scaling bioreactor production for consistent leather inlays remains a complex, unproven challenge at commercial scale.\n• Revenue model and sustainability: High production costs from bespoke cultivation and small batches may challenge long-term profitability without significant scaling or price premiums.\n• Risk awareness and mitigation: Does not deeply address potential consumer acceptance hurdles (e.g., the 'ick factor' of wearing animal cells) or regulatory gray areas for novel biomaterials.\n\nPROJECT B PROS:\n• Clarity of value proposition: Excellent. Identical to Project A in core messaging.\n• Market size and demand: Identical to Project A. Targets the same niche.\n• Feasibility and development plan: Strong. Identical detailed roadmap and milestones as Project A.\n• Revenue model and sustainability: Identical tiered structure as Project A.\n• Differentiation: High. Same core technological and ethical differentiation as Project A.\n• Impact and evidence plan: Good. Same evidence of progress and proposed tests as Project A.\n• Risk awareness and mitigation: Good. Identical risk list and mitigations as Project A.\n\nPROJECT B CONS:\n• All cons are identical to Project A.\n• However, Project B's description omits the specific detail found in Project A about including a \""small, high-resolution photo of the named donor cow\"" in the packaging for the limited series. This is a minor but tangible point of differentiation in favor of Project A, as it enhances the emotional proof and customer experience.\n\nWINNER RATIONALE: Project A wins by a narrow margin. The projects are virtually identical across all major criteria, indicating they are likely the same core project with slightly different descriptive details. The decisive factor is that Project A demonstrates marginally greater specificity and customer-centric thinking in its proposed execution. Specifically, it includes the detail of providing a photo of the donor cow with its profile for the limited series. This small addition strengthens the impact and evidence plan by making the ethical claim more tangible and personal for the backer. In crowdfunding, where building trust and emotional connection is critical, this extra layer of detail and transparency gives Project A a slight edge. Both projects are strong, but Project A's description shows a more thorough consideration of the final customer experience."
"local","5","1","L5.1","5","L5.5","L5.5","plan_5","PROJECT A PROS:
• Clarity of value proposition: Excellent. Clearly presents animal-friendly real leather from living cows as a unique ethical alternative.
• Market size and demand: Targets a clear niche of ethically-conscious consumers seeking sustainable luxury/adornment.
• Feasibility and development plan: Strong. Shows finished inlays, prototypes, and has a detailed, logical roadmap for production and scaling. Specific plans for durability testing and donor-cow photo inclusion show thoroughness.
• Revenue model and sustainability: Clear direct-to-consumer model via crowdfunding. The tiered reward structure (sample swatch, pairing, full jewelry) intelligently addresses customer hesitation and builds trust.
• Differentiation: Very high. The core technology (cultivated leather from named sanctuary cows) is highly distinctive and defensible (patent-pending).
• Impact and evidence plan: Good. Plans to share durability test results and provide donor cow profiles/photos create tangible evidence of the ethical claim and product quality.
• Risk awareness and mitigation: Good. Identifies key technical (cell loss, texture variability) and logistical (supply chain, delays) risks with specific, plausible mitigations.

PROJECT A CONS:
• Market size and demand: The luxury/niche positioning may limit the total addressable market.
• Feasibility and development plan: Scaling bioreactor production for larger volumes post-campaign is noted but remains a potential challenge.
• Revenue model and sustainability: Long-term scalability and cost structure beyond the initial crowdfunding batch are not detailed.

PROJECT B PROS:
• Clarity of value proposition: Excellent. Identical to Project A in clearly communicating the ethical value proposition.
• Market size and demand: Identical to Project A.
• Feasibility and development plan: Strong and nearly identical to A, with an added valuable element: a proposed post-campaign survey for sample swatch backers to gather feedback on texture/color.
• Revenue model and sustainability: Identical clear model to A.
• Differentiation: Very high and identical to A.
• Impact and evidence plan: Good. Includes all of A's evidence plans plus the proposed customer feedback survey, which demonstrates a stronger commitment to iterative improvement based on backer input.
• Risk awareness and mitigation: Identical and good to A.

PROJECT B CONS:
• Market size and demand: Same niche limitation as A.
• Feasibility and development plan: Same scaling challenge as A.
• Revenue model and sustainability: Same lack of long-term detail as A.
• Impact and evidence plan: Slightly weaker than A in one minor aspect: the description omits the specific mention of including a high-resolution photo of the donor cow in the limited series packaging, which Project A includes. This is a small but tangible piece of evidence.

WINNER RATIONALE: Both projects are nearly identical in concept, team, technology, and core plan, representing a strong venture with high differentiation and a clear ethical niche. The decision hinges on subtle differences in their evidence and engagement plans. Project B demonstrates a marginally stronger forward-looking operational mindset by proposing a post-campaign feedback survey to guide production, showing a focus on continuous improvement and customer integration. However, Project A offers a slightly more concrete and immediate evidence plan for its key ethical selling point (donor cow photos). On balance, the proactive customer feedback loop in Project B is a more significant indicator of a scalable, customer-centric business model, giving it a slight edge. Therefore, Project B is the winner."
"local","5","2","L5.2","0","L4.1","L5.2","plan_2","{""Project A"": {""Pros"": [""• Clear value proposition: Offers real leather without animal harm, with transparency via material passport and donor profiles."", ""• Strong differentiation: Unique cultivated leather technology with patent-pending plant-based scaffolding and ethical sourcing from sanctuary animals."", ""• Comprehensive evidence plan: Includes durability testing, sample swatches for verification, and pairing tiers for product validation."", ""• Enhanced transparency: Digital material passport (QR code) adds traceability and storytelling depth."", ""• Feasible development plan: Clear milestones, owned technology, no regulatory approvals needed, and modular scaling approach.""], ""Cons"": [""• Limited market size: Niche appeal to ethical consumers and early adopters of cellular agriculture products."", ""• Revenue model unclear: No pricing tiers or long-term sustainability plan beyond crowdfunding campaign."", ""• Technical risks: Variability in leather quality from tanning/scaffold processes, though mitigated by pilot testing."", ""• High production complexity: Bioreactor cultivation and jewelry manufacturing may face scaling challenges.""]}, ""Project B"": {""Pros"": [""• Clear value proposition: Similar ethical appeal with animal-friendly cultivated leather from sanctuary cows."", ""• Strong differentiation: Same core technology and ethical sourcing as Project A."", ""• Good evidence plan: Includes durability testing and sample swatch/pairing tiers for backer validation."", ""• Feasible development plan: Identical technical foundation and owned IP as Project A."", ""• Experienced team: Founder with tissue-engineering and cellular agriculture background since 2018.""], ""Cons"": [""• Missing transparency feature: No material passport reduces traceability and storytelling potential compared to Project A."", ""• Limited market size: Same niche appeal as Project A."", ""• Revenue model unclear: No detailed pricing or sustainability strategy."", ""• Identical technical risks: Variability in leather quality and scaling challenges."", ""• Less comprehensive backer engagement: Fewer verification and transparency mechanisms than Project A.""]}}"
"local","5","2","L5.2","1","L5.1","L5.2","plan_2","{""Project A"": {""Pros"": [""• Strong clarity of value proposition: clearly defines an ethical alternative to traditional leather using cultivated cells from living sanctuary cows."", ""• Good feasibility and development plan: shows working prototypes (pendant, card holder), patent-pending technology, and clear roadmap for pilot testing and scaling."", ""• Innovative differentiation: unique 'material passport' (QR code) enhances transparency and storytelling, adding a digital layer to the product's provenance."", ""• Thoughtful risk mitigation: addresses cell storage, material variability, and supply-chain issues with specific countermeasures."", ""• Evidence plan includes durability testing (rub test) and sample swatches to build backer confidence in the material.""], ""Cons"": [""• Market size and demand: niche appeal targeting ethically-conscious jewelry buyers; limited quantification of addressable market."", ""• Revenue model and sustainability: unclear long-term pricing, scalability of bioreactor production, and cost structure beyond crowdfunding."", ""• Impact measurement: lacks specific metrics for animal welfare impact or environmental benefits compared to conventional leather.""]}, ""Project B"": {""Pros"": [""• Clear value proposition: similar ethical positioning as Project A, with added emotional connection via high-resolution photo of donor cow in limited series."", ""• Strong feasibility: identical development status (prototypes, owned technology) and detailed production roadmap."", ""• Good risk awareness: same identified risks and mitigations as Project A, showing thorough planning."", ""• Enhanced backer engagement: sample swatch and 'pairing' tiers allow physical verification, and donor cow photo adds personal touch.""], ""Cons"": [""• Lacks the digital 'material passport' feature, missing an opportunity for extended transparency and post-purchase engagement."", ""• Similar weaknesses in market size quantification and long-term revenue model sustainability."", ""• Impact evidence plan relies on storytelling (cow profiles) but lacks concrete metrics for broader ethical or environmental impact.""]}}"
"local","5","2","L5.2","3","L5.3","L5.3","plan_3","PROJECT A: Pros: • Strong clarity of value proposition with animal-friendly heirloom jewelry using cultivated leather. • Good market positioning targeting ethical consumers and collectors. • Demonstrated feasibility with prototypes (pendant, card holder) and owned technology. • Clear revenue model from jewelry sales with proposed sample swatch and pairing tiers. • Strong differentiation through cultivated leather technology and donor-cow selection. • Good impact plan with transparency via material passport and durability testing. • Adequate risk awareness with mitigation for cell loss and production variability. Cons: • Market size limited to niche ethical jewelry segment. • Sustainability of high-cost cultivated leather production unproven at scale. • No mention of water-resistance testing, unlike Project B. • Revenue model depends on premium pricing which may limit market penetration. PROJECT B: Pros: • Identical strong value proposition and market positioning as Project A. • Same demonstrated feasibility with prototypes and owned technology. • Additional proposed water-resistance testing addresses key consumer concern. • Clear revenue model with sample swatch and pairing tiers. • Strong differentiation through cultivated leather technology. • Good impact plan with transparency via durability and water-resistance testing. • Adequate risk awareness with same mitigations as Project A. Cons: • Lacks the material passport feature for enhanced transparency. • Same market size limitations as Project A. • Same unproven sustainability at scale. • Same premium pricing limitations. Overall, both projects are nearly identical in core offering, but Project B demonstrates slightly better evidence planning with the additional water-resistance test, while Project A offers slightly better transparency with the material passport. The marginal advantage goes to Project B for addressing a more fundamental consumer concern (water resistance) that directly impacts product usability and perceived quality."
"local","5","2","L5.2","4","L5.4","L5.2","plan_2","{
  ""Project A"": {
    ""Pros"": [
      ""• Clarity of value proposition: Excellent. Clearly states the ethical advantage of cultivated leather from living sanctuary cows, with multiple proposed reward tiers (sample swatch, pairing tier, material passport) that enhance transparency and customer confidence."",
      ""• Market size and demand: Targets a growing niche of ethically conscious consumers in sustainable/animal-friendly fashion and jewelry. The unique story and material could attract early adopters and collectors."",
      ""• Feasibility and development plan: Strong. Shows finished inlays and prototypes, has isolated cells, uses owned patent-pending technology, and outlines specific pilot testing and scaling steps. No regulatory approvals needed simplifies path."",
      ""• Revenue model and sustainability: Clear direct-to-consumer model via crowdfunding. Proposed low-cost sample swatch tier can drive conversion. Long-term sustainability depends on scaling bioreactor production cost-effectively."",
      ""• Differentiation: High. Unique combination of cultivated leather, specific donor cow selection, and material passport creates a strong narrative and product exclusivity."",
      ""• Impact and evidence plan: Good. Plans to share durability test results, offer physical samples for verification, and provide digital traceability via material passport QR codes. This builds trust in a novel material."",
      ""• Risk awareness and mitigation: Good. Identifies key risks (cell loss, material variability, supply chain, delays) and proposes specific mitigations (multiple storage, pilot testing, quality alternatives).""
    ],
    ""Cons"": [
      ""• Market size and demand: The market for high-end, ethically sourced jewelry with cultivated leather is unproven and likely limited to a niche audience initially."",
      ""• Revenue model and sustainability: High production costs of bioreactor-grown leather may limit margins and scalability unless significantly optimized."",
      ""• Feasibility and development plan: Scaling bioreactor production for consistent quality and volume is a complex, untested step for a small team."",
      ""• Risk awareness and mitigation: Does not address potential consumer skepticism or regulatory changes for biofabricated materials, or the risk of high production costs affecting pricing.""
    ]
  },
  ""Project B"": {
    ""Pros"": [
      ""• Clarity of value proposition: Very good. Clearly communicates the ethical leather concept and offers similar proposed tiers (sample swatch, pairing) to build customer trust."",
      ""• Market size and demand: Same target as Project A—ethically conscious consumers in sustainable fashion—with similar appeal."",
      ""• Feasibility and development plan: Strong. Identical to Project A in core development status, prototypes, and roadmap steps, indicating solid technical foundation."",
      ""• Revenue model and sustainability: Clear crowdfunding model with proposed low-cost entry points to drive interest and upsell."",
      ""• Differentiation: High. Same unique cultivated leather and donor cow selection as Project A, making it highly distinct from conventional jewelry."",
      ""• Impact and evidence plan: Good. Plans durability testing and offers sample swatches for physical verification, addressing material quality concerns."",
      ""• Risk awareness and mitigation: Good. Identifies same key risks and mitigations as Project A, showing thorough planning.""
    ],
    ""Cons"": [
      ""• Clarity of value proposition: Slightly less comprehensive than Project A due to lack of the proposed 'material passport' for enhanced traceability and storytelling."",
      ""• Differentiation: Slightly lower than Project A because it lacks the material passport feature, which adds a layer of transparency and engagement."",
      ""• Impact and evidence plan: Less robust than Project A. Missing the material passport means less detailed traceability and educational content for backers, potentially reducing perceived transparency."",
      ""• Market size and demand: Same niche limitation as Project A."",
      ""• Revenue model and sustainability: Same scalability and cost challenges as Project A."",
      ""• Feasibility and development plan: Same scaling challenges as Project A."",
      ""• Risk awareness and mitigation: Same gaps as Project A regarding consumer acceptance and cost risks.""
    ]
  },
  ""Winner Justification"": ""Project A wins overall. Both projects are nearly identical in core technology, team, roadmap, and risk planning. However, Project A demonstrates superior attention to customer trust and transparency by including a proposed 'material passport' (QR code linking to cultivation and donor details). This small but significant addition enhances the impact/evidence plan and differentiation, providing backers with greater traceability and a stronger narrative connection to the product. In a crowdfunding context where trust is paramount for a novel material, this extra layer of transparency gives Project A a clear edge.""
}"
"local","5","2","L5.2","5","L5.5","L5.2","plan_2","{'Project A': {'pros': ['• Clear value proposition: Offers real leather without animal harm, targeting ethical consumers with a compelling story.', '• Strong differentiation: Unique cultivated leather technology with patent-pending plant-based scaffolding and donor-cow selection.', ""• Enhanced transparency: Proposed 'material passport' (QR code) adds traceability and educational value, building trust."", '• Good feasibility: Shows finished prototypes, owns technology/cell lines, and has clear development milestones (cells isolated in 2023, prototypes in 2025).', '• Thoughtful risk mitigation: Addresses cell loss, material variability, and supply-chain issues with specific plans.', '• Credible team: Founder has relevant tissue-engineering and cellular-agriculture experience since 2018.'], 'cons': ['• Market size unclear: No data on demand for high-end ethical jewelry or cultivated leather products.', '• Revenue model/sustainability vague: No pricing, cost structure, or long-term business model details.', '• Limited evidence of demand: No pre-orders, testimonials, or market validation data provided.', '• Scalability concerns: Relies on modular bioreactor adjustments; production scaling for larger batches is untested.', '• High dependency on niche technology: Success hinges on proprietary cultivation process working consistently at scale.']}, 'Project B': {'pros': ['• Clear value proposition: Same compelling ethical leather story as Project A, targeting conscious consumers.', '• Strong differentiation: Same unique technology and donor-cow selection as Project A.', '• Customer feedback integration: Proposed post-campaign survey for sample swatch backers shows intent to iterate based on user input.', '• Good feasibility: Identical development status and team credentials as Project A, with prototypes shown.', '• Identical risk awareness and mitigation as Project A, addressing key technical and operational risks.', '• Focus on validation: Sample swatch tier and durability testing plan help address material quality concerns.'], 'cons': [""• Slightly less transparent than A: No 'material passport' plan, missing an extra layer of traceability."", '• Same market size and revenue model weaknesses as Project A: No market data or sustainable business model.', '• Same lack of demand evidence: No traction metrics, partnerships, or validation beyond prototypes.', '• Same scalability and technology dependency concerns as Project A.', ""• Less comprehensive transparency feature set compared to A's digital passport.""]}, 'comparison': ""Both projects are nearly identical in core technology, problem/solution, team, risks, and development status. Key differences: Project A includes a 'material passport' (QR code) for enhanced transparency, while Project B proposes a post-campaign survey for customer feedback. Both lack market size data, revenue model details, and evidence of demand. Project A's material passport adds more value in traceability and storytelling, which is critical for an ethical product. Project B's feedback survey is useful but less unique. Overall, Project A wins due to its slightly stronger transparency and differentiation through the digital passport, which aligns better with the ethical consumer narrative and addresses potential skepticism about novel materials.""}"
"local","5","3","L5.3","0","L4.1","L5.3","plan_3","Both projects are identical in their core description, presenting the same innovative concept of cultivated leather jewelry from sanctuary cows. They share identical strengths: a clear ethical value proposition targeting a niche but growing market of conscious consumers, a technically detailed development plan with patent-pending technology, a direct-to-consumer revenue model, and strong differentiation through its unique biofabrication process and donor-animal story. Both also demonstrate similar risk awareness regarding cell storage and production consistency. However, a detailed comparison reveals a single, critical difference in their proposed evidence plans. Project A explicitly includes a plan to conduct and share results from a 'small, controlled water-resistance test' in addition to a standard durability test. Project B's roadmap only mentions the durability test. In the context of crowdfunding a novel material for wearable jewelry, where consumer trust and concerns about material performance (like exposure to moisture) are paramount, Project A's more comprehensive testing plan provides greater validation and addresses a wider range of potential backer concerns. This gives Project A a slight but decisive edge in the 'Impact and evidence plan' criterion. Since all other aspects are equal, this advantage determines the winner.

**Project A & B Shared Pros:**
• **Clarity of Value Proposition:** Excellent. Clearly offers real, animal-friendly leather as an ethical alternative to conventional leather, with a compelling narrative.
• **Market Size & Demand:** Targets a defined, passionate niche within sustainable/ethical fashion. The 'first-of-its-kind' and heirloom angles create unique demand.
• **Feasibility & Development Plan:** Strong. Shows prototypes, details a clear, stepwise production roadmap, and owns the core technology. No regulatory hurdles mentioned.
• **Revenue Model & Sustainability:** Clear direct-to-consumer model via crowdfunding with tiered rewards (jewelry, samples). Scalability is addressed via modular bioreactors.
• **Differentiation:** Exceptional. The cultivated leather process, connection to named sanctuary animals, and plant-based scaffold are highly distinctive.
• **Team:** Appears credible with founder expertise in tissue engineering and cellular agriculture, plus partnerships with a sanctuary.
• **Risk Awareness:** Good. Identifies key technical (cell loss, texture variability) and logistical (supply chain, delays) risks with stated mitigation strategies.

**Project A & B Shared Cons:**
• **Market Size & Demand:** The addressable market is likely small and premium, limiting initial scale. Consumer acceptance of 'lab-grown' leather in luxury items is unproven.
• **Feasibility & Development Plan:** Scaling bioreactor production for consistent quality is a complex, untested challenge for a small team. 'Pilot testing' is mentioned but details are vague.
• **Revenue Model & Sustainability:** Long-term cost structure and price competitiveness vs. alternatives (vegan leather, high-end ethical leather) are not discussed.
• **Impact and Evidence Plan (Project B specific con):** Lacks the proposed water-resistance test mentioned in Project A, making its evidence plan slightly less comprehensive for a wearable product.
• **Risk Awareness:** Underestimates potential consumer perception risks (e.g., 'creepy' factor) and does not address the risk of the novel material degrading differently than traditional leather over very long periods (heirloom claim).

**Project A Specific Pro:**
• **Impact and Evidence Plan:** Includes a more robust validation plan by proposing both durability (rub) and water-resistance tests, better addressing consumer concerns about the novel material's performance in real-world use.

**Winner:** Project A wins due to its slightly more thorough and consumer-focused evidence plan, which includes a proposed water-resistance test. In crowdfunding, where building trust in a novel material is critical, this additional layer of demonstrated diligence and transparency provides a marginal but important advantage over the otherwise identical Project B."
"local","5","3","L5.3","1","L5.1","L5.3","plan_3","PROJECT A ANALYSIS:\nPros:\n• Clarity of Value Proposition: Clear, concise statement about animal-friendly real leather from living cows.\n• Market Size & Demand: Targets ethical consumers and early adopters in sustainable/vegan fashion niches.\n• Feasibility & Development Plan: Shows prototypes (pendant, card holder), patent-pending tech, and detailed pilot testing plans.\n• Revenue Model & Sustainability: Direct sales via crowdfunding with tiered rewards; potential for premium pricing due to ethical differentiation.\n• Differentiation: Unique cultivated leather from named sanctuary cows with plant-based scaffold; first-mover in jewelry application.\n• Impact & Evidence Plan: Plans durability and water-resistance tests to build trust; sample swatches allow physical verification.\n• Risk Awareness & Mitigation: Identifies cell storage, texture variability, supply chain, and delivery timing risks with specific mitigations.\nCons:\n• Market Size & Demand: Niche market; demand unproven beyond early adopters.\n• Feasibility & Development Plan: Scaling bioreactor production for jewelry-scale pieces may be untested.\n• Revenue Model & Sustainability: High production costs likely; long-term viability depends on scaling and cost reduction.\n• Differentiation: Leather alternatives (e.g., mushroom, pineapple) exist; must convince consumers cultivated leather is superior.\n• Impact & Evidence Plan: No third-party certifications or lifecycle analysis provided.\n• Risk Awareness & Mitigation: No mention of regulatory considerations for biofabricated materials.\n\nPROJECT B ANALYSIS:\nPros:\n• Clarity of Value Proposition: Identical clear proposition as Project A.\n• Market Size & Demand: Same target market with added emotional connection through donor cow photos.\n• Feasibility & Development Plan: Same prototype status and tech ownership; includes photo production in roadmap.\n• Revenue Model & Sustainability: Same tiered model with potential premium for personalized cow photos.\n• Differentiation: Adds high-resolution donor cow photos to limited series, enhancing emotional connection.\n• Impact & Evidence Plan: Same durability test plans; photos provide tangible evidence of animal welfare.\n• Risk Awareness & Mitigation: Same risk identification as Project A.\nCons:\n• Market Size & Demand: Same niche limitations as Project A.\n• Feasibility & Development Plan: Additional complexity of producing and including cow photos.\n• Revenue Model & Sustainability: Same cost challenges as Project A; photos add expense.\n• Differentiation: Core technology identical to Project A; photos are incremental enhancement.\n• Impact & Evidence Plan: Missing water-resistance test plan that Project A includes.\n• Risk Awareness & Mitigation: Same gaps as Project A; no additional risk mitigation.\n\nCOMPARISON:\nBoth projects are fundamentally identical in technology, team, and core value proposition. Key differences: Project A includes a planned water-resistance test (addressing practical consumer concerns) while Project B adds donor cow photos (enhancing emotional appeal). Project A demonstrates slightly more comprehensive evidence planning with both durability AND water-resistance tests, addressing broader material concerns. Project B's photo addition is a marketing enhancement but doesn't substantively improve feasibility or risk mitigation. Project A's more thorough testing plan provides stronger validation for backers and addresses a wider range of potential objections.\n\nWINNER: PROJECT A wins due to its more comprehensive evidence-gathering plan (including water-resistance testing), which directly addresses consumer concerns about material performance and builds greater credibility for a novel material. While Project B's donor photos add emotional appeal, Project A's focus on material validation is more critical for establishing trust in this innovative product category."
"local","5","3","L5.3","2","L5.2","L5.2","plan_2","{
  ""Project A"": {
    ""Pros"": [
      ""• Clear value proposition: Real leather without animal harm, targeting ethically conscious consumers."",
      ""• Strong differentiation: First-of-its-kind cultivated leather jewelry with unique donor-cow selection option."",
      ""• Feasible development plan: Prototypes exist, no regulatory approvals needed, owned technology."",
      ""• Good risk awareness: Addresses cell storage, material variability, supply chain, and delivery delays."",
      ""• Evidence plan: Proposes durability (rub test) and water-resistance testing to build backer confidence."",
      ""• Sustainable revenue model: Heirloom jewelry positioning suggests premium pricing potential.""
    ],
    ""Cons"": [
      ""• Limited market size: Niche appeal to animal-friendly luxury consumers; may not scale broadly."",
      ""• Unproven demand: No traction data or pre-orders shown for this novel material."",
      ""• Sustainability claims lack verification: No third-party certifications or lifecycle analysis provided."",
      ""• Revenue model dependency: Relies on high-margin jewelry; no clear path to lower-cost applications."",
      ""• Scalability concerns: Bioreactor production for small inlays may face cost challenges at scale."",
      ""• Impact evidence limited: No metrics on animal welfare impact or environmental benefits quantified.""
    ]
  },
  ""Project B"": {
    ""Pros"": [
      ""• All strengths of Project A, plus enhanced transparency with proposed 'material passport' (QR code)."",
      ""• Stronger evidence plan: Digital traceability adds credibility to ethical and production claims."",
      ""• Better addresses backer trust: Sample swatch, pairing tier, and passport create multiple verification points."",
      ""• Improved differentiation: Material passport adds a tech-enabled, storytelling element competitors lack."",
      ""• Sustainable packaging: Uses cultivation byproducts (seed fibers), closing the loop."",
      ""• Experienced team: Founder has relevant tissue-engineering and cellular-agriculture background since 2018.""
    ],
    ""Cons"": [
      ""• Same niche market limitations as Project A."",
      ""• Additional complexity: Material passport development could delay delivery or increase costs."",
      ""• No quantified impact: Still lacks metrics on animal welfare or carbon footprint reduction."",
      ""• Unclear passport implementation: Hosting, content creation, and QR code management add operational risk."",
      ""• Revenue model unchanged: Still dependent on premium jewelry without diversification."",
      ""• Scalability identical to Project A: Bioreactor production challenges remain.""
    ]
  }
}"
"local","5","3","L5.3","4","L5.4","L5.3","plan_3","Project A and Project B are nearly identical in their core description, technology, team, and roadmap. However, Project A demonstrates superior risk awareness and mitigation planning by explicitly including a proposed water-resistance test in its Key Features, Roadmap, and Development Plan sections. This additional, specific test addresses a common consumer concern not mentioned in Project B, showing more thorough foresight. Both projects share the same strengths: a clear, innovative value proposition (animal-friendly real leather), a defined niche market, demonstrated feasibility with prototypes and owned technology, a direct revenue model, strong differentiation via cultivated leather and donor stories, and a credible team. Their weaknesses are also identical: unquantified market size, reliance on a novel and potentially costly production process for scaling, and limited evidence of consumer demand beyond crowdfunding interest. Given the parity in all other criteria, Project A's more comprehensive risk mitigation plan gives it a slight edge.

Project A Pros:
• Clear, innovative value proposition: real leather without animal harm.
• Strong differentiation via cultivated leather technology and donor-animal story.
• Demonstrated feasibility with prototypes, owned technology, and clear development steps.
• Direct revenue model from product sales.
• Credible team with tissue-engineering and cellular-agriculture expertise.
• Includes plans for durability AND water-resistance testing, showing thorough risk mitigation.

Project A Cons:
• Market size and demand are assumed but not quantified.
• Scaling bioreactor production for jewelry may be complex and costly.
• Long-term sustainability of the revenue model depends on scaling production efficiently.
• Limited evidence of consumer demand beyond the crowdfunding campaign.

Project B Pros:
• Clear, innovative value proposition: real leather without animal harm.
• Strong differentiation via cultivated leather technology and donor-animal story.
• Demonstrated feasibility with prototypes, owned technology, and clear development steps.
• Direct revenue model from product sales.
• Credible team with tissue-engineering and cellular-agriculture expertise.

Project B Cons:
• Market size and demand are assumed but not quantified.
• Scaling bioreactor production for jewelry may be complex and costly.
• Long-term sustainability of the revenue model depends on scaling production efficiently.
• Limited evidence of consumer demand beyond the crowdfunding campaign.
• Risk mitigation plan is slightly less comprehensive than Project A's, omitting explicit mention of water-resistance testing."
"local","5","3","L5.3","5","L5.5","L5.3","plan_3","PROJECT A PROS:
• Clear value proposition: animal-friendly real leather from living sanctuary cows.
• Strong differentiation via limited series with named donor cows and material traceability.
• Detailed feasibility plan with specific technical steps (pilot testing, scaffold inspection).
• Multiple revenue tiers (jewelry, sample swatches, pairing options) enhance sustainability.
• Proactive risk mitigation: addresses cell storage, material variability, supply chain.
• Evidence plan includes durability and water-resistance testing to build credibility.

PROJECT A CONS:
• Market size limited to niche ethical luxury consumers.
• High production complexity with bioreactor scaling challenges.
• Material longevity and consumer acceptance unproven.

PROJECT B PROS:
• Identical core value proposition and differentiation strengths as Project A.
• Additional feedback mechanism: post-campaign survey for sample swatch backers to guide production.
• Strong team credentials and proprietary technology.

PROJECT B CONS:
• Missing water-resistance testing mentioned in Project A's evidence plan.
• Less comprehensive durability evidence plan compared to Project A.
• Identical market limitations and production risks as Project A.

Both projects share identical core descriptions, but Project A demonstrates slightly stronger evidence planning with both durability AND water-resistance testing proposed, while Project B adds a valuable feedback survey but omits the water-resistance test. Project A's more comprehensive material validation plan gives it an edge in risk mitigation and credibility building for this novel material."
"local","5","4","L5.4","0","L4.1","tie","tie","Exact same normalized text; skipped LLM call."
"local","5","4","L5.4","1","L5.1","L5.1","plan_1","{
  ""Project A"": {
    ""Pros"": [
      ""• Clear value proposition: Offers ethically sourced real leather without animal harm, targeting conscious consumers."",
      ""• Strong differentiation: Uses patent-pending plant-based scaffolding and cultivated leather technology."",
      ""• Feasible development plan: Shows prototypes, owns technology, and has no regulatory hurdles."",
      ""• Good risk awareness: Identifies cell storage, material variability, and supply chain risks with mitigation plans."",
      ""• Evidence plan: Proposes durability testing and sample swatches to build backer confidence.""
    ],
    ""Cons"": [
      ""• Market size unquantified: No data on target audience size or demand validation."",
      ""• Revenue model unclear: No pricing, unit economics, or long-term sustainability details."",
      ""• Impact evidence limited: No metrics on animal welfare impact or scalability of sanctuary model."",
      ""• Scalability concerns: Relies on modular bioreactors but no details on production capacity or cost scaling.""
    ]
  },
  ""Project B"": {
    ""Pros"": [
      ""• Enhanced value proposition: Includes donor cow photos in limited series, strengthening emotional connection."",
      ""• Strong differentiation: Same tech as A but adds personalized storytelling element."",
      ""• Feasible development plan: Includes photo production in roadmap, showing attention to detail."",
      ""• Good risk awareness: Same thorough risk identification as A."",
      ""• Better evidence plan: Combines durability testing, samples, and visual proof of ethical sourcing.""
    ],
    ""Cons"": [
      ""• Same market size limitation: No demand quantification."",
      ""• Same revenue model weakness: No financial sustainability details."",
      ""• Added complexity: Donor photos increase production steps without addressing core scalability."",
      ""• Same impact evidence gap: No measurable impact metrics.""
    ]
  }
}"
"local","5","4","L5.4","2","L5.2","L5.2","plan_2","{
  ""Project A"": {
    ""Pros"": [
      ""• Clarity of Value Proposition: Clearly defines an ethical alternative to conventional leather using cultivated technology, with a tangible product (jewelry) as proof of concept."",
      ""• Feasibility and Development Plan: Shows concrete progress with prototypes (pendant, card holder) and a clear roadmap for pilot testing, production, and delivery. Owns the technology and cell lines, reducing dependency risks."",
      ""• Differentiation: Unique combination of cultivated leather, heirloom jewelry positioning, and optional donor-cow selection creates a strong niche appeal."",
      ""• Risk Awareness and Mitigation: Identifies specific risks (cell loss, texture variability, supply chain) and proposes reasonable mitigations (multi-site storage, pilot testing).""
    ],
    ""Cons"": [
      ""• Market Size and Demand: Targets a niche audience (ethical luxury consumers), which may limit scalability despite high appeal to that segment."",
      ""• Revenue Model and Sustainability: Relies on one-time jewelry sales; lacks clarity on long-term pricing, recurring revenue streams, or cost reduction plans for bioreactor scaling."",
      ""• Impact and Evidence Plan: While prototypes exist, no independent durability test results or third-party validation of ethical claims are presented yet.""
    ]
  },
  ""Project B"": {
    ""Pros"": [
      ""• Clarity of Value Proposition: Adds a 'material passport' (QR code) to enhance transparency and storytelling, strengthening the ethical and innovative narrative."",
      ""• Differentiation: Includes all of Project A's features plus the digital passport, offering better traceability and engagement for backers interested in provenance."",
      ""• Impact and Evidence Plan: The material passport provides a structured way to share evidence (cultivation details, donor profiles), potentially building trust and community."",
      ""• Feasibility and Development Plan: Similarly robust to Project A, with added steps for digital content creation, which is low-risk and scalable.""
    ],
    ""Cons"": [
      ""• Market Size and Demand: Same niche limitation as Project A; the added digital feature may not significantly expand the addressable market."",
      ""• Revenue Model and Sustainability: Also lacks a clear long-term monetization strategy beyond initial sales; digital passport adds minor cost without clear revenue upside."",
      ""• Risk Awareness and Mitigation: Identical to Project A; does not address additional risks from the digital component (e.g., data hosting, QR code maintenance).""
    ]
  }
}"
"local","5","4","L5.4","3","L5.3","L5.3","plan_3","PROJECT A: Pros: • Clear, specific value proposition of animal-friendly real leather with unique donor connection. • Targets a defined niche market of ethically-conscious jewelry buyers. • Demonstrates strong feasibility with existing prototypes, patent-pending technology, and clear ownership. • Revenue model based on direct sales of heirloom jewelry with potential for limited series. • Strong differentiation through cultivated leather technology and sanctuary donor story. • Good impact plan via animal welfare positioning and material innovation evidence. • Good risk awareness with specific mitigations for cell loss, variability, and supply chain. Cons: • Market size limited to premium ethical jewelry segment. • Revenue sustainability dependent on continuous consumer interest in novel material. • Limited evidence plan beyond durability testing. PROJECT B: Pros: • Identical strong value proposition, feasibility, differentiation, and risk mitigation as Project A. • Enhanced evidence plan with proposed water-resistance testing in addition to durability testing, addressing a key consumer concern for wearable materials. • This additional testing plan demonstrates greater proactive consideration of product validation and backer reassurance. Cons: • Same limitations as Project A regarding market size and revenue sustainability. • No other substantive improvements over Project A beyond the added testing plan. Both projects are fundamentally identical in their core description, team, technology, and plans. The only discernible difference is that Project B includes an additional proposed plan to conduct and share water-resistance test results. This represents a marginal but meaningful improvement in the 'Impact and evidence plan' criterion, showing slightly more thorough consideration of product validation and addressing potential backer concerns about a wearable material's performance. It does not introduce new risks or complexities. Therefore, Project B wins based on this slight edge in evidence planning."
"local","5","4","L5.4","5","L5.5","L5.5","plan_5","PROJECT A: Pros: • Clear value proposition: Real leather without animal harm, with specific technical details. • Strong differentiation: First-of-its-kind cultivated leather jewelry with named donor animals. • Good feasibility: Shows prototypes, patent-pending technology, no outside approvals needed. • Good risk awareness: Identifies specific technical and supply chain risks with mitigation plans. Cons: • Limited market validation: No evidence of demand beyond general ethical consumer appeal. • Revenue model unclear: No pricing or long-term sustainability plan presented. • Limited impact evidence: No plan to measure or communicate broader impact beyond individual backers. • No customer feedback loop: Missing mechanism to incorporate backer input into production. PROJECT B: Pros: • All strengths of Project A plus additional customer engagement: Includes proposed post-campaign survey to gather feedback on texture/color. • Better evidence plan: Survey creates mechanism for iterative improvement and validation. • Stronger development roadmap: Incorporates customer feedback into production planning. • Maintains all technical advantages and risk mitigation of Project A. Cons: • Same limitations as Project A regarding market size quantification and revenue model. • Survey adds minor complexity without addressing core business model questions. • Still lacks traction evidence or partnership details beyond initial development. Overall: Both projects are identical in most respects, sharing the same innovative technology, ethical positioning, development status, and risk profile. Project B demonstrates slightly better strategic thinking by incorporating a customer feedback mechanism (post-campaign survey) that addresses potential concerns about material quality and creates a data collection plan. This small but meaningful addition shows greater awareness of product-market fit validation and iterative improvement. While neither project addresses all criteria comprehensively, Project B's inclusion of a feedback loop gives it a slight edge in evidence planning and potential for refinement based on customer input."
"local","5","5","L5.5","0","L4.1","L5.5","plan_5","Both projects are identical in core concept, technology, team, and most described plans. The only discernible difference is that Project A includes one additional proposed feature: a post-campaign survey for sample swatch backers to gather feedback on texture and color to guide future production. This indicates a slightly more developed plan for customer engagement and iterative product improvement. However, this difference is minor. Both projects share identical strengths and weaknesses across all evaluation criteria. Strengths include a clear, innovative value proposition (animal-friendly real leather), a defined niche market, demonstrated technical feasibility with prototypes, a plausible revenue model, strong differentiation via cultivated leather and donor story, and clear risk awareness. Weaknesses include a potentially limited total addressable market (luxury ethical jewelry), unproven scalability of bioreactor production, high product costs likely limiting mass adoption, and reliance on a novel material whose long-term consumer acceptance is untested. Given the near-identical nature of the projects, the marginal advantage in iterative development planning gives Project A a slight edge."
"local","5","5","L5.5","1","L5.1","L5.5","plan_5","PROJECT A PROS: • Clear value proposition: Real leather without animal harm, tangible product with jewelry focus • Good market targeting: Appeals to ethical consumers and early adopters of novel materials • Strong feasibility: Shows prototypes, patent-pending technology, no regulatory hurdles • Clear revenue model: Direct sales of jewelry pieces with tiered pricing • Good differentiation: Unique cultivated leather from named sanctuary animals • Evidence plan: Proposed durability testing and sample swatches for verification • Risk awareness: Identifies technical and supply chain risks with mitigation plans
PROJECT A CONS: • Market size limited to niche luxury/ethical jewelry segment • Sustainability claims need validation beyond vegetable tanning • Scaling bioreactor production unproven at commercial levels • High production costs likely limit mass market appeal
PROJECT B PROS: • Identical strong value proposition and market targeting • Enhanced evidence plan: Includes high-resolution donor cow photos for limited series • Same strong feasibility with prototypes and owned technology • Slightly more comprehensive packaging experience • Good risk mitigation identical to Project A
PROJECT B CONS: • Same market size limitations as Project A • No additional differentiation beyond photo inclusion • Same scaling and cost challenges • Slightly higher production costs for photo inclusion without clear added value
WINNER ANALYSIS: Both projects are nearly identical in core substance. Project B adds a minor enhancement (donor cow photos) but this doesn't substantially improve any evaluation criteria. Project A shows slightly more thoughtful customer feedback mechanisms with its proposed post-campaign survey for sample swatch backers, suggesting better iteration planning. Since both projects share identical strengths and weaknesses across all major criteria, and Project B's addition doesn't meaningfully improve market potential, feasibility, or differentiation, Project A wins by maintaining the same value with potentially lower complexity."
"local","5","5","L5.5","2","L5.2","L5.2","plan_2","PROJECT A ANALYSIS:\nPros:\n• Clear value proposition: Ethically sourced real leather without animal harm, with tangible product examples\n• Addresses a genuine market gap: Animal-friendly luxury jewelry with authentic leather properties\n• Strong feasibility plan: Shows existing prototypes (pendant, card holder), patent-pending technology, clear development milestones\n• Multiple revenue streams: Jewelry pieces, sample swatches, pairing tiers\n• Good differentiation: First-of-its-kind cultivated leather from specific named animals\n• Evidence plan: Proposed durability testing and post-campaign feedback collection\n• Risk awareness: Identifies cell preservation, quality consistency, and supply chain risks with mitigation strategies\n\nCons:\n• Limited market size data: No quantification of target market or demand\n• Unclear sustainability model: No long-term business model beyond crowdfunding\n• Production scalability concerns: Bioreactor scaling mentioned but not detailed\n• No transparency mechanism: Lacks digital traceability features\n\nPROJECT B ANALYSIS:\nPros:\n• All advantages of Project A PLUS additional transparency feature\n• Enhanced value proposition: Includes digital 'material passport' for traceability\n• Stronger differentiation: Combines physical product with digital provenance tracking\n• Better impact evidence: QR code system provides verifiable origin story\n• More comprehensive offering: Addresses modern consumer demand for supply chain transparency\n\nCons:\n• Same limitations as Project A regarding market quantification and long-term sustainability\n• Additional complexity: Digital passport development adds another deliverable\n• Potential technical challenges: Hosting and maintaining digital content long-term\n\nBoth projects are identical in core technology, team, development status, and most features. Project B adds one significant enhancement: the digital material passport. This provides:\n1. Greater transparency and trust-building with consumers\n2. Enhanced storytelling capability (connecting product to specific animal and process)\n3. Better alignment with modern luxury consumer expectations for provenance\n4. Additional competitive differentiation in the ethical products space\n\nThe material passport addresses a key concern for ethical luxury consumers - verifiability of claims - without adding substantial risk or complexity. This makes Project B marginally stronger across multiple criteria, particularly in differentiation and impact evidence.\n\nWINNER: PROJECT B - While both projects are fundamentally the same, Project B's inclusion of a digital material passport provides meaningful additional value in transparency and consumer trust at minimal additional risk, giving it a slight but decisive edge in today's market where provenance verification is increasingly important."
"local","5","5","L5.5","3","L5.3","L5.3","plan_3","{""Project A"": {""Pros"": [""• Clear, specific value proposition: animal-friendly real leather from living sanctuary cows, with detailed technical explanation and proposed sample swatch tier for customer verification."", ""• Strong differentiation: unique cultivated leather technology, patent-pending plant-based scaffold, and emotional connection via named donor cow selection."", ""• Good feasibility evidence: shows finished jewelry inlays, describes prototypes (pendant, card holder), owns technology and cell lines, no outside approvals required."", ""• Thoughtful risk mitigation: addresses cell loss (multiple storage facilities), material variability (pilot testing, scaffold inspection), and supply chain issues."", ""• Proactive customer engagement: proposes post-campaign survey for sample swatch backers to gather feedback on texture/color for future production.""], ""Cons"": [""• Market size limited to niche ethical/sustainable jewelry consumers; demand unquantified."", ""• Revenue model sustainability unclear beyond initial crowdfunding; no long-term pricing or scaling strategy mentioned."", ""• Impact evidence plan limited to proposed durability test; no broader environmental or ethical impact metrics."", ""• High technical complexity in bioreactor cultivation could lead to production delays or quality issues.""]}, ""Project B"": {""Pros"": [""• Identical strong value proposition and differentiation as Project A."", ""• Enhanced evidence plan: adds proposed water-resistance test alongside durability test, addressing more consumer concerns about material performance."", ""• Same strong feasibility evidence: finished inlays, prototypes, owned technology, no external approvals."", ""• Identical thoughtful risk mitigation strategies."", ""• Clear development roadmap with specific technical steps (pilot testing, scaffold inspection, tanning ingredient preparation).""], ""Cons"": [""• Identical market size limitations and unquantified demand."", ""• Identical unclear revenue model sustainability beyond crowdfunding."", ""• Impact evidence still limited despite additional material test; no broader impact metrics."", ""• Identical high technical complexity risks."", ""• Slightly less customer feedback mechanism than Project A (no proposed post-campaign survey).""]}}"
"local","5","5","L5.5","4","L5.4","L5.5","plan_5","{
  ""Project A"": {
    ""Pros"": [
      ""• Clarity of Value Proposition: Strongly communicates an ethical, animal-friendly alternative to traditional leather with a clear 'heirloom' positioning. The inclusion of specific donor cow profiles adds emotional resonance."",
      ""• Feasibility and Development Plan: Shows concrete progress with prototypes (pendant, card holder) and clear ownership of technology. The detailed roadmap includes pilot testing, scaffold inspection, and specific plans for reward tiers."",
      ""• Differentiation: High. The combination of cultivated leather from named sanctuary animals, plant-based scaffolding, and a transparent material verification process (sample swatches, durability tests) is distinctive."",
      ""• Impact and Evidence Plan: Excellent. Proposes sharing durability test results and a post-campaign survey for backers of sample swatches to gather feedback, demonstrating a commitment to transparency and iterative improvement."",
      ""• Risk Awareness and Mitigation: Identifies key technical (cell loss, texture variability) and logistical (supply chain, delivery times) risks with specific, plausible mitigations.""
    ],
    ""Cons"": [
      ""• Market Size and Demand: Niche. Targets a specific segment of ethically-conscious jewelry buyers. The high-tech, novel nature may limit mass appeal despite the clear problem statement."",
      ""• Revenue Model and Sustainability: Unclear long-term scalability and cost structure. While funds are for production, the reliance on bioreactor scaling and potential high costs of small-batch cultivated leather raise questions about post-campaign viability.""
    ]
  },
  ""Project B"": {
    ""Pros"": [
      ""• Clarity of Value Proposition: Identical to Project A, effectively framing the ethical problem and solution."",
      ""• Market Size and Demand: Same as Project A, addressing the same niche."",
      ""• Feasibility and Development Plan: Same demonstrated progress and clear ownership as Project A. Roadmap is solid and includes key production steps."",
      ""• Differentiation: High, sharing the same core innovative technology and ethical story as Project A."",
      ""• Risk Awareness and Mitigation: Identical, well-identified risks with the same mitigations as Project A.""
    ],
    ""Cons"": [
      ""• Impact and Evidence Plan: Less robust than Project A. Lacks the proposed post-campaign survey to gather backer feedback on material properties, which is a missed opportunity for validation and community engagement."",
      ""• Revenue Model and Sustainability: Same concerns as Project A regarding scalability and cost.""
    ]
  },
  ""Comparison"": ""Both projects are fundamentally identical in their core description, technology, team, risks, and most plans. The critical difference lies in Project A's more comprehensive evidence and engagement strategy. Project A explicitly proposes a post-campaign survey for sample swatch backers to gather feedback on texture and color, which demonstrates a higher level of customer-centric iteration, validation, and transparency. This subtle but important addition strengthens its assessment in 'Impact and Evidence Plan' and shows a more refined approach to de-risking the novel product through direct user input. In crowdfunding, where building trust is paramount, this additional layer of planned feedback and communication gives Project A a slight but decisive edge.""
}"
"local","6","0","L5.2","1","L6.1","L6.1","plan_1","Project A and Project B are nearly identical, sharing the same core concept, problem statement, solution, team, risks, and technical details. Both projects propose a line of heirloom jewelry using cultivated leather from sanctuary cows, with identical proposed reward tiers (donor selection, sample swatch, pairing tier, material passport). The only discernible difference is that Project B includes one additional proposed feature: a 'high-resolution, downloadable video showing the cultivated leather's texture and response to bending/flexing' as part of its material passport content to visually address durability questions. This minor addition in Project B slightly improves its transparency and evidence plan (Criterion 6) by offering a more direct way to demonstrate a key material property, which could help mitigate backer concerns about a novel material's feel and durability. However, this is a proposed plan, not a completed deliverable, and both projects otherwise share identical strengths and weaknesses across all other criteria. Their shared strengths include a clear, innovative value proposition (ethical real leather), a defined niche market, a founder with relevant expertise, and a detailed development plan. Their shared weaknesses include an unproven revenue model for long-term sustainability, high reliance on novel biotech for a luxury good, undefined market size, and risks related to material consistency and scaling production. The difference is so marginal that neither project has a decisive overall advantage, but based strictly on the provided text, Project B's extra proposed transparency measure gives it a slight edge in addressing a critical uncertainty for backers."
"local","6","0","L5.2","2","L6.2","L6.2","plan_2","{
  ""Project A"": {
    ""Pros"": [
      ""• Clear value proposition: Offers real, animal-friendly leather jewelry from living donor cows, addressing ethical concerns in fashion."",
      ""• Feasible development plan: Shows progress with prototypes (pendant, card holder), patent-pending scaffold, and no external approvals needed."",
      ""• Strong differentiation: Unique cultivated leather technology, donor-cow selection, and material passport enhance transparency and novelty."",
      ""• Risk awareness: Identifies key risks (cell loss, texture variability) with specific mitigations (multi-facility storage, pilot testing).""
    ],
    ""Cons"": [
      ""• Limited market validation: No evidence of demand size or traction beyond niche ethical consumers."",
      ""• Unclear revenue model: Focuses on one-time crowdfunding rewards without long-term sustainability plan."",
      ""• Vague impact evidence: Lacks concrete metrics or comparison data to demonstrate material superiority."",
      ""• Scaling concerns: Modular bioreactor adjustment mentioned but no detailed production or cost scaling roadmap.""
    ]
  },
  ""Project B"": {
    ""Pros"": [
      ""• All strengths of Project A, plus enhanced clarity: Proposed comparison chart improves value proposition by directly contrasting cultivated leather with alternatives."",
      ""• Better evidence plan: Comparison chart addresses backer education and material validation, strengthening impact assessment."",
      ""• Slightly stronger differentiation: Additional feature (chart) helps position product in crowded sustainable materials market.""
    ],
    ""Cons"": [
      ""• Same core weaknesses as Project A: No market size data, unclear long-term revenue model, scaling concerns remain."",
      ""• Added complexity: Chart creation requires resources without clear ROI in crowdfunding context."",
      ""• No additional risk mitigation: Does not address risks beyond Project A's baseline.""
    ]
  }
}"
"local","6","0","L5.2","3","L6.3","L5.2","plan_0","Project A and Project B are nearly identical, sharing the same core technology, value proposition, team, and development status. Both projects are highly innovative, targeting the ethical luxury/sustainable jewelry market with a novel cultivated leather product. They clearly articulate the problem (animal harm in conventional leather), present a technically feasible solution with patent-pending scaffolding, and demonstrate strong differentiation through their unique material story and connection to specific sanctuary animals. Both show good risk awareness (cell storage, material variability) and propose evidence plans like durability tests and material passports. The key difference is that Project B adds one extra proposed feature: a reward tier where backers can submit names for future donor cows. This is a minor addition that slightly increases community engagement but does not fundamentally alter the product, market, feasibility, or risk profile. It adds a small layer of complexity to the roadmap and use of funds without providing a significant competitive advantage. Therefore, the core assessment across all criteria is identical, making Project A the slightly stronger candidate due to its more focused execution plan without the extra administrative element.\n\n**Project A Pros:**\n• Clear, compelling value proposition: real leather without animal slaughter, with a transparent origin story.\n• Targets a growing niche market of ethical consumers and collectors interested in sustainable luxury.\n• Development appears feasible; team has relevant expertise, owns the technology, and shows prototypes. Roadmap is detailed and logical.\n• Revenue model is direct sales via crowdfunding, with potential for future limited series. Sustainability is tied to the ethical production method.\n• High differentiation through first-of-its-kind material, connection to named animals, and material passport for transparency.\n• Strong impact plan: promotes animal welfare, offers evidence via durability tests and sample swatches to build trust.\n• Good risk awareness: identifies key technical and logistical risks (cell loss, material variability, supply chain) with specific mitigation strategies.\n\n**Project A Cons:**\n• Market size for high-end, niche ethical jewelry is likely limited.\n• Long-term scalability of bioreactor production for small inlays is unproven.\n• Revenue model beyond initial crowdfunding is not detailed.\n• Consumer acceptance of cultivated leather as 'real' and durable is an unaddressed market risk.\n• All 'proposed' reward tiers and features add execution complexity.\n\n**Project B Pros:**\n• All the pros of Project A apply equally.\n• Additional proposed naming tier could foster stronger community engagement and brand loyalty.\n\n**Project B Cons:**\n• All the cons of Project A apply equally.\n• The additional naming tier is a distraction that adds administrative overhead (collecting, judging names) and commits future production to using those names, adding a minor constraint without clear benefit.\n\n**Overall Winner:** Project A wins due to its identical core strengths and slightly more focused execution plan. Project B's added feature does not provide enough additional value to offset the minor increase in complexity."
"local","6","0","L5.2","4","L6.4","L6.4","plan_4","PROJECT A:
• Pros:
  1. Clear value proposition: Real leather without animal harm, with heirloom quality.
  2. Addresses a niche market: Ethically conscious consumers seeking sustainable, animal-friendly luxury.
  3. Feasible development plan: Prototypes exist, no regulatory approvals needed, technology owned.
  4. Revenue model: Direct sales via crowdfunding, with tiered rewards (jewelry, sample swatches).
  5. Strong differentiation: Uses cultivated leather from named sanctuary cows, plant-based scaffold, full transparency.
  6. Impact plan: Promotes animal welfare, reduces reliance on traditional leather, offers material passports for traceability.
  7. Risk awareness: Identifies cell loss, material variability, supply chain issues, and delays; has mitigation strategies.
• Cons:
  1. Market size may be limited to niche luxury/ethical consumers.
  2. Scalability of bioreactor production for larger demand is untested.
  3. Durability of cultivated leather in jewelry applications is unproven (though testing is planned).
  4. High cost likely due to bespoke production, limiting mass-market appeal.
  5. Dependence on a small number of donor cows could constrain supply.

PROJECT B:
• Pros:
  1. All strengths of Project A, plus enhanced transparency: Includes a vial of scaffold material (kapok fiber) in rewards.
  2. Stronger evidence plan: Scaffold sample provides tangible proof of innovation and material story.
  3. Better addresses backer skepticism: Physical scaffold sample adds credibility to the cultivation process.
  4. More immersive storytelling: Connects backers directly to the material's origin (cow cells + plant scaffold).
  5. Maintains all other advantages: Clear ethics, developed prototypes, owned IP, risk mitigation.
• Cons:
  1. Same market limitations as Project A (niche luxury).
  2. Added complexity and cost from producing and including scaffold vials.
  3. Potential for increased fulfillment delays due to extra component (scaffold vial).
  4. No significant improvement in scalability or durability over Project A.
  5. Risk that the scaffold sample may not add perceived value proportional to its cost/effort.

Comparison: Both projects are identical in core technology, team, and most plans. Project B edges out with a subtle but meaningful enhancement: including a scaffold sample vial. This strengthens differentiation, transparency, and evidence—key factors for crowdfunding backers who value proof and story. It addresses skepticism more tangibly without adding substantial risk or complexity. Therefore, Project B wins for its slightly superior execution in building trust and immersive backer experience."
"local","6","0","L5.2","5","L6.5","L6.5","plan_5","{""Project A"": {""Pros"": [""• Clear value proposition: Offers real, animal-friendly leather jewelry with a compelling ethical story."", ""• Strong differentiation: Unique cultivated leather from named sanctuary cows provides a novel, traceable product."", ""• Good feasibility: Shows finished prototypes, patent-pending technology, and a clear development plan with no regulatory hurdles."", ""• Proactive risk mitigation: Addresses cell storage, material variability, and supply chain risks with specific plans."", ""• Experienced founder: Tissue-engineering and cellular-agriculture expertise lends credibility.""], ""Cons"": [""• Limited market size: Niche appeal to ethically-conscious jewelry buyers; high price point likely."", ""• Unclear revenue model: No pricing or long-term business strategy; dependent on crowdfunding for production."", ""• Material durability concerns: Only proposes a rub test; lacks comprehensive performance validation for a wearable product."", ""• Scalability questions: Bioreactor scaling for jewelry-sized pieces is mentioned but not detailed."", ""• Impact evidence limited: Relies on ethical narrative rather than quantified environmental or welfare impact.""]}, ""Project B"": {""Pros"": [""• Clear value proposition: Identical strong ethical and product story as Project A."", ""• Enhanced material validation: Proposes both rub test and water-resistance test, addressing more backer concerns about durability and performance."", ""• Strong differentiation: Same unique donor-cow story and traceability features."", ""• Good feasibility: Same prototype status, owned technology, and clear development steps."", ""• Proactive risk mitigation: Same risk awareness plus additional testing to mitigate material performance uncertainty."", ""• Experienced founder: Same credible team background.""], ""Cons"": [""• Same limited market size: Niche, likely premium market."", ""• Same unclear revenue model: No pricing or sustainability plan beyond crowdfunding."", ""• Same scalability questions: Bioreactor scaling not detailed."", ""• Same limited impact evidence: Relies on narrative rather than data."", ""• Slightly increased complexity: Additional testing adds a step but does not fundamentally address core business challenges.""]}}"
"local","6","1","L6.1","0","L5.2","L6.1","plan_1","{
  ""Project A"": {
    ""Pros"": [
      ""• Clarity of value proposition: Excellent. Clearly defines the ethical alternative to conventional leather while preserving material qualities. The 'material passport' with video enhances transparency."",
      ""• Feasibility and development plan: Strong. Shows finished inlays, prototypes from early 2025, and detailed pilot testing plans. Patent-pending technology owned by creators."",
      ""• Revenue model and sustainability: Good. Multiple reward tiers (sample swatch, pairing, full jewelry) create accessible entry points and potential for upselling."",
      ""• Differentiation: High. Unique cultivated leather technology with specific donor cow selection creates emotional connection and exclusivity."",
      ""• Impact and evidence plan: Strong. Proposes durability testing (rub test) and includes high-resolution video of material properties in passport content."",
      ""• Risk awareness and mitigation: Good. Identifies specific risks (cell loss, texture variability) with concrete mitigation strategies.""
    ],
    ""Cons"": [
      ""• Market size and demand: Moderate. Targets niche ethical jewelry market; no quantification of addressable market size."",
      ""• Revenue model and sustainability: Unclear long-term pricing strategy beyond crowdfunding campaign."",
      ""• Differentiation: Technology risk if competitors emerge with similar cultivated leather approaches."",
      ""• Impact and evidence plan: Limited evidence of consumer demand validation beyond prototype stage.""
    ]
  },
  ""Project B"": {
    ""Pros"": [
      ""• Clarity of value proposition: Good. Same core ethical value proposition as Project A."",
      ""• Market size and demand: Same as Project A - targets ethical jewelry consumers."",
      ""• Feasibility and development plan: Good. Same technical foundation and development status as Project A."",
      ""• Revenue model and sustainability: Good. Same tiered reward structure as Project A."",
      ""• Differentiation: Same core technology and donor cow selection as Project A."",
      ""• Risk awareness and mitigation: Same risk identification and mitigation as Project A.""
    ],
    ""Cons"": [
      ""• Clarity of value proposition: Slightly weaker than A. Lacks the proposed video content in material passport for enhanced transparency."",
      ""• Impact and evidence plan: Weaker than A. Missing the proposed high-resolution video showing leather texture and flex, which would provide stronger evidence of material quality."",
      ""• Differentiation: Identical to Project A but with slightly less comprehensive evidence presentation."",
      ""• Feasibility and development plan: Slightly less detailed than A regarding visual evidence of material properties.""
    ]
  }
}"
"local","6","1","L6.1","2","L6.2","L6.1","plan_1","{
  ""Project A"": {
    ""Pros"": [
      ""• Clarity of value proposition: Excellent. Clearly positions itself as real leather without animal harm, with specific technical details and proposed transparency measures."",
      ""• Feasibility and development plan: Strong. Shows concrete prototypes (pendant, card holder), patent-pending technology, and a detailed, phased roadmap including durability testing."",
      ""• Differentiation: High. The proposed 'material passport' includes a high-resolution video demonstrating texture and flex, addressing durability concerns directly and uniquely."",
      ""• Impact and evidence plan: Good. Plans to share durability test results and provide physical sample swatches offer tangible evidence to backers."",
      ""• Risk awareness and mitigation: Adequate. Identifies key technical and logistical risks (cell loss, texture variability) with specific mitigation strategies.""
    ],
    ""Cons"": [
      ""• Market size and demand: Unquantified. Targets a niche within sustainable/ethical jewelry; no market size data or demand validation provided."",
      ""• Revenue model and sustainability: Unclear long-term model. Focused on crowdfunding rewards; scalability of bioreactor production for sustained commercial sales is not detailed."",
      ""• Differentiation: While strong, relies heavily on proposed features (video passport) not yet executed.""
    ]
  },
  ""Project B"": {
    ""Pros"": [
      ""• Clarity of value proposition: Very good. Same core ethical and material proposition as Project A, clearly communicated."",
      ""• Differentiation: Good. Proposes a comparison chart to traditional leather and vegan alternatives, which helps educate backers and position the product."",
      ""• Market size and demand: Implicitly addressed through comparison chart, which helps define the competitive landscape and potential customer rationale."",
      ""• Feasibility and development plan: Strong. Identical to Project A in core technical milestones and roadmap, indicating solid groundwork.""
    ],
    ""Cons"": [
      ""• Impact and evidence plan: Weaker than A. Lacks the proposed high-resolution video evidence of material properties, relying more on static charts and descriptions."",
      ""• Revenue model and sustainability: Same issue as A—unclear long-term commercial model beyond initial rewards."",
      ""• Risk awareness and mitigation: Identical to A, but no additional mitigations proposed for the key challenge of convincing backers of material quality and durability."",
      ""• Differentiation: The comparison chart is useful but less compelling and less direct as evidence than Project A's proposed hands-on video demonstration.""
    ]
  }
}"
"local","6","1","L6.1","3","L6.3","L6.1","plan_1","{
  ""Project A"": {
    ""Pros"": [
      ""• Clarity of Value Proposition: Clearly defines the ethical alternative to conventional leather using cultivated cells from living sanctuary cows, with a tangible product (jewelry) and proposed sample swatches for verification."",
      ""• Feasibility and Development Plan: Shows concrete progress with finished inlays, prototypes from 2025, patent-pending technology, and a detailed roadmap including pilot testing and scaffold inspection."",
      ""• Differentiation: Unique combination of biotechnology (cultivated leather), ethical sourcing (sanctuary cows), and heirloom jewelry, with proposed material passports and durability testing to build trust."",
      ""• Impact and Evidence Plan: Proposes tangible evidence through sample swatches, durability tests, and high-resolution video content to demonstrate material quality and origin."",
      ""• Risk Awareness and Mitigation: Identifies specific risks (cell loss, texture variability, supply chain issues) and outlines mitigations (multiple storage facilities, pilot testing, quality alternatives).""
    ],
    ""Cons"": [
      ""• Market Size and Demand: Targets a niche audience (ethical jewelry buyers and cultivated material enthusiasts) without quantified market data or validation of broader demand."",
      ""• Revenue Model and Sustainability: Relies on crowdfunding for production; long-term scalability and pricing strategy for bioreactor-grown leather jewelry are not addressed."",
      ""• Impact and Evidence Plan: While proposed, the durability tests and video content are not yet executed, leaving some evidence as speculative.""
    ]
  },
  ""Project B"": {
    ""Pros"": [
      ""• Clarity of Value Proposition: Mirrors Project A's strong ethical and product narrative, with added engagement through a proposed donor cow naming tier for future series."",
      ""• Differentiation: Includes all of Project A's differentiators plus a community engagement element (naming tier), potentially fostering backer loyalty and storytelling."",
      ""• Feasibility and Development Plan: Shares Project A's solid development status and roadmap, with added plans for administering the naming tier."",
      ""• Risk Awareness and Mitigation: Identifies identical risks and mitigations as Project A, showing awareness of key challenges.""
    ],
    ""Cons"": [
      ""• Market Size and Demand: Same niche targeting issue as Project A, with no additional market validation."",
      ""• Revenue Model and Sustainability: Similar reliance on crowdfunding; naming tier adds administrative complexity without clear revenue impact."",
      ""• Impact and Evidence Plan: Lacks Project A's proposed high-resolution video for durability demonstration, offering less tangible evidence for material quality."",
      ""• Feasibility and Development Plan: Adds a speculative future element (naming tier for subsequent series) that depends on future success, potentially diluting focus.""
    ]
  },
  ""Winner Justification"": ""Project A wins due to its slightly stronger focus on tangible evidence and risk mitigation. While both projects share identical core technology, value proposition, and team, Project A proposes a high-resolution video to visually address durability concerns—a concrete step to build backer trust. Project B's additional naming tier is a creative engagement tool but adds speculative future complexity without enhancing the core product validation. Project A's evidence plan is more immediate and product-focused, which is critical for a novel material like cultivated leather. Both projects face similar challenges in market size and revenue sustainability, but Project A's emphasis on demonstrating material quality through video and durability testing gives it a marginal edge in de-risking the technology for backers.""
}"
"local","6","1","L6.1","4","L6.4","L6.1","plan_1","{
  ""Project A"": {
    ""Pros"": [
      ""• Clarity of value proposition: Excellent. Clearly defines the ethical problem with conventional leather and presents a specific, tangible solution (heirloom jewelry from cultivated leather)."",
      ""• Market size and demand: Targets a defined niche of ethically-conscious consumers interested in sustainable, animal-friendly luxury goods. The 'first-of-its-kind' angle creates collector appeal."",
      ""• Feasibility and development plan: Strong. Shows concrete progress (prototypes from 2025), owns the technology, and has a detailed, phased roadmap including pilot testing, production scaling, and specific contingency plans."",
      ""• Revenue model and sustainability: Clear direct-to-consumer model via crowdfunding. Proposed reward tiers (sample swatch, pairing, material passport) are well-conceived to build trust and generate revenue at different commitment levels."",
      ""• Differentiation: High. Unique combination of cultivated leather technology, a specific animal welfare story (named sanctuary cows), and heirloom jewelry design. The proposed high-resolution video for the material passport directly addresses a key customer concern (durability)."",
      ""• Impact and evidence plan: Good. Plans to share durability test results and provide a digital material passport enhance transparency. The connection to a sanctuary provides a tangible ethical impact story."",
      ""• Risk awareness and mitigation: Good. Identifies key technical (cell loss, texture variability) and operational (supply chain, delivery delays) risks with specific, plausible mitigation strategies.""
    ],
    ""Cons"": [
      ""• Market size and demand: The market for high-end, niche ethical jewelry is likely limited, potentially capping scalability."",
      ""• Feasibility and development plan: Scaling bioreactor production for consistent leather quality remains an unproven challenge at this stage."",
      ""• Revenue model and sustainability: Long-term business model beyond a limited crowdfunding run is not detailed. Relies on continued consumer interest in a premium, story-driven product."",
      ""• Risk awareness and mitigation: Does not address potential consumer skepticism or regulatory questions about 'cultivated leather' as a material category.""
    ]
  },
  ""Project B"": {
    ""Pros"": [
      ""• Clarity of value proposition: Excellent. Identical to Project A in core messaging regarding ethical leather and animal welfare."",
      ""• Market size and demand: Identical to Project A. Targets the same niche effectively."",
      ""• Feasibility and development plan: Strong. Shares the same solid foundation of prototypes, owned tech, and detailed roadmap as Project A."",
      ""• Revenue model and sustainability: Clear and identical to Project A's core model. The inclusion of a scaffold sample vial adds a novel physical artifact."",
      ""• Differentiation: High. Shares Project A's unique core differentiation. The addition of a tangible scaffold sample vial is a creative touch that deepens the material story."",
      ""• Impact and evidence plan: Good. Similar to Project A with plans for durability tests and a material passport. The scaffold vial provides additional physical evidence of the plant-based process."",
      ""• Risk awareness and mitigation: Good. Identifies and proposes mitigation for the same key risks as Project A.""
    ],
    ""Cons"": [
      ""• Market size and demand: Shares the same limitation as Project A regarding niche market size."",
      ""• Feasibility and development plan: Shares the same scaling challenge as Project A."",
      ""• Revenue model and sustainability: Shares the same lack of long-term model detail as Project A."",
      ""• Risk awareness and mitigation: Shares the same gap regarding consumer/regulatory skepticism as Project A."",
      ""• Differentiation: While the scaffold vial is a nice addition, Project B's proposed transparency plan lacks the specific, proactive visual demonstration (high-res durability video) that Project A includes to address a major potential backer concern.""
    ]
  }
}"
"local","6","1","L6.1","5","L6.5","L6.1","plan_1","Both projects present an identical core concept: heirloom jewelry using cultivated leather from living sanctuary cows. Their fundamental problem, solution, team, technology, and most risks are the same. The key differences lie in their proposed validation and communication plans. 

Project A Pros:
• Clarity of Value Proposition: Excellent. Clearly offers ethical, real leather without harm.
• Feasibility & Development Plan: Strong. Shows prototypes (pendant, card holder) and concrete past milestones (cells isolated in 2023).
• Differentiation: High, as a first-of-its-kind product in a niche market.
• Impact & Evidence Plan: Very good. Proposes a material passport with a high-resolution video showing texture and flex, directly addressing durability concerns visually.
• Risk Awareness & Mitigation: Good. Identifies key technical and logistical risks with stated mitigations.

Project A Cons:
• Market Size & Demand: Unclear. The addressable market for high-end, ethically sourced cultivated leather jewelry is likely small and niche.
• Revenue Model & Sustainability: Weak. No pricing, cost structure, or long-term business model is discussed beyond this crowdfunding campaign.

Project B Pros:
• Clarity of Value Proposition: Excellent, identical to Project A.
• Feasibility & Development Plan: Strong, identical to Project A with prototypes and milestones.
• Differentiation: High, identical to Project A.
• Impact & Evidence Plan: Good. Proposes conducting and sharing results of both a durability (rub) test AND a water-resistance (droplet) test, providing more quantitative data on material performance.
• Risk Awareness & Mitigation: Good, identical to Project A.

Project B Cons:
• Market Size & Demand: Unclear, identical to Project A.
• Revenue Model & Sustainability: Weak, identical to Project A.
• Impact & Evidence Plan: Slightly less comprehensive than A in communication, as it lacks the proposed high-resolution video for the material passport.

Overall, the projects are extremely close. Project A wins due to a slightly stronger evidence and communication plan. The proposed high-resolution video showing the leather's texture and flex in the material passport is a more tangible and engaging way to build trust and demonstrate product quality to backers than Project B's additional (but still valuable) proposed water-resistance test. For a novel material, visual proof of handling and aesthetics is paramount."
"local","6","2","L6.2","0","L5.2","L6.2","plan_2","{""Project A"": {""Pros"": [""• Clear, specific value proposition: Real leather without animal harm, with unique donor connection and transparency features."", ""• Strong differentiation through proposed features: material passport, comparison chart, durability testing, and multiple reward tiers that build trust and engagement."", ""• More comprehensive development plan: Includes creating comparison chart to educate backers, showing deeper market understanding."", ""• Better evidence plan: Proactively addresses durability concerns with rub test and provides material comparison for skeptical buyers."", ""• Thoughtful risk mitigation: Acknowledges material variability and addresses it with pilot testing and scaffold inspection.""], ""Cons"": [""• Market size limited to niche ethical consumers and early adopters of cellular agriculture products."", ""• Revenue model sustainability unclear beyond crowdfunding; high-cost production may limit scaling."", ""• Technical feasibility depends on unproven at-scale cultivated leather production for jewelry."", ""• No quantified demand evidence or pre-orders mentioned."", ""• High price point likely given specialized production.""]}, ""Project B"": {""Pros"": [""• Clear ethical value proposition: Real leather from living animals addresses animal welfare concerns."", ""• Strong team credentials: Founder has tissue-engineering and cellular-agriculture experience since 2018."", ""• Working prototypes demonstrated: Shows tangible progress with pendant and card holder."", ""• Patent-pending technology owned by creators provides some competitive protection."", ""• Multiple reward tiers proposed to engage different backer segments.""], ""Cons"": [""• Less comprehensive than Project A: Missing comparison chart feature that helps educate buyers."", ""• Weaker evidence plan: Lacks the systematic material comparison that Project A proposes."", ""• Less detailed transparency features: While has material passport, doesn't emphasize durability testing results sharing as strongly."", ""• Same market limitations as Project A: Niche appeal to ethical consumers."", ""• Same scaling challenges: Bioreactor production may be difficult to scale cost-effectively.""]}}"
"local","6","2","L6.2","1","L6.1","L6.1","plan_1","{
  ""Project A"": {
    ""Pros"": [
      ""• Clarity of value proposition: Clearly articulates the ethical advantage of cultivated leather from living sanctuary cows while preserving traditional leather qualities."",
      ""• Feasibility and development plan: Shows tangible progress with prototypes (pendant, card holder) and patent-pending technology, indicating advanced development status."",
      ""• Differentiation: Strong unique selling proposition with donor-cow selection, material passports, and comparison charts that educate consumers."",
      ""• Risk awareness and mitigation: Identifies specific technical risks (cell loss, texture variability) and offers reasonable mitigations (multiple storage, pilot testing)."",
      ""• Team credibility: Founder has relevant tissue-engineering and cellular-agriculture experience since 2018, adding technical legitimacy.""
    ],
    ""Cons"": [
      ""• Market size and demand: Targets a niche ethical luxury market without quantifying potential demand or addressing mainstream adoption barriers."",
      ""• Revenue model and sustainability: Lacks clear pricing strategy, scalability details, or long-term business model beyond crowdfunding rewards."",
      ""• Impact and evidence plan: Relies on proposed durability testing but doesn't demonstrate existing validation data or third-party certifications."",
      ""• Technical scalability: Vague about bioreactor scaling and cost structure for mass production beyond modular adjustments.""
    ]
  },
  ""Project B"": {
    ""Pros"": [
      ""• Clarity of value proposition: Identical strong ethical positioning as Project A with added visual evidence component."",
      ""• Impact and evidence plan: Enhanced transparency through proposed high-resolution video demonstrating material properties (texture, flexibility), addressing durability concerns more concretely."",
      ""• Differentiation: Includes all of Project A's unique features plus visual validation, potentially increasing consumer confidence."",
      ""• Feasibility and development plan: Same solid prototyping progress and technical ownership as Project A."",
      ""• Risk awareness: Identical comprehensive risk identification and mitigation strategies.""
    ],
    ""Cons"": [
      ""• Market size and demand: Same niche market limitation without expanded target audience analysis."",
      ""• Revenue model and sustainability: Identical lack of detailed business model and scalability economics."",
      ""• Development complexity: Adding video production and hosting may create additional production delays without clear resource allocation."",
      ""• Cost structure: Video component may increase development costs without addressing fundamental pricing or margin challenges.""
    ]
  },
  ""Comparison Summary"": ""Both projects share identical core technology, team, risks, and value proposition. The key difference is Project B's proposed high-resolution video demonstrating material properties, which directly addresses a major consumer concern (durability) through visual evidence. While this adds minor production complexity, it significantly strengthens the evidence plan and transparency—critical factors for convincing backers of a novel material's viability. Project B therefore edges out Project A by providing more tangible validation mechanisms without sacrificing other strengths.""
}"
"local","6","2","L6.2","3","L6.3","L6.3","plan_3","{
  ""Project A"": {
    ""Pros"": [
      ""• Clarity of value proposition: Clearly articulates the ethical alternative to conventional leather through cultivated leather technology with strong storytelling about donor animals."",
      ""• Feasibility and development plan: Shows concrete progress with prototypes (pendant, card holder), patent-pending technology, and clear ownership of cell lines and technology."",
      ""• Differentiation: Unique cultivated leather approach with plant-based scaffold, vegetable tanning, and specific donor cow connection creates strong narrative differentiation."",
      ""• Risk awareness and mitigation: Identifies specific risks (cell loss, texture variability, supply chain) with practical mitigation strategies."",
      ""• Impact and evidence plan: Proposes durability testing, sample swatches, and material passports to provide tangible evidence of product claims.""
    ],
    ""Cons"": [
      ""• Market size and demand: Limited to niche ethical jewelry market without quantification of addressable market size."",
      ""• Revenue model and sustainability: Unclear pricing strategy, scalability of bioreactor production for jewelry-sized pieces, and long-term business model beyond crowdfunding."",
      ""• Differentiation: While technologically unique, faces competition from established vegan leather alternatives and ethical jewelry brands.""
    ]
  },
  ""Project B"": {
    ""Pros"": [
      ""• Clarity of value proposition: Maintains strong ethical narrative while adding community engagement through donor cow naming tier."",
      ""• Market size and demand: Adds participatory element (naming tier) that could expand appeal beyond core ethical consumers to gift-givers and story-seekers."",
      ""• Differentiation: Builds on Project A's foundation with additional community engagement feature that enhances emotional connection."",
      ""• Feasibility and development plan: Shares same solid technical foundation as Project A with working prototypes and owned technology."",
      ""• Impact and evidence plan: Includes all of Project A's evidence elements plus naming tier that creates ongoing community involvement.""
    ],
    ""Cons"": [
      ""• Revenue model and sustainability: Adds complexity with naming tier administration without addressing core scalability and pricing challenges."",
      ""• Feasibility and development plan: Naming tier introduces additional administrative overhead and future commitment (subsequent limited series) that could strain resources."",
      ""• Risk awareness and mitigation: Does not address additional risks introduced by community engagement features and future series commitments.""
    ]
  }
}"
"local","6","2","L6.2","4","L6.4","L6.4","plan_4","PROJECT A:
Pros:
• Clarity of value proposition: Excellent. Clearly defines the problem (animal harm in leather) and solution (cultivated leather from living cows).
• Market size and demand: Targets a growing niche of ethical consumers and early adopters of biotech materials.
• Feasibility and development plan: Strong. Shows prototypes, patent-pending tech, and clear roadmap for pilot testing and production.
• Revenue model and sustainability: Clear direct-to-consumer model via crowdfunding with multiple reward tiers.
• Differentiation: High. Unique first-of-its-kind product combining biotechnology with heirloom jewelry.
• Impact and evidence plan: Good. Plans for durability testing, comparison charts, and material passports increase credibility.
• Risk awareness and mitigation: Good. Identifies technical and supply chain risks with specific mitigation strategies.
Cons:
• Market validation: No explicit data on consumer demand for cultivated leather jewelry.
• Scalability: Bioreactor production for jewelry-scale items may face challenges scaling cost-effectively.
• Price point: Not specified, which could be a barrier for mass adoption.
• Long-term sustainability: Revenue model depends on continuous interest in a niche luxury biotech product.

PROJECT B:
Pros:
• Clarity of value proposition: Excellent. Identical to Project A with clear ethical positioning.
• Market size and demand: Same target market as Project A with potential for slightly better engagement through scaffold samples.
• Feasibility and development plan: Strong. Same technical foundation and roadmap as Project A.
• Revenue model and sustainability: Same clear model with additional tangible element (scaffold vial) that may enhance perceived value.
• Differentiation: Very high. Includes all of Project A's differentiation plus physical scaffold samples for deeper storytelling.
• Impact and evidence plan: Very good. Adds scaffold samples to material passport and testing plans for enhanced transparency.
• Risk awareness and mitigation: Good. Same risk identification and mitigation as Project A.
Cons:
• Same as Project A's cons regarding market validation, scalability, price point, and long-term sustainability.
• Additional complexity: Including scaffold vials adds minor production complexity without addressing core business challenges.

Both projects are fundamentally identical in technology, team, and core offering. The only substantive difference is Project B's inclusion of scaffold material samples in certain reward tiers. This small enhancement provides slightly better transparency and storytelling potential, making the product experience more tangible and educational for backers. While this doesn't address major business risks, it represents a marginal improvement in customer engagement and evidence presentation. Therefore, Project B has a slight edge in differentiation and impact planning."
"local","6","2","L6.2","5","L6.5","L6.5","plan_5","{'Project A': {'pros': ['• Clear value proposition: Real leather without animal harm, with strong ethical positioning.', '• Strong differentiation: Unique cultivated leather technology with patent-pending plant-based scaffold.', '• Good development status: Shows finished jewelry inlays, prototypes from early 2025, and owned technology.', '• Thoughtful risk mitigation: Multiple cryopreservation sites, pilot testing for consistency.', '• Experienced team: Founder with tissue-engineering and cellular-agriculture expertise since 2018.', '• Additional transparency plan: Proposed comparison chart to show cultivated leather vs. traditional and vegan alternatives.', '• Comprehensive reward structure: Multiple tiers including sample swatches and material passports address backer skepticism.'], 'cons': ['• Market size unquantified: No data on target audience size or demand validation.', '• Revenue model unclear: No pricing strategy, customer lifetime value, or scaling economics presented.', '• Limited evidence of material performance: Only proposes rub test; lacks water resistance or other durability validation.', '• Scalability concerns: Production scaling mentioned but no concrete plans or cost projections.', '• Niche appeal: Likely appeals to small segment of ethically-conscious jewelry buyers.', '• High technical risk: Bioreactor cultivation at scale remains unproven for this application.', '• No partnerships beyond sanctuary: No manufacturing or distribution partners mentioned.']}, 'Project B': {'pros': ['• Clear value proposition: Identical strong ethical positioning as Project A.', '• Better evidence plan: Proposes both rub test AND water-resistance test (droplet test) for material validation.', '• Strong differentiation: Same unique technology with patent-pending scaffold.', '• Good development status: Same demonstrated progress with finished inlays and prototypes.', '• Experienced team: Same qualified founder with relevant expertise.', '• Thoughtful risk mitigation: Same comprehensive approach to technical risks.', '• Addresses material concerns more thoroughly: Additional testing addresses common leather performance questions.'], 'cons': ['• Identical market size issue: No quantification of demand or target market.', '• Same revenue model weakness: No pricing, profitability, or business model details.', ""• Missing comparison chart: Lacks Project A's proposed educational comparison material."", '• Same scalability concerns: Vague scaling plans without concrete implementation details.', '• Same niche appeal limitations: Small addressable market likely.', '• Same high technical risk: Unproven production at scale.', '• Same partnership limitations: Only sanctuary collaboration mentioned.']}}"
"local","6","3","L6.3","0","L5.2","L6.3","plan_3","{
  ""Project A"": {
    ""Pros"": [
      ""• Clarity of value proposition: Clearly presents a novel, ethical alternative to traditional leather using cultivated technology with a compelling animal-welfare story. The inclusion of donor cow profiles and material passports enhances transparency."",
      ""• Feasibility and development plan: Shows concrete progress with prototypes (pendant, card holder) and patent-pending technology. Detailed roadmap includes pilot testing, scaffold inspection, and production scaling plans."",
      ""• Differentiation: Strongly differentiated through multiple engagement layers: donor cow selection, sample swatches, pairing tiers, material passports, and a naming tier for future cows. This creates a unique, interactive backer experience."",
      ""• Impact and evidence plan: Plans to conduct and share durability test results (rub test) address potential skepticism. The material passport provides traceability, adding credibility."",
      ""• Risk awareness and mitigation: Identifies specific risks (cell loss, texture variability, supply chain issues) and offers reasonable mitigations (multiple storage sites, pilot testing, quality alternatives).""
    ],
    ""Cons"": [
      ""• Market size and demand: Niche target audience (ethical luxury jewelry buyers) may limit market size. No quantified demand evidence provided."",
      ""• Revenue model and sustainability: Relies on crowdfunding for production; long-term business model beyond limited series is not detailed. High-cost technology may challenge price scalability."",
      ""• Feasibility concerns: Bioreactor cultivation at scale for jewelry-sized pieces is unproven. Vegetable tanning variability could affect consistency.""
    ]
  },
  ""Project B"": {
    ""Pros"": [
      ""• Clarity of value proposition: Equally clear ethical proposition: real leather without animal harm. Core message is straightforward and compelling."",
      ""• Feasibility and development plan: Same solid development status as Project A with prototypes and owned technology. Roadmap is practical and focused on core delivery."",
      ""• Risk awareness and mitigation: Identifies identical key risks with same mitigations, showing good awareness."",
      ""• Team and partnerships: Strong founder with relevant tissue-engineering and cellular agriculture experience since 2018, plus sanctuary/veterinary partnerships.""
    ],
    ""Cons"": [
      ""• Differentiation: Less differentiated than Project A. Missing the naming tier and slightly less emphasis on backer engagement features, making it somewhat less unique."",
      ""• Impact and evidence plan: While it mentions durability testing, Project A emphasizes sharing results more explicitly. Material passport is present but may be less highlighted."",
      ""• Revenue model and sustainability: Same concerns as Project A: no clear long-term model beyond initial crowdfunding."",
      ""• Market size and demand: Same niche limitation without demand quantification.""
    ]
  }
}"
"local","6","3","L6.3","1","L6.1","L6.1","plan_1","{'Project A': {'pros': ['• Clarity of value proposition: Clearly states the ethical alternative to conventional leather using cultivated cells from sanctuary cows.', '• Market size and demand: Targets growing niche of ethical consumers and sustainable fashion, with potential appeal to early adopters.', '• Feasibility and development plan: Shows concrete milestones (cell isolation in 2023, prototypes in 2025), patent-pending technology, and clear next steps.', '• Revenue model and sustainability: Multiple reward tiers (jewelry, swatches, pairing, naming) create diversified revenue streams and community engagement.', '• Differentiation: Unique combination of cultivated leather, donor cow selection, and material passport creates strong narrative and exclusivity.', '• Impact and evidence plan: Offers tangible evidence through sample swatches, durability testing, and transparent donor profiles.', '• Risk awareness and mitigation: Identifies specific technical risks (cell storage, texture variability) with concrete mitigation strategies.'], 'cons': ['• Market size and demand: Niche luxury jewelry market may limit scalability compared to broader leather applications.', '• Revenue model and sustainability: High production costs of cultivated leather may challenge long-term profitability without economies of scale.', '• Differentiation: While unique, faces competition from both traditional ethical jewelry and emerging lab-grown leather companies.', ""• Risk awareness and mitigation: Does not address potential consumer skepticism about 'real leather' claims or regulatory uncertainties for novel materials.""]}, 'Project B': {'pros': ['• Clarity of value proposition: Equally clear ethical proposition with same core technology and animal welfare focus.', '• Market size and demand: Same target market with potentially stronger appeal through enhanced transparency features.', '• Feasibility and development plan: Identical development status and technical foundation as Project A.', '• Revenue model and sustainability: Similar tiered approach but with potentially stronger value through enhanced digital content.', '• Differentiation: Adds high-resolution video demonstrating material properties, addressing durability concerns more directly than Project A.', '• Impact and evidence plan: Video evidence in material passport provides stronger visual proof of material quality and durability.', '• Risk awareness and mitigation: Same risk identification with the added mitigation of visual evidence for durability concerns.'], 'cons': ['• Market size and demand: Same niche limitations as Project A.', '• Revenue model and sustainability: Missing the naming tier reward option that could enhance community engagement and repeat business.', ""• Differentiation: Slightly less community-focused than Project A's naming tier, potentially weaker emotional connection."", '• Risk awareness and mitigation: Same gaps as Project A regarding consumer acceptance and regulatory landscape.']}, 'Comparison Summary': ""Both projects are fundamentally identical in core technology, team, development status, and problem-solution fit. Key differences: Project A includes a 'naming tier' for future donor cows, enhancing community engagement and emotional connection. Project B includes high-resolution video evidence of material properties in its material passport, providing stronger tangible evidence of durability and quality. Project B's video evidence directly addresses a major potential backer concern (material quality/durability) more effectively than Project A's proposed durability test results alone. While Project A's naming tier is clever for engagement, Project B's enhanced evidence plan better mitigates the fundamental risk of backer skepticism about a novel material.""}"
"local","6","3","L6.3","2","L6.2","L6.3","plan_3","PROJECT A PROS:\n• Clarity of Value Proposition: Clear, concise one-sentence summary. Strong ethical framing of animal-friendly real leather.\n• Market Size & Demand: Targets a niche but growing market of ethically-conscious consumers interested in sustainable, heirloom jewelry and novel materials.\n• Feasibility & Development Plan: Shows concrete development status with prototypes (pendant, card holder). Owned technology and cell lines. Detailed roadmap including pilot testing, scaffold inspection, and production scaling plans.\n• Revenue Model & Sustainability: Multiple proposed reward tiers (sample swatch, pairing tier, material passport, naming tier) designed to generate revenue at different commitment levels and build community. Focus on limited series could create scarcity and premium pricing.\n• Differentiation: Highly differentiated through cultivated leather technology, connection to specific named sanctuary cows, and the story of harm-free sourcing. Proposed naming tier for future cows enhances community engagement.\n• Impact & Evidence Plan: Plans to share durability test results (rub test). Proposed material passport (QR code) increases transparency. Sample swatch tier allows physical verification.\n• Risk Awareness & Mitigation: Identifies key risks (cell loss, material variability, supply chain, delivery delays) with specific mitigations (multi-facility storage, pilot testing, scaffold inspection).\n\nPROJECT A CONS:\n• Market Size & Demand: Market is likely very niche; demand for high-end, story-driven jewelry with cultivated leather is unproven.\n• Feasibility & Development Plan: Relies on scaling a novel bioprocess (bioreactor cultivation) for production, which carries inherent technical and scaling risks not fully detailed. Many features are 'proposed plans' rather than confirmed.\n• Revenue Model & Sustainability: Long-term sustainability beyond crowdfunding and limited series is unclear. High cost structure likely due to bespoke biotech process.\n• Risk Awareness & Mitigation: Does not address potential consumer skepticism or regulatory questions about 'cultivated leather' as a novel material. Scaling risks are acknowledged but mitigation is generic ('adjusting modular...technology').\n\nPROJECT B PROS:\n• Clarity of Value Proposition: Identical strong core proposition as Project A.\n• Market Size & Demand: Same target market as A.\n• Feasibility & Development Plan: Identical strong development status and owned IP as A. Same detailed roadmap.\n• Revenue Model & Sustainability: Similar multi-tier reward structure (lacks naming tier but includes comparison chart).\n• Differentiation: Same core differentiation as A. Proposed comparison chart is a strong, practical addition to educate backers and highlight material advantages.\n• Impact & Evidence Plan: Same plans for durability testing and material passport. Comparison chart is an excellent evidence-based communication tool.\n• Risk Awareness & Mitigation: Identical risk identification and mitigation as A.\n\nPROJECT B CONS:\n• Market Size & Demand: Same niche market challenge as A.\n• Feasibility & Development Plan: Same scaling and technical risks as A. Many 'proposed plans'.\n• Revenue Model & Sustainability: Same sustainability questions as A. Slightly less community-engagement potential without the naming tier.\n• Risk Awareness & Mitigation: Same gaps as A regarding consumer acceptance and regulatory landscape.\n\nWINNER RATIONALE:\nProject A wins by a narrow margin. Both projects are fundamentally identical in core technology, problem, solution, team, and risks. The decisive difference lies in Project A's proposed 'naming tier' reward. This feature is a superior community-building and marketing mechanism. It creates deeper emotional investment, generates user-generated content, and lays groundwork for future series, potentially enhancing long-term customer loyalty and story value. While Project B's proposed comparison chart is a strong, rational tool for education, Project A's naming tier better leverages the unique, story-driven nature of the product, which is central to its value proposition and likely appeal to its target niche. In a crowdfunding context, fostering this level of backer participation and emotional connection can be critical for campaign virality and success."
"local","6","3","L6.3","4","L6.4","L6.3","plan_3","{
  ""Project A"": {
    ""Pros"": [
      ""• Clarity of value proposition: Clearly communicates animal-friendly, real leather from living donor cows with strong ethical positioning.\n• Market size and demand: Targets conscious consumers in ethical fashion/jewelry niche with clear differentiation from conventional leather.\n• Feasibility and development plan: Shows concrete progress with prototypes (2025), patent-pending technology, and clear production steps.\n• Revenue model and sustainability: Multiple reward tiers (jewelry, swatches, naming rights) create diversified revenue streams.\n• Differentiation: Unique cultivated leather technology with donor cow selection creates strong storytelling and exclusivity.\n• Impact and evidence plan: Includes durability testing plan and material passports for transparency.\n• Risk awareness and mitigation: Addresses cell preservation, quality variability, and supply chain risks with specific mitigation strategies."",
      ""• Additional engagement features: Includes naming tier for future donor cows, enhancing community participation and long-term storytelling.""
    ],
    ""Cons"": [
      ""• Market size and demand: Niche luxury market may limit scalability.\n• Feasibility and development plan: Relies on successful scaling of bioreactor production without external validation.\n• Revenue model and sustainability: High production costs for cultivated leather may challenge profitability.\n• Risk awareness and mitigation: Does not address potential regulatory hurdles for biofabricated materials.""
    ]
  },
  ""Project B"": {
    ""Pros"": [
      ""• Clarity of value proposition: Identical strong ethical proposition as Project A.\n• Market size and demand: Same target market with similar appeal.\n• Feasibility and development plan: Same demonstrated progress and ownership of technology.\n• Revenue model and sustainability: Similar tiered approach with jewelry, swatches, and pairing options.\n• Differentiation: Includes scaffold sample vial, providing tangible educational component about production process.\n• Impact and evidence plan: Material passports and durability testing provide transparency.\n• Risk awareness and mitigation: Identical risk assessment and mitigation strategies as Project A.""
    ],
    ""Cons"": [
      ""• Market size and demand: Same niche limitations as Project A.\n• Feasibility and development plan: Same scaling challenges.\n• Revenue model and sustainability: Same cost structure concerns.\n• Risk awareness and mitigation: Same missing regulatory consideration.\n• Missing engagement feature: Lacks the naming tier for future donor cows, reducing potential community building and repeat engagement.""
    ]
  }
}"
"local","6","3","L6.3","5","L6.5","L6.3","plan_3","{
  ""Project A"": {
    ""Pros"": [
      ""• Clarity of value proposition: Clearly articulates a novel solution (cultivated leather from living animals) for ethically-conscious consumers seeking real leather without harm. The one-sentence summary and problem framing are strong."",
      ""• Feasibility and development plan: Shows concrete progress with prototypes (pendant, card holder) and specific technical details (plant-based scaffold, vegetable tanning). Roadmap includes pilot testing and scaling plans."",
      ""• Revenue model and sustainability: Multiple reward tiers (sample swatch, pairing tier, naming tier) designed to engage backers at different price points and build community. Material passport adds perceived value."",
      ""• Differentiation: Highly unique concept combining cellular agriculture, jewelry, and animal welfare storytelling. Donor-cow selection and naming tiers enhance exclusivity."",
      ""• Impact and evidence plan: Proposes durability testing (rub test) and transparency via material passports. Direct link to sanctuary animals provides tangible ethical impact."",
      ""• Risk awareness and mitigation: Identifies key risks (cell loss, material variability, supply chain) and offers specific mitigations (multiple storage, pilot testing).""
    ],
    ""Cons"": [
      ""• Market size and demand: Niche target audience (ethical luxury jewelry buyers) may limit scalability. No data on market size or existing demand."",
      ""• Revenue model and sustainability: High production complexity (bioreactors, cell cultivation) likely leads to high unit costs, challenging long-term profitability."",
      ""• Impact and evidence plan: Lacks third-party validation or certifications. Durability and water-resistance claims are proposed but not yet demonstrated (Project B includes water-resistance test plan).""
    ]
  },
  ""Project B"": {
    ""Pros"": [
      ""• Clarity of value proposition: Equally clear as Project A on core ethical leather proposition."",
      ""• Feasibility and development plan: Same technical foundation and prototype progress as Project A."",
      ""• Differentiation: Same unique core concept as Project A."",
      ""• Impact and evidence plan: Includes both durability (rub test) AND water-resistance testing plans, addressing more material performance concerns than Project A."",
      ""• Risk awareness and mitigation: Identifies same risks and mitigations as Project A.""
    ],
    ""Cons"": [
      ""• Market size and demand: Same niche limitation as Project A."",
      ""• Revenue model and sustainability: Fewer engagement tiers (missing naming tier) may limit community building and lower potential revenue diversification compared to Project A."",
      ""• Differentiation: Slightly less differentiated than Project A due to absence of naming tier and donor-cow narrative extension."",
      ""• Impact and evidence plan: Lacks the extended storytelling and backer participation (naming tier) that could enhance emotional impact.""
    ]
  }
}"
"local","6","4","L6.4","0","L5.2","L6.4","plan_4","{
  ""Project A"": {
    ""Pros"": [
      ""• Clarity of value proposition: Excellent. Clearly articulates the ethical innovation of cultivated leather from living sanctuary animals, with tangible product examples and multiple engagement tiers."",
      ""• Market size and demand: Targets a growing niche of ethically conscious consumers in sustainable/animal-friendly fashion and luxury goods. The 'first-of-its-kind' appeal adds collector demand."",
      ""• Feasibility and development plan: Strong. Shows concrete prototypes (pendant, card holder), patent-pending technology, and clear next steps for pilot testing, scaling, and reward fulfillment. Includes specific durability testing plan."",
      ""• Revenue model and sustainability: Multiple revenue streams proposed (jewelry, sample swatches, pairing tiers). Focus on heirloom positioning suggests premium pricing potential. Use of funds is specific and tied to production scaling."",
      ""• Differentiation: High. Unique combination of cultivated leather, connection to named sanctuary animals, and transparent 'material passport' creates a defensible ethical and experiential niche."",
      ""• Impact and evidence plan: Strong. Plans for durability testing, sample swatches for verification, and digital provenance tracking (QR code) build credibility. Inclusion of a physical scaffold sample vial (kapok fiber) adds unique tangible evidence."",
      ""• Risk awareness and mitigation: Good. Identifies key technical (cell loss, texture variability) and operational (supply chain, delays) risks with specific mitigations (multi-site storage, pilot testing).""
    ],
    ""Cons"": [
      ""• Market size may be limited to early adopters and ethically-driven consumers, not mass market."",
      ""• Technical complexity of cultivated leather production presents inherent scaling and consistency challenges."",
      ""• High-touch elements (donor selection, animal profiles, sample vials) could increase operational complexity and cost.""
    ]
  },
  ""Project B"": {
    ""Pros"": [
      ""• Clarity of value proposition: Very good. Same core ethical proposition as Project A, clearly explained."",
      ""• Market size and demand: Same target audience as Project A with similar appeal."",
      ""• Feasibility and development plan: Good. Shares the same development status, prototypes, and roadmap as Project A, including durability testing plan."",
      ""• Revenue model and sustainability: Similar multiple-tier model as Project A, focused on jewelry, samples, and pairings."",
      ""• Differentiation: Good. Shares the core cultivated leather and donor-animal story, but lacks the additional tangible scaffold sample vial element."",
      ""• Impact and evidence plan: Good. Includes plans for durability testing, sample swatches, and digital material passport for transparency."",
      ""• Risk awareness and mitigation: Identical to Project A, showing good risk management.""
    ],
    ""Cons"": [
      ""• Slightly less comprehensive in evidence/engagement layers compared to Project A (missing the physical scaffold sample vial)."",
      ""• Otherwise identical cons as Project A regarding market niche and technical complexity.""
    ]
  }
}"
"local","6","4","L6.4","1","L6.1","L6.1","plan_1","{
  ""Project A"": {
    ""Pros"": [
      ""• Clarity of value proposition: Clearly presents animal-friendly, real leather from living donor cows with specific donor selection options, creating emotional connection and transparency."",
      ""• Feasibility and development plan: Shows concrete milestones (cells isolated in 2023, prototypes in 2025), patent-pending technology, and no external approvals needed, indicating advanced development stage."",
      ""• Differentiation: Unique cultivated leather process with plant-based scaffold, donor cow selection, and tangible scaffold samples (kapok seed fiber vials) enhance material storytelling."",
      ""• Risk awareness and mitigation: Addresses key risks (cell loss, material variability, supply chain) with specific mitigation strategies (multiple storage facilities, pilot testing).""
    ],
    ""Cons"": [
      ""• Market size and demand: Targets niche ethical jewelry market; limited evidence of broader consumer demand beyond early adopters."",
      ""• Revenue model and sustainability: Unclear long-term pricing strategy and scalability of bioreactor production for larger markets."",
      ""• Impact and evidence plan: Lacks quantified environmental/social impact metrics and third-party validation of ethical claims."",
      ""• Durability evidence: While proposing rub tests, lacks visual demonstration of material properties compared to Project B's video plan.""
    ]
  },
  ""Project B"": {
    ""Pros"": [
      ""• Clarity of value proposition: Strong ethical positioning with same core offering as A, plus enhanced transparency through proposed durability video."",
      ""• Differentiation: Adds high-resolution video showing texture/flex response in material passport, directly addressing durability concerns visually."",
      ""• Impact and evidence plan: Video content provides stronger evidence of material quality and addresses skepticism more effectively than A's text-based approach."",
      ""• Feasibility: Shares same solid development status and team credentials as A, with equally detailed roadmap.""
    ],
    ""Cons"": [
      ""• Market size and demand: Same niche limitation as A; no additional market validation."",
      ""• Revenue model and sustainability: Identical unclear scalability and pricing challenges as A."",
      ""• Tangible storytelling: Lacks Project A's proposed physical scaffold sample vials, missing opportunity for multisensory engagement."",
      ""• Packaging innovation: Omits Project A's specific detail about using cultivation byproduct (seed fiber) as packaging cushioning.""
    ]
  }
}"
"local","6","4","L6.4","2","L6.2","L6.2","plan_2","Both projects are identical in core concept, technology, team, development status, and most proposed features. Both present a compelling ethical alternative to traditional leather using cultivated biotechnology with clear animal welfare benefits. The key differences are minor additions in Project B's feature set.\n\nPROJECT A:\nPros:\n• Clear, innovative value proposition addressing ethical leather demand\n• Targets growing market for sustainable/animal-friendly luxury goods\n• Strong feasibility with existing prototypes and owned technology\n• Multiple revenue tiers (jewelry, samples, pairings) enhance accessibility\n• Strong differentiation via cultivated leather from named sanctuary animals\n• Good transparency with proposed material passports and durability testing\n• Identifies realistic risks with mitigation strategies\n• Includes tangible scaffold sample vial for enhanced storytelling\n\nCons:\n• Market size limited to niche luxury/ethical consumers\n• Unproven scalability of bioreactor production\n• Revenue model depends on premium pricing in unproven category\n• No direct comparison data to help backers evaluate material properties\n\nPROJECT B:\nPros:\n• All strengths of Project A plus additional educational component\n• Proposed comparison chart helps backers understand material advantages\n• Enhanced communication strategy addresses potential skepticism\n• Maintains all transparency features of Project A\n\nCons:\n• Same scalability and market limitations as Project A\n• Comparison chart adds minor development complexity\n• Lacks the tangible scaffold sample vial mentioned in Project A\n\nBoth projects score equally on most criteria. Project B's slight edge comes from the proposed comparison chart, which directly addresses a key barrier for adoption: helping backers understand how cultivated leather compares to alternatives. This demonstrates slightly better customer understanding and communication strategy, improving clarity of value proposition and impact planning without adding significant risk or cost."
"local","6","4","L6.4","3","L6.3","L6.4","plan_4","{
  ""Project A"": {
    ""Pros"": [
      ""• Clear value proposition: Offers real leather without animal harm, with transparent material origin."",
      ""• Strong differentiation: Uses patent-pending plant-based scaffolding and ties product to specific sanctuary animals."",
      ""• Feasible development plan: Shows prototypes, owns technology, and has clear production steps."",
      ""• Good risk awareness: Addresses cell storage, material variability, and supply chain risks."",
      ""• Tangible evidence plan: Includes sample swatches, durability testing, and material passports for verification.""
    ],
    ""Cons"": [
      ""• Limited market size: Niche appeal to ethically-conscious jewelry buyers."",
      ""• Revenue model uncertainty: High-cost cultivated leather may limit scalability and repeat purchases."",
      ""• Unproven demand: No evidence of existing customer base or pre-orders."",
      ""• Technical complexity: Bioreactor cultivation introduces production risks not fully quantified.""
    ]
  },
  ""Project B"": {
    ""Pros"": [
      ""• Enhanced engagement: Adds naming tier for future donor cows, increasing backer participation."",
      ""• Strong transparency: Maintains all of Project A's verification features (swatches, passports, testing)."",
      ""• Clear ethical positioning: Leverages sanctuary story effectively for target audience."",
      ""• Similar technical readiness: Same prototype status and owned technology as Project A.""
    ],
    ""Cons"": [
      ""• Diluted focus: Naming tier adds complexity without addressing core business risks."",
      ""• Increased operational risk: Additional tier requires administration for future series without clear value add."",
      ""• Same market limitations: Equally niche target audience as Project A."",
      ""• No improved sustainability plan: Revenue model remains identical to Project A's limitations.""
    ]
  }
}"
"local","6","4","L6.4","5","L6.5","L6.4","plan_4","PROJECT A PROS:
• Excellent clarity of value proposition: 'animal-friendly real leather from living donor cows' is compelling and well-articulated
• Strong differentiation through unique material story and proposed donor selection series
• Good risk awareness with specific mitigation strategies for cell loss, variability, and supply chain
• Thoughtful evidence plan including durability testing and physical sample swatches for backer verification
• Tangible development status with prototypes shown and clear milestones
• Additional transparency through proposed scaffold material sample vial

PROJECT A CONS:
• Market size limited to niche ethical/sustainable jewelry segment
• Revenue model sustainability unclear beyond initial crowdfunding campaign
• Scalability concerns with bioreactor production for cultivated leather
• No mention of cost structure or pricing strategy
• Limited discussion of competitive landscape beyond traditional leather

PROJECT B PROS:
• Same strong clarity of value proposition as Project A
• Enhanced evidence plan with both durability AND water-resistance testing proposed
• Good risk awareness and mitigation strategies
• Same strong development status with prototypes and milestones
• Clear target user identification for ethical consumers

PROJECT B CONS:
• Missing the additional transparency element of scaffold material sample vial
• Same market size limitations as Project A
• Same revenue model sustainability concerns
• Same scalability challenges
• No additional differentiation beyond Project A
• Slightly less comprehensive in proposed backer engagement elements

WINNER: PROJECT A

REASONING: While both projects are fundamentally identical in core concept and execution, Project A demonstrates slightly more comprehensive thinking about backer engagement and transparency. The inclusion of a physical scaffold material sample vial provides an additional layer of authenticity and storytelling that enhances the value proposition. Both projects show strong feasibility planning and risk awareness, but Project A's attention to these additional details suggests a more thorough approach to building trust with backers - a critical factor for novel biotechnology products in crowdfunding. The durability testing plus scaffold sample creates a more complete evidence package for skeptical consumers."
"local","6","5","L6.5","0","L5.2","L6.5","plan_5","{
  ""Project A"": {
    ""Pros"": [
      ""• Clarity of value proposition: Clearly articulates a novel solution for ethically sourced, real leather without animal harm, with specific product examples (pendant, card holder)."",
      ""• Feasibility and development plan: Shows tangible progress with prototypes from early 2025 and patent-pending scaffolding; detailed roadmap includes pilot testing, scaffold inspection, and tanning preparation."",
      ""• Differentiation: Unique cultivated leather technology with plant-based scaffold and vegetable tanning; offers donor-cow selection and material passport for traceability."",
      ""• Impact and evidence plan: Proposes durability (rub test) and water-resistance (droplet test) testing to address material concerns, enhancing credibility."",
      ""• Risk awareness and mitigation: Identifies specific risks (cell loss, texture variability, supply-chain issues) with concrete mitigation strategies (multi-facility storage, pilot testing).""
    ],
    ""Cons"": [
      ""• Market size and demand: Targets a niche audience (ethical jewelry enthusiasts) without quantifying market potential; limited to small inlays (10mm x 50mm)."",
      ""• Revenue model and sustainability: Relies on crowdfunding for production; long-term scalability of bioreactor technology and cost structure unclear."",
      ""• Development status: Prototypes exist but full-scale production unproven; dependency on modular bioreactor adjustments for scaling.""
    ]
  },
  ""Project B"": {
    ""Pros"": [
      ""• Clarity of value proposition: Similar clear ethical positioning and product offering as Project A."",
      ""• Differentiation: Same unique technology and donor-cow selection feature."",
      ""• Team and partnerships: Identical experienced founder with tissue-engineering background and sanctuary/veterinary partnerships.""
    ],
    ""Cons"": [
      ""• Feasibility and development plan: Less detailed than Project A; omits water-resistance testing proposal, reducing evidence of material robustness."",
      ""• Impact and evidence plan: Only proposes durability (rub test) without water-resistance validation, limiting comprehensive material verification."",
      ""• Risk awareness and mitigation: Same risks as Project A but with less thorough mitigation detailing (e.g., no mention of scaffold inspection for variability)."",
      ""• Revenue model and sustainability: Same unclear long-term scalability and cost structure."",
      ""• Market size and demand: Same niche targeting without market quantification.""
    ]
  }
}"
"local","6","5","L6.5","1","L6.1","L6.1","plan_1","{
  ""Project A"": {
    ""Pros"": [
      ""• Clarity of Value Proposition: Clear, focused on ethical heirloom jewelry with cultivated leather. Directly addresses animal welfare concerns in leather production."",
      ""• Feasibility and Development Plan: Shows concrete milestones (cells isolated in 2023, prototypes in 2025), patent-pending technology, and no external approvals needed. Roadmap includes specific pilot testing and scaling plans."",
      ""• Differentiation: Unique value proposition combining biotechnology (cultivated leather), ethical sourcing (sanctuary cows), and heirloom jewelry. Offers donor-cow selection and material passports for storytelling."",
      ""• Risk Awareness and Mitigation: Identifies key risks (cell loss, material variability, supply chain) with specific mitigations (multi-facility storage, pilot testing, quality alternatives).""
    ],
    ""Cons"": [
      ""• Market Size and Demand: Niche appeal; targets a specific segment of ethical consumers and early adopters. Limited evidence of broader market demand."",
      ""• Revenue Model and Sustainability: Unclear long-term pricing, scalability, and cost structure. High-tech production may limit margins unless scaled significantly."",
      ""• Impact and Evidence Plan: Lacks detailed impact metrics (e.g., environmental savings vs. conventional leather). Proposed durability and water-resistance tests are good but not yet executed.""
    ]
  },
  ""Project B"": {
    ""Pros"": [
      ""• Clarity of Value Proposition: Same strong ethical and innovative positioning as Project A, with added transparency through proposed video content."",
      ""• Differentiation: Includes all of Project A's strengths plus a proposed high-resolution video showing leather texture and flex, enhancing trust and addressing durability concerns visually."",
      ""• Impact and Evidence Plan: More comprehensive evidence plan with proposed rub test results and video demonstration, potentially increasing backer confidence."",
      ""• Feasibility and Development Plan: Similar solid foundation as Project A, with added video production step that is relatively low-risk and high-impact.""
    ],
    ""Cons"": [
      ""• Market Size and Demand: Same niche limitations as Project A."",
      ""• Revenue Model and Sustainability: Same unclear scalability and cost challenges as Project A."",
      ""• Risk Awareness and Mitigation: Identical risk list to Project A; no additional mitigations for the added video component (e.g., production delays).""
    ]
  }
}"
"local","6","5","L6.5","2","L6.2","L6.2","plan_2","Project A Pros: • Clear value proposition: Real leather without animal harm, with specific donor cow selection and material passport for transparency. • Strong feasibility: Shows finished jewelry inlays, patent-pending technology, and clear development milestones. • Good risk mitigation: Addresses cell loss, material variability, and supply chain issues. • Evidence plan: Proposes durability (rub test) and water-resistance tests to address material concerns. • Thoughtful reward tiers: Sample swatch and pairing options allow backer verification. Project A Cons: • Market size: Niche luxury/ethical jewelry segment may limit scalability. • Revenue model: Heavily dependent on high-margin jewelry; no clear path to broader material applications. • Differentiation: While innovative, the core technology is similar to Project B. • Impact plan: Lacks comparative data to traditional materials to educate consumers. Project B Pros: • Enhanced differentiation: Proposes a comparison chart showing cultivated leather vs. traditional leather and vegan alternatives, helping backers understand value. • Stronger evidence plan: Includes the same durability test as A, plus the educational comparison chart. • Clear target user communication: The chart directly addresses potential confusion about material properties. • Maintains all other strengths of Project A: same technology, team, development status, and reward tiers. Project B Cons: • Same core limitations as A: niche market, unproven revenue sustainability beyond jewelry, and reliance on high-end pricing. • Slightly less detailed material testing plan than A (no explicit water-resistance test mentioned). • The comparison chart is proposed but not yet created, adding minor execution risk. Overall, both projects are nearly identical in core technology, team, and problem-solution fit. Project B edges out due to its proactive plan to educate backers with a comparison chart, which strengthens differentiation, market communication, and evidence of material value—key factors for crowdfunding success where backer trust and understanding are critical."
"local","6","5","L6.5","3","L6.3","L6.5","plan_5","{
  ""Project A"": {
    ""Pros"": [
      ""• Clear, compelling value proposition: Real leather without animal harm, with strong ethical positioning."",
      ""• Strong feasibility plan: Shows finished prototypes, patent-pending tech, no regulatory hurdles, and clear ownership of cell lines."",
      ""• Detailed development roadmap: Includes specific pilot tests, scaffold inspection, and production scaling strategy."",
      ""• Thoughtful risk mitigation: Addresses cell storage, material variability, and supply chain risks with concrete plans."",
      ""• Strong evidence plan: Proposes rub test AND water-resistance test to address material performance concerns, enhancing credibility."",
      ""• Experienced founder with relevant tissue-engineering and cellular-agriculture background since 2018.""
    ],
    ""Cons"": [
      ""• Market size potentially limited to niche ethical consumers and early adopters of cultivated materials."",
      ""• Revenue model sustainability unclear beyond initial crowdfunding campaign; long-term pricing and scaling economics not detailed."",
      ""• Differentiation from plant-based or synthetic leathers relies heavily on the 'real leather from living animal' narrative, which may not appeal to all ethical consumers."",
      ""• Impact measurement plan is implicit (animal welfare) but not quantified or benchmarked.""
    ]
  },
  ""Project B"": {
    ""Pros"": [
      ""• All the strengths of Project A's core proposition: clear ethical value, real leather without harm."",
      ""• Enhanced community engagement: Adds a naming tier for future donor cows, potentially building stronger backer connection and brand loyalty."",
      ""• Same strong feasibility and team credentials as Project A."",
      ""• Good transparency features: sample swatch, material passport, and donor profiles.""
    ],
    ""Cons"": [
      ""• Weaker evidence plan: Only mentions rub test, omitting the water-resistance test proposed in Project A, which addresses a key backer concern about material durability in wearable items."",
      ""• Adds complexity: The naming tier for future series could distract from core execution and delivery of the current campaign."",
      ""• Same cons as Project A regarding market niche, revenue sustainability, and differentiation."",
      ""• Slightly less focused development plan due to the additional community feature, though the core roadmap is identical.""
    ]
  }
}"
"local","6","5","L6.5","4","L6.4","L6.5","plan_5","{""Project A"": {""Pros"": [""• Clarity of value proposition: Excellent. Clearly articulates the ethical alternative to conventional leather using cultivated technology from living animals, with a strong narrative about animal welfare and material authenticity."", ""• Market size and demand: Targets a niche but growing market of ethically conscious consumers interested in sustainable luxury and animal-friendly products. The 'heirloom' positioning adds emotional value."", ""• Feasibility and development plan: Strong. Shows tangible progress with prototypes (pendant, card holder), patent-pending technology, and clear ownership of cell lines and processes. No external approvals needed reduces regulatory risk."", ""• Revenue model and sustainability: Clear direct-to-consumer model via crowdfunding with tiered rewards. Proposed sample swatch and pairing tiers demonstrate understanding of backer hesitancy and create multiple price points."", ""• Differentiation: High. Unique value proposition combining cellular agriculture, animal welfare, and heirloom jewelry. The donor selection option creates personalization and storytelling."", ""• Impact and evidence plan: Strong. Includes proposed durability and water-resistance testing to address material concerns, material passport for transparency, and connection to animal sanctuaries."", ""• Risk awareness and mitigation: Good. Identifies key risks (cell loss, material variability, supply chain, delivery delays) with specific mitigation strategies.""], ""Cons"": [""• Market size and demand: The addressable market is likely small due to premium pricing and niche appeal, limiting scalability."", ""• Feasibility and development plan: Scaling bioreactor production for consistent quality may present unmentioned technical challenges."", ""• Revenue model and sustainability: Long-term viability beyond crowdfunding is unclear; relies on continuous consumer interest in a novel but expensive material."", ""• Differentiation: May face competition from established vegan leather alternatives and traditional ethical jewelry brands."", ""• Risk awareness and mitigation: Does not address potential consumer skepticism about 'real leather' claims or the environmental impact of bioreactor production.""]}, ""Project B"": {""Pros"": [""• Clarity of value proposition: Excellent. Identical to Project A in core messaging, effectively communicating the ethical and technological innovation."", ""• Market size and demand: Same as Project A, with added appeal from the tangible scaffold sample vial, potentially enhancing backer engagement."", ""• Feasibility and development plan: Strong. Same development status and milestones as Project A, with clear ownership and no regulatory hurdles."", ""• Revenue model and sustainability: Clear tiered reward structure. The inclusion of scaffold sample vial adds perceived value without significant cost, potentially increasing conversion."", ""• Differentiation: Very high. Includes all of Project A's differentiators plus the physical scaffold sample, enhancing transparency and storytelling."", ""• Impact and evidence plan: Good. Includes proposed durability testing and material passport. The scaffold sample provides tangible evidence of the plant-based process."", ""• Risk awareness and mitigation: Good. Same risk identification and mitigation as Project A.""], ""Cons"": [""• Market size and demand: Same niche limitations as Project A."", ""• Feasibility and development plan: Same scaling challenges as Project A. Adding scaffold sample vial production adds minor complexity."", ""• Revenue model and sustainability: Same long-term viability concerns as Project A."", ""• Impact and evidence plan: Slightly weaker than Project A as it lacks the proposed water-resistance test, which addresses a key consumer concern for wearable materials."", ""• Risk awareness and mitigation: Same gaps as Project A, plus does not address potential added complexity from scaffold sample inclusion.""]}}"
"local","7","0","L6.1","1","L7.1","tie","tie","Exact same normalized text; skipped LLM call."
"local","7","0","L6.1","2","L7.2","L7.2","plan_2","PROJECT A: Pros: • Strong clarity of value proposition: clearly articulates the ethical advantage of cultivated leather from living sanctuary animals. • Good market targeting: addresses conscious consumers seeking animal-friendly luxury items. • Demonstrated feasibility: shows finished inlays, prototypes, and specific technical details (plant-based scaffold, vegetable tanning). • Clear revenue model: direct sales of jewelry pieces with proposed tiered rewards. • Strong differentiation: first-of-its-kind cultivated leather jewelry with traceable donor animals. • Good evidence plan: includes durability testing proposal and material passports. • Reasonable risk awareness: identifies cell storage, material variability, and supply chain risks with mitigation strategies. Cons: • Limited market size quantification: no specific data on target market size. • Scalability concerns: reliance on specific donor animals may limit production scale. • Unproven consumer acceptance: novel material may face durability and perception challenges. • Revenue sustainability: unclear long-term pricing strategy beyond initial campaign. PROJECT B: Pros: • Excellent clarity of value proposition: identical strong ethical positioning as Project A. • Enhanced communication plan: includes proposed infographic explaining cultivation process, improving transparency. • Same strong feasibility as Project A: finished prototypes, owned technology, no regulatory hurdles. • Same clear revenue model with tiered rewards. • Same strong differentiation through traceable donor animals. • Better evidence and transparency: adds infographic to material passport and video content. • Same reasonable risk awareness and mitigation. Cons: • Same limitations as Project A regarding market size quantification and scalability concerns. • Identical unproven consumer acceptance challenges. • Same revenue sustainability questions. • Slightly more complex execution due to additional infographic creation. Both projects are essentially identical in core content, with Project B having one additional proposed feature (infographic). The projects share identical strengths in clarity, differentiation, feasibility, and risk awareness. Project B's slight edge in communication transparency gives it a minor advantage. However, both suffer from the same weaknesses regarding market quantification and scalability."
"local","7","0","L6.1","3","L7.3","tie","tie","Exact same normalized text; skipped LLM call."
"local","7","0","L6.1","4","L7.4","L7.4","plan_4","Project A and Project B are nearly identical, sharing the same core concept, problem, solution, features, team, and risks. The only discernible difference is that Project B includes an additional proposed plan to conduct a water resistance comparison test and share its methodology. Both projects present a highly innovative value proposition (real leather without slaughter) with strong ethical appeal and clear differentiation from conventional leather and vegan alternatives. Both demonstrate a working prototype and a feasible development plan, with a founder possessing relevant expertise. Both have a direct revenue model from product sales but lack a detailed long-term sustainability plan. Both show moderate risk awareness but underplay significant risks like bioreactor scaling, consumer acceptance of novel materials, and potential regulatory hurdles for cultivated animal products. The market size is implied but not quantified. Project B's additional proposed water resistance test methodology shows a slightly higher commitment to transparency and addressing material performance concerns, which marginally improves its evidence plan and risk mitigation. However, this is a minor enhancement to an otherwise identical project. The core pros and cons for both are the same.

Pros for Both Projects:
• Clarity of Value Proposition: Excellent. Clearly offers real, ethical leather via a novel cultivation process.
• Differentiation: Very strong. Unique technology and compelling story of named sanctuary cows.
• Feasibility and Development Plan: Good. Prototypes exist, no regulatory hurdles claimed, and a detailed stepwise plan is provided.
• Team & Partnerships: Strong. Founder has direct tissue-engineering and cellular-agriculture experience.
• Evidence Plan: Good (Project B: Slightly Better). Both propose material passports, durability tests, and sample swatches. Project B adds a proposed water resistance test methodology.

Cons for Both Projects:
• Market Size and Demand: Unquantified. Relies on appealing to a niche of ethically-conscious consumers; total addressable market is not assessed.
• Revenue Model and Sustainability: Weak. Model is simple product sales; no discussion of unit economics, cost structure, pricing strategy, or long-term business model beyond the crowdfunding campaign.
• Risk Awareness and Mitigation: Incomplete. Acknowledges some production risks but misses major commercial and technological scaling risks (e.g., cost of goods, bioreactor throughput, material consistency at scale, consumer durability concerns beyond tests).
• Impact: Claimed but not evidenced. Animal welfare benefit is clear, but environmental impact versus conventional or synthetic leather is not analyzed.

Given the near-total overlap, Project B wins by a narrow margin due to its slightly more thorough proposed approach to material validation and transparency, as indicated by the extra step of designing a water resistance test methodology. This shows a marginally deeper consideration of backer concerns and product evidence."
"local","7","0","L6.1","5","L7.5","L7.5","plan_5","Project A and B are identical in nearly all aspects, including their one-sentence summary, problem statement, solution, features, target users, development status, roadmap, use of funds, team, and technical details. The only discernible difference is in the 'Risks & Challenges' section. Project B includes an additional risk: 'potential backer concerns about the long-term stability of the vegetable-tanned cultivated leather (a proposed mitigation plan is to include basic care instructions with each piece).' This demonstrates slightly greater risk awareness and a specific mitigation plan, which marginally improves its score on criterion 7 (Risk awareness and mitigation). All other criteria are identical between the two projects. Therefore, the pros and cons for each project are the same, with the sole exception of the risk section.

Pros for Both Projects:
• Clarity of Value Proposition: Excellent. Clearly offers real, animal-friendly leather via a novel cultivation process.
• Market Size and Demand: Targets a clear niche of ethically conscious consumers interested in sustainable luxury/novelty items.
• Feasibility and Development Plan: Good. Shows prototypes, owns technology, has a detailed production roadmap, and identifies no regulatory hurdles.
• Revenue Model and Sustainability: Implicit via product sales; proposes multiple reward tiers (jewelry, samples, pairings) to generate revenue and gauge demand.
• Differentiation: Very high. Unique value proposition combining biotechnology, animal welfare, and heirloom jewelry.
• Impact and Evidence Plan: Strong. Plans for material passports, donor cow profiles, durability tests, and sample swatches provide transparency and evidence.
• Risk Awareness and Mitigation (Project A): Adequate. Identifies key production and supply chain risks with standard mitigations.
• Risk Awareness and Mitigation (Project B): Slightly better than Project A. Includes all of Project A's risks plus an additional consumer-focused risk (long-term material stability) with a mitigation plan (care instructions).

Cons for Both Projects:
• Market Size and Demand: The addressable market is likely a small, early-adopter niche within sustainable luxury.
• Feasibility and Development Plan: Scaling bioreactor production for consistent leather quality is an unproven challenge at commercial scale.
• Revenue Model and Sustainability: High production costs (bioreactor cultivation) likely make unit economics challenging without premium pricing; long-term business model beyond crowdfunding is not detailed.
• Differentiation: High technological risk and novelty may limit initial consumer trust and adoption.
• Impact and Evidence Plan: While plans are good, actual durability test results and material performance data are not yet presented as completed facts.

Given the projects are otherwise identical, Project B's slightly more comprehensive risk analysis gives it a marginal edge."
"local","7","1","L7.1","0","L6.1","tie","tie","Exact same normalized text; skipped LLM call."
"local","7","1","L7.1","2","L7.2","L7.2","plan_2","{
  ""Project A"": {
    ""pros"": [
      ""• Clear value proposition: Offers real leather jewelry without animal harm, targeting ethical consumers."",
      ""• Strong differentiation: Uses patented plant-based scaffolding and cultivated leather technology."",
      ""• Feasible development plan: Shows prototypes, has patent-pending tech, and no regulatory approvals needed."",
      ""• Good risk awareness: Addresses cell storage, material variability, and supply chain risks with specific mitigations."",
      ""• Evidence plan: Includes durability testing, sample swatches, and material passports for transparency.""
    ],
    ""cons"": [
      ""• Market size unclear: No data on demand for cultivated leather jewelry or target market size."",
      ""• Revenue model vague: Lacks pricing, scalability details, or long-term sustainability plan."",
      ""• Limited impact evidence: No metrics on animal welfare impact or environmental benefits."",
      ""• High technical risk: Relies on unproven at-scale production of cultivated leather.""
    ]
  },
  ""Project B"": {
    ""pros"": [
      ""• All strengths of Project A, plus enhanced clarity with proposed infographic explaining the cultivation process."",
      ""• Better transparency: Infographic adds educational value, making complex technology more accessible to backers."",
      ""• Stronger evidence plan: Combines video, infographic, and material passport for comprehensive proof of concept."",
      ""• Improved user understanding: Infographic helps backers grasp the innovation, potentially increasing trust and conversion.""
    ],
    ""cons"": [
      ""• Same core weaknesses as Project A: Unclear market size, vague revenue model, limited impact metrics."",
      ""• Slightly higher complexity: Additional infographic creation adds minor production overhead.""
    ]
  }
}"
"local","7","1","L7.1","3","L7.3","tie","tie","Exact same normalized text; skipped LLM call."
"local","7","1","L7.1","4","L7.4","L7.4","plan_4","Both projects present identical core concepts: cultivated leather jewelry from sanctuary cows. Their value propositions, market positioning, differentiation, and core risks are the same. The critical distinction lies in Project B's Development Status and Roadmap. Project B includes a proposed plan to conduct a small, controlled water resistance comparison test and share the methodology during the campaign. This directly addresses a key material feasibility and durability concern not explicitly covered in Project A's rub test plan. While both propose similar transparency measures (material passport, sample swatches), Project B's additional, specific test methodology demonstrates a more proactive and detailed approach to validating the product's core material properties for backers. This enhances its score in Feasibility and Development Plan and shows slightly greater risk awareness. In all other criteria (Clarity, Market, Revenue, Differentiation, Impact, Team), the projects are equal. Therefore, Project B wins based on its marginally more rigorous and transparent validation plan."
"local","7","1","L7.1","5","L7.5","L7.5","plan_5","{
  ""Project A"": {
    ""Pros"": [
      ""• Clarity of value proposition: Clearly articulates a novel, ethical alternative to traditional leather using cultivated cells from living sanctuary cows."",
      ""• Feasibility and development plan: Shows tangible progress with finished jewelry inlays, prototypes from early 2025, and patent-pending technology owned by the team."",
      ""• Differentiation: Unique value proposition combining biotechnology, ethical sourcing, and heirloom jewelry with traceability to named donor animals."",
      ""• Impact and evidence plan: Includes proposed durability testing (rub test) and high-resolution video content to demonstrate material properties."",
      ""• Risk awareness and mitigation: Identifies specific technical risks (cell loss, texture variability) with concrete mitigation strategies.""
    ],
    ""Cons"": [
      ""• Market size and demand: Limited to niche ethical/sustainable jewelry consumers; no quantification of addressable market."",
      ""• Revenue model and sustainability: Lacks clear pricing strategy, unit economics, or long-term business model beyond crowdfunding."",
      ""• Impact and evidence plan: Proposed testing and transparency features are still 'proposed' rather than demonstrated."",
      ""• Risk awareness: Does not address potential consumer acceptance challenges or regulatory considerations for biofabricated materials.""
    ]
  },
  ""Project B"": {
    ""Pros"": [
      ""• Clarity of value proposition: Identical strong value proposition to Project A - ethical cultivated leather from living animals."",
      ""• Feasibility and development plan: Same demonstrated progress as Project A with prototypes and owned technology."",
      ""• Differentiation: Same unique combination of biotechnology and ethical sourcing."",
      ""• Impact and evidence plan: Includes all proposed testing and transparency features from Project A."",
      ""• Risk awareness and mitigation: More comprehensive risk assessment - adds recognition of potential backer concerns about long-term leather stability and includes mitigation through care instructions.""
    ],
    ""Cons"": [
      ""• Market size and demand: Same limitation as Project A - niche market without quantification."",
      ""• Revenue model and sustainability: Same lack of clear business model beyond crowdfunding."",
      ""• Impact and evidence plan: Same reliance on proposed rather than demonstrated evidence."",
      ""• All other cons identical to Project A.""
    ]
  }
}"
"local","7","2","L7.2","0","L6.1","L7.2","plan_2","{""Project A"": {""Pros"": [""• Clarity of value proposition: Excellent. Clearly defines the ethical alternative to conventional leather using cultivated cells from living sanctuary cows, with specific product offerings (jewelry, swatches, keychains)."", ""• Market size and demand: Targets a niche but growing market of ethically-conscious consumers interested in sustainable, animal-friendly luxury goods. The donor-cow selection adds emotional engagement."", ""• Feasibility and development plan: Strong. Shows finished inlays, prototypes from 2025, patent-pending scaffold, and clear milestones. Includes detailed plans for testing, scaling, and reward tier execution."", ""• Revenue model and sustainability: Multiple revenue streams from jewelry, sample swatches, and pairing tiers. Use of funds is specific and tied to production. Long-term viability depends on scaling bioreactor technology."", ""• Differentiation: High. Unique combination of cultivated leather, donor-cow storytelling, material passport, and transparency (durability tests, video, infographic)."", ""• Impact and evidence plan: Robust. Plans for durability tests, high-resolution video of material properties, and an infographic to educate backers. Direct link to animal welfare via sanctuary cows."", ""• Risk awareness and mitigation: Good. Identifies key risks (cell loss, texture variability, supply chain) and offers mitigations (multiple storage, pilot testing, quality alternatives).""], ""Cons"": [""• Market size may be limited to early adopters due to premium positioning and novel technology."", ""• Scalability of bioreactor production for larger demand is noted but not detailed."", ""• Long-term durability of cultivated leather in jewelry applications is unproven, though tests are planned.""]}, ""Project B"": {""Pros"": [""• Clarity of value proposition: Very good. Similar to Project A, with clear ethical positioning and product offerings."", ""• Market size and demand: Same niche market as Project A, with emotional appeal via donor-cow selection."", ""• Feasibility and development plan: Good. Same prototypes and milestones as Project A, but slightly less detailed in supplementary content creation (no infographic mentioned)."", ""• Revenue model and sustainability: Similar multiple revenue streams, though slightly less developed in educational content."", ""• Differentiation: High, but slightly less than Project A due to missing infographic for process explanation."", ""• Impact and evidence plan: Good. Includes durability tests and video, but lacks the infographic for clearer process transparency."", ""• Risk awareness and mitigation: Identical to Project A, with appropriate mitigations.""], ""Cons"": [""• Slightly less comprehensive in educational content (no infographic), which may affect backer understanding and trust."", ""• Same scalability and durability concerns as Project A."", ""• Overall, very similar to Project A but with marginally less detail in supporting materials.""]}}"
"local","7","2","L7.2","1","L7.1","L7.2","plan_2","Both projects are identical in core description, problem, solution, team, and technical details. The only discernible difference is in the 'Key Features & Capabilities' and 'Roadmap & Delivery Plan' sections, where Project A includes one additional proposed plan not mentioned in Project B: 'A proposed plan to create a basic, clear infographic explaining the cultivation process from cell sample to finished inlay, to be included in the packaging or 'material passport'.' This addition is also reflected in Project A's 'Why Crowdfunding / Use of Funds' section. Given the criteria:

1. **Clarity of value proposition**: Identical. Both are clear.
2. **Market size and demand**: Identical.
3. **Feasibility and development plan**: Identical, except Project A's plan includes creating an infographic, which is a minor, low-risk addition that slightly enhances communication and transparency.
4. **Revenue model and sustainability**: Identical.
5. **Differentiation**: Identical.
6. **Impact and evidence plan**: Identical, except Project A's infographic is an additional tool for educating backers and demonstrating the process, slightly strengthening evidence and transparency.
7. **Risk awareness and mitigation**: Identical.

**Project A Pros**:
• Includes a slightly more detailed communication plan (proposed infographic) to enhance backer understanding and transparency.
• This minor addition shows marginally more forethought in addressing potential backer questions about the complex process.

**Project A Cons**:
• The infographic is a proposed plan, not a completed asset, so its impact is minimal.
• The difference is extremely minor and does not address core feasibility, market, or risk factors.

**Project B Pros**:
• Presents the same core, innovative proposition as Project A.

**Project B Cons**:
• Lacks the proposed infographic detail, representing a very slightly less comprehensive communication strategy.

Given the projects are virtually identical, the decision is based on the single point of differentiation. Project A demonstrates a marginally more thorough approach to backer education and process transparency through its proposed infographic. In crowdfunding, where trust and clarity are paramount, this small additional effort in communication gives Project A a negligible edge. Therefore, Project A is the winner, but the distinction is extremely minor."
"local","7","2","L7.2","3","L7.3","L7.2","plan_2","Both projects describe an identical core proposition: cultivated leather jewelry from sanctuary cow cells. They share the same problem statement, solution, target users, development status, team, and technical details. The only differences appear in the level of detail in proposed plans. Project A includes one additional proposed feature: 'A proposed plan to create a basic, clear infographic explaining the cultivation process from cell sample to finished inlay, to be included in the packaging or 'material passport'.' This is reflected in its Key Features, Roadmap, and Use of Funds sections. Given the projects are otherwise identical, this minor addition in Project A demonstrates slightly more thorough planning for communication and transparency.

PROJECT A PROS:
• Clarity of Value Proposition: Clear and identical to B. Ethically sourced, real leather without animal harm.
• Market Size & Demand: Targets niche but growing markets of ethical consumers and biotech enthusiasts.
• Feasibility & Development Plan: Shows prototypes and patent-pending tech. Roadmap is detailed, including the extra infographic plan.
• Revenue Model & Sustainability: Direct sales via crowdfunding; potential for limited editions and material passports adds value.
• Differentiation: Highly differentiated via cultivated leather technology and sanctuary cow story.
• Impact & Evidence Plan: Plans for durability tests, sample swatches, and material passports (including infographic) enhance evidence.
• Risk Awareness & Mitigation: Identifies key risks (cell loss, variability) with stated mitigations.

PROJECT A CONS:
• Market Size: Niche luxury/ethical jewelry market may be limited.
• Feasibility: Scaling bioreactor production for jewelry-sized pieces is unproven at commercial scale.
• Revenue Sustainability: Long-term viability depends on cost reduction and market acceptance beyond early adopters.
• Evidence: While prototypes exist, independent verification of material properties and process scalability is not provided.
• Risks: High dependency on a single technology and small team; supply chain for specialized components may be fragile.

PROJECT B PROS:
• Identical to Project A in all core strengths: clear value prop, niche market, prototype stage, strong differentiation, good risk awareness.

PROJECT B CONS:
• Identical to Project A in all core weaknesses.
• Slightly less detailed in communication planning, missing the explicit infographic proposal, which is a minor con relative to A.

Given the near-total equivalence, the single point of differentiation—the proposed infographic in Project A—tips the balance. It indicates marginally more comprehensive planning for backer education and transparency, which is valuable for a novel, complex product. Therefore, Project A wins by a very narrow margin."
"local","7","2","L7.2","4","L7.4","L7.2","plan_2","{
  ""Project A"": {
    ""Pros"": [
      ""• Clarity of value proposition: Clearly articulates the ethical alternative to conventional leather with a compelling story of sanctuary-grazing cows and heirloom jewelry."",
      ""• Feasibility and development plan: Shows concrete progress with finished inlays, prototypes from early 2025, and patent-pending technology. No outside approvals required."",
      ""• Differentiation: Strong emphasis on transparency through proposed material passport, sample swatches, pairing tiers, and durability testing. Includes infographic for process explanation."",
      ""• Impact and evidence plan: Comprehensive plan to provide physical evidence (sample swatches), durability test results, and visual documentation (high-res video)."",
      ""• Risk awareness and mitigation: Identifies specific risks (cell loss, texture variability, supply chain) with practical mitigation strategies.""
    ],
    ""Cons"": [
      ""• Market size and demand: Niche market targeting ethical consumers and early adopters; limited to jewelry applications rather than broader leather goods."",
      ""• Revenue model and sustainability: Unclear long-term pricing strategy and scalability beyond limited crowdfunding production. High production costs likely."",
      ""• Differentiation: While transparent, the core technology appears similar to Project B; differentiation relies more on presentation than technological advantage.""
    ]
  },
  ""Project B"": {
    ""Pros"": [
      ""• Clarity of value proposition: Equally clear ethical positioning with same compelling narrative about animal welfare and sustainable materials."",
      ""• Feasibility and development plan: Same solid progress as Project A with prototypes and owned technology. Additional proposed water resistance test shows scientific rigor."",
      ""• Differentiation: Includes unique proposed water resistance comparison test methodology, adding technical credibility."",
      ""• Impact and evidence plan: Strong transparency through material passport, sample swatches, and planned durability testing. Water resistance methodology adds depth."",
      ""• Risk awareness and mitigation: Identifies identical risks with same mitigation strategies as Project A.""
    ],
    ""Cons"": [
      ""• Market size and demand: Same niche limitations as Project A."",
      ""• Revenue model and sustainability: Same unclear long-term economics and scalability concerns."",
      ""• Differentiation: Missing the infographic element for process explanation that Project A includes, making technical details slightly less accessible."",
      ""• Impact and evidence plan: Water resistance test only includes methodology documentation, not actual results, which may be less convincing to backers.""
    ]
  }
}"
"local","7","2","L7.2","5","L7.5","L7.2","plan_2","PROJECT A PROS:
• Clarity of value proposition: Strong and clear. Offers animal-friendly real leather from a specific living donor cow, with multiple proposed reward tiers (sample swatch, pairing, material passport) to build trust and demonstrate the product.
• Market size and demand: Targets a niche but growing market of ethically conscious consumers interested in sustainable, animal-friendly luxury goods. The unique story and material could command premium pricing.
• Feasibility and development plan: Shows good progress with prototypes (pendant, card holder) and a clear roadmap. Includes specific proposed actions like durability testing, video creation, and infographic development to address backer concerns.
• Revenue model and sustainability: Multiple reward tiers (jewelry, sample swatches, pairing sets) allow for different price points and customer engagement. Use of funds is clearly tied to production, testing, and content creation.
• Differentiation: Highly differentiated through its cultivated leather technology, donor-cow story, and proposed transparency features (material passport, video, infographic). Patent-pending plant-based scaffold adds IP protection.
• Impact and evidence plan: Strong evidence plan with proposed durability tests, high-resolution video of material properties, and an infographic to explain the process. The donor-cow profiles add emotional impact.
• Risk awareness and mitigation: Identifies key risks (cell loss, texture variability, supply chain, delivery delays) and proposes reasonable mitigations (multiple storage, pilot testing, quality alternatives).

PROJECT A CONS:
• Market size may be limited to early adopters and ethically focused consumers, not mass market.
• Production scaling of cultivated leather in bioreactors could face unforeseen technical hurdles.
• Long-term durability of the vegetable-tanned cultivated leather is not fully proven, though proposed testing helps.

PROJECT B PROS:
• Clarity of value proposition: Identical to Project A in core offering—animal-friendly cultivated leather jewelry with donor-cow selection and sample swatch tiers.
• Market size and demand: Same target market as Project A.
• Feasibility and development plan: Similar progress and roadmap, including proposed durability testing and video creation for the material passport.
• Revenue model and sustainability: Same multi-tier reward structure.
• Differentiation: Same core differentiation via cultivated leather and donor story.
• Impact and evidence plan: Includes proposed durability testing and video evidence, similar to Project A.
• Risk awareness and mitigation: Adds an additional identified risk—'potential backer concerns about the long-term stability of the vegetable-tanned cultivated leather'—with a proposed mitigation of including basic care instructions.

PROJECT B CONS:
• Lacks the proposed infographic explaining the cultivation process, which Project A includes for better transparency and education.
• Otherwise very similar to Project A but with slightly less detailed evidence/communication plan.

WINNER RATIONALE: Project A wins by a narrow margin. Both projects are nearly identical in concept, progress, and team. However, Project A demonstrates slightly stronger planning for transparency and backer education by proposing a 'basic, clear infographic explaining the cultivation process' to be included in packaging or the material passport. This additional detail enhances clarity, addresses potential skepticism about the novel technology, and improves the overall evidence plan. While Project B adds a relevant risk (long-term leather stability) and mitigation (care instructions), Project A's proactive educational component gives it a slight edge in building trust and communicating its value proposition effectively."
"local","7","3","L7.3","0","L6.1","tie","tie","Exact same normalized text; skipped LLM call."
"local","7","3","L7.3","1","L7.1","tie","tie","Exact same normalized text; skipped LLM call."
"local","7","3","L7.3","2","L7.2","L7.2","plan_2","Project A and B are nearly identical in core content, but Project B demonstrates marginally better execution in communication and planning. Both projects share identical strengths: a clear value proposition of ethically sourced real leather, a defined niche market of ethically-conscious consumers, demonstrated technical feasibility with prototypes, a direct-to-consumer revenue model, strong differentiation via cultivated leather technology, and solid risk awareness. Both also share identical weaknesses: limited market size due to niche positioning, unproven scalability, high production costs potentially affecting sustainability, and reliance on a single technology platform. The key distinction is that Project B includes one additional proposed feature: a basic infographic explaining the cultivation process. While minor, this indicates slightly more thorough planning for customer education and transparency, which strengthens its 'Impact and evidence plan' criterion. This small enhancement suggests a more comprehensive approach to addressing potential customer skepticism about the novel material. However, the difference is minimal, and both projects suffer from the same fundamental challenges of scaling a novel biotech process for a luxury niche product."
"local","7","3","L7.3","4","L7.4","L7.4","plan_4","PROJECT A:
Pros:
• Clarity of value proposition: Clearly articulates the ethical alternative to conventional leather using cultivated cells from sanctuary cows.
• Market size and demand: Targets a niche but growing market of ethically conscious consumers interested in sustainable, animal-friendly luxury goods.
• Feasibility and development plan: Shows tangible progress with finished jewelry inlays, prototypes from early 2025, and a patent-pending process. Roadmap includes specific pilot testing and production steps.
• Revenue model and sustainability: Revenue from direct jewelry sales with potential for limited series and sample swatches. Use of funds is clearly tied to production scaling.
• Differentiation: Unique value proposition of leather from specific named sanctuary cows with a 'material passport' for traceability.
• Impact and evidence plan: Demonstrates ethical sourcing and transparency through donor cow profiles and proposed durability tests (rub test).
• Risk awareness and mitigation: Identifies key risks (cell loss, texture variability, supply chain issues) and proposes mitigations like multi-facility storage and pilot testing.
Cons:
• Market size may be limited to early adopters and ethically focused consumers.
• Durability and longevity of cultivated leather in jewelry applications remain unproven, though tests are planned.
• High production costs may limit scalability and mainstream adoption.
• Reliance on a small number of donor cows could constrain supply.

PROJECT B:
Pros:
• Includes all pros from Project A, plus additional transparency efforts: proposes a controlled water resistance comparison test vs. standard leather and commits to sharing methodology.
• Enhanced evidence plan: Adds scientific rigor by planning a comparative test, which could build greater backer trust and address material performance concerns more comprehensively.
• Slightly more detailed roadmap includes designing and documenting the water resistance test methodology.
• Stronger differentiation: The additional test plan further sets it apart from conventional leather and other ethical alternatives by proactively addressing performance questions.
Cons:
• All cons from Project A apply equally.
• The additional test (water resistance) may delay timelines or increase complexity without guaranteed results that favor the cultivated leather.
• No mention of results from the water test being shared, only methodology, which may leave backers wanting more conclusive evidence.

Overall, both projects are nearly identical in core description, but Project B demonstrates a marginally higher commitment to transparency and evidence-based validation by proposing an additional comparative material test. This addresses a key uncertainty (material performance) more proactively, which could increase backer confidence and strengthen its value proposition. Therefore, Project B wins by a narrow margin due to its enhanced approach to risk mitigation and evidence generation."
"local","7","3","L7.3","5","L7.5","L7.5","plan_5","Both projects describe an identical core concept: cultivated leather jewelry from sanctuary cows. Their summaries, problem statements, solutions, features, target users, development status, roadmaps, funding use, teams, and technical details are nearly verbatim copies. The only discernible difference is in the 'Risks & Challenges' section: Project B includes an additional risk ('potential backer concerns about the long-term stability of the vegetable-tanned cultivated leather') and a corresponding mitigation plan ('include basic care instructions'). This is a minor, incremental improvement in risk awareness. All other proposed plans (sample swatches, material passports, durability tests) are identical. Neither project provides unique evidence of traction, partnerships, or quantified market data beyond the stated prototype milestones. Given the overwhelming similarity, the evaluation is based on this single point of differentiation.

PROJECT A:
• Pros: Clear, innovative value proposition (animal-friendly real leather). Strong differentiation in a niche market. Demonstrated technical feasibility with prototypes and owned IP. Thoughtful, multi-tiered reward structure proposed to build trust. Detailed development plan with specific next steps. Direct revenue model from product sales. Addresses key production risks (cell storage, variability).
• Cons: Market size for high-end, niche ethical jewelry is unquantified. Long-term sustainability of the revenue model at scale is unclear. No specific evidence plan beyond proposed transparency features (passport, video). Risk section is slightly less comprehensive than Project B's.

PROJECT B:
• Pros: All the pros of Project A. Additionally, demonstrates slightly higher risk awareness by explicitly identifying and proposing a mitigation for a customer-centric risk (long-term material stability concerns).
• Cons: All the cons of Project A. The added risk mitigation is basic (care instructions) and does not fundamentally alter the project's feasibility or sustainability assessment.

Overall, both projects are effectively the same. Project B's minor addition shows marginally better anticipation of customer questions, giving it a slight edge in the 'Risk awareness and mitigation' criterion. This is the sole basis for differentiation in an otherwise identical pair of descriptions."
"local","7","4","L7.4","0","L6.1","L7.4","plan_4","Both projects present identical core concepts, value propositions, and technical details. The critical difference lies in Project A's inclusion of an additional, specific proposed transparency measure: a controlled water resistance comparison test methodology. This single addition, while minor, demonstrates a marginally higher level of proactive risk awareness, evidence planning, and commitment to transparency (Criteria 6 & 7). It directly addresses a potential backer concern (material performance) with a structured, scientific approach. In all other aspects—clarity, market, feasibility, revenue model, differentiation, and team—the projects are equivalent. Therefore, Project A earns a slight edge due to this enhanced evidence and mitigation plan.

**Project A Pros:**
• Identical strong, clear value proposition of ethical, real leather without animal harm.
• Identical defined niche market of ethically-conscious consumers and early adopters.
• Identical demonstrated feasibility with prototypes and owned, patent-pending technology.
• Identical direct-to-consumer revenue model via crowdfunding rewards.
• Identical strong differentiation via cultivated leather from named sanctuary animals.
• Slightly stronger evidence plan: Proposes sharing water resistance test *methodology* in addition to rub test results and visual content, showing a more structured approach to validating material properties.
• Slightly stronger risk mitigation: The proposed water resistance test methodology is an additional, specific action to understand and communicate a key material property risk.
• Identical credible team with relevant tissue-engineering experience.

**Project A Cons:**
• All cons are shared with Project B: High dependency on a novel, unproven-at-scale bioprocess. Market size is likely a luxury niche. Long-term sustainability of the high-cost cultivation process for small jewelry items is unproven. Revenue model post-campaign is unclear. Scalability risks are high.

**Project B Pros:**
• Identical strong, clear value proposition of ethical, real leather without animal harm.
• Identical defined niche market of ethically-conscious consumers and early adopters.
• Identical demonstrated feasibility with prototypes and owned, patent-pending technology.
• Identical direct-to-consumer revenue model via crowdfunding rewards.
• Identical strong differentiation via cultivated leather from named sanctuary animals.
• Good evidence plan with proposed rub test results and visual content for transparency.
• Good risk awareness with stated mitigations for cell loss and production variability.
• Identical credible team with relevant tissue-engineering experience.

**Project B Cons:**
• All cons are shared with Project A. Slightly less comprehensive evidence plan compared to Project A, lacking the proposed structured methodology for additional material testing.

**Winner:** Project A wins by a narrow margin due to its more thorough proposed approach to generating and communicating evidence about its core innovative material, which slightly strengthens its assessment in risk mitigation and evidence planning."
"local","7","4","L7.4","1","L7.1","L7.4","plan_4","Both projects describe an identical core concept: cultivated leather jewelry from sanctuary cows. However, Project A demonstrates superior execution in its project description through greater detail and proactive planning, particularly in the 'Development Status' and 'Roadmap & Delivery Plan' sections. Project A includes an additional, specific proposed plan to conduct a water resistance comparison test and share its methodology, indicating a higher level of technical transparency and risk awareness. This extra detail, though subtle, makes Project A's feasibility plan more credible and its approach to evidence (criterion 6) and risk mitigation (criterion 7) more robust. All other criteria (Clarity, Market, Revenue Model, Differentiation) are effectively equal between the two descriptions. Therefore, Project A wins based on its marginally more comprehensive and evidence-oriented planning.

--- PROJECT A ---
Pros:
• Clear, compelling value proposition: real leather without animal harm.
• Addresses a defined ethical niche in the sustainable/vegan accessory market.
• Development status shows tangible progress (prototypes from early 2025, patent-pending tech).
• Team has relevant tissue-engineering and cellular-agriculture expertise.
• Detailed roadmap with specific pilot testing plans and contingency planning for scaling.
• Proposes multiple reward tiers (sample swatch, pairing, material passport) to build trust and cater to different backer interests.
• Proactively addresses key risks (cell storage, material variability, supply chain) with stated mitigations.
• Includes an additional, specific plan for a water resistance test methodology, enhancing transparency.
Cons:
• Market size for high-end, niche cultivated leather jewelry is unquantified and likely small.
• Revenue model and long-term sustainability beyond the crowdfunding campaign are not detailed.
• Differentiation relies heavily on a novel technology that may face scaling or cost challenges.
• Evidence of material durability and consumer acceptance is still planned (rub test, water test) rather than proven.
• 'Heirloom' positioning may conflict with unproven material longevity over decades.

--- PROJECT B ---
Pros:
• Clear, compelling value proposition: real leather without animal harm.
• Addresses a defined ethical niche in the sustainable/vegan accessory market.
• Development status shows tangible progress (prototypes from early 2025, patent-pending tech).
• Team has relevant tissue-engineering and cellular-agriculture expertise.
• Roadmap includes specific pilot testing and production steps.
• Proposes multiple reward tiers (sample swatch, pairing, material passport) to build trust.
• Proactively addresses key risks (cell storage, material variability, supply chain) with stated mitigations.
Cons:
• Market size for high-end, niche cultivated leather jewelry is unquantified and likely small.
• Revenue model and long-term sustainability beyond the crowdfunding campaign are not detailed.
• Differentiation relies heavily on a novel technology that may face scaling or cost challenges.
• Evidence of material durability and consumer acceptance is still planned (rub test) rather than proven.
• 'Heirloom' positioning may conflict with unproven material longevity over decades.
• Lacks the additional, specific transparency measure (water resistance test methodology) mentioned in Project A, making its evidence plan slightly less comprehensive.

Winner: Project A. The projects are nearly identical, but Project A's description includes one additional, concrete plan for a water resistance comparison test and methodology sharing. This indicates a marginally higher commitment to technical transparency, proactive risk investigation, and building evidence for backers, giving it a slight edge in 'Feasibility and development plan' and 'Impact and evidence plan.'"
"local","7","4","L7.4","2","L7.2","L7.4","plan_4","Project A and Project B are nearly identical in their core concept, problem, solution, and team. The key differences lie in minor details of their proposed plans. Both projects share the same strengths: a clear, innovative value proposition (animal-friendly real leather), a defined niche market of ethically-conscious consumers, a technically feasible development plan with prototypes already shown, a direct-to-consumer revenue model, strong differentiation via cultivated leather and donor connection, good impact transparency, and reasonable risk awareness. Both also share the same weaknesses: a very niche market size, unproven consumer demand at scale, high production complexity, unquantified unit economics, and reliance on a novel material's acceptance. The sole substantive difference is that Project A proposes an additional water resistance comparison test methodology, while Project B proposes an additional infographic. The water resistance test in Project A represents a more concrete, technical step towards validating material properties and building consumer trust, addressing a key uncertainty (material performance) more directly than an explanatory graphic. Therefore, Project A has a slight edge in feasibility and evidence planning. Overall, both are high-risk, high-novelty ventures with similar profiles, but Project A's plan for comparative material testing provides marginally better risk mitigation and evidence generation."
"local","7","4","L7.4","3","L7.3","L7.4","plan_4","PROJECT A: Pros: • Excellent clarity of value proposition: animal-friendly real leather from living sanctuary cows • Strong differentiation: patent-pending technology, donor animal selection, material passport • Good feasibility: shows prototypes, patent-pending tech, no regulatory approvals needed • Comprehensive risk mitigation: addresses cell storage, quality variability, supply chain • Strong evidence plan: proposes durability tests, water resistance comparison, video demonstrations • Good sustainability: vegetable-tanned, eco-friendly packaging • Good market targeting: addresses ethical consumers and collectors Cons: • Market size limited to niche ethical jewelry segment • Revenue model unclear beyond crowdfunding • Production scaling challenges mentioned • High price point likely due to complex technology • Limited evidence of actual durability test results (only proposed) PROJECT B: Pros: • Identical strong value proposition to Project A • Good differentiation with donor selection and material passport • Same technical feasibility as Project A • Same risk awareness as Project A • Good target market alignment Cons: • Less comprehensive evidence plan than Project A (no water resistance test proposal) • Less detailed development transparency • Same limitations as Project A regarding market size and revenue model • All proposed tests and demonstrations are identical to Project A but with one fewer test proposed WINNER ANALYSIS: Both projects are nearly identical in concept, technology, and presentation. The key difference is that Project A demonstrates slightly more comprehensive planning for evidence gathering and transparency. Project A explicitly mentions proposing a water resistance comparison test methodology, which shows deeper consideration of material validation. This additional layer of planned evidence testing gives Project A a slight edge in risk mitigation and credibility building, making it marginally stronger for crowdfunding where backer confidence is crucial."
"local","7","4","L7.4","5","L7.5","L7.4","plan_4","PROJECT A PROS: • Excellent clarity of value proposition with specific technical details and transparency plans • Strong market positioning targeting ethical consumers with unique heirloom value • Detailed development plan with specific milestones and proposed testing methodologies • Clear revenue model through jewelry sales and tiered reward structure • Strong differentiation through cultivated leather technology and donor-specific options • Robust impact plan with material passports, video evidence, and proposed durability testing • Superior risk awareness including proposed water resistance testing methodology • More comprehensive development status mentioning additional testing plans PROJECT A CONS: • Market size limited to niche ethical jewelry segment • Production scalability concerns with bioreactor technology • Dependence on specific donor animals limits mass production • Higher price point likely due to complex production process PROJECT B PROS: • Clear ethical value proposition addressing animal welfare concerns • Same strong market positioning as Project A • Similar detailed development roadmap and production plans • Identical revenue model and tiered reward structure • Same strong differentiation through cultivated leather technology • Good impact plan with material passports and proposed video content • Good risk awareness including mention of care instructions for leather stability PROJECT B CONS: • Less comprehensive risk mitigation (no mention of water resistance testing) • Slightly less detailed development status • Missing the proposed water resistance comparison test methodology • Less explicit about additional transparency testing Overall, Project A demonstrates superior thoroughness in risk mitigation, transparency, and evidence planning. While both projects share identical core concepts and most features, Project A includes additional proposed testing (water resistance comparison methodology) and shows slightly more comprehensive planning. This gives Project A an edge in feasibility assessment and risk management, which are critical for crowdfunding success with novel biotechnology products."
"local","7","5","L7.5","0","L6.1","L7.5","plan_5","Both projects are identical in their core description, presenting the same innovative concept of cultivated leather jewelry from sanctuary cows. They share identical strengths: a clear ethical value proposition addressing animal welfare concerns in leather production, a novel technology with patent-pending aspects, a thoughtful development plan with prototypes shown, and a team with relevant expertise. Both also share identical weaknesses: a niche market limited to ethically-conscious jewelry buyers, unproven long-term durability and consumer acceptance of cultivated leather, a complex and potentially costly production process, and a revenue model dependent on a premium, low-volume product. The key difference is in the 'Risks & Challenges' section: Project A explicitly acknowledges and proposes a mitigation for 'potential backer concerns about the long-term stability of the vegetable-tanned cultivated leather' (by including care instructions), while Project B's identical section omits this specific consumer-perception risk. This gives Project A a slight edge in risk awareness and mitigation planning, demonstrating a more nuanced understanding of potential market acceptance hurdles beyond just production risks.

PROJECT A PROS:
• Clear, compelling value proposition of real leather without animal harm.
• Innovative, proprietary technology (patent-pending plant-based scaffold).
• Development appears advanced with prototypes and owned cell lines.
• Thoughtful reward tiers (sample swatch, pairing, material passport) to build trust and educate backers.
• Detailed roadmap and use of funds.
• Strong team with specific tissue-engineering and cellular-agriculture experience.
• Explicitly identifies and plans to mitigate consumer concerns about material longevity (care instructions).

PROJECT A CONS:
• Extremely niche market; demand is unproven and likely small.
• Premium product with complex, potentially high-cost biotech production.
• Long-term durability and performance of the novel material are untested in real-world use.
• Revenue model sustainability is questionable at a small scale; scaling bioreactor production for jewelry may be inefficient.
• Differentiation is high on ethics/tech but low on jewelry design itself.
• Impact plan is more about proof-of-concept than large-scale market disruption.

PROJECT B PROS:
• Identical to Project A in all positive aspects: clear value prop, innovative tech, advanced development, thoughtful rewards, detailed roadmap, strong team.

PROJECT B CONS:
• Identical to Project A in all negative aspects: niche market, unproven demand, cost/complexity, untested durability, questionable scalability.
• Slightly less comprehensive risk assessment, omitting the explicit mention of mitigating consumer concerns about material stability.

Overall, the projects are 99% identical. The decisive factor is Project A's marginally superior risk assessment, which shows slightly greater maturity in anticipating market feedback. In crowdfunding, where managing backer expectations is critical, this small detail is significant."
"local","7","5","L7.5","1","L7.1","L7.5","plan_5","Both projects are identical in their descriptions, presenting the same concept, features, development status, roadmap, team, and risks. The only discernible difference is that Project A explicitly mentions a risk and mitigation plan for 'potential backer concerns about the long-term stability of the vegetable-tanned cultivated leather' and proposes to include basic care instructions, while Project B's risk section omits this specific point. This gives Project A a slight edge in demonstrating more comprehensive risk awareness and customer-centric thinking. However, given the overwhelming similarity, the core assessment for all criteria is identical: The value proposition is clear (ethical, real leather without harm), targeting a niche but growing market of ethically-conscious consumers. The product appears technically feasible with a prototype shown and a patent-pending process, led by an experienced founder. The revenue model is direct sales via crowdfunding, with sustainability hinging on scaling the cultivation process. Differentiation is strong as a first-of-its-kind product. Impact is framed around animal welfare and material innovation, with an evidence plan including prototypes and proposed durability tests. Risks are acknowledged with some mitigation plans. The major con for both is the high degree of technical and production uncertainty inherent in a novel biomaterial process, unproven at scale, and a potentially very high cost structure that may limit the addressable market.

**Project A Pros:**
• Clear, innovative value proposition addressing animal welfare in luxury materials.
• Targets a defined, ethically-motivated niche market.
• Demonstrates technical progress with prototypes and owned IP.
• Detailed, phased roadmap for development and production.
• Strong differentiation via cultivated leather technology and connection to named animals.
• Plans for transparency (material passport, video, durability tests) to build evidence.
• Acknowledges key technical and supply chain risks, including a specific mention of addressing backer concerns about material longevity with care instructions.
• Experienced founder in a relevant field.

**Project A Cons:**
• Market size is likely limited to a premium, early-adopter segment; demand is unquantified.
• High technical risk and unproven manufacturing scalability for cultivated leather.
• Revenue model and long-term business sustainability are untested; cost of goods is likely very high.
• Durability and aging of the novel material are unknown long-term risks.
• Complex production and supply chain for a crowdfunding reward.

**Project B Pros:**
• Identical to Project A's pros: Clear value proposition, defined niche, technical progress, detailed roadmap, strong differentiation, transparency plans, risk acknowledgment (except one point), and experienced founder.

**Project B Cons:**
• Identical to Project A's cons: Limited market, high technical risk, untested business model, material durability unknowns, complex production.
• Slightly less comprehensive in its stated risk assessment, omitting the specific plan to address backer concerns about material stability.

Given the projects are virtually the same, the winner is determined by the marginally more thorough risk disclosure in Project A."
"local","7","5","L7.5","2","L7.2","L7.2","plan_2","Both projects describe an identical core concept: cultivated leather jewelry from sanctuary cow cells. The evaluation reveals they are nearly identical twins, with only minor differences in risk communication and educational content.

PROJECT A:
Pros:
• Clear value proposition: Real leather without animal harm, with heirloom quality and ethical sourcing.
• Strong differentiation: First-of-its-kind cultivated leather jewelry with unique donor connection.
• Good development status: Shows finished inlays, prototypes, and patent-pending technology.
• Detailed roadmap: Includes pilot testing, scaffold inspection, and production scaling plans.
• Experienced team: Founder with tissue-engineering and cellular-agriculture expertise.
• Thoughtful risk mitigation: Addresses cell preservation, material variability, and supply chain issues.
• Innovative reward structure: Sample swatches, pairing tiers, and material passports increase backer confidence.

Cons:
• Limited market validation: No evidence of consumer demand for cultivated leather jewelry.
• Unproven revenue model: No pricing strategy or long-term sustainability plan presented.
• Material durability concerns: Only proposes basic care instructions for long-term stability.
• High technical risk: Bioreactor scaling and material consistency unproven at production scale.
• Niche market: Appeals primarily to ethical consumers willing to pay premium for novel material.

PROJECT B:
Pros:
• Identical strengths to Project A in value proposition, differentiation, development status, and team.
• Slightly better risk awareness: Omits the vague 'potential backer concerns about long-term stability' risk, focusing on more concrete technical and operational risks.
• Enhanced educational component: Additional infographic explaining cultivation process improves transparency.
• More focused risk presentation: Presents cleaner, more actionable risk factors.

Cons:
• Same limitations as Project A regarding market validation, revenue model, and technical risks.
• Marginally less comprehensive in addressing material durability concerns visually.
• Still lacks quantitative evidence of market demand or production economics.

Key Distinction: Project B demonstrates slightly sharper risk awareness by removing a vague, unactionable risk item and adds an educational infographic. However, both projects suffer from identical fundamental weaknesses: unproven market demand, unclear pricing strategy, and high technical execution risk. The differences are minimal enough that neither project has a decisive advantage across the seven criteria.

Given the near-identical nature, Project B wins by the narrowest margin due to its slightly more focused risk presentation and additional educational element, which marginally improves transparency and backer understanding."
"local","7","5","L7.5","3","L7.3","L7.5","plan_5","Both projects are identical in content, describing a cultivated leather jewelry line using bioreactor-grown leather from sanctuary cows. They share the same value proposition (animal-friendly real leather), market (ethical/sustainable jewelry consumers), feasibility plan (prototypes shown, patent-pending tech), revenue model (direct sales via crowdfunding), differentiation (first-of-its-kind heirloom pieces with donor stories), impact plan (transparency via material passports), and risk mitigation (cell storage, pilot testing). All proposed reward tiers, development steps, and technical details are identical. Therefore, both projects have identical pros and cons.

Pros for both projects:
• Clarity of value proposition: Clear, concise one-sentence summary and problem-solution framing around ethical leather.
• Market size and demand: Targets growing niche of ethically conscious consumers interested in sustainable and animal-friendly luxury goods.
• Feasibility and development plan: Shows prototypes, outlines specific production steps, and claims ownership of technology with no regulatory hurdles.
• Revenue model and sustainability: Direct-to-consumer model with multiple reward tiers; potential for premium pricing due to unique story.
• Differentiation: Highly novel product combining cellular agriculture with jewelry; unique donor-cow story and material transparency.
• Impact and evidence plan: Strong transparency through proposed material passports, durability tests, and sample swatches.
• Risk awareness and mitigation: Identifies key technical and supply chain risks with specific mitigation strategies.

Cons for both projects:
• Market size and demand: Niche market; unclear total addressable market size or validation of consumer willingness to pay premium.
• Feasibility and development plan: Relies on unproven at-scale production of cultivated leather; 'modular bioreactor' scaling is vague.
• Revenue model and sustainability: High production costs likely; long-term business model beyond crowdfunding not addressed.
• Differentiation: Technology may be replicable; limited defensibility beyond early-mover advantage.
• Impact and evidence plan: Impact is primarily ethical/emotional rather than large-scale environmental or social change.
• Risk awareness and mitigation: Does not address potential consumer skepticism about material durability or acceptance of 'lab-grown' leather in luxury context.

Since the projects are identical, neither has an advantage."
"local","7","5","L7.5","4","L7.4","L7.4","plan_4","PROJECT A: Pros: • Clear value proposition: animal-friendly real leather jewelry with specific donor cow selection. • Strong differentiation: first-of-its-kind heirloom pieces with material passports. • Good development status: shows finished inlays and prototypes. • Thoughtful risk mitigation: addresses cell preservation, variability, and durability concerns. • Comprehensive revenue model: multiple reward tiers including sample swatches and pairing options. Cons: • Market size: niche appeal limited to ethical luxury consumers. • Scalability concerns: reliance on specific donor cows and bioreactor scaling. • Limited evidence: no mention of third-party validation or performance data. • Revenue sustainability: unclear long-term pricing strategy beyond crowdfunding. • Risk awareness incomplete: lacks discussion of regulatory or intellectual property risks. PROJECT B: Pros: • All pros of Project A plus additional transparency: proposes water resistance comparison test methodology. • Enhanced evidence plan: includes test methodology design for material properties. • Better risk communication: acknowledges need for material performance validation. • Stronger development transparency: plans to share test methodology during campaign. • More comprehensive technical validation approach. Cons: • Same market limitations as Project A. • Same scalability challenges. • Additional testing adds complexity without proven results. • Potentially higher development costs for test design. • No actual test results provided, only methodology plans. Both projects are identical in core description except for Project B's additional proposed water resistance test methodology. This gives Project B a slight edge in evidence planning and risk mitigation transparency. However, both suffer from the same fundamental limitations: niche market appeal, unproven scalability, and high production complexity. Project B demonstrates marginally better awareness of material validation needs but doesn't provide actual test results. WINNER: Project B wins by a narrow margin due to its more comprehensive approach to material validation and transparency, though both projects face significant challenges in market adoption and scalability."
"local","8","0","L7.2","1","L8.1","L8.1","plan_1","{""Project A"": {""Pros"": [""• Clear value proposition: Real leather without animal harm, targeting ethical consumers and collectors."", ""• Strong differentiation: First-of-its-kind cultivated leather jewelry with donor-cow selection and material passport."", ""• Feasible development plan: Prototypes exist, no external approvals needed, owned technology."", ""• Good risk awareness: Identifies cell loss, material variability, supply chain, and delivery delays with mitigations."", ""• Experienced team: Founder has tissue-engineering and cellular-agriculture background.""], ""Cons"": [""• Market size uncertain: Niche luxury/ethical jewelry segment, demand unquantified."", ""• Revenue model unclear: No pricing, scalability, or long-term sustainability details."", ""• Limited evidence plan: No specific durability test standard mentioned, only proposed."", ""• High production complexity: Bioreactor scaling for jewelry-scale leather may be costly.""]}, ""Project B"": {""Pros"": [""• Clear value proposition: Identical to Project A—real leather without animal harm for ethical consumers."", ""• Strong differentiation: Same unique donor-cow selection, material passport, and sample swatch options."", ""• Feasible development plan: Prototypes exist, owned technology, no external approvals."", ""• Better evidence plan: Proposes ASTM D6279 rub test standard for durability, adding credibility."", ""• Good risk awareness: Same risks as Project A with mitigations."", ""• Experienced team: Same founder credentials.""], ""Cons"": [""• Market size uncertain: Same niche segment, unquantified demand."", ""• Revenue model unclear: No pricing or scalability details."", ""• High production complexity: Same bioreactor scaling challenges."", ""• Identical risks: No additional mitigations beyond Project A.""]}}"
"local","8","0","L7.2","2","L8.2","L8.2","plan_2","{
  ""Project A"": {
    ""Pros"": [
      ""• Clarity of value proposition: Clearly defines the ethical alternative to conventional leather using cultivated cells from a living sanctuary cow. The 'heirloom' positioning and material story are compelling."",
      ""• Feasibility and development plan: Shows concrete progress with prototypes (pendant, card holder), patent-pending technology, and clear ownership of cell lines. No external approvals needed simplifies path."",
      ""• Revenue model and sustainability: Offers tiered pricing (jewelry, sample swatches, pairing tiers) targeting different commitment levels. Use of funds is directly tied to production scaling."",
      ""• Differentiation: Highly novel concept combining cellular agriculture, jewelry, and animal welfare. The donor-cow selection and material passport add unique storytelling elements."",
      ""• Impact and evidence plan: Proposes tangible evidence like durability tests, high-resolution video of material properties, and infographics to build trust in the new material."",
      ""• Risk awareness and mitigation: Identifies key technical (cell loss, texture variability) and logistical (supply chain, delivery times) risks with specific mitigation strategies.""
    ],
    ""Cons"": [
      ""• Market size and demand: The niche, luxury nature of heirloom jewelry and novel material may limit addressable market. No quantification of target audience size."",
      ""• Revenue model and sustainability: Long-term scalability of bioreactor production for small inlays is untested. High cost structure likely."",
      ""• Impact and evidence plan: Evidence plans (durability test, video) are proposed but not yet executed. Backers must trust future delivery of this validation.""
    ]
  },
  ""Project B"": {
    ""Pros"": [
      ""• Includes all pros listed for Project A."",
      ""• Impact and evidence plan: Adds a 'pre-launch' email series to educate and build trust before the campaign, demonstrating a more sophisticated go-to-market and community-building strategy."",
      ""• Clarity of value proposition: The educational email series could enhance clarity by preemptively explaining the complex science and ethics to potential backers.""
    ],
    ""Cons"": [
      ""• Includes all cons listed for Project A."",
      ""• Feasibility and development plan: The added pre-launch email series, while beneficial, represents an additional task that could divert focus from core technical production if not managed carefully.""
    ]
  },
  ""Comparison"": ""Both projects are identical in their core description, technology, team, risks, and most proposed features. The only discernible difference is Project B's inclusion of a 'proposed plan for a \""pre-launch\"" email series' in its Key Features, Target Users, Roadmap, and Use of Funds sections. This addition in Project B represents a more comprehensive approach to market education and backer engagement prior to the campaign launch. It directly addresses a critical challenge for a novel, science-heavy product: building understanding and trust. This proactive communication strategy improves its 'Impact and evidence plan' and marginally enhances 'Clarity of value proposition' by planning to educate the audience. All other assessed criteria are equal. Therefore, Project B demonstrates slightly better strategic planning for campaign success and stakeholder management.""
}"
"local","8","0","L7.2","3","L8.3","L8.3","plan_3","{'Project A': {'pros': ['• Clear value proposition: Ethically sourced real leather without animal harm, targeting conscious consumers.', '• Strong differentiation: First-of-its-kind cultivated leather jewelry with traceable donor origin.', '• Detailed development plan: Clear roadmap including pilot testing, scaffold inspection, and tanning preparation.', '• Evidence plan: Proposed durability testing, sample swatches, and material passport enhance credibility.', '• Risk awareness: Identifies key technical and supply chain risks with specific mitigation strategies.', '• Feasibility: Prototypes exist, no external approvals needed, and team has relevant technical expertise.'], 'cons': ['• Market size limited: Niche luxury/ethical jewelry segment; demand unquantified.', '• Revenue model unclear: No pricing or long-term sustainability plan beyond crowdfunding.', '• Scalability concerns: Reliance on modular bioreactor scaling unproven for production volumes.', '• High technical risk: Cultivated leather consistency and durability in jewelry use untested at scale.', '• High cost likely: Bioreactor cultivation and small-scale production may limit affordability.']}, 'Project B': {'pros': ['• All strengths of Project A plus additional engagement: Name-suggestion tier increases backer participation.', '• Enhanced market appeal: Low-cost tier broadens accessibility and builds community.', '• Stronger evidence plan: Includes all proposed testing, samples, passports, and video documentation.', '• Clear differentiation: Unique donor connection and ethical narrative stand out in jewelry market.', '• Feasibility supported: Prototypes shown, proprietary technology, experienced founder.'], 'cons': ['• Same market limitations: Niche ethical luxury segment with unproven demand.', '• Same revenue model issues: No clear pricing or post-campaign business model.', '• Added complexity: Name-suggestion tier adds logistical overhead without clear value addition.', '• Same scalability risks: Bioreactor production scaling remains unproven.', '• Same high cost structure: Likely premium pricing limits market reach.']}, 'Comparison': 'Both projects are nearly identical in core technology, team, and plan. Project B adds one minor feature (name-suggestion tier) but otherwise matches Project A. Both have identical strengths in clarity, differentiation, evidence planning, and risk awareness. Both share identical weaknesses in market quantification, revenue model clarity, and scalability. The name-suggestion tier in Project B offers slightly higher backer engagement but adds minimal substantive value.'}"
"local","8","0","L7.2","4","L8.4","L8.4","plan_4","{""Project A"": {""pros"": [""• Clear value proposition: Offers real, animal-friendly leather jewelry via innovative bioreactor cultivation with strong ethical positioning."", ""• Feasible development plan: Shows concrete prototypes (pendant, card holder), patent-pending technology, and clear roadmap for pilot testing and production scaling."", ""• Strong differentiation: Unique cultivated leather from named sanctuary cows with transparent origin story; offers sample swatches and material passports for verification."", ""• Good risk awareness: Identifies specific risks (cell loss, texture variability, supply chain) with mitigation strategies (multi-site storage, pilot testing)."", ""• Experienced team: Founder has tissue-engineering and cellular-agriculture expertise since 2018, with sanctuary/veterinary partnerships.""], ""cons"": [""• Limited market size evidence: Targets niche ethical/sustainable jewelry buyers without quantified demand data."", ""• Unproven revenue model sustainability: No clear pricing strategy, customer lifetime value, or post-campaign sales plan."", ""• Limited impact evidence plan: Lacks structured metrics for measuring environmental/ethical impact beyond storytelling."", ""• Durability concerns: Mentions rub testing but hasn't conducted it yet; material longevity for jewelry use remains unverified.""]}, ""Project B"": {""pros"": [""• Enhanced clarity and transparency: Adds physical 'mini-passport' card alongside digital QR code, improving immediate tangibility of value proposition."", ""• Stronger user experience: Physical card provides instant summary of cow profile and process, reducing friction for less tech-savvy backers."", ""• Better evidence plan: Includes all of Project A's verification features (sample swatches, video, infographic) plus physical documentation."", ""• Same strong feasibility: Identical development status, team expertise, and risk mitigation as Project A."", ""• Improved differentiation: Mini-passport adds collectible/physical artifact element to the ethical story.""], ""cons"": [""• Same market size limitations: No additional data on target market size or demand quantification."", ""• Same revenue sustainability gaps: No improved business model or post-campaign strategy."", ""• Added complexity: Physical cards increase production/logistics burden without addressing core scalability challenges."", ""• Identical durability concerns: Rub testing still proposed but not completed.""]}}"
"local","8","0","L7.2","5","L8.5","L8.5","plan_5","{""Project A"": {""Pros"": [""• Clarity of value proposition: Clearly articulates an ethical alternative to conventional leather, offering real leather without animal harm. The connection to sanctuary-grazing cows and the heirloom jewelry format is compelling."", ""• Feasibility and development plan: Shows tangible progress with finished inlays, prototypes from early 2025, and a patent-pending process. The roadmap includes specific, logical steps like pilot testing and scaffold inspection."", ""• Revenue model and sustainability: Offers multiple reward tiers (jewelry, sample swatches, pairing packs) that cater to different commitment levels and provide clear funding uses for production and scaling."", ""• Differentiation: Unique value proposition in cultivated leather from specific, named donor animals. The material passport and donor selection create a strong narrative and exclusivity."", ""• Risk awareness and mitigation: Identifies key risks (cell loss, texture variability, supply chain) and proposes reasonable mitigations (multiple storage, pilot testing).""], ""Cons"": [""• Market size and demand: The niche focus on heirloom jewelry may limit the total addressable market. While ethically motivated consumers exist, the premium, niche nature could constrain growth."", ""• Impact and evidence plan: Lacks concrete evidence of material performance (e.g., durability test results, comparison to conventional leather) which could hinder backer confidence. Relies on proposed plans rather than demonstrated data.""]}, ""Project B"": {""Pros"": [""• Clarity of value proposition: Equally clear as Project A, with the added benefit of a proposed side-by-side comparison photo to conventional leather, enhancing transparency and trust."", ""• Feasibility and development plan: Identical strong foundation as Project A, with demonstrated prototypes and a clear technical process."", ""• Revenue model and sustainability: Same multi-tiered approach as Project A, effectively addressing different customer segments."", ""• Differentiation: Includes all of Project A's differentiators plus the proposed side-by-side visual comparison, which directly addresses potential skepticism about material quality and appearance."", ""• Impact and evidence plan: Superior to Project A. The proposed side-by-side photo, along with the durability test plan and material passport video, provides a more comprehensive evidence strategy to validate the material's qualities and build backer confidence."", ""• Risk awareness and mitigation: Identifies the same risks as Project A with the same mitigations, showing good awareness.""], ""Cons"": [""• Market size and demand: Shares the same niche limitation as Project A. The high-end, ethical jewelry market, while growing, remains a specialized segment.""]}, ""Comparison"": ""Both projects are fundamentally identical in core technology, team, roadmap, and risks. The key differentiator is Project B's inclusion of a 'proposed plan to share a side-by-side comparison photo' of the cultivated leather vs. conventional leather. This single addition significantly strengthens Project B's 'Impact and evidence plan' criterion. In crowdfunding, where backer trust and tangible proof are paramount, providing visual, direct comparison evidence is a critical advantage. It proactively addresses a major potential objection (material quality) and enhances transparency. Therefore, Project B demonstrates a marginally better understanding of backer psychology and validation needs, giving it a slight but decisive edge.""}"
"local","8","1","L8.1","0","L7.2","L8.1","plan_1","Both projects are identical in content, describing the same cultivated leather jewelry concept with identical sections, proposed plans, technical details, risks, and team information. The only discernible difference is in Project A's Key Features & Capabilities where it specifies ""ASTM D6279"" as the standard for durability testing, while Project B simply states ""like a rub test."" This minor difference in specificity does not constitute a meaningful distinction in project quality, feasibility, or execution. Since the projects are effectively the same, all pros and cons apply equally to both:

Pros:
• Clear value proposition: Offers real leather without animal harm, addressing ethical concerns in fashion/jewelry.
• Strong differentiation: Unique cultivated leather technology with traceable donor animals creates a novel product category.
• Good transparency plans: Material passports, sample swatches, and durability testing address consumer skepticism.
• Appropriate team: Founder has relevant tissue-engineering and cellular-agriculture experience.
• Realistic risk awareness: Identifies technical variability, supply chain, and delivery timing challenges with mitigation plans.

Cons:
• Limited market size: Niche luxury/ethical jewelry segment with premium positioning.
• Unproven revenue model: No evidence of market validation, pricing strategy, or repeat purchase potential.
• High technical feasibility risk: Cultivated leather production at scale for consumer goods remains unproven.
• Vague development plan: Roadmap lacks specific timelines, milestones, and scaling details.
• Minimal evidence plan: No customer testimonials, third-party validations, or independent testing results shown.
• Sustainability claims unverified: Environmental impact of bioreactor production versus traditional leather not quantified.

Given the projects are identical, the winner is determined by the single point of differentiation where Project A shows slightly greater specificity by naming the ASTM standard for durability testing, demonstrating marginally better attention to detail and credibility in addressing material concerns."
"local","8","1","L8.1","2","L8.2","L8.2","plan_2","PROJECT A: Pros: • Clear value proposition: Real leather without animal harm, with tangible finished products shown. • Strong differentiation: Patent-pending plant-based scaffolding and specific technical details. • Good feasibility: Prototypes exist, no outside approvals needed, clear development plan. • Thoughtful risk mitigation: Multiple cell storage facilities, pilot testing for consistency. • Evidence plan: Proposed durability testing (ASTM D6279) and material passport with video. Cons: • Market size: Targets niche ethical/luxury segment; broader demand unproven. • Revenue model: Primarily one-time jewelry sales; long-term sustainability unclear. • Impact measurement: Limited beyond animal welfare story; no quantified environmental metrics. • Risk awareness: Mentions supply chain and delivery delays but lacks detailed mitigation. PROJECT B: Pros: • All strengths of Project A plus enhanced communication strategy: Pre-launch email series for education and trust-building. • Better evidence plan: Additional educational content helps address skepticism about novel technology. • Stronger market validation approach: Pre-campaign education could build stronger community and demand. Cons: • Same core limitations as Project A regarding market size and revenue sustainability. • Additional complexity: Email series adds execution risk without addressing fundamental business model concerns. • No additional differentiation beyond communication strategy. WINNER: Project B wins marginally due to its superior communication and education strategy. While both projects share identical core technology, value proposition, and risks, Project B's proposed pre-launch email series demonstrates stronger understanding of market education needs for a novel, ethically complex product. This additional layer of transparency and consumer education could significantly improve campaign conversion rates and backer trust, addressing the inherent skepticism around cultivated materials. However, both projects share significant concerns about long-term business model sustainability and market size."
"local","8","1","L8.1","3","L8.3","L8.1","plan_1","{
  ""Project A"": {
    ""Pros"": [
      ""• Clarity of value proposition: Clearly articulates the ethical alternative to conventional leather using cultivated technology with a compelling story of sanctuary animals."",
      ""• Feasibility and development plan: Shows concrete development status with finished inlays, prototypes from 2025, and patent-pending technology owned by the team."",
      ""• Differentiation: Unique combination of biotechnology, ethical sourcing, and heirloom jewelry with specific technical details about plant-based scaffolding and vegetable tanning."",
      ""• Impact and evidence plan: Strong transparency through proposed material passports, durability testing (ASTM D6279 specifically mentioned), and sample swatches for verification."",
      ""• Risk awareness and mitigation: Identifies specific technical risks (cell loss, texture variability) with practical mitigation strategies.""
    ],
    ""Cons"": [
      ""• Market size and demand: Limited to niche luxury/ethical jewelry market without quantification of addressable market."",
      ""• Revenue model and sustainability: Unclear pricing strategy, scalability challenges with bioreactor production, and high production costs likely."",
      ""• Differentiation: While technologically unique, faces competition from both synthetic leather alternatives and traditional ethical jewelry."",
      ""• Impact and evidence plan: Most evidence plans are 'proposed' rather than demonstrated, creating execution risk.""
    ]
  },
  ""Project B"": {
    ""Pros"": [
      ""• Clarity of value proposition: Equally clear ethical proposition with identical core technology and storytelling."",
      ""• Differentiation: Adds additional engagement layer with name-suggestion tier for future donor cows, potentially increasing community involvement."",
      ""• Impact and evidence plan: Includes all of Project A's transparency features plus additional community engagement element."",
      ""• Feasibility and development plan: Same solid development foundation as Project A with prototypes and owned technology."",
      ""• Risk awareness and mitigation: Identical risk assessment to Project A with appropriate mitigations.""
    ],
    ""Cons"": [
      ""• Market size and demand: Same niche market limitations as Project A."",
      ""• Revenue model and sustainability: Identical scalability and cost challenges as Project A."",
      ""• Differentiation: Name-suggestion tier is minor addition that doesn't substantially enhance core value proposition."",
      ""• Impact and evidence plan: Like Project A, most evidence plans remain proposed rather than demonstrated."",
      ""• Feasibility and development plan: Additional name-suggestion tier adds minor complexity without clear value.""
    ]
  }
}"
"local","8","1","L8.1","4","L8.4","L8.1","plan_1","{
  ""Project A"": {
    ""Pros"": [
      ""• Clarity of value proposition: Clearly articulates an ethical, animal-friendly alternative to conventional leather while preserving material authenticity. The heirloom jewelry positioning is well-defined."",
      ""• Feasibility and development plan: Shows tangible progress with prototypes (pendant, card holder) and a clear roadmap including pilot testing, scaffold inspection, and production scaling. Patent-pending technology ownership reduces dependency."",
      ""• Differentiation: Unique combination of cultivated leather, donor-cow selection, and transparency features (sample swatch, material passport) creates a strong niche."",
      ""• Impact and evidence plan: Includes specific plans for durability testing (ASTM D6279), high-resolution video demonstrations, and infographics to build trust and address material concerns."",
      ""• Risk awareness and mitigation: Identifies key risks (cell loss, texture variability, supply chain) with practical mitigations (multi-facility storage, pilot testing).""
    ],
    ""Cons"": [
      ""• Market size and demand: Limited to niche ethical consumers and early adopters; no quantification of addressable market or demand validation."",
      ""• Revenue model and sustainability: Lacks long-term pricing strategy, scalability details for bioreactor production, or post-campaign business model."",
      ""• Impact evidence reliance on proposed plans: Many transparency features (durability tests, videos, infographics) are proposed but not yet executed, creating execution risk.""
    ]
  },
  ""Project B"": {
    ""Pros"": [
      ""• Clarity of value proposition: Enhances Project A's proposition with an added physical 'mini-passport' card, providing immediate tangible storytelling alongside digital content."",
      ""• Differentiation: Slightly stronger due to the physical card addition, which may improve customer unboxing experience and emotional connection."",
      ""• Impact and evidence plan: Includes all of Project A's transparency features plus the physical card, potentially increasing perceived authenticity and shareability."",
      ""• Feasibility and development plan: Similar solid foundation to Project A with prototypes and owned technology; physical card production is a low-risk addition."",
      ""• Risk awareness and mitigation: Identical risk assessment to Project A, showing equal awareness.""
    ],
    ""Cons"": [
      ""• Market size and demand: Same niche limitations as Project A; no additional market validation."",
      ""• Revenue model and sustainability: No improvement over Project A; still lacks scalability and long-term monetization details."",
      ""• Added complexity: Physical card adds minor production cost and logistics without fundamentally addressing core business challenges."",
      ""• Over-reliance on proposed features: Like Project A, many transparency elements are not yet implemented, and the added card may dilute focus from core material validation.""
    ]
  },
  ""Winner Justification"": ""Project A wins overall. Both projects are nearly identical in core technology, team, and risk profile, but Project B's sole differentiator—a physical 'mini-passport' card—adds minimal incremental value while introducing slight additional complexity and cost. Project A maintains a more focused approach on the essential transparency features (digital passport, durability tests, sample swatches) that directly address backer concerns about material authenticity and longevity. In crowdfunding, clarity and execution focus are critical; Project A's streamlined proposal reduces potential distraction from its core innovation. The projects are otherwise equivalent, so the winner is determined by Project A's slightly superior focus and efficiency.""
}"
"local","8","1","L8.1","5","L8.5","L8.5","plan_5","{""Project A"": {""Pros"": [""• Clear value proposition: Offers real leather without animal harm through cultivated biotechnology, addressing ethical consumer demand."", ""• Strong differentiation: Unique cultivated leather technology with patent-pending plant-based scaffolding and donor animal traceability."", ""• Feasible development plan: Shows finished prototypes, clear technical milestones, and no regulatory approvals needed."", ""• Good risk awareness: Identifies specific technical risks (cell loss, texture variability) and offers mitigation strategies."", ""• Experienced team: Founder has relevant tissue-engineering and cellular-agriculture expertise since 2018.""], ""Cons"": [""• Market size unquantified: No data on addressable market for ethical luxury jewelry."", ""• Revenue model unclear: No pricing, unit economics, or long-term sustainability plan beyond crowdfunding."", ""• Limited evidence plan: Lacks comparative validation against conventional leather to prove material quality."", ""• Scaling concerns: Bioreactor scaling mentioned but without concrete production capacity details."", ""• Impact measurement vague: No metrics for animal welfare impact or environmental benefits.""]}, ""Project B"": {""Pros"": [""• Clear value proposition: Same strong ethical positioning as Project A with cultivated leather technology."", ""• Enhanced evidence plan: Includes side-by-side comparison photo with conventional leather, providing visual validation of material quality."", ""• Strong differentiation: All unique features of Project A plus additional transparency through comparative material evidence."", ""• Feasible development plan: Identical to Project A's solid technical roadmap with prototypes and clear milestones."", ""• Good risk awareness: Same comprehensive risk identification and mitigation as Project A.""], ""Cons"": [""• Market size unquantified: Same lack of market data as Project A."", ""• Revenue model unclear: Same absence of pricing and sustainability details as Project A."", ""• Scaling concerns: Same bioreactor scaling vagueness as Project A."", ""• Impact measurement vague: Same lack of quantified impact metrics as Project A."", ""• Minor redundancy: Some proposed features overlap significantly with Project A.""]}}"
"local","8","2","L8.2","0","L7.2","L8.2","plan_2","Both projects present identical core technology and value proposition: cultivated leather jewelry from sanctuary cows. The key difference is that Project A includes a 'pre-launch' email series to educate potential backers and build trust before the campaign, while Project B does not. This gives Project A a slight edge in clarity, impact/evidence plan, and potentially market demand generation. All other criteria (market size, feasibility, revenue model, differentiation, risk awareness) are identical. The added educational component in Project A demonstrates a more thoughtful go-to-market strategy and risk mitigation for a novel, complex product.

PROJECT A PROS:
• Strong clarity of value proposition: real leather without animal harm.
• Clear market targeting: ethically conscious jewelry buyers and early adopters.
• Feasible development plan with existing prototypes and owned technology.
• Direct revenue model via product sales; sustainability through scalable bioreactor tech.
• High differentiation via patented plant-based scaffold and donor-cow story.
• Strong impact/evidence plan with material passports, durability tests, and pre-launch education.
• Good risk awareness with specific mitigations for cell loss and production variability.

PROJECT A CONS:
• Niche market size; luxury ethical jewelry may have limited total addressable market.
• Unproven consumer demand for cultivated leather at jewelry price points.
• Potential production complexity and scalability risks for a novel biomaterial.
• Revenue sustainability dependent on continued consumer interest in a novelty.

PROJECT B PROS:
• Identical strong value proposition and market targeting as Project A.
• Same feasible development status with prototypes and owned IP.
• Same clear revenue model and differentiation.
• Strong transparency plans with material passports and durability tests.
• Same good risk awareness and mitigation strategies.

PROJECT B CONS:
• Identical niche market limitations and scalability concerns.
• Slightly weaker impact/evidence plan due to lack of pre-launch education component.
• May face greater initial skepticism from backers unfamiliar with cultivated leather technology.
• Less structured approach to building trust and explaining complex science before campaign launch."
"local","8","2","L8.2","1","L8.1","L8.2","plan_2","PROJECT A PROS:\n• Clarity of value proposition: Excellent clarity. Clearly communicates 'animal-friendly real leather' from living sanctuary cows with a compelling story and specific product details.\n• Market size and demand: Targets a niche but growing market of ethically-conscious consumers interested in sustainable, animal-friendly luxury goods. The proposed sample swatch and pairing tiers directly address demand validation.\n• Feasibility and development plan: Strong. Shows finished inlays and prototypes (pendant, card holder 2025). Has patent-pending technology, owned cell lines, and no outside approvals required. Roadmap includes specific pilot testing, scaffold inspection, and tanning preparation. Proposed durability test and pre-launch email series show thoughtful planning.\n• Revenue model and sustainability: Clear direct-to-consumer model via crowdfunding with multiple reward tiers (jewelry, sample swatches, pairing packs). Use of funds is specific and tied to production scaling. Sustainability claims (plant-based scaffold, vegetable tanning, eco-packaging) are integrated.\n• Differentiation: High. Unique combination of cultivated leather technology, animal welfare story (named sanctuary cows), and heirloom jewelry. Material passport and donor selection create strong narrative differentiation.\n• Impact and evidence plan: Strong evidence plan. Shows prototypes, proposes durability testing, offers physical sample swatches for verification, and plans high-resolution video and infographics for transparency. Pre-launch email series for education builds trust.\n• Risk awareness and mitigation: Good. Identifies key risks (cell loss, texture variability, supply chain, delivery delays) with specific mitigations (multiple storage, pilot testing, quality alternatives).\n\nPROJECT A CONS:\n• Market size and demand: Market is inherently niche; may have limited scalability beyond early adopters.\n• Feasibility and development plan: Scaling bioreactor production for larger demand remains untested.\n• Revenue model and sustainability: Long-term business model beyond crowdfunding not addressed. High production costs may limit price competitiveness.\n• Risk awareness and mitigation: Does not address potential regulatory hurdles for bio-fabricated materials in consumer goods or intellectual property challenges beyond 'patent-pending'.\n\nPROJECT B PROS:\n• Clarity of value proposition: Excellent clarity. Identical to Project A in core messaging.\n• Market size and demand: Same target market as Project A. Sample swatch and pairing tiers also present.\n• Feasibility and development plan: Strong. Same development status (finished inlays, prototypes, owned technology). Roadmap includes specific testing and production steps. Mentions ASTM standard for durability test (D6279), adding technical credibility.\n• Revenue model and sustainability: Same clear model and use of funds as Project A.\n• Differentiation: High. Same unique value proposition as Project A.\n• Impact and evidence plan: Strong. Same prototype evidence and transparency plans (video, infographics, material passport). ASTM reference adds standardization.\n• Risk awareness and mitigation: Good. Same risk identification and mitigation as Project A.\n\nPROJECT B CONS:\n• Identical to Project A's cons, with one key difference: Project B lacks the proposed 'pre-launch email series' mentioned in Project A, which is a subtle but meaningful disadvantage for building trust and educating backers before the campaign.\n\nWINNER: PROJECT A. Both projects are nearly identical in substance, sharing the same core technology, product, team, and plans. However, Project A demonstrates marginally better strategic planning and backer engagement through its explicit mention of a 'pre-launch email series explaining the cultivation process in simple terms to educate and build trust before the campaign.' This indicates a more thoughtful approach to market education, risk reduction (managing backer expectations), and campaign preparation, which are critical for a novel, science-based product in crowdfunding. Project B's mention of an ASTM standard (D6279) is a minor pro, but Project A's comprehensive communication plan gives it a slight edge in execution readiness and backer relationship management."
"local","8","2","L8.2","3","L8.3","L8.2","plan_2","Project A Pros: • Clear value proposition: animal-friendly real leather from living sanctuary cows. • Strong feasibility: shows finished jewelry inlays, prototypes from 2025, patent-pending technology, owned cell lines, no external approvals needed. • Comprehensive development plan: includes pilot testing, scaffold inspection, tanning preparation, and scaling strategy. • Good risk awareness: addresses cell storage, material variability, supply chain, and delivery delays with specific mitigations. • Strong evidence plan: proposes durability tests, sample swatches, material passports with video/infographic, and pre-launch education. • Thoughtful differentiation: unique cultivated leather technology with donor cow selection and transparency features. Project A Cons: • Market size limited to niche ethical jewelry consumers. • Revenue model sustainability unclear beyond crowdfunding campaign. • High production complexity with bioreactor cultivation. Project B Pros: • Identical core value proposition and technology to Project A. • Additional engagement feature: name-suggestion tier for future donor cows. • Same strong feasibility and development status. Project B Cons: • Slightly less comprehensive evidence plan (no mention of pre-launch email series for education). • Otherwise identical to Project A in all other aspects, including risks and team. Comparison: Both projects are nearly identical in concept, technology, and execution. The key difference is Project A's inclusion of a 'pre-launch' email series to educate potential backers, which demonstrates superior planning for building trust and addressing potential skepticism about novel cultivated leather. This gives Project A a slight edge in clarity, evidence planning, and risk mitigation through proactive communication. While Project B's name-suggestion tier is an engaging addition, it doesn't address fundamental concerns about material credibility as effectively as Project A's educational approach."
"local","8","2","L8.2","4","L8.4","L8.2","plan_2","PROJECT A:
Pros:
• Clear value proposition: Ethically sourced real leather from living animals without harm
• Strong differentiation: First-of-its-kind cultivated leather jewelry with unique donor connection
• Good risk awareness: Identifies technical risks (cell loss, variability) and proposes mitigation
• Solid development status: Shows finished inlays, prototypes, and patent-pending technology
• Thoughtful backer engagement: Proposed sample swatches, material passports, and pre-launch education

Cons:
• Market size unclear: Niche luxury jewelry market with unproven demand for cultivated leather
• Revenue model limited: One-time sales without clear recurring revenue or scaling strategy
• Sustainability questions: High production costs for bioreactor-grown leather may limit commercial viability
• Evidence plan relies on proposed tests: Durability testing and pilot results are planned, not completed
• Impact measurement vague: No clear metrics for animal welfare impact or environmental benefits

PROJECT B:
Pros:
• Enhanced transparency: Adds physical 'mini-passport' card alongside digital content
• Stronger backer experience: Tangible story element improves emotional connection
• Good technical foundation: Same solid development status and team expertise as Project A
• Comprehensive risk mitigation: Same thorough risk identification as Project A
• Clear ethical positioning: Sanctuary-grazing cow connection creates compelling narrative

Cons:
• Same market limitations: Niche luxury product with unproven mass appeal
• Same revenue challenges: No recurring revenue model or clear path to profitability
• Additional cost burden: Physical cards add production complexity without clear value-add for scaling
• Feasibility questions: Multiple proposed reward tiers increase operational complexity
• Impact evidence still lacking: No concrete metrics for environmental or ethical impact

Both projects are nearly identical in core technology, team, and value proposition. Project B's addition of a physical 'mini-passport' card provides marginally better backer experience and transparency, but this comes with added production complexity. Project A maintains cleaner execution with fewer physical components while still offering comprehensive digital transparency. For crowdfunding, Project A's simpler approach with the same core technology and ethical proposition represents a more focused execution with slightly lower operational risk."
"local","8","2","L8.2","5","L8.5","L8.2","plan_2","Project A Pros: • Excellent clarity of value proposition (animal-friendly real leather from living cows). • Strong differentiation through novel cultivated leather technology. • Good risk awareness with specific mitigation strategies (cell storage, pilot testing). • Comprehensive development plan including pre-launch education series. • Thoughtful evidence plan with durability tests, sample swatches, and material passports. • Clear revenue model from jewelry sales and tiered rewards. • Good market targeting of ethically-conscious consumers. Project A Cons: • Market size limited to niche luxury/ethical jewelry segment. • Feasibility concerns around scaling bioreactor production. • Sustainability of high-tech process vs. traditional methods unclear. • High production costs may limit accessibility. • Limited evidence of commercial-scale manufacturing experience. Project B Pros: • Identical strong value proposition to Project A. • Good differentiation through cultivated leather technology. • Same strong risk awareness as Project A. • Additional comparative evidence plan (side-by-side photos with conventional leather). • Clear target market of ethically-conscious consumers. • Same viable revenue model as Project A. Project B Cons: • Lacks the pre-launch education strategy of Project A. • Same market size limitations as Project A. • Identical feasibility concerns around scaling. • Same sustainability questions as Project A. • No additional team or partnership advantages over Project A. Key Differences: Both projects are nearly identical in core offering, but Project A demonstrates superior planning through its proposed pre-launch email series for education and trust-building. Project A also shows slightly more comprehensive evidence planning with its video content strategy. However, Project B's side-by-side comparison photos provide valuable direct evidence of material quality. The projects are extremely similar, with Project A having a slight edge in go-to-market strategy and Project B having a slight edge in comparative evidence presentation."
"local","8","3","L8.3","0","L7.2","L8.3","plan_3","Both projects present identical core concepts: cultivated leather jewelry from sanctuary cow cells. They share identical problem statements, technical details, development status, team info, risks, and most proposed features (sample swatch, pairing tier, material passport, durability test). The only discernible differences are minor additions in Project A's text. Project A includes an extra proposed low-cost tier for backers to suggest names for future donor cows (mentioned in Solution, Key Features, Roadmap, and Use of Funds sections). Project A also explicitly repeats the plan for the high-resolution video and infographic more frequently throughout its description. Given the near-total overlap, both projects score identically across all seven criteria: 1) Clarity of value proposition: Clear, innovative, ethical alternative to traditional leather. 2) Market size and demand: Niche but defined (ethical consumers, sustainable jewelry buyers). 3) Feasibility and development plan: Prototypes exist, patent-pending tech, clear roadmap. 4) Revenue model and sustainability: Direct sales via crowdfunding, multiple tiers, but long-term scalability unproven. 5) Differentiation: High - first-of-its-kind cultivated leather jewelry with unique donor story. 6) Impact and evidence plan: Strong transparency plans (material passport, tests, sample swatches). 7) Risk awareness and mitigation: Adequately identified technical and supply chain risks with mitigations. The single additional engagement feature (name suggestion tier) in Project A is too minor to constitute a meaningful competitive advantage or change the assessment. Therefore, the projects are effectively equivalent. The winner is designated as Project A solely due to the technicality of having one marginally more detailed community engagement feature, but the practical difference is negligible."
"local","8","3","L8.3","1","L8.1","L8.3","plan_3","{""Project A"": {""Pros"": [""• Clear, specific value proposition: real leather without animal harm, with unique storytelling via named donor cows."", ""• Strong differentiation: multiple proposed engagement tiers (sample swatch, pairing tier, material passport with video/infographic, name-suggestion) enhance transparency and backer involvement."", ""• Detailed feasibility plan: includes specific steps for pilot testing, scaffold inspection, and production scaling; ownership of technology/cell lines reduces dependency."", ""• Good risk awareness: addresses cell storage, material variability, supply chain, and delivery delays with concrete mitigation strategies."", ""• Evidence plan: proposes durability testing, high-resolution video of material properties, and infographics to build trust.""], ""Cons"": [""• Market size uncertain: niche appeal to ethically conscious jewelry buyers; demand for cultivated leather jewelry is unproven."", ""• Revenue model sustainability unclear: high production costs from bioreactor cultivation may limit scalability and long-term profitability."", ""• Limited evidence of traction: prototypes exist but no sales data or independent validation of material durability/quality.""]}, ""Project B"": {""Pros"": [""• Clear value proposition: similar to A, emphasizing ethical leather and animal welfare."", ""• Strong feasibility: same technical foundation and development status as A, with patent-pending scaffolding."", ""• Good risk mitigation: identical risk plan to A, showing awareness of key challenges."", ""• Evidence plan: includes durability testing (citing ASTM D6279 standard), video, and infographics for transparency.""], ""Cons"": [""• Less differentiation: missing Project A's name-suggestion tier and slightly less emphasis on backer engagement; fewer proposed reward options may limit appeal."", ""• Same market size and revenue model weaknesses as A: niche market and unproven scalability."", ""• Slightly less detailed transparency: material passport lacks the explicit inclusion of the name-suggestion element, potentially reducing community-building.""]}, ""Comparison"": ""Both projects share identical core technology, problem/solution, team, and risks. Key differences lie in Project A's broader suite of proposed backer engagement features (name-suggestion tier, more detailed material passport content), which enhance differentiation, transparency, and potential community building. While both face similar challenges in market validation and sustainability, Project A's more comprehensive approach to backer involvement and evidence presentation gives it a slight edge in clarity, differentiation, and impact planning.""}"
"local","8","3","L8.3","2","L8.2","L8.2","plan_2","Project A Pros: • Clarity of value proposition is strong, with a clear explanation of animal-friendly real leather. • Feasibility and development plan is detailed, showing prototypes and patent-pending technology. • Revenue model is clear through direct sales of jewelry and proposed sample tiers. • Differentiation is high due to the novel cultivated leather technology and connection to specific sanctuary animals. • Impact and evidence plan includes proposed durability tests and material passports for transparency. • Risk awareness is good, with specific mitigation strategies for cell loss and production variability. • Includes a low-cost engagement tier (name suggestion) to broaden backer participation. Cons: • Market size and demand may be niche, targeting a specific ethical consumer segment. • Sustainability of revenue model depends on scaling bioreactor production, which is untested at scale. • Evidence plan for durability is proposed but not yet executed. Project B Pros: • Clarity of value proposition matches Project A's strengths. • Feasibility and development plan is equally detailed, with the same prototypes and technology. • Differentiation is identical to Project A's core offering. • Impact and evidence plan includes all of Project A's proposed tests plus a 'pre-launch' email series for education and trust-building, which is a strategic advantage for crowdfunding. • Risk awareness and mitigation are identical to Project A. Cons: • Same niche market size and demand limitations as Project A. • Same scalability and sustainability challenges. • Lacks the low-cost name-suggestion tier, potentially missing a broader engagement opportunity. Both projects are nearly identical in core description, technology, and risks. The key difference is in criterion #6 (Impact and evidence plan): Project B includes a 'pre-launch' email series to educate potential backers, which is a proactive strategy to build trust and explain complex science before the campaign—a critical factor for crowdfunding success. This gives Project B a slight edge in mitigating the novelty risk and potentially converting more backers. However, Project A's name-suggestion tier offers a low-barrier entry point. Overall, Project B's educational pre-launch plan is more strategic for crowdfunding impact."
"local","8","3","L8.3","4","L8.4","L8.4","plan_4","{
  ""Project A"": {
    ""Pros"": [
      ""• Clarity of value proposition: Clearly defines the ethical alternative to conventional leather with a compelling story of sanctuary cows and heirloom jewelry."",
      ""• Feasibility and development plan: Shows concrete progress with prototypes (pendant, card holder), patent-pending technology, and clear ownership of cell lines and tech."",
      ""• Differentiation: Unique cultivated leather from specific named donor cows, with options for material passports and sample swatches to build trust."",
      ""• Impact and evidence plan: Plans for durability testing (rub test), high-resolution video of material properties, and infographics to demonstrate quality and process transparency."",
      ""• Risk awareness and mitigation: Identifies key risks (cell loss, texture variability, supply chain) and offers specific mitigations (multi-facility storage, pilot testing).""
    ],
    ""Cons"": [
      ""• Market size and demand: Niche target audience (ethical jewelry buyers) may limit scalability; no quantified market data provided."",
      ""• Revenue model and sustainability: Relies on crowdfunding for production; long-term business model beyond limited jewelry pieces is unclear."",
      ""• Differentiation: While innovative, the core technology is similar to Project B; differentiation relies on minor reward tier variations (e.g., name-suggestion tier).""
    ]
  },
  ""Project B"": {
    ""Pros"": [
      ""• Clarity of value proposition: Equally clear ethical proposition with the same compelling narrative of animal-friendly leather from sanctuary cows."",
      ""• Feasibility and development plan: Identical strong progress as Project A with prototypes and owned technology."",
      ""• Differentiation: Adds a physical 'mini-passport' card alongside digital content, enhancing tangible storytelling and immediate engagement."",
      ""• Impact and evidence plan: Includes all of Project A's evidence plans (durability test, video, infographics) plus the physical card for added transparency."",
      ""• Risk awareness and mitigation: Same robust risk identification and mitigation as Project A.""
    ],
    ""Cons"": [
      ""• Market size and demand: Same niche market limitation as Project A; no additional market validation."",
      ""• Revenue model and sustainability: Same reliance on crowdfunding without a clear long-term scale-up plan."",
      ""• Differentiation: Very similar to Project A; the physical 'mini-passport' is a minor enhancement but not a significant competitive edge.""
    ]
  }
}"
"local","8","3","L8.3","5","L8.5","L8.3","plan_3","{
  ""Project A"": {
    ""Pros"": [
      ""• Clarity of value proposition: Clearly defines an ethical, animal-friendly alternative to traditional leather using cultivated cells from living sanctuary cows. The 'material passport' and donor cow profiles enhance transparency and storytelling."",
      ""• Feasibility and development plan: Shows concrete progress with prototypes (pendant, card holder) and patent-pending technology. Roadmap includes specific pilot testing, scaffold inspection, and production scaling plans."",
      ""• Revenue model and sustainability: Offers tiered reward structure (jewelry, sample swatches, keychain pairings, name-suggestion tier) to cater to different backer levels and generate early revenue. Focus on sustainable packaging and plant-based processes aligns with ethical branding."",
      ""• Differentiation: Unique combination of cultivated leather technology, ethical sourcing from named sanctuary cows, and heirloom jewelry positioning. The donor cow selection and material passport create a personalized, traceable product."",
      ""• Impact and evidence plan: Includes durability testing (rub test), high-resolution video of material properties, and infographics to demonstrate quality and process. Sample swatches allow physical verification."",
      ""• Risk awareness and mitigation: Identifies specific risks (cell loss, texture variability, supply chain issues) with practical mitigations (multiple storage facilities, pilot testing, quality alternatives).""
    ],
    ""Cons"": [
      ""• Market size and demand: Niche appeal limited to ethically conscious consumers interested in both jewelry and biotechnology. High price point likely due to complex production process."",
      ""• Revenue model and sustainability: Long-term scalability of bioreactor production for small jewelry pieces may be cost-prohibitive. Dependence on continued sanctuary partnerships for cell sourcing."",
      ""• Differentiation: While technologically novel, the core jewelry market is crowded, and cultivated leather may face competition from established vegan leather alternatives.""
    ]
  },
  ""Project B"": {
    ""Pros"": [
      ""• Clarity of value proposition: Same clear ethical positioning as Project A with added emphasis on material comparison to conventional leather."",
      ""• Differentiation: Includes side-by-side comparison photos with conventional leather, providing direct visual evidence of material quality and similarities."",
      ""• Impact and evidence plan: Comprehensive evidence strategy combining durability tests, video demonstrations, infographics, and comparative photography to build backer confidence."",
      ""• Risk awareness and mitigation: Identical risk assessment to Project A with appropriate mitigations."",
      ""• Team and partnerships: Strong founder credentials in tissue engineering and cellular agriculture since 2018, with sanctuary and veterinary partnerships.""
    ],
    ""Cons"": [
      ""• Market size and demand: Same niche limitations as Project A."",
      ""• Feasibility and development plan: Slightly less detailed than Project A regarding production coordination between sample swatches and finished items for pairing tiers."",
      ""• Revenue model and sustainability: Missing the low-cost engagement tier (name-suggestion) that Project A includes, potentially limiting broader backer participation."",
      ""• Differentiation: While adding comparison photos, lacks the unique community engagement aspect of naming future donor cows.""
    ]
  }
}"
"local","8","4","L8.4","0","L7.2","L8.4","plan_4","{
  ""Project A"": {
    ""Pros"": [
      ""• Clarity of value proposition: Excellent. Clearly articulates the ethical alternative to conventional leather while preserving material qualities. The 'material passport' concept enhances transparency."",
      ""• Market size and demand: Targets a growing niche of ethically conscious consumers interested in sustainable luxury and novel materials. The donor-selection series creates emotional connection."",
      ""• Feasibility and development plan: Strong. Shows finished prototypes, patent-pending technology, and clear ownership of cell lines. Detailed roadmap with specific pilot testing plans."",
      ""• Revenue model and sustainability: Multiple reward tiers (jewelry, sample swatches, pairing options) create diversified revenue streams. The heirloom positioning suggests premium pricing potential."",
      ""• Differentiation: Highly differentiated through cultivated leather technology, donor-animal stories, and comprehensive transparency features (physical mini-passport, video, infographic)."",
      ""• Impact and evidence plan: Strong evidence through prototypes, durability testing plans, and detailed material documentation. The sanctuary partnership adds credibility."",
      ""• Risk awareness and mitigation: Good risk identification including cell preservation, material variability, and supply chain issues. Mitigation strategies are practical and specific.""
    ],
    ""Cons"": [
      ""• Market size may be limited to early adopters willing to pay premium for ethical leather."",
      ""• Production scaling of bioreactor technology presents unquantified challenges."",
      ""• Long-term durability of cultivated leather in jewelry applications remains unproven despite testing plans."",
      ""• Complex reward structure with multiple proposed tiers could create fulfillment complications.""
    ]
  },
  ""Project B"": {
    ""Pros"": [
      ""• Clarity of value proposition: Very good. Same core ethical proposition as Project A with clear animal welfare benefits."",
      ""• Market size and demand: Same target market as Project A with similar appeal to ethically conscious consumers."",
      ""• Feasibility and development plan: Good. Same technical foundation and development status as Project A with prototypes and owned technology."",
      ""• Revenue model and sustainability: Similar diversified reward tiers as Project A, though slightly less comprehensive."",
      ""• Differentiation: Strong differentiation through cultivated leather technology and donor stories, though lacks some transparency features of Project A."",
      ""• Impact and evidence plan: Good with prototypes and testing plans, though missing the physical mini-passport element."",
      ""• Risk awareness and mitigation: Identical risk assessment and mitigation strategies to Project A.""
    ],
    ""Cons"": [
      ""• Slightly less comprehensive transparency features compared to Project A (no physical mini-passport card)."",
      ""• Same market limitations and scaling challenges as Project A."",
      ""• Less detailed packaging and presentation elements mentioned."",
      ""• Slightly fewer proposed customer engagement touchpoints.""
    ]
  }
}"
"local","8","4","L8.4","1","L8.1","L8.4","plan_4","Project A and B are nearly identical in core concept, technology, and stated plans. Both present a novel ethical leather jewelry product using cultivated cells from sanctuary cows. Both address the same problem, target the same audience, and share identical development status, team, risks, and technical details.

Key differences:
Project A includes one additional proposed feature: a simple physical 'mini-passport' card in the packaging with the QR code and a short bullet-point summary of the cow's profile. This is mentioned in multiple sections (Solution, Key Features, Roadmap, What's Included). Project B lacks this specific physical card element, though it includes the digital passport and other transparency features.

Given the near-identical nature, the assessment across all criteria is the same for both:
1. Clarity of value proposition: Strong and clear (ethical, real leather without harm).
2. Market size and demand: Niche but defined (ethical consumers, jewelry collectors).
3. Feasibility and development plan: Prototypes shown, patent-pending tech, clear roadmap. Good.
4. Revenue model and sustainability: Direct sales via crowdfunding, multiple reward tiers. Viable for niche.
5. Differentiation: High - first-of-its-kind cultivated leather jewelry with donor story.
6. Impact and evidence plan: Good transparency plans (passport, tests, videos, swatches).
7. Risk awareness and mitigation: Identified key risks with reasonable mitigations.

Project A's slight edge comes from the proposed physical 'mini-passport' card, which enhances the unboxing experience and provides immediate tangible storytelling without requiring a digital scan first. This small addition strengthens the perceived value, transparency, and heirloom narrative, potentially improving customer satisfaction and word-of-mouth. In a crowdfunding context where backer engagement and perceived value are critical, this minor enhancement gives Project A a marginal advantage.

Pros for Both Projects:
• Innovative, ethically compelling product with clear problem-solution fit.
• Advanced development status with prototypes and owned technology.
• Strong transparency and evidence plans (durability tests, sample swatches, digital passport, video).
• Experienced founder in relevant field.
• Multiple reward tiers to cater to different backer levels.
• Identified risks with specific mitigation strategies.
• Eco-friendly packaging aligns with brand values.

Cons for Both Projects:
• Market is likely niche; mass-market scalability is unproven.
• High price point likely due to complex production.
• Unproven long-term durability of cultivated leather in jewelry applications.
• Dependent on continued viability of cell lines and bioreactor scaling.
• 'Proposed' features (swatches, passports, tests) add complexity and potential delays.
• No quantified demand evidence or pre-orders mentioned.

Winner: A (by a very narrow margin due to the added physical touchpoint)."
"local","8","4","L8.4","2","L8.2","L8.2","plan_2","{""Project A"": {""Pros"": [""• Clarity of value proposition: Excellent. Clearly presents ethically sourced, real leather from living animals as a novel solution. The inclusion of physical 'mini-passport' cards enhances tangible storytelling."", ""• Market size and demand: Targets a niche but growing market of ethically conscious consumers and early adopters of biotech fashion. Sample swatch and pairing tiers effectively lower entry barriers to validate demand."", ""• Feasibility and development plan: Strong. Shows finished inlays and prototypes. Detailed, phased plan covering material testing, production, and reward fulfillment. Patent-pending technology owned by team."", ""• Revenue model and sustainability: Clear direct-to-consumer model via crowdfunding with tiered rewards. Focus on heirloom, high-value jewelry suggests potential for premium pricing. Use of sustainable materials and processes aligns with brand ethos."", ""• Differentiation: High. Unique combination of cultivated leather technology, animal welfare story, and personalized connection to donor cows. Physical/digital material passport system is a distinctive trust-building feature."", ""• Impact and evidence plan: Good. Plans for durability testing, high-resolution video, and infographics provide evidence. Direct link to sanctuary animals creates emotional impact. However, lacks pre-launch education component."", ""• Risk awareness and mitigation: Adequate. Identifies key technical and supply chain risks with specific mitigations (multi-site cell storage, pilot testing). Delivery delays are acknowledged but mitigation is vague.""], ""Cons"": [""• Market size may be limited to luxury/niche segments; scaling beyond crowdfunding is unaddressed."", ""• Revenue model lacks long-term strategy beyond initial campaign."", ""• Impact plan relies heavily on backer trust in the process; independent verification of claims is not mentioned."", ""• Risk mitigation for high demand delays is insufficient.""]}, ""Project B"": {""Pros"": [""• Clarity of value proposition: Very good. Same core proposition as A, but enhanced by a 'pre-launch' email series to educate and build trust before the campaign."", ""• Market size and demand: Same as A, but pre-launch education could broaden appeal and convert more backers by demystifying the technology."", ""• Feasibility and development plan: Strong, identical to A in core production, but adds pre-launch communication planning."", ""• Revenue model and sustainability: Identical to A."", ""• Differentiation: High, but slightly less than A due to lack of physical 'mini-passport' card, relying solely on digital QR code."", ""• Impact and evidence plan: Better than A. Includes all of A's evidence (testing, video, infographic) AND adds a systematic pre-launch education series. This proactive approach to building understanding and trust is a significant strength."", ""• Risk awareness and mitigation: Identical to A.""], ""Cons"": [""• Slightly less tangible storytelling than A without the physical 'mini-passport' card."", ""• Same cons as A regarding market size, long-term revenue, and risk mitigation.""]}}"
"local","8","4","L8.4","3","L8.3","L8.4","plan_4","PROJECT A:
Pros:
• Clear value proposition: Real leather without animal harm, with heirloom quality and ethical sourcing.
• Strong differentiation: First-of-its-kind cultivated leather jewelry with unique donor cow selection and material passport.
• Detailed development plan: Clear milestones (2023 cell isolation, 2025 prototypes), patent-pending scaffold, no regulatory hurdles.
• Thoughtful risk mitigation: Multiple cryopreservation sites, pilot testing for consistency, supply chain alternatives.
• Enhanced transparency: Physical 'mini-passport' card, sample swatch tier, durability testing plan, and high-resolution video content.
• Sustainable packaging: Uses cultivation byproducts (seed fibers) in packaging.

Cons:
• Limited market size: Niche luxury/ethical jewelry segment, not mass-market.
• Unproven revenue model: High production costs from bioreactor cultivation may limit scalability.
• Unclear demand validation: No evidence of pre-orders or market testing beyond prototypes.
• Technical risks: Potential variability in leather quality despite mitigation plans.
• High price point likely: Cultivated leather production is expensive, limiting market reach.

PROJECT B:
Pros:
• Clear value proposition: Same ethical leather alternative with strong animal welfare angle.
• Good differentiation: Donor cow selection, sample swatches, and name-suggestion tier for engagement.
• Same development status: Prototypes exist, patent-pending technology, owned cell lines.
• Same risk awareness: Identical risk mitigation strategies as Project A.
• Community engagement: Name-suggestion tier creates low-cost participation option.

Cons:
• Less comprehensive transparency: Missing physical 'mini-passport' card present in Project A.
• Slightly weaker evidence plan: No mention of physical summary card for donor cow profiles.
• Same market limitations: Niche luxury market with unproven demand.
• Same scalability concerns: High production costs from bioreactor technology.
• Less polished presentation: Fewer tangible transparency elements compared to Project A.

Overall, both projects share identical core technology, team, and development status. The key differences lie in execution details: Project A offers more comprehensive transparency through the physical 'mini-passport' card and appears more polished in its evidence and communication plan. While both face the same market and scalability challenges, Project A's attention to tangible transparency elements gives it a slight edge in building backer trust and addressing potential skepticism about novel materials."
"local","8","4","L8.4","5","L8.5","L8.4","plan_4","{""Project A"": {""Pros"": [""• Clarity of value proposition: Excellent. Clearly communicates a novel, ethical alternative to conventional leather with a compelling narrative linking product to a specific living animal."", ""• Market size and demand: Targets a niche but growing market of ethically-conscious consumers interested in sustainable luxury and animal welfare. The proposed sample swatch and pairing tiers demonstrate understanding of early-adopter skepticism and provide low-risk entry points."", ""• Feasibility and development plan: Strong. Shows tangible prototypes (pendant, card holder), patent-pending technology, and clear ownership of cell lines and process. Roadmap includes specific pilot testing and scaling plans. The additional proposed physical 'mini-passport' card enhances the unboxing experience and story."", ""• Revenue model and sustainability: Clear direct-to-consumer model via crowdfunding with tiered pricing. The heirloom positioning and ethical story support premium pricing potential. The use of funds is detailed and tied to specific deliverables."", ""• Differentiation: High. Unique combination of cultivated leather technology, direct animal story, and heirloom jewelry. The proposed donor selection, material passport, and physical artifacts (swatch, mini-passport) create a multi-layered, defensible experience."", ""• Impact and evidence plan: Strong. Plans for durability testing, high-resolution video, and infographics address proof points. The connection to a sanctuary and named animals provides authentic impact narrative. The physical mini-passport card adds a tangible evidence layer."", ""• Risk awareness and mitigation: Good. Identifies key technical (cell loss, variability) and operational (supply chain, delivery) risks with specific mitigation strategies (multi-site storage, pilot testing).""], ""Cons"": [""• Market size and demand: The addressable market is likely small and premium, limiting initial scale."", ""• Feasibility and development plan: Relies on scaling a novel bioprocess for consistent jewelry-sized inlays, which carries inherent technical execution risk despite prototypes."", ""• Revenue model and sustainability: Long-term cost structure of cultivated leather production is unproven at scale; unit economics post-crowdfunding are unclear."", ""• Risk awareness and mitigation: Does not address potential consumer acceptance hurdles or regulatory questions about 'cultivated leather' labeling.""]}, ""Project B"": {""Pros"": [""• Clarity of value proposition: Excellent. Identical strong core proposition as Project A."", ""• Market size and demand: Same target market. The proposed side-by-side comparison photo with conventional leather is a smart addition to help backers visually benchmark quality."", ""• Feasibility and development plan: Strong and identical to A in core technical and production aspects."", ""• Revenue model and sustainability: Clear and identical to A."", ""• Differentiation: High, but slightly less than A due to the absence of the proposed physical 'mini-passport' card, which is a subtle but meaningful experiential differentiator."", ""• Impact and evidence plan: Strong. Includes all of A's plans plus the proposed side-by-side photo, which is a direct, persuasive evidence tool."", ""• Risk awareness and mitigation: Good and identical to A.""], ""Cons"": [""• All cons listed for Project A apply equally."", ""• Differentiation: Slightly less comprehensive experiential packaging than A, missing the physical 'mini-passport' card touchpoint.""]}}"
"local","8","5","L8.5","0","L7.2","L8.5","plan_5","PROJECT A:
Pros:
• Clarity of value proposition: Strong and clear. Offers real, animal-friendly leather from a specific living donor, with tangible proof of concept (finished inlays, prototypes).
• Market size and demand: Targets a niche but growing market of ethically-conscious consumers interested in sustainable luxury and novel materials. The proposed sample swatch tier could help validate demand.
• Feasibility and development plan: High feasibility. Development status is advanced (finished inlays, prototypes from early 2025, patent-pending technology). Roadmap is detailed, including specific pilot tests, scaling plans, and contingency planning for reward tiers.
• Revenue model and sustainability: Clear direct-to-consumer model via crowdfunding. Potential for high-margin heirloom jewelry. Long-term sustainability hinges on scaling bioreactor production and maintaining ethical narrative.
• Differentiation: Extremely high. Uses a proprietary, patent-pending cultivation process with a unique plant-based scaffold. The connection to a named sanctuary cow is a powerful emotional and ethical differentiator.
• Impact and evidence plan: Excellent. Plans to provide substantial evidence: durability test results, sample swatches, side-by-side comparison photos, high-resolution video, and a detailed material passport. This directly addresses skepticism about the material's properties.
• Risk awareness and mitigation: Good. Identifies key technical (cell loss, texture variability) and logistical (supply chain, delays) risks with specific mitigation strategies (multi-site storage, pilot testing).

Cons:
• Market size and demand: The addressable market is likely small and premium, which may limit scaling potential.
• Revenue model and sustainability: Unproven at scale. High production costs of cultivated leather may challenge long-term price competitiveness.
• Risk awareness and mitigation: Does not deeply address potential consumer acceptance hurdles or regulatory scrutiny for a novel biomaterial, though no approvals are stated as required.

PROJECT B:
Pros:
• Clarity of value proposition: Identical to Project A – strong and clear.
• Market size and demand: Identical to Project A.
• Feasibility and development plan: High feasibility, identical core development status and roadmap to Project A.
• Revenue model and sustainability: Identical to Project A.
• Differentiation: Identical high differentiation to Project A.
• Impact and evidence plan: Very good. Includes most of the same evidence plans as Project A (durability tests, sample swatches, video, infographic, material passport).
• Risk awareness and mitigation: Identical to Project A.

Cons:
• Impact and evidence plan: Slightly less comprehensive than Project A. Project B lacks the explicit plan for a side-by-side comparison photo with conventional leather, which is a minor but tangible omission in terms of providing direct, relatable evidence to backers.
• All other cons are identical to Project A.

WINNER RATIONALE: Project A wins by a narrow but decisive margin. The projects are virtually identical in their core proposal, technology, team, and risks. The critical difference lies in criterion #6 (Impact and evidence plan). Project A demonstrates a marginally more thorough and proactive approach to building trust and proving its value by including a plan for a side-by-side visual comparison with conventional leather. In a crowdfunding context for a radically novel material, this extra layer of tangible, comparative evidence is significant. It shows a deeper understanding of backer skepticism and a commitment to transparency that edges out Project B. Therefore, Project A is the superior investment opportunity."
"local","8","5","L8.5","1","L8.1","L8.5","plan_5","Both projects present identical core concepts: cultivated leather jewelry from sanctuary cows. The assessment reveals Project A has slight advantages in clarity and differentiation.

PROJECT A PROS:
• Clarity of value proposition: Explicitly mentions side-by-side comparison photo with conventional leather, enhancing material understanding
• Differentiation: Includes unique side-by-side visual comparison feature not in Project B
• Impact and evidence plan: More comprehensive transparency with additional visual comparison element
• Feasibility: More detailed production planning with specific visual content creation

PROJECT A CONS:
• Market size and demand: Identical to Project B - niche luxury/ethical market
• Revenue model: Identical to Project B - limited crowdfunding model
• Risk awareness: Identical risk profile to Project B
• Sustainability: Same scaling challenges as Project B

PROJECT B PROS:
• Feasibility: Includes ASTM standard reference for durability testing (D6279)
• Development plan: Slightly more technical specificity in testing methodology
• Risk mitigation: Same comprehensive approach as Project A

PROJECT B CONS:
• Differentiation: Lacks the side-by-side comparison feature of Project A
• Clarity: Slightly less visual demonstration planning than Project A
• Impact evidence: Less comprehensive transparency features than Project A
• All other criteria identical to Project A

Both projects share identical strengths in team expertise, technical foundation, ethical positioning, and risk awareness. The minor differentiators favor Project A's slightly better transparency and clarity through additional visual comparison elements."
"local","8","5","L8.5","2","L8.2","L8.5","plan_5","{'Project A': {'pros': ['• Clarity of value proposition: Clearly states the ethical alternative to conventional leather using cultivated cells from living sanctuary cows. The inclusion of a side-by-side comparison photo with conventional leather helps demonstrate material quality.', '• Feasibility and development plan: Shows concrete progress with prototypes (pendant, card holder) and patent-pending technology. Roadmap includes specific pilot testing, scaffold inspection, and tanning preparation steps.', '• Revenue model and sustainability: Multiple reward tiers (jewelry, sample swatch, pairing tier) cater to different commitment levels, potentially increasing backer conversion. Packaging uses eco-friendly materials tied to the cultivation process.', '• Differentiation: Unique heirloom positioning with donor-cow selection and material passport adds storytelling and transparency. The use of a plant-based scaffold and vegetable tanning reinforces the ethical and sustainable claims.', '• Impact and evidence plan: Plans to share durability test results and provide high-resolution video of texture/flexing address key consumer concerns. The sample swatch tier allows physical verification, building trust.', '• Risk awareness and mitigation: Identifies specific risks (cell loss, texture variability, supply chain issues) and proposes mitigations (multiple storage facilities, pilot testing, quality-alternative sourcing).'], 'cons': ['• Market size and demand: Targets a niche within sustainable/ethical jewelry; no quantification of market size or evidence of existing demand beyond the described user segments.', '• Revenue model and sustainability: High-cost, limited-production model may restrict scalability; long-term sustainability depends on continued bioreactor scaling and cost reduction.', '• Risk awareness and mitigation: Does not address potential regulatory hurdles for cultivated materials in consumer goods or scalability challenges beyond modular bioreactor adjustments.']}, 'Project B': {'pros': ['• Clarity of value proposition: Strong ethical narrative similar to Project A, with added emphasis on education through a pre-launch email series to build trust and explain the science.', '• Market size and demand: The pre-launch email series could help gauge and build demand before the campaign, potentially mitigating market risk.', '• Feasibility and development plan: Same solid development status as Project A, with prototypes and owned technology. Includes plans for durability testing and content creation.', '• Differentiation: Adds a pre-launch educational component that could differentiate by building a more informed and committed community before funding.', '• Impact and evidence plan: Combines durability testing, material passport, and pre-launch education to create a comprehensive trust-building strategy.', '• Risk awareness and mitigation: Same identified risks and mitigations as Project A, showing awareness of technical and operational challenges.'], 'cons': ['• Market size and demand: Like Project A, remains a niche product without quantified market data; pre-launch emails may not translate to sufficient demand.', '• Revenue model and sustainability: Similar high-cost, limited-scale model; funds allocated to email series creation/distribution may divert resources from core production.', '• Differentiation: The pre-launch email series is a marketing tactic rather than a product or process innovation; core differentiation is identical to Project A.', '• Impact and evidence plan: Lacks the direct, visual comparison with conventional leather that Project A proposes, which could be a more immediate trust signal for backers.']}, 'Overall Comparison': ""Both projects are nearly identical in core technology, value proposition, development status, and risk awareness. Key differences lie in their evidence and communication strategies. Project A focuses on tangible, visual evidence (side-by-side comparison photo, video of flexing) and a low-barrier sample swatch to reduce perceived risk for backers. Project B adds a pre-launch educational email series, which is a proactive trust-building measure but is less immediate and verifiable than physical evidence. For a crowdfunding campaign where backer trust and perceived product legitimacy are paramount, Project A's emphasis on direct material verification and comparison provides a stronger, more concrete foundation for conversion. The sample swatch tier and visual comparisons directly address the biggest unknown for backers: the quality and authenticity of the cultivated leather.""}"
"local","8","5","L8.5","3","L8.3","L8.5","plan_5","{""Project A"": {""Pros"": [""• Clarity of value proposition: Clearly articulates an innovative, animal-friendly leather alternative for heirloom jewelry, with a strong ethical narrative."", ""• Market size and demand: Targets a niche but growing market of ethically conscious consumers and early adopters of sustainable materials."", ""• Feasibility and development plan: Shows strong development status with prototypes, owned technology, and a detailed, stepwise production plan. Specific plans for durability testing and visual comparisons (side-by-side photo) add credibility."", ""• Revenue model and sustainability: Multiple reward tiers (jewelry, sample swatches, pairings) cater to different commitment levels. The 'material passport' adds value and transparency, potentially supporting premium pricing."", ""• Differentiation: Highly differentiated through cultivated leather technology, unique donor-cow connection, and material traceability. No direct competitors in the jewelry space using this method."", ""• Impact and evidence plan: Strong evidence plan includes durability test results, high-resolution video of material properties, and an infographic explaining the process. The side-by-side comparison with conventional leather is a concrete validation step."", ""• Risk awareness and mitigation: Identifies key technical (cell loss, texture variability) and logistical (supply chain, delays) risks with specific, plausible mitigations.""], ""Cons"": [""• Market size and demand: The addressable market is likely small and premium, limiting scalability. Demand is unproven beyond early adopters."", ""• Feasibility and development plan: Scaling bioreactor production for jewelry-sized inlays is novel and may face unforeseen technical hurdles. Many plans are 'proposed' and not yet executed."", ""• Revenue model and sustainability: High production costs from cultivation and small-scale manufacturing may challenge profitability and long-term price competitiveness."", ""• Risk awareness and mitigation: Does not address potential consumer skepticism about material durability or 'realness' as thoroughly as could be done, though plans exist.""]}, ""Project B"": {""Pros"": [""• Clarity of value proposition: Equally clear as Project A, with the same core ethical and innovative proposition."", ""• Market size and demand: Similar target market. The addition of a low-cost 'name a future donor cow' tier could broaden backer engagement and attract a wider audience at a lower entry point."", ""• Feasibility and development plan: Identical strong foundation to Project A with prototypes and owned tech. Includes the same detailed plans for testing, video, and infographic."", ""• Revenue model and sustainability: Includes all of Project A's tiers plus the low-cost engagement tier, potentially increasing campaign reach and funding."", ""• Differentiation: Same high differentiation as Project A. The name-suggestion tier adds a unique community-building element."", ""• Impact and evidence plan: Same strong evidence plan as Project A, minus the explicit mention of the side-by-side comparison photo, which is a minor omission."", ""• Risk awareness and mitigation: Identical risk assessment and mitigation to Project A.""], ""Cons"": [""• Market size and demand: Same limitations as Project A."", ""• Feasibility and development plan: Same scaling challenges. The name-suggestion tier adds a minor logistical task but no major burden."", ""• Revenue model and sustainability: Same cost and profitability challenges. The low-cost tier may generate many small pledges but little net revenue."", ""• Impact and evidence plan: Slightly weaker than Project A by omitting the proposed side-by-side comparison photo, which is a tangible piece of validation evidence."", ""• Risk awareness and mitigation: Identical to Project A.""]}}"
"local","8","5","L8.5","4","L8.4","L8.5","plan_5","{
  ""Project A"": {
    ""Pros"": [
      ""• Clarity of value proposition: Clearly defines the core offering of animal-friendly, cultivated leather jewelry with a strong ethical narrative. The inclusion of proposed plans (sample swatch, material passport) enhances transparency and addresses potential customer concerns upfront."",
      ""• Market size and demand: Targets a growing niche of ethically conscious consumers interested in sustainable, animal-friendly luxury goods and early-adopter 'heirloom' pieces."",
      ""• Feasibility and development plan: Shows concrete progress with isolated cells (2023), prototypes (early 2025), and patent-pending technology. The roadmap includes specific, logical steps like pilot testing, scaffold inspection, and securing settings post-campaign. Ownership of tech and cell lines reduces dependency risk."",
      ""• Revenue model and sustainability: Direct-to-consumer via crowdfunding with tiered rewards (jewelry, sample swatches, pairing tiers). The model leverages scarcity (limited series with named cows) and transparency to command a premium. Use of funds is clearly tied to production scaling."",
      ""• Differentiation: Highly differentiated through its cultivated leather technology, ethical sourcing story (living donor cows), and the unique 'donor selection' narrative. Proposed side-by-side comparison with conventional leather further highlights material quality."",
      ""• Impact and evidence plan: Strong plan for demonstrating impact and building trust: proposed durability tests (rub test), sample swatches for physical verification, digital material passport with video/infographic, and side-by-side visual comparisons. These are specific, actionable plans to provide evidence."",
      ""• Risk awareness and mitigation: Identifies key technical (cell loss, texture variability) and operational (supply chain, delivery delays) risks. Mitigations (multi-facility storage, pilot testing, scaffold inspection) are appropriate and directly address the stated risks.""
    ],
    ""Cons"": [
      ""• Market size and demand: The addressable market is likely a small, early-adopter segment within sustainable jewelry. High price points (implied by heirloom positioning) may limit mass appeal."",
      ""• Feasibility and development plan: Scaling bioreactor production for modular leather pieces, while addressed, remains a complex, unproven step at commercial scale. The plan relies on post-campaign finalization of many elements (settings, donor profiles, digital content)."",
      ""• Revenue model and sustainability: Long-term sustainability beyond the crowdfunding campaign is not addressed. Reliance on a single, niche material story may limit product line expansion."",
      ""• Risk awareness and mitigation: Does not address potential consumer skepticism about material durability or 'real leather' claims beyond proposed tests. Regulatory risks for novel biomaterials, though stated as not required, could emerge.""
  ]},
  ""Project B"": {
    ""Pros"": [
      ""• Includes all the pros of Project A, as it is identical in core description, technology, roadmap, team, and risks."",
      ""• Differentiation: Adds one incremental feature: a proposed physical 'mini-passport' card in packaging with a QR code and bullet-point cow profile summary. This enhances the unboxing experience and provides immediate tangible storytelling."",
      ""• Impact and evidence plan: The physical 'mini-passport' card slightly strengthens the evidence and transparency plan by offering a tangible artifact alongside the digital content, potentially increasing perceived value and connection.""
    ],
    ""Cons"": [
      ""• Includes all the cons of Project A."",
      ""• Differentiation: The added 'mini-passport' is a minor, low-cost enhancement. It does not fundamentally alter the product, technology, market, or risk profile. It represents an incremental improvement in packaging/narrative delivery rather than a substantive innovation."",
      ""• Feasibility and development plan: Adds one more deliverable (design/production of physical cards) to the roadmap, slightly increasing complexity and cost without corresponding significant benefit or risk reduction.""
  ]}
}"
"local","9","0","L8.2","1","L9.1","tie","tie","Exact same normalized text; skipped LLM call."
"local","9","0","L8.2","2","L9.2","L9.2","plan_2","PROJECT A PROS:
• Clear value proposition: Ethically sourced real leather without animal harm, with transparent origin story.
• Market addresses conscious consumers seeking sustainable luxury and animal-friendly alternatives.
• Feasibility supported by existing prototypes (pendant, card holder) and patent-pending technology.
• Revenue model via direct jewelry sales with tiered reward options (sample swatch, pairing tier).
• Strong differentiation through cultivated leather from named sanctuary cows with material passports.
• Good evidence plan with proposed durability tests, pre-launch education, and transparency measures.
• Risk awareness includes cell storage redundancy, production variability, and supply chain contingencies.

PROJECT A CONS:
• Market size limited to niche luxury/ethical jewelry segment.
• Revenue sustainability depends on scaling bioreactor production cost-effectively.
• Long-term durability evidence is proposed but not yet demonstrated.
• High dependency on specialized bioreactor technology and cell line maintenance.

PROJECT B PROS:
• All strengths of Project A, plus enhanced durability validation through proposed aging test simulating one year of wear.
• More comprehensive evidence plan addresses long-term durability concerns more concretely.
• Increased backer confidence through documented aging test results in material passport.
• Better risk mitigation for product longevity questions.

PROJECT B CONS:
• Same market limitations as Project A.
• Aging test adds complexity and potential delay to development timeline.
• Slightly higher resource requirements for testing documentation.

Both projects are identical in core technology, team, and most features, but Project B demonstrates superior risk mitigation and evidence planning through its proposed aging test, which directly addresses a key consumer concern about novel material durability."
"local","9","0","L8.2","3","L9.3","L9.3","plan_3","Both projects are identical in their core concept, technology, team, and most execution details. They share the same strengths: a clear, innovative value proposition of ethically sourced cultivated leather jewelry; addressing a growing market demand for sustainable and animal-friendly luxury goods; a credible development status with prototypes and patent-pending technology; a direct-to-consumer revenue model; strong differentiation through its unique material and story; and clear risk awareness with mitigation plans. The only discernible difference is Project B's inclusion of one additional proposed feature: 'a simple, optional post-campaign survey for backers of the sample swatch tier to gather structured feedback... with results to be shared publicly to build community trust.' This feature, mentioned in Key Features, Roadmap, and Use of Funds, represents a marginal but genuine improvement in the 'Impact and evidence plan' criterion. It demonstrates a slightly more proactive approach to community engagement, transparency, and using backer feedback as social proof. However, this is a minor enhancement to an otherwise identical project. All other pros and cons are shared.

Shared Pros:
• Clarity of Value Proposition: Excellent. Clearly presents an ethical, innovative alternative to conventional leather using cultivated cells from sanctuary animals.
• Market Size & Demand: Targets a defined niche of ethically-conscious consumers and early adopters interested in sustainable luxury and novel materials.
• Feasibility & Development Plan: Strong. Shows working prototypes, clear technical details, patent-pending process, and a logical, stepwise production roadmap. No regulatory hurdles stated.
• Revenue Model & Sustainability: Clear direct sales model via crowdfunding rewards. Long-term sustainability depends on scaling production cost-effectively, which is acknowledged.
• Differentiation: Very High. Unique value proposition combining biotechnology, animal welfare, and heirloom jewelry. The donor-cow story and material passport add strong narrative differentiation.
• Impact & Evidence Plan: Good. Plans for durability tests, sample swatches, material passports, and pre-launch education build credibility. Project B adds a post-campaign feedback survey.
• Risk Awareness & Mitigation: Good. Identifies key technical and logistical risks (cell loss, material variability, supply chain, delays) with specific mitigation strategies.

Shared Cons:
• Market Size & Demand: The addressable market is likely a premium niche within sustainable jewelry. Mass-market appeal is untested.
• Feasibility & Development Plan: Scaling bioreactor production for consistent quality is a complex challenge only briefly addressed.
• Revenue Model & Sustainability: High production costs for cultivated leather may limit margin and long-term price competitiveness unless scaled significantly.
• Impact & Evidence Plan: While plans are good, the actual performance data (durability, aging) of the novel material in real-world use is not yet proven or shared.

Project B's Additional Pro:
• Impact & Evidence Plan: Includes a proposed post-campaign survey to gather and share structured backer feedback, showing a slightly more refined plan for community building and evidence generation.

Given the projects are virtually identical, Project B wins by a narrow margin due to this single, additional element of strategic customer feedback integration, which slightly strengthens its evidence and community trust plan."
"local","9","0","L8.2","4","L9.4","L8.2","plan_0","Project A and B are nearly identical in core concept, technology, team, and risk profile. Both offer cultivated leather jewelry with identical value propositions targeting the ethical luxury market. Key differences lie in reward structure and communication planning. Project A demonstrates slightly stronger execution planning with specific references to packaging integration (plant seed fiber cushioning), clearer material passport content planning, and more concrete durability testing communication. Project B introduces a 'mini-collection' swatch tier for material enthusiasts, which expands the target audience but adds complexity without clear demand validation. Project A's focus appears more disciplined on core backer education and trust-building through its proposed pre-launch email series and detailed material passport video/infographic. Both projects share the same significant risks: unproven material durability, scaling bioreactor production, and high costs for a niche luxury item. Neither quantifies market size or provides concrete revenue projections. However, Project A's slightly more developed transparency and educational components give it a marginal edge in feasibility planning and backer confidence building. Project B's additional reward tier dilutes focus without addressing fundamental risks."
"local","9","0","L8.2","5","L9.5","L9.5","plan_5","{""Project A"": {""pros"": [""• Clear value proposition: Animal-friendly real leather jewelry from living donor cows with strong ethical positioning"", ""• Strong differentiation: First-of-its-kind cultivated leather jewelry with donor selection option creates unique heirloom appeal"", ""• Good development status: Shows finished inlays, prototypes, and patent-pending technology with clear ownership"", ""• Thoughtful risk awareness: Identifies key technical and supply chain risks with specific mitigation strategies"", ""• Comprehensive revenue model: Multiple reward tiers (sample swatches, pairing options) address different customer segments""], ""cons"": [""• Market size uncertainty: Niche luxury ethical jewelry market may be limited despite growing interest in sustainable fashion"", ""• Feasibility concerns: Scaling bioreactor production for jewelry pieces presents unquantified challenges"", ""• Limited evidence plan: While prototypes exist, no durability test results or independent verification mentioned yet"", ""• Sustainability questions: Energy/resource intensity of bioreactor cultivation not addressed"", ""• Revenue sustainability: High-cost production method may limit long-term price competitiveness""]}, ""Project B"": {""pros"": [""• All advantages of Project A plus enhanced trust-building: Proposed veterinary Q&A in pre-launch emails directly addresses animal welfare concerns"", ""• Stronger evidence plan: Additional transparency through professional veterinary perspective strengthens ethical claims"", ""• Better impact communication: Veterinary involvement adds credibility to the harm-free cell sampling narrative"", ""• More comprehensive education: Q&A format likely more engaging for explaining complex process to backers"", ""• Enhanced risk mitigation: Professional veterinary perspective may help address regulatory or ethical concerns preemptively""], ""cons"": [""• Shares all limitations of Project A regarding market size, scalability, and sustainability"", ""• Additional complexity: Veterinary Q&A adds production step without addressing core technical challenges"", ""• No quantified evidence: Still lacks durability data, customer testimonials, or production cost metrics"", ""• Same high-cost production model: Doesn't solve fundamental economic sustainability issues"", ""• Dependent on same unproven scaling: Bioreactor production challenges remain identical to Project A""]}}"
"local","9","1","L9.1","0","L8.2","tie","tie","Exact same normalized text; skipped LLM call."
"local","9","1","L9.1","2","L9.2","L9.2","plan_2","PROJECT A:
Pros:
• Clear value proposition: Ethically sourced real leather from living animals, addressing animal welfare concerns in luxury goods.
• Strong differentiation: Unique cultivated leather technology with patent-pending plant-based scaffolding.
• Feasible development plan: Shows finished jewelry inlays, prototypes from 2025, and clear production steps.
• Thoughtful revenue model: Multiple reward tiers (sample swatches, pairing options) to build trust and accessibility.
• Good risk awareness: Identifies cell storage, material variability, and supply chain risks with specific mitigations.
• Experienced team: Founder with tissue-engineering and cellular-agriculture expertise since 2018.

Cons:
• Limited market size evidence: No quantification of target market for ethical luxury jewelry.
• Unproven durability: While rub tests are proposed, long-term wear characteristics remain uncertain.
• High production complexity: Bioreactor cultivation adds significant technical and scaling challenges.
• Limited impact evidence: No clear plan for measuring environmental or ethical impact beyond claims.
• Premium pricing implied: Likely high cost due to complex production process.

PROJECT B:
Pros:
• Enhanced durability validation: Includes proposed aging test simulating one year of wear, addressing a key consumer concern more thoroughly than Project A.
• All strengths of Project A: Same clear value proposition, differentiation, feasibility, team, and risk awareness.
• More comprehensive evidence plan: Aging test documentation adds credibility to longevity claims.
• Better addresses skepticism: Additional testing demonstrates proactive approach to material validation.

Cons:
• Same market size limitation: No quantitative market analysis provided.
• Increased complexity: Aging test adds to development timeline and resource requirements.
• Same high production complexity and cost challenges as Project A.
• No additional differentiation beyond durability testing.

Overall, both projects are identical in core technology, team, and value proposition. Project B's additional proposed aging test provides a meaningful advantage in addressing a critical uncertainty for backers: long-term material durability. This demonstrates superior risk mitigation and evidence planning, making it more likely to build trust and succeed in crowdfunding. The slight additional complexity is justified by the increased credibility."
"local","9","1","L9.1","3","L9.3","L9.3","plan_3","Both projects present identical core concepts, technologies, and plans, with one key distinction: Project B includes an additional proposed plan for a post-campaign survey to gather structured feedback from sample swatch backers and share results publicly. Across all seven criteria, the projects are otherwise equivalent. They demonstrate identical clarity in their value proposition (ethically sourced, real leather without animal harm), address the same market (consumers seeking sustainable, animal-friendly luxury goods), share identical feasibility plans and development status (prototypes exist, technology is owned), propose the same revenue model (direct sales via crowdfunding), share the same differentiation (cultivated leather from named sanctuary cows), have identical impact and evidence plans (material passports, pre-launch education), and identify the same risks with the same mitigations. The sole advantage of Project B is the inclusion of a community feedback loop, which slightly enhances its evidence plan and risk mitigation by demonstrating a proactive approach to gathering user validation and building trust. This gives Project B a marginal edge in criteria 6 (Impact and evidence plan). However, this advantage is minor as it is a proposed plan, not an executed one. Both projects suffer from the same weaknesses: no quantified market size data, unproven scalability of the bioreactor process, high production costs implied by the technology, and a niche luxury positioning that limits addressable market. The core assessment remains that both are highly speculative, early-stage ventures with strong ethical narratives but unproven commercial viability."
"local","9","1","L9.1","4","L9.4","L9.1","plan_1","Project A and B are nearly identical in core concept, technology, team, and risks. Both present a novel, ethically-driven value proposition (cultivated leather from sanctuary cows) with clear differentiation from conventional leather. They share identical development status (prototypes exist), team credentials, risk awareness, and technical details. The key differences lie in reward structure and communication depth. Project A provides slightly more detailed plans for addressing backer concerns (durability test results, video content, infographic) and frames its proposed features with more specific intent (e.g., 'to address durability questions visually'). Project B introduces an additional 'mini-collection' reward tier (three swatch varieties) which adds complexity but may appeal to material enthusiasts. However, Project A's slightly more thorough and focused approach to transparency and backer education gives it a marginal edge in clarity, feasibility planning, and evidence plan. Neither project quantifies market size, demand, or revenue model sustainability, which is a significant weakness for both. Both lack detailed financial projections or post-campaign business model.\n\n**Project A Pros:**\n• Clear, compelling value proposition combining ethics, science, and heirloom quality.\n• Strong differentiation via first-of-its-kind cultivated leather from named sanctuary animals.\n• Good development status with prototypes and owned technology.\n• Detailed proposed plans for transparency (durability test sharing, video, infographic, pre-launch emails).\n• Thoughtful reward tiers (sample swatch, pairing) to build trust and allow material verification.\n• Aware of key risks (cell loss, variability) with stated mitigations.\n• Experienced founder in relevant field.\n\n**Project A Cons:**\n• No quantification of market size or demand evidence.\n• Revenue model and long-term sustainability not addressed.\n• High technical and production complexity poses inherent feasibility risks.\n• Niche target market may limit scalability.\n• Relies heavily on proposed (not yet executed) transparency measures.\n\n**Project B Pros:**\n• Identical strong core value proposition and differentiation as Project A.\n• Same solid development status, team, and risk awareness.\n• Includes all of Project A's proposed transparency features.\n• Additional 'mini-collection' reward tier could engage material enthusiasts and showcase variety.\n\n**Project B Cons:**\n• Same lack of market quantification and revenue model as Project A.\n• Slightly less detailed rationale for proposed transparency features compared to Project A.\n• 'Mini-collection' tier adds production complexity without clear strategic justification.\n• Same inherent feasibility risks due to technical complexity.\n\nOverall, both projects are high-risk, high-innovation ventures with strong ethical appeal but weak commercial validation. Project A wins by a narrow margin due to its slightly more focused and thoroughly reasoned approach to backer communication and trust-building, which is critical for a novel, technically complex product in crowdfunding."
"local","9","1","L9.1","5","L9.5","L9.5","plan_5","{""Project A"": {""pros"": [""• Clear value proposition: animal-friendly real leather jewelry with strong ethical differentiation"", ""• Demonstrated development progress with finished inlays and prototypes (2025)"", ""• Comprehensive revenue model with multiple reward tiers (sample swatches, pairing tiers, material passports)"", ""• Strong differentiation through cultivated leather technology and donor animal connection"", ""• Good risk awareness with specific mitigation strategies for cell storage and production variability"", ""• Solid development plan with clear roadmap for pilot testing and production scaling""], ""cons"": [""• Market size limited to niche ethical jewelry consumers despite broader leather alternatives market"", ""• Sustainability claims require more evidence of lifecycle analysis vs. conventional leather"", ""• Revenue model depends heavily on high-margin jewelry with unclear price elasticity"", ""• Impact evidence plan relies primarily on storytelling rather than quantitative metrics"", ""• Technical feasibility questions remain about scaling bioreactor production for jewelry volumes""]}, ""Project B"": {""pros"": [""• All strengths of Project A plus enhanced credibility through proposed veterinary Q&A content"", ""• Superior impact and evidence plan with professional validation of animal welfare claims"", ""• Stronger pre-launch education strategy building trust through expert involvement"", ""• More comprehensive transparency addressing both material science and ethical procedures"", ""• Better positioned to overcome skepticism about 'harmless' cell sampling claims"", ""• Enhanced differentiation through verified animal welfare protocols""], ""cons"": [""• Shares all limitations of Project A regarding market size and scalability"", ""• Additional veterinary Q&A content adds minor complexity without addressing core feasibility challenges"", ""• Still lacks quantitative evidence of environmental impact vs. alternatives"", ""• Same fundamental business model risks as Project A""], ""comparison"": ""Both projects are nearly identical in core technology, team, and business model. The critical difference is Project B's inclusion of a veterinary professional Q&A in its pre-launch communication strategy. This single enhancement significantly strengthens Project B's impact and evidence plan by providing professional validation of animal welfare claims - a crucial credibility factor for this ethically-positioned product. While both face the same challenges regarding market size and technical scalability, Project B demonstrates superior understanding of building trust with its target audience through expert verification. This gives Project B a meaningful edge in overcoming consumer skepticism about the 'harmless' nature of the technology.""}"
"local","9","2","L9.2","0","L8.2","L9.2","plan_2","Both projects are identical in their core concept, technology, team, and most proposed features. They share the same problem statement, solution, development status, roadmap, funding use, risks, and technical details. The only discernible difference is that Project A includes two additional proposed plans in its Key Features & Capabilities and Roadmap sections: 1) conducting a small-scale, documented 'aging' test simulating a year of gentle wear, and 2) including the results and photographs of this test in the 'material passport' content. This represents a marginally more comprehensive approach to addressing backer concerns about long-term durability and transparency. In all other evaluated criteria—Clarity of Value Proposition, Market Size & Demand, Feasibility & Development Plan, Revenue Model & Sustainability, Differentiation, Impact & Evidence Plan, and Risk Awareness & Mitigation—the projects are equivalent. Therefore, Project A has a slight edge due to its more detailed evidence plan.

**Project A Pros:**
• Identical strong value proposition: ethically sourced, real leather without animal harm.
• Identical target market: consumers seeking sustainable, animal-friendly luxury/novelty items.
• Identical demonstrated feasibility: prototypes exist, technology is owned, no regulatory hurdles stated.
• Identical revenue model from direct sales and proposed reward tiers (sample swatch, pairing, material passport).
• Identical high differentiation via patented cultivation process and unique donor story.
• Slightly stronger evidence plan due to the proposed 'aging' test to demonstrate long-term durability.
• Identical risk awareness and mitigation strategies.

**Project A Cons:**
• All cons are shared with Project B.
• High dependency on a novel, complex bioprocess for a niche luxury good.
• Unproven consumer demand at scale for cultivated leather jewelry.
• Potential high cost structure from R&D and small-batch production.
• Long-term material properties (like aging) are still being validated.
• Supply chain for specialized components (bioreactors, scaffolds) may be fragile.

**Project B Pros:**
• Identical strong value proposition: ethically sourced, real leather without animal harm.
• Identical target market: consumers seeking sustainable, animal-friendly luxury/novelty items.
• Identical demonstrated feasibility: prototypes exist, technology is owned, no regulatory hurdles stated.
• Identical revenue model from direct sales and proposed reward tiers (sample swatch, pairing, material passport).
• Identical high differentiation via patented cultivation process and unique donor story.
• Strong evidence plan with proposed rub test, video, and infographic.
• Identical risk awareness and mitigation strategies.

**Project B Cons:**
• All cons are shared with Project A.
• High dependency on a novel, complex bioprocess for a niche luxury good.
• Unproven consumer demand at scale for cultivated leather jewelry.
• Potential high cost structure from R&D and small-batch production.
• Long-term material properties (like aging) are less addressed than in Project A's plan.
• Supply chain for specialized components (bioreactors, scaffolds) may be fragile."
"local","9","2","L9.2","1","L9.1","L9.2","plan_2","PROJECT A:
Pros:
• Clarity of value proposition: Excellent. Clearly presents animal-friendly, real leather from living sanctuary cows as a novel ethical alternative.
• Market size and demand: Targets a niche but growing market of ethically conscious consumers interested in sustainable luxury and novel materials.
• Feasibility and development plan: Strong. Shows prototypes, patent-pending technology, and detailed roadmap including durability testing and aging simulation.
• Revenue model and sustainability: Clear direct-to-consumer model via crowdfunding with multiple reward tiers. Long-term viability depends on scaling bioreactor production and maintaining premium positioning.
• Differentiation: High. Unique combination of cultivated leather, specific donor animal selection, and comprehensive transparency (material passport, aging tests) sets it apart.
• Impact and evidence plan: Excellent. Plans for durability tests, aging simulation, high-resolution video, and pre-launch education provide substantial evidence to build trust.
• Risk awareness and mitigation: Good. Identifies key risks (cell loss, texture variability, supply chain) with specific mitigation strategies.
Cons:
• Market size may be limited to early adopters and luxury niche.
• Production scaling of bioreactor-grown leather for jewelry volumes is unproven.
• High dependence on narrative and ethical story for premium pricing.

PROJECT B:
Pros:
• Clarity of value proposition: Excellent. Identical core proposition to Project A.
• Market size and demand: Same target market as Project A.
• Feasibility and development plan: Good. Similar prototype status and roadmap, but lacks the detailed aging test plan of Project A.
• Revenue model and sustainability: Identical to Project A.
• Differentiation: High, but slightly less than A due to missing aging test documentation.
• Impact and evidence plan: Good. Includes durability test and video, but lacks the additional aging simulation evidence.
• Risk awareness and mitigation: Identical to Project A.
Cons:
• Slightly less comprehensive evidence plan compared to Project A.
• Same scalability and market niche challenges as Project A.

Comparison: Both projects are nearly identical in core concept, team, technology, and risks. The key difference lies in Project A's more thorough evidence and transparency plan, specifically the proposed small-scale documented 'aging test' simulating a year of wear. This additional step addresses a critical backer concern (long-term durability) more comprehensively than Project B's plan, which only includes a standard durability test and visual video. In crowdfunding, where trust and perceived product viability are paramount, this extra layer of validation gives Project A a meaningful edge in mitigating backer skepticism and demonstrating commitment to quality assurance.

Winner: Project A wins due to its more robust plan for providing evidence of product durability and long-term performance, which is crucial for backer confidence in a novel material like cultivated leather."
"local","9","2","L9.2","3","L9.3","L9.2","plan_2","Project A and B are nearly identical in core concept, technology, and team. Both present a clear value proposition of ethical, cultivated leather jewelry with strong differentiation in the market. Key differences emerge in their approach to evidence and risk mitigation. Project A demonstrates superior planning for durability validation by including a documented 'aging test' simulating a year of wear, which directly addresses a critical consumer concern about material longevity. This proactive evidence-gathering is more comprehensive than Project B's reliance on a standard rub test and post-campaign survey. Project B's post-campaign survey is a good community-building tool but is reactive rather than proactive. Both projects share identical strengths: clear problem-solution fit, innovative technology with patent-pending status, strong ethical positioning, feasible development plan with existing prototypes, and appropriate risk awareness. Their weaknesses are also shared: unquantified market size, unclear long-term revenue model beyond crowdfunding, and high dependency on niche bioreactor scaling. However, Project A's additional aging test plan shows deeper consideration of product validation and backer trust, giving it a slight edge in feasibility and evidence planning."
"local","9","2","L9.2","4","L9.4","L9.2","plan_2","PROJECT A PROS:
• Clarity of value proposition: Strong, clear ethical narrative about animal-friendly real leather from living sanctuary cows. Multiple proposed plans (sample swatch, pairing tier, material passport) demonstrate clear thinking about customer education and trust.
• Market size and demand: Targets a niche but growing market of ethically-conscious consumers interested in sustainable luxury and novel materials. The 'heirloom' positioning adds emotional value.
• Feasibility and development plan: Shows concrete development status with prototypes from early 2025 and patent-pending technology. Detailed proposed testing plans (durability rub test, aging simulation) address key feasibility concerns.
• Revenue model and sustainability: Multiple reward tiers proposed to capture different customer segments. Focus on cultivated leather as core IP suggests potential for material licensing beyond jewelry.
• Differentiation: Highly differentiated through cultivated leather technology and connection to specific named animals. Proposed material passport adds traceability and storytelling.
• Impact and evidence plan: Excellent proposed evidence strategy including pre-launch email series, durability tests, aging simulation, and high-resolution video content to build credibility.
• Risk awareness and mitigation: Acknowledges key risks (cell storage, material variability, supply chain) with specific mitigation strategies. Additional proposed durability testing shows proactive risk management.

PROJECT A CONS:
• Market size may be limited to early adopters and ethically-focused niche.
• High-touch production process (individual animal tracking) may limit scalability.
• Material durability remains unproven despite proposed testing plans.
• Higher price point likely due to complex production process.

PROJECT B PROS:
• Clarity of value proposition: Same clear ethical narrative as Project A with additional 'mini-collection' tier for material enthusiasts.
• Market size and demand: Same target market as A, with added appeal to material enthusiasts through swatch collections.
• Feasibility and development plan: Same development status and core technology as A, with reasonable scaling plans.
• Revenue model and sustainability: Additional 'mini-collection' tier provides another revenue stream and engages material enthusiasts.
• Differentiation: Same core differentiation as A, with added value through comparative material swatches.
• Impact and evidence plan: Good proposed evidence including pre-launch emails, durability tests, and video content.
• Risk awareness and mitigation: Same risk acknowledgment and mitigation as A.

PROJECT B CONS:
• Less comprehensive evidence plan than A (missing aging simulation test documentation).
• No mention of sharing aging test results to address long-term durability concerns.
• Material passport content appears slightly less detailed than A's proposed version.
• Same scalability limitations as A.

KEY DIFFERENTIATORS:
Both projects share identical core technology, team, and ethical positioning. The critical differences are in their evidence and risk mitigation plans. Project A proposes a more thorough evidence strategy including: 1) Documented aging test simulating a year of wear with results and photographs in material passport, 2) More comprehensive material passport content addressing long-term durability questions, 3) More detailed transparency about the cultivation process through proposed infographics and video. Project B adds a 'mini-collection' swatch tier but lacks the aging test documentation. For a novel material like cultivated leather, Project A's more rigorous approach to building credibility through evidence gives it an advantage in addressing backer concerns about material quality and longevity."
"local","9","2","L9.2","5","L9.5","L9.2","plan_2","PROJECT A PROS: • Strong clarity of value proposition: real leather without animal harm, with detailed technical explanation. • Good feasibility: shows finished inlays, prototypes from 2025, patent-pending technology, clear ownership. • Comprehensive risk mitigation: addresses cell loss, variability, supply chain, and delivery delays. • Strong evidence plan: includes durability rub test, aging test simulation, high-res video, and infographic. • Thoughtful differentiation: donor cow selection, material passport, sample swatch tiers for verification. • Detailed development plan: pilot testing, scaffold inspection, tanning preparation, post-campaign production scaling. PROJECT A CONS: • Market size limited to niche ethical/sustainable jewelry consumers. • Revenue model sustainability unclear beyond initial crowdfunding campaign. • High production complexity could lead to cost and scalability challenges. • Long-term durability of cultivated leather in jewelry context remains unproven. PROJECT B PROS: • Identical strong clarity of value proposition and technical foundation as Project A. • Good feasibility with same prototypes and development status. • Enhanced impact/evidence plan: adds veterinary professional Q&A in pre-launch emails, strengthening animal welfare credibility. • Same risk mitigation strategies as Project A. • Good differentiation with donor cow selection and material passport. PROJECT B CONS: • Less comprehensive evidence plan than A: missing aging test simulation for long-term durability. • Same market size limitations as A. • Same revenue model sustainability concerns. • Same production complexity and scalability challenges. • Slightly less thorough durability validation than Project A. WINNER RATIONALE: Project A wins due to superior evidence planning and risk mitigation. While both projects share identical core technology, value proposition, and team credentials, Project A demonstrates more thorough foresight by including an aging test simulation to address long-term durability concerns—a critical question for heirloom jewelry. Project A also shows slightly more comprehensive planning across multiple proposed features (aging test, more detailed material passport content). The veterinary Q&A in Project B is valuable for ethics credibility but doesn't offset Project A's stronger technical validation approach. For crowdfunding backers, Project A's additional durability evidence provides greater confidence in product longevity and quality."
"local","9","3","L9.3","0","L8.2","L9.3","plan_3","Both projects are identical in their core concept, problem statement, solution, development status, team, and technical details. The only differences lie in the additional proposed engagement and validation features found in Project A. These additional features represent a more comprehensive approach to backer education, trust-building, and community feedback. Therefore, the pros and cons are identical for both projects, except for the additional pros attributed to Project A's extended engagement plan. The assessment is based solely on the provided source facts, and no unsupported specificity is rewarded.

**Project A Pros:**
• **Clarity of Value Proposition:** Clearly articulates an ethical alternative to conventional leather for jewelry, leveraging a compelling narrative of sanctuary animals and biotechnology.
• **Market Size and Demand:** Targets a growing niche of ethically-conscious consumers interested in sustainable and animal-friendly luxury/adornment goods.
• **Feasibility and Development Plan:** Shows tangible progress with prototypes (pendant, card holder), a clear roadmap for production tuning, and ownership of core technology. No stated regulatory hurdles.
• **Revenue Model and Sustainability:** Direct-to-consumer via crowdfunding with tiered pricing (jewelry, sample swatches, pairing packs). Potential for high-margin, story-driven products.
• **Differentiation:** Highly unique. Combines cellular agriculture, ethical sourcing, and heirloom jewelry into a novel product category with a strong narrative.
• **Impact and Evidence Plan:** Strong proposed plan for transparency: material passport (QR code), donor cow profiles, durability test sharing, pre-launch education, and a post-campaign survey to gather and share backer feedback on material feel.
• **Risk Awareness and Mitigation:** Identifies key technical (cell loss, material variability) and logistical (supply chain, delivery delays) risks with stated mitigation strategies.
• **Additional Pro (vs. Project B):** Includes a proposed post-campaign survey for sample swatch backers to gather structured feedback and share results publicly, demonstrating a stronger commitment to community trust and iterative improvement.

**Project A Cons:**
• **Market Size and Demand:** The addressable market is likely a small, early-adopter segment within sustainable jewelry. Mass-market appeal is unproven.
• **Feasibility and Development Plan:** Scaling production of cultivated leather, even for small inlays, presents unquantified challenges. Relies on adjusting 'modular' bioreactor tech without detailed specs.
• **Revenue Model and Sustainability:** Long-term cost structure and scalability of cultivated leather production for jewelry are unclear. High reliance on a narrative that may not sustain repeat purchases.
• **Risk Awareness and Mitigation:** Does not address potential consumer skepticism or 'ick factor' regarding wearing animal cells. Long-term durability of the novel material in a wearable context is only partially addressed by proposed tests.

**Project B Pros:**
• **Clarity of Value Proposition:** Clearly articulates an ethical alternative to conventional leather for jewelry, leveraging a compelling narrative of sanctuary animals and biotechnology.
• **Market Size and Demand:** Targets a growing niche of ethically-conscious consumers interested in sustainable and animal-friendly luxury/adornment goods.
• **Feasibility and Development Plan:** Shows tangible progress with prototypes (pendant, card holder), a clear roadmap for production tuning, and ownership of core technology. No stated regulatory hurdles.
• **Revenue Model and Sustainability:** Direct-to-consumer via crowdfunding with tiered pricing (jewelry, sample swatches, pairing packs). Potential for high-margin, story-driven products.
• **Differentiation:** Highly unique. Combines cellular agriculture, ethical sourcing, and heirloom jewelry into a novel product category with a strong narrative.
• **Impact and Evidence Plan:** Strong proposed plan for transparency: material passport (QR code), donor cow profiles, durability test sharing, and pre-launch education.
• **Risk Awareness and Mitigation:** Identifies key technical (cell loss, material variability) and logistical (supply chain, delivery delays) risks with stated mitigation strategies.

**Project B Cons:**
• **Market Size and Demand:** The addressable market is likely a small, early-adopter segment within sustainable jewelry. Mass-market appeal is unproven.
• **Feasibility and Development Plan:** Scaling production of cultivated leather, even for small inlays, presents unquantified challenges. Relies on adjusting 'modular' bioreactor tech without detailed specs.
• **Revenue Model and Sustainability:** Long-term cost structure and scalability of cultivated leather production for jewelry are unclear. High reliance on a narrative that may not sustain repeat purchases.
• **Risk Awareness and Mitigation:** Does not address potential consumer skepticism or 'ick factor' regarding wearing animal cells. Long-term durability of the novel material in a wearable context is only partially addressed by proposed tests.
• **Additional Con (vs. Project A):** Lacks the proposed post-campaign feedback survey, representing a slightly less robust plan for community engagement and evidence-based iteration.

**Winner:** A
**Why:** Project A is superior solely due to its inclusion of one additional proposed feature: the optional post-campaign survey for sample swatch backers. This demonstrates a marginally more thoughtful and comprehensive approach to the 'Impact and Evidence Plan' criterion. It shows intent to systematically gather user feedback on the core innovation (the material's look and feel) and use that data to build public trust. In a crowdfunding context for a novel, tactile product, this proactive step to validate the product with early supporters and transparently share results is a meaningful differentiator in building community and credibility. All other factors being equal, this gives Project A a slight edge."
"local","9","3","L9.3","1","L9.1","L9.3","plan_3","{
  ""Project A"": {
    ""Pros"": [
      ""• Clarity of value proposition: Excellent. Clearly defines ethical, animal-friendly real leather with specific donor connection and transparency features."",
      ""• Market size and demand: Targets conscious consumers in sustainable/ethical fashion niche; donor-selection feature creates emotional connection."",
      ""• Feasibility and development plan: Strong. Shows prototypes, patent-pending tech, clear milestones, and detailed scaling plan."",
      ""• Revenue model and sustainability: Multiple reward tiers (jewelry, swatches, pairing) with clear funding allocation; potential for premium pricing via heirloom positioning."",
      ""• Differentiation: High. Unique cultivated leather from named sanctuary cows with material passport and transparency features."",
      ""• Impact and evidence plan: Excellent. Includes durability testing, pre-launch education, post-campaign feedback survey, and high transparency via video/infographic."",
      ""• Risk awareness and mitigation: Good. Addresses cell storage, material variability, supply chain, and delivery timing with specific mitigations.""
    ],
    ""Cons"": [
      ""• Market size may be limited to premium ethical consumers rather than mass market."",
      ""• Technical complexity of cultivated leather production could lead to unforeseen scaling challenges."",
      ""• Higher price point likely required for bioreactor-grown material.""
    ]
  },
  ""Project B"": {
    ""Pros"": [
      ""• Clarity of value proposition: Excellent. Same core proposition as Project A regarding ethical leather from sanctuary animals."",
      ""• Market size and demand: Same target audience as Project A with similar emotional appeal."",
      ""• Feasibility and development plan: Strong. Identical technical foundation and development status to Project A."",
      ""• Revenue model and sustainability: Same tiered approach as Project A with clear funding allocation."",
      ""• Differentiation: High. Same unique cultivated leather concept with donor selection and transparency features."",
      ""• Impact and evidence plan: Good. Includes durability testing, pre-launch education, and transparency via video/infographic."",
      ""• Risk awareness and mitigation: Good. Identical risk assessment and mitigation strategies to Project A.""
    ],
    ""Cons"": [
      ""• Missing post-campaign feedback survey mechanism that Project A includes for community trust-building."",
      ""• Slightly less comprehensive evidence plan compared to Project A's structured feedback collection."",
      ""• Same market limitations and technical challenges as Project A.""
    ]
  }
}"
"local","9","3","L9.3","2","L9.2","L9.2","plan_2","PROJECT A:
Pros:
• Clarity of value proposition: Strong and clear - ethically sourced real leather without animal harm, with a compelling narrative linking to specific sanctuary animals.
• Market size and demand: Targets a niche but growing market of ethically-conscious consumers and early adopters of novel materials.
• Feasibility and development plan: Shows solid progress with prototypes (pendant, card holder), patent-pending technology, and clear ownership of cell lines. No regulatory hurdles mentioned.
• Revenue model and sustainability: Multiple reward tiers (jewelry, sample swatches, pairing options) provide revenue streams. The heirloom positioning suggests premium pricing potential.
• Differentiation: Highly differentiated through cultivated leather technology and connection to specific named animals. Unique material passport adds value.
• Impact and evidence plan: Strong transparency plans including durability tests, pre-launch education, and post-campaign feedback collection to build trust.
• Risk awareness and mitigation: Identifies key risks (cell loss, texture variability, supply chain) with specific mitigation strategies.

Cons:
• Market size and demand: Niche market may limit scalability; demand for premium ethical jewelry is unquantified.
• Feasibility and development plan: Scaling bioreactor production for larger demand could be challenging despite modular technology mention.
• Revenue model and sustainability: High production costs for cultivated leather may pressure margins; long-term viability depends on cost reduction.
• Impact and evidence plan: Lacks long-term durability testing that Project B includes.

PROJECT B:
Pros:
• Clarity of value proposition: Identical strong proposition to Project A.
• Market size and demand: Same target market with identical positioning.
• Feasibility and development plan: Same solid progress and ownership as Project A.
• Revenue model and sustainability: Identical tiered revenue model to Project A.
• Differentiation: Same strong differentiation as Project A.
• Impact and evidence plan: Superior to Project A - includes additional documented 'aging test' simulating a year of wear, providing stronger evidence of long-term durability.
• Risk awareness and mitigation: Identical risk identification and mitigation to Project A.

Cons:
• Market size and demand: Same niche limitations as Project A.
• Feasibility and development plan: Same scaling challenges as Project A.
• Revenue model and sustainability: Same margin pressure concerns as Project A.
• Impact and evidence plan: Missing Project A's post-campaign feedback survey for community trust building.

Comparison: Both projects are fundamentally identical in core technology, team, value proposition, and most execution plans. The key differentiator is Project B's inclusion of a documented aging test simulating a year of wear, which directly addresses a major consumer concern about novel materials - long-term durability. This provides stronger evidence and builds greater trust with backers. While Project A has a post-campaign feedback survey, Project B's proactive durability testing is more valuable for initial adoption. All other aspects being equal, Project B's enhanced evidence plan gives it a slight but meaningful advantage."
"local","9","3","L9.3","4","L9.4","L9.3","plan_3","{
  ""Project A"": {
    ""Pros"": [
      ""• Clear value proposition: Real leather without animal harm, with strong ethical positioning and transparency."",
      ""• Strong feasibility: Shows finished inlays, prototypes, and clear development milestones; technology is owned by creators."",
      ""• Detailed evidence plan: Includes durability testing, pre-launch education, post-campaign feedback survey, and high transparency via material passport with video/infographic."",
      ""• Good risk awareness: Identifies specific risks (cell loss, variability) with concrete mitigation strategies."",
      ""• Thoughtful reward tiers: Sample swatch and pairing tiers address customer skepticism and build trust.""
    ],
    ""Cons"": [
      ""• Market size unclear: Niche luxury/ethical jewelry segment; no quantification of demand."",
      ""• Revenue model sustainability: Limited to high-end jewelry; scaling bioreactor production for small inlays may be costly."",
      ""• Differentiation: Similar to Project B; relies heavily on ethical narrative rather than unique product features.""
    ]
  },
  ""Project B"": {
    ""Pros"": [
      ""• Enhanced differentiation: Adds 'mini-collection' tier for material enthusiasts, offering variety in tanning colors/textures."",
      ""• Strong ethical proposition: Same clear animal-friendly leather value as Project A."",
      ""• Similar feasibility: Same development status, prototypes, and owned technology."",
      ""• Good transparency: Includes material passport, durability testing, and pre-launch education.""
    ],
    ""Cons"": [
      ""• Less comprehensive evidence plan: Missing Project A's post-campaign survey and public feedback sharing, reducing community trust-building."",
      ""• Risk mitigation identical to Project A: No additional risk considerations despite more complex reward tiers (mini-collection)."",
      ""• Market size similarly unquantified: Niche appeal without demand validation."",
      ""• Potential feasibility strain: Mini-collection tier adds complexity (three swatches per card) without addressing scaling challenges.""
    ]
  },
  ""Overall Winner"": ""Project A wins due to its superior evidence plan and risk mitigation. While both projects share identical core technology, ethical proposition, and feasibility, Project A demonstrates stronger backer engagement and transparency through its planned post-campaign survey, public sharing of feedback, and detailed visual evidence (video/infographic). These elements address key crowdfunding risks—skepticism about novel materials and trust in delivery—more effectively. Project B's added 'mini-collection' tier offers mild differentiation but does not outweigh Project A's comprehensive approach to building community trust and validating the material, which is critical for a pioneering product.""
}"
"local","9","3","L9.3","5","L9.5","L9.5","plan_5","{""Project A"": {""Pros"": [""• Clear, compelling value proposition: real leather without animal harm, targeting ethical consumers and heirloom collectors."", ""• Strong feasibility: shows finished inlays, prototypes from 2025, patent-pending technology, and no external approvals needed."", ""• Thoughtful risk mitigation: addresses cell storage, material variability, supply chain, and delivery delays."", ""• Comprehensive evidence plan: includes durability tests, sample swatches, material passports, infographics, and post-campaign surveys to build trust."", ""• Well-structured revenue model: multiple reward tiers (jewelry, swatches, pairings) with clear use of funds for production and scaling.""], ""Cons"": [""• Market size limited to niche ethical/luxury jewelry buyers; demand unquantified."", ""• Differentiation hinges on proprietary cultivation process; competition from alternative materials (e.g., vegan leather) not addressed."", ""• Sustainability claims (eco-friendly packaging) are mentioned but not deeply validated.""]}, ""Project B"": {""Pros"": [""• Identical core strengths to Project A in value proposition, feasibility, and risk mitigation."", ""• Enhanced evidence plan: adds a veterinary professional Q&A to pre-launch emails, boosting credibility on animal welfare."", ""• Slightly stronger differentiation: veterinary Q&A may better appeal to ethically focused backers.""], ""Cons"": [""• Same limitations as Project A: niche market, unquantified demand, and limited sustainability validation."", ""• No additional pros beyond the veterinary Q&A; otherwise identical to Project A.""]}}"
"local","9","4","L9.4","0","L8.2","L9.4","plan_4","{
  ""Project A"": {
    ""Pros"": [
      ""• Clear value proposition: Ethically sourced real leather from living sanctuary cows with full transparency about donor animals."",
      ""• Strong differentiation: Unique cultivated leather technology with patent-pending plant-based scaffolding and cell line ownership."",
      ""• Comprehensive evidence plan: Multiple proposed reward tiers (sample swatch, pairing, mini-collection) allow physical verification of material properties."",
      ""• Detailed development plan: Specific technical milestones completed (cell isolation in 2023, prototypes in 2025), clear roadmap for production scaling."",
      ""• Good risk awareness: Identifies key technical risks (cell loss, texture variability) with concrete mitigation strategies.""
    ],
    ""Cons"": [
      ""• Limited market size: Niche appeal to ethical jewelry consumers and material enthusiasts rather than mass market."",
      ""• Revenue model uncertainty: High production costs from bioreactor cultivation may challenge long-term sustainability."",
      ""• Unproven demand: No evidence of market validation beyond prototype development."",
      ""• Impact measurement vague: No clear metrics for animal welfare impact or environmental benefits quantification.""
    ]
  },
  ""Project B"": {
    ""Pros"": [
      ""• Clear value proposition: Similar ethical positioning with emphasis on no additional animal harvesting."",
      ""• Strong feasibility evidence: Shows finished jewelry inlays and completed technical milestones matching Project A."",
      ""• Good transparency approach: Proposed material passport with QR codes and durability testing addresses consumer trust barriers."",
      ""• Targeted pre-launch strategy: Email series to educate potential backers shows understanding of market education needs."",
      ""• Same strong team credentials: Founder with tissue-engineering experience and sanctuary partnerships.""
    ],
    ""Cons"": [
      ""• Less comprehensive evidence plan: Missing the 'mini-collection' tier for material comparison that Project A offers."",
      ""• Slightly less detailed development plan: Fewer specific proposed reward structures for material verification."",
      ""• Same market limitations: Niche appeal with unquantified demand."",
      ""• Identical revenue model challenges: High production costs without clear path to scalability."",
      ""• Redundant differentiation: Essentially identical technology and positioning to Project A.""
    ]
  }
}"
"local","9","4","L9.4","1","L9.1","L9.4","plan_4","Both projects present identical core technology and ethical positioning, but differ in execution details and presentation depth.

PROJECT A PROS:
• Clear value proposition: animal-friendly real leather from living sanctuary cows
• Strong differentiation through novel cultivated leather technology
• Comprehensive reward tiers including mini-collection for material enthusiasts
• Detailed development plan with specific technical milestones
• Good risk awareness with multiple mitigation strategies
• Evidence plan includes durability tests, material passports, and educational content

PROJECT A CONS:
• Market size limited to niche ethical/sustainable jewelry consumers
• Revenue model unclear beyond crowdfunding campaign
• Long-term sustainability depends on scaling bioreactor technology
• No quantified evidence of market demand or traction
• Higher complexity with multiple reward tiers may increase execution risk

PROJECT B PROS:
• Clear value proposition identical to Project A
• Strong ethical differentiation in leather market
• Practical reward tiers focused on material verification
• Same technical feasibility as Project A with proven prototypes
• Good risk awareness with identical mitigation strategies
• Simpler execution plan with fewer reward tiers

PROJECT B CONS:
• Less comprehensive evidence plan (missing mini-collection tier)
• Slightly less detailed development roadmap
• Same market size limitations as Project A
• Revenue model equally unclear for long-term sustainability
• Less material variety options for backers

WINNER: Project A wins due to its more comprehensive approach to evidence gathering and backer engagement. While both projects share identical core technology and ethical positioning, Project A demonstrates superior execution planning through:
1. More thorough evidence plan with the 'mini-collection' tier allowing material comparison
2. Better consideration of different backer segments (material enthusiasts vs. jewelry buyers)
3. More detailed development roadmap with specific proposed actions
4. Greater transparency through multiple verification methods (swatches, passports, videos)
5. More sophisticated understanding of market education needs with pre-launch email series

Project A's additional planning for material verification and backer education shows deeper understanding of the challenges in introducing a novel material to consumers, making it the stronger investment opportunity despite identical technical foundations."
"local","9","4","L9.4","2","L9.2","L9.2","plan_2","Both projects present identical core technology and value proposition: cultivated leather jewelry from sanctuary cows. They share identical problem statements, development status, team, risks, and technical details. The key differences lie in their proposed reward tiers and transparency measures. Project A offers a 'mini-collection' reward tier with three different leather swatches, appealing to material enthusiasts. Project B, however, proposes a more robust evidence plan by including a documented 'aging test' simulating a year of wear, which directly addresses a major unstated risk: long-term durability and consumer trust in a novel material. This gives Project B a significant edge in 'Impact and evidence plan' and indirectly strengthens 'Risk awareness and mitigation' by proactively testing and sharing data on a critical uncertainty. While Project A's swatch collection is a nice feature, Project B's commitment to generating and sharing longevity data is a more substantial de-risking activity for backers and the product's future. All other criteria (Clarity, Market, Feasibility, Revenue Model, Differentiation) are effectively equal. Therefore, Project B wins based on its superior evidence generation and transparency strategy.

Project A Pros:
• Clear, innovative value proposition of ethical, real leather from living animals.
• Strong differentiation via first-of-its-kind material and connection to named sanctuary cows.
• Good feasibility demonstrated with prototypes and owned technology.
• Thoughtful reward tier structure, including a 'mini-collection' for material enthusiasts.
• Proactive plans for transparency (durability test, material passport, pre-launch emails).
• Identified key risks (cell loss, variability) with stated mitigations.

Project A Cons:
• Evidence plan, while good, is less comprehensive than Project B's (lacks aging test).
• Market size for high-end, niche ethical jewelry is likely limited.
• Revenue model and long-term sustainability beyond crowdfunding are not detailed.
• Scalability of bioreactor production for larger items or volumes is unproven.

Project B Pros:
• Identical strong pros as Project A in Clarity, Differentiation, Feasibility, etc.
• Superior evidence and transparency plan, including a proposed 'aging test' to simulate long-term wear, directly addressing durability concerns.
• This enhanced testing plan strengthens risk mitigation and builds greater backer trust.
• Maintains all the positive proposed reward tiers of Project A (except the mini-collection).

Project B Cons:
• Lacks the 'mini-collection' reward tier, which may appeal to a subset of backers.
• Same cons as Project A regarding niche market, unclear long-term business model, and scalability questions.
• The aging test, while a pro, is a proposed plan and not yet executed."
"local","9","4","L9.4","3","L9.3","L9.3","plan_3","PROJECT A:
Pros:
• Clarity of value proposition: Clear, concise one-sentence summary and problem-solution framing. Ethically sourced real leather without animal harm is well-articulated.
• Feasibility and development plan: Shows finished jewelry inlays, specific past milestones (2023 cell isolation, 2025 prototypes), patent-pending technology, and clear ownership of cell lines and technology.
• Differentiation: Unique cultivated leather from specific named sanctuary cows with donor selection option creates strong emotional connection.
• Revenue model and sustainability: Multiple reward tiers (jewelry, sample swatches, pairing, mini-collections) show diverse revenue streams and understanding of customer segments.
• Impact and evidence plan: Material passport, durability testing plan, and pre-launch email series demonstrate transparency and evidence-building approach.
• Risk awareness and mitigation: Identifies specific technical risks (cell loss, texture variability) with concrete mitigation strategies (multiple storage facilities, pilot testing).

Cons:
• Market size and demand: Limited quantification of target market size or validation of consumer demand for cultivated leather jewelry.
• Revenue model scalability: While multiple tiers exist, unclear how this scales beyond crowdfunding to sustainable business model.
• Impact measurement: Lacks structured feedback collection mechanism to validate market acceptance.

PROJECT B:
Pros:
• Clarity of value proposition: Excellent articulation with added emphasis on allowing physical inspection before commitment via sample swatches.
• Market validation approach: Includes optional post-campaign survey for sample swatch backers with public results sharing - shows strong understanding of market validation.
• Feasibility and development plan: Same strong technical foundation as Project A with finished prototypes and clear development milestones.
• Impact and evidence plan: Superior evidence-building with durability testing, material passport, video content, AND structured feedback collection through surveys.
• Risk awareness and mitigation: Comprehensive risk identification with same mitigations as Project A.
• Community building: Survey results sharing demonstrates commitment to transparency and community trust-building.

Cons:
• Market size and demand: Same limitation as Project A - lacks quantified market size data.
• Differentiation: Slightly less emphasis on the 'mini-collection' tier for material enthusiasts compared to Project A.
• Revenue model complexity: Potentially more complex with survey implementation costs, though this is minor.

Overall Comparison:
Both projects share identical core technology, team, and technical foundation. They differ primarily in their go-to-market and validation strategies. Project B demonstrates superior understanding of market validation through its structured feedback collection mechanism (post-campaign survey with public results). This shows stronger evidence-building, community engagement, and risk mitigation for an innovative product where consumer acceptance is uncertain. While Project A has slightly more product tier variety, Project B's focus on systematic validation and transparency gives it better fundamentals for long-term success. Project B wins due to its more comprehensive approach to gathering and acting on market feedback, which is critical for novel materials in consumer goods."
"local","9","4","L9.4","5","L9.5","L9.5","plan_5","PROJECT A: Pros: • Strong clarity of value proposition (animal-friendly real leather from living cows). • Good feasibility with demonstrated prototypes and patent-pending technology. • Clear revenue model through jewelry sales and multiple reward tiers. • Strong differentiation through cultivated leather technology and donor selection. • Good risk awareness with mitigation plans for cell loss and production variability. Cons: • Market size limited to niche ethical jewelry consumers. • Limited evidence plan beyond proposed durability tests and material passports. • Sustainability model not fully detailed beyond vegetable tanning. • Impact measurement plan not clearly defined. PROJECT B: Pros: • Excellent clarity of value proposition with strong ethical framing. • Good feasibility matching Project A with same technical foundation. • Enhanced evidence plan including veterinary Q&A and durability demonstrations. • Stronger impact narrative with focus on animal welfare education. • Better transparency through proposed pre-launch education series. Cons: • Same market size limitations as Project A. • Revenue model slightly less diversified (no mini-collection tier). • Similar sustainability concerns regarding bioreactor energy use. • Same core risks as Project A. Both projects share identical core technology, team, and basic value proposition. Project B demonstrates superior execution in evidence building and backer education through its proposed veterinary Q&A and more comprehensive transparency measures. While Project A offers slightly more product variety with the mini-collection tier, Project B's stronger focus on building trust through expert validation and educational content makes it more likely to succeed in crowdfunding where credibility is paramount for novel technologies."
"local","9","5","L9.5","0","L8.2","L9.5","plan_5","Both projects are identical in their core description, problem, solution, technical details, team, risks, and roadmap. The only discernible difference is that Project A includes one additional proposed feature in its 'Key Features & Capabilities' and corresponding plans: 'A proposed plan is to include in this 'pre-launch' email series a brief, anonymized Q&A with the veterinary professional involved in the cell sampling, focusing on the animal welfare and procedural aspects.' This single addition marginally improves Project A's score in 'Clarity of value proposition' and 'Impact and evidence plan' by demonstrating a more detailed strategy for building trust and educating backers about the ethical and scientific foundations of the product. However, this difference is extremely minor. Both projects suffer from the same significant weaknesses: the market size for high-end, ethically cultivated leather jewelry is likely niche and unquantified; the revenue model and long-term sustainability beyond the crowdfunding campaign are not addressed; and while risks are acknowledged, mitigation strategies for scaling production and ensuring consistent quality are vague. The 'proposed plans' throughout both descriptions are speculative and not yet executed, limiting the assessment of genuine feasibility.

**Project A Pros:**
• Slightly more comprehensive plan for pre-launch communication, including a veterinary Q&A, which could enhance trust and clarity.
• All other strengths are shared with Project B: clear ethical value proposition, innovative technology (patent-pending), finished prototypes shown, plausible development plan for the campaign, and thoughtful reward tiers (sample swatches, material passport) to address backer skepticism.

**Project A Cons:**
• All cons are shared with Project B: unproven market demand and size; no clear post-campaign revenue model or path to sustainability; high dependence on novel biotech scaling; differentiation is primarily ethical/technological but faces competition from established vegan leathers and lab-grown leather companies; evidence is limited to prototypes and plans, not commercial traction; risk mitigation for core production challenges is superficial.

**Project B Pros:**
• Identical to Project A in all core positive aspects: strong ethical narrative, working prototypes, detailed campaign execution plan, and transparent communication strategies.

**Project B Cons:**
• Identical to Project A in all core weaknesses. Lacks the specific veterinary Q&A plan, making its pre-launch education strategy very slightly less detailed.

Given the near-total identity of the projects, the minuscule advantage in communication planning grants Project A a marginal win. However, both projects present high risk due to their speculative nature and unaddressed business fundamentals."
"local","9","5","L9.5","1","L9.1","L9.5","plan_5","Both projects are identical in their core description, presenting an innovative cultivated leather jewelry concept with strong ethical positioning and similar technical details. However, Project A demonstrates marginally superior execution in communication and planning by including an additional, specific trust-building element: a 'brief, anonymized Q&A with the veterinary professional involved in the cell sampling' within its proposed pre-launch email series. This small but meaningful addition directly addresses a key risk area—backer skepticism about the animal welfare claims and novel process—by providing expert validation upfront. It enhances the 'Impact and evidence plan' and 'Risk awareness and mitigation' criteria by proactively building credibility and transparency. All other factors—clarity of value proposition, market size, feasibility, revenue model, differentiation, and core team—are equal between the two descriptions. Therefore, Project A's slightly more comprehensive approach to stakeholder education and risk mitigation gives it a decisive edge."
"local","9","5","L9.5","2","L9.2","L9.2","plan_2","Both projects share identical core descriptions of an innovative cultivated leather jewelry concept. The key differences lie in their proposed plans for addressing durability concerns and building trust. 

PROJECT A PROS:
• Excellent clarity of value proposition: real leather without animal harm
• Strong differentiation through novel biotechnology and ethical sourcing
• Good risk awareness with specific mitigation strategies
• Includes proposed veterinary Q&A in pre-launch emails for credibility
• Comprehensive development plan with specific technical details

PROJECT A CONS:
• Limited evidence plan beyond standard durability testing
• Market size for premium ethical jewelry may be niche
• Revenue model sustainability depends on scaling bioreactor technology
• Higher price point may limit market adoption

PROJECT B PROS:
• All advantages of Project A plus enhanced durability evidence
• Proposed aging test simulating a year of wear addresses long-term concerns more thoroughly
• Stronger impact plan through documented material performance over time
• More comprehensive approach to building backer confidence in material longevity

PROJECT B CONS:
• Same market size limitations as Project A
• Aging test adds complexity and potential delays
• No mention of veterinary professional Q&A in pre-launch series
• Similar revenue model sustainability challenges

Both projects demonstrate identical strengths in clarity, differentiation, feasibility, team expertise, and risk awareness. Project B's additional proposed aging test provides superior evidence planning for material durability - a critical concern for backers of a novel material in heirloom jewelry. This gives Project B a slight but meaningful edge in addressing potential skepticism about product longevity."
"local","9","5","L9.5","3","L9.3","L9.3","plan_3","{
  ""Project A"": {
    ""Pros"": [
      ""• Clarity of value proposition: Excellent - clearly defines animal-friendly real leather from living donor animals with strong ethical positioning."",
      ""• Market size and demand: Good - targets conscious consumers in sustainable/ethical jewelry niche, though market size is not quantified."",
      ""• Feasibility and development plan: Strong - shows working prototypes, patent-pending technology, clear roadmap with specific technical steps."",
      ""• Revenue model and sustainability: Good - multiple reward tiers (jewelry, sample swatches, pairing options) create revenue streams."",
      ""• Differentiation: Excellent - unique cultivated leather technology with donor-animal connection creates strong competitive moat."",
      ""• Impact and evidence plan: Very good - includes durability testing, material passports, pre-launch education with veterinary Q&A for transparency."",
      ""• Risk awareness and mitigation: Good - identifies key technical risks (cell storage, variability) with specific mitigation strategies.""
    ],
    ""Cons"": [
      ""• Market size and demand: No quantification of target market size or existing demand validation."",
      ""• Revenue model and sustainability: Long-term scalability of bioreactor production for small jewelry pieces may be economically challenging."",
      ""• Impact and evidence plan: While comprehensive, lacks structured feedback mechanism from early adopters."",
      ""• Risk awareness and mitigation: Does not address potential regulatory hurdles for biofabricated materials in consumer goods.""
    ]
  },
  ""Project B"": {
    ""Pros"": [
      ""• Clarity of value proposition: Excellent - identical strong ethical positioning as Project A."",
      ""• Market size and demand: Good - same target market as Project A."",
      ""• Feasibility and development plan: Strong - identical technical foundation and development status as Project A."",
      ""• Revenue model and sustainability: Good - same tiered revenue structure as Project A."",
      ""• Differentiation: Excellent - same unique technology and donor-animal connection."",
      ""• Impact and evidence plan: Excellent - adds post-campaign survey for sample swatch backers to gather structured feedback and build community trust, enhancing evidence collection."",
      ""• Risk awareness and mitigation: Good - identical risk identification and mitigation as Project A.""
    ],
    ""Cons"": [
      ""• Market size and demand: Same lack of market quantification as Project A."",
      ""• Revenue model and sustainability: Same scalability concerns as Project A."",
      ""• Impact and evidence plan: Missing the veterinary Q&A component that Project A includes in pre-launch education."",
      ""• Risk awareness and mitigation: Same regulatory gap as Project A.""
    ]
  }
}"
"local","9","5","L9.5","4","L9.4","L9.5","plan_5","{""Project A"": {""Pros"": [""• Clarity of value proposition is strong, explicitly connecting the ethical sourcing (living cow, sanctuary) to the heirloom jewelry product with clear proposed plans for transparency (material passport, pre-launch Q&A)."", ""• Feasibility and development plan is detailed, showing specific past milestones (cells isolated in 2023, prototypes in early 2025) and a clear, step-by-step roadmap that addresses key production steps like pilot testing and scaffold inspection."", ""• Impact and evidence plan is robust, with multiple proposed plans to build trust: durability test sharing, high-resolution video of material properties, infographic, and a pre-launch email series including a veterinary Q&A to directly address animal welfare concerns."", ""• Risk awareness and mitigation is clearly stated, identifying specific technical risks (cell loss, texture variability) and practical risks (supply chain, delivery times) with corresponding mitigation strategies.""], ""Cons"": [""• Market size and demand assessment is implicit rather than explicit; the project targets a niche (ethical, sustainable jewelry enthusiasts) but does not quantify or strongly validate the market size."", ""• Revenue model and sustainability is not deeply explored beyond the crowdfunding campaign; long-term business model, pricing strategy, and scalability of the cultivated leather production are not detailed."", ""• Differentiation is clear against conventional leather but less defined against other alternative leathers (e.g., mushroom, pineapple) or lab-grown materials; relies heavily on the specific 'living donor' story.""]}, ""Project B"": {""Pros"": [""• Differentiation is slightly enhanced by the proposed 'mini-collection' reward tier, which caters specifically to material enthusiasts and allows for comparison of different tanning outcomes, adding a unique engagement layer."", ""• Market size and demand is addressed by broadening appeal with the 'mini-collection' tier, potentially attracting a segment interested in material science and collectibles beyond just jewelry wearers."", ""• Revenue model and sustainability benefits from the additional reward tier, which could increase average pledge value and cater to a wider range of backer interests.""], ""Cons"": [""• Clarity of value proposition is slightly diluted compared to Project A; while the core proposition is identical, Project B's added focus on the 'mini-collection' for enthusiasts may distract from the primary ethical heirloom jewelry narrative."", ""• Feasibility and development plan is identical to Project A but with the added complexity of producing curated swatch sets, which introduces additional production steps and potential for variability without a clear mitigation plan."", ""• Impact and evidence plan is less comprehensive than Project A; it lacks the specific mention of the veterinary Q&A in the pre-launch series, which is a key trust-building element for the animal welfare claim."", ""• Risk awareness and mitigation is identical to Project A, but does not address the new risks introduced by the 'mini-collection' tier (e.g., consistency across multiple swatch types).""]}}"
"local","10","0","L9.2","1","L10.1","tie","tie","Exact same normalized text; skipped LLM call."
"local","10","0","L9.2","2","L10.2","tie","tie","Exact same normalized text; skipped LLM call."
"local","10","0","L9.2","3","L10.3","tie","tie","Exact same normalized text; skipped LLM call."
"local","10","0","L9.2","4","L10.4","L9.2","plan_0","Project A: Pros: • Clear, specific value proposition with detailed technical descriptions (e.g., 'sunflower lecithin, zein protein') enhancing credibility. • More concrete development plan with specific pilot testing steps and clear delivery actions. • Detailed revenue model tiers (sample swatch, pairing tier, material passport) with explicit funding allocation. • Strong differentiation through unique donor-cow selection and transparent material passport. • Comprehensive evidence plan including durability tests, aging tests, and high-resolution video. • Good risk awareness with specific mitigations for cell loss and production variability. Cons: • Market size not quantified; relies on niche ethical consumer appeal. • High production complexity could impact scalability and cost sustainability. • Limited evidence of commercial traction or partnerships beyond the sanctuary. Project B: Pros: • Adds a valuable side-by-side comparison chart in pre-launch emails, directly addressing material quality concerns. • Retains all core ethical and technical differentiators of Project A. • Similar strong risk awareness and mitigation strategies. • Clear target audience alignment with animal-friendly consumers. Cons: • Slightly less detailed technical descriptions (e.g., generic 'plant-derived ingredients'). • Development plan and funding allocation are less specific than Project A. • Material passport and evidence plans are less elaborated (e.g., no mention of aging test photographs). • Same unquantified market size and scalability challenges as Project A. Overall, Project A wins due to its superior specificity in technical details, development planning, and evidence generation. Its concrete steps for durability testing, aging documentation, and transparent material passport provide greater investor confidence in execution feasibility and product integrity. While Project B's comparison chart is a good addition, Project A's overall thoroughness and clarity across criteria make it the stronger investment opportunity."
"local","10","0","L9.2","5","L10.5","L9.2","plan_0","{""Project A"": {""Pros"": [""• Clear value proposition: Animal-friendly real leather from living sanctuary cows with specific donor selection option"", ""• Strong feasibility: Shows finished jewelry inlays, patent-pending technology, completed prototypes (pendant and card holder), no outside approvals needed"", ""• Comprehensive evidence plan: Includes durability tests, aging simulations, high-resolution videos, infographics, and pre-launch education"", ""• Good risk awareness: Addresses cell storage, material variability, supply chain, and delivery timing with specific mitigations"", ""• Strong differentiation: Unique cultivated leather process with transparent donor tracking and material passports""], ""Cons"": [""• Limited market validation: No data on demand for cultivated leather jewelry at premium price points"", ""• Revenue model uncertainty: No pricing information or long-term sustainability plan beyond crowdfunding"", ""• Niche market: Appeals primarily to ethically-conscious consumers, limiting total addressable market"", ""• Complex production: Bioreactor cultivation adds manufacturing complexity compared to traditional materials"", ""• Unproven durability: Despite planned tests, long-term performance of cultivated leather in jewelry applications is unknown""]}, ""Project B"": {""Pros"": [""• Clear value proposition: Same ethical leather concept with additional product variety (bookmark tier)"", ""• Broader market appeal: Bookmark tier offers lower-cost entry point for material-focused backers"", ""• Same strong feasibility as Project A: Finished prototypes, owned technology, no approvals needed"", ""• Good evidence plan: Similar comprehensive testing and transparency measures"", ""• Same risk awareness and mitigation strategies as Project A""], ""Cons"": [""• Slightly diluted focus: Adding bookmarks may distract from core jewelry positioning"", ""• Same market limitations as Project A: Niche ethical consumer focus"", ""• Same revenue model uncertainty: No pricing or long-term business model details"", ""• Same production complexity: Bioreactor cultivation challenges"", ""• Slightly less focused development: Additional product tier adds complexity to fulfillment""], ""Comparison"": {""Clarity of value proposition"": ""Both equal: Clear ethical leather alternative"", ""Market size and demand"": ""Both equal: Niche ethical market, no demand data"", ""Feasibility and development plan"": ""Both equal: Strong prototypes and owned technology"", ""Revenue model and sustainability"": ""Both equal: Limited information"", ""Differentiation"": ""Both equal: Unique cultivated leather process"", ""Impact and evidence plan"": ""Project A slightly stronger due to more detailed testing and educational content"", ""Risk awareness and mitigation"": ""Both equal: Comprehensive risk identification""}}"
"local","10","1","L10.1","0","L9.2","tie","tie","Exact same normalized text; skipped LLM call."
"local","10","1","L10.1","2","L10.2","tie","tie","Exact same normalized text; skipped LLM call."
"local","10","1","L10.1","3","L10.3","tie","tie","Exact same normalized text; skipped LLM call."
"local","10","1","L10.1","4","L10.4","L10.4","plan_4","{
  ""Project A"": {
    ""Pros"": [
      ""• Clarity of value proposition: Excellent. Clearly states it's real leather from living-animal cells without harm, addressing ethical concerns while preserving material qualities."",
      ""• Feasibility and development plan: Strong. Shows finished jewelry inlays, describes specific past milestones (cell isolation in 2023, prototypes in early 2025), and has patent-pending technology owned by creators."",
      ""• Differentiation: High. Unique cultivated leather from specific named sanctuary cows with detailed material passport and transparency measures."",
      ""• Impact and evidence plan: Comprehensive. Includes durability tests, aging tests, high-resolution videos, infographics, and pre-launch education series to build trust."",
      ""• Risk awareness and mitigation: Good. Identifies specific technical risks (cell loss, texture variability) and proposes concrete mitigation strategies.""
    ],
    ""Cons"": [
      ""• Market size and demand: Unclear. Targets niche ethical jewelry consumers but lacks market size quantification or demand validation."",
      ""• Revenue model and sustainability: Limited information. Focuses on crowdfunding rewards but lacks long-term business model or scalability details beyond modular bioreactors."",
      ""• Technical complexity may create production bottlenecks not fully addressed in roadmap.""
    ]
  },
  ""Project B"": {
    ""Pros"": [
      ""• Clarity of value proposition: Excellent. Same core proposition as Project A - real leather without animal harm."",
      ""• Market validation effort: Better. Includes proposed side-by-side comparison chart with conventional leather to directly address material quality questions, showing stronger customer education approach."",
      ""• Feasibility and development plan: Strong. Same technical foundation and milestones as Project A."",
      ""• Differentiation: High. Similar unique value proposition with additional comparative validation element."",
      ""• Impact and evidence plan: Comprehensive. Includes all of Project A's transparency measures plus the comparison chart for stronger evidence.""
    ],
    ""Cons"": [
      ""• Market size and demand: Same limitation as Project A - niche market without quantification."",
      ""• Revenue model and sustainability: Same limitation - lacks long-term business model details."",
      ""• Slightly less detailed in some technical descriptions compared to Project A (e.g., specific ingredient names omitted).""
    ]
  }
}"
"local","10","1","L10.1","5","L10.5","L10.1","plan_1","{
  ""Project A"": {
    ""Pros"": [
      ""• Clarity of value proposition: Excellent. Clearly articulates the ethical innovation of cultivated leather from living sanctuary cows, with specific plans for material passports, aging tests, and pre-launch education to build trust."",
      ""• Feasibility and development plan: Strong. Shows finished inlays, detailed technical milestones (cell isolation in 2023, prototypes in early 2025), patent-pending scaffold, and clear ownership of technology. Roadmap includes specific pilot testing, scaffold inspection, and tanning preparation."",
      ""• Revenue model and sustainability: Good. Multiple reward tiers (jewelry, sample swatches, pairing tiers) address different customer segments. Focus on heirloom jewelry suggests premium pricing potential."",
      ""• Differentiation: High. Unique combination of cultivated leather, animal sanctuary story, and material traceability (donor cow selection). Proposed durability tests and material passport enhance credibility."",
      ""• Impact and evidence plan: Very strong. Proposes concrete evidence generation: rub tests, documented aging tests, high-resolution flex videos, and infographics. Pre-launch email series demonstrates proactive education."",
      ""• Risk awareness and mitigation: Good. Identifies key risks (cell loss, texture variability, supply chain) with specific mitigations (multiple storage facilities, pilot testing, scaffold inspection).""
    ],
    ""Cons"": [
      ""• Market size and demand: Moderate. Targets niche ethical/sustainable jewelry buyers and early adopters. No quantified market data provided."",
      ""• Revenue model scalability: Limited. Dependent on bioreactor scaling for cultivated leather production; jewelry manufacturing may face bottlenecks if demand spikes.""
    ]
  },
  ""Project B"": {
    ""Pros"": [
      ""• Clarity of value proposition: Good. Similar ethical proposition as Project A, with added bookmark tier as low-cost functional alternative."",
      ""• Market size and demand: Slightly better than A. Bookmark tier expands addressable market to price-sensitive backers interested in material itself."",
      ""• Revenue model and sustainability: Good. Additional bookmark tier provides lower entry point and functional use case beyond jewelry."",
      ""• Differentiation: High. Shares same core differentiation as A, with added product variety."",
      ""• Impact and evidence plan: Strong. Includes same proposed tests, videos, and material passport as A."",
      ""• Risk awareness and mitigation: Good. Identically stated risks and mitigations as A.""
    ],
    ""Cons"": [
      ""• Feasibility and development plan: Slightly weaker than A. While technical details are identical, Project B adds bookmark production without specifying additional development steps, potentially complicating production."",
      ""• Focus: Less concentrated. Adding bookmarks may dilute the heirloom jewelry positioning and require separate manufacturing processes."",
      ""• Evidence plan execution: Identical to A but with more product variants, potentially stretching resources for quality control and evidence generation.""
    ]
  },
  ""Overall Comparison"": ""Both projects share identical core technology, team, risks, and ethical proposition. Key differences: Project A maintains tighter focus on heirloom jewelry with more detailed evidence generation plans (aging tests, pre-launch education) and slightly stronger feasibility demonstration. Project B adds a bookmark tier for broader accessibility but may dilute focus. Project A's superior execution planning in evidence generation and education gives it an edge in credibility and trust-building, crucial for a novel material.""
}"
"local","10","2","L10.2","0","L9.2","tie","tie","Exact same normalized text; skipped LLM call."
"local","10","2","L10.2","1","L10.1","tie","tie","Exact same normalized text; skipped LLM call."
"local","10","2","L10.2","3","L10.3","tie","tie","Exact same normalized text; skipped LLM call."
"local","10","2","L10.2","4","L10.4","L10.2","plan_2","{
  ""Project A"": {
    ""Pros"": [
      ""• Clarity of value proposition: Excellent. Clearly articulates the ethical advantage of cultivated leather from living sanctuary animals, with specific product examples (pendant, card holder)."",
      ""• Feasibility and development plan: Strong. Shows concrete progress with prototypes from early 2025, patent-pending technology, and owned cell lines. Roadmap includes specific pilot testing and scaffold inspection."",
      ""• Differentiation: High. Unique combination of cultivated leather, heirloom jewelry, and direct donor-animal connection. Offers tangible verification through sample swatches and material passports."",
      ""• Impact and evidence plan: Robust. Proposes durability tests (rub test), aging simulation, high-resolution video of material properties, and infographics to build trust and transparency."",
      ""• Risk awareness and mitigation: Good. Identifies key risks (cell loss, texture variability, supply chain) with practical mitigations (multiple storage, pilot testing).""
    ],
    ""Cons"": [
      ""• Market size and demand: Unquantified. Targets a niche ethical consumer segment without market size data or demand validation."",
      ""• Revenue model and sustainability: Limited detail. No pricing, cost structure, or long-term business model beyond crowdfunding delivery."",
      ""• Technical scalability: Unproven. Scaling bioreactor production for jewelry volumes is mentioned but not detailed.""
    ]
  },
  ""Project B"": {
    ""Pros"": [
      ""• Clarity of value proposition: Very good. Similar ethical proposition as Project A, with added emphasis on material quality comparison."",
      ""• Differentiation: Enhanced by proposed side-by-side comparison chart with conventional leather, directly addressing potential skepticism about material quality."",
      ""• Impact and evidence plan: Strong. Includes all of Project A's evidence plans plus the comparative chart, showing proactive approach to educating backers."",
      ""• Risk awareness and mitigation: Identical to Project A, showing good awareness.""
    ],
    ""Cons"": [
      ""• Market size and demand: Same unquantified niche issue as Project A."",
      ""• Revenue model and sustainability: Same lack of detail as Project A."",
      ""• Feasibility and development plan: Slightly less specific than Project A in describing prototypes and technical steps, though still solid."",
      ""• Over-reliance on proposed plans: Many features (comparison chart, email series) are still proposals, not yet executed.""
    ]
  }
}"
"local","10","2","L10.2","5","L10.5","L10.2","plan_2","{
  ""Project A"": {
    ""Pros"": [
      ""• Clarity of value proposition: Strong and focused on heirloom jewelry with cultivated leather, clearly communicating the ethical and innovative aspects. The pre-launch email series and material passport enhance understanding."",
      ""• Feasibility and development plan: Detailed, with specific steps for pilot testing, scaffold inspection, and post-campaign production. The inclusion of durability and aging tests shows proactive risk management."",
      ""• Revenue model and sustainability: Multiple reward tiers (jewelry, sample swatch, pairing tier) cater to different backer segments, potentially increasing funding. The focus on modular bioreactor scaling suggests a path to future production."",
      ""• Differentiation: Unique value proposition of cultivated leather from named sanctuary cows, with transparent storytelling via material passport and donor profiles."",
      ""• Impact and evidence plan: Strong emphasis on transparency through proposed durability tests, aging simulations, high-resolution videos, and infographics. The pre-launch education builds trust."",
      ""• Risk awareness and mitigation: Clearly identifies risks (cell loss, texture variability, supply-chain issues) and offers specific mitigations (multi-facility storage, pilot testing).""
    ],
    ""Cons"": [
      ""• Market size and demand: While targeting ethical consumers, the niche appeal of high-end heirloom jewelry may limit market size. No explicit demand validation (e.g., pre-orders or waitlists) is mentioned."",
      ""• Revenue model and sustainability: Relies heavily on crowdfunding for production; long-term scalability of bioreactor-based leather for jewelry is untested and could be cost-prohibitive."",
      ""• Differentiation: Although innovative, the core technology (cultivated leather) is similar to Project B, and both target the same ethical consumer niche.""
    ]
  },
  ""Project B"": {
    ""Pros"": [
      ""• Clarity of value proposition: Clear and similar to Project A, with added appeal of a low-cost bookmark tier, broadening accessibility for backers interested in the material itself."",
      ""• Market size and demand: The bookmark tier expands target users beyond jewelry buyers, potentially tapping into a wider audience of material enthusiasts and ethical consumers."",
      ""• Revenue model and sustainability: Diversified reward tiers (bookmark, sample swatch, pairing, jewelry) may attract more backers at different price points, improving funding potential."",
      ""• Differentiation: Offers a unique, functional product (bookmark) that Project A lacks, providing a simpler entry point for backers."",
      ""• Impact and evidence plan: Includes similar transparency measures (durability tests, aging simulations, videos, infographics) as Project A, ensuring backer confidence.""
    ],
    ""Cons"": [
      ""• Feasibility and development plan: Less detailed than Project A in describing pilot testing and production steps. The addition of bookmarks introduces another product line, potentially complicating production and delivery."",
      ""• Revenue model and sustainability: While diversified, the bookmark tier may dilute the premium heirloom positioning and could have lower margins."",
      ""• Risk awareness and mitigation: Identifies the same risks as Project A but does not elaborate further on mitigation strategies beyond storage and pilot testing."",
      ""• Impact and evidence plan: Similar to Project A but lacks the explicit mention of a pre-launch email series, which may reduce early education and trust-building.""
    ]
  },
  ""Overall Comparison"": ""Both projects share identical core technology, team, risks, and ethical positioning. Project A excels in feasibility planning, transparency, and education, with a more focused approach on jewelry and robust evidence plans (e.g., pre-launch emails, detailed testing). Project B offers greater market accessibility through the bookmark tier but at the cost of focus and slightly less detailed planning. For crowdfunding, where trust, clarity, and execution risk are critical, Project A's superior feasibility, risk mitigation, and educational efforts give it an edge.""
}"
"local","10","3","L10.3","0","L9.2","tie","tie","Exact same normalized text; skipped LLM call."
"local","10","3","L10.3","1","L10.1","tie","tie","Exact same normalized text; skipped LLM call."
"local","10","3","L10.3","2","L10.2","tie","tie","Exact same normalized text; skipped LLM call."
"local","10","3","L10.3","4","L10.4","L10.4","plan_4","PROJECT A PROS:\n• Clarity of value proposition: Excellent. Clearly explains the ethical and material value of cultivated leather from living sanctuary cows, with detailed product descriptions and proposed reward tiers (sample swatch, pairing tier, material passport) that enhance understanding.\n• Market size and demand: Targets a niche but growing market of ethically conscious consumers interested in sustainable, animal-friendly luxury goods. The proposed sample swatch and pairing tiers help validate demand by lowering entry barriers.\n• Feasibility and development plan: Strong. Shows concrete milestones (cells isolated in 2023, prototypes in early 2025), patent-pending technology, and detailed production steps (pilot testing, scaffold inspection, tanning preparation). No external approvals needed.\n• Revenue model and sustainability: Clear direct-to-consumer model via crowdfunding, with proposed tiered rewards (sample swatch, jewelry, pairing). Long-term sustainability hinges on scaling bioreactor production and maintaining ethical sourcing.\n• Differentiation: High. Unique combination of cultivated leather, animal welfare focus (named donor cows), and transparency (material passport, aging tests). Proposed durability tests and pre-launch emails build trust.\n• Impact and evidence plan: Strong. Includes proposed durability tests (rub test, aging simulation), high-resolution video of material properties, and infographics to demonstrate quality and process. Pre-launch email series educates backers.\n• Risk awareness and mitigation: Good. Identifies key risks (cell loss, texture variability, supply-chain issues, delivery delays) and proposes mitigations (multiple storage facilities, pilot testing, quality alternatives).\n\nPROJECT A CONS:\n• Market size may be limited to early adopters and ethically focused consumers, with high production costs potentially limiting scalability.\n• Revenue model depends heavily on one-time crowdfunding success without clear post-campaign sales strategy.\n• Some proposed features (e.g., aging tests, pre-launch emails) are still plans rather than executed, introducing execution risk.\n\nPROJECT B PROS:\n• Clarity of value proposition: Very good. Similar to Project A but adds a proposed side-by-side comparison chart with conventional leather, which directly addresses material quality concerns and enhances value communication.\n• Market size and demand: Same niche as Project A, but the comparison chart could appeal to a broader audience skeptical about cultivated leather's quality.\n• Feasibility and development plan: Strong, identical to Project A in core milestones and production steps. The comparison chart adds a minor but valuable validation step.\n• Revenue model and sustainability: Identical to Project A, with tiered rewards and direct sales.\n• Differentiation: High, with the added differentiation of a direct material comparison chart, which could strengthen credibility.\n• Impact and evidence plan: Excellent. Includes all of Project A's evidence plans plus the comparison chart, providing stronger validation of material equivalence to conventional leather.\n• Risk awareness and mitigation: Identical to Project A, with well-identified risks and mitigations.\n\nPROJECT B CONS:\n• Same as Project A regarding limited market, scalability challenges, and reliance on unexecuted plans.\n• The comparison chart, while valuable, may highlight shortcomings if cultivated leather underperforms vs. conventional leather.\n\nWINNER RATIONALE: Project B wins overall. Both projects are highly similar in core technology, team, and structure, but Project B demonstrates slightly superior strategic thinking by proposing a side-by-side comparison chart between cultivated and conventional leather. This addition directly addresses a critical barrier to adoption—material quality perception—and enhances transparency and evidence. It shows a deeper understanding of backer skepticism and provides a tangible tool to build trust, which could improve conversion rates and market validation. While both projects are strong, Project B's extra step in evidence planning gives it a marginal but decisive edge in impact and differentiation."
"local","10","3","L10.3","5","L10.5","L10.3","plan_3","PROJECT A PROS: • Exceptional clarity in value proposition with detailed plans for material verification (sample swatch, pairing tier, video, aging test). • Strong feasibility plan with specific technical details and clear development milestones. • Comprehensive revenue model with multiple reward tiers addressing different customer segments. • Excellent differentiation through transparency tools (material passport, pre-launch education). • Robust impact/evidence plan with durability tests, aging simulations, and visual documentation. • Thorough risk awareness with mitigation strategies for technical and operational challenges. CONS: • Market size limited to niche ethical consumer segment. • High complexity in production scaling for multiple reward tiers. • Dependence on specialized bioreactor technology. PROJECT B PROS: • Good clarity of value proposition with similar ethical positioning. • Additional low-cost entry point (bookmark tier) potentially expands market reach. • Same strong technical foundation and team credentials as Project A. • Comprehensive transparency and education plans. CONS: • Slightly less detailed in execution planning compared to Project A. • Bookmark tier adds production complexity without clear strategic advantage. • Less emphasis on material verification through paired samples. WINNER ANALYSIS: Project A wins due to superior execution planning and customer validation strategy. While both projects share identical core technology and ethical positioning, Project A demonstrates more thoughtful customer engagement through its 'pairing' tier (allowing direct comparison of sample swatch to finished product) and more detailed plans for material verification (high-resolution video, aging test documentation). Project A's roadmap shows greater specificity in addressing potential backer concerns about durability and material quality. The bookmark tier in Project B adds complexity without significantly enhancing the value proposition. Project A's approach to building trust through transparent, multi-layered evidence and education gives it a stronger foundation for crowdfunding success."
"local","10","4","L10.4","0","L9.2","L10.4","plan_4","{
  ""Project A"": {
    ""Pros"": [
      ""• Clarity of value proposition: Excellent clarity. Clearly explains the ethical alternative to conventional leather using cultivated cells from living sanctuary cows, with specific details about the process and materials."",
      ""• Market size and demand: Targets a niche but growing market of ethically conscious consumers interested in sustainable, animal-friendly luxury goods. The 'heirloom' positioning adds emotional value."",
      ""• Feasibility and development plan: Strong. Shows finished inlays and prototypes, has isolated cells, uses owned patent-pending technology, and outlines specific pilot testing and scaling steps. No external approvals needed reduces regulatory risk."",
      ""• Revenue model and sustainability: Clear direct-to-consumer model via crowdfunding. Potential for future limited editions and material passports adds value. Use of funds is well-specified for production and testing."",
      ""• Differentiation: High. Unique combination of cultivated leather, sanctuary-sourced cells, plant-based scaffold, and traceability to named animals. Proposed side-by-side comparison chart directly addresses quality concerns."",
      ""• Impact and evidence plan: Strong. Plans for durability tests, aging tests, high-resolution videos, infographics, and pre-launch email series build transparency and trust. Sample swatch tier allows physical verification."",
      ""• Risk awareness and mitigation: Good. Identifies key risks (cell loss, material variability, supply chain, delays) and proposes specific mitigations (multiple storage, pilot testing, inspections).""
    ],
    ""Cons"": [
      ""• Market size and demand: Niche appeal may limit total addressable market. High price point likely due to complex production."",
      ""• Revenue model and sustainability: Long-term scalability of bioreactor production for jewelry-scale items is unproven at commercial levels."",
      ""• Risk awareness and mitigation: Does not address potential consumer skepticism about 'real leather' claims or possible higher costs of vegetable tanning at scale.""
    ]
  },
  ""Project B"": {
    ""Pros"": [
      ""• Clarity of value proposition: Very clear. Similar to Project A with strong ethical and material quality messaging. Includes specific examples (e.g., 20mm x 20mm swatch, keychain) that make rewards tangible."",
      ""• Market size and demand: Same target market as Project A, with added appeal of low-cost sample swatch for hesitant backers."",
      ""• Feasibility and development plan: Solid. Same development status as Project A with prototypes and owned technology. Roadmap includes specific testing (rub test, aging simulation)."",
      ""• Revenue model and sustainability: Clear crowdfunding model with tiered rewards. Sample swatch tier could attract more backers at lower risk."",
      ""• Differentiation: High. Same core differentiation as Project A. Emphasizes durability testing and aging simulation to address material concerns."",
      ""• Impact and evidence plan: Good. Plans for durability tests, aging simulation with photographs, videos, and infographics. Pre-launch email series for education."",
      ""• Risk awareness and mitigation: Good. Same risk identification and mitigation as Project A.""
    ],
    ""Cons"": [
      ""• Clarity of value proposition: Slightly less detailed than Project A in pre-launch communication plans (lacks explicit side-by-side comparison chart)."",
      ""• Feasibility and development plan: Slightly less detailed in scaffold and tanning ingredient specifics compared to Project A's mention of scaffold inspection and concentration preparation."",
      ""• Impact and evidence plan: Missing the proposed side-by-side comparison chart that Project A includes, which could be a powerful trust-building tool."",
      ""• Risk awareness and mitigation: Identical to Project A; no additional insights.""
    ]
  }
}"
"local","10","4","L10.4","1","L10.1","L10.1","plan_1","Both projects describe the same core innovation: cultivated leather jewelry from sanctuary cow cells. Their strengths and weaknesses are nearly identical, but subtle differences in detail and communication affect the assessment.

PROJECT A:
Pros:
• Clarity of value proposition: Excellent. Clearly communicates ethical leather without animal harm.
• Market size and demand: Targets growing ethical consumer and sustainable fashion segments.
• Feasibility and development plan: Strong. Shows prototypes, owned technology, and clear production steps.
• Revenue model and sustainability: Multiple reward tiers (jewelry, swatches, pairings) create revenue streams.
• Differentiation: Highly unique first-mover in cultivated leather jewelry with traceable donor stories.
• Impact and evidence plan: Strong transparency plans: material passport, durability tests, aging tests, pre-launch education.
• Risk awareness and mitigation: Good. Identifies key risks (cell loss, variability) with specific mitigations.

Cons:
• Market size and demand: Niche luxury market may limit scale.
• Feasibility and development plan: Many proposed plans (tiers, tests, content) depend on campaign success.
• Revenue model and sustainability: High production costs from bioreactor cultivation may challenge margins.
• Risk awareness and mitigation: Does not address potential consumer skepticism about material quality vs. traditional leather.

PROJECT B:
Pros:
• Clarity of value proposition: Excellent. Same clear ethical value as Project A.
• Market size and demand: Same target segments as A.
• Feasibility and development plan: Strong. Same prototypes, owned tech, and clear roadmap.
• Revenue model and sustainability: Same multiple tier strategy as A.
• Differentiation: Same unique first-mover advantage.
• Impact and evidence plan: Strong. Includes specific test details (e.g., ""rub test,"" ""simulating a year of gentle wear"") that add credibility.
• Risk awareness and mitigation: Good. Same identified risks and mitigations as A.

Cons:
• Market size and demand: Same niche limitation as A.
• Feasibility and development plan: Same dependency on proposed plans post-campaign.
• Revenue model and sustainability: Same cost structure challenges as A.
• Risk awareness and mitigation: Same lack of address for consumer material perception.

WINNER: Project B. Both are virtually identical in substance, but Project B edges out due to slightly more concrete and quantified details in its evidence plan (e.g., specifying ""20mm x 20mm"" sample swatch, describing a ""rub test,"" and ""simulating a year of gentle wear"" for aging). This specificity, though minor, demonstrates slightly better planning for transparency and addressing backer concerns, which is critical for a novel material campaign. Project A's plans are comprehensive but slightly less precise in these descriptions."
"local","10","4","L10.4","2","L10.2","L10.4","plan_4","Both projects are identical in core concept, technology, team, and development status. They share the same value proposition (animal-friendly cultivated leather jewelry), market targeting (ethical consumers), revenue model (direct sales via crowdfunding), and risks. The only differences are in the specificity of certain proposed features and educational content. Project A includes a more detailed plan for addressing material quality concerns through a side-by-side comparison chart with conventional leather in its pre-launch email series, which slightly enhances its clarity and evidence plan. Project B provides slightly more detail on the aging test ('simulating a year of gentle wear') and includes example dimensions for the sample swatch (20mm x 20mm), but these are minor additions. Given the near-identical nature, the slight edge in proactive, comparative education gives Project A a marginal advantage in clarity and addressing potential backer skepticism. However, both projects suffer from the same weaknesses: unquantified market demand, high production complexity, unproven scalability, and reliance on novel biotechnology for a luxury niche.

Project A Pros:
• Clear, innovative value proposition: real leather without animal harm.
• Strong differentiation via patented plant-based scaffold and donor-cow story.
• Good transparency plan with material passport, aging tests, and durability tests.
• Proactive educational plan includes side-by-side comparison chart to address material quality questions pre-campaign.
• Finished prototypes demonstrate technical feasibility.
• Team has relevant tissue-engineering and cellular-agriculture experience.
• Recognizes key risks (cell loss, texture variability) and proposes mitigations.

Project A Cons:
• Market size for high-end, cultivated leather jewelry is unquantified and likely niche.
• High production complexity and cost from bioreactor cultivation may challenge sustainability.
• Revenue model depends on one-time crowdfunding; long-term business model unclear.
• No evidence of customer demand or pre-orders.
• Scalability of 'limited donor cow' model is constrained.
• Dependence on continued operation of animal sanctuary for narrative.

Project B Pros:
• Identical strong value proposition and differentiation as Project A.
• Similar strong transparency and evidence plans (material passport, aging test, durability test).
• Includes specific example dimensions for sample swatch (20mm x 20mm), adding slight clarity.
• Specifies aging test simulates 'a year of gentle wear' for better context.
• Same proven prototypes and experienced team.
• Same risk awareness and mitigation.

Project B Cons:
• Identical market size, scalability, and revenue model concerns as Project A.
• Lacks the proposed side-by-side comparison chart for direct material quality education.
• Equally dependent on niche ethical consumer segment.
• No traction or demand validation provided.

Overall, Project A wins due to its slightly more comprehensive plan to educate and build trust through direct, comparative material analysis pre-launch, which may better address backer skepticism about a novel material."
"local","10","4","L10.4","3","L10.3","L10.4","plan_4","Both projects present identical core concepts: cultivated leather jewelry from sanctuary cow cells. Their identical problem statements, solutions, technical details, teams, and risk profiles make direct comparison challenging. However, key differences emerge in their proposed communication and validation strategies. Project A demonstrates a more thorough and proactive approach to addressing potential backer skepticism. It explicitly mentions creating a side-by-side comparison chart between cultivated and conventional leather in its pre-launch emails, directly tackling material quality questions. Its description of proposed actions (e.g., 'aging' test, durability test, high-res video) is slightly more detailed and integrated into a clear plan to build trust. Project B includes similar proposed plans but frames them more as responses to 'address concerns' rather than as integrated, proactive education. Project A's language suggests a more confident and comprehensive strategy for transparency and market education. Given the novel, science-heavy nature of the product, this clarity in communication and evidence-building is a critical differentiator. Neither project provides strong evidence on market size quantification or long-term revenue model sustainability, which are weaknesses for both.

Project A Pros:
• Clarity of Value Proposition: Excellent. Clearly defines 'animal-friendly real leather' from a specific living donor.
• Feasibility & Development Plan: Good. Shows prototypes, owned IP, and a detailed, phased production roadmap with many proposed validation steps.
• Differentiation: High. Novel technology and strong ethical narrative. Proposed comparison chart and detailed pre-launch education plan are superior differentiators in communication.
• Impact & Evidence Plan: Very Good. Multiple proposed validation methods (swatch samples, durability/aging tests, material passport, video, infographic, pre-launch email series with comparison chart) create a robust plan to prove claims.
• Risk Awareness & Mitigation: Good. Identifies key technical and logistical risks with stated mitigations.

Project A Cons:
• Market Size & Demand: Weak. No quantification of the target market for ethical, high-tech jewelry.
• Revenue Model & Sustainability: Weak. No discussion of pricing strategy, unit economics, or long-term business model beyond the crowdfunding campaign.

Project B Pros:
• Clarity of Value Proposition: Excellent. Identical to Project A.
• Feasibility & Development Plan: Good. Identical technical status and roadmap to Project A, with slightly less detailed description of proposed educational content.
• Differentiation: High. Same core novel technology and ethical narrative as Project A.
• Impact & Evidence Plan: Good. Includes similar proposed validation methods (swatches, tests, passport, video, email series) but lacks the explicit side-by-side comparison chart, making the plan slightly less comprehensive.
• Risk Awareness & Mitigation: Good. Identical to Project A.

Project B Cons:
• Market Size & Demand: Weak. Same lack of quantification as Project A.
• Revenue Model & Sustainability: Weak. Same lack of long-term model as Project A.
• Impact & Evidence Plan: Slightly less proactive in directly comparing material quality to conventional leather."
"local","10","4","L10.4","5","L10.5","L10.4","plan_4","PROJECT A PROS: • Excellent clarity of value proposition with specific pre-launch education plan including side-by-side comparison chart to address material quality questions • Strong evidence plan with detailed durability testing, aging test documentation, and high-resolution video content • More comprehensive transparency approach with material passport containing multiple verification elements • Better differentiation through specific educational content that directly addresses potential backer skepticism • More detailed development plan with scaffold inspection and tanning ingredient preparation • Clear risk mitigation for cell preservation and material variability CONS: • Market size limited to niche ethical jewelry consumers • Revenue model dependent on high-value jewelry with limited lower-cost entry points • Sustainability of cultivated leather production at scale not fully addressed • No mention of functional alternatives beyond jewelry (like bookmarks) • Higher complexity in reward tier execution with multiple proposed plans PROJECT B PROS: • Broader market appeal with bookmark tier providing low-cost functional alternative • Additional revenue stream from bookmark product category • More accessible entry point for backers primarily interested in material itself • Same strong technical foundation and team credentials as Project A • Clear aging test specification ('simulating a year of gentle wear') • Good transparency with material passport and educational content CONS: • Less detailed educational pre-launch strategy compared to Project A • Missing side-by-side comparison chart that directly addresses material quality questions • Less comprehensive evidence documentation plan • Slightly less differentiation in communication strategy • Same scalability concerns as Project A • Similar risk profile without additional mitigation strategies WINNER: Project A wins overall because it demonstrates superior clarity in addressing potential backer skepticism through its detailed pre-launch education plan and side-by-side comparison chart. The comprehensive evidence plan with durability testing, aging documentation, and high-resolution video content shows stronger commitment to transparency and quality verification. While Project B offers a smart additional product (bookmark) that expands market reach, Project A's focus on thorough education and evidence presentation is more critical for a novel, scientifically complex product where backer trust and understanding are paramount. The detailed approach to addressing material quality questions directly gives Project A better positioning to overcome the inherent skepticism about cultivated leather's properties."
"local","10","5","L10.5","0","L9.2","L10.5","plan_5","PROJECT A:
Pros:
• Clarity of value proposition: Very clear. Offers real, animal-friendly leather from living sanctuary cows, with a compelling story.
• Market size and demand: Targets a niche but growing market of ethically-conscious consumers interested in sustainable luxury and novel materials.
• Feasibility and development plan: Shows strong progress with finished inlays and prototypes (2025). Development plan is detailed, including pilot testing, scaffold inspection, and production scaling strategies. Ownership of technology and no outside approvals required reduces execution risk.
• Revenue model and sustainability: Multiple reward tiers (jewelry, sample swatches, bookmarks, pairing options) cater to different price points and interests, potentially increasing backer conversion. Focus on a limited, heirloom series suggests premium pricing.
• Differentiation: Highly differentiated. Uses a patented plant-based scaffold and offers unique donor-cow selection with animal profiles. The material itself (cultivated leather from a specific living animal) is a key differentiator.
• Impact and evidence plan: Strong. Plans for durability tests, aging tests, high-resolution videos, and a 'material passport' with QR codes provide transparency and evidence of quality. The 'pre-launch' email series educates backers.
• Risk awareness and mitigation: Identifies key risks (cell loss, texture variability, supply chain, delivery delays) and proposes reasonable mitigations (multiple storage, pilot testing, quality alternatives).
Cons:
• Market size may be limited to early adopters and ethically-focused consumers, not mass market.
• The technology, while advanced, is unproven at scale for jewelry production. Long-term durability of the cultivated leather in a wearable format is still being validated.
• Higher complexity in fulfillment if offering multiple custom reward tiers (donor selection, swatch pairing, bookmarks).

PROJECT B:
Pros:
• Clarity of value proposition: Identical to Project A – clear and compelling.
• Market size and demand: Same target market as Project A.
• Feasibility and development plan: Identical to Project A in terms of shown progress and owned technology. Development plan is also detailed and includes the same testing and scaling strategies.
• Revenue model and sustainability: Offers multiple reward tiers (jewelry, sample swatches, pairing options) but lacks the bookmark tier mentioned in Project A, which could limit a low-cost entry point for material-focused backers.
• Differentiation: Same core differentiation as Project A (cultivated leather, donor selection, material passport).
• Impact and evidence plan: Strong, with identical plans for durability tests, aging tests, videos, infographics, and pre-launch education.
• Risk awareness and mitigation: Identical risk assessment and mitigation strategies to Project A.
Cons:
• Slightly less diversified reward structure compared to Project A (missing the standalone bookmark tier). This may marginally reduce appeal to backers who want a simple, functional item rather than jewelry.
• The description, while nearly identical, is slightly less detailed in enumerating all proposed reward tiers and their purposes, though the core substance is the same.
• Same scalability and durability proof-of-concept challenges as Project A.

Overall Comparison:
Both projects are fundamentally identical in their core technology, value proposition, development status, team, risks, and most of their proposed features. The only discernible difference is that Project A explicitly mentions an additional low-cost reward tier for an unfinished cultivated leather bookmark, providing a more accessible entry point for backers primarily interested in the material itself. This small addition in Project A shows slightly more thought into broadening the backer base and offering a functional, non-jewelry product. In all other criteria, the projects are equal. Therefore, Project A wins by a narrow margin due to its marginally more comprehensive and accessible product/reward lineup."
"local","10","5","L10.5","1","L10.1","L10.5","plan_5","{
  ""Project A"": {
    ""Pros"": [
      ""• Clarity of value proposition: Clearly defines the ethical alternative to conventional leather, emphasizing the living donor cow and heirloom quality. The inclusion of a bookmark reward tier specifically targets material-focused backers, enhancing clarity of the core innovation."",
      ""• Feasibility and development plan: Shows concrete progress with prototypes (pendant, card holder) and specifies patent-pending technology ownership. Detailed roadmap includes specific pilot tests and scaffold inspection, demonstrating operational readiness."",
      ""• Differentiation: Offers multiple engagement tiers (sample swatch, pairing tier, bookmark, material passport) that cater to different backer interests, creating a more layered value proposition than just jewelry."",
      ""• Impact and evidence plan: Proposes tangible evidence through durability tests, aging tests, high-resolution video, and infographics. The sample swatch tier allows direct physical verification, building strong trust."",
      ""• Risk awareness and mitigation: Identifies specific technical risks (cell loss, texture variability) and supply-chain issues, with clear mitigation strategies like multi-facility storage and pilot testing.""
    ],
    ""Cons"": [
      ""• Market size and demand: While targeting ethically conscious consumers, the niche combination of cultivated leather and heirloom jewelry may limit addressable market. No quantification of target market size or demand validation."",
      ""• Revenue model and sustainability: Relies on crowdfunding for production scaling; long-term business model beyond the campaign is not detailed. High cost of cultivated leather production may challenge price competitiveness."",
      ""• Differentiation: While layered, the core technology is similar to Project B. Differentiation relies more on reward tier variety than fundamental technological or market advantages.""
    ]
  },
  ""Project B"": {
    ""Pros"": [
      ""• Clarity of value proposition: Effectively communicates the animal-friendly leather concept with emphasis on no additional animal harvesting. The sample swatch tier rationale (physical inspection before commitment) directly addresses potential backer hesitation."",
      ""• Market size and demand: Targets the growing market for sustainable and ethical fashion accessories, though like Project A lacks quantified market data."",
      ""• Feasibility and development plan: Shares the same strong development status as Project A with prototypes and owned technology. Roadmap includes similar testing and scaling plans."",
      ""• Impact and evidence plan: Proposes durability tests, aging tests, and educational content (pre-launch emails, infographics) to build credibility. The material passport enhances transparency."",
      ""• Risk awareness and mitigation: Identically addresses key risks with practical mitigations, showing thorough planning.""
    ],
    ""Cons"": [
      ""• Revenue model and sustainability: Same limitation as Project A—no clear post-campaign business model. Dependent on crowdfunding for initial production."",
      ""• Differentiation: Slightly less differentiated than Project A due to absence of the bookmark tier and less emphasis on material-focused alternatives. Reward structure is more conventional (jewelry + sample)."",
      ""• Impact and evidence plan: While strong, lacks the additional tangible evidence layer of the bookmark as a functional product test, potentially offering slightly less material validation.""
    ]
  },
  ""Overall Winner"": ""A"",
  ""Reason"": ""Project A wins by a narrow margin due to superior differentiation and evidence planning. It offers a more comprehensive suite of engagement options (including the bookmark tier) that cater to material-focused backers beyond just jewelry buyers, potentially broadening its appeal. Its detailed plans for aging tests, video evidence, and functional alternatives demonstrate deeper consideration of backer education and trust-building. While both projects share identical core technology, team strength, and risk awareness, Project A's additional layers of validation and product variation give it a slight edge in addressing market skepticism and creating a more compelling crowdfunding campaign.""
}"
"local","10","5","L10.5","2","L10.2","L10.5","plan_5","Project A and Project B are nearly identical in core concept, technology, team, and problem-solution fit. Both propose cultivated leather jewelry from sanctuary cows, with similar development status, risks, and funding use. Key differences emerge in their proposed reward structures and transparency measures.

Project A Pros:
• Clarity of value proposition is slightly enhanced by explicitly offering a low-cost bookmark tier for material-focused backers, broadening accessibility.
• Feasibility and development plan is more detailed, with specific mentions of producing bookmarks and coordinating 'pairing' tiers.
• Impact and evidence plan is stronger due to proposed inclusion of a high-resolution video and infographic in the material passport, plus a pre-launch email series for education.
• Offers more tangible, low-cost entry points (sample swatch, bookmark, pairing tier) which could validate demand and reduce backer risk.

Project A Cons:
• Slightly more complex reward structure could complicate fulfillment logistics.
• No significant differentiation from Project B in core technology or market approach.

Project B Pros:
• Revenue model and sustainability is clear and matches Project A.
• Risk awareness and mitigation is identical to Project A and adequately addressed.
• Market size and demand targeting is identical and well-defined.

Project B Cons:
• Lacks the proposed bookmark reward tier, offering fewer low-cost validation options for backers.
• Impact and evidence plan, while good, is less comprehensive than Project A's (missing explicit mention of pre-launch email series and bookmark option).
• Slightly less detailed in proposed ancillary content creation (e.g., video, infographic mentioned but with less integration clarity).

Overall, Project A wins due to its marginally more comprehensive evidence and validation plan, broader low-cost reward strategy to engage and educate backers, and slightly more detailed development planning for ancillary items. This suggests better execution preparedness and backer-centric thinking."
"local","10","5","L10.5","3","L10.3","L10.5","plan_5","{
  ""Project A"": {
    ""Pros"": [
      ""• Clear value proposition: animal-friendly real leather from living donor cows with strong ethical positioning"",
      ""• Strong differentiation: unique cultivated leather technology with patent-pending plant-based scaffolding"",
      ""• Good evidence plan: includes durability testing, aging tests, material passports, and pre-launch education"",
      ""• Multiple revenue streams: jewelry, sample swatches, bookmarks, and pairing tiers increase accessibility"",
      ""• Strong risk awareness: addresses cell preservation, material variability, and supply chain issues""
    ],
    ""Cons"": [
      ""• Market size unclear: limited quantification of target market beyond ethical consumers"",
      ""• Scalability concerns: reliance on specific donor cows and bioreactor technology may limit production volume"",
      ""• Sustainability questions: energy requirements for bioreactors not addressed"",
      ""• Development plan heavy on proposed features: many 'proposed plans' rather than confirmed execution""
    ]
  },
  ""Project B"": {
    ""Pros"": [
      ""• Clear value proposition: identical ethical positioning to Project A with strong animal welfare focus"",
      ""• Good evidence plan: includes durability testing, aging tests, and material passports"",
      ""• Strong team credentials: founder with tissue-engineering experience since 2018"",
      ""• Development status: shows finished inlays and prototypes from early 2025"",
      ""• Good risk mitigation: addresses key technical and operational risks""
    ],
    ""Cons"": [
      ""• Less comprehensive product offerings: missing bookmark tier and some proposed features from Project A"",
      ""• Market size unquantified: similar to Project A in lacking market size data"",
      ""• Revenue model less diversified: fewer product tiers than Project A"",
      ""• Slightly less detailed development plan: fewer specific proposed validation steps""
    ]
  }
}"
"local","10","5","L10.5","4","L10.4","L10.4","plan_4","Project A Pros: • Clear value proposition: Offers real leather without animal harm, with specific product details like inlay dimensions. • Strong feasibility: Shows finished inlays, prototypes from early 2025, patent-pending technology, and owned cell lines. • Good risk awareness: Identifies cell loss, texture variability, supply-chain issues, and delivery delays with mitigation plans. • Additional revenue streams: Includes bookmark tier for material-focused backers, expanding market reach. • Detailed development plan: Specific steps for pilot testing, scaffold inspection, and production scaling. Project A Cons: • Market size unquantified: No data on demand for ethical leather jewelry. • Revenue model unclear: No pricing or long-term sustainability plan beyond crowdfunding. • Limited differentiation evidence: While unique, lacks direct comparison to conventional leather. • Impact evidence plan: Aging test proposed but not yet conducted. Project B Pros: • Enhanced transparency: Plans side-by-side comparison chart with conventional leather, directly addressing material quality concerns. • Strong educational component: Pre-launch email series includes comparison chart to build trust and educate backers. • Clear target user focus: Addresses both ethical consumers and material quality skeptics. • Good risk mitigation: Same as Project A with storage redundancy and pilot testing. Project B Cons: • Same core weaknesses as Project A: Unquantified market size, unclear revenue model, no completed durability/aging tests. • Missing bookmark tier: Fewer product options than Project A. • Less product variety: No functional alternative like bookmark for material-focused backers. Overall Comparison: Both projects share identical core technology, team, and risks. Project A offers more product diversity (bookmark tier) and slightly more detailed technical specifications. Project B excels in transparency and education with its planned side-by-side comparison chart, which directly addresses the biggest skepticism point—material quality versus conventional leather. For crowdfunding, building trust through direct comparison is crucial, making Project B's approach more compelling despite having fewer product options. Project B wins because its enhanced transparency plan (comparison chart) better addresses potential backer skepticism about material quality, which is critical for a novel material like cultivated leather."
"local","11","0","L10.4","1","L11.1","L11.1","plan_1","{""Project A"": {""Pros"": [""• Clear, compelling value proposition: real leather without animal harm, with heirloom quality and ethical sourcing"", ""• Strong differentiation through proprietary technology (patent-pending plant-based scaffolding) and unique donor-animal connection"", ""• Detailed development plan with specific milestones (cell isolation in 2023, prototypes in early 2025)"", ""• Thoughtful risk mitigation strategies (multiple cell storage facilities, pilot testing for consistency)"", ""• Strong transparency plan: material passport, durability testing, aging tests, and pre-launch education""], ""Cons"": [""• Market size not quantified; relies on appeal to niche ethical/sustainable jewelry buyers"", ""• Revenue model unclear beyond crowdfunding; long-term sustainability not addressed"", ""• High complexity in production scaling (bioreactor adjustments, modular technology)"", ""• No evidence of customer validation or pre-orders mentioned"", ""• Multiple proposed reward tiers add operational complexity without proven demand""]}, ""Project B"": {""Pros"": [""• Includes all strengths of Project A plus additional crowdfunding strategy: digital-only reward tier to broaden reach and engage lower-budget backers"", ""• Enhanced market accessibility through low-cost digital tier, potentially increasing campaign virality and backer count"", ""• Maintains strong differentiation and transparency features from Project A"", ""• Same robust development status and team expertise"", ""• Addresses funding diversity by capturing smaller contributions without physical fulfillment costs""], ""Cons"": [""• Same unquantified market size limitation as Project A"", ""• Same unclear long-term revenue model and sustainability"", ""• Added complexity from digital tier implementation (content access management, potential support questions)"", ""• No additional evidence of traction or partnerships beyond Project A"", ""• Risk of diluting perceived value with very low-cost digital offerings""]}, ""Comparison"": {""Clarity of value proposition"": ""Both identical and strong"", ""Market size and demand"": ""Both weak (unquantified), but Project B attempts broader reach"", ""Feasibility and development plan"": ""Both identical and detailed"", ""Revenue model and sustainability"": ""Both weak beyond crowdfunding"", ""Differentiation"": ""Both identical and strong"", ""Impact and evidence plan"": ""Both identical and thorough"", ""Risk awareness and mitigation"": ""Both identical and adequate""}}"
"local","11","0","L10.4","2","L11.2","L11.2","plan_2","Project A and Project B are nearly identical in concept, problem, solution, team, and risks. The only substantive difference is that Project B adds a 'certificate of authenticity' for each piece/swatch. Both projects are highly speculative, combining nascent cultivated leather technology with a niche jewelry application. Their pros and cons are therefore largely shared.

**Project A Pros:**
• Clarity of value proposition: Clear, ethical alternative to conventional leather with a compelling story linking back to a named sanctuary animal.
• Differentiation: Highly novel; first-of-its-kind product combining cellular agriculture with heirloom jewelry.
• Impact and evidence plan: Strong transparency plans: material passport, pre-launch education, durability/aging tests, and sample swatches to build trust.
• Feasibility and development plan: Shows tangible progress (prototypes, isolated cells, patent-pending scaffold) and has a detailed, stepwise production plan.
• Risk awareness and mitigation: Identifies key technical and logistical risks (cell loss, material variability, supply chain) with specific, plausible mitigations.

**Project A Cons:**
• Market size and demand: Extremely niche. Addresses a small subset of ethical consumers interested in high-end, story-driven jewelry. Demand is unproven.
• Revenue model and sustainability: Unclear long-term business model. High production costs (bioreactors, R&D) likely make scaling and profitability very challenging for a jewelry item.
• Feasibility: Scaling cultivated leather production for even a modest crowdfunding run is a significant technical hurdle not fully addressed.
• Evidence: While plans for tests and transparency are good, the core material's performance and consumer acceptance are untested.

**Project B Pros:**
• Includes all pros of Project A.
• Adds a certificate of authenticity, which slightly strengthens the heirloom/narrative value and perceived legitimacy.

**Project B Cons:**
• Includes all cons of Project A.
• The added certificate is a minor feature that does not address the core challenges of market size, scalability, or cost.

**Overall Winner:** Project B wins, but only by a negligible margin. The projects are 99% identical. Project B's inclusion of a certificate of authenticity is a low-cost addition that slightly enhances the product's storytelling and perceived value—key factors for a luxury, narrative-driven item. It represents a marginally more complete and considered offering for the target customer. However, both projects face the same fundamental hurdles regarding market viability and technical scalability, making them both high-risk, speculative investments."
"local","11","0","L10.4","3","L11.3","L11.3","plan_3","{
  ""Project A"": {
    ""Pros"": [
      ""• Clarity of value proposition: Clearly defines animal-friendly, real leather jewelry with specific technical and ethical differentiators."",
      ""• Feasibility and development plan: Shows concrete progress with prototypes (pendant, card holder), patent-pending technology, and clear ownership of cell lines and technology."",
      ""• Differentiation: Strong emphasis on transparency through proposed material passport, aging tests, side-by-side comparisons, and pre-launch education."",
      ""• Impact and evidence plan: Robust plan to provide durability tests, aging documentation, high-resolution videos, and infographics to build trust."",
      ""• Risk awareness and mitigation: Identifies specific risks (cell loss, texture variability, supply chain) with practical mitigation strategies.""
    ],
    ""Cons"": [
      ""• Market size and demand: Niche appeal limited to ethically conscious jewelry buyers; no quantification of addressable market."",
      ""• Revenue model and sustainability: Lacks long-term pricing strategy, scalability details, or post-campaign business model."",
      ""• Differentiation: While transparent, may overlap with other ethical jewelry options; limited emphasis on emotional connection compared to Project B.""
    ]
  },
  ""Project B"": {
    ""Pros"": [
      ""• Clarity of value proposition: Adds emotional connection by proposing donor cow photos/illustrations, enhancing the ethical narrative."",
      ""• Differentiation: Strengthens uniqueness by linking backers directly to the source animal visually, deepening the story."",
      ""• Impact and evidence plan: Includes all of Project A's transparency measures plus visual donor identification, potentially increasing backer engagement."",
      ""• Feasibility and development plan: Same solid foundation as Project A with prototypes and owned technology."",
      ""• Risk awareness and mitigation: Identifies identical risks with same mitigations, showing equal awareness.""
    ],
    ""Cons"": [
      ""• Market size and demand: Similarly niche; no additional market validation beyond Project A."",
      ""• Revenue model and sustainability: Also lacks long-term monetization and scalability details."",
      ""• Feasibility and development plan: Slightly more complex due to added visual elements (photos/illustrations), which could increase production overhead without clear resource allocation.""
    ]
  }
}"
"local","11","0","L10.4","4","L11.4","L11.4","plan_4","Both projects are identical in their core description, problem statement, solution, development status, team, and most features. The only discernible difference is in the 'Key Features & Capabilities' and corresponding 'Roadmap & Delivery Plan' sections. Project B includes an additional proposed plan to conduct a 'basic water-resistance or stain-resistance test' on the cultivated leather inlay. This single addition represents a marginal improvement in Project B's evidence plan and risk mitigation strategy, as it directly addresses a practical consumer concern about leather durability. In all other criteria—clarity of value proposition, market size/demand, feasibility/development plan, revenue model/sustainability, differentiation, and core risk awareness—the projects are equal. Therefore, Project B receives a slight edge due to its more comprehensive plan for material validation."
"local","11","0","L10.4","5","L11.5","L11.5","plan_5","PROJECT A PROS: • Clear value proposition: animal-friendly real leather from living sanctuary cows • Strong differentiation through proprietary cultivated leather technology • Detailed development plan with specific pilot testing and quality control steps • Multiple revenue streams (jewelry, sample swatches, pairing tiers, material passports) • Good risk awareness with concrete mitigation strategies for cell loss and variability • Strong impact plan: material passports, aging tests, and transparency measures • Evidence of progress: finished inlays, prototypes, patent-pending technology PROJECT A CONS: • Market size limited to niche ethical jewelry consumers • No specific market size quantification provided • Sustainability of high-cost cultivated leather production unproven at scale • Limited team details beyond founder expertise • Dependence on complex biotechnology with potential scaling challenges PROJECT B PROS: • All advantages of Project A plus additional community engagement feature • Limited-edition naming tier fosters stronger backer involvement and loyalty • Enhanced potential for viral marketing through naming contest • Same strong technical foundation and development progress as Project A • Maintains all transparency and quality assurance measures PROJECT B CONS: • Adds complexity with naming tier administration • Slightly more complex reward structure may confuse some backers • No additional team or partnership details to support expanded scope • Same market limitations and scaling risks as Project A Both projects are nearly identical in core technology, value proposition, and development status. Project B's addition of a naming tier represents a minor but meaningful enhancement in community building and marketing potential without adding significant risk. The naming feature could generate additional engagement and word-of-mouth promotion at minimal cost. However, both projects share the same fundamental strengths (clear ethical differentiation, proprietary technology, detailed planning) and weaknesses (niche market, unproven scalability)."
"local","11","1","L11.1","0","L10.4","L11.1","plan_1","Both projects describe identical core technology and value proposition: cultivated leather jewelry from sanctuary cow cells. The key differences lie in execution details and reward structure.

PROJECT A PROS:
• Clarity of value proposition: Excellent - clearly communicates animal-friendly real leather with specific donor connection
• Market size and demand: Targets conscious consumers in sustainable/ethical jewelry niche with clear demographic appeal
• Feasibility and development plan: Strong - shows finished inlays, specific prototypes, patent-pending technology, clear milestones
• Revenue model and sustainability: Multiple reward tiers including digital-only option expands accessibility and potential revenue streams
• Differentiation: High - first-of-its-kind cultivated leather jewelry with donor selection option creates unique emotional connection
• Impact and evidence plan: Comprehensive - includes durability tests, aging tests, material passports, pre-launch education, comparison charts
• Risk awareness and mitigation: Good - identifies specific technical risks with clear mitigation strategies

PROJECT A CONS:
• Market size: Niche luxury/sustainable jewelry market may limit scale
• Technical complexity: Cultivated leather production at scale unproven
• Price point: Likely premium pricing may limit market reach
• Supply chain: Dependent on specialized bioreactor technology

PROJECT B PROS:
• Clarity of value proposition: Excellent - identical clear messaging to Project A
• Market size and demand: Same target market with good positioning
• Feasibility and development plan: Strong - identical technical foundation and development status
• Differentiation: High - same unique cultivated leather approach
• Risk awareness and mitigation: Good - identical risk identification
• Team: Strong founder with relevant tissue-engineering experience

PROJECT B CONS:
• Revenue model: Missing digital-only reward tier limits low-budget backer engagement
• Evidence plan: Slightly less comprehensive than Project A (missing explicit mention of digital-only tier funding)
• Engagement strategy: Less emphasis on maximizing campaign reach through varied price points
• Reward structure: Slightly less diversified than Project A

The projects are nearly identical, but Project A demonstrates marginally better campaign strategy through its inclusion of a digital-only reward tier to engage budget-conscious backers and increase campaign reach. This shows more sophisticated understanding of crowdfunding mechanics and audience segmentation. Both projects are strong, but Project A's more comprehensive reward structure gives it a slight edge in potential campaign success and market validation.

WINNER: Project A wins due to slightly more sophisticated crowdfunding strategy and broader audience engagement approach while maintaining identical technical strengths."
"local","11","1","L11.1","2","L11.2","L11.1","plan_1","PROJECT A PROS: • Clarity of value proposition is strong, with a clear 'animal-friendly real leather' message and multiple reward tiers (including a low-cost digital tier) to broaden accessibility and engagement. • Feasibility and development plan is detailed, with specific proposed actions for testing (durability, aging), transparency content (material passport with video, infographic), and pre-launch education (email series with comparison chart). • Revenue model and sustainability shows thoughtful tiering to capture different customer segments and increase campaign reach via low-cost digital options. • Impact and evidence plan is robust, with proposed durability/aging tests, side-by-side material comparisons, and transparency tools (material passport, video) to build trust. • Differentiation is high due to the novel cultivated leather technology and the emotional connection via named donor cows. • Risk awareness and mitigation addresses key technical and logistical risks (cell storage, variability, supply chain) with concrete plans. PROJECT A CONS: • Market size and demand is implied but not quantified; the niche is likely small but passionate. • Some proposed features (e.g., donor cow selection, material passport) are still 'proposed plans,' not yet implemented. PROJECT B PROS: • Shares all core strengths of Project A in clarity, technology, team, and risk mitigation. • Adds a proposed downloadable certificate of authenticity, which enhances the heirloom narrative and perceived value. • Impact and evidence plan is similarly strong, with the same proposed tests and transparency tools. PROJECT B CONS: • Lacks the low-cost digital-only reward tier that Project A includes, which may limit campaign reach and engagement from budget-conscious backers. • Revenue model is slightly less diversified without that low-cost entry point. • Otherwise nearly identical to Project A, but missing a small strategic element for crowdfunding reach. OVERALL: Both projects are highly similar and strong across most criteria. The key difference is Project A's inclusion of a low-cost digital-only reward tier (early access to material passport content). In crowdfunding, broadening accessibility and maximizing backer count are critical for campaign momentum and success. Project A's tiering strategy is more inclusive and likely to generate wider engagement, giving it a slight edge. Therefore, Project A wins."
"local","11","1","L11.1","3","L11.3","L11.1","plan_1","Project A Pros: • Clarity of value proposition is strong, clearly explaining animal-friendly real leather. • Market size and demand is well-addressed by targeting ethical consumers and early adopters. • Feasibility and development plan is detailed with specific technical milestones and prototype evidence. • Revenue model shows multiple reward tiers (digital-only, swatch, pairing, jewelry) increasing accessibility and revenue streams. • Differentiation is high due to patented plant-based scaffold and donor-cow selection creating emotional connection. • Impact and evidence plan is comprehensive with proposed durability tests, aging tests, video evidence, and pre-launch education. • Risk awareness and mitigation clearly addresses cell storage, material variability, and supply chain issues. Project A Cons: • Market size may be niche due to premium positioning. • Scalability of bioreactor production for larger demand is untested. • High number of proposed add-ons (passport, videos, tests) could complicate execution. Project B Pros: • Clarity of value proposition is identical to A and equally clear. • Market size and demand targets the same attractive ethical consumer segment. • Feasibility and development plan is similarly detailed with prototypes and technical ownership. • Revenue model includes the same core tiers as A, plus donor cow photo/illustration to enhance emotional appeal. • Differentiation is strong with the same patented technology and donor-cow focus. • Impact and evidence plan includes durability tests, aging tests, and educational pre-launch content. • Risk awareness and mitigation is identical to A, showing good risk management. Project B Cons: • Lacks the low-cost digital-only reward tier mentioned in A, potentially limiting campaign reach and early backer engagement. • Slightly less emphasis on broad accessibility through budget-friendly options. • Otherwise nearly identical to Project A in substance. Overall, Project A wins due to its inclusion of a small, low-cost digital-only reward tier (e.g., early access to material passport content). This strategic addition lowers the barrier to entry, potentially increases campaign reach and backer count, creates a larger community of supporters, and provides an additional revenue stream with minimal marginal cost. Both projects are otherwise highly similar in their strengths, but Project A's explicit plan to engage backers with minimal budgets gives it a slight edge in market penetration and campaign viability."
"local","11","1","L11.1","4","L11.4","L11.1","plan_1","Both projects share an identical core concept: cultivated leather jewelry from sanctuary cows. Their strengths overlap significantly: a clear ethical value proposition, a niche but growing market for sustainable luxury, demonstrated feasibility with prototypes and patented technology, strong differentiation through biotechnology and traceability, and good risk awareness. Both also share the same weaknesses: unproven revenue model scalability, high production costs, undefined market size, and reliance on niche ethical consumers.

The critical difference lies in Project A's superior evidence plan and backer engagement strategy. Project A includes a low-cost digital-only reward tier to broaden reach, explicitly allocates funds for all proposed educational content, and focuses its material testing on durability and aging (practical concerns for jewelry). Project B adds a water/stain resistance test, which is less relevant for protected jewelry inlays and may dilute resources.

Project A demonstrates more thoughtful campaign design by addressing budget-conscious backers and concentrating evidence efforts on the most relevant material properties. This suggests better execution planning and potentially higher conversion rates.

**Project A Pros:**
• Clear, compelling ethical value proposition (real leather without harm)
• Strong differentiation through biotech process and animal traceability
• Demonstrated feasibility with prototypes and owned technology
• Comprehensive evidence plan (durability test, aging test, comparison chart)
• Thoughtful backer engagement (digital tier for wider reach, material passport)
• Good risk identification and mitigation strategies
• Experienced founder in cellular agriculture

**Project A Cons:**
• Revenue model sustainability unproven (high production costs)
• Market size limited to niche ethical luxury consumers
• Scalability challenges for bioreactor production
• Unquantified demand for cultivated leather jewelry
• No clear path to mainstream pricing

**Project B Pros:**
• Identical strong value proposition and differentiation
• Same demonstrated feasibility with prototypes
• Similar comprehensive evidence plan
• Good risk awareness
• Same experienced team
• Additional water/stain resistance test proposed

**Project B Cons:**
• Missing low-cost digital tier reduces campaign reach
• Water/stain test may be less relevant for protected jewelry
• Slightly less detailed funding allocation for educational content
• Same scalability and market size concerns as Project A
• Revenue model equally unproven

Both projects are strong, but Project A's superior campaign design and focused evidence plan give it a slight edge for crowdfunding success."
"local","11","1","L11.1","5","L11.5","L11.1","plan_1","Both projects share an identical core concept: cultivated leather jewelry from sanctuary cow cells, targeting ethical consumers. They have identical strengths: a clear value proposition (animal-friendly real leather), strong differentiation (first-of-its-kind heirloom), solid development status (prototypes shown, cells isolated, patent-pending tech), credible team (tissue-engineering founder), and similar risk awareness/mitigation plans. The key differences lie in their reward structures and community engagement strategies, which affect revenue model sustainability and impact/evidence plans.

PROJECT A Pros:
• Excellent clarity and transparency through planned material passports, pre-launch education, and side-by-side material comparisons.
• Strong evidence plan includes durability tests, aging tests, and high-resolution video for backer verification.
• More accessible revenue model includes a low-cost digital-only tier to broaden campaign reach and backer engagement.
• Focus on material verification (sample swatch, pairing tier) directly addresses potential skepticism about quality.
• Comprehensive pre-launch education builds trust before funding.
PROJECT A Cons:
• Market size may be niche (luxury ethical jewelry).
• Scalability of bioreactor production for higher demand is a noted risk.
• Revenue sustainability post-campaign is not explicitly addressed.

PROJECT B Pros:
• Includes all the strong transparency and evidence plans of Project A.
• Adds a unique community engagement element (naming a future donor cow), which could foster stronger backer loyalty.
• The naming tier creates a sense of participation in the project's future.
PROJECT B Cons:
• Lacks the low-cost digital-only reward tier, potentially limiting campaign reach and early adopter engagement from budget-conscious backers.
• The naming tier is a one-off engagement activity with less tangible value for backer education/verification compared to A's digital tier.
• Slightly less focused on maximizing accessibility and reach.

Overall, Project A wins due to its more strategic and inclusive approach to building trust and expanding its backer base. The low-cost digital tier is a smart crowdfunding tactic to increase campaign visibility and allow more people to participate, while its comprehensive pre-launch education and material verification plans robustly address the major hurdle of consumer skepticism about a novel material. Project B's naming tier is a nice community feature, but Project A's focus on accessibility and evidence-based transparency gives it a stronger foundation for campaign success and potential long-term customer education."
"local","11","2","L11.2","0","L10.4","L11.2","plan_2","Both projects present an identical core concept: cultivated leather jewelry from sanctuary cows. They share the same problem statement, solution, features, development status, team, and technical details. The key differences lie in Project A's inclusion of a downloadable certificate of authenticity for each item/swatch, which is mentioned in its 'Solution/Product Overview', 'Key Features', 'Roadmap', 'Why Crowdfunding', and 'What's Included' sections. Project B lacks this specific feature. This gives Project A a slight edge in completeness, transparency, and perceived value (enhancing the heirloom narrative and trust). However, both projects suffer from identical weaknesses: they are highly speculative with an unproven, niche market; rely heavily on 'proposed plans' rather than executed actions; have unclear scalability and unit economics; and present significant technical and production risks. The market size for luxury ethical jewelry using novel biomaterials is uncertain, and the revenue model's long-term sustainability is not addressed. Differentiation is high conceptually but unproven in practice. Both show similar risk awareness. Given the near-identical profiles, Project A's additional certificate feature provides marginally better evidence planning and customer assurance, making it the very slightly stronger candidate.

Project A Pros:
• Clear, innovative value proposition: real leather without animal harm.
• Strong ethical and storytelling angle (named sanctuary cows).
• Comprehensive proposed transparency measures (material passport, aging test, comparison chart, pre-launch education).
• Includes a proposed certificate of authenticity, adding to perceived legitimacy.
• Finished prototypes exist (pendant, card holder).
• Patent-pending technology owned by team.
• Detailed, multi-faceted roadmap addressing many contingencies.
• Identifies specific technical risks and has mitigation plans.
• Experienced founder in relevant field.

Project A Cons:
• Market demand is unproven and likely niche (luxury ethical jewelry + novel biomaterial).
• Feasibility hinges on scaling a complex bioprocess (cultivated leather) for small-batch jewelry; plan is vague on scaling specifics.
• Revenue model and long-term sustainability are not discussed beyond crowdfunding.
• Heavy reliance on 'proposed' features rather than demonstrated capabilities.
• Unit economics and production costs are unclear.
• 'Heirloom' claim requires durability that is only proposed to be tested.
• Supply chain for specialized components may be fragile.

Project B Pros:
• Identical clear, innovative value proposition as Project A.
• Identical strong ethical and storytelling angle.
• Identical comprehensive proposed transparency measures (except certificate).
• Identical finished prototypes and development status.
• Identical patent-pending technology ownership.
• Identical detailed roadmap.
• Identical risk awareness and mitigation.
• Identical experienced founder.

Project B Cons:
• Identical unproven, niche market demand.
• Identical feasibility concerns regarding bioprocess scaling.
• Identical lack of revenue model and sustainability discussion.
• Identical reliance on 'proposed' features.
• Identical unclear unit economics.
• Identical unproven durability claim.
• Identical fragile supply chain risk.
• Slightly less complete in proposed trust-building features (lacks the specific certificate of authenticity)."
"local","11","2","L11.2","1","L11.1","L11.1","plan_1","PROJECT A PROS: • Clear value proposition: Real leather without animal harm, with strong ethical narrative and heirloom positioning. • Strong differentiation: Unique cultivated leather technology with patent-pending plant-based scaffolding. • Excellent evidence plan: Multiple proposed tests (durability, aging), material passports, certificates of authenticity, and pre-launch education. • Good risk awareness: Identifies technical risks (cell storage, variability) with specific mitigation strategies. • Strong development status: Shows finished inlays, prototypes, and clear ownership of technology. CONS: • Market size unclear: No quantification of target audience size or demand validation. • Revenue model sustainability: Jewelry focus may limit scalability; no clear path to broader applications. • High complexity: Multiple proposed reward tiers and digital assets could strain execution. PROJECT B PROS: • All strengths of Project A plus additional customer engagement strategy. • Enhanced market reach: Digital-only reward tier expands accessibility to budget-conscious backers. • Better revenue model diversification: Multiple price points including low-cost digital option. • Strong pre-launch strategy: Email series and comparison charts address skepticism proactively. CONS: • Same market size uncertainty as Project A. • Execution risk increased: Additional digital tier adds complexity to fulfillment. • Slightly less focused on heirloom narrative: Digital tier may dilute premium positioning. WINNER RATIONALE: Project B wins by a narrow margin due to its superior customer acquisition strategy. While both projects share identical core technology, ethical proposition, and development readiness, Project B's inclusion of a low-cost digital reward tier demonstrates better understanding of crowdfunding dynamics. This tier expands the potential backer base, increases campaign reach through lower entry points, and provides additional revenue streams without significant marginal cost. Both projects show excellent clarity, differentiation, and evidence planning, but Project B's thoughtful approach to market engagement gives it a slight edge in sustainability and campaign success potential."
"local","11","2","L11.2","3","L11.3","L11.2","plan_2","Both projects are identical in their core concept, technology, team, and most execution details. They share the same problem statement, solution, technical specifications, development status, risks, and team background. The only differences are minor variations in proposed reward structures and transparency features. Project A includes a downloadable certificate of authenticity for each piece and explicitly allocates funds for creating these certificates, while Project B instead emphasizes including a photo/illustration of the donor cow in the material passport or on display cards. Project A's certificate provides a more formal, permanent record of provenance that enhances the heirloom narrative and authenticity claims. Both projects demonstrate strong clarity of value proposition (animal-friendly real leather), address a clear niche market (ethical luxury consumers), show reasonable feasibility with existing prototypes and owned IP, have a direct revenue model through product sales, offer strong differentiation via cultivated leather technology, plan good impact evidence through material passports and testing, and show adequate risk awareness. Neither project quantifies market size or provides detailed financial sustainability projections beyond the campaign. Given their near-identical profiles, Project A's certificate of authenticity provides slightly stronger documentation for the heirloom value proposition and transparency, making it marginally more compelling for backers seeking verifiable provenance."
"local","11","2","L11.2","4","L11.4","L11.2","plan_2","PROJECT A: Pros: • Clarity of value proposition is strong; the 'heirloom' narrative with specific donor connection is compelling and well-articulated. • Feasibility and development plan is detailed with multiple proposed validation steps (durability test, aging test). • Revenue model and sustainability shows thoughtful tiered offerings (sample swatch, pairing tier, material passport) that cater to different backer engagement levels. • Differentiation is high due to the unique donor-animal selection and comprehensive transparency features (certificate of authenticity, material passport with video and infographic). • Impact and evidence plan is robust with proposed pre-launch education, side-by-side comparison charts, and aging tests to build trust. • Risk awareness and mitigation is clearly stated with practical steps for cell storage and production variability. Cons: • Market size and demand is implied but not quantified; niche appeal may limit scale. • Some proposed features (e.g., donor selection, material passport) are still in planning stages, adding execution risk. PROJECT B: Pros: • Clarity of value proposition is identical to Project A's core message. • Market size and demand targets the same ethical consumer niche. • Feasibility and development plan includes additional practical testing (water/stain resistance) which addresses user concerns about durability. • Revenue model and sustainability offers similar tiered rewards but lacks the certificate of authenticity feature. • Differentiation is slightly lower than Project A due to fewer planned transparency features (no certificate of authenticity). • Impact and evidence plan includes pre-launch education and comparison charts, matching Project A's approach. • Risk awareness and mitigation is identical to Project A. Cons: • Less comprehensive transparency and heirloom narrative compared to Project A (missing certificate of authenticity). • Similar to Project A, market size is not quantified, and many features are proposed rather than proven. Overall, Project A wins due to its more complete and differentiated offering. It includes a certificate of authenticity, which strengthens the heirloom narrative and adds perceived value. Its material passport with aging test results and pre-launch education series demonstrates a deeper commitment to transparency and backer trust-building. While Project B adds practical durability testing, Project A's broader suite of validation and storytelling features provides a more compelling and defensible position in the cultivated materials space."
"local","11","2","L11.2","5","L11.5","L11.2","plan_2","Project A Pros: • Clarity of value proposition is strong, with a clear narrative around ethical heirloom jewelry and extensive transparency plans. • Feasibility and development plan is detailed, with clear past milestones (cell isolation in 2023, prototypes in 2025) and ownership of technology. • Revenue model and sustainability are supported by multiple reward tiers (jewelry, swatches, pairing) that cater to different commitment levels. • Differentiation is high due to the patented plant-based scaffold and focus on a specific, traceable donor narrative. • Impact and evidence plan is robust, with proposed durability tests, aging tests, material passports, certificates of authenticity, pre-launch education, and side-by-side comparison charts to build trust. • Risk awareness and mitigation are adequately addressed (cell storage, pilot testing, supply chain alternatives). Project A Cons: • Market size and demand is niche; targeting a small group of ethically conscious jewelry buyers may limit scalability. • Some proposed features (e.g., material passport, aging test) are still in the planning stage, adding execution risk. Project B Pros: • Clarity of value proposition is identical to Project A's core offering. • Market size and demand may be slightly expanded by the community-engagement element (naming a future donor cow). • Differentiation includes the unique limited-edition naming tier, which fosters backer involvement. • Feasibility, development status, team, and risk mitigation are identical to Project A, showing solid groundwork. Project B Cons: • Revenue model and sustainability are slightly less focused than Project A, as the naming tier is a one-off engagement tool rather than a core product. • Impact and evidence plan is nearly identical to Project A but lacks the downloadable certificate of authenticity, which weakens the heirloom/documentation aspect. • The naming tier adds a minor distraction from the core transparency and material-proof narrative. Overall, both projects share nearly identical foundations, but Project A wins due to its slightly stronger emphasis on verifiable evidence and documentation (certificate of authenticity) and a more focused revenue model centered on product and material proof. Project A's comprehensive transparency plan (certificates, passports, tests, comparisons) better addresses the skepticism likely faced by a novel material, making it more convincing for crowdfunding backers."
"local","11","3","L11.3","0","L10.4","L11.3","plan_3","{
  ""Project A"": {
    ""Pros"": [
      ""• Clarity of value proposition: Strong and consistent messaging about animal-friendly, real leather with emotional connection through donor cow profiles and photos."",
      ""• Market size and demand: Targets niche but growing segments of ethical consumers and early adopters interested in sustainable luxury and cellular agriculture."",
      ""• Feasibility and development plan: Detailed roadmap with specific steps for testing, production, and scaling; includes durability and aging tests to validate material quality."",
      ""• Revenue model and sustainability: Multiple reward tiers (jewelry, sample swatches, pairing options) cater to different price points and engagement levels."",
      ""• Differentiation: Unique combination of cultivated leather technology, donor cow selection, and transparent storytelling via material passports and pre-launch education."",
      ""• Impact and evidence plan: Comprehensive transparency through material passports, videos, infographics, and side-by-side comparisons with conventional leather."",
      ""• Risk awareness and mitigation: Identifies key risks (cell loss, texture variability, supply chain) and proposes practical mitigations (multi-site storage, pilot testing).""
    ],
    ""Cons"": [
      ""• Market size and demand: Niche appeal may limit mass-market scalability; dependent on consumer willingness to pay premium for ethical leather."",
      ""• Feasibility and development plan: Relies on unproven scaling of bioreactor technology for production; many proposed features (e.g., donor cow selection) add complexity."",
      ""• Revenue model and sustainability: High production costs for cultivated leather may challenge long-term profitability without economies of scale."",
      ""• Risk awareness and mitigation: Does not address potential regulatory hurdles for biofabricated materials or consumer acceptance of lab-grown leather.""
    ]
  },
  ""Project B"": {
    ""Pros"": [
      ""• Clarity of value proposition: Clear ethical alternative to conventional leather, emphasizing animal welfare and material authenticity."",
      ""• Market size and demand: Similar target audience as Project A, with potential appeal to environmentally conscious jewelry buyers."",
      ""• Feasibility and development plan: Shares most technical and production steps with Project A, including pilot testing and modular bioreactor scaling."",
      ""• Revenue model and sustainability: Offers tiered rewards (jewelry, swatches, pairings) to diversify revenue streams."",
      ""• Differentiation: Leverages cultivated leather technology and donor cow stories, though with slightly less emphasis on emotional connection vs. Project A."",
      ""• Impact and evidence plan: Plans for durability tests, aging tests, and pre-launch education to build trust and demonstrate material quality."",
      ""• Risk awareness and mitigation: Identifies same core risks as Project A with identical mitigation strategies.""
    ],
    ""Cons"": [
      ""• Clarity of value proposition: Slightly less detailed in connecting donor cows to backers (no explicit mention of donor photos in material passport or swatch cards)."",
      ""• Feasibility and development plan: Missing some proposed details from Project A (e.g., donor cow visuals in passports), which may reduce perceived transparency."",
      ""• Differentiation: Less emphasis on unique storytelling elements compared to Project A, potentially making it less memorable."",
      ""• Impact and evidence plan: Though comprehensive, lacks the additional layer of donor cow imagery and potentially weaker emotional engagement."",
      ""• Risk awareness and mitigation: Identical to Project A but without extra transparency measures that could further mitigate consumer skepticism.""
    ]
  }
}"
"local","11","3","L11.3","1","L11.1","L11.3","plan_3","{""Project A"": {""Pros"": [""• Clear, specific value proposition: animal-friendly real leather with emotional connection to named sanctuary cows."", ""• Strong transparency plan: material passport, aging tests, pre-launch education, side-by-side comparison charts directly address quality concerns."", ""• Thoughtful reward tiers: sample swatches with donor cow photos create tangible verification and emotional engagement."", ""• Feasible development plan: finished prototypes, owned technology, no regulatory hurdles, clear scaling approach."", ""• Good risk awareness: addresses cell storage, material variability, supply chain, and delivery timing.""], ""Cons"": [""• Market size limited to niche ethical/luxury jewelry consumers; demand unquantified."", ""• Revenue model sustainability unclear beyond crowdfunding; high production costs likely."", ""• Differentiation relies heavily on novel technology but faces competition from vegan leather alternatives."", ""• Impact evidence plan is qualitative (animal welfare story) rather than quantified environmental/social metrics.""]}, ""Project B"": {""Pros"": [""• Identical core value proposition and technical foundation as Project A."", ""• Adds digital-only reward tier to broaden campaign reach and engage lower-budget backers."", ""• Same strong transparency and education plans (material passport, pre-launch emails, comparison charts)."", ""• Identical feasibility: prototypes, owned tech, clear roadmap."", ""• Good risk mitigation identical to Project A.""], ""Cons"": [""• Slightly weaker emotional connection: no explicit plan to include donor cow photos with sample swatches (mentioned only for material passport)."", ""• Same market limitations and unproven demand as Project A."", ""• Revenue sustainability equally unclear; digital tier may dilute per-backer revenue."", ""• Differentiation and impact evidence identical to Project A's limitations.""]}}"
"local","11","3","L11.3","2","L11.2","L11.3","plan_3","Both projects are identical in core technology, problem/solution, team, development status, and most features. The only differences lie in minor aspects of their transparency/engagement plans. Both projects have: STRENGTHS: 1) Clear, innovative value proposition (real leather without animal harm). 2) Strong differentiation in a niche market (cultivated leather jewelry). 3) Good feasibility plan with working prototypes and owned IP. 4) Clear revenue model (direct sales via crowdfunding). 5) Strong risk awareness and mitigation plans. 6) Evidence plans (durability/aging tests, pre-launch education). WEAKNESSES: 1) Limited market size (niche luxury/ethical jewelry). 2) Unproven long-term sustainability/scalability of bioreactor production. 3) High dependence on single technology and small team. 4) No clear post-campaign growth strategy. The key differences: Project A proposes including a donor cow photo/illustration in the material passport/display card to strengthen emotional connection. Project B proposes a downloadable certificate of authenticity instead. Both are valid approaches; Project A's visual element may create slightly stronger emotional engagement and transparency, which is crucial for an ethics-driven product. However, this difference is marginal. Both projects are essentially equal across all major criteria. Given the near-identical nature, the choice is arbitrary, but Project A's visual storytelling provides a slight edge in impact and emotional resonance."
"local","11","3","L11.3","4","L11.4","L11.3","plan_3","Both projects are nearly identical in their core concept, technology, and value proposition. They share identical problems, solutions, target users, development status, team, risks, and technical details. The key differences lie in subtle variations of their proposed plans for transparency and engagement.\n\n**PROJECT A PROS:**\n• **Clarity & Impact:** Includes a specific, emotionally resonant plan to add a photo/illustration of the named donor cow to the material passport or swatch card, strengthening the ethical narrative and emotional connection.\n• **Feasibility & Risk Mitigation:** The roadmap explicitly mentions preparing donor profiles and coordinating materials for its proposed tiers, showing slightly more detailed operational thinking.\n\n**PROJECT A CONS:**\n• **Evidence Plan:** Lacks Project B's proposed basic water/stain resistance test, which could address a key practical consumer concern about leather durability.\n\n**PROJECT B PROS:**\n• **Evidence Plan:** Proposes a basic water-resistance or stain-resistance test, directly addressing a common practical concern about leather goods and providing more tangible evidence of material performance.\n\n**PROJECT B CONS:**\n• **Impact & Engagement:** Omits the specific plan to include a donor cow photo/illustration, missing an opportunity to deepen the ethical storytelling and emotional appeal that is central to the project's value proposition.\n• **Feasibility:** Roadmap descriptions for proposed tiers are slightly less detailed regarding donor-specific coordination.\n\n**WINNER RATIONALE:** Project A wins by a narrow margin. In a crowdfunding context for a novel, ethically-driven product, building a compelling narrative and emotional connection is paramount. Project A's explicit plan to visually connect backers with the specific donor animal (the cow's photo/illustration) directly reinforces its core ethical differentiator and enhances perceived transparency. This is likely more critical for initial backer trust and campaign virality than a basic water-resistance test, especially for a jewelry item where such practical concerns are secondary to the symbolic and ethical value. Project B's additional test is a good feature, but it does not outweigh the stronger storytelling and emotional hook that Project A deliberately incorporates."
"local","11","3","L11.3","5","L11.5","L11.3","plan_3","PROJECT A PROS:
• Clarity of value proposition: Excellent clarity. Clearly articulates the ethical innovation (real leather without harm) and product specifics.
• Market size and demand: Targets growing markets for ethical/sustainable fashion and lab-grown materials. Strong emotional appeal via donor cow connection.
• Feasibility and development plan: Strong. Shows finished prototypes, clear technical ownership, and detailed, phased production plan with specific pilot tests.
• Revenue model and sustainability: Clear direct-to-consumer model via crowdfunding. Multiple reward tiers (jewelry, swatches, pairings) designed to scale interest and revenue.
• Differentiation: Highly differentiated. Unique combination of cultivated leather technology, ethical sourcing, and personalized donor-cow connection.
• Impact and evidence plan: Strong. Plans for durability/aging tests, material passports, pre-launch education, and side-by-side comparisons directly address proof-of-concept needs.
• Risk awareness and mitigation: Good. Identifies key technical and supply chain risks with specific mitigation strategies (multi-site cell storage, pilot testing).

PROJECT A CONS:
• Market size and demand: Niche luxury/ethical market may limit initial scale.
• Feasibility and development plan: Many elements are 'proposed plans,' introducing execution risk.
• Revenue model and sustainability: Long-term cost structure and scalability of bioreactor production for jewelry remain unproven.

PROJECT B PROS:
• Clarity of value proposition: Excellent, identical to Project A in core message.
• Market size and demand: Same strong appeal as A, with added community engagement via naming tier.
• Feasibility and development plan: Strong, identical to A on core technical and production plans.
• Revenue model and sustainability: Includes A's model plus a limited-edition naming tier that could boost engagement and funding.
• Differentiation: High, identical to A, plus community naming feature adds a unique interactive element.
• Impact and evidence plan: Strong, identical to A's robust transparency and education plans.
• Risk awareness and mitigation: Good, identical to A's risk assessment.

PROJECT B CONS:
• Feasibility and development plan: Slightly more complex due to naming tier administration, adding minor execution overhead.
• Impact and evidence plan: Lacks one specific transparency element present in A: the explicit plan to include a donor cow photo/illustration in the material passport or on swatch cards. This weakens the emotional proof and connection slightly compared to A.
• Revenue model and sustainability: Naming tier is a one-time engagement gimmick with less clear long-term value than A's focus on material proof and connection.

WINNER RATIONALE: Project A wins by a narrow margin. Both projects are nearly identical in core strengths: a highly innovative and clearly presented value proposition, strong feasibility demonstrated through prototypes, and excellent plans for evidence and transparency. The key differentiator is in 'Impact and evidence plan.' Project A's explicit plan to include a donor cow photo/illustration with the material passport or sample swatch is a more concrete and powerful method to build emotional trust and prove the ethical narrative than Project B's naming contest. This detail strengthens the core value proposition's credibility. While Project B's naming tier is a fun community feature, it is less directly tied to proving the product's foundational ethics and quality. Therefore, Project A's slightly more focused and evidence-backed approach to establishing transparency and connection gives it the edge."
"local","11","4","L11.4","0","L10.4","L11.4","plan_4","Both projects are identical in content and description, representing the same cultivated leather jewelry venture. Therefore, the pros and cons for each project are exactly the same.

PROJECT A & PROJECT B PROS:
• Clarity of Value Proposition: Excellent. Clearly presents an ethical alternative to conventional leather using cultivated technology, framed around animal welfare and material authenticity.
• Market Size and Demand: Targets a niche but growing market of ethically-conscious consumers interested in sustainable luxury and animal-friendly products.
• Feasibility and Development Plan: Strong. Shows concrete development status with prototypes, patent-pending technology, and clear ownership. Roadmap includes specific pilot testing and production steps.
• Revenue Model and Sustainability: Clear direct-to-consumer model through jewelry sales. Includes innovative reward tiers (sample swatches, pairing options) that could drive engagement and validate the material.
• Differentiation: High. Unique value proposition combining biotechnology, animal ethics, and heirloom jewelry. 'Material passport' and donor-cow selection create strong storytelling and transparency.
• Impact and Evidence Plan: Very strong. Multiple proposed evidence-gathering activities: durability tests, aging tests, side-by-side comparisons with conventional leather, and educational pre-launch content.
• Risk Awareness and Mitigation: Good. Identifies key technical and logistical risks (cell preservation, material variability, supply chain) with specific mitigation strategies.

PROJECT A & PROJECT B CONS:
• Market Size and Demand: Unquantified market size. While the ethical positioning is clear, the actual addressable market for premium cultivated leather jewelry remains unproven.
• Feasibility and Development Plan: Scaling bioreactor production for commercial quantities is mentioned but not detailed. Reliance on 'modular' technology may need more elaboration.
• Revenue Model and Sustainability: Long-term cost structure and profitability of cultivated leather production at scale are not addressed. Jewelry pricing strategy relative to conventional alternatives is unclear.
• Risk Awareness and Mitigation: Does not address potential consumer acceptance hurdles or regulatory considerations for biofabricated materials, though states no approvals are currently required.

Since both projects are identical in all provided details, there is no meaningful distinction between them. Both present the same strengths in clarity, development progress, evidence planning, and ethical differentiation, and share the same limitations regarding market quantification and scaling details."
"local","11","4","L11.4","1","L11.1","L11.1","plan_1","Both projects present identical core concepts, technology, team, and risks. The key difference lies in Project B's inclusion of a small, low-cost digital-only reward tier (e.g., early access to 'material passport' content). This addition creates a marginal but meaningful advantage across several evaluation criteria:

**PROJECT A PROS:**
• Clear, innovative value proposition of animal-friendly, real leather from living donors.
• Strong differentiation via patented plant-based scaffold and direct donor-animal connection.
• Detailed, transparent development and evidence plan (durability/aging tests, material passport, pre-launch education).
• Credible team with relevant tissue-engineering and cellular-agriculture expertise.
• Realistic risk awareness and mitigation strategies.
• Viable revenue model through direct sales of heirloom jewelry.

**PROJECT A CONS:**
• Market size limited to niche, ethically-conscious jewelry consumers; no broad demand quantification.
• Scalability of bioreactor production for larger batches is vaguely addressed.
• No low-cost entry point to maximize campaign reach and backer conversion.

**PROJECT B PROS:**
• Inherits all strengths of Project A.
• Digital-only reward tier lowers barrier to entry, potentially increasing campaign reach, backer count, and community engagement.
• This tier provides an additional, low-risk revenue stream and marketing tool.
• Demonstrates slightly better understanding of crowdfunding mechanics by catering to varied backer budgets.

**PROJECT B CONS:**
• Inherits all limitations of Project A regarding market size and scalability.
• Minor added complexity in managing digital reward fulfillment.

**WINNER RATIONALE:** Project B wins due to its inclusion of a digital-only reward tier. This single addition improves its assessment in Clarity of Value Proposition (demonstrates understanding of audience segmentation), Revenue Model and Sustainability (adds a low-cost, high-margin option), and Feasibility (increases likelihood of campaign funding success by broadening the backer base). While both projects are highly similar and well-constructed, Project B's small tactical enhancement better aligns with crowdfunding best practices for maximizing reach and conversion, giving it a slight but decisive edge."
"local","11","4","L11.4","2","L11.2","L11.2","plan_2","PROJECT A PROS: • Clarity of value proposition: Excellent. Clearly explains the ethical alternative to conventional leather using cultivated cells from sanctuary cows. • Market size and demand: Targets a growing niche of ethically-conscious consumers and early adopters of novel materials. • Feasibility and development plan: Strong. Shows finished inlays, prototypes, patent-pending technology, and clear milestones. • Revenue model and sustainability: Multiple reward tiers (jewelry, sample swatches, pairing tiers) provide revenue streams. • Differentiation: Highly differentiated through cultivated leather technology and connection to specific named animals. • Impact and evidence plan: Strong. Plans for durability tests, aging tests, pre-launch education, and material passports enhance transparency. • Risk awareness and mitigation: Good. Identifies key risks (cell loss, variability) with specific mitigation strategies. PROJECT A CONS: • Market size may be limited to early adopters and ethically-focused consumers. • Production scaling of bioreactor technology presents unquantified challenges. • No mention of long-term business model beyond crowdfunding rewards. PROJECT B PROS: • Includes all strengths of Project A. • Adds certificate of authenticity for each piece/swatch, enhancing the heirloom narrative and perceived value. • Certificate feature strengthens transparency and emotional connection to donor animal. PROJECT B CONS: • Same limitations as Project A regarding market size and scaling challenges. • Additional certificate feature adds minor complexity without addressing core feasibility concerns. Both projects are nearly identical in core description, technology, team, and risks. The key difference is Project B's proposed certificate of authenticity, which strengthens the emotional connection and heirloom positioning without adding significant complexity or cost. This small enhancement improves the value proposition and differentiation slightly. However, both projects share identical fundamental strengths and weaknesses across all criteria."
"local","11","4","L11.4","3","L11.3","L11.4","plan_4","PROJECT A PROS:
• Clarity of value proposition: Clearly presents animal-friendly real leather through bioreactor cultivation with specific donor cow connection.
• Market size and demand: Targets conscious consumers in sustainable/ethical jewelry niche, though market size is specialized.
• Feasibility and development plan: Shows concrete prototypes (pendant, card holder), patent-pending technology, and detailed pilot testing plans.
• Revenue model and sustainability: Multiple reward tiers (jewelry, sample swatches, pairing options) with clear funding allocation.
• Differentiation: Unique cultivated leather from named sanctuary cows with plant-based scaffold; no direct competitors in jewelry space.
• Impact and evidence plan: Strong transparency plans: material passport, durability tests, water/stain resistance tests, aging tests, pre-launch education.
• Risk awareness and mitigation: Identifies key risks (cell loss, texture variability, supply chain) with specific mitigations (multiple storage, pilot testing).

PROJECT A CONS:
• Market size: Niche appeal may limit scalability.
• Technical complexity: Bioreactor production at jewelry scale unproven.
• Cost structure: Likely high production costs for cultivated leather.
• Consumer acceptance: Unclear if material feels/lasts like traditional leather.

PROJECT B PROS:
• Clarity of value proposition: Identical clear proposition as Project A.
• Market size and demand: Same target audience.
• Feasibility and development plan: Same prototype status and technology ownership.
• Revenue model and sustainability: Same tiered approach.
• Differentiation: Adds donor cow photo/illustration to strengthen emotional connection.
• Impact and evidence plan: Includes all of A's transparency features plus visual donor connection.
• Risk awareness and mitigation: Identical risk assessment to Project A.

PROJECT B CONS:
• All cons from Project A apply equally.
• Slightly less comprehensive testing (omits explicit water/stain resistance test mentioned in A).
• No additional feasibility advantages over A.

WINNER: PROJECT A
WHY: While both projects are nearly identical, Project A demonstrates slightly stronger evidence planning with explicit water/stain resistance testing alongside durability and aging tests. This addresses practical consumer concerns more comprehensively. Project B's addition of donor cow photos is emotionally compelling but doesn't materially improve technical credibility or risk mitigation. Project A's more thorough testing regimen provides better validation for backers and addresses key adoption barriers for a novel material."
"local","11","4","L11.4","5","L11.5","L11.4","plan_4","PROJECT A PROS: • Strong clarity of value proposition: clearly explains animal-friendly cultivated leather with specific technical details. • Good feasibility: shows finished inlays, patent-pending technology, and clear development milestones. • Comprehensive risk mitigation: addresses cell storage, material variability, supply chain, and delivery timelines. • Strong evidence plan: proposes durability tests, water-resistance tests, aging tests, and side-by-side comparisons with conventional leather. • Detailed development plan: includes pilot testing, scaffold inspection, and production scaling strategy. • Sustainable revenue model: multiple reward tiers (jewelry, sample swatches, pairing packages) with clear funding allocation. • Strong differentiation: unique cultivated leather technology with plant-based scaffold and connection to specific sanctuary animals. CONS: • Market size not explicitly quantified, though target audience is clearly defined. • Some proposed features (like material passport) are still in planning stage rather than completed. PROJECT B PROS: • Includes all strengths of Project A. • Additional community engagement feature: limited-edition naming tier for future donor cows could foster stronger backer involvement. • Slightly broader appeal with naming tier that adds emotional connection. CONS: • Same market size limitation as Project A. • Adds complexity with naming tier without addressing additional risks or feasibility concerns. • Missing the water-resistance/stain-resistance test mentioned in Project A, which weakens the evidence plan slightly. Both projects share identical core technology, team, problem/solution, and most features. Project A demonstrates slightly stronger evidence planning with the proposed water-resistance test, while Project B adds a community feature. However, Project A's more comprehensive material testing approach provides better risk mitigation and credibility for a novel material. The naming tier in Project B is a nice addition but doesn't substantially improve the core value proposition or address key risks."
"local","11","5","L11.5","0","L10.4","L11.5","plan_5","Both projects present identical core concepts: cultivated leather jewelry from sanctuary cows using bioreactor technology. They share identical problem statements, technical details, team background, development status, and most proposed features (sample swatches, material passports, pre-launch education, durability/aging tests).

PROJECT A PROS:
• Slightly more comprehensive community engagement strategy with the proposed 'limited-edition naming tier' for future donor cows.
• Explicitly mentions funds allocation for administering the naming tier, showing slightly more detailed budget planning.

PROJECT A CONS:
• No significant differentiation from Project B in core value proposition or execution.

PROJECT B PROS:
• Contains all essential elements of the business model and transparency measures.
• More streamlined proposal without the naming tier, potentially simpler execution.

PROJECT B CONS:
• Lacks the additional community-building element present in Project A.

CRITERIA ASSESSMENT:
1. Clarity of value proposition: IDENTICAL - Both clearly state ethical leather from living cows.
2. Market size and demand: IDENTICAL - Both target same niche ethical consumer segment.
3. Feasibility and development plan: IDENTICAL - Same prototypes, milestones, and scaling approach.
4. Revenue model and sustainability: IDENTICAL - Same reward tiers and funding use.
5. Differentiation: IDENTICAL - Both compete in same novel space with same features.
6. Impact and evidence plan: IDENTICAL - Same transparency measures and testing plans.
7. Risk awareness and mitigation: IDENTICAL - Same risk identification and mitigation strategies.

The only discernible difference is Project A's additional naming tier feature, which represents a minor community engagement enhancement but doesn't substantively change the venture's fundamentals. Both projects are essentially identical in all critical evaluation dimensions."
"local","11","5","L11.5","1","L11.1","L11.5","plan_5","{
  ""Project A"": {
    ""Pros"": [
      ""• Clear, specific value proposition: ethically sourced real leather without animal harm, with strong emphasis on donor-animal welfare and transparency."",
      ""• Strong differentiation through unique donor-cow selection, material passports, and community engagement (naming tier)."",
      ""• Detailed feasibility plan with specific technical steps (pilot testing, scaffold inspection, tanning preparation)."",
      ""• Comprehensive evidence plan: durability tests, aging tests, side-by-side comparison charts, and pre-launch education."",
      ""• Thoughtful risk mitigation for cell storage, material variability, and supply chain."",
      ""• Revenue model includes multiple reward tiers (sample swatch, pairing, naming) to capture different backer segments.""
    ],
    ""Cons"": [
      ""• Market size may be niche: targets ethically conscious jewelry buyers willing to pay premium for cultivated leather."",
      ""• Sustainability of revenue model depends on scaling bioreactor production, which is not fully detailed."",
      ""• No mention of cost structure or long-term pricing strategy.""
    ]
  },
  ""Project B"": {
    ""Pros"": [
      ""• Identical core value proposition to Project A: animal-friendly real leather with strong ethical appeal."",
      ""• Adds a low-cost digital-only reward tier to broaden audience reach and engage budget-conscious backers."",
      ""• Similar strong evidence plan (durability tests, aging tests, comparison charts)."",
      ""• Same credible team and development status with prototypes and owned technology."",
      ""• Identical risk awareness and mitigation strategies.""
    ],
    ""Cons"": [
      ""• Slightly less differentiation than Project A: lacks the community-building naming tier."",
      ""• Digital-only tier may dilute perceived value if not carefully positioned."",
      ""• Same niche market limitations as Project A."",
      ""• Revenue model sustainability similarly dependent on unproven production scaling.""
    ]
  }
}"
"local","11","5","L11.5","2","L11.2","L11.5","plan_5","{""Project A"": {""Pros"": [""• Clarity of value proposition: Clearly articulates the ethical and technological innovation of cultivated leather from living sanctuary cows. The extensive pre-launch education plan (emails, infographic, comparison chart) is designed to build trust and understanding."", ""• Feasibility and development plan: Demonstrates a high level of detail with specific, actionable steps (pilot testing, scaffold inspection, tanning prep). Multiple proposed reward tiers and content plans (material passport video, aging test) show thorough operational thinking."", ""• Differentiation and community engagement: Includes a unique 'name a future donor cow' reward tier, fostering stronger backer involvement and narrative connection beyond the core product."", ""• Impact and evidence plan: Proposes a comprehensive transparency strategy including durability tests, aging tests, high-resolution video, and side-by-side material comparison charts, directly addressing potential skepticism about material quality.""], ""Cons"": [""• Market size and demand: Targets a very niche, early-adopter segment within ethical/sustainable jewelry. The high-concept nature may limit mass appeal."", ""• Revenue model and sustainability: Relies on crowdfunding for production scaling; long-term business model and pricing strategy for post-campaign sales are not detailed."", ""• Risk awareness and mitigation: Identifies key technical risks (cell loss, texture variability) but mitigation relies heavily on unproven pilot testing at scale. Supply chain and delivery delays are acknowledged but plans are generic.""]}, ""Project B"": {""Pros"": [""• Clarity of value proposition: Also clearly presents the ethical and material value proposition. The addition of a downloadable certificate of authenticity strengthens the heirloom and provenance narrative."", ""• Market size and demand: Similar niche target, but the certificate of authenticity may appeal slightly more to collectors valuing documented uniqueness."", ""• Revenue model and sustainability: Similar reliance on crowdfunding, but the certificate adds a perceived value element that could support premium pricing."", ""• Impact and evidence plan: Includes a strong transparency plan with durability/aging tests, video, and infographics. The certificate provides a tangible (if digital) proof of impact and origin.""], ""Cons"": [""• Feasibility and development plan: Slightly less detailed than Project A, missing the specific community-engagement tier (cow naming) and the associated planning steps. This may indicate slightly less granular operational planning."", ""• Differentiation: Lacks the unique community-building element (cow naming) present in Project A, making it marginally less distinctive in its engagement strategy."", ""• Risk awareness and mitigation: Identically lists risks and mitigations as Project A, but without the extra layer of community engagement that could build goodwill and tolerance for potential delays.""]}}"
"local","11","5","L11.5","3","L11.3","L11.5","plan_5","PROJECT A PROS: • Excellent clarity of value proposition with unique 'first-of-its-kind heirloom' positioning and multiple proposed tiers (naming, pairing, material passport) that enhance differentiation. • Strong feasibility demonstration with finished jewelry inlays, prototypes, patent-pending technology, and clear development milestones. • Comprehensive revenue model through multiple reward tiers targeting different customer segments (sample swatch for verification, pairing for application, naming for community). • Superior differentiation via limited-edition naming tier that fosters community engagement and emotional connection beyond just product features. • Robust evidence plan including durability tests, aging tests, pre-launch email series with comparison charts, and high-resolution video content. • Good risk awareness with specific mitigation strategies for cell storage, material variability, and supply chain issues. PROJECT A CONS: • Market size remains niche (ethical jewelry consumers interested in cellular agriculture), though positioning as 'first-of-its-kind' helps. • Sustainability of revenue model post-crowdfunding not fully addressed beyond initial production. PROJECT B PROS: • Clear value proposition matching Project A's core offering. • Good feasibility with same technical development status and team credentials. • Strong evidence plan including donor cow photos/illustrations to strengthen emotional connection. • Same risk awareness and mitigation as Project A. PROJECT B CONS: • Less comprehensive differentiation strategy compared to Project A's naming tier and community-building elements. • Slightly less developed evidence plan (missing naming tier engagement element). • Revenue model lacks the additional engagement layer of the naming tier that could drive higher pledge levels. WINNER RATIONALE: Project A wins due to superior differentiation strategy and community engagement elements. The limited-edition naming tier for future donor cows creates a unique value proposition that goes beyond the product itself, fostering stronger backer engagement and potential for viral marketing. Project A's more comprehensive approach to transparency (with all of Project B's features plus additional community elements) demonstrates better understanding of crowdfunding dynamics and building sustainable customer relationships. Both projects share identical technical foundations and risk profiles, making the differentiation and engagement strategies the deciding factors."
"local","11","5","L11.5","4","L11.4","L11.5","plan_5","{""Project A"": {""Pros"": [""• Clarity of value proposition: Strong and clear. Directly addresses animal welfare concerns in leather production while preserving material authenticity. The 'heirloom' positioning and connection to a specific, named animal add emotional resonance."", ""• Market size and demand: Targets a growing niche of ethically conscious consumers in sustainable fashion and jewelry. The unique story and first-of-its-kind nature could generate significant interest beyond the core market."", ""• Feasibility and development plan: Highly detailed. Shows a working prototype (pendant/card holder), clear ownership of technology, and no regulatory hurdles. The roadmap includes specific pilot tests, quality control steps (scaffold inspection), and contingency plans for scaling. Multiple proposed validation tests (durability, aging) and educational content (pre-launch emails, infographics) demonstrate thorough planning."", ""• Revenue model and sustainability: Clear crowdfunding model with tiered rewards (jewelry, sample swatches, pairing packs, digital passports) designed to appeal to different commitment levels. The focus on heirloom quality and unique story suggests potential for premium pricing and brand loyalty post-campaign."", ""• Differentiation: Extremely high. Cultivated leather from a living, sanctuary-housed donor cow is a novel concept. The combination of biotechnology, animal welfare, and personalized storytelling (donor selection, naming tier) creates a defensible and unique position."", ""• Impact and evidence plan: Excellent. Proposes multiple layers of evidence: physical sample swatches for backers, standard durability tests, aging tests, high-resolution video, and side-by-side comparison charts with conventional leather. The 'material passport' and pre-launch education series proactively build trust and transparency."", ""• Risk awareness and mitigation: Good. Identifies key technical (cell loss, texture variability) and operational (supply chain, delivery delays) risks with specific mitigations (multi-site cell storage, pilot testing).""], ""Cons"": [""• Market size and demand: The addressable market is likely small and premium, limiting mass-market scalability. High price point due to complex production may be a barrier."", ""• Feasibility and development plan: Complexity is high. Scaling bioreactor production for consistent jewelry-sized inlays presents unquantified challenges. Many features are 'proposed plans,' introducing execution risk."", ""• Revenue model and sustainability: Long-term cost structure of cultivated leather production is unclear. Reliance on a single donor cow line could be a bottleneck for scaling or a single point of failure."", ""• Risk awareness and mitigation: Does not address potential consumer skepticism about 'lab-grown' materials or the long-term durability/aging of the leather compared to traditional versions. Intellectual property protection (only 'patent-pending') is a moderate risk.""]}, ""Project B"": {""Pros"": [""• Clarity of value proposition: Identical to Project A – strong and clear on ethical leather from living animals."", ""• Market size and demand: Same target audience as A, with equal potential for niche appeal."", ""• Feasibility and development plan: Very similar to A, with a working prototype and clear development steps. Includes a proposed basic water/stain resistance test, which is a practical addition for jewelry."", ""• Revenue model and sustainability: Same clear, tiered crowdfunding model as A, minus the 'naming tier' for future cows."", ""• Differentiation: Same core high differentiation as A through cultivated leather technology and animal welfare story."", ""• Impact and evidence plan: Very strong, nearly identical to A, including sample swatches, durability tests, aging tests, videos, infographics, and pre-launch education."", ""• Risk awareness and mitigation: Identical risk listing and mitigations to Project A.""], ""Cons"": [""• All cons listed for Project A apply equally to Project B."", ""• Differentiation: Slightly less community engagement potential due to the absence of the proposed 'naming tier' for future donor cows, which Project A includes."", ""• Impact and evidence plan: Slightly less comprehensive in community-building and long-term narrative development compared to A's naming tier.""]}}"
"local","12","0","L11.1","1","L12.1","L12.1","plan_1","{""Project A"": {""Pros"": [""• Clear value proposition: Real leather from living animals without harm, targeting ethical consumers seeking sustainable luxury."", ""• Strong differentiation: First-of-its-kind heirloom jewelry with cultivated leather, patent-pending plant-based scaffold, and unique donor-cow selection."", ""• Good risk awareness: Identifies cell storage, material variability, and supply-chain risks with specific mitigation plans."", ""• Feasible development plan: Shows prototypes (pendant, card holder), clear milestones, and no regulatory approvals needed."", ""• Thoughtful evidence plan: Includes durability tests, aging tests, material passports, and pre-launch education to build trust.""], ""Cons"": [""• Market size uncertain: Niche appeal to ethical luxury consumers; limited scalability due to artisanal production."", ""• Revenue model sustainability unclear: High production costs from bioreactor cultivation may limit long-term profitability."", ""• Over-reliance on proposed features: Many rewards (sample swatches, pairing tiers, digital passports) are still in planning stages."", ""• Limited demand validation: No evidence of pre-orders or consumer interest beyond the campaign's assumptions."", ""• Scaling challenges: Modular bioreactor adjustments may not suffice for mass production if demand surges.""]}, ""Project B"": {""Pros"": [""• Identical core strengths to Project A: Clear ethical value proposition, strong differentiation, and robust risk mitigation."", ""• Enhanced evidence plan: Adds a visual timeline infographic to the material passport, improving transparency and consumer education."", ""• Slightly better clarity: Timeline infographic may help demystify the cultivation process for less technical backers."", ""• Same feasibility advantages: Prototypes exist, technology is owned, and no external approvals are required."", ""• Comprehensive reward structure: Includes low-cost digital tiers to broaden backer engagement and campaign reach.""], ""Cons"": [""• Same weaknesses as Project A: Unproven market demand, high-cost revenue model, and scaling uncertainties."", ""• No additional differentiation: The visual timeline is a minor enhancement but does not address core business risks."", ""• Overlapping proposed features: Like Project A, many rewards are still proposed rather than confirmed, adding execution risk."", ""• No quantifiable traction: Both projects lack evidence of partnerships, testimonials, or pre-orders to validate demand."", ""• Sustainability concerns: Vegetable tanning and plant-based scaffolds may not fully address environmental impact vs. conventional leather.""]}}"
"local","12","0","L11.1","2","L12.2","tie","tie","Exact same normalized text; skipped LLM call."
"local","12","0","L11.1","3","L12.3","tie","tie","Exact same normalized text; skipped LLM call."
"local","12","0","L11.1","4","L12.4","tie","tie","Exact same normalized text; skipped LLM call."
"local","12","0","L11.1","5","L12.5","tie","tie","Exact same normalized text; skipped LLM call."
"local","12","1","L12.1","0","L11.1","L12.1","plan_1","Both projects are identical in core concept, technology, team, and stated plans. They describe the same cultivated leather jewelry product, same ethical value proposition, same development status (prototypes exist), same risks, and same roadmap. All proposed reward tiers, educational content, and transparency measures are identical. The only difference is that Project A's description contains slightly more detailed language in a few sections (e.g., specifying the infographic includes 'a clear, simple visual timeline showing the exact steps' and mentioning the timeline again in the roadmap). This appears to be a minor textual elaboration, not a substantive difference in the project itself. Therefore, both projects have identical pros and cons.

**Pros for Both Projects:**
• **Clarity of Value Proposition:** Strong and clear. Offers real, animal-friendly leather via a novel cultivation process with a compelling ethical story.
• **Market Size & Demand:** Targets a niche but growing market of ethically-conscious consumers and early adopters interested in cellular agriculture and sustainable luxury.
• **Feasibility & Development Plan:** Appears feasible for a small-scale production run. Team has relevant expertise, prototypes exist, and no regulatory hurdles are mentioned. Roadmap is detailed with specific pilot testing and production steps.
• **Revenue Model & Sustainability:** Direct-to-consumer via crowdfunding with tiered rewards (digital, samples, finished jewelry). Model is clear for the campaign but long-term scalability and cost structure are not addressed.
• **Differentiation:** Highly differentiated. Uses a proprietary, patent-pending process to create cultivated leather from named sanctuary animals, which is unique in the jewelry market.
• **Impact & Evidence Plan:** Excellent. Multiple plans for transparency: material passports, donor profiles, durability/aging tests, comparison charts, and pre-launch education. This builds significant trust.
• **Risk Awareness & Mitigation:** Good. Identifies key technical and logistical risks (cell loss, material variability, supply chain, delays) and proposes reasonable mitigations.

**Cons for Both Projects:**
• **Market Size & Demand:** The addressable market is likely small and premium. Demand is unproven beyond a niche of early adopters.
• **Feasibility & Development Plan:** Scaling production of cultivated leather in bioreactors for jewelry inlays, while described, may face unanticipated technical challenges in consistency and cost.
• **Revenue Model & Sustainability:** Long-term business model and unit economics after the campaign are not discussed. The cost of cultivation vs. traditional leather is unknown.
• **Differentiation:** While unique, it may be *too* niche. The story is complex and requires significant consumer education.
• **Impact & Evidence Plan:** Most evidence is 'proposed' (tests, videos, infographics). While the intent is good, backers must trust these will be delivered.
• **Risk Awareness & Mitigation:** Does not address potential consumer skepticism or regulatory changes for bio-fabricated materials. Long-term cell line stability and production scaling are major unquantified risks.

**Overall:** The projects are effectively the same. The minor textual differences in Project A do not constitute a meaningful advantage in substance, evidence, or planning. Therefore, there is no basis to declare one superior to the other."
"local","12","1","L12.1","2","L12.2","L12.1","plan_1","Both projects are identical in their core description, technology, team, and proposed features. The only difference is that Project A includes an additional detail in its infographic plan: 'which would include a clear, simple visual timeline showing the exact steps from cell sampling to finished jewelry.' This represents a marginally higher level of communication clarity and transparency planning. Given that all other criteria (value proposition, market, feasibility, revenue model, differentiation, impact, risk) are identical, this minor edge in execution detail for Project A makes it the slightly stronger candidate. However, the fundamental assessment for both is the same: strong ethical differentiation and novel technology, but with significant execution risks in scaling, material consistency, and unproven consumer demand at this price point for a novel material.

**Project A Pros:**
• Clear, compelling value proposition of ethical, real leather without animal harm.
• Addresses a growing niche market for sustainable and animal-friendly luxury goods.
• Demonstrates technical feasibility with prototypes, patent-pending process, and owned IP.
• Multiple proposed reward tiers (sample swatch, pairing, digital) intelligently address skepticism and broaden backer reach.
• Strong differentiation via unique cultivated leather process and connection to named sanctuary animals.
• Good transparency plan with material passport, durability/aging tests, and pre-launch education.
• Identifies key production risks (cell loss, material variability) and has mitigation plans.

**Project A Cons:**
• Market size for high-end, novelty ethical jewelry is unquantified and likely limited.
• Revenue model and long-term sustainability beyond a crowdfunding campaign are not addressed.
• Scaling production of cultivated leather in bioreactors for jewelry is complex and costly.
• Material quality and aging compared to conventional leather are still unproven at scale.
• High dependency on a single founder's expertise.
• No mention of post-campaign business model or partnerships for growth.

**Project B Pros:**
• Identical to Project A in all substantive aspects: clear value prop, market, feasibility, team, and risks.
• Same strong ethical differentiation and novel technology.
• Same comprehensive plans for transparency and backer engagement.

**Project B Cons:**
• Identical to Project A: unproven market, scaling challenges, undefined long-term business model.
• Infographic plan is described as 'basic' without the explicit visual timeline detail mentioned in Project A, representing a marginally less specific communication strategy.

**Overall Winner:** Project A wins based on a razor-thin margin due to its slightly more detailed plan for communicating the complex process via a visual timeline, which could improve backer understanding and trust. In crowdfunding, where communication is critical, this small detail in planning gives it an edge."
"local","12","1","L12.1","3","L12.3","L12.1","plan_1","{
  ""Project A"": {
    ""Pros"": [
      ""• Clarity of value proposition: Excellent. Clearly articulates the ethical alternative to conventional leather with a compelling story of specific donor cows and material traceability."",
      ""• Feasibility and development plan: Strong. Shows concrete progress with prototypes (pendant, card holder), patent-pending technology, and a detailed, phased roadmap including specific tests (durability, aging)."",
      ""• Differentiation: High. The proposed 'material passport' with a visual timeline, donor cow selection, and sample swatch tiers create a unique, transparent, and experiential offering."",
      ""• Impact and evidence plan: Robust. Plans for durability/aging tests, high-resolution video, pre-launch education, and side-by-side comparison charts directly address skepticism and build credibility."",
      ""• Risk awareness and mitigation: Good. Identifies key technical and logistical risks (cell loss, texture variability, supply chain) with specific mitigation strategies.""
    ],
    ""Cons"": [
      ""• Market size and demand: Unquantified. Targets a niche, ethically-conscious segment within the jewelry/accessories market without size estimates."",
      ""• Revenue model and sustainability: Limited detail. Focuses on crowdfunding rewards; long-term business model, pricing strategy, and cost structure post-campaign are not addressed.""
    ]
  },
  ""Project B"": {
    ""Pros"": [
      ""• Clarity of value proposition: Good. Effectively communicates the core ethical value proposition of animal-friendly real leather."",
      ""• Feasibility and development plan: Adequate. Shares the same development status as Project A (prototypes, owned technology) and a similar high-level roadmap."",
      ""• Team & Partnerships: Identical to Project A, featuring a founder with relevant tissue-engineering and cellular-agriculture experience.""
    ],
    ""Cons"": [
      ""• Differentiation: Lower than A. While it proposes similar features (donor selection, material passport), its descriptions are less detailed and lack the specific, confidence-building elements like the visual timeline infographic mentioned in Project A."",
      ""• Impact and evidence plan: Weaker. Mentions plans for tests and education but with less specificity and a less comprehensive approach to demonstrating material quality and process transparency."",
      ""• Revenue model and sustainability: Unaddressed. Same weakness as Project A."",
      ""• Market size and demand: Unquantified. Same weakness as Project A."",
      ""• Risk awareness and mitigation: Identical to Project A, but presented with slightly less contextual integration into the overall plan.""
    ]
  },
  ""Overall Comparison"": ""Both projects share the same core idea, team, technology, and basic risks. The decisive difference lies in executional detail and communication strategy. Project A demonstrates superior planning and a deeper understanding of backer psychology. Its specific proposals for a visual timeline infographic, more integrated testing documentation, and a structured pre-launch education series show a more thorough approach to building trust, educating the market, and proving its claims. This results in higher scores in Clarity, Feasibility, Differentiation, and Impact/Evidence. Project B is a competent but less detailed version of the same proposal.""
}"
"local","12","1","L12.1","4","L12.4","L12.1","plan_1","PROJECT A: Pros: • Excellent clarity of value proposition with specific visual timeline infographic and side-by-side comparison chart planned. • Strong feasibility demonstrated through finished prototypes and patent-pending technology. • Comprehensive revenue model with multiple reward tiers and digital offerings. • Clear differentiation through donor-selection series and material passport. • Detailed impact plan with durability/aging tests and transparency measures. • Good risk awareness with specific mitigation strategies. Cons: • Market size limited to niche ethical jewelry consumers. • Sustainability of cultivated leather production at scale unproven. • High technical complexity in bioreactor scaling. PROJECT B: Pros: • Identical core value proposition and ethical positioning. • Same technical foundation and development status. • Similar revenue model with multiple tiers. • Same target market and use cases. • Identical risk assessment. Cons: • Slightly less detailed communication plans (no explicit visual timeline mention). • Less emphasis on step-by-step process transparency in materials. • Identical limitations regarding market size and scalability concerns. Both projects are nearly identical in content, with Project A showing marginally better communication planning and transparency through its proposed visual timeline infographic and more explicit detail about the material passport content. However, the differences are minimal. Project A wins due to its slightly more comprehensive approach to educating backers and building trust through enhanced visual documentation of the cultivation process."
"local","12","1","L12.1","5","L12.5","L12.1","plan_1","Both projects are identical in their core description, technology, team, and proposed features. The only difference is that Project A includes slightly more specific language in its 'Key Features & Capabilities' and 'Roadmap & Delivery Plan' sections regarding the proposed infographic (mentioning a 'visual timeline' explicitly) and repeats the phrase 'including the proposed visual timeline' in the 'Roadmap' section. This repetition does not constitute a meaningful difference in substance, feasibility, or evidence. Therefore, both projects have identical pros and cons across all evaluation criteria.

**Pros for Both Projects:**
• **Clarity of Value Proposition:** Strong and clear. Ethically sourced, real leather from a living donor animal, targeting a clear gap in the market.
• **Market Size and Demand:** Targets a growing niche of ethically conscious consumers in sustainable fashion and jewelry. The 'first-of-its-kind' heirloom angle adds appeal.
• **Feasibility and Development Plan:** Appears moderately feasible. Team has relevant expertise, prototypes exist, and no major regulatory hurdles are mentioned. The roadmap includes specific, logical next steps (pilot testing, securing settings).
• **Revenue Model and Sustainability:** Multiple proposed reward tiers (physical jewelry, sample swatches, digital content) cater to different price points and could help validate demand. The model is tied to a novel, proprietary material.
• **Differentiation:** Extremely high. Cultivated leather from named sanctuary cows is a unique proposition not easily replicated.
• **Impact and Evidence Plan:** Excellent. Extensive proposed plans for transparency: material passports, durability/aging tests, pre-launch education, side-by-side comparison charts, and high-resolution video. Directly addresses potential skepticism.
• **Risk Awareness and Mitigation:** Good. Identifies key technical and logistical risks (cell loss, material variability, supply chain, delays) and proposes reasonable mitigations.

**Cons for Both Projects:**
• **Market Size and Demand:** The market for high-end, ethically sourced jewelry using a novel bio-material is likely small and unproven. Demand is speculative.
• **Feasibility and Development Plan:** Scaling production of cultivated leather in bioreactors for commercial orders presents significant technical challenges not deeply addressed. Relies on 'adjusting modular... technology' which is vague.
• **Revenue Model and Sustainability:** Long-term cost structure and scalability of producing cultivated leather for jewelry (a relatively low-volume, high-margin item) is unclear. Not a mass-market product.
• **Risk Awareness and Mitigation:** Underestimates potential risks: consumer acceptance of a 'lab-grown' animal product, potential high costs, and the complexity of reliably producing consistent material quality at scale. Mitigations are procedural but may not be sufficient for core technical hurdles.

**Conclusion:** The projects are substantively the same. The minor textual variance in Project A does not confer a meaningful advantage in any evaluation criterion. Therefore, there is no basis to declare one superior to the other."
"local","12","2","L12.2","0","L11.1","tie","tie","Exact same normalized text; skipped LLM call."
"local","12","2","L12.2","1","L12.1","L12.2","plan_2","{
  ""Project A"": {
    ""pros"": [
      ""• Clear, compelling value proposition: Real leather without animal harm, with strong ethical positioning."",
      ""• Strong differentiation: First-of-its-kind cultivated leather jewelry with traceability to named sanctuary cows."",
      ""• Good feasibility demonstration: Shows finished inlays, prototypes, patent-pending tech, and clear ownership."",
      ""• Thoughtful risk mitigation: Addresses cell storage, material variability, and supply chain issues."",
      ""• Strong evidence plan: Includes durability tests, aging tests, video demonstrations, and comparison charts."",
      ""• Multiple revenue streams: Jewelry, sample swatches, pairing tiers, and digital content.""
    ],
    ""cons"": [
      ""• Market size unclear: No quantification of target audience or demand for ethical luxury jewelry."",
      ""• Scalability questions: Reliance on modular bioreactors but no details on production capacity or cost structure."",
      ""• Revenue model sustainability: High-end niche product may have limited repeat purchase potential."",
      ""• Development plan lacks timelines: No specific delivery dates or production schedule."",
      ""• Impact measurement vague: No metrics for animal welfare impact or environmental benefits.""
    ]
  },
  ""Project B"": {
    ""pros"": [
      ""• Identical strong value proposition and differentiation as Project A."",
      ""• Slightly enhanced transparency: Additional visual timeline in infographic improves process understanding."",
      ""• Same strong feasibility demonstration with prototypes and owned technology."",
      ""• Same comprehensive risk mitigation strategies."",
      ""• Same strong evidence plan with tests and comparisons."",
      ""• Same multiple revenue streams and engagement strategies.""
    ],
    ""cons"": [
      ""• All the same weaknesses as Project A: Unclear market size, scalability questions, vague sustainability metrics."",
      ""• No meaningful differentiation from Project A in substance - only minor presentation differences."",
      ""• Development plan equally lacking in specific timelines."",
      ""• Impact measurement equally vague.""
    ]
  }
}"
"local","12","2","L12.2","3","L12.3","tie","tie","Exact same normalized text; skipped LLM call."
"local","12","2","L12.2","4","L12.4","tie","tie","Exact same normalized text; skipped LLM call."
"local","12","2","L12.2","5","L12.5","tie","tie","Exact same normalized text; skipped LLM call."
"local","12","3","L12.3","0","L11.1","tie","tie","Exact same normalized text; skipped LLM call."
"local","12","3","L12.3","1","L12.1","L12.1","plan_1","Both projects are identical in core concept, technology, team, and most described plans. The only difference is Project B's inclusion of a 'clear, simple visual timeline showing the exact steps from cell sampling to finished jewelry' in its proposed infographic. This minor addition slightly enhances clarity and transparency in the 'Impact and evidence plan' criterion. However, this is a marginal improvement on an otherwise identical proposal. All other criteria (Clarity, Market, Feasibility, Revenue Model, Differentiation, Risk) are assessed as equal. Both projects present a novel, ethical value proposition with a clear development plan and founder expertise, but face significant challenges in scaling, cost, and consumer acceptance of a new material. The core strengths (innovative tech, strong ethical angle, prototype progress) and weaknesses (unproven market demand, scalability risks, high complexity) are shared. Therefore, the win is based on a single, slight enhancement in communication detail.

**Project A Pros:**
• Clear, innovative value proposition for ethically-conscious consumers.
• Addresses a growing niche market for sustainable and animal-friendly luxury goods.
• Demonstrated feasibility with prototypes and owned, patent-pending technology.
• Multiple proposed reward tiers intelligently designed to build trust (swatches, material passport) and widen backer reach.
• Strong differentiation via first-of-its-kind process linking product to a specific, living animal.
• Comprehensive plan for evidence (durability tests, aging tests, video, pre-launch education).
• Good risk awareness with specific mitigation strategies for cell loss and production variability.
• Founder has relevant technical expertise and established partnerships (sanctuary, vets).

**Project A Cons:**
• Market size for high-end, novel bio-material jewelry is unproven and likely small.
• Revenue model and long-term sustainability are unclear beyond this limited crowdfunding campaign; scaling bioreactor production for jewelry is complex and costly.
• High dependence on a single founder's expertise.
• 'Proposed plans' dominate the description, indicating many features are not yet finalized.
• Material quality comparisons to conventional leather are proposed but not yet demonstrated as equivalent.

**Project B Pros:**
• All the pros listed for Project A apply equally.
• Slight edge in 'Impact and evidence plan' due to the explicit mention of a 'visual timeline' in the infographic, which could improve backer understanding and transparency.

**Project B Cons:**
• All the cons listed for Project A apply equally.
• The added visual timeline is a minor communication detail and does not substantively address the core feasibility or market risks."
"local","12","3","L12.3","2","L12.2","tie","tie","Exact same normalized text; skipped LLM call."
"local","12","3","L12.3","4","L12.4","tie","tie","Exact same normalized text; skipped LLM call."
"local","12","3","L12.3","5","L12.5","tie","tie","Exact same normalized text; skipped LLM call."
"local","12","4","L12.4","0","L11.1","tie","tie","Exact same normalized text; skipped LLM call."
"local","12","4","L12.4","1","L12.1","L12.1","plan_1","Both projects are identical in their core concept, problem statement, solution, team, and technical details. The only difference is that Project B's description includes one additional phrase in its infographic plan: 'which would include a clear, simple visual timeline showing the exact steps from cell sampling to finished jewelry.' This is a minor enhancement to a proposed communication element (the infographic) within the 'material passport' plan. Given that all other substantive criteria (clarity, market, feasibility, revenue model, differentiation, impact/evidence, risk) are identical, and this single added descriptive detail does not represent a material advantage in technology, execution, or evidence, the projects are effectively equivalent. The assessment for each project is therefore the same.

PROJECT A & B PROS:
• Clarity: Strong, concise value proposition (animal-friendly real leather).
• Market: Targets a clear niche of ethically-conscious consumers and early adopters interested in novel materials.
• Feasibility: Shows tangible progress (prototypes, isolated cells, patent-pending tech), clear development steps, and ownership of core IP. No regulatory hurdles mentioned.
• Revenue Model: Direct-to-consumer via crowdfunding with tiered rewards (physical/digital). Sustainability hinges on scaling production cost-effectively.
• Differentiation: Highly differentiated via its unique cultivated leather process and connection to specific sanctuary animals.
• Impact/Evidence: Strong plan for transparency (material passport, durability/aging tests, sample swatches, pre-launch education).
• Risk Awareness: Identifies key technical and logistical risks (cell loss, material variability, supply chain) with stated mitigation strategies.

PROJECT A & B CONS:
• Market: Market size for premium, niche biofabricated jewelry is unquantified and likely limited.
• Feasibility: Scaling bioreactor production for consistent quality and cost is a significant, unproven challenge beyond prototypes.
• Revenue Model: Long-term unit economics and path to profitability after the campaign are not addressed.
• Risk: High dependency on a novel, complex biomanufacturing process with inherent variability. Consumer acceptance of the material's aesthetics and durability is untested at scale.

Given the functional equivalence, a winner must be declared based on the provided text. Project B's marginally more detailed description of a proposed infographic suggests slightly better thought towards user education and transparency, but this is an extremely minor differentiator. Therefore, Project B is selected as the winner by the narrowest possible margin."
"local","12","4","L12.4","2","L12.2","tie","tie","Exact same normalized text; skipped LLM call."
"local","12","4","L12.4","3","L12.3","tie","tie","Exact same normalized text; skipped LLM call."
"local","12","4","L12.4","5","L12.5","tie","tie","Exact same normalized text; skipped LLM call."
"local","12","5","L12.5","0","L11.1","tie","tie","Exact same normalized text; skipped LLM call."
"local","12","5","L12.5","1","L12.1","L12.1","plan_1","PROJECT A:
Pros:
• Clarity of value proposition: Strong, clear ethical and material proposition with specific product details.
• Feasibility and development plan: Shows concrete progress with finished inlays and prototypes (2025), patent-pending technology, and clear ownership.
• Revenue model and sustainability: Multiple reward tiers (physical and digital) designed to engage different backer segments and increase reach.
• Differentiation: Unique cultivated leather from named sanctuary cows with traceability; patent-pending plant-based scaffold.
• Impact and evidence plan: Proposes durability tests, aging tests, and material passports for transparency.
• Risk awareness and mitigation: Identifies specific technical and supply chain risks with practical mitigations (multi-site cell storage, pilot testing).
Cons:
• Market size and demand: Niche luxury/ethical market; no quantification of addressable market.
• Revenue model scalability: High-cost, artisanal production may limit scaling potential.
• Evidence plan reliance: Many proposed tests and transparency features are future plans, not yet executed.

PROJECT B:
Pros:
• Clarity of value proposition: Identical strong proposition to Project A.
• Feasibility and development plan: Same concrete progress and ownership as Project A.
• Differentiation: Adds proposed visual timeline infographic for better process transparency.
• Impact and evidence plan: Enhanced transparency with proposed visual timeline alongside other tests.
• Risk awareness and mitigation: Same robust risk identification and mitigation as Project A.
Cons:
• Market size and demand: Same niche limitation as Project A.
• Revenue model scalability: Same scaling concerns as Project A.
• Overlap with Project A: Virtually identical in all aspects except one minor enhancement.

Comparison: Projects A and B are nearly identical in content, structure, and proposed execution. The only discernible difference is Project B's additional mention of a 'visual timeline' in its infographic plan (Key Features & Development Plan). This is an extremely minor enhancement that does not materially change the project's assessment across the seven criteria. Both projects suffer from the same limitations (niche market, scalability questions) and share the same strengths (clear proposition, technical progress, risk awareness). Since the projects are essentially the same, with Project B having a slight edge in proposed communication clarity, it is the marginal winner.

Overall Winner: Project B wins due to its marginally more detailed plan for visual communication (timeline infographic), which could slightly improve transparency and backer education. However, the difference is minimal, and both projects present a compelling, well-structured case for a novel ethical product."
"local","12","5","L12.5","2","L12.2","tie","tie","Exact same normalized text; skipped LLM call."
"local","12","5","L12.5","3","L12.3","tie","tie","Exact same normalized text; skipped LLM call."
"local","12","5","L12.5","4","L12.4","tie","tie","Exact same normalized text; skipped LLM call."
