2026-08-08 13:39:21.480 Held-out championship: 49 plans, 2352 matches (evolved champion + local final + all 30 originals)...
2026-08-08 13:39:21.482   Evaluator (deepseek-v3.2): incumbent vs alt 1 (parse attempt 1) -> CACHE (3285 chars)
2026-08-08 13:39:21.482   Evaluator (deepseek-v3.2): incumbent vs alt 2 (parse attempt 1) -> CACHE (2890 chars)
2026-08-08 13:39:21.483   Evaluator (deepseek-v3.2): incumbent vs alt 3 (parse attempt 1) -> CACHE (2084 chars)
2026-08-08 13:39:21.483   Evaluator (deepseek-v3.2): incumbent vs alt 4 (parse attempt 1) -> CACHE (2457 chars)
2026-08-08 13:39:21.483   Evaluator (deepseek-v3.2): incumbent vs alt 5 (parse attempt 1) -> CACHE (4162 chars)
2026-08-08 13:39:21.483   Evaluator (deepseek-v3.2): incumbent vs alt 6 (parse attempt 1) -> CACHE (2666 chars)
2026-08-08 13:39:21.484   Evaluator (deepseek-v3.2): incumbent vs alt 7 (parse attempt 1) -> CACHE (2961 chars)
2026-08-08 13:39:21.484   Evaluator (deepseek-v3.2): incumbent vs alt 8 (parse attempt 1) -> CACHE (3542 chars)
2026-08-08 13:39:21.484   Evaluator (deepseek-v3.2): incumbent vs alt 9 (parse attempt 1) -> CACHE (2152 chars)
2026-08-08 13:39:21.484   Evaluator (deepseek-v3.2): incumbent vs alt 10 (parse attempt 1) -> CACHE (2786 chars)
2026-08-08 13:39:21.484   Evaluator (deepseek-v3.2): incumbent vs alt 11 (parse attempt 1) -> CACHE (2925 chars)
2026-08-08 13:39:21.485   Evaluator (deepseek-v3.2): incumbent vs alt 12 (parse attempt 1) -> CACHE (3700 chars)
2026-08-08 13:39:21.485   Evaluator (deepseek-v3.2): incumbent vs alt 13 (parse attempt 1) -> CACHE (2189 chars)
2026-08-08 13:39:21.485   Evaluator (deepseek-v3.2): incumbent vs alt 14 (parse attempt 1) -> CACHE (2556 chars)
2026-08-08 13:39:21.485   Evaluator (deepseek-v3.2): incumbent vs alt 15 (parse attempt 1) -> CACHE (2685 chars)
2026-08-08 13:39:21.485   Evaluator (deepseek-v3.2): incumbent vs alt 16 (parse attempt 1) -> CACHE (3216 chars)
2026-08-08 13:39:21.486   Evaluator (deepseek-v3.2): incumbent vs alt 17 (parse attempt 1) -> CACHE (2383 chars)
2026-08-08 13:39:21.486   Evaluator (deepseek-v3.2): incumbent vs alt 18 (parse attempt 1) -> CACHE (2945 chars)
2026-08-08 13:39:21.486   Evaluator (deepseek-v3.2): incumbent vs alt 19 (parse attempt 1) -> CACHE (3816 chars)
2026-08-08 13:39:21.486   Evaluator (deepseek-v3.2): incumbent vs alt 20 (parse attempt 1) -> CACHE (2200 chars)
2026-08-08 13:39:21.486   Evaluator (deepseek-v3.2): incumbent vs alt 21 (parse attempt 1) -> CACHE (3444 chars)
2026-08-08 13:39:21.486   Evaluator (deepseek-v3.2): incumbent vs alt 22 (parse attempt 1) -> CACHE (4799 chars)
2026-08-08 13:39:21.487 JSON parse failed (attempt 1/5): 'winner'
2026-08-08 13:39:21.487   Evaluator (deepseek-v3.2): incumbent vs alt 22 (parse attempt 2) -> CACHE (3410 chars)
2026-08-08 13:39:21.487   Evaluator (deepseek-v3.2): incumbent vs alt 23 (parse attempt 1) -> CACHE (3630 chars)
2026-08-08 13:39:21.487   Evaluator (deepseek-v3.2): incumbent vs alt 24 (parse attempt 1) -> CACHE (4448 chars)
2026-08-08 13:39:21.487 JSON parse failed (attempt 1/5): 'winner'
2026-08-08 13:39:21.487   Evaluator (deepseek-v3.2): incumbent vs alt 24 (parse attempt 2) -> CACHE (1868 chars)
2026-08-08 13:39:21.487   Evaluator (deepseek-v3.2): incumbent vs alt 25 (parse attempt 1) -> CACHE (2858 chars)
2026-08-08 13:39:21.488   Evaluator (deepseek-v3.2): incumbent vs alt 26 (parse attempt 1) -> CACHE (2450 chars)
2026-08-08 13:39:21.488   Evaluator (deepseek-v3.2): incumbent vs alt 27 (parse attempt 1) -> CACHE (2383 chars)
2026-08-08 13:39:21.488   Evaluator (deepseek-v3.2): incumbent vs alt 28 (parse attempt 1) -> CACHE (3623 chars)
2026-08-08 13:39:21.488   Evaluator (deepseek-v3.2): incumbent vs alt 29 (parse attempt 1) -> CACHE (2237 chars)
2026-08-08 13:39:21.488   Evaluator (deepseek-v3.2): incumbent vs alt 30 (parse attempt 1) -> CACHE (3060 chars)
2026-08-08 13:39:21.489   Evaluator (deepseek-v3.2): incumbent vs alt 31 (parse attempt 1) -> CACHE (2924 chars)
2026-08-08 13:39:21.489   Evaluator (deepseek-v3.2): incumbent vs alt 32 (parse attempt 1) -> CACHE (3503 chars)
2026-08-08 13:39:21.489 JSON parse failed (attempt 1/5): 'winner'
2026-08-08 13:39:21.489   Evaluator (deepseek-v3.2): incumbent vs alt 32 (parse attempt 2) -> CACHE (3555 chars)
2026-08-08 13:39:21.489   Evaluator (deepseek-v3.2): incumbent vs alt 33 (parse attempt 1) -> CACHE (2541 chars)
2026-08-08 13:39:21.489   Evaluator (deepseek-v3.2): incumbent vs alt 34 (parse attempt 1) -> CACHE (3120 chars)
2026-08-08 13:39:21.508   Evaluator (deepseek-v3.2): alt 1 vs incumbent (parse attempt 1) -> CACHE (4667 chars)
2026-08-08 13:39:21.508 JSON parse failed (attempt 1/5): 'winner'
2026-08-08 13:39:21.509   Evaluator (deepseek-v3.2): alt 1 vs incumbent (parse attempt 2) -> CACHE (3530 chars)
2026-08-08 13:39:21.509   Evaluator (deepseek-v3.2): alt 1 vs alt 2 (parse attempt 1) -> CACHE (3954 chars)
2026-08-08 13:39:21.509   Evaluator (deepseek-v3.2): alt 1 vs alt 3 (parse attempt 1) -> CACHE (3063 chars)
2026-08-08 13:39:21.509   Evaluator (deepseek-v3.2): alt 1 vs alt 4 (parse attempt 1) -> CACHE (2800 chars)
2026-08-08 13:39:21.510   Evaluator (deepseek-v3.2): alt 1 vs alt 5 (parse attempt 1) -> CACHE (2306 chars)
2026-08-08 13:39:21.510   Evaluator (deepseek-v3.2): alt 1 vs alt 6 (parse attempt 1) -> CACHE (1861 chars)
2026-08-08 13:39:21.510   Evaluator (deepseek-v3.2): alt 1 vs alt 7 (parse attempt 1) -> CACHE (3910 chars)
2026-08-08 13:39:21.510   Evaluator (deepseek-v3.2): alt 1 vs alt 8 (parse attempt 1) -> CACHE (2881 chars)
2026-08-08 13:39:21.510   Evaluator (deepseek-v3.2): alt 1 vs alt 9 (parse attempt 1) -> CACHE (2439 chars)
2026-08-08 13:39:21.511   Evaluator (deepseek-v3.2): alt 1 vs alt 10 (parse attempt 1) -> CACHE (3865 chars)
2026-08-08 13:39:21.511   Evaluator (deepseek-v3.2): alt 1 vs alt 11 (parse attempt 1) -> CACHE (2957 chars)
2026-08-08 13:39:21.511   Evaluator (deepseek-v3.2): alt 1 vs alt 12 (parse attempt 1) -> CACHE (4203 chars)
2026-08-08 13:39:21.511   Evaluator (deepseek-v3.2): alt 1 vs alt 13 (parse attempt 1) -> CACHE (3723 chars)
2026-08-08 13:39:21.512   Evaluator (deepseek-v3.2): alt 1 vs alt 14 (parse attempt 1) -> CACHE (2787 chars)
2026-08-08 13:39:21.512   Evaluator (deepseek-v3.2): alt 1 vs alt 15 (parse attempt 1) -> CACHE (2207 chars)
2026-08-08 13:39:21.512   Evaluator (deepseek-v3.2): alt 1 vs alt 16 (parse attempt 1) -> CACHE (3550 chars)
2026-08-08 13:39:21.512   Evaluator (deepseek-v3.2): alt 1 vs alt 17 (parse attempt 1) -> CACHE (2042 chars)
2026-08-08 13:39:21.512   Evaluator (deepseek-v3.2): alt 1 vs alt 18 (parse attempt 1) -> CACHE (3741 chars)
2026-08-08 13:39:21.513   Evaluator (deepseek-v3.2): alt 1 vs alt 19 (parse attempt 1) -> CACHE (3144 chars)
2026-08-08 13:39:21.513   Evaluator (deepseek-v3.2): alt 1 vs alt 20 (parse attempt 1) -> CACHE (2341 chars)
2026-08-08 13:39:21.513   Evaluator (deepseek-v3.2): alt 1 vs alt 21 (parse attempt 1) -> CACHE (4057 chars)
2026-08-08 13:39:21.513   Evaluator (deepseek-v3.2): alt 1 vs alt 22 (parse attempt 1) -> CACHE (3158 chars)
2026-08-08 13:39:21.514   Evaluator (deepseek-v3.2): alt 1 vs alt 23 (parse attempt 1) -> CACHE (3052 chars)
2026-08-08 13:39:21.514   Evaluator (deepseek-v3.2): alt 1 vs alt 24 (parse attempt 1) -> CACHE (3588 chars)
2026-08-08 13:39:21.514   Evaluator (deepseek-v3.2): alt 1 vs alt 25 (parse attempt 1) -> CACHE (4275 chars)
2026-08-08 13:39:21.514   Evaluator (deepseek-v3.2): alt 1 vs alt 26 (parse attempt 1) -> CACHE (2688 chars)
2026-08-08 13:39:21.514   Evaluator (deepseek-v3.2): alt 1 vs alt 27 (parse attempt 1) -> CACHE (1985 chars)
2026-08-08 13:39:21.515   Evaluator (deepseek-v3.2): alt 1 vs alt 28 (parse attempt 1) -> CACHE (3620 chars)
2026-08-08 13:39:21.515   Evaluator (deepseek-v3.2): alt 1 vs alt 29 (parse attempt 1) -> CACHE (2565 chars)
2026-08-08 13:39:21.515   Evaluator (deepseek-v3.2): alt 1 vs alt 30 (parse attempt 1) -> CACHE (3959 chars)
2026-08-08 13:39:21.515   Evaluator (deepseek-v3.2): alt 1 vs alt 31 (parse attempt 1) -> CACHE (2738 chars)
2026-08-08 13:39:21.515   Evaluator (deepseek-v3.2): alt 1 vs alt 32 (parse attempt 1) -> CACHE (2922 chars)
2026-08-08 13:39:21.516   Evaluator (deepseek-v3.2): alt 1 vs alt 33 (parse attempt 1) -> CACHE (2309 chars)
2026-08-08 13:39:21.516   Evaluator (deepseek-v3.2): alt 1 vs alt 34 (parse attempt 1) -> CACHE (3141 chars)
2026-08-08 13:39:21.533   Evaluator (deepseek-v3.2): alt 2 vs incumbent (parse attempt 1) -> CACHE (2277 chars)
2026-08-08 13:39:21.533   Evaluator (deepseek-v3.2): alt 2 vs alt 1 (parse attempt 1) -> CACHE (2432 chars)
2026-08-08 13:39:21.533   Evaluator (deepseek-v3.2): alt 2 vs alt 3 (parse attempt 1) -> CACHE (3309 chars)
2026-08-08 13:39:21.533   Evaluator (deepseek-v3.2): alt 2 vs alt 4 (parse attempt 1) -> CACHE (2116 chars)
2026-08-08 13:39:21.534   Evaluator (deepseek-v3.2): alt 2 vs alt 5 (parse attempt 1) -> CACHE (4136 chars)
2026-08-08 13:39:21.534   Evaluator (deepseek-v3.2): alt 2 vs alt 6 (parse attempt 1) -> CACHE (2529 chars)
2026-08-08 13:39:21.534   Evaluator (deepseek-v3.2): alt 2 vs alt 7 (parse attempt 1) -> CACHE (2930 chars)
2026-08-08 13:39:21.534   Evaluator (deepseek-v3.2): alt 2 vs alt 8 (parse attempt 1) -> CACHE (3503 chars)
2026-08-08 13:39:21.535   Evaluator (deepseek-v3.2): alt 2 vs alt 9 (parse attempt 1) -> CACHE (1925 chars)
2026-08-08 13:39:21.535   Evaluator (deepseek-v3.2): alt 2 vs alt 10 (parse attempt 1) -> CACHE (3003 chars)
2026-08-08 13:39:21.535   Evaluator (deepseek-v3.2): alt 2 vs alt 11 (parse attempt 1) -> CACHE (2425 chars)
2026-08-08 13:39:21.535   Evaluator (deepseek-v3.2): alt 2 vs alt 12 (parse attempt 1) -> CACHE (3036 chars)
2026-08-08 13:39:21.535   Evaluator (deepseek-v3.2): alt 2 vs alt 13 (parse attempt 1) -> CACHE (2471 chars)
2026-08-08 13:39:21.536   Evaluator (deepseek-v3.2): alt 2 vs alt 14 (parse attempt 1) -> CACHE (2350 chars)
2026-08-08 13:39:21.536   Evaluator (deepseek-v3.2): alt 2 vs alt 15 (parse attempt 1) -> CACHE (2662 chars)
2026-08-08 13:39:21.536   Evaluator (deepseek-v3.2): alt 2 vs alt 16 (parse attempt 1) -> CACHE (2299 chars)
2026-08-08 13:39:21.536   Evaluator (deepseek-v3.2): alt 2 vs alt 17 (parse attempt 1) -> CACHE (3724 chars)
2026-08-08 13:39:21.536   Evaluator (deepseek-v3.2): alt 2 vs alt 18 (parse attempt 1) -> CACHE (4052 chars)
2026-08-08 13:39:21.537 JSON parse failed (attempt 1/5): 'winner'
2026-08-08 13:39:21.537   Evaluator (deepseek-v3.2): alt 2 vs alt 18 (parse attempt 2) -> CACHE (2345 chars)
2026-08-08 13:39:21.537   Evaluator (deepseek-v3.2): alt 2 vs alt 19 (parse attempt 1) -> CACHE (3381 chars)
2026-08-08 13:39:21.537   Evaluator (deepseek-v3.2): alt 2 vs alt 20 (parse attempt 1) -> CACHE (1879 chars)
2026-08-08 13:39:21.537   Evaluator (deepseek-v3.2): alt 2 vs alt 21 (parse attempt 1) -> CACHE (2723 chars)
2026-08-08 13:39:21.537   Evaluator (deepseek-v3.2): alt 2 vs alt 22 (parse attempt 1) -> CACHE (4508 chars)
2026-08-08 13:39:21.538   Evaluator (deepseek-v3.2): alt 2 vs alt 23 (parse attempt 1) -> CACHE (2732 chars)
2026-08-08 13:39:21.538   Evaluator (deepseek-v3.2): alt 2 vs alt 24 (parse attempt 1) -> CACHE (2485 chars)
2026-08-08 13:39:21.538   Evaluator (deepseek-v3.2): alt 2 vs alt 25 (parse attempt 1) -> CACHE (3150 chars)
2026-08-08 13:39:21.538   Evaluator (deepseek-v3.2): alt 2 vs alt 26 (parse attempt 1) -> CACHE (2156 chars)
2026-08-08 13:39:21.538   Evaluator (deepseek-v3.2): alt 2 vs alt 27 (parse attempt 1) -> CACHE (2886 chars)
2026-08-08 13:39:21.538   Evaluator (deepseek-v3.2): alt 2 vs alt 28 (parse attempt 1) -> CACHE (4656 chars)
2026-08-08 13:39:21.539 JSON parse failed (attempt 1/5): 'winner'
2026-08-08 13:39:21.539   Evaluator (deepseek-v3.2): alt 2 vs alt 28 (parse attempt 2) -> CACHE (3675 chars)
2026-08-08 13:39:21.539   Evaluator (deepseek-v3.2): alt 2 vs alt 29 (parse attempt 1) -> CACHE (3810 chars)
2026-08-08 13:39:21.539   Evaluator (deepseek-v3.2): alt 2 vs alt 30 (parse attempt 1) -> CACHE (4167 chars)
2026-08-08 13:39:21.539   Evaluator (deepseek-v3.2): alt 2 vs alt 31 (parse attempt 1) -> CACHE (2270 chars)
2026-08-08 13:39:21.539   Evaluator (deepseek-v3.2): alt 2 vs alt 32 (parse attempt 1) -> CACHE (4063 chars)
2026-08-08 13:39:21.540   Evaluator (deepseek-v3.2): alt 2 vs alt 33 (parse attempt 1) -> CACHE (3273 chars)
2026-08-08 13:39:21.540   Evaluator (deepseek-v3.2): alt 2 vs alt 34 (parse attempt 1) -> CACHE (2448 chars)
2026-08-08 13:39:21.554   Evaluator (deepseek-v3.2): alt 3 vs incumbent (parse attempt 1) -> CACHE (2286 chars)
2026-08-08 13:39:21.554   Evaluator (deepseek-v3.2): alt 3 vs alt 1 (parse attempt 1) -> CACHE (2280 chars)
2026-08-08 13:39:21.554   Evaluator (deepseek-v3.2): alt 3 vs alt 2 (parse attempt 1) -> CACHE (2821 chars)
2026-08-08 13:39:21.554   Evaluator (deepseek-v3.2): alt 3 vs alt 4 (parse attempt 1) -> CACHE (3648 chars)
2026-08-08 13:39:21.554   Evaluator (deepseek-v3.2): alt 3 vs alt 5 (parse attempt 1) -> CACHE (3968 chars)
2026-08-08 13:39:21.555   Evaluator (deepseek-v3.2): alt 3 vs alt 6 (parse attempt 1) -> CACHE (3234 chars)
2026-08-08 13:39:21.555   Evaluator (deepseek-v3.2): alt 3 vs alt 7 (parse attempt 1) -> CACHE (3530 chars)
2026-08-08 13:39:21.555   Evaluator (deepseek-v3.2): alt 3 vs alt 8 (parse attempt 1) -> CACHE (3075 chars)
2026-08-08 13:39:21.555   Evaluator (deepseek-v3.2): alt 3 vs alt 9 (parse attempt 1) -> CACHE (1841 chars)
2026-08-08 13:39:21.555   Evaluator (deepseek-v3.2): alt 3 vs alt 10 (parse attempt 1) -> CACHE (1914 chars)
2026-08-08 13:39:21.556   Evaluator (deepseek-v3.2): alt 3 vs alt 11 (parse attempt 1) -> CACHE (1986 chars)
2026-08-08 13:39:21.556   Evaluator (deepseek-v3.2): alt 3 vs alt 12 (parse attempt 1) -> CACHE (4086 chars)
2026-08-08 13:39:21.556   Evaluator (deepseek-v3.2): alt 3 vs alt 13 (parse attempt 1) -> CACHE (2125 chars)
2026-08-08 13:39:21.556   Evaluator (deepseek-v3.2): alt 3 vs alt 14 (parse attempt 1) -> CACHE (2149 chars)
2026-08-08 13:39:21.556   Evaluator (deepseek-v3.2): alt 3 vs alt 15 (parse attempt 1) -> CACHE (4253 chars)
2026-08-08 13:39:21.556 JSON parse failed (attempt 1/5): 'winner'
2026-08-08 13:39:21.556   Evaluator (deepseek-v3.2): alt 3 vs alt 15 (parse attempt 2) -> CACHE (3411 chars)
2026-08-08 13:39:21.557   Evaluator (deepseek-v3.2): alt 3 vs alt 16 (parse attempt 1) -> CACHE (2928 chars)
2026-08-08 13:39:21.557   Evaluator (deepseek-v3.2): alt 3 vs alt 17 (parse attempt 1) -> CACHE (3339 chars)
2026-08-08 13:39:21.557   Evaluator (deepseek-v3.2): alt 3 vs alt 18 (parse attempt 1) -> CACHE (2942 chars)
2026-08-08 13:39:21.557   Evaluator (deepseek-v3.2): alt 3 vs alt 19 (parse attempt 1) -> CACHE (3733 chars)
2026-08-08 13:39:21.557   Evaluator (deepseek-v3.2): alt 3 vs alt 20 (parse attempt 1) -> CACHE (3492 chars)
2026-08-08 13:39:21.558   Evaluator (deepseek-v3.2): alt 3 vs alt 21 (parse attempt 1) -> CACHE (2061 chars)
2026-08-08 13:39:21.558   Evaluator (deepseek-v3.2): alt 3 vs alt 22 (parse attempt 1) -> CACHE (2845 chars)
2026-08-08 13:39:21.558   Evaluator (deepseek-v3.2): alt 3 vs alt 23 (parse attempt 1) -> CACHE (2680 chars)
2026-08-08 13:39:21.558   Evaluator (deepseek-v3.2): alt 3 vs alt 24 (parse attempt 1) -> CACHE (2028 chars)
2026-08-08 13:39:21.558   Evaluator (deepseek-v3.2): alt 3 vs alt 25 (parse attempt 1) -> CACHE (1977 chars)
2026-08-08 13:39:21.558   Evaluator (deepseek-v3.2): alt 3 vs alt 26 (parse attempt 1) -> CACHE (3325 chars)
2026-08-08 13:39:21.559   Evaluator (deepseek-v3.2): alt 3 vs alt 27 (parse attempt 1) -> CACHE (4073 chars)
2026-08-08 13:39:21.559 JSON parse failed (attempt 1/5): 'winner'
2026-08-08 13:39:21.559   Evaluator (deepseek-v3.2): alt 3 vs alt 27 (parse attempt 2) -> CACHE (3843 chars)
2026-08-08 13:39:21.559   Evaluator (deepseek-v3.2): alt 3 vs alt 28 (parse attempt 1) -> CACHE (1551 chars)
2026-08-08 13:39:21.559   Evaluator (deepseek-v3.2): alt 3 vs alt 29 (parse attempt 1) -> CACHE (2490 chars)
2026-08-08 13:39:21.559   Evaluator (deepseek-v3.2): alt 3 vs alt 30 (parse attempt 1) -> CACHE (2531 chars)
2026-08-08 13:39:21.560   Evaluator (deepseek-v3.2): alt 3 vs alt 31 (parse attempt 1) -> CACHE (2101 chars)
2026-08-08 13:39:21.560   Evaluator (deepseek-v3.2): alt 3 vs alt 32 (parse attempt 1) -> CACHE (3528 chars)
2026-08-08 13:39:21.560   Evaluator (deepseek-v3.2): alt 3 vs alt 33 (parse attempt 1) -> CACHE (4826 chars)
2026-08-08 13:39:21.560   Evaluator (deepseek-v3.2): alt 3 vs alt 34 (parse attempt 1) -> CACHE (2305 chars)
2026-08-08 13:39:21.562   Evaluator (deepseek-v3.2): alt 4 vs incumbent (parse attempt 1) -> CACHE (2450 chars)
2026-08-08 13:39:21.563   Evaluator (deepseek-v3.2): alt 4 vs alt 1 (parse attempt 1) -> CACHE (2486 chars)
2026-08-08 13:39:21.563   Evaluator (deepseek-v3.2): alt 4 vs alt 2 (parse attempt 1) -> CACHE (3433 chars)
2026-08-08 13:39:21.563   Evaluator (deepseek-v3.2): alt 4 vs alt 3 (parse attempt 1) -> CACHE (2177 chars)
2026-08-08 13:39:21.563   Evaluator (deepseek-v3.2): alt 4 vs alt 5 (parse attempt 1) -> CACHE (3364 chars)
2026-08-08 13:39:21.563   Evaluator (deepseek-v3.2): alt 4 vs alt 6 (parse attempt 1) -> CACHE (3556 chars)
2026-08-08 13:39:21.564   Evaluator (deepseek-v3.2): alt 4 vs alt 7 (parse attempt 1) -> CACHE (2279 chars)
2026-08-08 13:39:21.564   Evaluator (deepseek-v3.2): alt 4 vs alt 8 (parse attempt 1) -> CACHE (3716 chars)
2026-08-08 13:39:21.564   Evaluator (deepseek-v3.2): alt 4 vs alt 9 (parse attempt 1) -> CACHE (2766 chars)
2026-08-08 13:39:21.564   Evaluator (deepseek-v3.2): alt 4 vs alt 10 (parse attempt 1) -> CACHE (3365 chars)
2026-08-08 13:39:21.564   Evaluator (deepseek-v3.2): alt 4 vs alt 11 (parse attempt 1) -> CACHE (3755 chars)
2026-08-08 13:39:21.564   Evaluator (deepseek-v3.2): alt 4 vs alt 12 (parse attempt 1) -> CACHE (2891 chars)
2026-08-08 13:39:21.565   Evaluator (deepseek-v3.2): alt 4 vs alt 13 (parse attempt 1) -> CACHE (2422 chars)
2026-08-08 13:39:21.565   Evaluator (deepseek-v3.2): alt 4 vs alt 14 (parse attempt 1) -> CACHE (3466 chars)
2026-08-08 13:39:21.565   Evaluator (deepseek-v3.2): alt 4 vs alt 15 (parse attempt 1) -> CACHE (2053 chars)
2026-08-08 13:39:21.565   Evaluator (deepseek-v3.2): alt 4 vs alt 16 (parse attempt 1) -> CACHE (3410 chars)
2026-08-08 13:39:21.565   Evaluator (deepseek-v3.2): alt 4 vs alt 17 (parse attempt 1) -> CACHE (3199 chars)
2026-08-08 13:39:21.566   Evaluator (deepseek-v3.2): alt 4 vs alt 18 (parse attempt 1) -> CACHE (3403 chars)
2026-08-08 13:39:21.566   Evaluator (deepseek-v3.2): alt 4 vs alt 19 (parse attempt 1) -> CACHE (3405 chars)
2026-08-08 13:39:21.566   Evaluator (deepseek-v3.2): alt 4 vs alt 20 (parse attempt 1) -> CACHE (2796 chars)
2026-08-08 13:39:21.566   Evaluator (deepseek-v3.2): alt 4 vs alt 21 (parse attempt 1) -> CACHE (3025 chars)
2026-08-08 13:39:21.566   Evaluator (deepseek-v3.2): alt 4 vs alt 22 (parse attempt 1) -> CACHE (5278 chars)
2026-08-08 13:39:21.566   Evaluator (deepseek-v3.2): alt 4 vs alt 23 (parse attempt 1) -> CACHE (3530 chars)
2026-08-08 13:39:21.566 JSON parse failed (attempt 1/5): Extra data: line 1 column 3530 (char 3529)
2026-08-08 13:39:21.566   Evaluator (deepseek-v3.2): alt 4 vs alt 23 (parse attempt 2) -> CACHE (3497 chars)
2026-08-08 13:39:21.567   Evaluator (deepseek-v3.2): alt 4 vs alt 24 (parse attempt 1) -> CACHE (4263 chars)
2026-08-08 13:39:21.567   Evaluator (deepseek-v3.2): alt 4 vs alt 25 (parse attempt 1) -> CACHE (1968 chars)
2026-08-08 13:39:21.567   Evaluator (deepseek-v3.2): alt 4 vs alt 26 (parse attempt 1) -> CACHE (2685 chars)
2026-08-08 13:39:21.567   Evaluator (deepseek-v3.2): alt 4 vs alt 27 (parse attempt 1) -> CACHE (3209 chars)
2026-08-08 13:39:21.567   Evaluator (deepseek-v3.2): alt 4 vs alt 28 (parse attempt 1) -> CACHE (2325 chars)
2026-08-08 13:39:21.567   Evaluator (deepseek-v3.2): alt 4 vs alt 29 (parse attempt 1) -> CACHE (2473 chars)
2026-08-08 13:39:21.568   Evaluator (deepseek-v3.2): alt 4 vs alt 30 (parse attempt 1) -> CACHE (4051 chars)
2026-08-08 13:39:21.568   Evaluator (deepseek-v3.2): alt 4 vs alt 31 (parse attempt 1) -> CACHE (3146 chars)
2026-08-08 13:39:21.568   Evaluator (deepseek-v3.2): alt 4 vs alt 32 (parse attempt 1) -> CACHE (3317 chars)
2026-08-08 13:39:21.568   Evaluator (deepseek-v3.2): alt 4 vs alt 33 (parse attempt 1) -> CACHE (4272 chars)
2026-08-08 13:39:21.568   Evaluator (deepseek-v3.2): alt 4 vs alt 34 (parse attempt 1) -> CACHE (3397 chars)
2026-08-08 13:39:21.570   Evaluator (deepseek-v3.2): alt 5 vs incumbent (parse attempt 1) -> CACHE (3379 chars)
2026-08-08 13:39:21.571   Evaluator (deepseek-v3.2): alt 5 vs alt 1 (parse attempt 1) -> CACHE (3397 chars)
2026-08-08 13:39:21.571   Evaluator (deepseek-v3.2): alt 5 vs alt 2 (parse attempt 1) -> CACHE (2726 chars)
2026-08-08 13:39:21.571   Evaluator (deepseek-v3.2): alt 5 vs alt 3 (parse attempt 1) -> CACHE (3228 chars)
2026-08-08 13:39:21.571   Evaluator (deepseek-v3.2): alt 5 vs alt 4 (parse attempt 1) -> CACHE (2490 chars)
2026-08-08 13:39:21.571   Evaluator (deepseek-v3.2): alt 5 vs alt 6 (parse attempt 1) -> CACHE (3196 chars)
2026-08-08 13:39:21.572   Evaluator (deepseek-v3.2): alt 5 vs alt 7 (parse attempt 1) -> CACHE (3082 chars)
2026-08-08 13:39:21.572   Evaluator (deepseek-v3.2): alt 5 vs alt 8 (parse attempt 1) -> CACHE (3475 chars)
2026-08-08 13:39:21.572   Evaluator (deepseek-v3.2): alt 5 vs alt 9 (parse attempt 1) -> CACHE (2485 chars)
2026-08-08 13:39:21.572   Evaluator (deepseek-v3.2): alt 5 vs alt 10 (parse attempt 1) -> CACHE (3286 chars)
2026-08-08 13:39:21.572   Evaluator (deepseek-v3.2): alt 5 vs alt 11 (parse attempt 1) -> CACHE (2524 chars)
2026-08-08 13:39:21.572   Evaluator (deepseek-v3.2): alt 5 vs alt 12 (parse attempt 1) -> CACHE (2602 chars)
2026-08-08 13:39:21.572   Evaluator (deepseek-v3.2): alt 5 vs alt 13 (parse attempt 1) -> CACHE (2645 chars)
2026-08-08 13:39:21.573   Evaluator (deepseek-v3.2): alt 5 vs alt 14 (parse attempt 1) -> CACHE (3821 chars)
2026-08-08 13:39:21.573   Evaluator (deepseek-v3.2): alt 5 vs alt 15 (parse attempt 1) -> CACHE (3189 chars)
2026-08-08 13:39:21.573   Evaluator (deepseek-v3.2): alt 5 vs alt 16 (parse attempt 1) -> CACHE (3032 chars)
2026-08-08 13:39:21.573   Evaluator (deepseek-v3.2): alt 5 vs alt 17 (parse attempt 1) -> CACHE (2150 chars)
2026-08-08 13:39:21.573   Evaluator (deepseek-v3.2): alt 5 vs alt 18 (parse attempt 1) -> CACHE (2047 chars)
2026-08-08 13:39:21.573   Evaluator (deepseek-v3.2): alt 5 vs alt 19 (parse attempt 1) -> CACHE (3306 chars)
2026-08-08 13:39:21.574   Evaluator (deepseek-v3.2): alt 5 vs alt 20 (parse attempt 1) -> CACHE (2146 chars)
2026-08-08 13:39:21.574   Evaluator (deepseek-v3.2): alt 5 vs alt 21 (parse attempt 1) -> CACHE (2173 chars)
2026-08-08 13:39:21.574   Evaluator (deepseek-v3.2): alt 5 vs alt 22 (parse attempt 1) -> CACHE (2218 chars)
2026-08-08 13:39:21.574   Evaluator (deepseek-v3.2): alt 5 vs alt 23 (parse attempt 1) -> CACHE (2347 chars)
2026-08-08 13:39:21.574   Evaluator (deepseek-v3.2): alt 5 vs alt 24 (parse attempt 1) -> CACHE (2486 chars)
2026-08-08 13:39:21.574   Evaluator (deepseek-v3.2): alt 5 vs alt 25 (parse attempt 1) -> CACHE (2601 chars)
2026-08-08 13:39:21.575   Evaluator (deepseek-v3.2): alt 5 vs alt 26 (parse attempt 1) -> CACHE (3919 chars)
2026-08-08 13:39:21.575   Evaluator (deepseek-v3.2): alt 5 vs alt 27 (parse attempt 1) -> CACHE (3175 chars)
2026-08-08 13:39:21.575   Evaluator (deepseek-v3.2): alt 5 vs alt 28 (parse attempt 1) -> CACHE (1857 chars)
2026-08-08 13:39:21.575   Evaluator (deepseek-v3.2): alt 5 vs alt 29 (parse attempt 1) -> CACHE (2415 chars)
2026-08-08 13:39:21.575   Evaluator (deepseek-v3.2): alt 5 vs alt 30 (parse attempt 1) -> CACHE (1927 chars)
2026-08-08 13:39:21.575   Evaluator (deepseek-v3.2): alt 5 vs alt 31 (parse attempt 1) -> CACHE (2441 chars)
2026-08-08 13:39:21.575   Evaluator (deepseek-v3.2): alt 5 vs alt 32 (parse attempt 1) -> CACHE (2258 chars)
2026-08-08 13:39:21.576   Evaluator (deepseek-v3.2): alt 5 vs alt 33 (parse attempt 1) -> CACHE (3647 chars)
2026-08-08 13:39:21.576   Evaluator (deepseek-v3.2): alt 5 vs alt 34 (parse attempt 1) -> CACHE (3119 chars)
2026-08-08 13:39:21.578   Evaluator (deepseek-v3.2): alt 6 vs incumbent (parse attempt 1) -> CACHE (2779 chars)
2026-08-08 13:39:21.578   Evaluator (deepseek-v3.2): alt 6 vs alt 1 (parse attempt 1) -> CACHE (1813 chars)
2026-08-08 13:39:21.578   Evaluator (deepseek-v3.2): alt 6 vs alt 2 (parse attempt 1) -> CACHE (2214 chars)
2026-08-08 13:39:21.578   Evaluator (deepseek-v3.2): alt 6 vs alt 3 (parse attempt 1) -> CACHE (2952 chars)
2026-08-08 13:39:21.579   Evaluator (deepseek-v3.2): alt 6 vs alt 4 (parse attempt 1) -> CACHE (3100 chars)
2026-08-08 13:39:21.579   Evaluator (deepseek-v3.2): alt 6 vs alt 5 (parse attempt 1) -> CACHE (2531 chars)
2026-08-08 13:39:21.579   Evaluator (deepseek-v3.2): alt 6 vs alt 7 (parse attempt 1) -> CACHE (2576 chars)
2026-08-08 13:39:21.579   Evaluator (deepseek-v3.2): alt 6 vs alt 8 (parse attempt 1) -> CACHE (2232 chars)
2026-08-08 13:39:21.579   Evaluator (deepseek-v3.2): alt 6 vs alt 9 (parse attempt 1) -> CACHE (2461 chars)
2026-08-08 13:39:21.579   Evaluator (deepseek-v3.2): alt 6 vs alt 10 (parse attempt 1) -> CACHE (2383 chars)
2026-08-08 13:39:21.580   Evaluator (deepseek-v3.2): alt 6 vs alt 11 (parse attempt 1) -> CACHE (2050 chars)
2026-08-08 13:39:21.580   Evaluator (deepseek-v3.2): alt 6 vs alt 12 (parse attempt 1) -> CACHE (3811 chars)
2026-08-08 13:39:21.580   Evaluator (deepseek-v3.2): alt 6 vs alt 13 (parse attempt 1) -> CACHE (2449 chars)
2026-08-08 13:39:21.580   Evaluator (deepseek-v3.2): alt 6 vs alt 14 (parse attempt 1) -> CACHE (3279 chars)
2026-08-08 13:39:21.580   Evaluator (deepseek-v3.2): alt 6 vs alt 15 (parse attempt 1) -> CACHE (1928 chars)
2026-08-08 13:39:21.580   Evaluator (deepseek-v3.2): alt 6 vs alt 16 (parse attempt 1) -> CACHE (2455 chars)
2026-08-08 13:39:21.581   Evaluator (deepseek-v3.2): alt 6 vs alt 17 (parse attempt 1) -> CACHE (2327 chars)
2026-08-08 13:39:21.581   Evaluator (deepseek-v3.2): alt 6 vs alt 18 (parse attempt 1) -> CACHE (2511 chars)
2026-08-08 13:39:21.581   Evaluator (deepseek-v3.2): alt 6 vs alt 19 (parse attempt 1) -> CACHE (2609 chars)
2026-08-08 13:39:21.581   Evaluator (deepseek-v3.2): alt 6 vs alt 20 (parse attempt 1) -> CACHE (2204 chars)
2026-08-08 13:39:21.581   Evaluator (deepseek-v3.2): alt 6 vs alt 21 (parse attempt 1) -> CACHE (2177 chars)
2026-08-08 13:39:21.581   Evaluator (deepseek-v3.2): alt 6 vs alt 22 (parse attempt 1) -> CACHE (1940 chars)
2026-08-08 13:39:21.581   Evaluator (deepseek-v3.2): alt 6 vs alt 23 (parse attempt 1) -> CACHE (2168 chars)
2026-08-08 13:39:21.582   Evaluator (deepseek-v3.2): alt 6 vs alt 24 (parse attempt 1) -> CACHE (2993 chars)
2026-08-08 13:39:21.582   Evaluator (deepseek-v3.2): alt 6 vs alt 25 (parse attempt 1) -> CACHE (2395 chars)
2026-08-08 13:39:21.582   Evaluator (deepseek-v3.2): alt 6 vs alt 26 (parse attempt 1) -> CACHE (3382 chars)
2026-08-08 13:39:21.582   Evaluator (deepseek-v3.2): alt 6 vs alt 27 (parse attempt 1) -> CACHE (2208 chars)
2026-08-08 13:39:21.582   Evaluator (deepseek-v3.2): alt 6 vs alt 28 (parse attempt 1) -> CACHE (2751 chars)
2026-08-08 13:39:21.582   Evaluator (deepseek-v3.2): alt 6 vs alt 29 (parse attempt 1) -> CACHE (2104 chars)
2026-08-08 13:39:21.583   Evaluator (deepseek-v3.2): alt 6 vs alt 30 (parse attempt 1) -> CACHE (2143 chars)
2026-08-08 13:39:21.583   Evaluator (deepseek-v3.2): alt 6 vs alt 31 (parse attempt 1) -> CACHE (2603 chars)
2026-08-08 13:39:21.583   Evaluator (deepseek-v3.2): alt 6 vs alt 32 (parse attempt 1) -> CACHE (2245 chars)
2026-08-08 13:39:21.583   Evaluator (deepseek-v3.2): alt 6 vs alt 33 (parse attempt 1) -> CACHE (2776 chars)
2026-08-08 13:39:21.583   Evaluator (deepseek-v3.2): alt 6 vs alt 34 (parse attempt 1) -> CACHE (1857 chars)
2026-08-08 13:39:21.585   Evaluator (deepseek-v3.2): alt 7 vs incumbent (parse attempt 1) -> CACHE (2532 chars)
2026-08-08 13:39:21.586   Evaluator (deepseek-v3.2): alt 7 vs alt 1 (parse attempt 1) -> CACHE (1854 chars)
2026-08-08 13:39:21.586   Evaluator (deepseek-v3.2): alt 7 vs alt 2 (parse attempt 1) -> CACHE (3268 chars)
2026-08-08 13:39:21.586   Evaluator (deepseek-v3.2): alt 7 vs alt 3 (parse attempt 1) -> CACHE (4337 chars)
2026-08-08 13:39:21.586   Evaluator (deepseek-v3.2): alt 7 vs alt 4 (parse attempt 1) -> CACHE (3278 chars)
2026-08-08 13:39:21.586   Evaluator (deepseek-v3.2): alt 7 vs alt 5 (parse attempt 1) -> CACHE (3901 chars)
2026-08-08 13:39:21.586   Evaluator (deepseek-v3.2): alt 7 vs alt 6 (parse attempt 1) -> CACHE (3419 chars)
2026-08-08 13:39:21.587   Evaluator (deepseek-v3.2): alt 7 vs alt 8 (parse attempt 1) -> CACHE (2007 chars)
2026-08-08 13:39:21.587   Evaluator (deepseek-v3.2): alt 7 vs alt 9 (parse attempt 1) -> CACHE (3563 chars)
2026-08-08 13:39:21.587   Evaluator (deepseek-v3.2): alt 7 vs alt 10 (parse attempt 1) -> CACHE (2102 chars)
2026-08-08 13:39:21.587   Evaluator (deepseek-v3.2): alt 7 vs alt 11 (parse attempt 1) -> CACHE (3320 chars)
2026-08-08 13:39:21.587   Evaluator (deepseek-v3.2): alt 7 vs alt 12 (parse attempt 1) -> CACHE (1973 chars)
2026-08-08 13:39:21.587   Evaluator (deepseek-v3.2): alt 7 vs alt 13 (parse attempt 1) -> CACHE (3057 chars)
2026-08-08 13:39:21.588   Evaluator (deepseek-v3.2): alt 7 vs alt 14 (parse attempt 1) -> CACHE (2488 chars)
2026-08-08 13:39:21.588   Evaluator (deepseek-v3.2): alt 7 vs alt 15 (parse attempt 1) -> CACHE (2741 chars)
2026-08-08 13:39:21.588   Evaluator (deepseek-v3.2): alt 7 vs alt 16 (parse attempt 1) -> CACHE (3129 chars)
2026-08-08 13:39:21.588   Evaluator (deepseek-v3.2): alt 7 vs alt 17 (parse attempt 1) -> CACHE (3114 chars)
2026-08-08 13:39:21.588   Evaluator (deepseek-v3.2): alt 7 vs alt 18 (parse attempt 1) -> CACHE (2950 chars)
2026-08-08 13:39:21.588   Evaluator (deepseek-v3.2): alt 7 vs alt 19 (parse attempt 1) -> CACHE (4061 chars)
2026-08-08 13:39:21.589   Evaluator (deepseek-v3.2): alt 7 vs alt 20 (parse attempt 1) -> CACHE (3591 chars)
2026-08-08 13:39:21.589 JSON parse failed (attempt 1/5): 'winner'
2026-08-08 13:39:21.589   Evaluator (deepseek-v3.2): alt 7 vs alt 20 (parse attempt 2) -> CACHE (2938 chars)
2026-08-08 13:39:21.589   Evaluator (deepseek-v3.2): alt 7 vs alt 21 (parse attempt 1) -> CACHE (2510 chars)
2026-08-08 13:39:21.589   Evaluator (deepseek-v3.2): alt 7 vs alt 22 (parse attempt 1) -> CACHE (2007 chars)
2026-08-08 13:39:21.589   Evaluator (deepseek-v3.2): alt 7 vs alt 23 (parse attempt 1) -> CACHE (4010 chars)
2026-08-08 13:39:21.589   Evaluator (deepseek-v3.2): alt 7 vs alt 24 (parse attempt 1) -> CACHE (2123 chars)
2026-08-08 13:39:21.590   Evaluator (deepseek-v3.2): alt 7 vs alt 25 (parse attempt 1) -> CACHE (1897 chars)
2026-08-08 13:39:21.590   Evaluator (deepseek-v3.2): alt 7 vs alt 26 (parse attempt 1) -> CACHE (3326 chars)
2026-08-08 13:39:21.590   Evaluator (deepseek-v3.2): alt 7 vs alt 27 (parse attempt 1) -> CACHE (3536 chars)
2026-08-08 13:39:21.590   Evaluator (deepseek-v3.2): alt 7 vs alt 28 (parse attempt 1) -> CACHE (4453 chars)
2026-08-08 13:39:21.590 JSON parse failed (attempt 1/5): 'winner'
2026-08-08 13:39:21.590   Evaluator (deepseek-v3.2): alt 7 vs alt 28 (parse attempt 2) -> CACHE (2368 chars)
2026-08-08 13:39:21.590   Evaluator (deepseek-v3.2): alt 7 vs alt 29 (parse attempt 1) -> CACHE (3083 chars)
2026-08-08 13:39:21.591   Evaluator (deepseek-v3.2): alt 7 vs alt 30 (parse attempt 1) -> CACHE (2287 chars)
2026-08-08 13:39:21.591   Evaluator (deepseek-v3.2): alt 7 vs alt 31 (parse attempt 1) -> CACHE (2567 chars)
2026-08-08 13:39:21.591   Evaluator (deepseek-v3.2): alt 7 vs alt 32 (parse attempt 1) -> CACHE (3262 chars)
2026-08-08 13:39:21.591   Evaluator (deepseek-v3.2): alt 7 vs alt 33 (parse attempt 1) -> CACHE (2817 chars)
2026-08-08 13:39:21.591   Evaluator (deepseek-v3.2): alt 7 vs alt 34 (parse attempt 1) -> CACHE (3223 chars)
2026-08-08 13:39:21.593   Evaluator (deepseek-v3.2): alt 8 vs incumbent (parse attempt 1) -> CACHE (3600 chars)
2026-08-08 13:39:21.593   Evaluator (deepseek-v3.2): alt 8 vs alt 1 (parse attempt 1) -> CACHE (2761 chars)
2026-08-08 13:39:21.594   Evaluator (deepseek-v3.2): alt 8 vs alt 2 (parse attempt 1) -> CACHE (2177 chars)
2026-08-08 13:39:21.594   Evaluator (deepseek-v3.2): alt 8 vs alt 3 (parse attempt 1) -> CACHE (4701 chars)
2026-08-08 13:39:21.594   Evaluator (deepseek-v3.2): alt 8 vs alt 4 (parse attempt 1) -> CACHE (4125 chars)
2026-08-08 13:39:21.594   Evaluator (deepseek-v3.2): alt 8 vs alt 5 (parse attempt 1) -> CACHE (2555 chars)
2026-08-08 13:39:21.594   Evaluator (deepseek-v3.2): alt 8 vs alt 6 (parse attempt 1) -> CACHE (2517 chars)
2026-08-08 13:39:21.594   Evaluator (deepseek-v3.2): alt 8 vs alt 7 (parse attempt 1) -> CACHE (1977 chars)
2026-08-08 13:39:21.594   Evaluator (deepseek-v3.2): alt 8 vs alt 9 (parse attempt 1) -> CACHE (2512 chars)
2026-08-08 13:39:21.595   Evaluator (deepseek-v3.2): alt 8 vs alt 10 (parse attempt 1) -> CACHE (3043 chars)
2026-08-08 13:39:21.595   Evaluator (deepseek-v3.2): alt 8 vs alt 11 (parse attempt 1) -> CACHE (2366 chars)
2026-08-08 13:39:21.595   Evaluator (deepseek-v3.2): alt 8 vs alt 12 (parse attempt 1) -> CACHE (2356 chars)
2026-08-08 13:39:21.595   Evaluator (deepseek-v3.2): alt 8 vs alt 13 (parse attempt 1) -> CACHE (3688 chars)
2026-08-08 13:39:21.595   Evaluator (deepseek-v3.2): alt 8 vs alt 14 (parse attempt 1) -> CACHE (2634 chars)
2026-08-08 13:39:21.595   Evaluator (deepseek-v3.2): alt 8 vs alt 15 (parse attempt 1) -> CACHE (2069 chars)
2026-08-08 13:39:21.596   Evaluator (deepseek-v3.2): alt 8 vs alt 16 (parse attempt 1) -> CACHE (2672 chars)
2026-08-08 13:39:21.596   Evaluator (deepseek-v3.2): alt 8 vs alt 17 (parse attempt 1) -> CACHE (2571 chars)
2026-08-08 13:39:21.596   Evaluator (deepseek-v3.2): alt 8 vs alt 18 (parse attempt 1) -> CACHE (2848 chars)
2026-08-08 13:39:21.596   Evaluator (deepseek-v3.2): alt 8 vs alt 19 (parse attempt 1) -> CACHE (3439 chars)
2026-08-08 13:39:21.596   Evaluator (deepseek-v3.2): alt 8 vs alt 20 (parse attempt 1) -> CACHE (2386 chars)
2026-08-08 13:39:21.596   Evaluator (deepseek-v3.2): alt 8 vs alt 21 (parse attempt 1) -> CACHE (2516 chars)
2026-08-08 13:39:21.596   Evaluator (deepseek-v3.2): alt 8 vs alt 22 (parse attempt 1) -> CACHE (1264 chars)
2026-08-08 13:39:21.597   Evaluator (deepseek-v3.2): alt 8 vs alt 23 (parse attempt 1) -> CACHE (2994 chars)
2026-08-08 13:39:21.597   Evaluator (deepseek-v3.2): alt 8 vs alt 24 (parse attempt 1) -> CACHE (4108 chars)
2026-08-08 13:39:21.597 JSON parse failed (attempt 1/5): 'winner'
2026-08-08 13:39:21.597   Evaluator (deepseek-v3.2): alt 8 vs alt 24 (parse attempt 2) -> CACHE (3519 chars)
2026-08-08 13:39:21.597 JSON parse failed (attempt 2/5): 'winner'
2026-08-08 13:39:21.597   Evaluator (deepseek-v3.2): alt 8 vs alt 24 (parse attempt 3) -> CACHE (4293 chars)
2026-08-08 13:39:21.597 JSON parse failed (attempt 3/5): 'winner'
2026-08-08 13:39:21.597   Evaluator (deepseek-v3.2): alt 8 vs alt 24 (parse attempt 4) -> CACHE (3454 chars)
2026-08-08 13:39:21.597   Evaluator (deepseek-v3.2): alt 8 vs alt 25 (parse attempt 1) -> CACHE (3623 chars)
2026-08-08 13:39:21.598   Evaluator (deepseek-v3.2): alt 8 vs alt 26 (parse attempt 1) -> CACHE (1931 chars)
2026-08-08 13:39:21.598   Evaluator (deepseek-v3.2): alt 8 vs alt 27 (parse attempt 1) -> CACHE (3011 chars)
2026-08-08 13:39:21.598   Evaluator (deepseek-v3.2): alt 8 vs alt 28 (parse attempt 1) -> CACHE (3539 chars)
2026-08-08 13:39:21.598 JSON parse failed (attempt 1/5): 'winner'
2026-08-08 13:39:21.598   Evaluator (deepseek-v3.2): alt 8 vs alt 28 (parse attempt 2) -> CACHE (3621 chars)
2026-08-08 13:39:21.598   Evaluator (deepseek-v3.2): alt 8 vs alt 29 (parse attempt 1) -> CACHE (4462 chars)
2026-08-08 13:39:21.598   Evaluator (deepseek-v3.2): alt 8 vs alt 30 (parse attempt 1) -> CACHE (3204 chars)
2026-08-08 13:39:21.599   Evaluator (deepseek-v3.2): alt 8 vs alt 31 (parse attempt 1) -> CACHE (3872 chars)
2026-08-08 13:39:21.599   Evaluator (deepseek-v3.2): alt 8 vs alt 32 (parse attempt 1) -> CACHE (4041 chars)
2026-08-08 13:39:21.599   Evaluator (deepseek-v3.2): alt 8 vs alt 33 (parse attempt 1) -> CACHE (3789 chars)
2026-08-08 13:39:21.599   Evaluator (deepseek-v3.2): alt 8 vs alt 34 (parse attempt 1) -> CACHE (3595 chars)
2026-08-08 13:39:21.601   Evaluator (deepseek-v3.2): alt 9 vs incumbent (parse attempt 1) -> CACHE (3603 chars)
2026-08-08 13:39:21.601   Evaluator (deepseek-v3.2): alt 9 vs alt 1 (parse attempt 1) -> CACHE (2399 chars)
2026-08-08 13:39:21.602   Evaluator (deepseek-v3.2): alt 9 vs alt 2 (parse attempt 1) -> CACHE (2726 chars)
2026-08-08 13:39:21.602   Evaluator (deepseek-v3.2): alt 9 vs alt 3 (parse attempt 1) -> CACHE (2696 chars)
2026-08-08 13:39:21.602   Evaluator (deepseek-v3.2): alt 9 vs alt 4 (parse attempt 1) -> CACHE (2269 chars)
2026-08-08 13:39:21.602   Evaluator (deepseek-v3.2): alt 9 vs alt 5 (parse attempt 1) -> CACHE (2929 chars)
2026-08-08 13:39:21.602   Evaluator (deepseek-v3.2): alt 9 vs alt 6 (parse attempt 1) -> CACHE (3476 chars)
2026-08-08 13:39:21.602   Evaluator (deepseek-v3.2): alt 9 vs alt 7 (parse attempt 1) -> CACHE (2328 chars)
2026-08-08 13:39:21.603   Evaluator (deepseek-v3.2): alt 9 vs alt 8 (parse attempt 1) -> CACHE (2354 chars)
2026-08-08 13:39:21.603   Evaluator (deepseek-v3.2): alt 9 vs alt 10 (parse attempt 1) -> CACHE (3077 chars)
2026-08-08 13:39:21.603   Evaluator (deepseek-v3.2): alt 9 vs alt 11 (parse attempt 1) -> CACHE (2656 chars)
2026-08-08 13:39:21.603   Evaluator (deepseek-v3.2): alt 9 vs alt 12 (parse attempt 1) -> CACHE (1864 chars)
2026-08-08 13:39:21.603   Evaluator (deepseek-v3.2): alt 9 vs alt 13 (parse attempt 1) -> CACHE (2603 chars)
2026-08-08 13:39:21.604   Evaluator (deepseek-v3.2): alt 9 vs alt 14 (parse attempt 1) -> CACHE (2753 chars)
2026-08-08 13:39:21.604   Evaluator (deepseek-v3.2): alt 9 vs alt 15 (parse attempt 1) -> CACHE (3957 chars)
2026-08-08 13:39:21.604 JSON parse failed (attempt 1/5): 'winner'
2026-08-08 13:39:21.604   Evaluator (deepseek-v3.2): alt 9 vs alt 15 (parse attempt 2) -> CACHE (2413 chars)
2026-08-08 13:39:21.604   Evaluator (deepseek-v3.2): alt 9 vs alt 16 (parse attempt 1) -> CACHE (3372 chars)
2026-08-08 13:39:21.604   Evaluator (deepseek-v3.2): alt 9 vs alt 17 (parse attempt 1) -> CACHE (1972 chars)
2026-08-08 13:39:21.604   Evaluator (deepseek-v3.2): alt 9 vs alt 18 (parse attempt 1) -> CACHE (1925 chars)
2026-08-08 13:39:21.605   Evaluator (deepseek-v3.2): alt 9 vs alt 19 (parse attempt 1) -> CACHE (2726 chars)
2026-08-08 13:39:21.605   Evaluator (deepseek-v3.2): alt 9 vs alt 20 (parse attempt 1) -> CACHE (2603 chars)
2026-08-08 13:39:21.605   Evaluator (deepseek-v3.2): alt 9 vs alt 21 (parse attempt 1) -> CACHE (3359 chars)
2026-08-08 13:39:21.605   Evaluator (deepseek-v3.2): alt 9 vs alt 22 (parse attempt 1) -> CACHE (3535 chars)
2026-08-08 13:39:21.605   Evaluator (deepseek-v3.2): alt 9 vs alt 23 (parse attempt 1) -> CACHE (2144 chars)
2026-08-08 13:39:21.605   Evaluator (deepseek-v3.2): alt 9 vs alt 24 (parse attempt 1) -> CACHE (2772 chars)
2026-08-08 13:39:21.605   Evaluator (deepseek-v3.2): alt 9 vs alt 25 (parse attempt 1) -> CACHE (1920 chars)
2026-08-08 13:39:21.606   Evaluator (deepseek-v3.2): alt 9 vs alt 26 (parse attempt 1) -> CACHE (2936 chars)
2026-08-08 13:39:21.606   Evaluator (deepseek-v3.2): alt 9 vs alt 27 (parse attempt 1) -> CACHE (1930 chars)
2026-08-08 13:39:21.606   Evaluator (deepseek-v3.2): alt 9 vs alt 28 (parse attempt 1) -> CACHE (4289 chars)
2026-08-08 13:39:21.606 JSON parse failed (attempt 1/5): 'winner'
2026-08-08 13:39:21.606   Evaluator (deepseek-v3.2): alt 9 vs alt 28 (parse attempt 2) -> CACHE (2783 chars)
2026-08-08 13:39:21.606   Evaluator (deepseek-v3.2): alt 9 vs alt 29 (parse attempt 1) -> CACHE (2745 chars)
2026-08-08 13:39:21.606   Evaluator (deepseek-v3.2): alt 9 vs alt 30 (parse attempt 1) -> CACHE (2951 chars)
2026-08-08 13:39:21.607   Evaluator (deepseek-v3.2): alt 9 vs alt 31 (parse attempt 1) -> CACHE (2587 chars)
2026-08-08 13:39:21.607   Evaluator (deepseek-v3.2): alt 9 vs alt 32 (parse attempt 1) -> CACHE (3369 chars)
2026-08-08 13:39:21.607   Evaluator (deepseek-v3.2): alt 9 vs alt 33 (parse attempt 1) -> CACHE (2970 chars)
2026-08-08 13:39:21.607   Evaluator (deepseek-v3.2): alt 9 vs alt 34 (parse attempt 1) -> CACHE (2548 chars)
2026-08-08 13:39:21.609   Evaluator (deepseek-v3.2): alt 10 vs incumbent (parse attempt 1) -> CACHE (2378 chars)
2026-08-08 13:39:21.609   Evaluator (deepseek-v3.2): alt 10 vs alt 1 (parse attempt 1) -> CACHE (2569 chars)
2026-08-08 13:39:21.609   Evaluator (deepseek-v3.2): alt 10 vs alt 2 (parse attempt 1) -> CACHE (2747 chars)
2026-08-08 13:39:21.610   Evaluator (deepseek-v3.2): alt 10 vs alt 3 (parse attempt 1) -> CACHE (2593 chars)
2026-08-08 13:39:21.610   Evaluator (deepseek-v3.2): alt 10 vs alt 4 (parse attempt 1) -> CACHE (3593 chars)
2026-08-08 13:39:21.610   Evaluator (deepseek-v3.2): alt 10 vs alt 5 (parse attempt 1) -> CACHE (3492 chars)
2026-08-08 13:39:21.610   Evaluator (deepseek-v3.2): alt 10 vs alt 6 (parse attempt 1) -> CACHE (2621 chars)
2026-08-08 13:39:21.610   Evaluator (deepseek-v3.2): alt 10 vs alt 7 (parse attempt 1) -> CACHE (2541 chars)
2026-08-08 13:39:21.610   Evaluator (deepseek-v3.2): alt 10 vs alt 8 (parse attempt 1) -> CACHE (2110 chars)
2026-08-08 13:39:21.611   Evaluator (deepseek-v3.2): alt 10 vs alt 9 (parse attempt 1) -> CACHE (1968 chars)
2026-08-08 13:39:21.611   Evaluator (deepseek-v3.2): alt 10 vs alt 11 (parse attempt 1) -> CACHE (2863 chars)
2026-08-08 13:39:21.611   Evaluator (deepseek-v3.2): alt 10 vs alt 12 (parse attempt 1) -> CACHE (3513 chars)
2026-08-08 13:39:21.611   Evaluator (deepseek-v3.2): alt 10 vs alt 13 (parse attempt 1) -> CACHE (2297 chars)
2026-08-08 13:39:21.611   Evaluator (deepseek-v3.2): alt 10 vs alt 14 (parse attempt 1) -> CACHE (2433 chars)
2026-08-08 13:39:21.611   Evaluator (deepseek-v3.2): alt 10 vs alt 15 (parse attempt 1) -> CACHE (2185 chars)
2026-08-08 13:39:21.612   Evaluator (deepseek-v3.2): alt 10 vs alt 16 (parse attempt 1) -> CACHE (2045 chars)
2026-08-08 13:39:21.612   Evaluator (deepseek-v3.2): alt 10 vs alt 17 (parse attempt 1) -> CACHE (2051 chars)
2026-08-08 13:39:21.612   Evaluator (deepseek-v3.2): alt 10 vs alt 18 (parse attempt 1) -> CACHE (2295 chars)
2026-08-08 13:39:21.612   Evaluator (deepseek-v3.2): alt 10 vs alt 19 (parse attempt 1) -> CACHE (2642 chars)
2026-08-08 13:39:21.612   Evaluator (deepseek-v3.2): alt 10 vs alt 20 (parse attempt 1) -> CACHE (2622 chars)
2026-08-08 13:39:29.881   Evaluator (deepseek-v3.2): incumbent vs alt 48 (parse attempt 1) -> OK (1753 chars)
2026-08-08 13:39:30.076   Evaluator (deepseek-v3.2): incumbent vs alt 47 (parse attempt 1) -> OK (2007 chars)
2026-08-08 13:39:30.490   Evaluator (deepseek-v3.2): alt 1 vs alt 40 (parse attempt 1) -> OK (2072 chars)
2026-08-08 13:39:30.692   Evaluator (deepseek-v3.2): alt 2 vs alt 35 (parse attempt 1) -> OK (1901 chars)
2026-08-08 13:39:30.790   Evaluator (deepseek-v3.2): alt 2 vs alt 42 (parse attempt 1) -> OK (2457 chars)
2026-08-08 13:39:30.919   Evaluator (deepseek-v3.2): incumbent vs alt 40 (parse attempt 1) -> OK (2085 chars)
2026-08-08 13:39:30.999   Evaluator (deepseek-v3.2): alt 2 vs alt 44 (parse attempt 1) -> OK (2081 chars)
2026-08-08 13:39:31.049   Evaluator (deepseek-v3.2): incumbent vs alt 41 (parse attempt 1) -> OK (2409 chars)
2026-08-08 13:39:31.093   Evaluator (deepseek-v3.2): incumbent vs alt 37 (parse attempt 1) -> OK (1884 chars)
2026-08-08 13:39:31.943   Evaluator (deepseek-v3.2): incumbent vs alt 39 (parse attempt 1) -> OK (3102 chars)
2026-08-08 13:39:32.429   Evaluator (deepseek-v3.2): incumbent vs alt 42 (parse attempt 1) -> OK (2783 chars)
2026-08-08 13:39:32.910   Evaluator (deepseek-v3.2): alt 2 vs alt 40 (parse attempt 1) -> OK (2410 chars)
2026-08-08 13:39:33.053   Evaluator (deepseek-v3.2): alt 2 vs alt 38 (parse attempt 1) -> OK (2605 chars)
2026-08-08 13:39:33.414   Evaluator (deepseek-v3.2): alt 2 vs alt 36 (parse attempt 1) -> OK (2366 chars)
2026-08-08 13:39:33.514   Evaluator (deepseek-v3.2): incumbent vs alt 36 (parse attempt 1) -> OK (2820 chars)
2026-08-08 13:39:33.825   Evaluator (deepseek-v3.2): incumbent vs alt 44 (parse attempt 1) -> OK (3441 chars)
2026-08-08 13:39:34.359   Evaluator (deepseek-v3.2): alt 3 vs alt 35 (parse attempt 1) -> OK (2899 chars)
2026-08-08 13:39:34.366   Evaluator (deepseek-v3.2): alt 3 vs alt 37 (parse attempt 1) -> OK (2709 chars)
2026-08-08 13:39:34.439   Evaluator (deepseek-v3.2): alt 2 vs alt 43 (parse attempt 1) -> OK (3214 chars)
2026-08-08 13:39:34.711   Evaluator (deepseek-v3.2): alt 1 vs alt 37 (parse attempt 1) -> OK (3147 chars)
2026-08-08 13:39:34.892   Evaluator (deepseek-v3.2): incumbent vs alt 38 (parse attempt 1) -> OK (3528 chars)
2026-08-08 13:39:35.065   Evaluator (deepseek-v3.2): alt 2 vs alt 37 (parse attempt 1) -> OK (3884 chars)
2026-08-08 13:39:35.155   Evaluator (deepseek-v3.2): alt 1 vs alt 45 (parse attempt 1) -> OK (3393 chars)
2026-08-08 13:39:35.698   Evaluator (deepseek-v3.2): alt 1 vs alt 48 (parse attempt 1) -> OK (4055 chars)
2026-08-08 13:39:35.858   Evaluator (deepseek-v3.2): incumbent vs alt 35 (parse attempt 1) -> OK (3486 chars)
2026-08-08 13:39:36.168   Evaluator (deepseek-v3.2): alt 1 vs alt 47 (parse attempt 1) -> OK (3602 chars)
2026-08-08 13:39:36.175   Evaluator (deepseek-v3.2): incumbent vs alt 43 (parse attempt 1) -> OK (3513 chars)
2026-08-08 13:39:36.753   Evaluator (deepseek-v3.2): alt 1 vs alt 46 (parse attempt 1) -> OK (3828 chars)
2026-08-08 13:39:36.884   Evaluator (deepseek-v3.2): alt 2 vs alt 45 (parse attempt 1) -> OK (3645 chars)
2026-08-08 13:39:37.279   Evaluator (deepseek-v3.2): alt 1 vs alt 39 (parse attempt 1) -> OK (3749 chars)
2026-08-08 13:39:38.149   Evaluator (deepseek-v3.2): alt 2 vs alt 48 (parse attempt 1) -> OK (1848 chars)
2026-08-08 13:39:38.245   Evaluator (deepseek-v3.2): incumbent vs alt 45 (parse attempt 1) -> OK (4240 chars)
2026-08-08 13:39:38.246 JSON parse failed (attempt 1/5): Expecting value: line 1 column 1 (char 0)
2026-08-08 13:39:38.837   Evaluator (deepseek-v3.2): incumbent vs alt 46 (parse attempt 1) -> OK (4938 chars)
2026-08-08 13:39:38.838 JSON parse failed (attempt 1/5): 'winner'
2026-08-08 13:39:39.347   Evaluator (deepseek-v3.2): alt 3 vs alt 39 (parse attempt 1) -> OK (2128 chars)
2026-08-08 13:39:39.779   Evaluator (deepseek-v3.2): alt 1 vs alt 35 (parse attempt 1) -> OK (4788 chars)
2026-08-08 13:39:39.839   Evaluator (deepseek-v3.2): alt 1 vs alt 41 (parse attempt 1) -> OK (4768 chars)
2026-08-08 13:39:40.869   Evaluator (deepseek-v3.2): alt 1 vs alt 44 (parse attempt 1) -> OK (4915 chars)
2026-08-08 13:39:40.924   Evaluator (deepseek-v3.2): alt 2 vs alt 39 (parse attempt 1) -> OK (5174 chars)
2026-08-08 13:39:41.509   Evaluator (deepseek-v3.2): alt 3 vs alt 36 (parse attempt 1) -> OK (2315 chars)
2026-08-08 13:39:41.631   Evaluator (deepseek-v3.2): alt 1 vs alt 38 (parse attempt 1) -> OK (5155 chars)
2026-08-08 13:39:42.142   Evaluator (deepseek-v3.2): alt 3 vs alt 38 (parse attempt 1) -> OK (2909 chars)
2026-08-08 13:39:42.630   Evaluator (deepseek-v3.2): alt 1 vs alt 43 (parse attempt 1) -> OK (4939 chars)
2026-08-08 13:39:42.842   Evaluator (deepseek-v3.2): alt 1 vs alt 42 (parse attempt 1) -> OK (5803 chars)
2026-08-08 13:39:43.415   Evaluator (deepseek-v3.2): alt 3 vs alt 42 (parse attempt 1) -> OK (3686 chars)
2026-08-08 13:39:43.778   Evaluator (deepseek-v3.2): alt 4 vs alt 40 (parse attempt 1) -> OK (2435 chars)
2026-08-08 13:39:44.215   Evaluator (deepseek-v3.2): alt 2 vs alt 47 (parse attempt 1) -> OK (3949 chars)
2026-08-08 13:39:44.400   Evaluator (deepseek-v3.2): alt 3 vs alt 44 (parse attempt 1) -> OK (3617 chars)
2026-08-08 13:39:44.695   Evaluator (deepseek-v3.2): alt 4 vs alt 45 (parse attempt 1) -> OK (2241 chars)
2026-08-08 13:39:44.741   Evaluator (deepseek-v3.2): alt 4 vs alt 41 (parse attempt 1) -> OK (2910 chars)
2026-08-08 13:39:45.098   Evaluator (deepseek-v3.2): alt 4 vs alt 37 (parse attempt 1) -> OK (3546 chars)
2026-08-08 13:39:45.104   Evaluator (deepseek-v3.2): alt 4 vs alt 43 (parse attempt 1) -> OK (2497 chars)
2026-08-08 13:39:45.439   Evaluator (deepseek-v3.2): alt 3 vs alt 41 (parse attempt 1) -> OK (3547 chars)
2026-08-08 13:39:45.447   Evaluator (deepseek-v3.2): alt 4 vs alt 46 (parse attempt 1) -> OK (2992 chars)
2026-08-08 13:39:45.951   Evaluator (deepseek-v3.2): alt 4 vs alt 36 (parse attempt 1) -> OK (3653 chars)
2026-08-08 13:39:46.106   Evaluator (deepseek-v3.2): alt 3 vs alt 40 (parse attempt 1) -> OK (3612 chars)
2026-08-08 13:39:46.106 JSON parse failed (attempt 1/5): 'winner'
2026-08-08 13:39:46.925   Evaluator (deepseek-v3.2): alt 2 vs alt 46 (parse attempt 1) -> OK (3814 chars)
2026-08-08 13:39:47.197   Evaluator (deepseek-v3.2): alt 4 vs alt 47 (parse attempt 1) -> OK (2654 chars)
2026-08-08 13:39:50.404   Evaluator (deepseek-v3.2): alt 5 vs alt 41 (parse attempt 1) -> OK (2587 chars)
2026-08-08 13:39:50.993   Evaluator (deepseek-v3.2): alt 4 vs alt 39 (parse attempt 1) -> OK (5147 chars)
2026-08-08 13:39:51.000   Evaluator (deepseek-v3.2): alt 5 vs alt 35 (parse attempt 1) -> OK (2626 chars)
2026-08-08 13:39:51.346   Evaluator (deepseek-v3.2): alt 4 vs alt 35 (parse attempt 1) -> OK (4554 chars)
2026-08-08 13:39:51.475   Evaluator (deepseek-v3.2): alt 6 vs alt 35 (parse attempt 1) -> OK (2394 chars)
2026-08-08 13:39:51.749   Evaluator (deepseek-v3.2): alt 4 vs alt 48 (parse attempt 1) -> OK (4015 chars)
2026-08-08 13:39:52.089   Evaluator (deepseek-v3.2): alt 2 vs alt 41 (parse attempt 1) -> OK (4220 chars)
2026-08-08 13:39:52.123   Evaluator (deepseek-v3.2): alt 4 vs alt 38 (parse attempt 1) -> OK (5265 chars)
2026-08-08 13:39:52.641   Evaluator (deepseek-v3.2): alt 6 vs alt 38 (parse attempt 1) -> OK (2512 chars)
2026-08-08 13:39:53.164   Evaluator (deepseek-v3.2): alt 4 vs alt 44 (parse attempt 1) -> OK (5001 chars)
2026-08-08 13:39:53.496   Evaluator (deepseek-v3.2): alt 6 vs alt 40 (parse attempt 1) -> OK (2026 chars)
2026-08-08 13:39:53.811   Evaluator (deepseek-v3.2): alt 6 vs alt 41 (parse attempt 1) -> OK (2364 chars)
2026-08-08 13:39:54.596   Evaluator (deepseek-v3.2): alt 3 vs alt 46 (parse attempt 1) -> OK (3393 chars)
2026-08-08 13:39:54.922   Evaluator (deepseek-v3.2): alt 6 vs alt 47 (parse attempt 1) -> OK (2447 chars)
2026-08-08 13:39:55.369   Evaluator (deepseek-v3.2): alt 5 vs alt 48 (parse attempt 1) -> OK (3861 chars)
2026-08-08 13:39:55.569   Evaluator (deepseek-v3.2): alt 6 vs alt 43 (parse attempt 1) -> OK (2568 chars)
2026-08-08 13:39:55.573   Evaluator (deepseek-v3.2): alt 6 vs alt 45 (parse attempt 1) -> OK (2532 chars)
2026-08-08 13:39:55.898   Evaluator (deepseek-v3.2): alt 6 vs alt 42 (parse attempt 1) -> OK (2316 chars)
2026-08-08 13:39:56.139   Evaluator (deepseek-v3.2): alt 6 vs alt 36 (parse attempt 1) -> OK (3012 chars)
2026-08-08 13:39:56.345   Evaluator (deepseek-v3.2): alt 3 vs alt 45 (parse attempt 1) -> OK (3377 chars)
2026-08-08 13:39:56.381   Evaluator (deepseek-v3.2): alt 6 vs alt 39 (parse attempt 1) -> OK (3021 chars)
2026-08-08 13:39:56.807   Evaluator (deepseek-v3.2): alt 5 vs alt 45 (parse attempt 1) -> OK (3449 chars)
2026-08-08 13:39:56.994   Evaluator (deepseek-v3.2): alt 6 vs alt 37 (parse attempt 1) -> OK (3657 chars)
2026-08-08 13:39:57.269   Evaluator (deepseek-v3.2): alt 6 vs alt 46 (parse attempt 1) -> OK (2581 chars)
2026-08-08 13:39:57.334   Evaluator (deepseek-v3.2): alt 6 vs alt 44 (parse attempt 1) -> OK (2945 chars)
2026-08-08 13:39:57.515   Evaluator (deepseek-v3.2): alt 4 vs alt 42 (parse attempt 1) -> OK (3674 chars)
2026-08-08 13:39:59.109   Evaluator (deepseek-v3.2): alt 5 vs alt 43 (parse attempt 1) -> OK (4107 chars)
2026-08-08 13:39:59.196   Evaluator (deepseek-v3.2): alt 1 vs alt 36 (parse attempt 1) -> OK (5129 chars)
2026-08-08 13:39:59.498   Evaluator (deepseek-v3.2): alt 5 vs alt 42 (parse attempt 1) -> OK (3674 chars)
2026-08-08 13:39:59.927   Evaluator (deepseek-v3.2): alt 7 vs alt 36 (parse attempt 1) -> OK (2021 chars)
2026-08-08 13:40:01.157   Evaluator (deepseek-v3.2): alt 5 vs alt 39 (parse attempt 1) -> OK (3022 chars)
2026-08-08 13:40:01.289   Evaluator (deepseek-v3.2): alt 3 vs alt 43 (parse attempt 1) -> OK (1746 chars)
2026-08-08 13:40:01.563   Evaluator (deepseek-v3.2): alt 7 vs alt 39 (parse attempt 1) -> OK (2546 chars)
2026-08-08 13:40:03.249   Evaluator (deepseek-v3.2): alt 7 vs alt 45 (parse attempt 1) -> OK (2335 chars)
2026-08-08 13:40:03.308   Evaluator (deepseek-v3.2): alt 8 vs alt 35 (parse attempt 1) -> OK (2170 chars)
2026-08-08 13:40:04.142   Evaluator (deepseek-v3.2): alt 8 vs alt 39 (parse attempt 1) -> OK (2088 chars)
2026-08-08 13:40:04.266   Evaluator (deepseek-v3.2): alt 7 vs alt 40 (parse attempt 1) -> OK (3064 chars)
2026-08-08 13:40:04.521   Evaluator (deepseek-v3.2): alt 6 vs alt 48 (parse attempt 1) -> OK (3525 chars)
2026-08-08 13:40:04.838   Evaluator (deepseek-v3.2): alt 7 vs alt 37 (parse attempt 1) -> OK (3357 chars)
2026-08-08 13:40:04.999   Evaluator (deepseek-v3.2): alt 3 vs alt 48 (parse attempt 1) -> OK (1787 chars)
2026-08-08 13:40:05.615   Evaluator (deepseek-v3.2): alt 8 vs alt 38 (parse attempt 1) -> OK (2088 chars)
2026-08-08 13:40:06.188   Evaluator (deepseek-v3.2): alt 3 vs alt 47 (parse attempt 1) -> OK (4592 chars)
2026-08-08 13:40:06.431   Evaluator (deepseek-v3.2): alt 7 vs alt 46 (parse attempt 1) -> OK (3577 chars)
2026-08-08 13:40:06.701   Evaluator (deepseek-v3.2): alt 8 vs alt 37 (parse attempt 1) -> OK (3693 chars)
2026-08-08 13:40:07.124   Evaluator (deepseek-v3.2): alt 7 vs alt 35 (parse attempt 1) -> OK (4918 chars)
2026-08-08 13:40:07.125 JSON parse failed (attempt 1/5): 'winner'
2026-08-08 13:40:07.723   Evaluator (deepseek-v3.2): alt 7 vs alt 42 (parse attempt 1) -> OK (3777 chars)
2026-08-08 13:40:07.749   Evaluator (deepseek-v3.2): alt 7 vs alt 47 (parse attempt 1) -> OK (2952 chars)
2026-08-08 13:40:07.776   Evaluator (deepseek-v3.2): alt 7 vs alt 44 (parse attempt 1) -> OK (4326 chars)
2026-08-08 13:40:07.776 JSON parse failed (attempt 1/5): 'winner'
2026-08-08 13:40:08.112   Evaluator (deepseek-v3.2): alt 5 vs alt 36 (parse attempt 1) -> OK (4507 chars)
2026-08-08 13:40:08.493   Evaluator (deepseek-v3.2): alt 7 vs alt 38 (parse attempt 1) -> OK (4390 chars)
2026-08-08 13:40:08.656   Evaluator (deepseek-v3.2): alt 8 vs alt 48 (parse attempt 1) -> OK (2523 chars)
2026-08-08 13:40:09.284   Evaluator (deepseek-v3.2): alt 9 vs alt 35 (parse attempt 1) -> OK (2258 chars)
2026-08-08 13:40:09.466   Evaluator (deepseek-v3.2): alt 8 vs alt 45 (parse attempt 1) -> OK (3725 chars)
2026-08-08 13:40:09.640   Evaluator (deepseek-v3.2): alt 7 vs alt 43 (parse attempt 1) -> OK (4477 chars)
2026-08-08 13:40:09.716   Evaluator (deepseek-v3.2): alt 8 vs alt 43 (parse attempt 1) -> OK (3965 chars)
2026-08-08 13:40:10.191   Evaluator (deepseek-v3.2): alt 7 vs alt 41 (parse attempt 1) -> OK (5268 chars)
2026-08-08 13:40:10.280   Evaluator (deepseek-v3.2): alt 9 vs alt 38 (parse attempt 1) -> OK (2381 chars)
2026-08-08 13:40:11.033   Evaluator (deepseek-v3.2): alt 8 vs alt 36 (parse attempt 1) -> OK (4309 chars)
2026-08-08 13:40:11.411   Evaluator (deepseek-v3.2): alt 7 vs alt 48 (parse attempt 1) -> OK (4271 chars)
2026-08-08 13:40:11.864   Evaluator (deepseek-v3.2): alt 9 vs alt 36 (parse attempt 1) -> OK (2523 chars)
2026-08-08 13:40:12.245   Evaluator (deepseek-v3.2): alt 8 vs alt 44 (parse attempt 1) -> OK (4650 chars)
2026-08-08 13:40:12.401   Evaluator (deepseek-v3.2): alt 8 vs alt 40 (parse attempt 1) -> OK (2196 chars)
2026-08-08 13:40:12.643   Evaluator (deepseek-v3.2): alt 8 vs alt 42 (parse attempt 1) -> OK (3847 chars)
2026-08-08 13:40:12.980   Evaluator (deepseek-v3.2): alt 9 vs alt 37 (parse attempt 1) -> OK (2866 chars)
2026-08-08 13:40:13.027   Evaluator (deepseek-v3.2): alt 8 vs alt 46 (parse attempt 1) -> OK (3276 chars)
2026-08-08 13:40:13.267   Evaluator (deepseek-v3.2): alt 9 vs alt 39 (parse attempt 1) -> OK (2825 chars)
2026-08-08 13:40:13.870   Evaluator (deepseek-v3.2): alt 9 vs alt 40 (parse attempt 1) -> OK (2476 chars)
2026-08-08 13:40:13.928   Evaluator (deepseek-v3.2): alt 5 vs alt 46 (parse attempt 1) -> OK (4712 chars)
2026-08-08 13:40:13.928 JSON parse failed (attempt 1/5): 'winner'
2026-08-08 13:40:14.535   Evaluator (deepseek-v3.2): alt 9 vs alt 43 (parse attempt 1) -> OK (2610 chars)
2026-08-08 13:40:14.731   Evaluator (deepseek-v3.2): alt 9 vs alt 47 (parse attempt 1) -> OK (2127 chars)
2026-08-08 13:40:14.956   Evaluator (deepseek-v3.2): alt 9 vs alt 45 (parse attempt 1) -> OK (2675 chars)
2026-08-08 13:40:15.420   Evaluator (deepseek-v3.2): alt 9 vs alt 42 (parse attempt 1) -> OK (3607 chars)
2026-08-08 13:40:16.308   Evaluator (deepseek-v3.2): alt 8 vs alt 41 (parse attempt 1) -> OK (5374 chars)
2026-08-08 13:40:16.563   Evaluator (deepseek-v3.2): alt 9 vs alt 46 (parse attempt 1) -> OK (2957 chars)
2026-08-08 13:40:16.569   Evaluator (deepseek-v3.2): alt 7 vs alt 35 (parse attempt 2) -> OK (2297 chars)
2026-08-08 13:40:17.054   Evaluator (deepseek-v3.2): alt 9 vs alt 41 (parse attempt 1) -> OK (3683 chars)
2026-08-08 13:40:18.173   Evaluator (deepseek-v3.2): alt 9 vs alt 44 (parse attempt 1) -> OK (3861 chars)
2026-08-08 13:40:19.055   Evaluator (deepseek-v3.2): alt 9 vs alt 48 (parse attempt 1) -> OK (3688 chars)
2026-08-08 13:40:22.093   Evaluator (deepseek-v3.2): incumbent vs alt 45 (parse attempt 2) -> OK (4065 chars)
2026-08-08 13:40:23.441   Evaluator (deepseek-v3.2): incumbent vs alt 46 (parse attempt 2) -> OK (4817 chars)
2026-08-08 13:40:23.442 JSON parse failed (attempt 2/5): 'winner'
2026-08-08 13:40:24.420   Evaluator (deepseek-v3.2): alt 7 vs alt 44 (parse attempt 2) -> OK (4500 chars)
2026-08-08 13:40:31.129   Evaluator (deepseek-v3.2): alt 5 vs alt 44 (parse attempt 1) -> OK (2452 chars)
2026-08-08 13:40:34.928   Evaluator (deepseek-v3.2): alt 8 vs alt 47 (parse attempt 1) -> OK (4533 chars)
2026-08-08 13:40:40.343   Evaluator (deepseek-v3.2): incumbent vs alt 46 (parse attempt 3) -> OK (4457 chars)
2026-08-08 13:40:44.748   Evaluator (deepseek-v3.2): alt 3 vs alt 40 (parse attempt 2) -> OK (5148 chars)
2026-08-08 13:40:44.748 JSON parse failed (attempt 2/5): 'winner'
2026-08-08 13:40:44.761   Evaluator (deepseek-v3.2): alt 5 vs alt 37 (parse attempt 1) -> OK (3435 chars)
2026-08-08 13:40:44.761 JSON parse failed (attempt 1/5): 'winner'
2026-08-08 13:40:49.372   Evaluator (deepseek-v3.2): alt 5 vs alt 38 (parse attempt 1) -> OK (4202 chars)
2026-08-08 13:40:51.826   Evaluator (deepseek-v3.2): alt 5 vs alt 46 (parse attempt 2) -> OK (4571 chars)
2026-08-08 13:40:54.999   Evaluator (deepseek-v3.2): alt 5 vs alt 40 (parse attempt 1) -> OK (3913 chars)
2026-08-08 13:41:01.949   Evaluator (deepseek-v3.2): alt 5 vs alt 47 (parse attempt 1) -> OK (4165 chars)
2026-08-08 13:41:05.805   Evaluator (deepseek-v3.2): alt 3 vs alt 40 (parse attempt 3) -> OK (2840 chars)
2026-08-08 13:41:49.657   Evaluator (deepseek-v3.2): alt 5 vs alt 37 (parse attempt 2) -> OK (3302 chars)
2026-08-08 13:41:49.658   Evaluator batch 1-500 / 2352 done
2026-08-08 13:41:49.660   Evaluator (deepseek-v3.2): alt 10 vs alt 21 (parse attempt 1) -> CACHE (2320 chars)
2026-08-08 13:41:49.660   Evaluator (deepseek-v3.2): alt 10 vs alt 22 (parse attempt 1) -> CACHE (3158 chars)
2026-08-08 13:41:49.661   Evaluator (deepseek-v3.2): alt 10 vs alt 23 (parse attempt 1) -> CACHE (2603 chars)
2026-08-08 13:41:49.665   Evaluator (deepseek-v3.2): alt 10 vs alt 24 (parse attempt 1) -> CACHE (2560 chars)
2026-08-08 13:41:49.665   Evaluator (deepseek-v3.2): alt 10 vs alt 25 (parse attempt 1) -> CACHE (2721 chars)
2026-08-08 13:41:49.666   Evaluator (deepseek-v3.2): alt 10 vs alt 26 (parse attempt 1) -> CACHE (361 chars)
2026-08-08 13:41:49.666   Evaluator (deepseek-v3.2): alt 10 vs alt 27 (parse attempt 1) -> CACHE (2346 chars)
2026-08-08 13:41:49.666   Evaluator (deepseek-v3.2): alt 10 vs alt 28 (parse attempt 1) -> CACHE (2465 chars)
2026-08-08 13:41:49.667   Evaluator (deepseek-v3.2): alt 10 vs alt 29 (parse attempt 1) -> CACHE (2516 chars)
2026-08-08 13:41:49.667   Evaluator (deepseek-v3.2): alt 10 vs alt 30 (parse attempt 1) -> CACHE (2229 chars)
2026-08-08 13:41:49.667   Evaluator (deepseek-v3.2): alt 10 vs alt 31 (parse attempt 1) -> CACHE (3157 chars)
2026-08-08 13:41:49.668   Evaluator (deepseek-v3.2): alt 10 vs alt 32 (parse attempt 1) -> CACHE (3073 chars)
2026-08-08 13:41:49.668   Evaluator (deepseek-v3.2): alt 10 vs alt 33 (parse attempt 1) -> CACHE (3233 chars)
2026-08-08 13:41:49.668   Evaluator (deepseek-v3.2): alt 10 vs alt 34 (parse attempt 1) -> CACHE (2438 chars)
2026-08-08 13:41:49.766   Evaluator (deepseek-v3.2): alt 11 vs incumbent (parse attempt 1) -> CACHE (1694 chars)
2026-08-08 13:41:49.766   Evaluator (deepseek-v3.2): alt 11 vs alt 1 (parse attempt 1) -> CACHE (3847 chars)
2026-08-08 13:41:49.767   Evaluator (deepseek-v3.2): alt 11 vs alt 2 (parse attempt 1) -> CACHE (2938 chars)
2026-08-08 13:41:49.767   Evaluator (deepseek-v3.2): alt 11 vs alt 3 (parse attempt 1) -> CACHE (4627 chars)
2026-08-08 13:41:49.767   Evaluator (deepseek-v3.2): alt 11 vs alt 4 (parse attempt 1) -> CACHE (2344 chars)
2026-08-08 13:41:49.768   Evaluator (deepseek-v3.2): alt 11 vs alt 5 (parse attempt 1) -> CACHE (1961 chars)
2026-08-08 13:41:49.768   Evaluator (deepseek-v3.2): alt 11 vs alt 6 (parse attempt 1) -> CACHE (2720 chars)
2026-08-08 13:41:49.768   Evaluator (deepseek-v3.2): alt 11 vs alt 7 (parse attempt 1) -> CACHE (1985 chars)
2026-08-08 13:41:49.768   Evaluator (deepseek-v3.2): alt 11 vs alt 8 (parse attempt 1) -> CACHE (2201 chars)
2026-08-08 13:41:49.769   Evaluator (deepseek-v3.2): alt 11 vs alt 9 (parse attempt 1) -> CACHE (3077 chars)
2026-08-08 13:41:49.773   Evaluator (deepseek-v3.2): alt 11 vs alt 10 (parse attempt 1) -> CACHE (3212 chars)
2026-08-08 13:41:49.774   Evaluator (deepseek-v3.2): alt 11 vs alt 12 (parse attempt 1) -> CACHE (3381 chars)
2026-08-08 13:41:49.774   Evaluator (deepseek-v3.2): alt 11 vs alt 13 (parse attempt 1) -> CACHE (3274 chars)
2026-08-08 13:41:49.775   Evaluator (deepseek-v3.2): alt 11 vs alt 14 (parse attempt 1) -> CACHE (2407 chars)
2026-08-08 13:41:49.775   Evaluator (deepseek-v3.2): alt 11 vs alt 15 (parse attempt 1) -> CACHE (1949 chars)
2026-08-08 13:41:49.775   Evaluator (deepseek-v3.2): alt 11 vs alt 16 (parse attempt 1) -> CACHE (1819 chars)
2026-08-08 13:41:49.776   Evaluator (deepseek-v3.2): alt 11 vs alt 17 (parse attempt 1) -> CACHE (3469 chars)
2026-08-08 13:41:49.776   Evaluator (deepseek-v3.2): alt 11 vs alt 18 (parse attempt 1) -> CACHE (3495 chars)
2026-08-08 13:41:49.777   Evaluator (deepseek-v3.2): alt 11 vs alt 19 (parse attempt 1) -> CACHE (2959 chars)
2026-08-08 13:41:49.777   Evaluator (deepseek-v3.2): alt 11 vs alt 20 (parse attempt 1) -> CACHE (3309 chars)
2026-08-08 13:41:49.781   Evaluator (deepseek-v3.2): alt 11 vs alt 21 (parse attempt 1) -> CACHE (2494 chars)
2026-08-08 13:41:49.782   Evaluator (deepseek-v3.2): alt 11 vs alt 22 (parse attempt 1) -> CACHE (4445 chars)
2026-08-08 13:41:49.782   Evaluator (deepseek-v3.2): alt 11 vs alt 23 (parse attempt 1) -> CACHE (4186 chars)
2026-08-08 13:41:49.783   Evaluator (deepseek-v3.2): alt 11 vs alt 24 (parse attempt 1) -> CACHE (2672 chars)
2026-08-08 13:41:49.783   Evaluator (deepseek-v3.2): alt 11 vs alt 25 (parse attempt 1) -> CACHE (4445 chars)
2026-08-08 13:41:49.783   Evaluator (deepseek-v3.2): alt 11 vs alt 26 (parse attempt 1) -> CACHE (2368 chars)
2026-08-08 13:41:49.784   Evaluator (deepseek-v3.2): alt 11 vs alt 27 (parse attempt 1) -> CACHE (2135 chars)
2026-08-08 13:41:49.784   Evaluator (deepseek-v3.2): alt 11 vs alt 28 (parse attempt 1) -> CACHE (2314 chars)
2026-08-08 13:41:49.784   Evaluator (deepseek-v3.2): alt 11 vs alt 29 (parse attempt 1) -> CACHE (1958 chars)
2026-08-08 13:41:49.785   Evaluator (deepseek-v3.2): alt 11 vs alt 30 (parse attempt 1) -> CACHE (4369 chars)
2026-08-08 13:41:49.789   Evaluator (deepseek-v3.2): alt 11 vs alt 31 (parse attempt 1) -> CACHE (1985 chars)
2026-08-08 13:41:49.790   Evaluator (deepseek-v3.2): alt 11 vs alt 32 (parse attempt 1) -> CACHE (3560 chars)
2026-08-08 13:41:49.790   Evaluator (deepseek-v3.2): alt 11 vs alt 33 (parse attempt 1) -> CACHE (4667 chars)
2026-08-08 13:41:49.791   Evaluator (deepseek-v3.2): alt 11 vs alt 34 (parse attempt 1) -> CACHE (3087 chars)
2026-08-08 13:41:49.837   Evaluator (deepseek-v3.2): alt 12 vs incumbent (parse attempt 1) -> CACHE (3842 chars)
2026-08-08 13:41:49.837 JSON parse failed (attempt 1/5): 'winner'
2026-08-08 13:41:49.837   Evaluator (deepseek-v3.2): alt 12 vs incumbent (parse attempt 2) -> CACHE (3155 chars)
2026-08-08 13:41:49.838   Evaluator (deepseek-v3.2): alt 12 vs alt 1 (parse attempt 1) -> CACHE (3842 chars)
2026-08-08 13:41:49.838 JSON parse failed (attempt 1/5): 'winner'
2026-08-08 13:41:49.838   Evaluator (deepseek-v3.2): alt 12 vs alt 1 (parse attempt 2) -> CACHE (4459 chars)
2026-08-08 13:41:49.838 JSON parse failed (attempt 2/5): 'winner'
2026-08-08 13:41:49.838   Evaluator (deepseek-v3.2): alt 12 vs alt 1 (parse attempt 3) -> CACHE (5156 chars)
2026-08-08 13:41:49.839 JSON parse failed (attempt 3/5): 'winner'
2026-08-08 13:41:49.839   Evaluator (deepseek-v3.2): alt 12 vs alt 1 (parse attempt 4) -> CACHE (5283 chars)
2026-08-08 13:41:49.839 JSON parse failed (attempt 4/5): 'winner'
2026-08-08 13:41:49.839   Evaluator (deepseek-v3.2): alt 12 vs alt 1 (parse attempt 5) -> CACHE (5371 chars)
2026-08-08 13:41:49.839 JSON parse failed (attempt 5/5): 'winner'
2026-08-08 13:41:49.839 ERROR: All JSON parse attempts failed for match, defaulting to tie
2026-08-08 13:41:49.839   Evaluator (deepseek-v3.2): alt 12 vs alt 2 (parse attempt 1) -> CACHE (3309 chars)
2026-08-08 13:41:49.840   Evaluator (deepseek-v3.2): alt 12 vs alt 3 (parse attempt 1) -> CACHE (2941 chars)
2026-08-08 13:41:49.840   Evaluator (deepseek-v3.2): alt 12 vs alt 4 (parse attempt 1) -> CACHE (3072 chars)
2026-08-08 13:41:49.840   Evaluator (deepseek-v3.2): alt 12 vs alt 5 (parse attempt 1) -> CACHE (3241 chars)
2026-08-08 13:41:49.841   Evaluator (deepseek-v3.2): alt 12 vs alt 6 (parse attempt 1) -> CACHE (3556 chars)
2026-08-08 13:41:49.841   Evaluator (deepseek-v3.2): alt 12 vs alt 7 (parse attempt 1) -> CACHE (3436 chars)
2026-08-08 13:41:49.841   Evaluator (deepseek-v3.2): alt 12 vs alt 8 (parse attempt 1) -> CACHE (2515 chars)
2026-08-08 13:41:49.841   Evaluator (deepseek-v3.2): alt 12 vs alt 9 (parse attempt 1) -> CACHE (3733 chars)
2026-08-08 13:41:49.842   Evaluator (deepseek-v3.2): alt 12 vs alt 10 (parse attempt 1) -> CACHE (3430 chars)
2026-08-08 13:41:49.842   Evaluator (deepseek-v3.2): alt 12 vs alt 11 (parse attempt 1) -> CACHE (3274 chars)
2026-08-08 13:41:49.842   Evaluator (deepseek-v3.2): alt 12 vs alt 13 (parse attempt 1) -> CACHE (2702 chars)
2026-08-08 13:41:49.843   Evaluator (deepseek-v3.2): alt 12 vs alt 14 (parse attempt 1) -> CACHE (2508 chars)
2026-08-08 13:41:49.843   Evaluator (deepseek-v3.2): alt 12 vs alt 15 (parse attempt 1) -> CACHE (2539 chars)
2026-08-08 13:41:49.843   Evaluator (deepseek-v3.2): alt 12 vs alt 16 (parse attempt 1) -> CACHE (2765 chars)
2026-08-08 13:41:49.843   Evaluator (deepseek-v3.2): alt 12 vs alt 17 (parse attempt 1) -> CACHE (2273 chars)
2026-08-08 13:41:49.844   Evaluator (deepseek-v3.2): alt 12 vs alt 18 (parse attempt 1) -> CACHE (2085 chars)
2026-08-08 13:41:49.844   Evaluator (deepseek-v3.2): alt 12 vs alt 19 (parse attempt 1) -> CACHE (3822 chars)
2026-08-08 13:41:49.844 JSON parse failed (attempt 1/5): 'winner'
2026-08-08 13:41:49.844   Evaluator (deepseek-v3.2): alt 12 vs alt 19 (parse attempt 2) -> CACHE (3113 chars)
2026-08-08 13:41:49.844   Evaluator (deepseek-v3.2): alt 12 vs alt 20 (parse attempt 1) -> CACHE (3724 chars)
2026-08-08 13:41:49.845   Evaluator (deepseek-v3.2): alt 12 vs alt 21 (parse attempt 1) -> CACHE (2592 chars)
2026-08-08 13:41:49.845   Evaluator (deepseek-v3.2): alt 12 vs alt 22 (parse attempt 1) -> CACHE (3051 chars)
2026-08-08 13:41:49.845   Evaluator (deepseek-v3.2): alt 12 vs alt 23 (parse attempt 1) -> CACHE (2686 chars)
2026-08-08 13:41:49.845   Evaluator (deepseek-v3.2): alt 12 vs alt 24 (parse attempt 1) -> CACHE (2360 chars)
2026-08-08 13:41:49.846   Evaluator (deepseek-v3.2): alt 12 vs alt 25 (parse attempt 1) -> CACHE (2156 chars)
2026-08-08 13:41:49.846   Evaluator (deepseek-v3.2): alt 12 vs alt 26 (parse attempt 1) -> CACHE (2436 chars)
2026-08-08 13:41:49.846   Evaluator (deepseek-v3.2): alt 12 vs alt 27 (parse attempt 1) -> CACHE (3453 chars)
2026-08-08 13:41:49.846   Evaluator (deepseek-v3.2): alt 12 vs alt 28 (parse attempt 1) -> CACHE (3843 chars)
2026-08-08 13:41:49.847   Evaluator (deepseek-v3.2): alt 12 vs alt 29 (parse attempt 1) -> CACHE (3356 chars)
2026-08-08 13:41:49.847   Evaluator (deepseek-v3.2): alt 12 vs alt 30 (parse attempt 1) -> CACHE (2928 chars)
2026-08-08 13:41:49.847   Evaluator (deepseek-v3.2): alt 12 vs alt 31 (parse attempt 1) -> CACHE (1937 chars)
2026-08-08 13:41:49.847   Evaluator (deepseek-v3.2): alt 12 vs alt 32 (parse attempt 1) -> CACHE (3952 chars)
2026-08-08 13:41:49.848 JSON parse failed (attempt 1/5): 'winner'
2026-08-08 13:41:49.848   Evaluator (deepseek-v3.2): alt 12 vs alt 32 (parse attempt 2) -> CACHE (2431 chars)
2026-08-08 13:41:49.848   Evaluator (deepseek-v3.2): alt 12 vs alt 33 (parse attempt 1) -> CACHE (2184 chars)
2026-08-08 13:41:49.848   Evaluator (deepseek-v3.2): alt 12 vs alt 34 (parse attempt 1) -> CACHE (3309 chars)
2026-08-08 13:41:49.882   Evaluator (deepseek-v3.2): alt 13 vs incumbent (parse attempt 1) -> CACHE (2401 chars)
2026-08-08 13:41:49.883   Evaluator (deepseek-v3.2): alt 13 vs alt 1 (parse attempt 1) -> CACHE (3108 chars)
2026-08-08 13:41:49.883   Evaluator (deepseek-v3.2): alt 13 vs alt 2 (parse attempt 1) -> CACHE (3266 chars)
2026-08-08 13:41:49.884   Evaluator (deepseek-v3.2): alt 13 vs alt 3 (parse attempt 1) -> CACHE (2183 chars)
2026-08-08 13:41:49.884   Evaluator (deepseek-v3.2): alt 13 vs alt 4 (parse attempt 1) -> CACHE (2767 chars)
2026-08-08 13:41:49.884   Evaluator (deepseek-v3.2): alt 13 vs alt 5 (parse attempt 1) -> CACHE (3304 chars)
2026-08-08 13:41:49.885   Evaluator (deepseek-v3.2): alt 13 vs alt 6 (parse attempt 1) -> CACHE (3636 chars)
2026-08-08 13:41:49.885   Evaluator (deepseek-v3.2): alt 13 vs alt 7 (parse attempt 1) -> CACHE (2127 chars)
2026-08-08 13:41:49.886   Evaluator (deepseek-v3.2): alt 13 vs alt 8 (parse attempt 1) -> CACHE (2192 chars)
2026-08-08 13:41:49.886   Evaluator (deepseek-v3.2): alt 13 vs alt 9 (parse attempt 1) -> CACHE (2893 chars)
2026-08-08 13:41:49.886 JSON parse failed (attempt 1/5): 'winner'
2026-08-08 13:41:49.886   Evaluator (deepseek-v3.2): alt 13 vs alt 9 (parse attempt 2) -> CACHE (2276 chars)
2026-08-08 13:41:49.887   Evaluator (deepseek-v3.2): alt 13 vs alt 10 (parse attempt 1) -> CACHE (2044 chars)
2026-08-08 13:41:49.887   Evaluator (deepseek-v3.2): alt 13 vs alt 11 (parse attempt 1) -> CACHE (2760 chars)
2026-08-08 13:41:49.887   Evaluator (deepseek-v3.2): alt 13 vs alt 12 (parse attempt 1) -> CACHE (3451 chars)
2026-08-08 13:41:49.887   Evaluator (deepseek-v3.2): alt 13 vs alt 14 (parse attempt 1) -> CACHE (2275 chars)
2026-08-08 13:41:49.888   Evaluator (deepseek-v3.2): alt 13 vs alt 15 (parse attempt 1) -> CACHE (3167 chars)
2026-08-08 13:41:49.888   Evaluator (deepseek-v3.2): alt 13 vs alt 16 (parse attempt 1) -> CACHE (2233 chars)
2026-08-08 13:41:49.888   Evaluator (deepseek-v3.2): alt 13 vs alt 17 (parse attempt 1) -> CACHE (1999 chars)
2026-08-08 13:41:49.889   Evaluator (deepseek-v3.2): alt 13 vs alt 18 (parse attempt 1) -> CACHE (2473 chars)
2026-08-08 13:41:49.889   Evaluator (deepseek-v3.2): alt 13 vs alt 19 (parse attempt 1) -> CACHE (3168 chars)
2026-08-08 13:41:49.889   Evaluator (deepseek-v3.2): alt 13 vs alt 20 (parse attempt 1) -> CACHE (3520 chars)
2026-08-08 13:41:49.890   Evaluator (deepseek-v3.2): alt 13 vs alt 21 (parse attempt 1) -> CACHE (2057 chars)
2026-08-08 13:41:49.890   Evaluator (deepseek-v3.2): alt 13 vs alt 22 (parse attempt 1) -> CACHE (2677 chars)
2026-08-08 13:41:49.890   Evaluator (deepseek-v3.2): alt 13 vs alt 23 (parse attempt 1) -> CACHE (2265 chars)
2026-08-08 13:41:49.890   Evaluator (deepseek-v3.2): alt 13 vs alt 24 (parse attempt 1) -> CACHE (2295 chars)
2026-08-08 13:41:49.891   Evaluator (deepseek-v3.2): alt 13 vs alt 25 (parse attempt 1) -> CACHE (2145 chars)
2026-08-08 13:41:49.891   Evaluator (deepseek-v3.2): alt 13 vs alt 26 (parse attempt 1) -> CACHE (2345 chars)
2026-08-08 13:41:49.891   Evaluator (deepseek-v3.2): alt 13 vs alt 27 (parse attempt 1) -> CACHE (3066 chars)
2026-08-08 13:41:49.891   Evaluator (deepseek-v3.2): alt 13 vs alt 28 (parse attempt 1) -> CACHE (2551 chars)
2026-08-08 13:41:49.892   Evaluator (deepseek-v3.2): alt 13 vs alt 29 (parse attempt 1) -> CACHE (2657 chars)
2026-08-08 13:41:49.892   Evaluator (deepseek-v3.2): alt 13 vs alt 30 (parse attempt 1) -> CACHE (1990 chars)
2026-08-08 13:41:49.892   Evaluator (deepseek-v3.2): alt 13 vs alt 31 (parse attempt 1) -> CACHE (2210 chars)
2026-08-08 13:41:49.892   Evaluator (deepseek-v3.2): alt 13 vs alt 32 (parse attempt 1) -> CACHE (2268 chars)
2026-08-08 13:41:49.893   Evaluator (deepseek-v3.2): alt 13 vs alt 33 (parse attempt 1) -> CACHE (3847 chars)
2026-08-08 13:41:49.893   Evaluator (deepseek-v3.2): alt 13 vs alt 34 (parse attempt 1) -> CACHE (2928 chars)
2026-08-08 13:41:49.897   Evaluator (deepseek-v3.2): alt 14 vs incumbent (parse attempt 1) -> CACHE (2446 chars)
2026-08-08 13:41:49.897   Evaluator (deepseek-v3.2): alt 14 vs alt 1 (parse attempt 1) -> CACHE (2464 chars)
2026-08-08 13:41:49.897   Evaluator (deepseek-v3.2): alt 14 vs alt 2 (parse attempt 1) -> CACHE (2734 chars)
2026-08-08 13:41:49.898   Evaluator (deepseek-v3.2): alt 14 vs alt 3 (parse attempt 1) -> CACHE (3419 chars)
2026-08-08 13:41:49.898   Evaluator (deepseek-v3.2): alt 14 vs alt 4 (parse attempt 1) -> CACHE (3322 chars)
2026-08-08 13:41:49.898   Evaluator (deepseek-v3.2): alt 14 vs alt 5 (parse attempt 1) -> CACHE (2487 chars)
2026-08-08 13:41:49.899   Evaluator (deepseek-v3.2): alt 14 vs alt 6 (parse attempt 1) -> CACHE (3010 chars)
2026-08-08 13:41:49.899 JSON parse failed (attempt 1/5): 'winner'
2026-08-08 13:41:49.899   Evaluator (deepseek-v3.2): alt 14 vs alt 6 (parse attempt 2) -> CACHE (3277 chars)
2026-08-08 13:41:49.899   Evaluator (deepseek-v3.2): alt 14 vs alt 7 (parse attempt 1) -> CACHE (2857 chars)
2026-08-08 13:41:49.899 JSON parse failed (attempt 1/5): 'winner'
2026-08-08 13:41:49.899   Evaluator (deepseek-v3.2): alt 14 vs alt 7 (parse attempt 2) -> CACHE (2771 chars)
2026-08-08 13:41:49.900   Evaluator (deepseek-v3.2): alt 14 vs alt 8 (parse attempt 1) -> CACHE (2345 chars)
2026-08-08 13:41:49.900   Evaluator (deepseek-v3.2): alt 14 vs alt 9 (parse attempt 1) -> CACHE (2913 chars)
2026-08-08 13:41:49.900   Evaluator (deepseek-v3.2): alt 14 vs alt 10 (parse attempt 1) -> CACHE (3416 chars)
2026-08-08 13:41:49.900   Evaluator (deepseek-v3.2): alt 14 vs alt 11 (parse attempt 1) -> CACHE (4001 chars)
2026-08-08 13:41:49.901   Evaluator (deepseek-v3.2): alt 14 vs alt 12 (parse attempt 1) -> CACHE (3116 chars)
2026-08-08 13:41:49.901   Evaluator (deepseek-v3.2): alt 14 vs alt 13 (parse attempt 1) -> CACHE (2203 chars)
2026-08-08 13:41:49.901   Evaluator (deepseek-v3.2): alt 14 vs alt 15 (parse attempt 1) -> CACHE (2466 chars)
2026-08-08 13:41:49.901   Evaluator (deepseek-v3.2): alt 14 vs alt 16 (parse attempt 1) -> CACHE (2319 chars)
2026-08-08 13:41:49.902   Evaluator (deepseek-v3.2): alt 14 vs alt 17 (parse attempt 1) -> CACHE (2533 chars)
2026-08-08 13:41:49.902   Evaluator (deepseek-v3.2): alt 14 vs alt 18 (parse attempt 1) -> CACHE (2536 chars)
2026-08-08 13:41:49.902   Evaluator (deepseek-v3.2): alt 14 vs alt 19 (parse attempt 1) -> CACHE (1842 chars)
2026-08-08 13:41:49.902   Evaluator (deepseek-v3.2): alt 14 vs alt 20 (parse attempt 1) -> CACHE (2423 chars)
2026-08-08 13:41:49.903   Evaluator (deepseek-v3.2): alt 14 vs alt 21 (parse attempt 1) -> CACHE (2624 chars)
2026-08-08 13:41:49.903   Evaluator (deepseek-v3.2): alt 14 vs alt 22 (parse attempt 1) -> CACHE (1979 chars)
2026-08-08 13:41:49.903   Evaluator (deepseek-v3.2): alt 14 vs alt 23 (parse attempt 1) -> CACHE (2334 chars)
2026-08-08 13:41:49.903   Evaluator (deepseek-v3.2): alt 14 vs alt 24 (parse attempt 1) -> CACHE (2280 chars)
2026-08-08 13:41:49.904   Evaluator (deepseek-v3.2): alt 14 vs alt 25 (parse attempt 1) -> CACHE (2951 chars)
2026-08-08 13:41:49.904   Evaluator (deepseek-v3.2): alt 14 vs alt 26 (parse attempt 1) -> CACHE (1586 chars)
2026-08-08 13:41:49.904   Evaluator (deepseek-v3.2): alt 14 vs alt 27 (parse attempt 1) -> CACHE (2219 chars)
2026-08-08 13:41:49.905   Evaluator (deepseek-v3.2): alt 14 vs alt 28 (parse attempt 1) -> CACHE (3370 chars)
2026-08-08 13:41:49.905   Evaluator (deepseek-v3.2): alt 14 vs alt 29 (parse attempt 1) -> CACHE (3392 chars)
2026-08-08 13:41:49.905   Evaluator (deepseek-v3.2): alt 14 vs alt 30 (parse attempt 1) -> CACHE (2735 chars)
2026-08-08 13:41:49.905   Evaluator (deepseek-v3.2): alt 14 vs alt 31 (parse attempt 1) -> CACHE (3493 chars)
2026-08-08 13:41:49.906   Evaluator (deepseek-v3.2): alt 14 vs alt 32 (parse attempt 1) -> CACHE (3567 chars)
2026-08-08 13:41:49.906 JSON parse failed (attempt 1/5): 'winner'
2026-08-08 13:41:49.906   Evaluator (deepseek-v3.2): alt 14 vs alt 32 (parse attempt 2) -> CACHE (3557 chars)
2026-08-08 13:41:49.906   Evaluator (deepseek-v3.2): alt 14 vs alt 33 (parse attempt 1) -> CACHE (3054 chars)
2026-08-08 13:41:49.906   Evaluator (deepseek-v3.2): alt 14 vs alt 34 (parse attempt 1) -> CACHE (3192 chars)
2026-08-08 13:41:49.911   Evaluator (deepseek-v3.2): alt 15 vs incumbent (parse attempt 1) -> CACHE (2926 chars)
2026-08-08 13:41:49.911   Evaluator (deepseek-v3.2): alt 15 vs alt 1 (parse attempt 1) -> CACHE (3017 chars)
2026-08-08 13:41:49.911   Evaluator (deepseek-v3.2): alt 15 vs alt 2 (parse attempt 1) -> CACHE (3228 chars)
2026-08-08 13:41:49.912   Evaluator (deepseek-v3.2): alt 15 vs alt 3 (parse attempt 1) -> CACHE (3466 chars)
2026-08-08 13:41:49.912   Evaluator (deepseek-v3.2): alt 15 vs alt 4 (parse attempt 1) -> CACHE (2371 chars)
2026-08-08 13:41:49.912   Evaluator (deepseek-v3.2): alt 15 vs alt 5 (parse attempt 1) -> CACHE (2977 chars)
2026-08-08 13:41:49.913   Evaluator (deepseek-v3.2): alt 15 vs alt 6 (parse attempt 1) -> CACHE (1807 chars)
2026-08-08 13:41:49.913   Evaluator (deepseek-v3.2): alt 15 vs alt 7 (parse attempt 1) -> CACHE (2429 chars)
2026-08-08 13:41:49.913   Evaluator (deepseek-v3.2): alt 15 vs alt 8 (parse attempt 1) -> CACHE (2478 chars)
2026-08-08 13:41:49.913   Evaluator (deepseek-v3.2): alt 15 vs alt 9 (parse attempt 1) -> CACHE (3165 chars)
2026-08-08 13:41:49.914   Evaluator (deepseek-v3.2): alt 15 vs alt 10 (parse attempt 1) -> CACHE (2439 chars)
2026-08-08 13:41:49.914   Evaluator (deepseek-v3.2): alt 15 vs alt 11 (parse attempt 1) -> CACHE (4291 chars)
2026-08-08 13:41:49.914 JSON parse failed (attempt 1/5): 'winner'
2026-08-08 13:41:49.914   Evaluator (deepseek-v3.2): alt 15 vs alt 11 (parse attempt 2) -> CACHE (3336 chars)
2026-08-08 13:41:49.915   Evaluator (deepseek-v3.2): alt 15 vs alt 12 (parse attempt 1) -> CACHE (2715 chars)
2026-08-08 13:41:49.915   Evaluator (deepseek-v3.2): alt 15 vs alt 13 (parse attempt 1) -> CACHE (3761 chars)
2026-08-08 13:41:49.915   Evaluator (deepseek-v3.2): alt 15 vs alt 14 (parse attempt 1) -> CACHE (2461 chars)
2026-08-08 13:41:49.915   Evaluator (deepseek-v3.2): alt 15 vs alt 16 (parse attempt 1) -> CACHE (3963 chars)
2026-08-08 13:41:49.916   Evaluator (deepseek-v3.2): alt 15 vs alt 17 (parse attempt 1) -> CACHE (2384 chars)
2026-08-08 13:41:49.916   Evaluator (deepseek-v3.2): alt 15 vs alt 18 (parse attempt 1) -> CACHE (2772 chars)
2026-08-08 13:41:49.916   Evaluator (deepseek-v3.2): alt 15 vs alt 19 (parse attempt 1) -> CACHE (1956 chars)
2026-08-08 13:41:49.917   Evaluator (deepseek-v3.2): alt 15 vs alt 20 (parse attempt 1) -> CACHE (3812 chars)
2026-08-08 13:41:49.917   Evaluator (deepseek-v3.2): alt 15 vs alt 21 (parse attempt 1) -> CACHE (3422 chars)
2026-08-08 13:41:49.917   Evaluator (deepseek-v3.2): alt 15 vs alt 22 (parse attempt 1) -> CACHE (2888 chars)
2026-08-08 13:41:49.917   Evaluator (deepseek-v3.2): alt 15 vs alt 23 (parse attempt 1) -> CACHE (2170 chars)
2026-08-08 13:41:49.918   Evaluator (deepseek-v3.2): alt 15 vs alt 24 (parse attempt 1) -> CACHE (3158 chars)
2026-08-08 13:41:49.918   Evaluator (deepseek-v3.2): alt 15 vs alt 25 (parse attempt 1) -> CACHE (2855 chars)
2026-08-08 13:41:49.918   Evaluator (deepseek-v3.2): alt 15 vs alt 26 (parse attempt 1) -> CACHE (1899 chars)
2026-08-08 13:41:49.918   Evaluator (deepseek-v3.2): alt 15 vs alt 27 (parse attempt 1) -> CACHE (3826 chars)
2026-08-08 13:41:49.919   Evaluator (deepseek-v3.2): alt 15 vs alt 28 (parse attempt 1) -> CACHE (2810 chars)
2026-08-08 13:41:49.919   Evaluator (deepseek-v3.2): alt 15 vs alt 29 (parse attempt 1) -> CACHE (2296 chars)
2026-08-08 13:41:49.919   Evaluator (deepseek-v3.2): alt 15 vs alt 30 (parse attempt 1) -> CACHE (1766 chars)
2026-08-08 13:41:49.920   Evaluator (deepseek-v3.2): alt 15 vs alt 31 (parse attempt 1) -> CACHE (3573 chars)
2026-08-08 13:41:49.920   Evaluator (deepseek-v3.2): alt 15 vs alt 32 (parse attempt 1) -> CACHE (3121 chars)
2026-08-08 13:41:49.920   Evaluator (deepseek-v3.2): alt 15 vs alt 33 (parse attempt 1) -> CACHE (2511 chars)
2026-08-08 13:41:49.920   Evaluator (deepseek-v3.2): alt 15 vs alt 34 (parse attempt 1) -> CACHE (2674 chars)
2026-08-08 13:41:49.924   Evaluator (deepseek-v3.2): alt 16 vs incumbent (parse attempt 1) -> CACHE (3358 chars)
2026-08-08 13:41:49.925   Evaluator (deepseek-v3.2): alt 16 vs alt 1 (parse attempt 1) -> CACHE (2418 chars)
2026-08-08 13:41:49.925   Evaluator (deepseek-v3.2): alt 16 vs alt 2 (parse attempt 1) -> CACHE (2659 chars)
2026-08-08 13:41:49.926   Evaluator (deepseek-v3.2): alt 16 vs alt 3 (parse attempt 1) -> CACHE (3430 chars)
2026-08-08 13:41:49.926   Evaluator (deepseek-v3.2): alt 16 vs alt 4 (parse attempt 1) -> CACHE (2318 chars)
2026-08-08 13:41:49.926   Evaluator (deepseek-v3.2): alt 16 vs alt 5 (parse attempt 1) -> CACHE (4036 chars)
2026-08-08 13:41:49.926   Evaluator (deepseek-v3.2): alt 16 vs alt 6 (parse attempt 1) -> CACHE (2092 chars)
2026-08-08 13:41:49.927   Evaluator (deepseek-v3.2): alt 16 vs alt 7 (parse attempt 1) -> CACHE (2455 chars)
2026-08-08 13:41:49.927   Evaluator (deepseek-v3.2): alt 16 vs alt 8 (parse attempt 1) -> CACHE (2847 chars)
2026-08-08 13:41:49.927   Evaluator (deepseek-v3.2): alt 16 vs alt 9 (parse attempt 1) -> CACHE (2425 chars)
2026-08-08 13:41:49.927   Evaluator (deepseek-v3.2): alt 16 vs alt 10 (parse attempt 1) -> CACHE (3764 chars)
2026-08-08 13:41:49.928   Evaluator (deepseek-v3.2): alt 16 vs alt 11 (parse attempt 1) -> CACHE (2509 chars)
2026-08-08 13:41:49.928   Evaluator (deepseek-v3.2): alt 16 vs alt 12 (parse attempt 1) -> CACHE (2137 chars)
2026-08-08 13:41:49.928   Evaluator (deepseek-v3.2): alt 16 vs alt 13 (parse attempt 1) -> CACHE (2132 chars)
2026-08-08 13:41:49.928   Evaluator (deepseek-v3.2): alt 16 vs alt 14 (parse attempt 1) -> CACHE (2208 chars)
2026-08-08 13:41:49.929   Evaluator (deepseek-v3.2): alt 16 vs alt 15 (parse attempt 1) -> CACHE (2379 chars)
2026-08-08 13:41:49.929   Evaluator (deepseek-v3.2): alt 16 vs alt 17 (parse attempt 1) -> CACHE (3861 chars)
2026-08-08 13:41:49.929   Evaluator (deepseek-v3.2): alt 16 vs alt 18 (parse attempt 1) -> CACHE (2873 chars)
2026-08-08 13:41:49.929   Evaluator (deepseek-v3.2): alt 16 vs alt 19 (parse attempt 1) -> CACHE (2397 chars)
2026-08-08 13:41:49.930   Evaluator (deepseek-v3.2): alt 16 vs alt 20 (parse attempt 1) -> CACHE (3524 chars)
2026-08-08 13:41:49.930 JSON parse failed (attempt 1/5): Invalid control character at: line 1 column 2946 (char 2945)
2026-08-08 13:41:49.930   Evaluator (deepseek-v3.2): alt 16 vs alt 20 (parse attempt 2) -> CACHE (1886 chars)
2026-08-08 13:41:49.930   Evaluator (deepseek-v3.2): alt 16 vs alt 21 (parse attempt 1) -> CACHE (3019 chars)
2026-08-08 13:41:49.930   Evaluator (deepseek-v3.2): alt 16 vs alt 22 (parse attempt 1) -> CACHE (2274 chars)
2026-08-08 13:41:49.931   Evaluator (deepseek-v3.2): alt 16 vs alt 23 (parse attempt 1) -> CACHE (2339 chars)
2026-08-08 13:41:49.931   Evaluator (deepseek-v3.2): alt 16 vs alt 24 (parse attempt 1) -> CACHE (1912 chars)
2026-08-08 13:41:49.931   Evaluator (deepseek-v3.2): alt 16 vs alt 25 (parse attempt 1) -> CACHE (1941 chars)
2026-08-08 13:41:49.931   Evaluator (deepseek-v3.2): alt 16 vs alt 26 (parse attempt 1) -> CACHE (3735 chars)
2026-08-08 13:41:49.932   Evaluator (deepseek-v3.2): alt 16 vs alt 27 (parse attempt 1) -> CACHE (2574 chars)
2026-08-08 13:41:49.932   Evaluator (deepseek-v3.2): alt 16 vs alt 28 (parse attempt 1) -> CACHE (3378 chars)
2026-08-08 13:41:49.932   Evaluator (deepseek-v3.2): alt 16 vs alt 29 (parse attempt 1) -> CACHE (3295 chars)
2026-08-08 13:41:49.932   Evaluator (deepseek-v3.2): alt 16 vs alt 30 (parse attempt 1) -> CACHE (2998 chars)
2026-08-08 13:41:49.933   Evaluator (deepseek-v3.2): alt 16 vs alt 31 (parse attempt 1) -> CACHE (2289 chars)
2026-08-08 13:41:49.933   Evaluator (deepseek-v3.2): alt 16 vs alt 32 (parse attempt 1) -> CACHE (2892 chars)
2026-08-08 13:41:49.933   Evaluator (deepseek-v3.2): alt 16 vs alt 33 (parse attempt 1) -> CACHE (2398 chars)
2026-08-08 13:41:49.933   Evaluator (deepseek-v3.2): alt 16 vs alt 34 (parse attempt 1) -> CACHE (4070 chars)
2026-08-08 13:41:49.937   Evaluator (deepseek-v3.2): alt 17 vs incumbent (parse attempt 1) -> CACHE (2640 chars)
2026-08-08 13:41:49.937   Evaluator (deepseek-v3.2): alt 17 vs alt 1 (parse attempt 1) -> CACHE (3124 chars)
2026-08-08 13:41:49.938   Evaluator (deepseek-v3.2): alt 17 vs alt 2 (parse attempt 1) -> CACHE (2193 chars)
2026-08-08 13:41:49.938   Evaluator (deepseek-v3.2): alt 17 vs alt 3 (parse attempt 1) -> CACHE (2982 chars)
2026-08-08 13:41:49.938   Evaluator (deepseek-v3.2): alt 17 vs alt 4 (parse attempt 1) -> CACHE (2062 chars)
2026-08-08 13:41:49.939   Evaluator (deepseek-v3.2): alt 17 vs alt 5 (parse attempt 1) -> CACHE (1621 chars)
2026-08-08 13:41:49.939   Evaluator (deepseek-v3.2): alt 17 vs alt 6 (parse attempt 1) -> CACHE (2801 chars)
2026-08-08 13:41:49.939   Evaluator (deepseek-v3.2): alt 17 vs alt 7 (parse attempt 1) -> CACHE (4489 chars)
2026-08-08 13:41:49.939 JSON parse failed (attempt 1/5): 'winner'
2026-08-08 13:41:49.940   Evaluator (deepseek-v3.2): alt 17 vs alt 7 (parse attempt 2) -> CACHE (5584 chars)
2026-08-08 13:41:49.940   Evaluator (deepseek-v3.2): alt 17 vs alt 8 (parse attempt 1) -> CACHE (2350 chars)
2026-08-08 13:41:49.940   Evaluator (deepseek-v3.2): alt 17 vs alt 9 (parse attempt 1) -> CACHE (3368 chars)
2026-08-08 13:41:49.940   Evaluator (deepseek-v3.2): alt 17 vs alt 10 (parse attempt 1) -> CACHE (1172 chars)
2026-08-08 13:41:49.941   Evaluator (deepseek-v3.2): alt 17 vs alt 11 (parse attempt 1) -> CACHE (2119 chars)
2026-08-08 13:41:49.941   Evaluator (deepseek-v3.2): alt 17 vs alt 12 (parse attempt 1) -> CACHE (3021 chars)
2026-08-08 13:41:49.941   Evaluator (deepseek-v3.2): alt 17 vs alt 13 (parse attempt 1) -> CACHE (3123 chars)
2026-08-08 13:41:49.942   Evaluator (deepseek-v3.2): alt 17 vs alt 14 (parse attempt 1) -> CACHE (2541 chars)
2026-08-08 13:41:49.942   Evaluator (deepseek-v3.2): alt 17 vs alt 15 (parse attempt 1) -> CACHE (2941 chars)
2026-08-08 13:41:49.942   Evaluator (deepseek-v3.2): alt 17 vs alt 16 (parse attempt 1) -> CACHE (2051 chars)
2026-08-08 13:41:49.943   Evaluator (deepseek-v3.2): alt 17 vs alt 18 (parse attempt 1) -> CACHE (2954 chars)
2026-08-08 13:41:49.943   Evaluator (deepseek-v3.2): alt 17 vs alt 19 (parse attempt 1) -> CACHE (4363 chars)
2026-08-08 13:41:49.943 JSON parse failed (attempt 1/5): 'winner'
2026-08-08 13:41:49.943   Evaluator (deepseek-v3.2): alt 17 vs alt 19 (parse attempt 2) -> CACHE (2461 chars)
2026-08-08 13:41:49.943   Evaluator (deepseek-v3.2): alt 17 vs alt 20 (parse attempt 1) -> CACHE (1940 chars)
2026-08-08 13:41:49.944   Evaluator (deepseek-v3.2): alt 17 vs alt 21 (parse attempt 1) -> CACHE (2646 chars)
2026-08-08 13:41:49.944   Evaluator (deepseek-v3.2): alt 17 vs alt 22 (parse attempt 1) -> CACHE (3092 chars)
2026-08-08 13:41:49.944   Evaluator (deepseek-v3.2): alt 17 vs alt 23 (parse attempt 1) -> CACHE (2569 chars)
2026-08-08 13:41:49.944   Evaluator (deepseek-v3.2): alt 17 vs alt 24 (parse attempt 1) -> CACHE (3720 chars)
2026-08-08 13:41:49.945   Evaluator (deepseek-v3.2): alt 17 vs alt 25 (parse attempt 1) -> CACHE (3648 chars)
2026-08-08 13:41:49.945   Evaluator (deepseek-v3.2): alt 17 vs alt 26 (parse attempt 1) -> CACHE (3953 chars)
2026-08-08 13:41:49.945   Evaluator (deepseek-v3.2): alt 17 vs alt 27 (parse attempt 1) -> CACHE (2458 chars)
2026-08-08 13:41:49.946   Evaluator (deepseek-v3.2): alt 17 vs alt 28 (parse attempt 1) -> CACHE (2386 chars)
2026-08-08 13:41:49.946   Evaluator (deepseek-v3.2): alt 17 vs alt 29 (parse attempt 1) -> CACHE (2398 chars)
2026-08-08 13:41:49.946   Evaluator (deepseek-v3.2): alt 17 vs alt 30 (parse attempt 1) -> CACHE (3951 chars)
2026-08-08 13:41:49.946   Evaluator (deepseek-v3.2): alt 17 vs alt 31 (parse attempt 1) -> CACHE (3171 chars)
2026-08-08 13:41:49.947   Evaluator (deepseek-v3.2): alt 17 vs alt 32 (parse attempt 1) -> CACHE (2050 chars)
2026-08-08 13:41:49.947   Evaluator (deepseek-v3.2): alt 17 vs alt 33 (parse attempt 1) -> CACHE (1944 chars)
2026-08-08 13:41:49.947   Evaluator (deepseek-v3.2): alt 17 vs alt 34 (parse attempt 1) -> CACHE (3534 chars)
2026-08-08 13:41:49.950   Evaluator (deepseek-v3.2): alt 18 vs incumbent (parse attempt 1) -> CACHE (2166 chars)
2026-08-08 13:41:49.950 JSON parse failed (attempt 1/5): 'winner'
2026-08-08 13:41:49.951   Evaluator (deepseek-v3.2): alt 18 vs incumbent (parse attempt 2) -> CACHE (3674 chars)
2026-08-08 13:41:49.951   Evaluator (deepseek-v3.2): alt 18 vs alt 1 (parse attempt 1) -> CACHE (2846 chars)
2026-08-08 13:41:49.951   Evaluator (deepseek-v3.2): alt 18 vs alt 2 (parse attempt 1) -> CACHE (4409 chars)
2026-08-08 13:41:49.952   Evaluator (deepseek-v3.2): alt 18 vs alt 3 (parse attempt 1) -> CACHE (3683 chars)
2026-08-08 13:41:49.952   Evaluator (deepseek-v3.2): alt 18 vs alt 4 (parse attempt 1) -> CACHE (4594 chars)
2026-08-08 13:41:49.952   Evaluator (deepseek-v3.2): alt 18 vs alt 5 (parse attempt 1) -> CACHE (1977 chars)
2026-08-08 13:41:49.952   Evaluator (deepseek-v3.2): alt 18 vs alt 6 (parse attempt 1) -> CACHE (2269 chars)
2026-08-08 13:41:49.953   Evaluator (deepseek-v3.2): alt 18 vs alt 7 (parse attempt 1) -> CACHE (2678 chars)
2026-08-08 13:41:49.953   Evaluator (deepseek-v3.2): alt 18 vs alt 8 (parse attempt 1) -> CACHE (2872 chars)
2026-08-08 13:41:49.953   Evaluator (deepseek-v3.2): alt 18 vs alt 9 (parse attempt 1) -> CACHE (1911 chars)
2026-08-08 13:41:49.954   Evaluator (deepseek-v3.2): alt 18 vs alt 10 (parse attempt 1) -> CACHE (2248 chars)
2026-08-08 13:41:49.954   Evaluator (deepseek-v3.2): alt 18 vs alt 11 (parse attempt 1) -> CACHE (2365 chars)
2026-08-08 13:41:49.954   Evaluator (deepseek-v3.2): alt 18 vs alt 12 (parse attempt 1) -> CACHE (3757 chars)
2026-08-08 13:41:49.955   Evaluator (deepseek-v3.2): alt 18 vs alt 13 (parse attempt 1) -> CACHE (3383 chars)
2026-08-08 13:41:49.955   Evaluator (deepseek-v3.2): alt 18 vs alt 14 (parse attempt 1) -> CACHE (2891 chars)
2026-08-08 13:41:49.955   Evaluator (deepseek-v3.2): alt 18 vs alt 15 (parse attempt 1) -> CACHE (3164 chars)
2026-08-08 13:41:49.956   Evaluator (deepseek-v3.2): alt 18 vs alt 16 (parse attempt 1) -> CACHE (2746 chars)
2026-08-08 13:41:49.956   Evaluator (deepseek-v3.2): alt 18 vs alt 17 (parse attempt 1) -> CACHE (3796 chars)
2026-08-08 13:41:49.956   Evaluator (deepseek-v3.2): alt 18 vs alt 19 (parse attempt 1) -> CACHE (2169 chars)
2026-08-08 13:41:49.956   Evaluator (deepseek-v3.2): alt 18 vs alt 20 (parse attempt 1) -> CACHE (2834 chars)
2026-08-08 13:41:49.957   Evaluator (deepseek-v3.2): alt 18 vs alt 21 (parse attempt 1) -> CACHE (2607 chars)
2026-08-08 13:41:49.957   Evaluator (deepseek-v3.2): alt 18 vs alt 22 (parse attempt 1) -> CACHE (2062 chars)
2026-08-08 13:41:49.957   Evaluator (deepseek-v3.2): alt 18 vs alt 23 (parse attempt 1) -> CACHE (2203 chars)
2026-08-08 13:41:49.957   Evaluator (deepseek-v3.2): alt 18 vs alt 24 (parse attempt 1) -> CACHE (2288 chars)
2026-08-08 13:41:49.958   Evaluator (deepseek-v3.2): alt 18 vs alt 25 (parse attempt 1) -> CACHE (2709 chars)
2026-08-08 13:41:49.958   Evaluator (deepseek-v3.2): alt 18 vs alt 26 (parse attempt 1) -> CACHE (1888 chars)
2026-08-08 13:41:49.958   Evaluator (deepseek-v3.2): alt 18 vs alt 27 (parse attempt 1) -> CACHE (2224 chars)
2026-08-08 13:41:49.958   Evaluator (deepseek-v3.2): alt 18 vs alt 28 (parse attempt 1) -> CACHE (2593 chars)
2026-08-08 13:41:49.959   Evaluator (deepseek-v3.2): alt 18 vs alt 29 (parse attempt 1) -> CACHE (2081 chars)
2026-08-08 13:41:49.959   Evaluator (deepseek-v3.2): alt 18 vs alt 30 (parse attempt 1) -> CACHE (3650 chars)
2026-08-08 13:41:49.959   Evaluator (deepseek-v3.2): alt 18 vs alt 31 (parse attempt 1) -> CACHE (2710 chars)
2026-08-08 13:41:49.959   Evaluator (deepseek-v3.2): alt 18 vs alt 32 (parse attempt 1) -> CACHE (2136 chars)
2026-08-08 13:41:49.960   Evaluator (deepseek-v3.2): alt 18 vs alt 33 (parse attempt 1) -> CACHE (2948 chars)
2026-08-08 13:41:49.960   Evaluator (deepseek-v3.2): alt 18 vs alt 34 (parse attempt 1) -> CACHE (2021 chars)
2026-08-08 13:41:49.963   Evaluator (deepseek-v3.2): alt 19 vs incumbent (parse attempt 1) -> CACHE (2712 chars)
2026-08-08 13:41:49.963   Evaluator (deepseek-v3.2): alt 19 vs alt 1 (parse attempt 1) -> CACHE (3492 chars)
2026-08-08 13:41:49.963   Evaluator (deepseek-v3.2): alt 19 vs alt 2 (parse attempt 1) -> CACHE (2492 chars)
2026-08-08 13:41:49.964   Evaluator (deepseek-v3.2): alt 19 vs alt 3 (parse attempt 1) -> CACHE (2601 chars)
2026-08-08 13:41:49.964   Evaluator (deepseek-v3.2): alt 19 vs alt 4 (parse attempt 1) -> CACHE (2524 chars)
2026-08-08 13:41:49.964   Evaluator (deepseek-v3.2): alt 19 vs alt 5 (parse attempt 1) -> CACHE (2565 chars)
2026-08-08 13:41:49.964   Evaluator (deepseek-v3.2): alt 19 vs alt 6 (parse attempt 1) -> CACHE (2732 chars)
2026-08-08 13:41:49.965   Evaluator (deepseek-v3.2): alt 19 vs alt 7 (parse attempt 1) -> CACHE (2273 chars)
2026-08-08 13:41:49.965   Evaluator (deepseek-v3.2): alt 19 vs alt 8 (parse attempt 1) -> CACHE (2792 chars)
2026-08-08 13:41:49.965   Evaluator (deepseek-v3.2): alt 19 vs alt 9 (parse attempt 1) -> CACHE (2404 chars)
2026-08-08 13:41:49.965   Evaluator (deepseek-v3.2): alt 19 vs alt 10 (parse attempt 1) -> CACHE (2336 chars)
2026-08-08 13:41:49.965   Evaluator (deepseek-v3.2): alt 19 vs alt 11 (parse attempt 1) -> CACHE (2186 chars)
2026-08-08 13:41:49.966   Evaluator (deepseek-v3.2): alt 19 vs alt 12 (parse attempt 1) -> CACHE (2072 chars)
2026-08-08 13:41:49.966   Evaluator (deepseek-v3.2): alt 19 vs alt 13 (parse attempt 1) -> CACHE (3922 chars)
2026-08-08 13:41:49.966   Evaluator (deepseek-v3.2): alt 19 vs alt 14 (parse attempt 1) -> CACHE (4579 chars)
2026-08-08 13:41:49.966   Evaluator (deepseek-v3.2): alt 19 vs alt 15 (parse attempt 1) -> CACHE (1760 chars)
2026-08-08 13:41:49.967   Evaluator (deepseek-v3.2): alt 19 vs alt 16 (parse attempt 1) -> CACHE (2006 chars)
2026-08-08 13:41:49.967   Evaluator (deepseek-v3.2): alt 19 vs alt 17 (parse attempt 1) -> CACHE (4030 chars)
2026-08-08 13:41:49.967   Evaluator (deepseek-v3.2): alt 19 vs alt 18 (parse attempt 1) -> CACHE (3289 chars)
2026-08-08 13:41:49.967   Evaluator (deepseek-v3.2): alt 19 vs alt 20 (parse attempt 1) -> CACHE (2528 chars)
2026-08-08 13:41:49.968   Evaluator (deepseek-v3.2): alt 19 vs alt 21 (parse attempt 1) -> CACHE (3890 chars)
2026-08-08 13:41:49.968   Evaluator (deepseek-v3.2): alt 19 vs alt 22 (parse attempt 1) -> CACHE (3728 chars)
2026-08-08 13:41:49.968 JSON parse failed (attempt 1/5): 'winner'
2026-08-08 13:41:49.968   Evaluator (deepseek-v3.2): alt 19 vs alt 22 (parse attempt 2) -> CACHE (1806 chars)
2026-08-08 13:41:49.968   Evaluator (deepseek-v3.2): alt 19 vs alt 23 (parse attempt 1) -> CACHE (3488 chars)
2026-08-08 13:41:49.969   Evaluator (deepseek-v3.2): alt 19 vs alt 24 (parse attempt 1) -> CACHE (2844 chars)
2026-08-08 13:41:49.969   Evaluator (deepseek-v3.2): alt 19 vs alt 25 (parse attempt 1) -> CACHE (2269 chars)
2026-08-08 13:41:49.969   Evaluator (deepseek-v3.2): alt 19 vs alt 26 (parse attempt 1) -> CACHE (2155 chars)
2026-08-08 13:41:49.970   Evaluator (deepseek-v3.2): alt 19 vs alt 27 (parse attempt 1) -> CACHE (2762 chars)
2026-08-08 13:41:49.970   Evaluator (deepseek-v3.2): alt 19 vs alt 28 (parse attempt 1) -> CACHE (3106 chars)
2026-08-08 13:41:49.970   Evaluator (deepseek-v3.2): alt 19 vs alt 29 (parse attempt 1) -> CACHE (3031 chars)
2026-08-08 13:41:49.971   Evaluator (deepseek-v3.2): alt 19 vs alt 30 (parse attempt 1) -> CACHE (2252 chars)
2026-08-08 13:41:49.971   Evaluator (deepseek-v3.2): alt 19 vs alt 31 (parse attempt 1) -> CACHE (3220 chars)
2026-08-08 13:41:49.972   Evaluator (deepseek-v3.2): alt 19 vs alt 32 (parse attempt 1) -> CACHE (2649 chars)
2026-08-08 13:41:49.972   Evaluator (deepseek-v3.2): alt 19 vs alt 33 (parse attempt 1) -> CACHE (4072 chars)
2026-08-08 13:41:49.972   Evaluator (deepseek-v3.2): alt 19 vs alt 34 (parse attempt 1) -> CACHE (3202 chars)
2026-08-08 13:41:49.976   Evaluator (deepseek-v3.2): alt 20 vs incumbent (parse attempt 1) -> CACHE (2202 chars)
2026-08-08 13:41:49.976   Evaluator (deepseek-v3.2): alt 20 vs alt 1 (parse attempt 1) -> CACHE (3060 chars)
2026-08-08 13:41:49.977   Evaluator (deepseek-v3.2): alt 20 vs alt 2 (parse attempt 1) -> CACHE (1168 chars)
2026-08-08 13:41:49.977   Evaluator (deepseek-v3.2): alt 20 vs alt 3 (parse attempt 1) -> CACHE (2172 chars)
2026-08-08 13:41:49.977   Evaluator (deepseek-v3.2): alt 20 vs alt 4 (parse attempt 1) -> CACHE (2755 chars)
2026-08-08 13:41:49.978   Evaluator (deepseek-v3.2): alt 20 vs alt 5 (parse attempt 1) -> CACHE (2198 chars)
2026-08-08 13:41:49.978   Evaluator (deepseek-v3.2): alt 20 vs alt 6 (parse attempt 1) -> CACHE (2841 chars)
2026-08-08 13:41:49.978   Evaluator (deepseek-v3.2): alt 20 vs alt 7 (parse attempt 1) -> CACHE (3312 chars)
2026-08-08 13:41:49.978   Evaluator (deepseek-v3.2): alt 20 vs alt 8 (parse attempt 1) -> CACHE (2597 chars)
2026-08-08 13:41:49.979   Evaluator (deepseek-v3.2): alt 20 vs alt 9 (parse attempt 1) -> CACHE (3327 chars)
2026-08-08 13:41:49.979   Evaluator (deepseek-v3.2): alt 20 vs alt 10 (parse attempt 1) -> CACHE (2564 chars)
2026-08-08 13:41:49.979   Evaluator (deepseek-v3.2): alt 20 vs alt 11 (parse attempt 1) -> CACHE (2793 chars)
2026-08-08 13:41:49.980   Evaluator (deepseek-v3.2): alt 20 vs alt 12 (parse attempt 1) -> CACHE (2107 chars)
2026-08-08 13:41:49.980   Evaluator (deepseek-v3.2): alt 20 vs alt 13 (parse attempt 1) -> CACHE (3525 chars)
2026-08-08 13:41:49.980   Evaluator (deepseek-v3.2): alt 20 vs alt 14 (parse attempt 1) -> CACHE (2150 chars)
2026-08-08 13:41:49.980   Evaluator (deepseek-v3.2): alt 20 vs alt 15 (parse attempt 1) -> CACHE (3345 chars)
2026-08-08 13:41:49.981   Evaluator (deepseek-v3.2): alt 20 vs alt 16 (parse attempt 1) -> CACHE (2249 chars)
2026-08-08 13:41:49.981   Evaluator (deepseek-v3.2): alt 20 vs alt 17 (parse attempt 1) -> CACHE (2887 chars)
2026-08-08 13:41:49.981   Evaluator (deepseek-v3.2): alt 20 vs alt 18 (parse attempt 1) -> CACHE (2337 chars)
2026-08-08 13:41:49.981 JSON parse failed (attempt 1/5): 'winner'
2026-08-08 13:41:49.981   Evaluator (deepseek-v3.2): alt 20 vs alt 18 (parse attempt 2) -> CACHE (3379 chars)
2026-08-08 13:41:49.981 JSON parse failed (attempt 2/5): 'winner'
2026-08-08 13:41:49.981   Evaluator (deepseek-v3.2): alt 20 vs alt 18 (parse attempt 3) -> CACHE (2990 chars)
2026-08-08 13:41:49.982   Evaluator (deepseek-v3.2): alt 20 vs alt 19 (parse attempt 1) -> CACHE (2481 chars)
2026-08-08 13:41:49.982   Evaluator (deepseek-v3.2): alt 20 vs alt 21 (parse attempt 1) -> CACHE (2603 chars)
2026-08-08 13:41:49.982   Evaluator (deepseek-v3.2): alt 20 vs alt 22 (parse attempt 1) -> CACHE (2020 chars)
2026-08-08 13:41:49.982   Evaluator (deepseek-v3.2): alt 20 vs alt 23 (parse attempt 1) -> CACHE (2744 chars)
2026-08-08 13:41:49.983   Evaluator (deepseek-v3.2): alt 20 vs alt 24 (parse attempt 1) -> CACHE (3797 chars)
2026-08-08 13:41:49.983   Evaluator (deepseek-v3.2): alt 20 vs alt 25 (parse attempt 1) -> CACHE (2635 chars)
2026-08-08 13:41:49.983   Evaluator (deepseek-v3.2): alt 20 vs alt 26 (parse attempt 1) -> CACHE (2055 chars)
2026-08-08 13:41:49.983   Evaluator (deepseek-v3.2): alt 20 vs alt 27 (parse attempt 1) -> CACHE (2282 chars)
2026-08-08 13:41:49.984   Evaluator (deepseek-v3.2): alt 20 vs alt 28 (parse attempt 1) -> CACHE (2272 chars)
2026-08-08 13:41:49.984   Evaluator (deepseek-v3.2): alt 20 vs alt 29 (parse attempt 1) -> CACHE (3328 chars)
2026-08-08 13:41:49.984   Evaluator (deepseek-v3.2): alt 20 vs alt 30 (parse attempt 1) -> CACHE (2240 chars)
2026-08-08 13:41:49.984   Evaluator (deepseek-v3.2): alt 20 vs alt 31 (parse attempt 1) -> CACHE (2438 chars)
2026-08-08 13:41:49.985   Evaluator (deepseek-v3.2): alt 20 vs alt 32 (parse attempt 1) -> CACHE (2911 chars)
2026-08-08 13:41:49.985   Evaluator (deepseek-v3.2): alt 20 vs alt 33 (parse attempt 1) -> CACHE (1915 chars)
2026-08-08 13:41:49.985   Evaluator (deepseek-v3.2): alt 20 vs alt 34 (parse attempt 1) -> CACHE (3335 chars)
2026-08-08 13:41:58.139   Evaluator (deepseek-v3.2): alt 12 vs alt 43 (parse attempt 1) -> OK (1304 chars)
2026-08-08 13:41:59.129   Evaluator (deepseek-v3.2): alt 10 vs alt 43 (parse attempt 1) -> OK (1750 chars)
2026-08-08 13:41:59.444   Evaluator (deepseek-v3.2): alt 10 vs alt 36 (parse attempt 1) -> OK (2147 chars)
2026-08-08 13:41:59.777   Evaluator (deepseek-v3.2): alt 11 vs alt 40 (parse attempt 1) -> OK (2189 chars)
2026-08-08 13:41:59.802   Evaluator (deepseek-v3.2): alt 10 vs alt 42 (parse attempt 1) -> OK (2138 chars)
2026-08-08 13:41:59.843   Evaluator (deepseek-v3.2): alt 10 vs alt 40 (parse attempt 1) -> OK (2262 chars)
2026-08-08 13:41:59.856   Evaluator (deepseek-v3.2): alt 10 vs alt 45 (parse attempt 1) -> OK (2564 chars)
2026-08-08 13:41:59.905   Evaluator (deepseek-v3.2): alt 10 vs alt 35 (parse attempt 1) -> OK (3057 chars)
2026-08-08 13:42:00.257   Evaluator (deepseek-v3.2): alt 11 vs alt 44 (parse attempt 1) -> OK (2206 chars)
2026-08-08 13:42:00.409   Evaluator (deepseek-v3.2): alt 11 vs alt 38 (parse attempt 1) -> OK (2559 chars)
2026-08-08 13:42:00.659   Evaluator (deepseek-v3.2): alt 12 vs alt 39 (parse attempt 1) -> OK (2425 chars)
2026-08-08 13:42:00.729   Evaluator (deepseek-v3.2): alt 12 vs alt 42 (parse attempt 1) -> OK (1649 chars)
2026-08-08 13:42:00.899   Evaluator (deepseek-v3.2): alt 10 vs alt 39 (parse attempt 1) -> OK (2742 chars)
2026-08-08 13:42:01.733   Evaluator (deepseek-v3.2): alt 10 vs alt 38 (parse attempt 1) -> OK (2730 chars)
2026-08-08 13:42:02.279   Evaluator (deepseek-v3.2): alt 12 vs alt 37 (parse attempt 1) -> OK (2874 chars)
2026-08-08 13:42:02.357   Evaluator (deepseek-v3.2): alt 11 vs alt 46 (parse attempt 1) -> OK (2858 chars)
2026-08-08 13:42:02.666   Evaluator (deepseek-v3.2): alt 12 vs alt 36 (parse attempt 1) -> OK (2657 chars)
2026-08-08 13:42:02.855   Evaluator (deepseek-v3.2): alt 11 vs alt 35 (parse attempt 1) -> OK (2679 chars)
2026-08-08 13:42:02.928   Evaluator (deepseek-v3.2): alt 12 vs alt 35 (parse attempt 1) -> OK (2915 chars)
2026-08-08 13:42:03.360   Evaluator (deepseek-v3.2): alt 10 vs alt 48 (parse attempt 1) -> OK (3661 chars)
2026-08-08 13:42:03.520   Evaluator (deepseek-v3.2): alt 11 vs alt 39 (parse attempt 1) -> OK (3824 chars)
2026-08-08 13:42:03.546   Evaluator (deepseek-v3.2): alt 10 vs alt 37 (parse attempt 1) -> OK (3450 chars)
2026-08-08 13:42:03.547 JSON parse failed (attempt 1/5): 'winner'
2026-08-08 13:42:03.938   Evaluator (deepseek-v3.2): alt 11 vs alt 41 (parse attempt 1) -> OK (3324 chars)
2026-08-08 13:42:03.952   Evaluator (deepseek-v3.2): alt 10 vs alt 46 (parse attempt 1) -> OK (3438 chars)
2026-08-08 13:42:04.423   Evaluator (deepseek-v3.2): alt 11 vs alt 36 (parse attempt 1) -> OK (4293 chars)
2026-08-08 13:42:04.797   Evaluator (deepseek-v3.2): alt 11 vs alt 48 (parse attempt 1) -> OK (3787 chars)
2026-08-08 13:42:05.014   Evaluator (deepseek-v3.2): alt 12 vs alt 46 (parse attempt 1) -> OK (4122 chars)
2026-08-08 13:42:05.232   Evaluator (deepseek-v3.2): alt 11 vs alt 45 (parse attempt 1) -> OK (3816 chars)
2026-08-08 13:42:05.452   Evaluator (deepseek-v3.2): alt 10 vs alt 44 (parse attempt 1) -> OK (3629 chars)
2026-08-08 13:42:05.879   Evaluator (deepseek-v3.2): alt 12 vs alt 45 (parse attempt 1) -> OK (3870 chars)
2026-08-08 13:42:05.886   Evaluator (deepseek-v3.2): alt 12 vs alt 44 (parse attempt 1) -> OK (4278 chars)
2026-08-08 13:42:05.903   Evaluator (deepseek-v3.2): alt 12 vs alt 40 (parse attempt 1) -> OK (3826 chars)
2026-08-08 13:42:05.953   Evaluator (deepseek-v3.2): alt 10 vs alt 47 (parse attempt 1) -> OK (3392 chars)
2026-08-08 13:42:06.533   Evaluator (deepseek-v3.2): alt 11 vs alt 43 (parse attempt 1) -> OK (4165 chars)
2026-08-08 13:42:07.135   Evaluator (deepseek-v3.2): alt 10 vs alt 41 (parse attempt 1) -> OK (4264 chars)
2026-08-08 13:42:07.601   Evaluator (deepseek-v3.2): alt 13 vs alt 40 (parse attempt 1) -> OK (1954 chars)
2026-08-08 13:42:08.740   Evaluator (deepseek-v3.2): alt 12 vs alt 38 (parse attempt 1) -> OK (4450 chars)
2026-08-08 13:42:08.873   Evaluator (deepseek-v3.2): alt 13 vs alt 38 (parse attempt 1) -> OK (2252 chars)
2026-08-08 13:42:08.952   Evaluator (deepseek-v3.2): alt 12 vs alt 41 (parse attempt 1) -> OK (5192 chars)
2026-08-08 13:42:09.233   Evaluator (deepseek-v3.2): alt 11 vs alt 42 (parse attempt 1) -> OK (4724 chars)
2026-08-08 13:42:09.516   Evaluator (deepseek-v3.2): alt 13 vs alt 45 (parse attempt 1) -> OK (2125 chars)
2026-08-08 13:42:09.825   Evaluator (deepseek-v3.2): alt 13 vs alt 39 (parse attempt 1) -> OK (2350 chars)
2026-08-08 13:42:10.147   Evaluator (deepseek-v3.2): alt 13 vs alt 42 (parse attempt 1) -> OK (2580 chars)
2026-08-08 13:42:10.493   Evaluator (deepseek-v3.2): alt 11 vs alt 47 (parse attempt 1) -> OK (4693 chars)
2026-08-08 13:42:10.812   Evaluator (deepseek-v3.2): alt 12 vs alt 48 (parse attempt 1) -> OK (2589 chars)
2026-08-08 13:42:11.336   Evaluator (deepseek-v3.2): alt 14 vs alt 38 (parse attempt 1) -> OK (2105 chars)
2026-08-08 13:42:12.059   Evaluator (deepseek-v3.2): alt 14 vs alt 35 (parse attempt 1) -> OK (2101 chars)
2026-08-08 13:42:12.326   Evaluator (deepseek-v3.2): alt 13 vs alt 44 (parse attempt 1) -> OK (2890 chars)
2026-08-08 13:42:12.474   Evaluator (deepseek-v3.2): alt 13 vs alt 47 (parse attempt 1) -> OK (2597 chars)
2026-08-08 13:42:12.816   Evaluator (deepseek-v3.2): alt 14 vs alt 40 (parse attempt 1) -> OK (2899 chars)
2026-08-08 13:42:12.858   Evaluator (deepseek-v3.2): alt 13 vs alt 35 (parse attempt 1) -> OK (3993 chars)
2026-08-08 13:42:13.291   Evaluator (deepseek-v3.2): alt 14 vs alt 37 (parse attempt 1) -> OK (2652 chars)
2026-08-08 13:42:13.431   Evaluator (deepseek-v3.2): alt 13 vs alt 37 (parse attempt 1) -> OK (4159 chars)
2026-08-08 13:42:13.431 JSON parse failed (attempt 1/5): 'winner'
2026-08-08 13:42:13.730   Evaluator (deepseek-v3.2): alt 15 vs alt 35 (parse attempt 1) -> OK (2107 chars)
2026-08-08 13:42:13.737   Evaluator (deepseek-v3.2): alt 13 vs alt 46 (parse attempt 1) -> OK (3467 chars)
2026-08-08 13:42:13.988   Evaluator (deepseek-v3.2): alt 14 vs alt 46 (parse attempt 1) -> OK (2791 chars)
2026-08-08 13:42:14.446   Evaluator (deepseek-v3.2): alt 11 vs alt 37 (parse attempt 1) -> OK (3091 chars)
2026-08-08 13:42:14.614   Evaluator (deepseek-v3.2): alt 13 vs alt 41 (parse attempt 1) -> OK (4271 chars)
2026-08-08 13:42:14.704   Evaluator (deepseek-v3.2): alt 14 vs alt 47 (parse attempt 1) -> OK (2566 chars)
2026-08-08 13:42:15.468   Evaluator (deepseek-v3.2): alt 15 vs alt 40 (parse attempt 1) -> OK (2087 chars)
2026-08-08 13:42:15.677   Evaluator (deepseek-v3.2): alt 14 vs alt 43 (parse attempt 1) -> OK (3606 chars)
2026-08-08 13:42:16.053   Evaluator (deepseek-v3.2): alt 13 vs alt 43 (parse attempt 1) -> OK (4399 chars)
2026-08-08 13:42:16.053 JSON parse failed (attempt 1/5): 'winner'
2026-08-08 13:42:16.268   Evaluator (deepseek-v3.2): alt 15 vs alt 38 (parse attempt 1) -> OK (2321 chars)
2026-08-08 13:42:17.131   Evaluator (deepseek-v3.2): alt 13 vs alt 36 (parse attempt 1) -> OK (4730 chars)
2026-08-08 13:42:17.358   Evaluator (deepseek-v3.2): alt 13 vs alt 48 (parse attempt 1) -> OK (4441 chars)
2026-08-08 13:42:17.359 JSON parse failed (attempt 1/5): 'winner'
2026-08-08 13:42:18.286   Evaluator (deepseek-v3.2): alt 15 vs alt 39 (parse attempt 1) -> OK (2974 chars)
2026-08-08 13:42:18.310   Evaluator (deepseek-v3.2): alt 15 vs alt 36 (parse attempt 1) -> OK (3224 chars)
2026-08-08 13:42:18.544   Evaluator (deepseek-v3.2): alt 15 vs alt 37 (parse attempt 1) -> OK (3548 chars)
2026-08-08 13:42:18.545 JSON parse failed (attempt 1/5): 'winner'
2026-08-08 13:42:18.561   Evaluator (deepseek-v3.2): alt 15 vs alt 41 (parse attempt 1) -> OK (2603 chars)
2026-08-08 13:42:18.821   Evaluator (deepseek-v3.2): alt 14 vs alt 42 (parse attempt 1) -> OK (2062 chars)
2026-08-08 13:42:18.993   Evaluator (deepseek-v3.2): alt 15 vs alt 45 (parse attempt 1) -> OK (2170 chars)
2026-08-08 13:42:19.012   Evaluator (deepseek-v3.2): alt 15 vs alt 44 (parse attempt 1) -> OK (2603 chars)
2026-08-08 13:42:19.066   Evaluator (deepseek-v3.2): alt 16 vs alt 35 (parse attempt 1) -> OK (2159 chars)
2026-08-08 13:42:19.779   Evaluator (deepseek-v3.2): alt 14 vs alt 44 (parse attempt 1) -> OK (2217 chars)
2026-08-08 13:42:20.224   Evaluator (deepseek-v3.2): alt 15 vs alt 42 (parse attempt 1) -> OK (3020 chars)
2026-08-08 13:42:20.877   Evaluator (deepseek-v3.2): alt 16 vs alt 41 (parse attempt 1) -> OK (2163 chars)
2026-08-08 13:42:20.983   Evaluator (deepseek-v3.2): alt 15 vs alt 47 (parse attempt 1) -> OK (2712 chars)
2026-08-08 13:42:21.265   Evaluator (deepseek-v3.2): alt 15 vs alt 46 (parse attempt 1) -> OK (2844 chars)
2026-08-08 13:42:22.777   Evaluator (deepseek-v3.2): alt 17 vs alt 36 (parse attempt 1) -> OK (1870 chars)
2026-08-08 13:42:23.038   Evaluator (deepseek-v3.2): alt 16 vs alt 43 (parse attempt 1) -> OK (2462 chars)
2026-08-08 13:42:23.095   Evaluator (deepseek-v3.2): alt 16 vs alt 45 (parse attempt 1) -> OK (2656 chars)
2026-08-08 13:42:23.575   Evaluator (deepseek-v3.2): alt 16 vs alt 42 (parse attempt 1) -> OK (2927 chars)
2026-08-08 13:42:24.252   Evaluator (deepseek-v3.2): alt 16 vs alt 47 (parse attempt 1) -> OK (2375 chars)
2026-08-08 13:42:24.449   Evaluator (deepseek-v3.2): alt 14 vs alt 48 (parse attempt 1) -> OK (2370 chars)
2026-08-08 13:42:24.480   Evaluator (deepseek-v3.2): alt 16 vs alt 36 (parse attempt 1) -> OK (3511 chars)
2026-08-08 13:42:24.480 JSON parse failed (attempt 1/5): 'winner'
2026-08-08 13:42:24.514   Evaluator (deepseek-v3.2): alt 14 vs alt 39 (parse attempt 1) -> OK (3469 chars)
2026-08-08 13:42:24.581   Evaluator (deepseek-v3.2): alt 16 vs alt 44 (parse attempt 1) -> OK (2918 chars)
2026-08-08 13:42:25.446   Evaluator (deepseek-v3.2): alt 17 vs alt 37 (parse attempt 1) -> OK (2458 chars)
2026-08-08 13:42:25.546   Evaluator (deepseek-v3.2): alt 14 vs alt 45 (parse attempt 1) -> OK (2940 chars)
2026-08-08 13:42:25.624   Evaluator (deepseek-v3.2): alt 16 vs alt 39 (parse attempt 1) -> OK (3419 chars)
2026-08-08 13:42:26.027   Evaluator (deepseek-v3.2): alt 17 vs alt 39 (parse attempt 1) -> OK (2529 chars)
2026-08-08 13:42:26.170   Evaluator (deepseek-v3.2): alt 16 vs alt 48 (parse attempt 1) -> OK (3360 chars)
2026-08-08 13:42:26.750   Evaluator (deepseek-v3.2): alt 17 vs alt 38 (parse attempt 1) -> OK (2472 chars)
2026-08-08 13:42:26.864   Evaluator (deepseek-v3.2): alt 18 vs alt 35 (parse attempt 1) -> OK (2124 chars)
2026-08-08 13:42:27.173   Evaluator (deepseek-v3.2): alt 12 vs alt 47 (parse attempt 1) -> OK (3716 chars)
2026-08-08 13:42:27.336   Evaluator (deepseek-v3.2): alt 15 vs alt 48 (parse attempt 1) -> OK (4693 chars)
2026-08-08 13:42:27.336 JSON parse failed (attempt 1/5): 'winner'
2026-08-08 13:42:27.922   Evaluator (deepseek-v3.2): alt 17 vs alt 35 (parse attempt 1) -> OK (4235 chars)
2026-08-08 13:42:28.554   Evaluator (deepseek-v3.2): alt 16 vs alt 37 (parse attempt 1) -> OK (4271 chars)
2026-08-08 13:42:28.555 JSON parse failed (attempt 1/5): Unterminated string starting at: line 2 column 17 (char 18)
2026-08-08 13:42:28.765   Evaluator (deepseek-v3.2): alt 18 vs alt 39 (parse attempt 1) -> OK (2246 chars)
2026-08-08 13:42:28.821   Evaluator (deepseek-v3.2): alt 16 vs alt 40 (parse attempt 1) -> OK (4158 chars)
2026-08-08 13:42:28.848   Evaluator (deepseek-v3.2): alt 18 vs alt 38 (parse attempt 1) -> OK (2152 chars)
2026-08-08 13:42:29.448   Evaluator (deepseek-v3.2): alt 19 vs alt 37 (parse attempt 1) -> OK (1900 chars)
2026-08-08 13:42:29.476   Evaluator (deepseek-v3.2): alt 17 vs alt 47 (parse attempt 1) -> OK (2618 chars)
2026-08-08 13:42:30.249   Evaluator (deepseek-v3.2): alt 17 vs alt 43 (parse attempt 1) -> OK (3671 chars)
2026-08-08 13:42:30.759   Evaluator (deepseek-v3.2): alt 17 vs alt 44 (parse attempt 1) -> OK (3619 chars)
2026-08-08 13:42:31.128   Evaluator (deepseek-v3.2): alt 16 vs alt 46 (parse attempt 1) -> OK (4451 chars)
2026-08-08 13:42:31.467   Evaluator (deepseek-v3.2): alt 18 vs alt 37 (parse attempt 1) -> OK (2062 chars)
2026-08-08 13:42:31.594   Evaluator (deepseek-v3.2): alt 17 vs alt 40 (parse attempt 1) -> OK (4506 chars)
2026-08-08 13:42:31.595 JSON parse failed (attempt 1/5): 'winner'
2026-08-08 13:42:32.437   Evaluator (deepseek-v3.2): alt 17 vs alt 42 (parse attempt 1) -> OK (3307 chars)
2026-08-08 13:42:32.437 JSON parse failed (attempt 1/5): 'winner'
2026-08-08 13:42:32.687   Evaluator (deepseek-v3.2): alt 15 vs alt 43 (parse attempt 1) -> OK (3624 chars)
2026-08-08 13:42:32.748   Evaluator (deepseek-v3.2): alt 17 vs alt 46 (parse attempt 1) -> OK (3547 chars)
2026-08-08 13:42:34.023   Evaluator (deepseek-v3.2): alt 17 vs alt 48 (parse attempt 1) -> OK (4874 chars)
2026-08-08 13:42:34.023 JSON parse failed (attempt 1/5): 'winner'
2026-08-08 13:42:34.455   Evaluator (deepseek-v3.2): alt 18 vs alt 42 (parse attempt 1) -> OK (3703 chars)
2026-08-08 13:42:35.050   Evaluator (deepseek-v3.2): alt 18 vs alt 46 (parse attempt 1) -> OK (2284 chars)
2026-08-08 13:42:35.179   Evaluator (deepseek-v3.2): alt 19 vs alt 42 (parse attempt 1) -> OK (2841 chars)
2026-08-08 13:42:35.691   Evaluator (deepseek-v3.2): alt 17 vs alt 41 (parse attempt 1) -> OK (4703 chars)
2026-08-08 13:42:35.723   Evaluator (deepseek-v3.2): alt 18 vs alt 44 (parse attempt 1) -> OK (2734 chars)
2026-08-08 13:42:36.100   Evaluator (deepseek-v3.2): alt 14 vs alt 36 (parse attempt 1) -> OK (4613 chars)
2026-08-08 13:42:36.404   Evaluator (deepseek-v3.2): alt 19 vs alt 39 (parse attempt 1) -> OK (3013 chars)
2026-08-08 13:42:36.970   Evaluator (deepseek-v3.2): alt 19 vs alt 43 (parse attempt 1) -> OK (3078 chars)
2026-08-08 13:42:37.316   Evaluator (deepseek-v3.2): alt 18 vs alt 45 (parse attempt 1) -> OK (2490 chars)
2026-08-08 13:42:38.371   Evaluator (deepseek-v3.2): alt 14 vs alt 41 (parse attempt 1) -> OK (4516 chars)
2026-08-08 13:42:39.436   Evaluator (deepseek-v3.2): alt 19 vs alt 38 (parse attempt 1) -> OK (2235 chars)
2026-08-08 13:42:39.450   Evaluator (deepseek-v3.2): alt 16 vs alt 38 (parse attempt 1) -> OK (3663 chars)
2026-08-08 13:42:40.890   Evaluator (deepseek-v3.2): alt 19 vs alt 40 (parse attempt 1) -> OK (2006 chars)
2026-08-08 13:42:41.745   Evaluator (deepseek-v3.2): alt 10 vs alt 37 (parse attempt 2) -> OK (2440 chars)
2026-08-08 13:42:42.010   Evaluator (deepseek-v3.2): alt 20 vs alt 37 (parse attempt 1) -> OK (2198 chars)
2026-08-08 13:42:42.155   Evaluator (deepseek-v3.2): alt 17 vs alt 45 (parse attempt 1) -> OK (3433 chars)
2026-08-08 13:42:42.639   Evaluator (deepseek-v3.2): alt 15 vs alt 37 (parse attempt 2) -> OK (2660 chars)
2026-08-08 13:42:43.348   Evaluator (deepseek-v3.2): alt 19 vs alt 35 (parse attempt 1) -> OK (3722 chars)
2026-08-08 13:42:44.022   Evaluator (deepseek-v3.2): alt 19 vs alt 41 (parse attempt 1) -> OK (3777 chars)
2026-08-08 13:42:44.032   Evaluator (deepseek-v3.2): alt 18 vs alt 36 (parse attempt 1) -> OK (3874 chars)
2026-08-08 13:42:44.549   Evaluator (deepseek-v3.2): alt 20 vs alt 40 (parse attempt 1) -> OK (3084 chars)
2026-08-08 13:42:44.846   Evaluator (deepseek-v3.2): alt 17 vs alt 42 (parse attempt 2) -> OK (2538 chars)
2026-08-08 13:42:45.248   Evaluator (deepseek-v3.2): alt 20 vs alt 36 (parse attempt 1) -> OK (3847 chars)
2026-08-08 13:42:46.094   Evaluator (deepseek-v3.2): alt 19 vs alt 48 (parse attempt 1) -> OK (2668 chars)
2026-08-08 13:42:46.479   Evaluator (deepseek-v3.2): alt 18 vs alt 48 (parse attempt 1) -> OK (3302 chars)
2026-08-08 13:42:46.887   Evaluator (deepseek-v3.2): alt 13 vs alt 43 (parse attempt 2) -> OK (4212 chars)
2026-08-08 13:42:46.887 JSON parse failed (attempt 2/5): 'winner'
2026-08-08 13:42:46.981   Evaluator (deepseek-v3.2): alt 17 vs alt 40 (parse attempt 2) -> OK (3708 chars)
2026-08-08 13:42:47.096   Evaluator (deepseek-v3.2): alt 15 vs alt 48 (parse attempt 2) -> OK (3483 chars)
2026-08-08 13:42:47.242   Evaluator (deepseek-v3.2): alt 16 vs alt 37 (parse attempt 2) -> OK (3217 chars)
2026-08-08 13:42:47.289   Evaluator (deepseek-v3.2): alt 13 vs alt 48 (parse attempt 2) -> OK (3839 chars)
2026-08-08 13:42:47.795   Evaluator (deepseek-v3.2): alt 19 vs alt 44 (parse attempt 1) -> OK (4877 chars)
2026-08-08 13:42:48.452   Evaluator (deepseek-v3.2): alt 20 vs alt 38 (parse attempt 1) -> OK (3302 chars)
2026-08-08 13:42:48.479   Evaluator (deepseek-v3.2): alt 17 vs alt 48 (parse attempt 2) -> OK (3417 chars)
2026-08-08 13:42:48.832   Evaluator (deepseek-v3.2): alt 20 vs alt 35 (parse attempt 1) -> OK (2786 chars)
2026-08-08 13:42:48.945   Evaluator (deepseek-v3.2): alt 19 vs alt 46 (parse attempt 1) -> OK (3482 chars)
2026-08-08 13:42:49.010   Evaluator (deepseek-v3.2): alt 19 vs alt 45 (parse attempt 1) -> OK (2850 chars)
2026-08-08 13:42:49.858   Evaluator (deepseek-v3.2): alt 13 vs alt 37 (parse attempt 2) -> OK (5568 chars)
2026-08-08 13:42:50.201   Evaluator (deepseek-v3.2): alt 19 vs alt 47 (parse attempt 1) -> OK (2698 chars)
2026-08-08 13:42:55.503   Evaluator (deepseek-v3.2): alt 16 vs alt 36 (parse attempt 2) -> OK (6043 chars)
2026-08-08 13:42:55.503 JSON parse failed (attempt 2/5): 'winner'
2026-08-08 13:42:57.996   Evaluator (deepseek-v3.2): alt 18 vs alt 47 (parse attempt 1) -> OK (2951 chars)
2026-08-08 13:42:58.570   Evaluator (deepseek-v3.2): alt 13 vs alt 43 (parse attempt 3) -> OK (3299 chars)
2026-08-08 13:43:06.465   Evaluator (deepseek-v3.2): alt 19 vs alt 36 (parse attempt 1) -> OK (3618 chars)
2026-08-08 13:43:08.976   Evaluator (deepseek-v3.2): alt 18 vs alt 43 (parse attempt 1) -> OK (3871 chars)
2026-08-08 13:43:10.983   Evaluator (deepseek-v3.2): alt 18 vs alt 40 (parse attempt 1) -> OK (4191 chars)
2026-08-08 13:43:15.686   Evaluator (deepseek-v3.2): alt 16 vs alt 36 (parse attempt 3) -> OK (5446 chars)
2026-08-08 13:43:16.857   Evaluator (deepseek-v3.2): alt 18 vs alt 41 (parse attempt 1) -> OK (5067 chars)
2026-08-08 13:43:19.367   Evaluator (deepseek-v3.2): alt 20 vs alt 39 (parse attempt 1) -> OK (4435 chars)
2026-08-08 13:43:19.368   Evaluator batch 501-1000 / 2352 done
2026-08-08 13:43:19.412   Evaluator (deepseek-v3.2): alt 21 vs incumbent (parse attempt 1) -> CACHE (3085 chars)
2026-08-08 13:43:19.413   Evaluator (deepseek-v3.2): alt 21 vs alt 1 (parse attempt 1) -> CACHE (3131 chars)
2026-08-08 13:43:19.417   Evaluator (deepseek-v3.2): alt 21 vs alt 2 (parse attempt 1) -> CACHE (2936 chars)
2026-08-08 13:43:19.418   Evaluator (deepseek-v3.2): alt 21 vs alt 3 (parse attempt 1) -> CACHE (2562 chars)
2026-08-08 13:43:19.418   Evaluator (deepseek-v3.2): alt 21 vs alt 4 (parse attempt 1) -> CACHE (4464 chars)
2026-08-08 13:43:19.418   Evaluator (deepseek-v3.2): alt 21 vs alt 5 (parse attempt 1) -> CACHE (2787 chars)
2026-08-08 13:43:19.419   Evaluator (deepseek-v3.2): alt 21 vs alt 6 (parse attempt 1) -> CACHE (4108 chars)
2026-08-08 13:43:19.419   Evaluator (deepseek-v3.2): alt 21 vs alt 7 (parse attempt 1) -> CACHE (2107 chars)
2026-08-08 13:43:19.419   Evaluator (deepseek-v3.2): alt 21 vs alt 8 (parse attempt 1) -> CACHE (2842 chars)
2026-08-08 13:43:19.425   Evaluator (deepseek-v3.2): alt 21 vs alt 9 (parse attempt 1) -> CACHE (2307 chars)
2026-08-08 13:43:19.425   Evaluator (deepseek-v3.2): alt 21 vs alt 10 (parse attempt 1) -> CACHE (1612 chars)
2026-08-08 13:43:19.426   Evaluator (deepseek-v3.2): alt 21 vs alt 11 (parse attempt 1) -> CACHE (3684 chars)
2026-08-08 13:43:19.426   Evaluator (deepseek-v3.2): alt 21 vs alt 12 (parse attempt 1) -> CACHE (3725 chars)
2026-08-08 13:43:19.426   Evaluator (deepseek-v3.2): alt 21 vs alt 13 (parse attempt 1) -> CACHE (2622 chars)
2026-08-08 13:43:19.427   Evaluator (deepseek-v3.2): alt 21 vs alt 14 (parse attempt 1) -> CACHE (3566 chars)
2026-08-08 13:43:19.427   Evaluator (deepseek-v3.2): alt 21 vs alt 15 (parse attempt 1) -> CACHE (2060 chars)
2026-08-08 13:43:19.427   Evaluator (deepseek-v3.2): alt 21 vs alt 16 (parse attempt 1) -> CACHE (2279 chars)
2026-08-08 13:43:19.428   Evaluator (deepseek-v3.2): alt 21 vs alt 17 (parse attempt 1) -> CACHE (2497 chars)
2026-08-08 13:43:19.428   Evaluator (deepseek-v3.2): alt 21 vs alt 18 (parse attempt 1) -> CACHE (3585 chars)
2026-08-08 13:43:19.428   Evaluator (deepseek-v3.2): alt 21 vs alt 19 (parse attempt 1) -> CACHE (1993 chars)
2026-08-08 13:43:19.429   Evaluator (deepseek-v3.2): alt 21 vs alt 20 (parse attempt 1) -> CACHE (3426 chars)
2026-08-08 13:43:19.429   Evaluator (deepseek-v3.2): alt 21 vs alt 22 (parse attempt 1) -> CACHE (2202 chars)
2026-08-08 13:43:19.433   Evaluator (deepseek-v3.2): alt 21 vs alt 23 (parse attempt 1) -> CACHE (2789 chars)
2026-08-08 13:43:19.434   Evaluator (deepseek-v3.2): alt 21 vs alt 24 (parse attempt 1) -> CACHE (2832 chars)
2026-08-08 13:43:19.434   Evaluator (deepseek-v3.2): alt 21 vs alt 25 (parse attempt 1) -> CACHE (2446 chars)
2026-08-08 13:43:19.434   Evaluator (deepseek-v3.2): alt 21 vs alt 26 (parse attempt 1) -> CACHE (2901 chars)
2026-08-08 13:43:19.435   Evaluator (deepseek-v3.2): alt 21 vs alt 27 (parse attempt 1) -> CACHE (2088 chars)
2026-08-08 13:43:19.435   Evaluator (deepseek-v3.2): alt 21 vs alt 28 (parse attempt 1) -> CACHE (2320 chars)
2026-08-08 13:43:19.436   Evaluator (deepseek-v3.2): alt 21 vs alt 29 (parse attempt 1) -> CACHE (2604 chars)
2026-08-08 13:43:19.436   Evaluator (deepseek-v3.2): alt 21 vs alt 30 (parse attempt 1) -> CACHE (2645 chars)
2026-08-08 13:43:19.436   Evaluator (deepseek-v3.2): alt 21 vs alt 31 (parse attempt 1) -> CACHE (3670 chars)
2026-08-08 13:43:19.436   Evaluator (deepseek-v3.2): alt 21 vs alt 32 (parse attempt 1) -> CACHE (3569 chars)
2026-08-08 13:43:19.437   Evaluator (deepseek-v3.2): alt 21 vs alt 33 (parse attempt 1) -> CACHE (3708 chars)
2026-08-08 13:43:19.441   Evaluator (deepseek-v3.2): alt 21 vs alt 34 (parse attempt 1) -> CACHE (3401 chars)
2026-08-08 13:43:19.513   Evaluator (deepseek-v3.2): alt 22 vs incumbent (parse attempt 1) -> CACHE (3423 chars)
2026-08-08 13:43:19.517   Evaluator (deepseek-v3.2): alt 22 vs alt 1 (parse attempt 1) -> CACHE (2421 chars)
2026-08-08 13:43:19.518   Evaluator (deepseek-v3.2): alt 22 vs alt 2 (parse attempt 1) -> CACHE (2528 chars)
2026-08-08 13:43:19.518   Evaluator (deepseek-v3.2): alt 22 vs alt 3 (parse attempt 1) -> CACHE (2567 chars)
2026-08-08 13:43:19.519   Evaluator (deepseek-v3.2): alt 22 vs alt 4 (parse attempt 1) -> CACHE (2411 chars)
2026-08-08 13:43:19.519   Evaluator (deepseek-v3.2): alt 22 vs alt 5 (parse attempt 1) -> CACHE (2663 chars)
2026-08-08 13:43:19.519   Evaluator (deepseek-v3.2): alt 22 vs alt 6 (parse attempt 1) -> CACHE (2095 chars)
2026-08-08 13:43:19.519   Evaluator (deepseek-v3.2): alt 22 vs alt 7 (parse attempt 1) -> CACHE (2642 chars)
2026-08-08 13:43:19.520   Evaluator (deepseek-v3.2): alt 22 vs alt 8 (parse attempt 1) -> CACHE (2107 chars)
2026-08-08 13:43:19.520   Evaluator (deepseek-v3.2): alt 22 vs alt 9 (parse attempt 1) -> CACHE (2376 chars)
2026-08-08 13:43:19.520   Evaluator (deepseek-v3.2): alt 22 vs alt 10 (parse attempt 1) -> CACHE (2497 chars)
2026-08-08 13:43:19.521   Evaluator (deepseek-v3.2): alt 22 vs alt 11 (parse attempt 1) -> CACHE (2500 chars)
2026-08-08 13:43:19.525   Evaluator (deepseek-v3.2): alt 22 vs alt 12 (parse attempt 1) -> CACHE (2598 chars)
2026-08-08 13:43:19.526   Evaluator (deepseek-v3.2): alt 22 vs alt 13 (parse attempt 1) -> CACHE (2470 chars)
2026-08-08 13:43:19.526   Evaluator (deepseek-v3.2): alt 22 vs alt 14 (parse attempt 1) -> CACHE (2216 chars)
2026-08-08 13:43:19.526   Evaluator (deepseek-v3.2): alt 22 vs alt 15 (parse attempt 1) -> CACHE (2263 chars)
2026-08-08 13:43:19.526   Evaluator (deepseek-v3.2): alt 22 vs alt 16 (parse attempt 1) -> CACHE (2625 chars)
2026-08-08 13:43:19.527   Evaluator (deepseek-v3.2): alt 22 vs alt 17 (parse attempt 1) -> CACHE (2219 chars)
2026-08-08 13:43:19.527   Evaluator (deepseek-v3.2): alt 22 vs alt 18 (parse attempt 1) -> CACHE (2594 chars)
2026-08-08 13:43:19.527   Evaluator (deepseek-v3.2): alt 22 vs alt 19 (parse attempt 1) -> CACHE (3398 chars)
2026-08-08 13:43:19.528   Evaluator (deepseek-v3.2): alt 22 vs alt 20 (parse attempt 1) -> CACHE (2735 chars)
2026-08-08 13:43:19.528   Evaluator (deepseek-v3.2): alt 22 vs alt 21 (parse attempt 1) -> CACHE (2809 chars)
2026-08-08 13:43:19.528   Evaluator (deepseek-v3.2): alt 22 vs alt 23 (parse attempt 1) -> CACHE (2149 chars)
2026-08-08 13:43:19.528   Evaluator (deepseek-v3.2): alt 22 vs alt 24 (parse attempt 1) -> CACHE (2217 chars)
2026-08-08 13:43:19.529   Evaluator (deepseek-v3.2): alt 22 vs alt 25 (parse attempt 1) -> CACHE (2577 chars)
2026-08-08 13:43:19.533   Evaluator (deepseek-v3.2): alt 22 vs alt 26 (parse attempt 1) -> CACHE (2258 chars)
2026-08-08 13:43:19.533   Evaluator (deepseek-v3.2): alt 22 vs alt 27 (parse attempt 1) -> CACHE (2099 chars)
2026-08-08 13:43:19.534   Evaluator (deepseek-v3.2): alt 22 vs alt 28 (parse attempt 1) -> CACHE (2535 chars)
2026-08-08 13:43:19.534   Evaluator (deepseek-v3.2): alt 22 vs alt 29 (parse attempt 1) -> CACHE (2493 chars)
2026-08-08 13:43:19.534   Evaluator (deepseek-v3.2): alt 22 vs alt 30 (parse attempt 1) -> CACHE (2364 chars)
2026-08-08 13:43:19.535   Evaluator (deepseek-v3.2): alt 22 vs alt 31 (parse attempt 1) -> CACHE (2600 chars)
2026-08-08 13:43:19.535   Evaluator (deepseek-v3.2): alt 22 vs alt 32 (parse attempt 1) -> CACHE (2460 chars)
2026-08-08 13:43:19.535   Evaluator (deepseek-v3.2): alt 22 vs alt 33 (parse attempt 1) -> CACHE (2409 chars)
2026-08-08 13:43:19.535   Evaluator (deepseek-v3.2): alt 22 vs alt 34 (parse attempt 1) -> CACHE (3659 chars)
2026-08-08 13:43:19.612   Evaluator (deepseek-v3.2): alt 23 vs incumbent (parse attempt 1) -> CACHE (3417 chars)
2026-08-08 13:43:19.613   Evaluator (deepseek-v3.2): alt 23 vs alt 1 (parse attempt 1) -> CACHE (3160 chars)
2026-08-08 13:43:19.613   Evaluator (deepseek-v3.2): alt 23 vs alt 2 (parse attempt 1) -> CACHE (1931 chars)
2026-08-08 13:43:19.614   Evaluator (deepseek-v3.2): alt 23 vs alt 3 (parse attempt 1) -> CACHE (2416 chars)
2026-08-08 13:43:19.614   Evaluator (deepseek-v3.2): alt 23 vs alt 4 (parse attempt 1) -> CACHE (2519 chars)
2026-08-08 13:43:19.615   Evaluator (deepseek-v3.2): alt 23 vs alt 5 (parse attempt 1) -> CACHE (2497 chars)
2026-08-08 13:43:19.615   Evaluator (deepseek-v3.2): alt 23 vs alt 6 (parse attempt 1) -> CACHE (1870 chars)
2026-08-08 13:43:19.616   Evaluator (deepseek-v3.2): alt 23 vs alt 7 (parse attempt 1) -> CACHE (3981 chars)
2026-08-08 13:43:19.616   Evaluator (deepseek-v3.2): alt 23 vs alt 8 (parse attempt 1) -> CACHE (5074 chars)
2026-08-08 13:43:19.616   Evaluator (deepseek-v3.2): alt 23 vs alt 9 (parse attempt 1) -> CACHE (4140 chars)
2026-08-08 13:43:19.617   Evaluator (deepseek-v3.2): alt 23 vs alt 10 (parse attempt 1) -> CACHE (2810 chars)
2026-08-08 13:43:19.617   Evaluator (deepseek-v3.2): alt 23 vs alt 11 (parse attempt 1) -> CACHE (2691 chars)
2026-08-08 13:43:19.617   Evaluator (deepseek-v3.2): alt 23 vs alt 12 (parse attempt 1) -> CACHE (2121 chars)
2026-08-08 13:43:19.618   Evaluator (deepseek-v3.2): alt 23 vs alt 13 (parse attempt 1) -> CACHE (2423 chars)
2026-08-08 13:43:19.618   Evaluator (deepseek-v3.2): alt 23 vs alt 14 (parse attempt 1) -> CACHE (3851 chars)
2026-08-08 13:43:19.619   Evaluator (deepseek-v3.2): alt 23 vs alt 15 (parse attempt 1) -> CACHE (2427 chars)
2026-08-08 13:43:19.619   Evaluator (deepseek-v3.2): alt 23 vs alt 16 (parse attempt 1) -> CACHE (3278 chars)
2026-08-08 13:43:19.619   Evaluator (deepseek-v3.2): alt 23 vs alt 17 (parse attempt 1) -> CACHE (3619 chars)
2026-08-08 13:43:19.620   Evaluator (deepseek-v3.2): alt 23 vs alt 18 (parse attempt 1) -> CACHE (1941 chars)
2026-08-08 13:43:19.620   Evaluator (deepseek-v3.2): alt 23 vs alt 19 (parse attempt 1) -> CACHE (3598 chars)
2026-08-08 13:43:19.620   Evaluator (deepseek-v3.2): alt 23 vs alt 20 (parse attempt 1) -> CACHE (2038 chars)
2026-08-08 13:43:19.621   Evaluator (deepseek-v3.2): alt 23 vs alt 21 (parse attempt 1) -> CACHE (3216 chars)
2026-08-08 13:43:19.621   Evaluator (deepseek-v3.2): alt 23 vs alt 22 (parse attempt 1) -> CACHE (2653 chars)
2026-08-08 13:43:19.622   Evaluator (deepseek-v3.2): alt 23 vs alt 24 (parse attempt 1) -> CACHE (1522 chars)
2026-08-08 13:43:19.622   Evaluator (deepseek-v3.2): alt 23 vs alt 25 (parse attempt 1) -> CACHE (2956 chars)
2026-08-08 13:43:19.622   Evaluator (deepseek-v3.2): alt 23 vs alt 26 (parse attempt 1) -> CACHE (3077 chars)
2026-08-08 13:43:19.623   Evaluator (deepseek-v3.2): alt 23 vs alt 27 (parse attempt 1) -> CACHE (3249 chars)
2026-08-08 13:43:19.623   Evaluator (deepseek-v3.2): alt 23 vs alt 28 (parse attempt 1) -> CACHE (2679 chars)
2026-08-08 13:43:19.623   Evaluator (deepseek-v3.2): alt 23 vs alt 29 (parse attempt 1) -> CACHE (1843 chars)
2026-08-08 13:43:19.624   Evaluator (deepseek-v3.2): alt 23 vs alt 30 (parse attempt 1) -> CACHE (2782 chars)
2026-08-08 13:43:19.624   Evaluator (deepseek-v3.2): alt 23 vs alt 31 (parse attempt 1) -> CACHE (1762 chars)
2026-08-08 13:43:19.624   Evaluator (deepseek-v3.2): alt 23 vs alt 32 (parse attempt 1) -> CACHE (3819 chars)
2026-08-08 13:43:19.625   Evaluator (deepseek-v3.2): alt 23 vs alt 33 (parse attempt 1) -> CACHE (2448 chars)
2026-08-08 13:43:19.625   Evaluator (deepseek-v3.2): alt 23 vs alt 34 (parse attempt 1) -> CACHE (3319 chars)
2026-08-08 13:43:19.638   Evaluator (deepseek-v3.2): alt 24 vs incumbent (parse attempt 1) -> CACHE (2872 chars)
2026-08-08 13:43:19.639   Evaluator (deepseek-v3.2): alt 24 vs alt 1 (parse attempt 1) -> CACHE (3047 chars)
2026-08-08 13:43:19.639   Evaluator (deepseek-v3.2): alt 24 vs alt 2 (parse attempt 1) -> CACHE (3995 chars)
2026-08-08 13:43:19.640   Evaluator (deepseek-v3.2): alt 24 vs alt 3 (parse attempt 1) -> CACHE (2539 chars)
2026-08-08 13:43:19.640   Evaluator (deepseek-v3.2): alt 24 vs alt 4 (parse attempt 1) -> CACHE (3363 chars)
2026-08-08 13:43:19.640   Evaluator (deepseek-v3.2): alt 24 vs alt 5 (parse attempt 1) -> CACHE (2213 chars)
2026-08-08 13:43:19.641   Evaluator (deepseek-v3.2): alt 24 vs alt 6 (parse attempt 1) -> CACHE (2124 chars)
2026-08-08 13:43:19.641   Evaluator (deepseek-v3.2): alt 24 vs alt 7 (parse attempt 1) -> CACHE (2057 chars)
2026-08-08 13:43:19.642   Evaluator (deepseek-v3.2): alt 24 vs alt 8 (parse attempt 1) -> CACHE (2751 chars)
2026-08-08 13:43:19.642   Evaluator (deepseek-v3.2): alt 24 vs alt 9 (parse attempt 1) -> CACHE (3407 chars)
2026-08-08 13:43:19.643   Evaluator (deepseek-v3.2): alt 24 vs alt 10 (parse attempt 1) -> CACHE (2506 chars)
2026-08-08 13:43:19.643   Evaluator (deepseek-v3.2): alt 24 vs alt 11 (parse attempt 1) -> CACHE (2374 chars)
2026-08-08 13:43:19.643   Evaluator (deepseek-v3.2): alt 24 vs alt 12 (parse attempt 1) -> CACHE (2288 chars)
2026-08-08 13:43:19.644   Evaluator (deepseek-v3.2): alt 24 vs alt 13 (parse attempt 1) -> CACHE (1833 chars)
2026-08-08 13:43:19.644   Evaluator (deepseek-v3.2): alt 24 vs alt 14 (parse attempt 1) -> CACHE (4092 chars)
2026-08-08 13:43:19.645   Evaluator (deepseek-v3.2): alt 24 vs alt 15 (parse attempt 1) -> CACHE (3665 chars)
2026-08-08 13:43:19.645   Evaluator (deepseek-v3.2): alt 24 vs alt 16 (parse attempt 1) -> CACHE (3193 chars)
2026-08-08 13:43:19.645   Evaluator (deepseek-v3.2): alt 24 vs alt 17 (parse attempt 1) -> CACHE (1882 chars)
2026-08-08 13:43:19.646   Evaluator (deepseek-v3.2): alt 24 vs alt 18 (parse attempt 1) -> CACHE (2211 chars)
2026-08-08 13:43:19.646   Evaluator (deepseek-v3.2): alt 24 vs alt 19 (parse attempt 1) -> CACHE (2115 chars)
2026-08-08 13:43:19.647   Evaluator (deepseek-v3.2): alt 24 vs alt 20 (parse attempt 1) -> CACHE (3743 chars)
2026-08-08 13:43:19.647   Evaluator (deepseek-v3.2): alt 24 vs alt 21 (parse attempt 1) -> CACHE (1884 chars)
2026-08-08 13:43:19.647   Evaluator (deepseek-v3.2): alt 24 vs alt 22 (parse attempt 1) -> CACHE (1957 chars)
2026-08-08 13:43:19.648   Evaluator (deepseek-v3.2): alt 24 vs alt 23 (parse attempt 1) -> CACHE (2106 chars)
2026-08-08 13:43:19.648   Evaluator (deepseek-v3.2): alt 24 vs alt 25 (parse attempt 1) -> CACHE (2451 chars)
2026-08-08 13:43:19.648   Evaluator (deepseek-v3.2): alt 24 vs alt 26 (parse attempt 1) -> CACHE (2876 chars)
2026-08-08 13:43:19.649   Evaluator (deepseek-v3.2): alt 24 vs alt 27 (parse attempt 1) -> CACHE (1954 chars)
2026-08-08 13:43:19.649   Evaluator (deepseek-v3.2): alt 24 vs alt 28 (parse attempt 1) -> CACHE (2037 chars)
2026-08-08 13:43:19.650   Evaluator (deepseek-v3.2): alt 24 vs alt 29 (parse attempt 1) -> CACHE (3183 chars)
2026-08-08 13:43:19.650   Evaluator (deepseek-v3.2): alt 24 vs alt 30 (parse attempt 1) -> CACHE (5129 chars)
2026-08-08 13:43:19.650   Evaluator (deepseek-v3.2): alt 24 vs alt 31 (parse attempt 1) -> CACHE (2661 chars)
2026-08-08 13:43:19.651   Evaluator (deepseek-v3.2): alt 24 vs alt 32 (parse attempt 1) -> CACHE (2814 chars)
2026-08-08 13:43:19.651   Evaluator (deepseek-v3.2): alt 24 vs alt 33 (parse attempt 1) -> CACHE (1938 chars)
2026-08-08 13:43:19.651   Evaluator (deepseek-v3.2): alt 24 vs alt 34 (parse attempt 1) -> CACHE (1849 chars)
2026-08-08 13:43:19.656   Evaluator (deepseek-v3.2): alt 25 vs incumbent (parse attempt 1) -> CACHE (2386 chars)
2026-08-08 13:43:19.656   Evaluator (deepseek-v3.2): alt 25 vs alt 1 (parse attempt 1) -> CACHE (2213 chars)
2026-08-08 13:43:19.657   Evaluator (deepseek-v3.2): alt 25 vs alt 2 (parse attempt 1) -> CACHE (2697 chars)
2026-08-08 13:43:19.657   Evaluator (deepseek-v3.2): alt 25 vs alt 3 (parse attempt 1) -> CACHE (2043 chars)
2026-08-08 13:43:19.658   Evaluator (deepseek-v3.2): alt 25 vs alt 4 (parse attempt 1) -> CACHE (2508 chars)
2026-08-08 13:43:19.658   Evaluator (deepseek-v3.2): alt 25 vs alt 5 (parse attempt 1) -> CACHE (3597 chars)
2026-08-08 13:43:19.658   Evaluator (deepseek-v3.2): alt 25 vs alt 6 (parse attempt 1) -> CACHE (3015 chars)
2026-08-08 13:43:19.659   Evaluator (deepseek-v3.2): alt 25 vs alt 7 (parse attempt 1) -> CACHE (2568 chars)
2026-08-08 13:43:19.659   Evaluator (deepseek-v3.2): alt 25 vs alt 8 (parse attempt 1) -> CACHE (2347 chars)
2026-08-08 13:43:19.660   Evaluator (deepseek-v3.2): alt 25 vs alt 9 (parse attempt 1) -> CACHE (3904 chars)
2026-08-08 13:43:19.660   Evaluator (deepseek-v3.2): alt 25 vs alt 10 (parse attempt 1) -> CACHE (2048 chars)
2026-08-08 13:43:19.660   Evaluator (deepseek-v3.2): alt 25 vs alt 11 (parse attempt 1) -> CACHE (2753 chars)
2026-08-08 13:43:19.661   Evaluator (deepseek-v3.2): alt 25 vs alt 12 (parse attempt 1) -> CACHE (2348 chars)
2026-08-08 13:43:19.661   Evaluator (deepseek-v3.2): alt 25 vs alt 13 (parse attempt 1) -> CACHE (2942 chars)
2026-08-08 13:43:19.662   Evaluator (deepseek-v3.2): alt 25 vs alt 14 (parse attempt 1) -> CACHE (2955 chars)
2026-08-08 13:43:19.662   Evaluator (deepseek-v3.2): alt 25 vs alt 15 (parse attempt 1) -> CACHE (2036 chars)
2026-08-08 13:43:19.662   Evaluator (deepseek-v3.2): alt 25 vs alt 16 (parse attempt 1) -> CACHE (3428 chars)
2026-08-08 13:43:19.663   Evaluator (deepseek-v3.2): alt 25 vs alt 17 (parse attempt 1) -> CACHE (1702 chars)
2026-08-08 13:43:19.663   Evaluator (deepseek-v3.2): alt 25 vs alt 18 (parse attempt 1) -> CACHE (4244 chars)
2026-08-08 13:43:19.664   Evaluator (deepseek-v3.2): alt 25 vs alt 19 (parse attempt 1) -> CACHE (1998 chars)
2026-08-08 13:43:19.664   Evaluator (deepseek-v3.2): alt 25 vs alt 20 (parse attempt 1) -> CACHE (2189 chars)
2026-08-08 13:43:19.664   Evaluator (deepseek-v3.2): alt 25 vs alt 21 (parse attempt 1) -> CACHE (3037 chars)
2026-08-08 13:43:19.665   Evaluator (deepseek-v3.2): alt 25 vs alt 22 (parse attempt 1) -> CACHE (2285 chars)
2026-08-08 13:43:19.665   Evaluator (deepseek-v3.2): alt 25 vs alt 23 (parse attempt 1) -> CACHE (2486 chars)
2026-08-08 13:43:19.666   Evaluator (deepseek-v3.2): alt 25 vs alt 24 (parse attempt 1) -> CACHE (4096 chars)
2026-08-08 13:43:19.666   Evaluator (deepseek-v3.2): alt 25 vs alt 26 (parse attempt 1) -> CACHE (3340 chars)
2026-08-08 13:43:19.666   Evaluator (deepseek-v3.2): alt 25 vs alt 27 (parse attempt 1) -> CACHE (2042 chars)
2026-08-08 13:43:19.667   Evaluator (deepseek-v3.2): alt 25 vs alt 28 (parse attempt 1) -> CACHE (2493 chars)
2026-08-08 13:43:19.667   Evaluator (deepseek-v3.2): alt 25 vs alt 29 (parse attempt 1) -> CACHE (2372 chars)
2026-08-08 13:43:19.667   Evaluator (deepseek-v3.2): alt 25 vs alt 30 (parse attempt 1) -> CACHE (2347 chars)
2026-08-08 13:43:19.668   Evaluator (deepseek-v3.2): alt 25 vs alt 31 (parse attempt 1) -> CACHE (2437 chars)
2026-08-08 13:43:19.668   Evaluator (deepseek-v3.2): alt 25 vs alt 32 (parse attempt 1) -> CACHE (2129 chars)
2026-08-08 13:43:19.668   Evaluator (deepseek-v3.2): alt 25 vs alt 33 (parse attempt 1) -> CACHE (3559 chars)
2026-08-08 13:43:19.669   Evaluator (deepseek-v3.2): alt 25 vs alt 34 (parse attempt 1) -> CACHE (3047 chars)
2026-08-08 13:43:19.673   Evaluator (deepseek-v3.2): alt 26 vs incumbent (parse attempt 1) -> CACHE (2399 chars)
2026-08-08 13:43:19.673   Evaluator (deepseek-v3.2): alt 26 vs alt 1 (parse attempt 1) -> CACHE (2967 chars)
2026-08-08 13:43:19.673   Evaluator (deepseek-v3.2): alt 26 vs alt 2 (parse attempt 1) -> CACHE (1755 chars)
2026-08-08 13:43:19.674   Evaluator (deepseek-v3.2): alt 26 vs alt 3 (parse attempt 1) -> CACHE (2438 chars)
2026-08-08 13:43:19.674   Evaluator (deepseek-v3.2): alt 26 vs alt 4 (parse attempt 1) -> CACHE (2765 chars)
2026-08-08 13:43:19.675   Evaluator (deepseek-v3.2): alt 26 vs alt 5 (parse attempt 1) -> CACHE (2177 chars)
2026-08-08 13:43:19.675   Evaluator (deepseek-v3.2): alt 26 vs alt 6 (parse attempt 1) -> CACHE (3089 chars)
2026-08-08 13:43:19.675   Evaluator (deepseek-v3.2): alt 26 vs alt 7 (parse attempt 1) -> CACHE (2945 chars)
2026-08-08 13:43:19.676   Evaluator (deepseek-v3.2): alt 26 vs alt 8 (parse attempt 1) -> CACHE (2099 chars)
2026-08-08 13:43:19.676   Evaluator (deepseek-v3.2): alt 26 vs alt 9 (parse attempt 1) -> CACHE (2331 chars)
2026-08-08 13:43:19.676   Evaluator (deepseek-v3.2): alt 26 vs alt 10 (parse attempt 1) -> CACHE (2098 chars)
2026-08-08 13:43:19.677   Evaluator (deepseek-v3.2): alt 26 vs alt 11 (parse attempt 1) -> CACHE (3473 chars)
2026-08-08 13:43:19.677   Evaluator (deepseek-v3.2): alt 26 vs alt 12 (parse attempt 1) -> CACHE (2215 chars)
2026-08-08 13:43:19.677   Evaluator (deepseek-v3.2): alt 26 vs alt 13 (parse attempt 1) -> CACHE (2432 chars)
2026-08-08 13:43:19.678   Evaluator (deepseek-v3.2): alt 26 vs alt 14 (parse attempt 1) -> CACHE (2121 chars)
2026-08-08 13:43:19.678   Evaluator (deepseek-v3.2): alt 26 vs alt 15 (parse attempt 1) -> CACHE (3756 chars)
2026-08-08 13:43:19.678   Evaluator (deepseek-v3.2): alt 26 vs alt 16 (parse attempt 1) -> CACHE (289 chars)
2026-08-08 13:43:19.679 JSON parse failed (attempt 1/5): Expecting value: line 1 column 1 (char 0)
2026-08-08 13:43:19.679   Evaluator (deepseek-v3.2): alt 26 vs alt 16 (parse attempt 2) -> CACHE (2789 chars)
2026-08-08 13:43:19.679   Evaluator (deepseek-v3.2): alt 26 vs alt 17 (parse attempt 1) -> CACHE (2812 chars)
2026-08-08 13:43:19.679   Evaluator (deepseek-v3.2): alt 26 vs alt 18 (parse attempt 1) -> CACHE (2708 chars)
2026-08-08 13:43:19.680   Evaluator (deepseek-v3.2): alt 26 vs alt 19 (parse attempt 1) -> CACHE (3355 chars)
2026-08-08 13:43:19.680   Evaluator (deepseek-v3.2): alt 26 vs alt 20 (parse attempt 1) -> CACHE (2661 chars)
2026-08-08 13:43:19.681   Evaluator (deepseek-v3.2): alt 26 vs alt 21 (parse attempt 1) -> CACHE (2250 chars)
2026-08-08 13:43:19.681   Evaluator (deepseek-v3.2): alt 26 vs alt 22 (parse attempt 1) -> CACHE (2556 chars)
2026-08-08 13:43:19.681   Evaluator (deepseek-v3.2): alt 26 vs alt 23 (parse attempt 1) -> CACHE (2560 chars)
2026-08-08 13:43:19.682   Evaluator (deepseek-v3.2): alt 26 vs alt 24 (parse attempt 1) -> CACHE (2550 chars)
2026-08-08 13:43:19.682   Evaluator (deepseek-v3.2): alt 26 vs alt 25 (parse attempt 1) -> CACHE (2316 chars)
2026-08-08 13:43:19.682   Evaluator (deepseek-v3.2): alt 26 vs alt 27 (parse attempt 1) -> CACHE (2043 chars)
2026-08-08 13:43:19.683   Evaluator (deepseek-v3.2): alt 26 vs alt 28 (parse attempt 1) -> CACHE (2303 chars)
2026-08-08 13:43:19.683   Evaluator (deepseek-v3.2): alt 26 vs alt 29 (parse attempt 1) -> CACHE (4020 chars)
2026-08-08 13:43:19.683   Evaluator (deepseek-v3.2): alt 26 vs alt 30 (parse attempt 1) -> CACHE (2416 chars)
2026-08-08 13:43:19.684   Evaluator (deepseek-v3.2): alt 26 vs alt 31 (parse attempt 1) -> CACHE (3260 chars)
2026-08-08 13:43:19.684   Evaluator (deepseek-v3.2): alt 26 vs alt 32 (parse attempt 1) -> CACHE (2907 chars)
2026-08-08 13:43:19.684   Evaluator (deepseek-v3.2): alt 26 vs alt 33 (parse attempt 1) -> CACHE (2519 chars)
2026-08-08 13:43:19.685   Evaluator (deepseek-v3.2): alt 26 vs alt 34 (parse attempt 1) -> CACHE (2380 chars)
2026-08-08 13:43:19.688   Evaluator (deepseek-v3.2): alt 27 vs incumbent (parse attempt 1) -> CACHE (2154 chars)
2026-08-08 13:43:19.689   Evaluator (deepseek-v3.2): alt 27 vs alt 1 (parse attempt 1) -> CACHE (2968 chars)
2026-08-08 13:43:19.689   Evaluator (deepseek-v3.2): alt 27 vs alt 2 (parse attempt 1) -> CACHE (2068 chars)
2026-08-08 13:43:19.690   Evaluator (deepseek-v3.2): alt 27 vs alt 3 (parse attempt 1) -> CACHE (2969 chars)
2026-08-08 13:43:19.690   Evaluator (deepseek-v3.2): alt 27 vs alt 4 (parse attempt 1) -> CACHE (3268 chars)
2026-08-08 13:43:19.690   Evaluator (deepseek-v3.2): alt 27 vs alt 5 (parse attempt 1) -> CACHE (2550 chars)
2026-08-08 13:43:19.691   Evaluator (deepseek-v3.2): alt 27 vs alt 6 (parse attempt 1) -> CACHE (3632 chars)
2026-08-08 13:43:19.691   Evaluator (deepseek-v3.2): alt 27 vs alt 7 (parse attempt 1) -> CACHE (1781 chars)
2026-08-08 13:43:19.692   Evaluator (deepseek-v3.2): alt 27 vs alt 8 (parse attempt 1) -> CACHE (3631 chars)
2026-08-08 13:43:19.692 JSON parse failed (attempt 1/5): 'winner'
2026-08-08 13:43:19.692   Evaluator (deepseek-v3.2): alt 27 vs alt 8 (parse attempt 2) -> CACHE (1674 chars)
2026-08-08 13:43:19.692   Evaluator (deepseek-v3.2): alt 27 vs alt 9 (parse attempt 1) -> CACHE (2180 chars)
2026-08-08 13:43:19.693   Evaluator (deepseek-v3.2): alt 27 vs alt 10 (parse attempt 1) -> CACHE (3286 chars)
2026-08-08 13:43:19.693 JSON parse failed (attempt 1/5): 'winner'
2026-08-08 13:43:19.693   Evaluator (deepseek-v3.2): alt 27 vs alt 10 (parse attempt 2) -> CACHE (2219 chars)
2026-08-08 13:43:19.693   Evaluator (deepseek-v3.2): alt 27 vs alt 11 (parse attempt 1) -> CACHE (2600 chars)
2026-08-08 13:43:19.694   Evaluator (deepseek-v3.2): alt 27 vs alt 12 (parse attempt 1) -> CACHE (2397 chars)
2026-08-08 13:43:19.694   Evaluator (deepseek-v3.2): alt 27 vs alt 13 (parse attempt 1) -> CACHE (2375 chars)
2026-08-08 13:43:19.695   Evaluator (deepseek-v3.2): alt 27 vs alt 14 (parse attempt 1) -> CACHE (2712 chars)
2026-08-08 13:43:19.695   Evaluator (deepseek-v3.2): alt 27 vs alt 15 (parse attempt 1) -> CACHE (2300 chars)
2026-08-08 13:43:19.695   Evaluator (deepseek-v3.2): alt 27 vs alt 16 (parse attempt 1) -> CACHE (2317 chars)
2026-08-08 13:43:19.696   Evaluator (deepseek-v3.2): alt 27 vs alt 17 (parse attempt 1) -> CACHE (1452 chars)
2026-08-08 13:43:19.696   Evaluator (deepseek-v3.2): alt 27 vs alt 18 (parse attempt 1) -> CACHE (2179 chars)
2026-08-08 13:43:19.696   Evaluator (deepseek-v3.2): alt 27 vs alt 19 (parse attempt 1) -> CACHE (3170 chars)
2026-08-08 13:43:19.697   Evaluator (deepseek-v3.2): alt 27 vs alt 20 (parse attempt 1) -> CACHE (3367 chars)
2026-08-08 13:43:19.697   Evaluator (deepseek-v3.2): alt 27 vs alt 21 (parse attempt 1) -> CACHE (3419 chars)
2026-08-08 13:43:19.697   Evaluator (deepseek-v3.2): alt 27 vs alt 22 (parse attempt 1) -> CACHE (1841 chars)
2026-08-08 13:43:19.698   Evaluator (deepseek-v3.2): alt 27 vs alt 23 (parse attempt 1) -> CACHE (2980 chars)
2026-08-08 13:43:19.698   Evaluator (deepseek-v3.2): alt 27 vs alt 24 (parse attempt 1) -> CACHE (1516 chars)
2026-08-08 13:43:19.698   Evaluator (deepseek-v3.2): alt 27 vs alt 25 (parse attempt 1) -> CACHE (1779 chars)
2026-08-08 13:43:19.699   Evaluator (deepseek-v3.2): alt 27 vs alt 26 (parse attempt 1) -> CACHE (1991 chars)
2026-08-08 13:43:19.699   Evaluator (deepseek-v3.2): alt 27 vs alt 28 (parse attempt 1) -> CACHE (2654 chars)
2026-08-08 13:43:19.699 JSON parse failed (attempt 1/5): 'winner'
2026-08-08 13:43:19.699   Evaluator (deepseek-v3.2): alt 27 vs alt 28 (parse attempt 2) -> CACHE (3302 chars)
2026-08-08 13:43:19.700   Evaluator (deepseek-v3.2): alt 27 vs alt 29 (parse attempt 1) -> CACHE (2245 chars)
2026-08-08 13:43:19.700   Evaluator (deepseek-v3.2): alt 27 vs alt 30 (parse attempt 1) -> CACHE (2634 chars)
2026-08-08 13:43:19.700   Evaluator (deepseek-v3.2): alt 27 vs alt 31 (parse attempt 1) -> CACHE (3411 chars)
2026-08-08 13:43:19.701   Evaluator (deepseek-v3.2): alt 27 vs alt 32 (parse attempt 1) -> CACHE (3377 chars)
2026-08-08 13:43:19.701   Evaluator (deepseek-v3.2): alt 27 vs alt 33 (parse attempt 1) -> CACHE (2050 chars)
2026-08-08 13:43:19.701   Evaluator (deepseek-v3.2): alt 27 vs alt 34 (parse attempt 1) -> CACHE (2635 chars)
2026-08-08 13:43:19.705   Evaluator (deepseek-v3.2): alt 28 vs incumbent (parse attempt 1) -> CACHE (2284 chars)
2026-08-08 13:43:19.706   Evaluator (deepseek-v3.2): alt 28 vs alt 1 (parse attempt 1) -> CACHE (2854 chars)
2026-08-08 13:43:19.706   Evaluator (deepseek-v3.2): alt 28 vs alt 2 (parse attempt 1) -> CACHE (4095 chars)
2026-08-08 13:43:19.706   Evaluator (deepseek-v3.2): alt 28 vs alt 3 (parse attempt 1) -> CACHE (2659 chars)
2026-08-08 13:43:19.707   Evaluator (deepseek-v3.2): alt 28 vs alt 4 (parse attempt 1) -> CACHE (1768 chars)
2026-08-08 13:43:19.707   Evaluator (deepseek-v3.2): alt 28 vs alt 5 (parse attempt 1) -> CACHE (4017 chars)
2026-08-08 13:43:19.708   Evaluator (deepseek-v3.2): alt 28 vs alt 6 (parse attempt 1) -> CACHE (4019 chars)
2026-08-08 13:43:19.708   Evaluator (deepseek-v3.2): alt 28 vs alt 7 (parse attempt 1) -> CACHE (4867 chars)
2026-08-08 13:43:19.708   Evaluator (deepseek-v3.2): alt 28 vs alt 8 (parse attempt 1) -> CACHE (2496 chars)
2026-08-08 13:43:19.709 JSON parse failed (attempt 1/5): 'winner'
2026-08-08 13:43:19.709   Evaluator (deepseek-v3.2): alt 28 vs alt 8 (parse attempt 2) -> CACHE (2001 chars)
2026-08-08 13:43:19.709   Evaluator (deepseek-v3.2): alt 28 vs alt 9 (parse attempt 1) -> CACHE (3769 chars)
2026-08-08 13:43:19.710   Evaluator (deepseek-v3.2): alt 28 vs alt 10 (parse attempt 1) -> CACHE (4040 chars)
2026-08-08 13:43:19.710   Evaluator (deepseek-v3.2): alt 28 vs alt 11 (parse attempt 1) -> CACHE (2351 chars)
2026-08-08 13:43:19.710   Evaluator (deepseek-v3.2): alt 28 vs alt 12 (parse attempt 1) -> CACHE (2377 chars)
2026-08-08 13:43:19.711   Evaluator (deepseek-v3.2): alt 28 vs alt 13 (parse attempt 1) -> CACHE (3756 chars)
2026-08-08 13:43:19.711   Evaluator (deepseek-v3.2): alt 28 vs alt 14 (parse attempt 1) -> CACHE (3984 chars)
2026-08-08 13:43:19.711   Evaluator (deepseek-v3.2): alt 28 vs alt 15 (parse attempt 1) -> CACHE (2490 chars)
2026-08-08 13:43:19.712   Evaluator (deepseek-v3.2): alt 28 vs alt 16 (parse attempt 1) -> CACHE (2601 chars)
2026-08-08 13:43:19.712   Evaluator (deepseek-v3.2): alt 28 vs alt 17 (parse attempt 1) -> CACHE (2434 chars)
2026-08-08 13:43:19.713   Evaluator (deepseek-v3.2): alt 28 vs alt 18 (parse attempt 1) -> CACHE (3831 chars)
2026-08-08 13:43:19.713   Evaluator (deepseek-v3.2): alt 28 vs alt 19 (parse attempt 1) -> CACHE (2449 chars)
2026-08-08 13:43:19.713   Evaluator (deepseek-v3.2): alt 28 vs alt 20 (parse attempt 1) -> CACHE (1840 chars)
2026-08-08 13:43:19.714   Evaluator (deepseek-v3.2): alt 28 vs alt 21 (parse attempt 1) -> CACHE (3352 chars)
2026-08-08 13:43:19.714   Evaluator (deepseek-v3.2): alt 28 vs alt 22 (parse attempt 1) -> CACHE (2361 chars)
2026-08-08 13:43:19.714   Evaluator (deepseek-v3.2): alt 28 vs alt 23 (parse attempt 1) -> CACHE (3531 chars)
2026-08-08 13:43:19.715   Evaluator (deepseek-v3.2): alt 28 vs alt 24 (parse attempt 1) -> CACHE (3945 chars)
2026-08-08 13:43:19.715   Evaluator (deepseek-v3.2): alt 28 vs alt 25 (parse attempt 1) -> CACHE (3030 chars)
2026-08-08 13:43:19.716   Evaluator (deepseek-v3.2): alt 28 vs alt 26 (parse attempt 1) -> CACHE (3823 chars)
2026-08-08 13:43:19.716   Evaluator (deepseek-v3.2): alt 28 vs alt 27 (parse attempt 1) -> CACHE (4093 chars)
2026-08-08 13:43:19.717   Evaluator (deepseek-v3.2): alt 28 vs alt 29 (parse attempt 1) -> CACHE (4529 chars)
2026-08-08 13:43:19.717   Evaluator (deepseek-v3.2): alt 28 vs alt 30 (parse attempt 1) -> CACHE (2274 chars)
2026-08-08 13:43:19.717   Evaluator (deepseek-v3.2): alt 28 vs alt 31 (parse attempt 1) -> CACHE (3754 chars)
2026-08-08 13:43:19.718   Evaluator (deepseek-v3.2): alt 28 vs alt 32 (parse attempt 1) -> CACHE (3070 chars)
2026-08-08 13:43:19.718   Evaluator (deepseek-v3.2): alt 28 vs alt 33 (parse attempt 1) -> CACHE (2282 chars)
2026-08-08 13:43:19.718   Evaluator (deepseek-v3.2): alt 28 vs alt 34 (parse attempt 1) -> CACHE (3775 chars)
2026-08-08 13:43:19.722   Evaluator (deepseek-v3.2): alt 29 vs incumbent (parse attempt 1) -> CACHE (3626 chars)
2026-08-08 13:43:19.722 JSON parse failed (attempt 1/5): 'winner'
2026-08-08 13:43:19.723   Evaluator (deepseek-v3.2): alt 29 vs incumbent (parse attempt 2) -> CACHE (2668 chars)
2026-08-08 13:43:19.723   Evaluator (deepseek-v3.2): alt 29 vs alt 1 (parse attempt 1) -> CACHE (2857 chars)
2026-08-08 13:43:19.724   Evaluator (deepseek-v3.2): alt 29 vs alt 2 (parse attempt 1) -> CACHE (3166 chars)
2026-08-08 13:43:19.724   Evaluator (deepseek-v3.2): alt 29 vs alt 3 (parse attempt 1) -> CACHE (2711 chars)
2026-08-08 13:43:19.724   Evaluator (deepseek-v3.2): alt 29 vs alt 4 (parse attempt 1) -> CACHE (3425 chars)
2026-08-08 13:43:19.725   Evaluator (deepseek-v3.2): alt 29 vs alt 5 (parse attempt 1) -> CACHE (2652 chars)
2026-08-08 13:43:19.725   Evaluator (deepseek-v3.2): alt 29 vs alt 6 (parse attempt 1) -> CACHE (3153 chars)
2026-08-08 13:43:19.725   Evaluator (deepseek-v3.2): alt 29 vs alt 7 (parse attempt 1) -> CACHE (2843 chars)
2026-08-08 13:43:19.726   Evaluator (deepseek-v3.2): alt 29 vs alt 8 (parse attempt 1) -> CACHE (3065 chars)
2026-08-08 13:43:19.726   Evaluator (deepseek-v3.2): alt 29 vs alt 9 (parse attempt 1) -> CACHE (2289 chars)
2026-08-08 13:43:19.727   Evaluator (deepseek-v3.2): alt 29 vs alt 10 (parse attempt 1) -> CACHE (2191 chars)
2026-08-08 13:43:19.727   Evaluator (deepseek-v3.2): alt 29 vs alt 11 (parse attempt 1) -> CACHE (2677 chars)
2026-08-08 13:43:19.727   Evaluator (deepseek-v3.2): alt 29 vs alt 12 (parse attempt 1) -> CACHE (2676 chars)
2026-08-08 13:43:19.728   Evaluator (deepseek-v3.2): alt 29 vs alt 13 (parse attempt 1) -> CACHE (3301 chars)
2026-08-08 13:43:19.728   Evaluator (deepseek-v3.2): alt 29 vs alt 14 (parse attempt 1) -> CACHE (2656 chars)
2026-08-08 13:43:19.729   Evaluator (deepseek-v3.2): alt 29 vs alt 15 (parse attempt 1) -> CACHE (3019 chars)
2026-08-08 13:43:19.729   Evaluator (deepseek-v3.2): alt 29 vs alt 16 (parse attempt 1) -> CACHE (3130 chars)
2026-08-08 13:43:19.729 JSON parse failed (attempt 1/5): Expecting ',' delimiter: line 7 column 20 (char 286)
2026-08-08 13:43:19.729   Evaluator (deepseek-v3.2): alt 29 vs alt 16 (parse attempt 2) -> CACHE (2294 chars)
2026-08-08 13:43:19.730   Evaluator (deepseek-v3.2): alt 29 vs alt 17 (parse attempt 1) -> CACHE (4536 chars)
2026-08-08 13:43:19.730   Evaluator (deepseek-v3.2): alt 29 vs alt 18 (parse attempt 1) -> CACHE (2865 chars)
2026-08-08 13:43:19.730   Evaluator (deepseek-v3.2): alt 29 vs alt 19 (parse attempt 1) -> CACHE (2165 chars)
2026-08-08 13:43:19.731   Evaluator (deepseek-v3.2): alt 29 vs alt 20 (parse attempt 1) -> CACHE (3996 chars)
2026-08-08 13:43:19.731 JSON parse failed (attempt 1/5): 'winner'
2026-08-08 13:43:19.731   Evaluator (deepseek-v3.2): alt 29 vs alt 20 (parse attempt 2) -> CACHE (2934 chars)
2026-08-08 13:43:19.731   Evaluator (deepseek-v3.2): alt 29 vs alt 21 (parse attempt 1) -> CACHE (2436 chars)
2026-08-08 13:43:19.732   Evaluator (deepseek-v3.2): alt 29 vs alt 22 (parse attempt 1) -> CACHE (5411 chars)
2026-08-08 13:43:19.732   Evaluator (deepseek-v3.2): alt 29 vs alt 23 (parse attempt 1) -> CACHE (2011 chars)
2026-08-08 13:43:19.733   Evaluator (deepseek-v3.2): alt 29 vs alt 24 (parse attempt 1) -> CACHE (3620 chars)
2026-08-08 13:43:19.733   Evaluator (deepseek-v3.2): alt 29 vs alt 25 (parse attempt 1) -> CACHE (5325 chars)
2026-08-08 13:43:19.733 JSON parse failed (attempt 1/5): 'winner'
2026-08-08 13:43:19.733   Evaluator (deepseek-v3.2): alt 29 vs alt 25 (parse attempt 2) -> CACHE (3462 chars)
2026-08-08 13:43:19.734   Evaluator (deepseek-v3.2): alt 29 vs alt 26 (parse attempt 1) -> CACHE (3250 chars)
2026-08-08 13:43:19.734   Evaluator (deepseek-v3.2): alt 29 vs alt 27 (parse attempt 1) -> CACHE (3358 chars)
2026-08-08 13:43:19.734 JSON parse failed (attempt 1/5): 'winner'
2026-08-08 13:43:19.734   Evaluator (deepseek-v3.2): alt 29 vs alt 27 (parse attempt 2) -> CACHE (3829 chars)
2026-08-08 13:43:19.735   Evaluator (deepseek-v3.2): alt 29 vs alt 28 (parse attempt 1) -> CACHE (1849 chars)
2026-08-08 13:43:19.735   Evaluator (deepseek-v3.2): alt 29 vs alt 30 (parse attempt 1) -> CACHE (2715 chars)
2026-08-08 13:43:19.735   Evaluator (deepseek-v3.2): alt 29 vs alt 31 (parse attempt 1) -> CACHE (1821 chars)
2026-08-08 13:43:19.736   Evaluator (deepseek-v3.2): alt 29 vs alt 32 (parse attempt 1) -> CACHE (2401 chars)
2026-08-08 13:43:19.736   Evaluator (deepseek-v3.2): alt 29 vs alt 33 (parse attempt 1) -> CACHE (2400 chars)
2026-08-08 13:43:19.737   Evaluator (deepseek-v3.2): alt 29 vs alt 34 (parse attempt 1) -> CACHE (3632 chars)
2026-08-08 13:43:19.740   Evaluator (deepseek-v3.2): alt 30 vs incumbent (parse attempt 1) -> CACHE (3542 chars)
2026-08-08 13:43:19.741   Evaluator (deepseek-v3.2): alt 30 vs alt 1 (parse attempt 1) -> CACHE (2932 chars)
2026-08-08 13:43:19.741   Evaluator (deepseek-v3.2): alt 30 vs alt 2 (parse attempt 1) -> CACHE (3299 chars)
2026-08-08 13:43:19.742   Evaluator (deepseek-v3.2): alt 30 vs alt 3 (parse attempt 1) -> CACHE (3002 chars)
2026-08-08 13:43:19.742   Evaluator (deepseek-v3.2): alt 30 vs alt 4 (parse attempt 1) -> CACHE (3772 chars)
2026-08-08 13:43:19.742 JSON parse failed (attempt 1/5): 'winner'
2026-08-08 13:43:19.743   Evaluator (deepseek-v3.2): alt 30 vs alt 4 (parse attempt 2) -> CACHE (3940 chars)
2026-08-08 13:43:19.743 JSON parse failed (attempt 2/5): 'winner'
2026-08-08 13:43:19.743   Evaluator (deepseek-v3.2): alt 30 vs alt 4 (parse attempt 3) -> CACHE (3838 chars)
2026-08-08 13:43:19.744   Evaluator (deepseek-v3.2): alt 30 vs alt 5 (parse attempt 1) -> CACHE (3594 chars)
2026-08-08 13:43:19.744   Evaluator (deepseek-v3.2): alt 30 vs alt 6 (parse attempt 1) -> CACHE (3139 chars)
2026-08-08 13:43:19.744   Evaluator (deepseek-v3.2): alt 30 vs alt 7 (parse attempt 1) -> CACHE (2415 chars)
2026-08-08 13:43:19.745   Evaluator (deepseek-v3.2): alt 30 vs alt 8 (parse attempt 1) -> CACHE (2982 chars)
2026-08-08 13:43:19.745   Evaluator (deepseek-v3.2): alt 30 vs alt 9 (parse attempt 1) -> CACHE (2158 chars)
2026-08-08 13:43:19.746   Evaluator (deepseek-v3.2): alt 30 vs alt 10 (parse attempt 1) -> CACHE (2221 chars)
2026-08-08 13:43:19.746   Evaluator (deepseek-v3.2): alt 30 vs alt 11 (parse attempt 1) -> CACHE (2333 chars)
2026-08-08 13:43:19.746   Evaluator (deepseek-v3.2): alt 30 vs alt 12 (parse attempt 1) -> CACHE (3607 chars)
2026-08-08 13:43:19.747   Evaluator (deepseek-v3.2): alt 30 vs alt 13 (parse attempt 1) -> CACHE (3238 chars)
2026-08-08 13:43:19.747   Evaluator (deepseek-v3.2): alt 30 vs alt 14 (parse attempt 1) -> CACHE (1955 chars)
2026-08-08 13:43:19.748   Evaluator (deepseek-v3.2): alt 30 vs alt 15 (parse attempt 1) -> CACHE (2329 chars)
2026-08-08 13:43:19.748   Evaluator (deepseek-v3.2): alt 30 vs alt 16 (parse attempt 1) -> CACHE (2633 chars)
2026-08-08 13:43:19.748   Evaluator (deepseek-v3.2): alt 30 vs alt 17 (parse attempt 1) -> CACHE (2167 chars)
2026-08-08 13:43:19.749   Evaluator (deepseek-v3.2): alt 30 vs alt 18 (parse attempt 1) -> CACHE (2450 chars)
2026-08-08 13:43:19.749   Evaluator (deepseek-v3.2): alt 30 vs alt 19 (parse attempt 1) -> CACHE (2774 chars)
2026-08-08 13:43:19.749   Evaluator (deepseek-v3.2): alt 30 vs alt 20 (parse attempt 1) -> CACHE (4449 chars)
2026-08-08 13:43:19.750 JSON parse failed (attempt 1/5): 'winner'
2026-08-08 13:43:19.750   Evaluator (deepseek-v3.2): alt 30 vs alt 20 (parse attempt 2) -> CACHE (3338 chars)
2026-08-08 13:43:19.750   Evaluator (deepseek-v3.2): alt 30 vs alt 21 (parse attempt 1) -> CACHE (3931 chars)
2026-08-08 13:43:19.751   Evaluator (deepseek-v3.2): alt 30 vs alt 22 (parse attempt 1) -> CACHE (1981 chars)
2026-08-08 13:43:19.751   Evaluator (deepseek-v3.2): alt 30 vs alt 23 (parse attempt 1) -> CACHE (2686 chars)
2026-08-08 13:43:19.751   Evaluator (deepseek-v3.2): alt 30 vs alt 24 (parse attempt 1) -> CACHE (3788 chars)
2026-08-08 13:43:19.752 JSON parse failed (attempt 1/5): 'winner'
2026-08-08 13:43:19.752   Evaluator (deepseek-v3.2): alt 30 vs alt 24 (parse attempt 2) -> CACHE (2820 chars)
2026-08-08 13:43:19.752   Evaluator (deepseek-v3.2): alt 30 vs alt 25 (parse attempt 1) -> CACHE (2962 chars)
2026-08-08 13:43:19.753   Evaluator (deepseek-v3.2): alt 30 vs alt 26 (parse attempt 1) -> CACHE (2313 chars)
2026-08-08 13:43:19.753   Evaluator (deepseek-v3.2): alt 30 vs alt 27 (parse attempt 1) -> CACHE (4239 chars)
2026-08-08 13:43:19.753 JSON parse failed (attempt 1/5): 'winner'
2026-08-08 13:43:19.753   Evaluator (deepseek-v3.2): alt 30 vs alt 27 (parse attempt 2) -> CACHE (1935 chars)
2026-08-08 13:43:19.754   Evaluator (deepseek-v3.2): alt 30 vs alt 28 (parse attempt 1) -> CACHE (3336 chars)
2026-08-08 13:43:19.754   Evaluator (deepseek-v3.2): alt 30 vs alt 29 (parse attempt 1) -> CACHE (1972 chars)
2026-08-08 13:43:19.754   Evaluator (deepseek-v3.2): alt 30 vs alt 31 (parse attempt 1) -> CACHE (2769 chars)
2026-08-08 13:43:19.755   Evaluator (deepseek-v3.2): alt 30 vs alt 32 (parse attempt 1) -> CACHE (2834 chars)
2026-08-08 13:43:19.755   Evaluator (deepseek-v3.2): alt 30 vs alt 33 (parse attempt 1) -> CACHE (3705 chars)
2026-08-08 13:43:19.756   Evaluator (deepseek-v3.2): alt 30 vs alt 34 (parse attempt 1) -> CACHE (2482 chars)
2026-08-08 13:43:19.760   Evaluator (deepseek-v3.2): alt 31 vs incumbent (parse attempt 1) -> CACHE (3755 chars)
2026-08-08 13:43:19.760   Evaluator (deepseek-v3.2): alt 31 vs alt 1 (parse attempt 1) -> CACHE (3049 chars)
2026-08-08 13:43:19.760   Evaluator (deepseek-v3.2): alt 31 vs alt 2 (parse attempt 1) -> CACHE (2797 chars)
2026-08-08 13:43:19.761   Evaluator (deepseek-v3.2): alt 31 vs alt 3 (parse attempt 1) -> CACHE (2758 chars)
2026-08-08 13:43:19.761   Evaluator (deepseek-v3.2): alt 31 vs alt 4 (parse attempt 1) -> CACHE (2596 chars)
2026-08-08 13:43:19.762   Evaluator (deepseek-v3.2): alt 31 vs alt 5 (parse attempt 1) -> CACHE (3129 chars)
2026-08-08 13:43:19.762   Evaluator (deepseek-v3.2): alt 31 vs alt 6 (parse attempt 1) -> CACHE (2955 chars)
2026-08-08 13:43:19.762   Evaluator (deepseek-v3.2): alt 31 vs alt 7 (parse attempt 1) -> CACHE (3636 chars)
2026-08-08 13:43:19.763   Evaluator (deepseek-v3.2): alt 31 vs alt 8 (parse attempt 1) -> CACHE (3528 chars)
2026-08-08 13:43:19.763 JSON parse failed (attempt 1/5): 'winner'
2026-08-08 13:43:19.763   Evaluator (deepseek-v3.2): alt 31 vs alt 8 (parse attempt 2) -> CACHE (3061 chars)
2026-08-08 13:43:19.763   Evaluator (deepseek-v3.2): alt 31 vs alt 9 (parse attempt 1) -> CACHE (1978 chars)
2026-08-08 13:43:19.764   Evaluator (deepseek-v3.2): alt 31 vs alt 10 (parse attempt 1) -> CACHE (3455 chars)
2026-08-08 13:43:19.764   Evaluator (deepseek-v3.2): alt 31 vs alt 11 (parse attempt 1) -> CACHE (3776 chars)
2026-08-08 13:43:28.384   Evaluator (deepseek-v3.2): alt 21 vs alt 46 (parse attempt 1) -> OK (1978 chars)
2026-08-08 13:43:29.050   Evaluator (deepseek-v3.2): alt 22 vs alt 44 (parse attempt 1) -> OK (2164 chars)
2026-08-08 13:43:29.469   Evaluator (deepseek-v3.2): alt 21 vs alt 45 (parse attempt 1) -> OK (2223 chars)
2026-08-08 13:43:29.517   Evaluator (deepseek-v3.2): alt 22 vs alt 38 (parse attempt 1) -> OK (2340 chars)
2026-08-08 13:43:29.540   Evaluator (deepseek-v3.2): alt 21 vs alt 41 (parse attempt 1) -> OK (2276 chars)
2026-08-08 13:43:29.557   Evaluator (deepseek-v3.2): alt 22 vs alt 39 (parse attempt 1) -> OK (2221 chars)
2026-08-08 13:43:29.597   Evaluator (deepseek-v3.2): alt 23 vs alt 35 (parse attempt 1) -> OK (2197 chars)
2026-08-08 13:43:30.138   Evaluator (deepseek-v3.2): alt 21 vs alt 36 (parse attempt 1) -> OK (2439 chars)
2026-08-08 13:43:30.354   Evaluator (deepseek-v3.2): alt 22 vs alt 42 (parse attempt 1) -> OK (2389 chars)
2026-08-08 13:43:30.400   Evaluator (deepseek-v3.2): alt 22 vs alt 35 (parse attempt 1) -> OK (2540 chars)
2026-08-08 13:43:30.517   Evaluator (deepseek-v3.2): alt 22 vs alt 45 (parse attempt 1) -> OK (2588 chars)
2026-08-08 13:43:30.675   Evaluator (deepseek-v3.2): alt 22 vs alt 47 (parse attempt 1) -> OK (2612 chars)
2026-08-08 13:43:30.888   Evaluator (deepseek-v3.2): alt 21 vs alt 35 (parse attempt 1) -> OK (2487 chars)
2026-08-08 13:43:30.901   Evaluator (deepseek-v3.2): alt 22 vs alt 41 (parse attempt 1) -> OK (2727 chars)
2026-08-08 13:43:31.304   Evaluator (deepseek-v3.2): alt 21 vs alt 48 (parse attempt 1) -> OK (3220 chars)
2026-08-08 13:43:31.373   Evaluator (deepseek-v3.2): alt 21 vs alt 47 (parse attempt 1) -> OK (2919 chars)
2026-08-08 13:43:31.600   Evaluator (deepseek-v3.2): alt 21 vs alt 43 (parse attempt 1) -> OK (3602 chars)
2026-08-08 13:43:31.679   Evaluator (deepseek-v3.2): alt 21 vs alt 38 (parse attempt 1) -> OK (3034 chars)
2026-08-08 13:43:31.759   Evaluator (deepseek-v3.2): alt 22 vs alt 37 (parse attempt 1) -> OK (2902 chars)
2026-08-08 13:43:31.817   Evaluator (deepseek-v3.2): alt 22 vs alt 40 (parse attempt 1) -> OK (2871 chars)
2026-08-08 13:43:32.053   Evaluator (deepseek-v3.2): alt 21 vs alt 44 (parse attempt 1) -> OK (3571 chars)
2026-08-08 13:43:32.328   Evaluator (deepseek-v3.2): alt 21 vs alt 37 (parse attempt 1) -> OK (3279 chars)
2026-08-08 13:43:32.633   Evaluator (deepseek-v3.2): alt 22 vs alt 48 (parse attempt 1) -> OK (3134 chars)
2026-08-08 13:43:32.808   Evaluator (deepseek-v3.2): alt 22 vs alt 43 (parse attempt 1) -> OK (3428 chars)
2026-08-08 13:43:33.508   Evaluator (deepseek-v3.2): alt 22 vs alt 36 (parse attempt 1) -> OK (3311 chars)
2026-08-08 13:43:33.508 JSON parse failed (attempt 1/5): 'winner'
2026-08-08 13:43:33.612   Evaluator (deepseek-v3.2): alt 21 vs alt 40 (parse attempt 1) -> OK (3635 chars)
2026-08-08 13:43:33.684   Evaluator (deepseek-v3.2): alt 23 vs alt 38 (parse attempt 1) -> OK (3059 chars)
2026-08-08 13:43:34.032   Evaluator (deepseek-v3.2): alt 23 vs alt 37 (parse attempt 1) -> OK (3404 chars)
2026-08-08 13:43:34.235   Evaluator (deepseek-v3.2): alt 21 vs alt 42 (parse attempt 1) -> OK (3703 chars)
2026-08-08 13:43:35.080   Evaluator (deepseek-v3.2): alt 23 vs alt 36 (parse attempt 1) -> OK (3820 chars)
2026-08-08 13:43:37.650   Evaluator (deepseek-v3.2): alt 21 vs alt 39 (parse attempt 1) -> OK (4440 chars)
2026-08-08 13:43:37.650 JSON parse failed (attempt 1/5): 'winner'
2026-08-08 13:43:38.607   Evaluator (deepseek-v3.2): alt 24 vs alt 40 (parse attempt 1) -> OK (2217 chars)
2026-08-08 13:43:38.680   Evaluator (deepseek-v3.2): alt 24 vs alt 35 (parse attempt 1) -> OK (2053 chars)
2026-08-08 13:43:38.866   Evaluator (deepseek-v3.2): alt 22 vs alt 46 (parse attempt 1) -> OK (4570 chars)
2026-08-08 13:43:39.219   Evaluator (deepseek-v3.2): alt 23 vs alt 42 (parse attempt 1) -> OK (2491 chars)
2026-08-08 13:43:39.309   Evaluator (deepseek-v3.2): alt 23 vs alt 48 (parse attempt 1) -> OK (2452 chars)
2026-08-08 13:43:39.859   Evaluator (deepseek-v3.2): alt 23 vs alt 45 (parse attempt 1) -> OK (2737 chars)
2026-08-08 13:43:39.908   Evaluator (deepseek-v3.2): alt 23 vs alt 39 (parse attempt 1) -> OK (2726 chars)
2026-08-08 13:43:40.001   Evaluator (deepseek-v3.2): alt 23 vs alt 40 (parse attempt 1) -> OK (2937 chars)
2026-08-08 13:43:40.824   Evaluator (deepseek-v3.2): alt 24 vs alt 44 (parse attempt 1) -> OK (2610 chars)
2026-08-08 13:43:41.701   Evaluator (deepseek-v3.2): alt 24 vs alt 43 (parse attempt 1) -> OK (2834 chars)
2026-08-08 13:43:41.830   Evaluator (deepseek-v3.2): alt 24 vs alt 42 (parse attempt 1) -> OK (2648 chars)
2026-08-08 13:43:41.859   Evaluator (deepseek-v3.2): alt 24 vs alt 46 (parse attempt 1) -> OK (2396 chars)
2026-08-08 13:43:42.064   Evaluator (deepseek-v3.2): alt 24 vs alt 39 (parse attempt 1) -> OK (2800 chars)
2026-08-08 13:43:42.493   Evaluator (deepseek-v3.2): alt 24 vs alt 45 (parse attempt 1) -> OK (2678 chars)
2026-08-08 13:43:42.509   Evaluator (deepseek-v3.2): alt 25 vs alt 40 (parse attempt 1) -> OK (2090 chars)
2026-08-08 13:43:42.717   Evaluator (deepseek-v3.2): alt 20 vs alt 42 (parse attempt 1) -> OK (2347 chars)
2026-08-08 13:43:42.939   Evaluator (deepseek-v3.2): alt 25 vs alt 37 (parse attempt 1) -> OK (2571 chars)
2026-08-08 13:43:43.383   Evaluator (deepseek-v3.2): alt 25 vs alt 38 (parse attempt 1) -> OK (2284 chars)
2026-08-08 13:43:44.160   Evaluator (deepseek-v3.2): alt 20 vs alt 46 (parse attempt 1) -> OK (2215 chars)
2026-08-08 13:43:44.253   Evaluator (deepseek-v3.2): alt 23 vs alt 43 (parse attempt 1) -> OK (3630 chars)
2026-08-08 13:43:44.520   Evaluator (deepseek-v3.2): alt 24 vs alt 48 (parse attempt 1) -> OK (2850 chars)
2026-08-08 13:43:44.587   Evaluator (deepseek-v3.2): alt 25 vs alt 36 (parse attempt 1) -> OK (2818 chars)
2026-08-08 13:43:45.676   Evaluator (deepseek-v3.2): alt 25 vs alt 39 (parse attempt 1) -> OK (2990 chars)
2026-08-08 13:43:45.695   Evaluator (deepseek-v3.2): alt 24 vs alt 36 (parse attempt 1) -> OK (4015 chars)
2026-08-08 13:43:45.935   Evaluator (deepseek-v3.2): alt 23 vs alt 47 (parse attempt 1) -> OK (3884 chars)
2026-08-08 13:43:46.778   Evaluator (deepseek-v3.2): alt 23 vs alt 44 (parse attempt 1) -> OK (4349 chars)
2026-08-08 13:43:46.837   Evaluator (deepseek-v3.2): alt 23 vs alt 46 (parse attempt 1) -> OK (4571 chars)
2026-08-08 13:43:47.049   Evaluator (deepseek-v3.2): alt 20 vs alt 45 (parse attempt 1) -> OK (2705 chars)
2026-08-08 13:43:47.497   Evaluator (deepseek-v3.2): alt 24 vs alt 38 (parse attempt 1) -> OK (2170 chars)
2026-08-08 13:43:47.860   Evaluator (deepseek-v3.2): alt 25 vs alt 43 (parse attempt 1) -> OK (2274 chars)
2026-08-08 13:43:48.121   Evaluator (deepseek-v3.2): alt 25 vs alt 35 (parse attempt 1) -> OK (4676 chars)
2026-08-08 13:43:48.240   Evaluator (deepseek-v3.2): alt 24 vs alt 37 (parse attempt 1) -> OK (4379 chars)
2026-08-08 13:43:48.446   Evaluator (deepseek-v3.2): alt 25 vs alt 42 (parse attempt 1) -> OK (2736 chars)
2026-08-08 13:43:48.497   Evaluator (deepseek-v3.2): alt 25 vs alt 46 (parse attempt 1) -> OK (2999 chars)
2026-08-08 13:43:48.940   Evaluator (deepseek-v3.2): alt 25 vs alt 48 (parse attempt 1) -> OK (2354 chars)
2026-08-08 13:43:48.961   Evaluator (deepseek-v3.2): alt 20 vs alt 41 (parse attempt 1) -> OK (3386 chars)
2026-08-08 13:43:48.996   Evaluator (deepseek-v3.2): alt 23 vs alt 41 (parse attempt 1) -> OK (5076 chars)
2026-08-08 13:43:48.997 JSON parse failed (attempt 1/5): 'winner'
2026-08-08 13:43:49.980   Evaluator (deepseek-v3.2): alt 25 vs alt 47 (parse attempt 1) -> OK (2722 chars)
2026-08-08 13:43:51.163   Evaluator (deepseek-v3.2): alt 25 vs alt 45 (parse attempt 1) -> OK (3372 chars)
2026-08-08 13:43:51.663   Evaluator (deepseek-v3.2): alt 24 vs alt 41 (parse attempt 1) -> OK (3129 chars)
2026-08-08 13:43:52.033   Evaluator (deepseek-v3.2): alt 25 vs alt 44 (parse attempt 1) -> OK (3856 chars)
2026-08-08 13:43:52.064   Evaluator (deepseek-v3.2): alt 26 vs alt 45 (parse attempt 1) -> OK (2442 chars)
2026-08-08 13:43:52.444   Evaluator (deepseek-v3.2): alt 26 vs alt 36 (parse attempt 1) -> OK (3473 chars)
2026-08-08 13:43:52.525   Evaluator (deepseek-v3.2): alt 26 vs alt 38 (parse attempt 1) -> OK (2686 chars)
2026-08-08 13:43:52.943   Evaluator (deepseek-v3.2): alt 26 vs alt 44 (parse attempt 1) -> OK (2393 chars)
2026-08-08 13:43:52.956   Evaluator (deepseek-v3.2): alt 26 vs alt 37 (parse attempt 1) -> OK (3107 chars)
2026-08-08 13:43:53.290   Evaluator (deepseek-v3.2): alt 26 vs alt 40 (parse attempt 1) -> OK (2829 chars)
2026-08-08 13:43:53.632   Evaluator (deepseek-v3.2): alt 26 vs alt 35 (parse attempt 1) -> OK (3399 chars)
2026-08-08 13:43:53.906   Evaluator (deepseek-v3.2): alt 24 vs alt 47 (parse attempt 1) -> OK (5380 chars)
2026-08-08 13:43:53.906 JSON parse failed (attempt 1/5): 'winner'
2026-08-08 13:43:54.600   Evaluator (deepseek-v3.2): alt 26 vs alt 39 (parse attempt 1) -> OK (3413 chars)
2026-08-08 13:43:55.174   Evaluator (deepseek-v3.2): alt 26 vs alt 43 (parse attempt 1) -> OK (3243 chars)
2026-08-08 13:43:55.466   Evaluator (deepseek-v3.2): alt 26 vs alt 46 (parse attempt 1) -> OK (3504 chars)
2026-08-08 13:43:55.900   Evaluator (deepseek-v3.2): alt 27 vs alt 42 (parse attempt 1) -> OK (2228 chars)
2026-08-08 13:43:56.083   Evaluator (deepseek-v3.2): alt 28 vs alt 35 (parse attempt 1) -> OK (2394 chars)
2026-08-08 13:43:56.083 JSON parse failed (attempt 1/5): Invalid \escape: line 2 column 1473 (char 1474)
2026-08-08 13:43:56.112   Evaluator (deepseek-v3.2): alt 27 vs alt 38 (parse attempt 1) -> OK (2697 chars)
2026-08-08 13:43:56.942   Evaluator (deepseek-v3.2): alt 26 vs alt 42 (parse attempt 1) -> OK (4579 chars)
2026-08-08 13:43:57.146   Evaluator (deepseek-v3.2): alt 20 vs alt 43 (parse attempt 1) -> OK (3449 chars)
2026-08-08 13:43:57.374   Evaluator (deepseek-v3.2): alt 26 vs alt 41 (parse attempt 1) -> OK (4231 chars)
2026-08-08 13:43:57.399   Evaluator (deepseek-v3.2): alt 27 vs alt 44 (parse attempt 1) -> OK (2573 chars)
2026-08-08 13:43:57.457   Evaluator (deepseek-v3.2): alt 27 vs alt 39 (parse attempt 1) -> OK (2769 chars)
2026-08-08 13:43:58.175   Evaluator (deepseek-v3.2): alt 27 vs alt 41 (parse attempt 1) -> OK (3370 chars)
2026-08-08 13:43:58.572   Evaluator (deepseek-v3.2): alt 27 vs alt 45 (parse attempt 1) -> OK (2379 chars)
2026-08-08 13:43:58.926   Evaluator (deepseek-v3.2): alt 28 vs alt 46 (parse attempt 1) -> OK (3902 chars)
2026-08-08 13:43:59.042   Evaluator (deepseek-v3.2): alt 27 vs alt 36 (parse attempt 1) -> OK (3908 chars)
2026-08-08 13:43:59.068   Evaluator (deepseek-v3.2): alt 27 vs alt 40 (parse attempt 1) -> OK (3003 chars)
2026-08-08 13:43:59.342   Evaluator (deepseek-v3.2): alt 27 vs alt 43 (parse attempt 1) -> OK (3398 chars)
2026-08-08 13:44:00.825   Evaluator (deepseek-v3.2): alt 27 vs alt 46 (parse attempt 1) -> OK (2881 chars)
2026-08-08 13:44:00.959   Evaluator (deepseek-v3.2): alt 27 vs alt 47 (parse attempt 1) -> OK (3739 chars)
2026-08-08 13:44:01.352   Evaluator (deepseek-v3.2): alt 27 vs alt 37 (parse attempt 1) -> OK (4560 chars)
2026-08-08 13:44:01.353 JSON parse failed (attempt 1/5): 'winner'
2026-08-08 13:44:01.625   Evaluator (deepseek-v3.2): alt 28 vs alt 42 (parse attempt 1) -> OK (2506 chars)
2026-08-08 13:44:02.404   Evaluator (deepseek-v3.2): alt 28 vs alt 45 (parse attempt 1) -> OK (2510 chars)
2026-08-08 13:44:02.668   Evaluator (deepseek-v3.2): alt 28 vs alt 40 (parse attempt 1) -> OK (2735 chars)
2026-08-08 13:44:03.557   Evaluator (deepseek-v3.2): alt 26 vs alt 47 (parse attempt 1) -> OK (4810 chars)
2026-08-08 13:44:04.089   Evaluator (deepseek-v3.2): alt 29 vs alt 40 (parse attempt 1) -> OK (2058 chars)
2026-08-08 13:44:04.176   Evaluator (deepseek-v3.2): alt 20 vs alt 48 (parse attempt 1) -> OK (3762 chars)
2026-08-08 13:44:04.743   Evaluator (deepseek-v3.2): alt 29 vs alt 35 (parse attempt 1) -> OK (2595 chars)
2026-08-08 13:44:05.855   Evaluator (deepseek-v3.2): alt 30 vs alt 35 (parse attempt 1) -> OK (1683 chars)
2026-08-08 13:44:06.230   Evaluator (deepseek-v3.2): alt 29 vs alt 37 (parse attempt 1) -> OK (3000 chars)
2026-08-08 13:44:06.555   Evaluator (deepseek-v3.2): alt 29 vs alt 45 (parse attempt 1) -> OK (2399 chars)
2026-08-08 13:44:06.838   Evaluator (deepseek-v3.2): alt 29 vs alt 38 (parse attempt 1) -> OK (2625 chars)
2026-08-08 13:44:07.279   Evaluator (deepseek-v3.2): alt 28 vs alt 47 (parse attempt 1) -> OK (3404 chars)
2026-08-08 13:44:07.692   Evaluator (deepseek-v3.2): alt 29 vs alt 36 (parse attempt 1) -> OK (3759 chars)
2026-08-08 13:44:07.721   Evaluator (deepseek-v3.2): alt 28 vs alt 36 (parse attempt 1) -> OK (3873 chars)
2026-08-08 13:44:07.951   Evaluator (deepseek-v3.2): alt 29 vs alt 43 (parse attempt 1) -> OK (2912 chars)
2026-08-08 13:44:08.405   Evaluator (deepseek-v3.2): alt 29 vs alt 44 (parse attempt 1) -> OK (3674 chars)
2026-08-08 13:44:08.527   Evaluator (deepseek-v3.2): alt 28 vs alt 44 (parse attempt 1) -> OK (3590 chars)
2026-08-08 13:44:08.749   Evaluator (deepseek-v3.2): alt 29 vs alt 39 (parse attempt 1) -> OK (3775 chars)
2026-08-08 13:44:08.803   Evaluator (deepseek-v3.2): alt 30 vs alt 38 (parse attempt 1) -> OK (2075 chars)
2026-08-08 13:44:08.900   Evaluator (deepseek-v3.2): alt 30 vs alt 40 (parse attempt 1) -> OK (1971 chars)
2026-08-08 13:44:09.025   Evaluator (deepseek-v3.2): alt 29 vs alt 48 (parse attempt 1) -> OK (2512 chars)
2026-08-08 13:44:09.245   Evaluator (deepseek-v3.2): alt 29 vs alt 41 (parse attempt 1) -> OK (3417 chars)
2026-08-08 13:44:09.373   Evaluator (deepseek-v3.2): alt 29 vs alt 47 (parse attempt 1) -> OK (3002 chars)
2026-08-08 13:44:09.500   Evaluator (deepseek-v3.2): alt 28 vs alt 41 (parse attempt 1) -> OK (2547 chars)
2026-08-08 13:44:10.157   Evaluator (deepseek-v3.2): alt 30 vs alt 36 (parse attempt 1) -> OK (3474 chars)
2026-08-08 13:44:10.343   Evaluator (deepseek-v3.2): alt 30 vs alt 43 (parse attempt 1) -> OK (1901 chars)
2026-08-08 13:44:11.156   Evaluator (deepseek-v3.2): alt 30 vs alt 42 (parse attempt 1) -> OK (2250 chars)
2026-08-08 13:44:11.225   Evaluator (deepseek-v3.2): alt 29 vs alt 42 (parse attempt 1) -> OK (3786 chars)
2026-08-08 13:44:11.226 JSON parse failed (attempt 1/5): 'winner'
2026-08-08 13:44:12.073   Evaluator (deepseek-v3.2): alt 25 vs alt 41 (parse attempt 1) -> OK (5146 chars)
2026-08-08 13:44:12.073 JSON parse failed (attempt 1/5): 'winner'
2026-08-08 13:44:12.090   Evaluator (deepseek-v3.2): alt 20 vs alt 44 (parse attempt 1) -> OK (4795 chars)
2026-08-08 13:44:12.216   Evaluator (deepseek-v3.2): alt 27 vs alt 48 (parse attempt 1) -> OK (3773 chars)
2026-08-08 13:44:12.464   Evaluator (deepseek-v3.2): alt 27 vs alt 35 (parse attempt 1) -> OK (3844 chars)
2026-08-08 13:44:12.464 JSON parse failed (attempt 1/5): 'winner'
2026-08-08 13:44:12.802   Evaluator (deepseek-v3.2): alt 28 vs alt 38 (parse attempt 1) -> OK (3488 chars)
2026-08-08 13:44:12.939   Evaluator (deepseek-v3.2): alt 29 vs alt 46 (parse attempt 1) -> OK (4315 chars)
2026-08-08 13:44:13.378   Evaluator (deepseek-v3.2): alt 30 vs alt 39 (parse attempt 1) -> OK (3210 chars)
2026-08-08 13:44:13.597   Evaluator (deepseek-v3.2): alt 30 vs alt 44 (parse attempt 1) -> OK (2614 chars)
2026-08-08 13:44:14.173   Evaluator (deepseek-v3.2): alt 20 vs alt 47 (parse attempt 1) -> OK (4738 chars)
2026-08-08 13:44:14.562   Evaluator (deepseek-v3.2): alt 30 vs alt 41 (parse attempt 1) -> OK (3812 chars)
2026-08-08 13:44:14.987   Evaluator (deepseek-v3.2): alt 26 vs alt 48 (parse attempt 1) -> OK (4809 chars)
2026-08-08 13:44:15.901   Evaluator (deepseek-v3.2): alt 21 vs alt 39 (parse attempt 2) -> OK (2783 chars)
2026-08-08 13:44:16.069   Evaluator (deepseek-v3.2): alt 28 vs alt 35 (parse attempt 2) -> OK (2111 chars)
2026-08-08 13:44:16.081   Evaluator (deepseek-v3.2): alt 30 vs alt 45 (parse attempt 1) -> OK (2908 chars)
2026-08-08 13:44:17.177   Evaluator (deepseek-v3.2): alt 24 vs alt 47 (parse attempt 2) -> OK (2790 chars)
2026-08-08 13:44:17.183   Evaluator (deepseek-v3.2): alt 30 vs alt 37 (parse attempt 1) -> OK (5256 chars)
2026-08-08 13:44:17.184 JSON parse failed (attempt 1/5): 'winner'
2026-08-08 13:44:17.634   Evaluator (deepseek-v3.2): alt 30 vs alt 48 (parse attempt 1) -> OK (3040 chars)
2026-08-08 13:44:18.169   Evaluator (deepseek-v3.2): alt 22 vs alt 36 (parse attempt 2) -> OK (3214 chars)
2026-08-08 13:44:19.332   Evaluator (deepseek-v3.2): alt 28 vs alt 48 (parse attempt 1) -> OK (3434 chars)
2026-08-08 13:44:20.643   Evaluator (deepseek-v3.2): alt 27 vs alt 37 (parse attempt 2) -> OK (3286 chars)
2026-08-08 13:44:20.644 JSON parse failed (attempt 2/5): Invalid control character at: line 1 column 2234 (char 2233)
2026-08-08 13:44:20.979   Evaluator (deepseek-v3.2): alt 29 vs alt 42 (parse attempt 2) -> OK (2283 chars)
2026-08-08 13:44:21.228   Evaluator (deepseek-v3.2): alt 30 vs alt 46 (parse attempt 1) -> OK (4348 chars)
2026-08-08 13:44:23.749   Evaluator (deepseek-v3.2): alt 28 vs alt 39 (parse attempt 1) -> OK (4934 chars)
2026-08-08 13:44:25.126   Evaluator (deepseek-v3.2): alt 30 vs alt 47 (parse attempt 1) -> OK (5134 chars)
2026-08-08 13:44:25.518   Evaluator (deepseek-v3.2): alt 23 vs alt 41 (parse attempt 2) -> OK (5392 chars)
2026-08-08 13:44:28.746   Evaluator (deepseek-v3.2): alt 30 vs alt 37 (parse attempt 2) -> OK (3007 chars)
2026-08-08 13:44:31.353   Evaluator (deepseek-v3.2): alt 25 vs alt 41 (parse attempt 2) -> OK (3200 chars)
2026-08-08 13:44:31.772   Evaluator (deepseek-v3.2): alt 27 vs alt 35 (parse attempt 2) -> OK (2740 chars)
2026-08-08 13:44:35.970   Evaluator (deepseek-v3.2): alt 28 vs alt 43 (parse attempt 1) -> OK (3557 chars)
2026-08-08 13:44:37.703   Evaluator (deepseek-v3.2): alt 28 vs alt 37 (parse attempt 1) -> OK (3592 chars)
2026-08-08 13:44:38.932   Evaluator (deepseek-v3.2): alt 27 vs alt 37 (parse attempt 3) -> OK (4093 chars)
2026-08-08 13:44:38.933 JSON parse failed (attempt 3/5): 'winner'
2026-08-08 13:44:54.166   Evaluator (deepseek-v3.2): alt 27 vs alt 37 (parse attempt 4) -> OK (3642 chars)
2026-08-08 13:44:54.166 JSON parse failed (attempt 4/5): Invalid control character at: line 1 column 3312 (char 3311)
2026-08-08 13:45:08.943   Evaluator (deepseek-v3.2): alt 27 vs alt 37 (parse attempt 5) -> OK (4165 chars)
2026-08-08 13:45:08.943 JSON parse failed (attempt 5/5): 'winner'
2026-08-08 13:45:08.943 ERROR: All JSON parse attempts failed for match, defaulting to tie
2026-08-08 13:45:08.944   Evaluator batch 1001-1500 / 2352 done
2026-08-08 13:45:08.952   Evaluator (deepseek-v3.2): alt 31 vs alt 12 (parse attempt 1) -> CACHE (2197 chars)
2026-08-08 13:45:08.953   Evaluator (deepseek-v3.2): alt 31 vs alt 13 (parse attempt 1) -> CACHE (3097 chars)
2026-08-08 13:45:08.957   Evaluator (deepseek-v3.2): alt 31 vs alt 14 (parse attempt 1) -> CACHE (2860 chars)
2026-08-08 13:45:08.958   Evaluator (deepseek-v3.2): alt 31 vs alt 15 (parse attempt 1) -> CACHE (3094 chars)
2026-08-08 13:45:08.958   Evaluator (deepseek-v3.2): alt 31 vs alt 16 (parse attempt 1) -> CACHE (2162 chars)
2026-08-08 13:45:08.958   Evaluator (deepseek-v3.2): alt 31 vs alt 17 (parse attempt 1) -> CACHE (3049 chars)
2026-08-08 13:45:08.959   Evaluator (deepseek-v3.2): alt 31 vs alt 18 (parse attempt 1) -> CACHE (3473 chars)
2026-08-08 13:45:08.959   Evaluator (deepseek-v3.2): alt 31 vs alt 19 (parse attempt 1) -> CACHE (3232 chars)
2026-08-08 13:45:08.959   Evaluator (deepseek-v3.2): alt 31 vs alt 20 (parse attempt 1) -> CACHE (3615 chars)
2026-08-08 13:45:08.960   Evaluator (deepseek-v3.2): alt 31 vs alt 21 (parse attempt 1) -> CACHE (3016 chars)
2026-08-08 13:45:08.960   Evaluator (deepseek-v3.2): alt 31 vs alt 22 (parse attempt 1) -> CACHE (2822 chars)
2026-08-08 13:45:08.960   Evaluator (deepseek-v3.2): alt 31 vs alt 23 (parse attempt 1) -> CACHE (3661 chars)
2026-08-08 13:45:08.961   Evaluator (deepseek-v3.2): alt 31 vs alt 24 (parse attempt 1) -> CACHE (2707 chars)
2026-08-08 13:45:08.961   Evaluator (deepseek-v3.2): alt 31 vs alt 25 (parse attempt 1) -> CACHE (1940 chars)
2026-08-08 13:45:08.966   Evaluator (deepseek-v3.2): alt 31 vs alt 26 (parse attempt 1) -> CACHE (3228 chars)
2026-08-08 13:45:08.967   Evaluator (deepseek-v3.2): alt 31 vs alt 27 (parse attempt 1) -> CACHE (3473 chars)
2026-08-08 13:45:08.967   Evaluator (deepseek-v3.2): alt 31 vs alt 28 (parse attempt 1) -> CACHE (2518 chars)
2026-08-08 13:45:08.968   Evaluator (deepseek-v3.2): alt 31 vs alt 29 (parse attempt 1) -> CACHE (2519 chars)
2026-08-08 13:45:08.968   Evaluator (deepseek-v3.2): alt 31 vs alt 30 (parse attempt 1) -> CACHE (3168 chars)
2026-08-08 13:45:08.968   Evaluator (deepseek-v3.2): alt 31 vs alt 32 (parse attempt 1) -> CACHE (2164 chars)
2026-08-08 13:45:08.969   Evaluator (deepseek-v3.2): alt 31 vs alt 33 (parse attempt 1) -> CACHE (3417 chars)
2026-08-08 13:45:08.973   Evaluator (deepseek-v3.2): alt 31 vs alt 34 (parse attempt 1) -> CACHE (2778 chars)
2026-08-08 13:45:09.054   Evaluator (deepseek-v3.2): alt 32 vs incumbent (parse attempt 1) -> CACHE (2856 chars)
2026-08-08 13:45:09.054   Evaluator (deepseek-v3.2): alt 32 vs alt 1 (parse attempt 1) -> CACHE (4056 chars)
2026-08-08 13:45:09.055   Evaluator (deepseek-v3.2): alt 32 vs alt 2 (parse attempt 1) -> CACHE (4012 chars)
2026-08-08 13:45:09.055   Evaluator (deepseek-v3.2): alt 32 vs alt 3 (parse attempt 1) -> CACHE (2456 chars)
2026-08-08 13:45:09.055   Evaluator (deepseek-v3.2): alt 32 vs alt 4 (parse attempt 1) -> CACHE (2769 chars)
2026-08-08 13:45:09.056   Evaluator (deepseek-v3.2): alt 32 vs alt 5 (parse attempt 1) -> CACHE (2459 chars)
2026-08-08 13:45:09.056   Evaluator (deepseek-v3.2): alt 32 vs alt 6 (parse attempt 1) -> CACHE (3351 chars)
2026-08-08 13:45:09.056   Evaluator (deepseek-v3.2): alt 32 vs alt 7 (parse attempt 1) -> CACHE (2195 chars)
2026-08-08 13:45:09.057   Evaluator (deepseek-v3.2): alt 32 vs alt 8 (parse attempt 1) -> CACHE (4196 chars)
2026-08-08 13:45:09.057   Evaluator (deepseek-v3.2): alt 32 vs alt 9 (parse attempt 1) -> CACHE (4546 chars)
2026-08-08 13:45:09.057   Evaluator (deepseek-v3.2): alt 32 vs alt 10 (parse attempt 1) -> CACHE (2094 chars)
2026-08-08 13:45:09.058   Evaluator (deepseek-v3.2): alt 32 vs alt 11 (parse attempt 1) -> CACHE (4534 chars)
2026-08-08 13:45:09.058   Evaluator (deepseek-v3.2): alt 32 vs alt 12 (parse attempt 1) -> CACHE (2249 chars)
2026-08-08 13:45:09.058   Evaluator (deepseek-v3.2): alt 32 vs alt 13 (parse attempt 1) -> CACHE (2141 chars)
2026-08-08 13:45:09.059   Evaluator (deepseek-v3.2): alt 32 vs alt 14 (parse attempt 1) -> CACHE (2422 chars)
2026-08-08 13:45:09.059   Evaluator (deepseek-v3.2): alt 32 vs alt 15 (parse attempt 1) -> CACHE (3920 chars)
2026-08-08 13:45:09.059   Evaluator (deepseek-v3.2): alt 32 vs alt 16 (parse attempt 1) -> CACHE (3662 chars)
2026-08-08 13:45:09.060   Evaluator (deepseek-v3.2): alt 32 vs alt 17 (parse attempt 1) -> CACHE (3550 chars)
2026-08-08 13:45:09.060   Evaluator (deepseek-v3.2): alt 32 vs alt 18 (parse attempt 1) -> CACHE (2577 chars)
2026-08-08 13:45:09.060   Evaluator (deepseek-v3.2): alt 32 vs alt 19 (parse attempt 1) -> CACHE (2574 chars)
2026-08-08 13:45:09.060   Evaluator (deepseek-v3.2): alt 32 vs alt 20 (parse attempt 1) -> CACHE (3240 chars)
2026-08-08 13:45:09.061   Evaluator (deepseek-v3.2): alt 32 vs alt 21 (parse attempt 1) -> CACHE (3618 chars)
2026-08-08 13:45:09.061   Evaluator (deepseek-v3.2): alt 32 vs alt 22 (parse attempt 1) -> CACHE (2196 chars)
2026-08-08 13:45:09.061   Evaluator (deepseek-v3.2): alt 32 vs alt 23 (parse attempt 1) -> CACHE (3624 chars)
2026-08-08 13:45:09.062   Evaluator (deepseek-v3.2): alt 32 vs alt 24 (parse attempt 1) -> CACHE (3908 chars)
2026-08-08 13:45:09.062   Evaluator (deepseek-v3.2): alt 32 vs alt 25 (parse attempt 1) -> CACHE (3752 chars)
2026-08-08 13:45:09.062   Evaluator (deepseek-v3.2): alt 32 vs alt 26 (parse attempt 1) -> CACHE (2033 chars)
2026-08-08 13:45:09.062   Evaluator (deepseek-v3.2): alt 32 vs alt 27 (parse attempt 1) -> CACHE (3337 chars)
2026-08-08 13:45:09.063   Evaluator (deepseek-v3.2): alt 32 vs alt 28 (parse attempt 1) -> CACHE (3080 chars)
2026-08-08 13:45:09.063   Evaluator (deepseek-v3.2): alt 32 vs alt 29 (parse attempt 1) -> CACHE (4731 chars)
2026-08-08 13:45:09.063   Evaluator (deepseek-v3.2): alt 32 vs alt 30 (parse attempt 1) -> CACHE (2761 chars)
2026-08-08 13:45:09.064   Evaluator (deepseek-v3.2): alt 32 vs alt 31 (parse attempt 1) -> CACHE (3377 chars)
2026-08-08 13:45:09.064   Evaluator (deepseek-v3.2): alt 32 vs alt 33 (parse attempt 1) -> CACHE (3828 chars)
2026-08-08 13:45:09.064   Evaluator (deepseek-v3.2): alt 32 vs alt 34 (parse attempt 1) -> CACHE (2254 chars)
2026-08-08 13:45:09.097   Evaluator (deepseek-v3.2): alt 33 vs incumbent (parse attempt 1) -> CACHE (3948 chars)
2026-08-08 13:45:09.098   Evaluator (deepseek-v3.2): alt 33 vs alt 1 (parse attempt 1) -> CACHE (5514 chars)
2026-08-08 13:45:09.098   Evaluator (deepseek-v3.2): alt 33 vs alt 2 (parse attempt 1) -> CACHE (2147 chars)
2026-08-08 13:45:09.099   Evaluator (deepseek-v3.2): alt 33 vs alt 3 (parse attempt 1) -> CACHE (2088 chars)
2026-08-08 13:45:09.099   Evaluator (deepseek-v3.2): alt 33 vs alt 4 (parse attempt 1) -> CACHE (2188 chars)
2026-08-08 13:45:09.099   Evaluator (deepseek-v3.2): alt 33 vs alt 5 (parse attempt 1) -> CACHE (2805 chars)
2026-08-08 13:45:09.100   Evaluator (deepseek-v3.2): alt 33 vs alt 6 (parse attempt 1) -> CACHE (3711 chars)
2026-08-08 13:45:09.100   Evaluator (deepseek-v3.2): alt 33 vs alt 7 (parse attempt 1) -> CACHE (3945 chars)
2026-08-08 13:45:09.100   Evaluator (deepseek-v3.2): alt 33 vs alt 8 (parse attempt 1) -> CACHE (3891 chars)
2026-08-08 13:45:09.100 JSON parse failed (attempt 1/5): 'winner'
2026-08-08 13:45:09.101   Evaluator (deepseek-v3.2): alt 33 vs alt 8 (parse attempt 2) -> CACHE (3303 chars)
2026-08-08 13:45:09.101   Evaluator (deepseek-v3.2): alt 33 vs alt 9 (parse attempt 1) -> CACHE (2191 chars)
2026-08-08 13:45:09.101   Evaluator (deepseek-v3.2): alt 33 vs alt 10 (parse attempt 1) -> CACHE (1763 chars)
2026-08-08 13:45:09.102   Evaluator (deepseek-v3.2): alt 33 vs alt 11 (parse attempt 1) -> CACHE (2696 chars)
2026-08-08 13:45:09.102   Evaluator (deepseek-v3.2): alt 33 vs alt 12 (parse attempt 1) -> CACHE (3911 chars)
2026-08-08 13:45:09.102   Evaluator (deepseek-v3.2): alt 33 vs alt 13 (parse attempt 1) -> CACHE (2011 chars)
2026-08-08 13:45:09.102   Evaluator (deepseek-v3.2): alt 33 vs alt 14 (parse attempt 1) -> CACHE (4558 chars)
2026-08-08 13:45:09.103 JSON parse failed (attempt 1/5): 'winner'
2026-08-08 13:45:09.103   Evaluator (deepseek-v3.2): alt 33 vs alt 14 (parse attempt 2) -> CACHE (4761 chars)
2026-08-08 13:45:09.103 JSON parse failed (attempt 2/5): 'winner'
2026-08-08 13:45:09.103   Evaluator (deepseek-v3.2): alt 33 vs alt 14 (parse attempt 3) -> CACHE (4497 chars)
2026-08-08 13:45:09.103 JSON parse failed (attempt 3/5): 'winner'
2026-08-08 13:45:09.103   Evaluator (deepseek-v3.2): alt 33 vs alt 14 (parse attempt 4) -> CACHE (6019 chars)
2026-08-08 13:45:09.103 JSON parse failed (attempt 4/5): 'winner'
2026-08-08 13:45:09.104   Evaluator (deepseek-v3.2): alt 33 vs alt 14 (parse attempt 5) -> CACHE (5642 chars)
2026-08-08 13:45:09.104 JSON parse failed (attempt 5/5): 'winner'
2026-08-08 13:45:09.104 ERROR: All JSON parse attempts failed for match, defaulting to tie
2026-08-08 13:45:09.104   Evaluator (deepseek-v3.2): alt 33 vs alt 15 (parse attempt 1) -> CACHE (4173 chars)
2026-08-08 13:45:09.104   Evaluator (deepseek-v3.2): alt 33 vs alt 16 (parse attempt 1) -> CACHE (4521 chars)
2026-08-08 13:45:09.105   Evaluator (deepseek-v3.2): alt 33 vs alt 17 (parse attempt 1) -> CACHE (2357 chars)
2026-08-08 13:45:09.105   Evaluator (deepseek-v3.2): alt 33 vs alt 18 (parse attempt 1) -> CACHE (2415 chars)
2026-08-08 13:45:09.105   Evaluator (deepseek-v3.2): alt 33 vs alt 19 (parse attempt 1) -> CACHE (3033 chars)
2026-08-08 13:45:09.106   Evaluator (deepseek-v3.2): alt 33 vs alt 20 (parse attempt 1) -> CACHE (3902 chars)
2026-08-08 13:45:09.106   Evaluator (deepseek-v3.2): alt 33 vs alt 21 (parse attempt 1) -> CACHE (3984 chars)
2026-08-08 13:45:09.106   Evaluator (deepseek-v3.2): alt 33 vs alt 22 (parse attempt 1) -> CACHE (3418 chars)
2026-08-08 13:45:09.106   Evaluator (deepseek-v3.2): alt 33 vs alt 23 (parse attempt 1) -> CACHE (4160 chars)
2026-08-08 13:45:09.107 JSON parse failed (attempt 1/5): 'winner'
2026-08-08 13:45:09.107   Evaluator (deepseek-v3.2): alt 33 vs alt 23 (parse attempt 2) -> CACHE (4269 chars)
2026-08-08 13:45:09.107   Evaluator (deepseek-v3.2): alt 33 vs alt 24 (parse attempt 1) -> CACHE (3034 chars)
2026-08-08 13:45:09.107   Evaluator (deepseek-v3.2): alt 33 vs alt 25 (parse attempt 1) -> CACHE (3143 chars)
2026-08-08 13:45:09.108   Evaluator (deepseek-v3.2): alt 33 vs alt 26 (parse attempt 1) -> CACHE (3194 chars)
2026-08-08 13:45:09.108   Evaluator (deepseek-v3.2): alt 33 vs alt 27 (parse attempt 1) -> CACHE (3037 chars)
2026-08-08 13:45:09.108   Evaluator (deepseek-v3.2): alt 33 vs alt 28 (parse attempt 1) -> CACHE (2864 chars)
2026-08-08 13:45:09.109   Evaluator (deepseek-v3.2): alt 33 vs alt 29 (parse attempt 1) -> CACHE (3176 chars)
2026-08-08 13:45:09.109   Evaluator (deepseek-v3.2): alt 33 vs alt 30 (parse attempt 1) -> CACHE (4391 chars)
2026-08-08 13:45:09.109 JSON parse failed (attempt 1/5): 'winner'
2026-08-08 13:45:09.109   Evaluator (deepseek-v3.2): alt 33 vs alt 30 (parse attempt 2) -> CACHE (5023 chars)
2026-08-08 13:45:09.109   Evaluator (deepseek-v3.2): alt 33 vs alt 31 (parse attempt 1) -> CACHE (4258 chars)
2026-08-08 13:45:09.110 JSON parse failed (attempt 1/5): 'winner'
2026-08-08 13:45:09.110   Evaluator (deepseek-v3.2): alt 33 vs alt 31 (parse attempt 2) -> CACHE (4273 chars)
2026-08-08 13:45:09.110   Evaluator (deepseek-v3.2): alt 33 vs alt 32 (parse attempt 1) -> CACHE (4671 chars)
2026-08-08 13:45:09.110   Evaluator (deepseek-v3.2): alt 33 vs alt 34 (parse attempt 1) -> CACHE (2751 chars)
2026-08-08 13:45:09.140   Evaluator (deepseek-v3.2): alt 34 vs incumbent (parse attempt 1) -> CACHE (2727 chars)
2026-08-08 13:45:09.140   Evaluator (deepseek-v3.2): alt 34 vs alt 1 (parse attempt 1) -> CACHE (5621 chars)
2026-08-08 13:45:09.141 JSON parse failed (attempt 1/5): 'winner'
2026-08-08 13:45:09.141   Evaluator (deepseek-v3.2): alt 34 vs alt 1 (parse attempt 2) -> CACHE (2861 chars)
2026-08-08 13:45:09.141   Evaluator (deepseek-v3.2): alt 34 vs alt 2 (parse attempt 1) -> CACHE (3415 chars)
2026-08-08 13:45:09.141   Evaluator (deepseek-v3.2): alt 34 vs alt 3 (parse attempt 1) -> CACHE (2256 chars)
2026-08-08 13:45:09.142   Evaluator (deepseek-v3.2): alt 34 vs alt 4 (parse attempt 1) -> CACHE (3524 chars)
2026-08-08 13:45:09.142   Evaluator (deepseek-v3.2): alt 34 vs alt 5 (parse attempt 1) -> CACHE (2105 chars)
2026-08-08 13:45:09.142   Evaluator (deepseek-v3.2): alt 34 vs alt 6 (parse attempt 1) -> CACHE (1863 chars)
2026-08-08 13:45:09.143   Evaluator (deepseek-v3.2): alt 34 vs alt 7 (parse attempt 1) -> CACHE (3161 chars)
2026-08-08 13:45:09.143   Evaluator (deepseek-v3.2): alt 34 vs alt 8 (parse attempt 1) -> CACHE (2716 chars)
2026-08-08 13:45:09.143   Evaluator (deepseek-v3.2): alt 34 vs alt 9 (parse attempt 1) -> CACHE (2828 chars)
2026-08-08 13:45:09.143   Evaluator (deepseek-v3.2): alt 34 vs alt 10 (parse attempt 1) -> CACHE (3457 chars)
2026-08-08 13:45:09.144   Evaluator (deepseek-v3.2): alt 34 vs alt 11 (parse attempt 1) -> CACHE (3103 chars)
2026-08-08 13:45:09.144   Evaluator (deepseek-v3.2): alt 34 vs alt 12 (parse attempt 1) -> CACHE (3910 chars)
2026-08-08 13:45:09.144 JSON parse failed (attempt 1/5): 'winner'
2026-08-08 13:45:09.144   Evaluator (deepseek-v3.2): alt 34 vs alt 12 (parse attempt 2) -> CACHE (3110 chars)
2026-08-08 13:45:09.145   Evaluator (deepseek-v3.2): alt 34 vs alt 13 (parse attempt 1) -> CACHE (3164 chars)
2026-08-08 13:45:09.145   Evaluator (deepseek-v3.2): alt 34 vs alt 14 (parse attempt 1) -> CACHE (3610 chars)
2026-08-08 13:45:09.145   Evaluator (deepseek-v3.2): alt 34 vs alt 15 (parse attempt 1) -> CACHE (3197 chars)
2026-08-08 13:45:09.146   Evaluator (deepseek-v3.2): alt 34 vs alt 16 (parse attempt 1) -> CACHE (3013 chars)
2026-08-08 13:45:09.146   Evaluator (deepseek-v3.2): alt 34 vs alt 17 (parse attempt 1) -> CACHE (2343 chars)
2026-08-08 13:45:09.146   Evaluator (deepseek-v3.2): alt 34 vs alt 18 (parse attempt 1) -> CACHE (2978 chars)
2026-08-08 13:45:09.146   Evaluator (deepseek-v3.2): alt 34 vs alt 19 (parse attempt 1) -> CACHE (2570 chars)
2026-08-08 13:45:09.147   Evaluator (deepseek-v3.2): alt 34 vs alt 20 (parse attempt 1) -> CACHE (3068 chars)
2026-08-08 13:45:09.147   Evaluator (deepseek-v3.2): alt 34 vs alt 21 (parse attempt 1) -> CACHE (2875 chars)
2026-08-08 13:45:09.147   Evaluator (deepseek-v3.2): alt 34 vs alt 22 (parse attempt 1) -> CACHE (3839 chars)
2026-08-08 13:45:09.147 JSON parse failed (attempt 1/5): 'winner'
2026-08-08 13:45:09.147   Evaluator (deepseek-v3.2): alt 34 vs alt 22 (parse attempt 2) -> CACHE (2198 chars)
2026-08-08 13:45:09.148   Evaluator (deepseek-v3.2): alt 34 vs alt 23 (parse attempt 1) -> CACHE (1938 chars)
2026-08-08 13:45:09.148   Evaluator (deepseek-v3.2): alt 34 vs alt 24 (parse attempt 1) -> CACHE (3790 chars)
2026-08-08 13:45:09.148   Evaluator (deepseek-v3.2): alt 34 vs alt 25 (parse attempt 1) -> CACHE (3024 chars)
2026-08-08 13:45:09.148   Evaluator (deepseek-v3.2): alt 34 vs alt 26 (parse attempt 1) -> CACHE (2166 chars)
2026-08-08 13:45:09.149   Evaluator (deepseek-v3.2): alt 34 vs alt 27 (parse attempt 1) -> CACHE (2722 chars)
2026-08-08 13:45:09.149   Evaluator (deepseek-v3.2): alt 34 vs alt 28 (parse attempt 1) -> CACHE (3695 chars)
2026-08-08 13:45:09.149   Evaluator (deepseek-v3.2): alt 34 vs alt 29 (parse attempt 1) -> CACHE (3336 chars)
2026-08-08 13:45:09.150   Evaluator (deepseek-v3.2): alt 34 vs alt 30 (parse attempt 1) -> CACHE (2523 chars)
2026-08-08 13:45:09.150   Evaluator (deepseek-v3.2): alt 34 vs alt 31 (parse attempt 1) -> CACHE (2652 chars)
2026-08-08 13:45:09.150   Evaluator (deepseek-v3.2): alt 34 vs alt 32 (parse attempt 1) -> CACHE (3713 chars)
2026-08-08 13:45:09.150 JSON parse failed (attempt 1/5): 'winner'
2026-08-08 13:45:09.150   Evaluator (deepseek-v3.2): alt 34 vs alt 32 (parse attempt 2) -> CACHE (2076 chars)
2026-08-08 13:45:09.151   Evaluator (deepseek-v3.2): alt 34 vs alt 33 (parse attempt 1) -> CACHE (3564 chars)
2026-08-08 13:45:17.042   Evaluator (deepseek-v3.2): alt 31 vs alt 42 (parse attempt 1) -> OK (1638 chars)
2026-08-08 13:45:17.778   Evaluator (deepseek-v3.2): alt 33 vs alt 45 (parse attempt 1) -> OK (1744 chars)
2026-08-08 13:45:18.178   Evaluator (deepseek-v3.2): alt 32 vs alt 37 (parse attempt 1) -> OK (2067 chars)
2026-08-08 13:45:18.283   Evaluator (deepseek-v3.2): alt 31 vs alt 43 (parse attempt 1) -> OK (2313 chars)
2026-08-08 13:45:19.263   Evaluator (deepseek-v3.2): alt 31 vs alt 38 (parse attempt 1) -> OK (3024 chars)
2026-08-08 13:45:19.539   Evaluator (deepseek-v3.2): alt 31 vs alt 44 (parse attempt 1) -> OK (3646 chars)
2026-08-08 13:45:19.566   Evaluator (deepseek-v3.2): alt 32 vs alt 42 (parse attempt 1) -> OK (3087 chars)
2026-08-08 13:45:20.404   Evaluator (deepseek-v3.2): alt 32 vs alt 45 (parse attempt 1) -> OK (2987 chars)
2026-08-08 13:45:21.064   Evaluator (deepseek-v3.2): alt 33 vs alt 42 (parse attempt 1) -> OK (2865 chars)
2026-08-08 13:45:21.126   Evaluator (deepseek-v3.2): alt 33 vs alt 46 (parse attempt 1) -> OK (3160 chars)
2026-08-08 13:45:21.193   Evaluator (deepseek-v3.2): alt 33 vs alt 40 (parse attempt 1) -> OK (3361 chars)
2026-08-08 13:45:21.249   Evaluator (deepseek-v3.2): alt 32 vs alt 41 (parse attempt 1) -> OK (2633 chars)
2026-08-08 13:45:21.450   Evaluator (deepseek-v3.2): alt 32 vs alt 43 (parse attempt 1) -> OK (3559 chars)
2026-08-08 13:45:21.737   Evaluator (deepseek-v3.2): alt 31 vs alt 40 (parse attempt 1) -> OK (4047 chars)
2026-08-08 13:45:21.895   Evaluator (deepseek-v3.2): alt 31 vs alt 45 (parse attempt 1) -> OK (3837 chars)
2026-08-08 13:45:21.908   Evaluator (deepseek-v3.2): alt 31 vs alt 47 (parse attempt 1) -> OK (3042 chars)
2026-08-08 13:45:21.994   Evaluator (deepseek-v3.2): alt 33 vs alt 36 (parse attempt 1) -> OK (2791 chars)
2026-08-08 13:45:22.632   Evaluator (deepseek-v3.2): alt 32 vs alt 38 (parse attempt 1) -> OK (3523 chars)
2026-08-08 13:45:22.781   Evaluator (deepseek-v3.2): alt 31 vs alt 35 (parse attempt 1) -> OK (3806 chars)
2026-08-08 13:45:23.230   Evaluator (deepseek-v3.2): alt 33 vs alt 37 (parse attempt 1) -> OK (3132 chars)
2026-08-08 13:45:24.039   Evaluator (deepseek-v3.2): alt 31 vs alt 46 (parse attempt 1) -> OK (4062 chars)
2026-08-08 13:45:24.744   Evaluator (deepseek-v3.2): alt 32 vs alt 44 (parse attempt 1) -> OK (4286 chars)
2026-08-08 13:45:25.051   Evaluator (deepseek-v3.2): alt 32 vs alt 46 (parse attempt 1) -> OK (4346 chars)
2026-08-08 13:45:25.232   Evaluator (deepseek-v3.2): alt 31 vs alt 48 (parse attempt 1) -> OK (4174 chars)
2026-08-08 13:45:25.519   Evaluator (deepseek-v3.2): alt 32 vs alt 48 (parse attempt 1) -> OK (4428 chars)
2026-08-08 13:45:26.066   Evaluator (deepseek-v3.2): alt 33 vs alt 44 (parse attempt 1) -> OK (4937 chars)
2026-08-08 13:45:26.066 JSON parse failed (attempt 1/5): 'winner'
2026-08-08 13:45:26.278   Evaluator (deepseek-v3.2): alt 32 vs alt 35 (parse attempt 1) -> OK (4448 chars)
2026-08-08 13:45:26.538   Evaluator (deepseek-v3.2): alt 31 vs alt 39 (parse attempt 1) -> OK (2669 chars)
2026-08-08 13:45:28.091   Evaluator (deepseek-v3.2): alt 33 vs alt 47 (parse attempt 1) -> OK (3056 chars)
2026-08-08 13:45:28.394   Evaluator (deepseek-v3.2): alt 32 vs alt 40 (parse attempt 1) -> OK (2595 chars)
2026-08-08 13:45:28.685   Evaluator (deepseek-v3.2): alt 33 vs alt 35 (parse attempt 1) -> OK (4992 chars)
2026-08-08 13:45:30.217   Evaluator (deepseek-v3.2): alt 34 vs alt 40 (parse attempt 1) -> OK (2456 chars)
2026-08-08 13:45:30.303   Evaluator (deepseek-v3.2): alt 34 vs alt 38 (parse attempt 1) -> OK (2664 chars)
2026-08-08 13:45:30.907   Evaluator (deepseek-v3.2): alt 33 vs alt 41 (parse attempt 1) -> OK (5000 chars)
2026-08-08 13:45:31.061   Evaluator (deepseek-v3.2): alt 31 vs alt 36 (parse attempt 1) -> OK (3481 chars)
2026-08-08 13:45:31.587   Evaluator (deepseek-v3.2): alt 34 vs alt 46 (parse attempt 1) -> OK (2546 chars)
2026-08-08 13:45:31.806   Evaluator (deepseek-v3.2): alt 35 vs alt 2 (parse attempt 1) -> OK (2347 chars)
2026-08-08 13:45:32.168   Evaluator (deepseek-v3.2): alt 33 vs alt 39 (parse attempt 1) -> OK (2846 chars)
2026-08-08 13:45:32.710   Evaluator (deepseek-v3.2): alt 34 vs alt 36 (parse attempt 1) -> OK (4559 chars)
2026-08-08 13:45:33.712   Evaluator (deepseek-v3.2): alt 34 vs alt 47 (parse attempt 1) -> OK (3074 chars)
2026-08-08 13:45:33.729   Evaluator (deepseek-v3.2): alt 34 vs alt 37 (parse attempt 1) -> OK (3956 chars)
2026-08-08 13:45:33.780   Evaluator (deepseek-v3.2): alt 33 vs alt 48 (parse attempt 1) -> OK (4637 chars)
2026-08-08 13:45:33.781 JSON parse failed (attempt 1/5): 'winner'
2026-08-08 13:45:33.942   Evaluator (deepseek-v3.2): alt 35 vs incumbent (parse attempt 1) -> OK (3161 chars)
2026-08-08 13:45:33.980   Evaluator (deepseek-v3.2): alt 34 vs alt 45 (parse attempt 1) -> OK (3492 chars)
2026-08-08 13:45:34.414   Evaluator (deepseek-v3.2): alt 34 vs alt 41 (parse attempt 1) -> OK (3860 chars)
2026-08-08 13:45:34.550   Evaluator (deepseek-v3.2): alt 34 vs alt 44 (parse attempt 1) -> OK (3942 chars)
2026-08-08 13:45:34.550 JSON parse failed (attempt 1/5): 'winner'
2026-08-08 13:45:34.714   Evaluator (deepseek-v3.2): alt 35 vs alt 3 (parse attempt 1) -> OK (3123 chars)
2026-08-08 13:45:34.992   Evaluator (deepseek-v3.2): alt 34 vs alt 48 (parse attempt 1) -> OK (3852 chars)
2026-08-08 13:45:34.992 JSON parse failed (attempt 1/5): 'winner'
2026-08-08 13:45:35.187   Evaluator (deepseek-v3.2): alt 34 vs alt 35 (parse attempt 1) -> OK (4308 chars)
2026-08-08 13:45:35.690   Evaluator (deepseek-v3.2): alt 34 vs alt 42 (parse attempt 1) -> OK (3965 chars)
2026-08-08 13:45:35.690 JSON parse failed (attempt 1/5): 'winner'
2026-08-08 13:45:35.776   Evaluator (deepseek-v3.2): alt 32 vs alt 36 (parse attempt 1) -> OK (4133 chars)
2026-08-08 13:45:36.148   Evaluator (deepseek-v3.2): alt 35 vs alt 4 (parse attempt 1) -> OK (2898 chars)
2026-08-08 13:45:36.871   Evaluator (deepseek-v3.2): alt 35 vs alt 1 (parse attempt 1) -> OK (3990 chars)
2026-08-08 13:45:37.114   Evaluator (deepseek-v3.2): alt 33 vs alt 43 (parse attempt 1) -> OK (3919 chars)
2026-08-08 13:45:37.228   Evaluator (deepseek-v3.2): alt 35 vs alt 12 (parse attempt 1) -> OK (2240 chars)
2026-08-08 13:45:37.244   Evaluator (deepseek-v3.2): alt 35 vs alt 9 (parse attempt 1) -> OK (3083 chars)
2026-08-08 13:45:37.407   Evaluator (deepseek-v3.2): alt 35 vs alt 5 (parse attempt 1) -> OK (3453 chars)
2026-08-08 13:45:37.546   Evaluator (deepseek-v3.2): alt 34 vs alt 43 (parse attempt 1) -> OK (3992 chars)
2026-08-08 13:45:38.036   Evaluator (deepseek-v3.2): alt 35 vs alt 10 (parse attempt 1) -> OK (3547 chars)
2026-08-08 13:45:38.037 JSON parse failed (attempt 1/5): 'winner'
2026-08-08 13:45:39.019   Evaluator (deepseek-v3.2): alt 31 vs alt 41 (parse attempt 1) -> OK (4499 chars)
2026-08-08 13:45:39.019 JSON parse failed (attempt 1/5): 'winner'
2026-08-08 13:45:39.514   Evaluator (deepseek-v3.2): alt 35 vs alt 13 (parse attempt 1) -> OK (2841 chars)
2026-08-08 13:45:39.583   Evaluator (deepseek-v3.2): alt 31 vs alt 37 (parse attempt 1) -> OK (3441 chars)
2026-08-08 13:45:39.687   Evaluator (deepseek-v3.2): alt 35 vs alt 14 (parse attempt 1) -> OK (2827 chars)
2026-08-08 13:45:41.036   Evaluator (deepseek-v3.2): alt 35 vs alt 6 (parse attempt 1) -> OK (4179 chars)
2026-08-08 13:45:41.350   Evaluator (deepseek-v3.2): alt 35 vs alt 19 (parse attempt 1) -> OK (2405 chars)
2026-08-08 13:45:41.627   Evaluator (deepseek-v3.2): alt 35 vs alt 16 (parse attempt 1) -> OK (3110 chars)
2026-08-08 13:45:41.915   Evaluator (deepseek-v3.2): alt 35 vs alt 22 (parse attempt 1) -> OK (2111 chars)
2026-08-08 13:45:42.022   Evaluator (deepseek-v3.2): alt 35 vs alt 17 (parse attempt 1) -> OK (2867 chars)
2026-08-08 13:45:42.097   Evaluator (deepseek-v3.2): alt 34 vs alt 39 (parse attempt 1) -> OK (3332 chars)
2026-08-08 13:45:42.340   Evaluator (deepseek-v3.2): alt 35 vs alt 29 (parse attempt 1) -> OK (2215 chars)
2026-08-08 13:45:42.373   Evaluator (deepseek-v3.2): alt 32 vs alt 47 (parse attempt 1) -> OK (4369 chars)
2026-08-08 13:45:42.458   Evaluator (deepseek-v3.2): alt 35 vs alt 7 (parse attempt 1) -> OK (4629 chars)
2026-08-08 13:45:43.740   Evaluator (deepseek-v3.2): alt 35 vs alt 21 (parse attempt 1) -> OK (2759 chars)
2026-08-08 13:45:44.340   Evaluator (deepseek-v3.2): alt 35 vs alt 15 (parse attempt 1) -> OK (3946 chars)
2026-08-08 13:45:44.356   Evaluator (deepseek-v3.2): alt 35 vs alt 26 (parse attempt 1) -> OK (2996 chars)
2026-08-08 13:45:44.467   Evaluator (deepseek-v3.2): alt 35 vs alt 30 (parse attempt 1) -> OK (2492 chars)
2026-08-08 13:45:44.651   Evaluator (deepseek-v3.2): alt 35 vs alt 25 (parse attempt 1) -> OK (2716 chars)
2026-08-08 13:45:44.855   Evaluator (deepseek-v3.2): alt 32 vs alt 39 (parse attempt 1) -> OK (4661 chars)
2026-08-08 13:45:44.969   Evaluator (deepseek-v3.2): alt 35 vs alt 34 (parse attempt 1) -> OK (2509 chars)
2026-08-08 13:45:45.005   Evaluator (deepseek-v3.2): alt 35 vs alt 33 (parse attempt 1) -> OK (2398 chars)
2026-08-08 13:45:45.380   Evaluator (deepseek-v3.2): alt 35 vs alt 28 (parse attempt 1) -> OK (2977 chars)
2026-08-08 13:45:45.411   Evaluator (deepseek-v3.2): alt 35 vs alt 23 (parse attempt 1) -> OK (2837 chars)
2026-08-08 13:45:45.551   Evaluator (deepseek-v3.2): alt 35 vs alt 27 (parse attempt 1) -> OK (3017 chars)
2026-08-08 13:45:45.836   Evaluator (deepseek-v3.2): alt 35 vs alt 37 (parse attempt 1) -> OK (2378 chars)
2026-08-08 13:45:46.069   Evaluator (deepseek-v3.2): alt 35 vs alt 47 (parse attempt 1) -> OK (1311 chars)
2026-08-08 13:45:46.096   Evaluator (deepseek-v3.2): alt 35 vs alt 31 (parse attempt 1) -> OK (2966 chars)
2026-08-08 13:45:46.816   Evaluator (deepseek-v3.2): alt 35 vs alt 38 (parse attempt 1) -> OK (2704 chars)
2026-08-08 13:45:47.060   Evaluator (deepseek-v3.2): alt 35 vs alt 32 (parse attempt 1) -> OK (3668 chars)
2026-08-08 13:45:47.418   Evaluator (deepseek-v3.2): alt 35 vs alt 40 (parse attempt 1) -> OK (3204 chars)
2026-08-08 13:45:47.428   Evaluator (deepseek-v3.2): alt 35 vs alt 42 (parse attempt 1) -> OK (2819 chars)
2026-08-08 13:45:47.552   Evaluator (deepseek-v3.2): alt 35 vs alt 43 (parse attempt 1) -> OK (2675 chars)
2026-08-08 13:45:47.556   Evaluator (deepseek-v3.2): alt 35 vs alt 8 (parse attempt 1) -> OK (3110 chars)
2026-08-08 13:45:48.181   Evaluator (deepseek-v3.2): alt 35 vs alt 45 (parse attempt 1) -> OK (2280 chars)
2026-08-08 13:45:49.248   Evaluator (deepseek-v3.2): alt 35 vs alt 20 (parse attempt 1) -> OK (3452 chars)
2026-08-08 13:45:49.526   Evaluator (deepseek-v3.2): alt 35 vs alt 39 (parse attempt 1) -> OK (3266 chars)
2026-08-08 13:45:49.973   Evaluator (deepseek-v3.2): alt 35 vs alt 18 (parse attempt 1) -> OK (2452 chars)
2026-08-08 13:45:50.492   Evaluator (deepseek-v3.2): alt 35 vs alt 48 (parse attempt 1) -> OK (2370 chars)
2026-08-08 13:45:50.832   Evaluator (deepseek-v3.2): alt 35 vs alt 44 (parse attempt 1) -> OK (2822 chars)
2026-08-08 13:45:52.093   Evaluator (deepseek-v3.2): alt 36 vs alt 3 (parse attempt 1) -> OK (2599 chars)
2026-08-08 13:45:52.744   Evaluator (deepseek-v3.2): alt 35 vs alt 41 (parse attempt 1) -> OK (4523 chars)
2026-08-08 13:45:52.767   Evaluator (deepseek-v3.2): alt 36 vs incumbent (parse attempt 1) -> OK (3216 chars)
2026-08-08 13:45:53.099   Evaluator (deepseek-v3.2): alt 36 vs alt 4 (parse attempt 1) -> OK (2692 chars)
2026-08-08 13:45:53.600   Evaluator (deepseek-v3.2): alt 36 vs alt 11 (parse attempt 1) -> OK (2264 chars)
2026-08-08 13:45:53.633   Evaluator (deepseek-v3.2): alt 36 vs alt 15 (parse attempt 1) -> OK (2174 chars)
2026-08-08 13:45:53.785   Evaluator (deepseek-v3.2): alt 36 vs alt 5 (parse attempt 1) -> OK (2813 chars)
2026-08-08 13:45:54.506   Evaluator (deepseek-v3.2): alt 36 vs alt 6 (parse attempt 1) -> OK (3406 chars)
2026-08-08 13:45:54.506 JSON parse failed (attempt 1/5): 'winner'
2026-08-08 13:45:55.123   Evaluator (deepseek-v3.2): alt 36 vs alt 21 (parse attempt 1) -> OK (2406 chars)
2026-08-08 13:45:55.239   Evaluator (deepseek-v3.2): alt 36 vs alt 13 (parse attempt 1) -> OK (2675 chars)
2026-08-08 13:45:55.766   Evaluator (deepseek-v3.2): alt 36 vs alt 17 (parse attempt 1) -> OK (2582 chars)
2026-08-08 13:45:56.015   Evaluator (deepseek-v3.2): alt 36 vs alt 25 (parse attempt 1) -> OK (2096 chars)
2026-08-08 13:45:57.267   Evaluator (deepseek-v3.2): alt 36 vs alt 14 (parse attempt 1) -> OK (3094 chars)
2026-08-08 13:45:58.267   Evaluator (deepseek-v3.2): alt 36 vs alt 19 (parse attempt 1) -> OK (3147 chars)
2026-08-08 13:45:58.521   Evaluator (deepseek-v3.2): alt 33 vs alt 38 (parse attempt 1) -> OK (5842 chars)
2026-08-08 13:46:00.032   Evaluator (deepseek-v3.2): alt 36 vs alt 34 (parse attempt 1) -> OK (1974 chars)
2026-08-08 13:46:00.286   Evaluator (deepseek-v3.2): alt 36 vs alt 31 (parse attempt 1) -> OK (2399 chars)
2026-08-08 13:46:00.547   Evaluator (deepseek-v3.2): alt 35 vs alt 46 (parse attempt 1) -> OK (5390 chars)
2026-08-08 13:46:01.008   Evaluator (deepseek-v3.2): alt 36 vs alt 32 (parse attempt 1) -> OK (2539 chars)
2026-08-08 13:46:01.195   Evaluator (deepseek-v3.2): alt 36 vs alt 7 (parse attempt 1) -> OK (2799 chars)
2026-08-08 13:46:01.397   Evaluator (deepseek-v3.2): alt 36 vs alt 8 (parse attempt 1) -> OK (2546 chars)
2026-08-08 13:46:01.765   Evaluator (deepseek-v3.2): alt 36 vs alt 30 (parse attempt 1) -> OK (3140 chars)
2026-08-08 13:46:02.258   Evaluator (deepseek-v3.2): alt 35 vs alt 36 (parse attempt 1) -> OK (4031 chars)
2026-08-08 13:46:03.276   Evaluator (deepseek-v3.2): alt 36 vs alt 16 (parse attempt 1) -> OK (2543 chars)
2026-08-08 13:46:03.418   Evaluator (deepseek-v3.2): alt 36 vs alt 40 (parse attempt 1) -> OK (2259 chars)
2026-08-08 13:46:03.493   Evaluator (deepseek-v3.2): alt 36 vs alt 28 (parse attempt 1) -> OK (4247 chars)
2026-08-08 13:46:03.946   Evaluator (deepseek-v3.2): alt 36 vs alt 42 (parse attempt 1) -> OK (2587 chars)
2026-08-08 13:46:03.957   Evaluator (deepseek-v3.2): alt 36 vs alt 44 (parse attempt 1) -> OK (1939 chars)
2026-08-08 13:46:04.811   Evaluator (deepseek-v3.2): alt 36 vs alt 9 (parse attempt 1) -> OK (2912 chars)
2026-08-08 13:46:04.876   Evaluator (deepseek-v3.2): alt 36 vs alt 23 (parse attempt 1) -> OK (2655 chars)
2026-08-08 13:46:05.104   Evaluator (deepseek-v3.2): alt 35 vs alt 11 (parse attempt 1) -> OK (5658 chars)
2026-08-08 13:46:05.687   Evaluator (deepseek-v3.2): alt 36 vs alt 43 (parse attempt 1) -> OK (2876 chars)
2026-08-08 13:46:06.422   Evaluator (deepseek-v3.2): alt 36 vs alt 29 (parse attempt 1) -> OK (4608 chars)
2026-08-08 13:46:06.423 JSON parse failed (attempt 1/5): 'winner'
2026-08-08 13:46:06.501   Evaluator (deepseek-v3.2): alt 36 vs alt 33 (parse attempt 1) -> OK (4139 chars)
2026-08-08 13:46:06.602   Evaluator (deepseek-v3.2): alt 36 vs alt 37 (parse attempt 1) -> OK (3713 chars)
2026-08-08 13:46:06.690   Evaluator (deepseek-v3.2): alt 36 vs alt 10 (parse attempt 1) -> OK (3616 chars)
2026-08-08 13:46:06.903   Evaluator (deepseek-v3.2): alt 36 vs alt 24 (parse attempt 1) -> OK (2684 chars)
2026-08-08 13:46:07.548   Evaluator (deepseek-v3.2): alt 36 vs alt 18 (parse attempt 1) -> OK (3569 chars)
2026-08-08 13:46:07.891   Evaluator (deepseek-v3.2): alt 36 vs alt 12 (parse attempt 1) -> OK (3241 chars)
2026-08-08 13:46:08.224   Evaluator (deepseek-v3.2): alt 36 vs alt 38 (parse attempt 1) -> OK (4094 chars)
2026-08-08 13:46:08.704   Evaluator (deepseek-v3.2): alt 36 vs alt 20 (parse attempt 1) -> OK (3606 chars)
2026-08-08 13:46:08.840   Evaluator (deepseek-v3.2): alt 36 vs alt 1 (parse attempt 1) -> OK (4235 chars)
2026-08-08 13:46:09.040   Evaluator (deepseek-v3.2): alt 36 vs alt 26 (parse attempt 1) -> OK (2963 chars)
2026-08-08 13:46:09.261   Evaluator (deepseek-v3.2): alt 36 vs alt 45 (parse attempt 1) -> OK (3497 chars)
2026-08-08 13:46:09.486   Evaluator (deepseek-v3.2): alt 37 vs incumbent (parse attempt 1) -> OK (2107 chars)
2026-08-08 13:46:09.505   Evaluator (deepseek-v3.2): alt 36 vs alt 2 (parse attempt 1) -> OK (4355 chars)
2026-08-08 13:46:10.171   Evaluator (deepseek-v3.2): alt 36 vs alt 27 (parse attempt 1) -> OK (3170 chars)
2026-08-08 13:46:10.277   Evaluator (deepseek-v3.2): alt 37 vs alt 8 (parse attempt 1) -> OK (2089 chars)
2026-08-08 13:46:11.657   Evaluator (deepseek-v3.2): alt 35 vs alt 24 (parse attempt 1) -> OK (3477 chars)
2026-08-08 13:46:13.155   Evaluator (deepseek-v3.2): alt 37 vs alt 1 (parse attempt 1) -> OK (2247 chars)
2026-08-08 13:46:13.658   Evaluator (deepseek-v3.2): alt 36 vs alt 48 (parse attempt 1) -> OK (3352 chars)
2026-08-08 13:46:14.119   Evaluator (deepseek-v3.2): alt 36 vs alt 22 (parse attempt 1) -> OK (4340 chars)
2026-08-08 13:46:14.716   Evaluator (deepseek-v3.2): alt 37 vs alt 5 (parse attempt 1) -> OK (2458 chars)
2026-08-08 13:46:14.813   Evaluator (deepseek-v3.2): alt 36 vs alt 35 (parse attempt 1) -> OK (3291 chars)
2026-08-08 13:46:15.168   Evaluator (deepseek-v3.2): alt 37 vs alt 22 (parse attempt 1) -> OK (2317 chars)
2026-08-08 13:46:15.844   Evaluator (deepseek-v3.2): alt 37 vs alt 13 (parse attempt 1) -> OK (2211 chars)
2026-08-08 13:46:15.973   Evaluator (deepseek-v3.2): alt 37 vs alt 11 (parse attempt 1) -> OK (4043 chars)
2026-08-08 13:46:16.057   Evaluator (deepseek-v3.2): alt 36 vs alt 41 (parse attempt 1) -> OK (3336 chars)
2026-08-08 13:46:16.597   Evaluator (deepseek-v3.2): alt 37 vs alt 25 (parse attempt 1) -> OK (2159 chars)
2026-08-08 13:46:16.628   Evaluator (deepseek-v3.2): alt 36 vs alt 47 (parse attempt 1) -> OK (2988 chars)
2026-08-08 13:46:17.286   Evaluator (deepseek-v3.2): alt 37 vs alt 24 (parse attempt 1) -> OK (2631 chars)
2026-08-08 13:46:17.874   Evaluator (deepseek-v3.2): alt 37 vs alt 29 (parse attempt 1) -> OK (2084 chars)
2026-08-08 13:46:18.774   Evaluator (deepseek-v3.2): alt 37 vs alt 16 (parse attempt 1) -> OK (2460 chars)
2026-08-08 13:46:19.377   Evaluator (deepseek-v3.2): alt 37 vs alt 23 (parse attempt 1) -> OK (2349 chars)
2026-08-08 13:46:19.492   Evaluator (deepseek-v3.2): alt 37 vs alt 34 (parse attempt 1) -> OK (2093 chars)
2026-08-08 13:46:19.661   Evaluator (deepseek-v3.2): alt 37 vs alt 3 (parse attempt 1) -> OK (3907 chars)
2026-08-08 13:46:19.719   Evaluator (deepseek-v3.2): alt 37 vs alt 30 (parse attempt 1) -> OK (2354 chars)
2026-08-08 13:46:20.004   Evaluator (deepseek-v3.2): alt 37 vs alt 4 (parse attempt 1) -> OK (3891 chars)
2026-08-08 13:46:20.558   Evaluator (deepseek-v3.2): alt 37 vs alt 2 (parse attempt 1) -> OK (2921 chars)
2026-08-08 13:46:20.572   Evaluator (deepseek-v3.2): alt 36 vs alt 39 (parse attempt 1) -> OK (4292 chars)
2026-08-08 13:46:21.514   Evaluator (deepseek-v3.2): alt 37 vs alt 33 (parse attempt 1) -> OK (3088 chars)
2026-08-08 13:46:22.470   Evaluator (deepseek-v3.2): alt 37 vs alt 21 (parse attempt 1) -> OK (2500 chars)
2026-08-08 13:46:22.950   Evaluator (deepseek-v3.2): alt 37 vs alt 17 (parse attempt 1) -> OK (2621 chars)
2026-08-08 13:46:23.383   Evaluator (deepseek-v3.2): alt 37 vs alt 12 (parse attempt 1) -> OK (3969 chars)
2026-08-08 13:46:23.384 JSON parse failed (attempt 1/5): 'winner'
2026-08-08 13:46:23.392   Evaluator (deepseek-v3.2): alt 36 vs alt 46 (parse attempt 1) -> OK (3741 chars)
2026-08-08 13:46:24.564   Evaluator (deepseek-v3.2): alt 37 vs alt 40 (parse attempt 1) -> OK (2468 chars)
2026-08-08 13:46:24.739   Evaluator (deepseek-v3.2): alt 37 vs alt 6 (parse attempt 1) -> OK (1682 chars)
2026-08-08 13:46:24.986   Evaluator (deepseek-v3.2): alt 37 vs alt 28 (parse attempt 1) -> OK (3391 chars)
2026-08-08 13:46:25.101   Evaluator (deepseek-v3.2): alt 37 vs alt 9 (parse attempt 1) -> OK (3697 chars)
2026-08-08 13:46:25.142   Evaluator (deepseek-v3.2): alt 37 vs alt 41 (parse attempt 1) -> OK (2715 chars)
2026-08-08 13:46:25.219   Evaluator (deepseek-v3.2): alt 37 vs alt 31 (parse attempt 1) -> OK (2218 chars)
2026-08-08 13:46:25.250   Evaluator (deepseek-v3.2): alt 37 vs alt 39 (parse attempt 1) -> OK (2687 chars)
2026-08-08 13:46:25.308   Evaluator (deepseek-v3.2): alt 37 vs alt 7 (parse attempt 1) -> OK (3989 chars)
2026-08-08 13:46:25.588   Evaluator (deepseek-v3.2): alt 37 vs alt 36 (parse attempt 1) -> OK (3320 chars)
2026-08-08 13:46:26.223   Evaluator (deepseek-v3.2): alt 37 vs alt 47 (parse attempt 1) -> OK (2414 chars)
2026-08-08 13:46:26.277   Evaluator (deepseek-v3.2): alt 37 vs alt 38 (parse attempt 1) -> OK (3259 chars)
2026-08-08 13:46:27.281   Evaluator (deepseek-v3.2): alt 37 vs alt 15 (parse attempt 1) -> OK (3484 chars)
2026-08-08 13:46:27.344   Evaluator (deepseek-v3.2): alt 37 vs alt 35 (parse attempt 1) -> OK (3725 chars)
2026-08-08 13:46:27.445   Evaluator (deepseek-v3.2): alt 37 vs alt 45 (parse attempt 1) -> OK (3019 chars)
2026-08-08 13:46:27.464   Evaluator (deepseek-v3.2): alt 38 vs alt 2 (parse attempt 1) -> OK (1884 chars)
2026-08-08 13:46:28.207   Evaluator (deepseek-v3.2): alt 38 vs incumbent (parse attempt 1) -> OK (2464 chars)
2026-08-08 13:46:28.224   Evaluator (deepseek-v3.2): alt 38 vs alt 4 (parse attempt 1) -> OK (2307 chars)
2026-08-08 13:46:29.032   Evaluator (deepseek-v3.2): alt 37 vs alt 43 (parse attempt 1) -> OK (4042 chars)
2026-08-08 13:46:29.472   Evaluator (deepseek-v3.2): alt 38 vs alt 5 (parse attempt 1) -> OK (2775 chars)
2026-08-08 13:46:29.488   Evaluator (deepseek-v3.2): alt 38 vs alt 6 (parse attempt 1) -> OK (2315 chars)
2026-08-08 13:46:29.545   Evaluator (deepseek-v3.2): alt 38 vs alt 3 (parse attempt 1) -> OK (2728 chars)
2026-08-08 13:46:29.812   Evaluator (deepseek-v3.2): alt 38 vs alt 7 (parse attempt 1) -> OK (2259 chars)
2026-08-08 13:46:30.032   Evaluator (deepseek-v3.2): alt 37 vs alt 32 (parse attempt 1) -> OK (3843 chars)
2026-08-08 13:46:31.422   Evaluator (deepseek-v3.2): alt 38 vs alt 1 (parse attempt 1) -> OK (3103 chars)
2026-08-08 13:46:31.573   Evaluator (deepseek-v3.2): alt 37 vs alt 27 (parse attempt 1) -> OK (3570 chars)
2026-08-08 13:46:31.984   Evaluator (deepseek-v3.2): alt 38 vs alt 8 (parse attempt 1) -> OK (2771 chars)
2026-08-08 13:46:32.300   Evaluator (deepseek-v3.2): alt 38 vs alt 12 (parse attempt 1) -> OK (2295 chars)
2026-08-08 13:46:33.094   Evaluator (deepseek-v3.2): alt 37 vs alt 48 (parse attempt 1) -> OK (4484 chars)
2026-08-08 13:46:33.156   Evaluator (deepseek-v3.2): alt 38 vs alt 15 (parse attempt 1) -> OK (2187 chars)
2026-08-08 13:46:33.448   Evaluator (deepseek-v3.2): alt 38 vs alt 19 (parse attempt 1) -> OK (2074 chars)
2026-08-08 13:46:33.710   Evaluator (deepseek-v3.2): alt 38 vs alt 13 (parse attempt 1) -> OK (2459 chars)
2026-08-08 13:46:33.842   Evaluator (deepseek-v3.2): alt 38 vs alt 17 (parse attempt 1) -> OK (2185 chars)
2026-08-08 13:46:34.256   Evaluator (deepseek-v3.2): alt 38 vs alt 10 (parse attempt 1) -> OK (2992 chars)
2026-08-08 13:46:34.521   Evaluator (deepseek-v3.2): alt 38 vs alt 16 (parse attempt 1) -> OK (2452 chars)
2026-08-08 13:46:34.820   Evaluator (deepseek-v3.2): alt 38 vs alt 25 (parse attempt 1) -> OK (2109 chars)
2026-08-08 13:46:34.958   Evaluator (deepseek-v3.2): alt 37 vs alt 46 (parse attempt 1) -> OK (4723 chars)
2026-08-08 13:46:35.379   Evaluator (deepseek-v3.2): alt 37 vs alt 44 (parse attempt 1) -> OK (5590 chars)
2026-08-08 13:46:35.476   Evaluator (deepseek-v3.2): alt 38 vs alt 9 (parse attempt 1) -> OK (3969 chars)
2026-08-08 13:46:35.476 JSON parse failed (attempt 1/5): 'winner'
2026-08-08 13:46:36.217   Evaluator (deepseek-v3.2): alt 37 vs alt 26 (parse attempt 1) -> OK (2272 chars)
2026-08-08 13:46:36.823   Evaluator (deepseek-v3.2): alt 38 vs alt 21 (parse attempt 1) -> OK (3450 chars)
2026-08-08 13:46:37.092   Evaluator (deepseek-v3.2): alt 38 vs alt 26 (parse attempt 1) -> OK (2739 chars)
2026-08-08 13:46:37.824   Evaluator (deepseek-v3.2): alt 38 vs alt 14 (parse attempt 1) -> OK (3566 chars)
2026-08-08 13:46:37.938   Evaluator (deepseek-v3.2): alt 38 vs alt 24 (parse attempt 1) -> OK (2862 chars)
2026-08-08 13:46:38.052   Evaluator (deepseek-v3.2): alt 38 vs alt 11 (parse attempt 1) -> OK (3957 chars)
2026-08-08 13:46:38.191   Evaluator (deepseek-v3.2): alt 38 vs alt 29 (parse attempt 1) -> OK (2938 chars)
2026-08-08 13:46:38.228   Evaluator (deepseek-v3.2): alt 38 vs alt 23 (parse attempt 1) -> OK (3082 chars)
2026-08-08 13:46:38.442   Evaluator (deepseek-v3.2): alt 38 vs alt 18 (parse attempt 1) -> OK (3386 chars)
2026-08-08 13:46:38.474   Evaluator (deepseek-v3.2): alt 37 vs alt 18 (parse attempt 1) -> OK (2211 chars)
2026-08-08 13:46:38.587   Evaluator (deepseek-v3.2): alt 38 vs alt 28 (parse attempt 1) -> OK (2788 chars)
2026-08-08 13:46:39.492   Evaluator (deepseek-v3.2): alt 38 vs alt 33 (parse attempt 1) -> OK (2869 chars)
2026-08-08 13:46:39.821   Evaluator (deepseek-v3.2): alt 38 vs alt 20 (parse attempt 1) -> OK (4202 chars)
2026-08-08 13:46:40.527   Evaluator (deepseek-v3.2): alt 38 vs alt 27 (parse attempt 1) -> OK (3358 chars)
2026-08-08 13:46:40.528 JSON parse failed (attempt 1/5): 'winner'
2026-08-08 13:46:41.027   Evaluator (deepseek-v3.2): alt 38 vs alt 22 (parse attempt 1) -> OK (2197 chars)
2026-08-08 13:46:41.131   Evaluator (deepseek-v3.2): alt 38 vs alt 32 (parse attempt 1) -> OK (2972 chars)
2026-08-08 13:46:41.366   Evaluator (deepseek-v3.2): alt 38 vs alt 40 (parse attempt 1) -> OK (2266 chars)
2026-08-08 13:46:42.085   Evaluator (deepseek-v3.2): alt 38 vs alt 37 (parse attempt 1) -> OK (2583 chars)
2026-08-08 13:46:42.152   Evaluator (deepseek-v3.2): alt 38 vs alt 44 (parse attempt 1) -> OK (2735 chars)
2026-08-08 13:46:42.285   Evaluator (deepseek-v3.2): alt 38 vs alt 36 (parse attempt 1) -> OK (2538 chars)
2026-08-08 13:46:42.875   Evaluator (deepseek-v3.2): alt 38 vs alt 45 (parse attempt 1) -> OK (2248 chars)
2026-08-08 13:46:43.223   Evaluator (deepseek-v3.2): alt 38 vs alt 31 (parse attempt 1) -> OK (3701 chars)
2026-08-08 13:46:43.236   Evaluator (deepseek-v3.2): alt 38 vs alt 48 (parse attempt 1) -> OK (2744 chars)
2026-08-08 13:46:43.421   Evaluator (deepseek-v3.2): alt 38 vs alt 43 (parse attempt 1) -> OK (2637 chars)
2026-08-08 13:46:43.491   Evaluator (deepseek-v3.2): alt 38 vs alt 35 (parse attempt 1) -> OK (4195 chars)
2026-08-08 13:46:43.921   Evaluator (deepseek-v3.2): alt 37 vs alt 42 (parse attempt 1) -> OK (4449 chars)
2026-08-08 13:46:44.690   Evaluator (deepseek-v3.2): alt 39 vs alt 16 (parse attempt 1) -> OK (3116 chars)
2026-08-08 13:46:45.390   Evaluator (deepseek-v3.2): alt 38 vs alt 41 (parse attempt 1) -> OK (3591 chars)
2026-08-08 13:46:45.653   Evaluator (deepseek-v3.2): alt 38 vs alt 30 (parse attempt 1) -> OK (4391 chars)
2026-08-08 13:46:45.978   Evaluator (deepseek-v3.2): alt 39 vs alt 1 (parse attempt 1) -> OK (1929 chars)
2026-08-08 13:46:46.246   Evaluator (deepseek-v3.2): alt 38 vs alt 42 (parse attempt 1) -> OK (3418 chars)
2026-08-08 13:46:46.327   Evaluator (deepseek-v3.2): alt 38 vs alt 39 (parse attempt 1) -> OK (4269 chars)
2026-08-08 13:46:46.464   Evaluator (deepseek-v3.2): alt 38 vs alt 47 (parse attempt 1) -> OK (3291 chars)
2026-08-08 13:46:47.110   Evaluator (deepseek-v3.2): alt 38 vs alt 46 (parse attempt 1) -> OK (3857 chars)
2026-08-08 13:46:47.179   Evaluator (deepseek-v3.2): alt 38 vs alt 34 (parse attempt 1) -> OK (5457 chars)
2026-08-08 13:46:47.179 JSON parse failed (attempt 1/5): 'winner'
2026-08-08 13:46:47.331   Evaluator (deepseek-v3.2): alt 39 vs alt 14 (parse attempt 1) -> OK (2747 chars)
2026-08-08 13:46:48.236   Evaluator (deepseek-v3.2): alt 39 vs alt 4 (parse attempt 1) -> OK (2752 chars)
2026-08-08 13:46:49.010   Evaluator (deepseek-v3.2): alt 39 vs alt 15 (parse attempt 1) -> OK (2427 chars)
2026-08-08 13:46:50.715   Evaluator (deepseek-v3.2): alt 39 vs alt 20 (parse attempt 1) -> OK (2096 chars)
2026-08-08 13:46:50.733   Evaluator (deepseek-v3.2): alt 39 vs alt 10 (parse attempt 1) -> OK (3340 chars)
2026-08-08 13:46:50.921   Evaluator (deepseek-v3.2): alt 39 vs alt 6 (parse attempt 1) -> OK (3483 chars)
2026-08-08 13:46:51.455   Evaluator (deepseek-v3.2): alt 37 vs alt 10 (parse attempt 1) -> OK (3452 chars)
2026-08-08 13:46:51.481   Evaluator (deepseek-v3.2): alt 39 vs alt 17 (parse attempt 1) -> OK (2847 chars)
2026-08-08 13:46:52.088   Evaluator (deepseek-v3.2): alt 39 vs alt 30 (parse attempt 1) -> OK (4248 chars)
2026-08-08 13:46:52.772   Evaluator (deepseek-v3.2): alt 39 vs alt 27 (parse attempt 1) -> OK (2635 chars)
2026-08-08 13:46:52.833   Evaluator (deepseek-v3.2): alt 39 vs alt 12 (parse attempt 1) -> OK (3395 chars)
2026-08-08 13:46:53.372   Evaluator (deepseek-v3.2): alt 39 vs alt 38 (parse attempt 1) -> OK (3409 chars)
2026-08-08 13:46:53.757   Evaluator (deepseek-v3.2): alt 39 vs alt 8 (parse attempt 1) -> OK (4226 chars)
2026-08-08 13:46:54.475   Evaluator (deepseek-v3.2): alt 39 vs alt 28 (parse attempt 1) -> OK (2913 chars)
2026-08-08 13:46:54.826   Evaluator (deepseek-v3.2): alt 39 vs alt 25 (parse attempt 1) -> OK (2937 chars)
2026-08-08 13:46:55.100   Evaluator (deepseek-v3.2): alt 39 vs alt 29 (parse attempt 1) -> OK (2414 chars)
2026-08-08 13:46:55.908   Evaluator (deepseek-v3.2): alt 39 vs alt 22 (parse attempt 1) -> OK (2495 chars)
2026-08-08 13:46:56.204   Evaluator (deepseek-v3.2): alt 39 vs alt 24 (parse attempt 1) -> OK (3299 chars)
2026-08-08 13:46:56.452   Evaluator (deepseek-v3.2): alt 39 vs alt 21 (parse attempt 1) -> OK (1974 chars)
2026-08-08 13:46:58.052   Evaluator (deepseek-v3.2): alt 37 vs alt 14 (parse attempt 1) -> OK (4318 chars)
2026-08-08 13:46:58.052 JSON parse failed (attempt 1/5): 'winner'
2026-08-08 13:46:58.721   Evaluator (deepseek-v3.2): alt 39 vs incumbent (parse attempt 1) -> OK (4157 chars)
2026-08-08 13:46:58.809   Evaluator (deepseek-v3.2): alt 39 vs alt 26 (parse attempt 1) -> OK (3833 chars)
2026-08-08 13:46:58.858   Evaluator (deepseek-v3.2): alt 39 vs alt 33 (parse attempt 1) -> OK (2316 chars)
2026-08-08 13:46:58.907   Evaluator (deepseek-v3.2): alt 39 vs alt 3 (parse attempt 1) -> OK (4026 chars)
2026-08-08 13:46:59.320   Evaluator (deepseek-v3.2): alt 39 vs alt 45 (parse attempt 1) -> OK (2273 chars)
2026-08-08 13:46:59.972   Evaluator (deepseek-v3.2): alt 39 vs alt 23 (parse attempt 1) -> OK (2328 chars)
2026-08-08 13:47:00.142   Evaluator (deepseek-v3.2): alt 39 vs alt 43 (parse attempt 1) -> OK (2200 chars)
2026-08-08 13:47:00.440   Evaluator (deepseek-v3.2): alt 37 vs alt 19 (parse attempt 1) -> OK (4017 chars)
2026-08-08 13:47:00.440 JSON parse failed (attempt 1/5): 'winner'
2026-08-08 13:47:00.560   Evaluator (deepseek-v3.2): alt 39 vs alt 35 (parse attempt 1) -> OK (2035 chars)
2026-08-08 13:47:01.014   Evaluator (deepseek-v3.2): alt 39 vs alt 42 (parse attempt 1) -> OK (2744 chars)
2026-08-08 13:47:01.490   Evaluator (deepseek-v3.2): alt 40 vs alt 1 (parse attempt 1) -> OK (2207 chars)
2026-08-08 13:47:01.536   Evaluator (deepseek-v3.2): alt 39 vs alt 41 (parse attempt 1) -> OK (3524 chars)
2026-08-08 13:47:01.784   Evaluator (deepseek-v3.2): alt 40 vs incumbent (parse attempt 1) -> OK (2313 chars)
2026-08-08 13:47:02.420   Evaluator (deepseek-v3.2): alt 39 vs alt 36 (parse attempt 1) -> OK (2590 chars)
2026-08-08 13:47:02.441   Evaluator (deepseek-v3.2): alt 39 vs alt 47 (parse attempt 1) -> OK (2776 chars)
2026-08-08 13:47:03.153   Evaluator (deepseek-v3.2): alt 39 vs alt 31 (parse attempt 1) -> OK (4804 chars)
2026-08-08 13:47:04.282   Evaluator (deepseek-v3.2): alt 39 vs alt 5 (parse attempt 1) -> OK (5438 chars)
2026-08-08 13:47:04.462   Evaluator (deepseek-v3.2): alt 40 vs alt 2 (parse attempt 1) -> OK (2954 chars)
2026-08-08 13:47:04.716   Evaluator (deepseek-v3.2): alt 39 vs alt 9 (parse attempt 1) -> OK (3424 chars)
2026-08-08 13:47:04.848   Evaluator (deepseek-v3.2): alt 39 vs alt 13 (parse attempt 1) -> OK (3987 chars)
2026-08-08 13:47:04.848 JSON parse failed (attempt 1/5): 'winner'
2026-08-08 13:47:05.335   Evaluator (deepseek-v3.2): alt 39 vs alt 46 (parse attempt 1) -> OK (4358 chars)
2026-08-08 13:47:05.433   Evaluator (deepseek-v3.2): alt 40 vs alt 3 (parse attempt 1) -> OK (3025 chars)
2026-08-08 13:47:06.430   Evaluator (deepseek-v3.2): alt 40 vs alt 7 (parse attempt 1) -> OK (2873 chars)
2026-08-08 13:47:06.657   Evaluator (deepseek-v3.2): alt 40 vs alt 4 (parse attempt 1) -> OK (3306 chars)
2026-08-08 13:47:07.206   Evaluator (deepseek-v3.2): alt 40 vs alt 8 (parse attempt 1) -> OK (2905 chars)
2026-08-08 13:47:07.490   Evaluator (deepseek-v3.2): alt 39 vs alt 44 (parse attempt 1) -> OK (4260 chars)
2026-08-08 13:47:07.640   Evaluator (deepseek-v3.2): alt 40 vs alt 9 (parse attempt 1) -> OK (2583 chars)
2026-08-08 13:47:08.055   Evaluator (deepseek-v3.2): alt 40 vs alt 16 (parse attempt 1) -> OK (2168 chars)
2026-08-08 13:47:08.456   Evaluator (deepseek-v3.2): alt 40 vs alt 6 (parse attempt 1) -> OK (3537 chars)
2026-08-08 13:47:08.890   Evaluator (deepseek-v3.2): alt 40 vs alt 11 (parse attempt 1) -> OK (2489 chars)
2026-08-08 13:47:09.036   Evaluator (deepseek-v3.2): alt 40 vs alt 10 (parse attempt 1) -> OK (2744 chars)
2026-08-08 13:47:09.295   Evaluator (deepseek-v3.2): alt 40 vs alt 17 (parse attempt 1) -> OK (2455 chars)
2026-08-08 13:47:09.550   Evaluator (deepseek-v3.2): alt 40 vs alt 5 (parse attempt 1) -> OK (3863 chars)
2026-08-08 13:47:09.943   Evaluator (deepseek-v3.2): alt 40 vs alt 13 (parse attempt 1) -> OK (2931 chars)
2026-08-08 13:47:10.166   Evaluator (deepseek-v3.2): alt 40 vs alt 20 (parse attempt 1) -> OK (2325 chars)
2026-08-08 13:47:10.603   Evaluator (deepseek-v3.2): alt 40 vs alt 12 (parse attempt 1) -> OK (3312 chars)
2026-08-08 13:47:10.676   Evaluator (deepseek-v3.2): alt 40 vs alt 23 (parse attempt 1) -> OK (2260 chars)
2026-08-08 13:47:10.963   Evaluator (deepseek-v3.2): alt 39 vs alt 18 (parse attempt 1) -> OK (3490 chars)
2026-08-08 13:47:11.056   Evaluator (deepseek-v3.2): alt 40 vs alt 19 (parse attempt 1) -> OK (2345 chars)
2026-08-08 13:47:11.117   Evaluator (deepseek-v3.2): alt 39 vs alt 32 (parse attempt 1) -> OK (4339 chars)
2026-08-08 13:47:11.270   Evaluator (deepseek-v3.2): alt 40 vs alt 18 (parse attempt 1) -> OK (3019 chars)
2026-08-08 13:47:11.309   Evaluator (deepseek-v3.2): alt 40 vs alt 25 (parse attempt 1) -> OK (2048 chars)
2026-08-08 13:47:11.628   Evaluator (deepseek-v3.2): alt 39 vs alt 34 (parse attempt 1) -> OK (4394 chars)
2026-08-08 13:47:11.864   Evaluator (deepseek-v3.2): alt 40 vs alt 22 (parse attempt 1) -> OK (2810 chars)
2026-08-08 13:47:12.224   Evaluator (deepseek-v3.2): alt 39 vs alt 19 (parse attempt 1) -> OK (4137 chars)
2026-08-08 13:47:13.458   Evaluator (deepseek-v3.2): alt 40 vs alt 21 (parse attempt 1) -> OK (3285 chars)
2026-08-08 13:47:13.536   Evaluator (deepseek-v3.2): alt 40 vs alt 24 (parse attempt 1) -> OK (2993 chars)
2026-08-08 13:47:13.660   Evaluator (deepseek-v3.2): alt 40 vs alt 26 (parse attempt 1) -> OK (2481 chars)
2026-08-08 13:47:13.880   Evaluator (deepseek-v3.2): alt 40 vs alt 30 (parse attempt 1) -> OK (2282 chars)
2026-08-08 13:47:14.895   Evaluator (deepseek-v3.2): alt 40 vs alt 31 (parse attempt 1) -> OK (2552 chars)
2026-08-08 13:47:15.021   Evaluator (deepseek-v3.2): alt 40 vs alt 29 (parse attempt 1) -> OK (2786 chars)
2026-08-08 13:47:16.298   Evaluator (deepseek-v3.2): alt 39 vs alt 48 (parse attempt 1) -> OK (5668 chars)
2026-08-08 13:47:16.395   Evaluator (deepseek-v3.2): alt 40 vs alt 32 (parse attempt 1) -> OK (2401 chars)
2026-08-08 13:47:16.515   Evaluator (deepseek-v3.2): alt 40 vs alt 14 (parse attempt 1) -> OK (2660 chars)
2026-08-08 13:47:16.798   Evaluator (deepseek-v3.2): alt 40 vs alt 28 (parse attempt 1) -> OK (3212 chars)
2026-08-08 13:47:17.121   Evaluator (deepseek-v3.2): alt 39 vs alt 37 (parse attempt 1) -> OK (4097 chars)
2026-08-08 13:47:17.390   Evaluator (deepseek-v3.2): alt 39 vs alt 40 (parse attempt 1) -> OK (3881 chars)
2026-08-08 13:47:17.467   Evaluator (deepseek-v3.2): alt 40 vs alt 38 (parse attempt 1) -> OK (2425 chars)
2026-08-08 13:47:18.412   Evaluator (deepseek-v3.2): alt 40 vs alt 15 (parse attempt 1) -> OK (3092 chars)
2026-08-08 13:47:18.582   Evaluator (deepseek-v3.2): alt 40 vs alt 37 (parse attempt 1) -> OK (2954 chars)
2026-08-08 13:47:18.629   Evaluator (deepseek-v3.2): alt 40 vs alt 34 (parse attempt 1) -> OK (2763 chars)
2026-08-08 13:47:18.809   Evaluator (deepseek-v3.2): alt 40 vs alt 41 (parse attempt 1) -> OK (2568 chars)
2026-08-08 13:47:19.071   Evaluator (deepseek-v3.2): alt 40 vs alt 27 (parse attempt 1) -> OK (3836 chars)
2026-08-08 13:47:19.132   Evaluator (deepseek-v3.2): alt 40 vs alt 44 (parse attempt 1) -> OK (2557 chars)
2026-08-08 13:47:19.614   Evaluator (deepseek-v3.2): alt 40 vs alt 33 (parse attempt 1) -> OK (3579 chars)
2026-08-08 13:47:19.881   Evaluator (deepseek-v3.2): alt 40 vs alt 42 (parse attempt 1) -> OK (2718 chars)
2026-08-08 13:47:20.379   Evaluator (deepseek-v3.2): alt 40 vs alt 36 (parse attempt 1) -> OK (3496 chars)
2026-08-08 13:47:21.167   Evaluator (deepseek-v3.2): alt 40 vs alt 39 (parse attempt 1) -> OK (3682 chars)
2026-08-08 13:47:21.246   Evaluator (deepseek-v3.2): alt 41 vs alt 2 (parse attempt 1) -> OK (2698 chars)
2026-08-08 13:47:21.336   Evaluator (deepseek-v3.2): alt 41 vs alt 10 (parse attempt 1) -> OK (1957 chars)
2026-08-08 13:47:21.457   Evaluator (deepseek-v3.2): alt 39 vs alt 11 (parse attempt 1) -> OK (3746 chars)
2026-08-08 13:47:21.933   Evaluator (deepseek-v3.2): alt 40 vs alt 46 (parse attempt 1) -> OK (3510 chars)
2026-08-08 13:47:22.237   Evaluator (deepseek-v3.2): alt 40 vs alt 35 (parse attempt 1) -> OK (4024 chars)
2026-08-08 13:47:24.255   Evaluator (deepseek-v3.2): alt 40 vs alt 47 (parse attempt 1) -> OK (3877 chars)
2026-08-08 13:47:24.782   Evaluator (deepseek-v3.2): alt 41 vs alt 12 (parse attempt 1) -> OK (4325 chars)
2026-08-08 13:47:26.412   Evaluator (deepseek-v3.2): alt 41 vs alt 11 (parse attempt 1) -> OK (1959 chars)
2026-08-08 13:47:26.643   Evaluator (deepseek-v3.2): alt 41 vs alt 6 (parse attempt 1) -> OK (3352 chars)
2026-08-08 13:47:26.806   Evaluator (deepseek-v3.2): alt 41 vs alt 4 (parse attempt 1) -> OK (2696 chars)
2026-08-08 13:47:26.820   Evaluator (deepseek-v3.2): alt 41 vs alt 21 (parse attempt 1) -> OK (2032 chars)
2026-08-08 13:47:27.059   Evaluator (deepseek-v3.2): alt 41 vs alt 19 (parse attempt 1) -> OK (2326 chars)
2026-08-08 13:47:27.087   Evaluator (deepseek-v3.2): alt 39 vs alt 2 (parse attempt 1) -> OK (4759 chars)
2026-08-08 13:47:27.873   Evaluator (deepseek-v3.2): alt 41 vs alt 18 (parse attempt 1) -> OK (2799 chars)
2026-08-08 13:47:28.197   Evaluator (deepseek-v3.2): alt 39 vs alt 7 (parse attempt 1) -> OK (4297 chars)
2026-08-08 13:47:28.399   Evaluator (deepseek-v3.2): alt 41 vs alt 16 (parse attempt 1) -> OK (2797 chars)
2026-08-08 13:47:28.651   Evaluator (deepseek-v3.2): alt 41 vs alt 13 (parse attempt 1) -> OK (3866 chars)
2026-08-08 13:47:28.651 JSON parse failed (attempt 1/5): 'winner'
2026-08-08 13:47:28.777   Evaluator (deepseek-v3.2): alt 41 vs alt 26 (parse attempt 1) -> OK (4682 chars)
2026-08-08 13:47:29.240   Evaluator (deepseek-v3.2): alt 40 vs alt 43 (parse attempt 1) -> OK (4735 chars)
2026-08-08 13:47:29.274   Evaluator (deepseek-v3.2): alt 41 vs alt 23 (parse attempt 1) -> OK (2593 chars)
2026-08-08 13:47:29.289   Evaluator (deepseek-v3.2): alt 41 vs alt 17 (parse attempt 1) -> OK (3052 chars)
2026-08-08 13:47:30.624   Evaluator (deepseek-v3.2): alt 41 vs alt 8 (parse attempt 1) -> OK (4142 chars)
2026-08-08 13:47:31.015   Evaluator (deepseek-v3.2): alt 41 vs alt 5 (parse attempt 1) -> OK (2661 chars)
2026-08-08 13:47:31.408   Evaluator (deepseek-v3.2): alt 33 vs alt 48 (parse attempt 2) -> OK (2339 chars)
2026-08-08 13:47:31.900   Evaluator (deepseek-v3.2): alt 41 vs incumbent (parse attempt 1) -> OK (4775 chars)
2026-08-08 13:47:32.087   Evaluator (deepseek-v3.2): alt 41 vs alt 31 (parse attempt 1) -> OK (2820 chars)
2026-08-08 13:47:32.818   Evaluator (deepseek-v3.2): alt 40 vs alt 45 (parse attempt 1) -> OK (6043 chars)
2026-08-08 13:47:33.465   Evaluator (deepseek-v3.2): alt 41 vs alt 20 (parse attempt 1) -> OK (2772 chars)
2026-08-08 13:47:33.712   Evaluator (deepseek-v3.2): alt 41 vs alt 25 (parse attempt 1) -> OK (3686 chars)
2026-08-08 13:47:34.793   Evaluator (deepseek-v3.2): alt 40 vs alt 48 (parse attempt 1) -> OK (6281 chars)
2026-08-08 13:47:35.261   Evaluator (deepseek-v3.2): alt 41 vs alt 7 (parse attempt 1) -> OK (5240 chars)
2026-08-08 13:47:35.860   Evaluator (deepseek-v3.2): alt 31 vs alt 41 (parse attempt 2) -> OK (2585 chars)
2026-08-08 13:47:36.080   Evaluator (deepseek-v3.2): alt 41 vs alt 24 (parse attempt 1) -> OK (2993 chars)
2026-08-08 13:47:36.611   Evaluator (deepseek-v3.2): alt 38 vs alt 27 (parse attempt 2) -> OK (2489 chars)
2026-08-08 13:47:37.111   Evaluator (deepseek-v3.2): alt 34 vs alt 44 (parse attempt 2) -> OK (3976 chars)
2026-08-08 13:47:37.199   Evaluator (deepseek-v3.2): alt 41 vs alt 14 (parse attempt 1) -> OK (5860 chars)
2026-08-08 13:47:37.200 JSON parse failed (attempt 1/5): 'winner'
2026-08-08 13:47:37.320   Evaluator (deepseek-v3.2): alt 36 vs alt 6 (parse attempt 2) -> OK (2822 chars)
2026-08-08 13:47:37.582   Evaluator (deepseek-v3.2): alt 41 vs alt 29 (parse attempt 1) -> OK (4316 chars)
2026-08-08 13:47:37.971   Evaluator (deepseek-v3.2): alt 41 vs alt 27 (parse attempt 1) -> OK (4419 chars)
2026-08-08 13:47:38.861   Evaluator (deepseek-v3.2): alt 41 vs alt 30 (parse attempt 1) -> OK (4490 chars)
2026-08-08 13:47:39.608   Evaluator (deepseek-v3.2): alt 41 vs alt 15 (parse attempt 1) -> OK (4296 chars)
2026-08-08 13:47:39.609 JSON parse failed (attempt 1/5): 'winner'
2026-08-08 13:47:39.680   Evaluator (deepseek-v3.2): alt 41 vs alt 22 (parse attempt 1) -> OK (3125 chars)
2026-08-08 13:47:40.028   Evaluator (deepseek-v3.2): alt 34 vs alt 48 (parse attempt 2) -> OK (3787 chars)
2026-08-08 13:47:40.123   Evaluator (deepseek-v3.2): alt 36 vs alt 29 (parse attempt 2) -> OK (3573 chars)
2026-08-08 13:47:40.763   Evaluator (deepseek-v3.2): alt 34 vs alt 42 (parse attempt 2) -> OK (4199 chars)
2026-08-08 13:47:40.763 JSON parse failed (attempt 2/5): 'winner'
2026-08-08 13:47:40.790   Evaluator (deepseek-v3.2): alt 38 vs alt 9 (parse attempt 2) -> OK (4192 chars)
2026-08-08 13:47:40.791 JSON parse failed (attempt 2/5): 'winner'
2026-08-08 13:47:42.251   Evaluator (deepseek-v3.2): alt 41 vs alt 13 (parse attempt 2) -> OK (3964 chars)
2026-08-08 13:47:44.110   Evaluator (deepseek-v3.2): alt 41 vs alt 28 (parse attempt 1) -> OK (3546 chars)
2026-08-08 13:47:45.201   Evaluator (deepseek-v3.2): alt 38 vs alt 34 (parse attempt 2) -> OK (5431 chars)
2026-08-08 13:47:45.201 JSON parse failed (attempt 2/5): 'winner'
2026-08-08 13:47:50.939   Evaluator (deepseek-v3.2): alt 35 vs alt 10 (parse attempt 2) -> OK (3843 chars)
2026-08-08 13:47:50.979   Evaluator (deepseek-v3.2): alt 34 vs alt 42 (parse attempt 3) -> OK (2264 chars)
2026-08-08 13:47:52.765   Evaluator (deepseek-v3.2): alt 38 vs alt 9 (parse attempt 3) -> OK (3745 chars)
2026-08-08 13:47:55.819   Evaluator (deepseek-v3.2): alt 41 vs alt 3 (parse attempt 1) -> OK (4318 chars)
2026-08-08 13:47:55.820 JSON parse failed (attempt 1/5): 'winner'
2026-08-08 13:47:56.196   Evaluator (deepseek-v3.2): alt 33 vs alt 44 (parse attempt 2) -> OK (5445 chars)
2026-08-08 13:47:56.851   Evaluator (deepseek-v3.2): alt 38 vs alt 34 (parse attempt 3) -> OK (3454 chars)
2026-08-08 13:47:59.902   Evaluator (deepseek-v3.2): alt 41 vs alt 1 (parse attempt 1) -> OK (4773 chars)
2026-08-08 13:48:05.479   Evaluator (deepseek-v3.2): alt 41 vs alt 9 (parse attempt 1) -> OK (5052 chars)
2026-08-08 13:48:06.603   Retry Evaluator (deepseek-v3.2): alt 37 vs alt 20 (parse attempt 1) -- timed out after 120s (attempt 1, waiting 2s)
2026-08-08 13:48:08.007   Evaluator (deepseek-v3.2): alt 41 vs alt 14 (parse attempt 2) -> OK (4595 chars)
2026-08-08 13:48:08.007 JSON parse failed (attempt 2/5): 'winner'
2026-08-08 13:48:08.450   Evaluator (deepseek-v3.2): alt 41 vs alt 15 (parse attempt 2) -> OK (4486 chars)
2026-08-08 13:48:15.376   Evaluator (deepseek-v3.2): alt 37 vs alt 19 (parse attempt 2) -> OK (3418 chars)
2026-08-08 13:48:17.584   Evaluator (deepseek-v3.2): alt 37 vs alt 12 (parse attempt 2) -> OK (3955 chars)
2026-08-08 13:48:22.791   Evaluator (deepseek-v3.2): alt 39 vs alt 13 (parse attempt 2) -> OK (4845 chars)
2026-08-08 13:48:22.791 JSON parse failed (attempt 2/5): 'winner'
2026-08-08 13:48:25.262   Evaluator (deepseek-v3.2): alt 37 vs alt 14 (parse attempt 2) -> OK (4336 chars)
2026-08-08 13:48:25.869   Evaluator (deepseek-v3.2): alt 41 vs alt 14 (parse attempt 3) -> OK (2571 chars)
2026-08-08 13:48:33.937   Evaluator (deepseek-v3.2): alt 37 vs alt 20 (parse attempt 1) -> OK (3575 chars)
2026-08-08 13:48:52.989   Evaluator (deepseek-v3.2): alt 41 vs alt 3 (parse attempt 2) -> OK (5073 chars)
2026-08-08 13:49:17.880   Evaluator (deepseek-v3.2): alt 39 vs alt 13 (parse attempt 3) -> OK (4271 chars)
2026-08-08 13:49:17.881   Evaluator batch 1501-2000 / 2352 done
2026-08-08 13:49:27.853   Evaluator (deepseek-v3.2): alt 42 vs alt 4 (parse attempt 1) -> OK (2157 chars)
2026-08-08 13:49:28.022   Evaluator (deepseek-v3.2): alt 42 vs alt 5 (parse attempt 1) -> OK (2127 chars)
2026-08-08 13:49:29.208   Evaluator (deepseek-v3.2): alt 42 vs alt 20 (parse attempt 1) -> OK (2402 chars)
2026-08-08 13:49:29.297   Evaluator (deepseek-v3.2): alt 42 vs alt 12 (parse attempt 1) -> OK (2207 chars)
2026-08-08 13:49:29.886   Evaluator (deepseek-v3.2): alt 42 vs alt 17 (parse attempt 1) -> OK (2358 chars)
2026-08-08 13:49:30.015   Evaluator (deepseek-v3.2): alt 42 vs alt 14 (parse attempt 1) -> OK (2602 chars)
2026-08-08 13:49:30.080   Evaluator (deepseek-v3.2): alt 42 vs alt 3 (parse attempt 1) -> OK (2702 chars)
2026-08-08 13:49:30.216   Evaluator (deepseek-v3.2): alt 42 vs alt 8 (parse attempt 1) -> OK (2404 chars)
2026-08-08 13:49:30.405   Evaluator (deepseek-v3.2): alt 42 vs alt 1 (parse attempt 1) -> OK (2824 chars)
2026-08-08 13:49:30.431   Evaluator (deepseek-v3.2): alt 42 vs alt 13 (parse attempt 1) -> OK (2540 chars)
2026-08-08 13:49:30.608   Evaluator (deepseek-v3.2): alt 42 vs alt 11 (parse attempt 1) -> OK (2333 chars)
2026-08-08 13:49:31.066   Evaluator (deepseek-v3.2): alt 42 vs alt 15 (parse attempt 1) -> OK (3014 chars)
2026-08-08 13:49:31.094   Evaluator (deepseek-v3.2): alt 42 vs alt 10 (parse attempt 1) -> OK (2921 chars)
2026-08-08 13:49:31.193   Evaluator (deepseek-v3.2): alt 42 vs alt 6 (parse attempt 1) -> OK (2979 chars)
2026-08-08 13:49:31.397   Evaluator (deepseek-v3.2): alt 42 vs alt 23 (parse attempt 1) -> OK (2578 chars)
2026-08-08 13:49:31.838   Evaluator (deepseek-v3.2): alt 42 vs alt 9 (parse attempt 1) -> OK (2672 chars)
2026-08-08 13:49:33.637   Evaluator (deepseek-v3.2): alt 42 vs incumbent (parse attempt 1) -> OK (3656 chars)
2026-08-08 13:49:33.764   Evaluator (deepseek-v3.2): alt 42 vs alt 22 (parse attempt 1) -> OK (4120 chars)
2026-08-08 13:49:33.764 JSON parse failed (attempt 1/5): 'winner'
2026-08-08 13:49:34.061   Evaluator (deepseek-v3.2): alt 42 vs alt 27 (parse attempt 1) -> OK (1236 chars)
2026-08-08 13:49:34.406   Evaluator (deepseek-v3.2): alt 42 vs alt 19 (parse attempt 1) -> OK (2639 chars)
2026-08-08 13:49:34.521   Evaluator (deepseek-v3.2): alt 42 vs alt 2 (parse attempt 1) -> OK (3957 chars)
2026-08-08 13:49:34.522 JSON parse failed (attempt 1/5): 'winner'
2026-08-08 13:49:35.543   Evaluator (deepseek-v3.2): alt 42 vs alt 21 (parse attempt 1) -> OK (3877 chars)
2026-08-08 13:49:36.903   Evaluator (deepseek-v3.2): alt 42 vs alt 16 (parse attempt 1) -> OK (4755 chars)
2026-08-08 13:49:36.904 JSON parse failed (attempt 1/5): 'winner'
2026-08-08 13:49:37.272   Evaluator (deepseek-v3.2): alt 42 vs alt 24 (parse attempt 1) -> OK (2394 chars)
2026-08-08 13:49:38.524   Evaluator (deepseek-v3.2): alt 42 vs alt 25 (parse attempt 1) -> OK (2613 chars)
2026-08-08 13:49:39.888   Evaluator (deepseek-v3.2): alt 42 vs alt 35 (parse attempt 1) -> OK (2262 chars)
2026-08-08 13:49:39.968   Evaluator (deepseek-v3.2): alt 42 vs alt 7 (parse attempt 1) -> OK (5330 chars)
2026-08-08 13:49:40.309   Evaluator (deepseek-v3.2): alt 42 vs alt 26 (parse attempt 1) -> OK (2801 chars)
2026-08-08 13:49:40.793   Evaluator (deepseek-v3.2): alt 42 vs alt 18 (parse attempt 1) -> OK (4470 chars)
2026-08-08 13:49:40.794 JSON parse failed (attempt 1/5): Invalid control character at: line 32 column 392 (char 4097)
2026-08-08 13:49:41.139   Evaluator (deepseek-v3.2): alt 42 vs alt 29 (parse attempt 1) -> OK (2880 chars)
2026-08-08 13:49:41.196   Evaluator (deepseek-v3.2): alt 41 vs alt 38 (parse attempt 1) -> OK (1750 chars)
2026-08-08 13:49:41.412   Evaluator (deepseek-v3.2): alt 42 vs alt 34 (parse attempt 1) -> OK (3216 chars)
2026-08-08 13:49:41.548   Evaluator (deepseek-v3.2): alt 42 vs alt 30 (parse attempt 1) -> OK (3438 chars)
2026-08-08 13:49:41.817   Evaluator (deepseek-v3.2): alt 42 vs alt 44 (parse attempt 1) -> OK (1898 chars)
2026-08-08 13:49:41.994   Evaluator (deepseek-v3.2): alt 42 vs alt 38 (parse attempt 1) -> OK (2819 chars)
2026-08-08 13:49:42.338   Evaluator (deepseek-v3.2): alt 42 vs alt 37 (parse attempt 1) -> OK (2555 chars)
2026-08-08 13:49:43.063   Evaluator (deepseek-v3.2): alt 41 vs alt 43 (parse attempt 1) -> OK (2877 chars)
2026-08-08 13:49:43.101   Evaluator (deepseek-v3.2): alt 42 vs alt 31 (parse attempt 1) -> OK (3045 chars)
2026-08-08 13:49:43.235   Evaluator (deepseek-v3.2): alt 42 vs alt 32 (parse attempt 1) -> OK (2569 chars)
2026-08-08 13:49:43.603   Evaluator (deepseek-v3.2): alt 42 vs alt 33 (parse attempt 1) -> OK (3540 chars)
2026-08-08 13:49:43.604 JSON parse failed (attempt 1/5): 'winner'
2026-08-08 13:49:44.235   Evaluator (deepseek-v3.2): alt 41 vs alt 46 (parse attempt 1) -> OK (2973 chars)
2026-08-08 13:49:44.495   Evaluator (deepseek-v3.2): alt 42 vs alt 36 (parse attempt 1) -> OK (3883 chars)
2026-08-08 13:49:44.952   Evaluator (deepseek-v3.2): alt 42 vs alt 47 (parse attempt 1) -> OK (2201 chars)
2026-08-08 13:49:45.184   Evaluator (deepseek-v3.2): alt 41 vs alt 42 (parse attempt 1) -> OK (2521 chars)
2026-08-08 13:49:46.352   Evaluator (deepseek-v3.2): alt 42 vs alt 39 (parse attempt 1) -> OK (2493 chars)
2026-08-08 13:49:46.396   Evaluator (deepseek-v3.2): alt 42 vs alt 45 (parse attempt 1) -> OK (3117 chars)
2026-08-08 13:49:47.337   Evaluator (deepseek-v3.2): alt 42 vs alt 40 (parse attempt 1) -> OK (3377 chars)
2026-08-08 13:49:47.825   Evaluator (deepseek-v3.2): alt 43 vs incumbent (parse attempt 1) -> OK (2485 chars)
2026-08-08 13:49:47.913   Evaluator (deepseek-v3.2): alt 42 vs alt 48 (parse attempt 1) -> OK (2986 chars)
2026-08-08 13:49:48.717   Evaluator (deepseek-v3.2): alt 42 vs alt 43 (parse attempt 1) -> OK (4343 chars)
2026-08-08 13:49:49.112   Evaluator (deepseek-v3.2): alt 43 vs alt 4 (parse attempt 1) -> OK (2180 chars)
2026-08-08 13:49:49.227   Evaluator (deepseek-v3.2): alt 42 vs alt 28 (parse attempt 1) -> OK (3509 chars)
2026-08-08 13:49:49.526   Evaluator (deepseek-v3.2): alt 42 vs alt 46 (parse attempt 1) -> OK (4308 chars)
2026-08-08 13:49:49.623   Evaluator (deepseek-v3.2): alt 41 vs alt 47 (parse attempt 1) -> OK (2831 chars)
2026-08-08 13:49:49.814   Evaluator (deepseek-v3.2): alt 43 vs alt 1 (parse attempt 1) -> OK (2209 chars)
2026-08-08 13:49:50.656   Evaluator (deepseek-v3.2): alt 41 vs alt 45 (parse attempt 1) -> OK (2672 chars)
2026-08-08 13:49:50.708   Evaluator (deepseek-v3.2): alt 43 vs alt 7 (parse attempt 1) -> OK (2361 chars)
2026-08-08 13:49:51.168   Evaluator (deepseek-v3.2): alt 43 vs alt 5 (parse attempt 1) -> OK (3058 chars)
2026-08-08 13:49:51.183   Evaluator (deepseek-v3.2): alt 43 vs alt 2 (parse attempt 1) -> OK (3382 chars)
2026-08-08 13:49:51.199   Evaluator (deepseek-v3.2): alt 42 vs alt 41 (parse attempt 1) -> OK (4530 chars)
2026-08-08 13:49:51.443   Evaluator (deepseek-v3.2): alt 43 vs alt 14 (parse attempt 1) -> OK (2215 chars)
2026-08-08 13:49:51.849   Evaluator (deepseek-v3.2): alt 43 vs alt 10 (parse attempt 1) -> OK (2644 chars)
2026-08-08 13:49:52.132   Evaluator (deepseek-v3.2): alt 43 vs alt 6 (parse attempt 1) -> OK (2617 chars)
2026-08-08 13:49:52.475   Evaluator (deepseek-v3.2): alt 43 vs alt 11 (parse attempt 1) -> OK (2408 chars)
2026-08-08 13:49:53.843   Evaluator (deepseek-v3.2): alt 43 vs alt 12 (parse attempt 1) -> OK (3061 chars)
2026-08-08 13:49:54.247   Evaluator (deepseek-v3.2): alt 43 vs alt 3 (parse attempt 1) -> OK (4128 chars)
2026-08-08 13:49:54.948   Evaluator (deepseek-v3.2): alt 43 vs alt 16 (parse attempt 1) -> OK (3325 chars)
2026-08-08 13:49:55.500   Evaluator (deepseek-v3.2): alt 43 vs alt 8 (parse attempt 1) -> OK (2515 chars)
2026-08-08 13:49:55.700   Evaluator (deepseek-v3.2): alt 43 vs alt 19 (parse attempt 1) -> OK (3153 chars)
2026-08-08 13:49:55.781   Evaluator (deepseek-v3.2): alt 43 vs alt 21 (parse attempt 1) -> OK (2277 chars)
2026-08-08 13:49:56.224   Evaluator (deepseek-v3.2): alt 43 vs alt 17 (parse attempt 1) -> OK (3025 chars)
2026-08-08 13:49:56.260   Evaluator (deepseek-v3.2): alt 41 vs alt 40 (parse attempt 1) -> OK (3912 chars)
2026-08-08 13:49:56.304   Evaluator (deepseek-v3.2): alt 43 vs alt 13 (parse attempt 1) -> OK (3903 chars)
2026-08-08 13:49:56.611   Evaluator (deepseek-v3.2): alt 43 vs alt 24 (parse attempt 1) -> OK (2867 chars)
2026-08-08 13:49:56.754   Evaluator (deepseek-v3.2): alt 43 vs alt 20 (parse attempt 1) -> OK (2730 chars)
2026-08-08 13:49:57.162   Evaluator (deepseek-v3.2): alt 43 vs alt 22 (parse attempt 1) -> OK (2592 chars)
2026-08-08 13:49:57.354   Evaluator (deepseek-v3.2): alt 43 vs alt 18 (parse attempt 1) -> OK (3292 chars)
2026-08-08 13:49:57.733   Evaluator (deepseek-v3.2): alt 41 vs alt 34 (parse attempt 1) -> OK (2791 chars)
2026-08-08 13:49:58.305   Evaluator (deepseek-v3.2): alt 43 vs alt 25 (parse attempt 1) -> OK (2610 chars)
2026-08-08 13:49:58.830   Evaluator (deepseek-v3.2): alt 43 vs alt 27 (parse attempt 1) -> OK (2484 chars)
2026-08-08 13:49:58.922   Evaluator (deepseek-v3.2): alt 41 vs alt 44 (parse attempt 1) -> OK (3521 chars)
2026-08-08 13:49:59.150   Evaluator (deepseek-v3.2): alt 43 vs alt 23 (parse attempt 1) -> OK (2920 chars)
2026-08-08 13:49:59.440   Evaluator (deepseek-v3.2): alt 43 vs alt 28 (parse attempt 1) -> OK (2488 chars)
2026-08-08 13:50:00.132   Evaluator (deepseek-v3.2): alt 43 vs alt 26 (parse attempt 1) -> OK (3302 chars)
2026-08-08 13:50:00.200   Evaluator (deepseek-v3.2): alt 43 vs alt 32 (parse attempt 1) -> OK (2448 chars)
2026-08-08 13:50:00.751   Evaluator (deepseek-v3.2): alt 43 vs alt 37 (parse attempt 1) -> OK (2641 chars)
2026-08-08 13:50:00.977   Evaluator (deepseek-v3.2): alt 43 vs alt 31 (parse attempt 1) -> OK (2672 chars)
2026-08-08 13:50:01.379   Evaluator (deepseek-v3.2): alt 43 vs alt 34 (parse attempt 1) -> OK (2541 chars)
2026-08-08 13:50:01.710   Evaluator (deepseek-v3.2): alt 43 vs alt 9 (parse attempt 1) -> OK (3272 chars)
2026-08-08 13:50:02.293   Evaluator (deepseek-v3.2): alt 41 vs alt 48 (parse attempt 1) -> OK (4135 chars)
2026-08-08 13:50:02.503   Evaluator (deepseek-v3.2): alt 43 vs alt 30 (parse attempt 1) -> OK (3487 chars)
2026-08-08 13:50:02.666   Evaluator (deepseek-v3.2): alt 43 vs alt 15 (parse attempt 1) -> OK (4913 chars)
2026-08-08 13:50:03.061   Evaluator (deepseek-v3.2): alt 41 vs alt 35 (parse attempt 1) -> OK (4532 chars)
2026-08-08 13:50:03.061 JSON parse failed (attempt 1/5): 'winner'
2026-08-08 13:50:03.466   Evaluator (deepseek-v3.2): alt 43 vs alt 29 (parse attempt 1) -> OK (4301 chars)
2026-08-08 13:50:03.478   Evaluator (deepseek-v3.2): alt 43 vs alt 33 (parse attempt 1) -> OK (3852 chars)
2026-08-08 13:50:03.955   Evaluator (deepseek-v3.2): alt 43 vs alt 36 (parse attempt 1) -> OK (3791 chars)
2026-08-08 13:50:04.352   Evaluator (deepseek-v3.2): alt 43 vs alt 38 (parse attempt 1) -> OK (3700 chars)
2026-08-08 13:50:04.441   Evaluator (deepseek-v3.2): alt 43 vs alt 40 (parse attempt 1) -> OK (2859 chars)
2026-08-08 13:50:04.502   Evaluator (deepseek-v3.2): alt 41 vs alt 37 (parse attempt 1) -> OK (4342 chars)
2026-08-08 13:50:05.320   Evaluator (deepseek-v3.2): alt 43 vs alt 45 (parse attempt 1) -> OK (2561 chars)
2026-08-08 13:50:06.177   Evaluator (deepseek-v3.2): alt 43 vs alt 35 (parse attempt 1) -> OK (4613 chars)
2026-08-08 13:50:06.178 JSON parse failed (attempt 1/5): 'winner'
2026-08-08 13:50:06.199   Evaluator (deepseek-v3.2): alt 43 vs alt 47 (parse attempt 1) -> OK (2291 chars)
2026-08-08 13:50:06.589   Evaluator (deepseek-v3.2): alt 44 vs alt 6 (parse attempt 1) -> OK (2055 chars)
2026-08-08 13:50:06.686   Evaluator (deepseek-v3.2): alt 44 vs alt 3 (parse attempt 1) -> OK (2470 chars)
2026-08-08 13:50:07.047   Evaluator (deepseek-v3.2): alt 44 vs alt 2 (parse attempt 1) -> OK (2875 chars)
2026-08-08 13:50:07.186   Evaluator (deepseek-v3.2): alt 44 vs alt 9 (parse attempt 1) -> OK (2011 chars)
2026-08-08 13:50:07.301   Evaluator (deepseek-v3.2): alt 43 vs alt 48 (parse attempt 1) -> OK (3484 chars)
2026-08-08 13:50:07.362   Evaluator (deepseek-v3.2): alt 44 vs alt 5 (parse attempt 1) -> OK (2435 chars)
2026-08-08 13:50:07.375   Evaluator (deepseek-v3.2): alt 43 vs alt 42 (parse attempt 1) -> OK (3885 chars)
2026-08-08 13:50:07.436   Evaluator (deepseek-v3.2): alt 44 vs alt 1 (parse attempt 1) -> OK (3043 chars)
2026-08-08 13:50:07.730   Evaluator (deepseek-v3.2): alt 43 vs alt 44 (parse attempt 1) -> OK (3669 chars)
2026-08-08 13:50:07.823   Evaluator (deepseek-v3.2): alt 44 vs alt 4 (parse attempt 1) -> OK (2852 chars)
2026-08-08 13:50:08.324   Evaluator (deepseek-v3.2): alt 43 vs alt 41 (parse attempt 1) -> OK (4226 chars)
2026-08-08 13:50:08.636   Evaluator (deepseek-v3.2): alt 43 vs alt 46 (parse attempt 1) -> OK (3915 chars)
2026-08-08 13:50:08.876   Evaluator (deepseek-v3.2): alt 44 vs incumbent (parse attempt 1) -> OK (3613 chars)
2026-08-08 13:50:09.066   Evaluator (deepseek-v3.2): alt 44 vs alt 8 (parse attempt 1) -> OK (2865 chars)
2026-08-08 13:50:09.684   Evaluator (deepseek-v3.2): alt 44 vs alt 12 (parse attempt 1) -> OK (2545 chars)
2026-08-08 13:50:10.754   Evaluator (deepseek-v3.2): alt 44 vs alt 11 (parse attempt 1) -> OK (2787 chars)
2026-08-08 13:50:11.487   Evaluator (deepseek-v3.2): alt 44 vs alt 22 (parse attempt 1) -> OK (2174 chars)
2026-08-08 13:50:11.700   Evaluator (deepseek-v3.2): alt 44 vs alt 15 (parse attempt 1) -> OK (2277 chars)
2026-08-08 13:50:11.759   Evaluator (deepseek-v3.2): alt 44 vs alt 10 (parse attempt 1) -> OK (3777 chars)
2026-08-08 13:50:11.788   Evaluator (deepseek-v3.2): alt 44 vs alt 18 (parse attempt 1) -> OK (2335 chars)
2026-08-08 13:50:11.828   Evaluator (deepseek-v3.2): alt 44 vs alt 21 (parse attempt 1) -> OK (2143 chars)
2026-08-08 13:50:12.085   Evaluator (deepseek-v3.2): alt 44 vs alt 16 (parse attempt 1) -> OK (3300 chars)
2026-08-08 13:50:12.629   Evaluator (deepseek-v3.2): alt 44 vs alt 17 (parse attempt 1) -> OK (2407 chars)
2026-08-08 13:50:12.804   Evaluator (deepseek-v3.2): alt 44 vs alt 7 (parse attempt 1) -> OK (3625 chars)
2026-08-08 13:50:13.225   Evaluator (deepseek-v3.2): alt 44 vs alt 20 (parse attempt 1) -> OK (2734 chars)
2026-08-08 13:50:13.797   Evaluator (deepseek-v3.2): alt 44 vs alt 13 (parse attempt 1) -> OK (3550 chars)
2026-08-08 13:50:13.939   Evaluator (deepseek-v3.2): alt 44 vs alt 31 (parse attempt 1) -> OK (2191 chars)
2026-08-08 13:50:14.222   Evaluator (deepseek-v3.2): alt 44 vs alt 23 (parse attempt 1) -> OK (2382 chars)
2026-08-08 13:50:14.576   Evaluator (deepseek-v3.2): alt 44 vs alt 14 (parse attempt 1) -> OK (4052 chars)
2026-08-08 13:50:14.616   Evaluator (deepseek-v3.2): alt 44 vs alt 26 (parse attempt 1) -> OK (3186 chars)
2026-08-08 13:50:16.083   Evaluator (deepseek-v3.2): alt 44 vs alt 29 (parse attempt 1) -> OK (2495 chars)
2026-08-08 13:50:16.269   Evaluator (deepseek-v3.2): alt 44 vs alt 25 (parse attempt 1) -> OK (2924 chars)
2026-08-08 13:50:17.135   Evaluator (deepseek-v3.2): alt 44 vs alt 34 (parse attempt 1) -> OK (2792 chars)
2026-08-08 13:50:17.837   Evaluator (deepseek-v3.2): alt 41 vs alt 39 (parse attempt 1) -> OK (3767 chars)
2026-08-08 13:50:17.922   Evaluator (deepseek-v3.2): alt 44 vs alt 32 (parse attempt 1) -> OK (3253 chars)
2026-08-08 13:50:19.156   Evaluator (deepseek-v3.2): alt 44 vs alt 40 (parse attempt 1) -> OK (2914 chars)
2026-08-08 13:50:19.199   Evaluator (deepseek-v3.2): alt 43 vs alt 39 (parse attempt 1) -> OK (4241 chars)
2026-08-08 13:50:19.224   Evaluator (deepseek-v3.2): alt 44 vs alt 45 (parse attempt 1) -> OK (2681 chars)
2026-08-08 13:50:19.937   Evaluator (deepseek-v3.2): alt 44 vs alt 28 (parse attempt 1) -> OK (4184 chars)
2026-08-08 13:50:20.032   Evaluator (deepseek-v3.2): alt 44 vs alt 42 (parse attempt 1) -> OK (2889 chars)
2026-08-08 13:50:20.162   Evaluator (deepseek-v3.2): alt 44 vs alt 35 (parse attempt 1) -> OK (4096 chars)
2026-08-08 13:50:20.237   Evaluator (deepseek-v3.2): alt 44 vs alt 19 (parse attempt 1) -> OK (4638 chars)
2026-08-08 13:50:20.508   Evaluator (deepseek-v3.2): alt 45 vs alt 2 (parse attempt 1) -> OK (2532 chars)
2026-08-08 13:50:20.654   Evaluator (deepseek-v3.2): alt 44 vs alt 27 (parse attempt 1) -> OK (4733 chars)
2026-08-08 13:50:20.882   Evaluator (deepseek-v3.2): alt 44 vs alt 48 (parse attempt 1) -> OK (2424 chars)
2026-08-08 13:50:20.980   Evaluator (deepseek-v3.2): alt 45 vs alt 5 (parse attempt 1) -> OK (2439 chars)
2026-08-08 13:50:21.608   Evaluator (deepseek-v3.2): alt 44 vs alt 24 (parse attempt 1) -> OK (3003 chars)
2026-08-08 13:50:21.704   Evaluator (deepseek-v3.2): alt 44 vs alt 36 (parse attempt 1) -> OK (4214 chars)
2026-08-08 13:50:22.153   Evaluator (deepseek-v3.2): alt 45 vs incumbent (parse attempt 1) -> OK (2801 chars)
2026-08-08 13:50:22.447   Evaluator (deepseek-v3.2): alt 45 vs alt 6 (parse attempt 1) -> OK (2216 chars)
2026-08-08 13:50:22.603   Evaluator (deepseek-v3.2): alt 44 vs alt 39 (parse attempt 1) -> OK (4465 chars)
2026-08-08 13:50:22.867   Evaluator (deepseek-v3.2): alt 45 vs alt 4 (parse attempt 1) -> OK (2887 chars)
2026-08-08 13:50:23.433   Evaluator (deepseek-v3.2): alt 45 vs alt 1 (parse attempt 1) -> OK (3689 chars)
2026-08-08 13:50:23.477   Evaluator (deepseek-v3.2): alt 44 vs alt 47 (parse attempt 1) -> OK (3695 chars)
2026-08-08 13:50:23.594   Evaluator (deepseek-v3.2): alt 44 vs alt 33 (parse attempt 1) -> OK (4359 chars)
2026-08-08 13:50:23.760   Evaluator (deepseek-v3.2): alt 45 vs alt 3 (parse attempt 1) -> OK (2975 chars)
2026-08-08 13:50:24.211   Evaluator (deepseek-v3.2): alt 44 vs alt 30 (parse attempt 1) -> OK (4569 chars)
2026-08-08 13:50:24.212 JSON parse failed (attempt 1/5): 'winner'
2026-08-08 13:50:24.774   Evaluator (deepseek-v3.2): alt 45 vs alt 8 (parse attempt 1) -> OK (2674 chars)
2026-08-08 13:50:25.275   Evaluator (deepseek-v3.2): alt 44 vs alt 38 (parse attempt 1) -> OK (4244 chars)
2026-08-08 13:50:26.103   Evaluator (deepseek-v3.2): alt 44 vs alt 46 (parse attempt 1) -> OK (3930 chars)
2026-08-08 13:50:26.168   Evaluator (deepseek-v3.2): alt 41 vs alt 32 (parse attempt 1) -> OK (4570 chars)
2026-08-08 13:50:26.307   Evaluator (deepseek-v3.2): alt 45 vs alt 9 (parse attempt 1) -> OK (3145 chars)
2026-08-08 13:50:26.688   Evaluator (deepseek-v3.2): alt 45 vs alt 13 (parse attempt 1) -> OK (3493 chars)
2026-08-08 13:50:27.201   Evaluator (deepseek-v3.2): alt 44 vs alt 41 (parse attempt 1) -> OK (4442 chars)
2026-08-08 13:50:27.252   Evaluator (deepseek-v3.2): alt 45 vs alt 15 (parse attempt 1) -> OK (2653 chars)
2026-08-08 13:50:27.266   Evaluator (deepseek-v3.2): alt 45 vs alt 16 (parse attempt 1) -> OK (2498 chars)
2026-08-08 13:50:27.348   Evaluator (deepseek-v3.2): alt 45 vs alt 11 (parse attempt 1) -> OK (3481 chars)
2026-08-08 13:50:27.851   Evaluator (deepseek-v3.2): alt 45 vs alt 7 (parse attempt 1) -> OK (3302 chars)
2026-08-08 13:50:28.520   Evaluator (deepseek-v3.2): alt 44 vs alt 43 (parse attempt 1) -> OK (4921 chars)
2026-08-08 13:50:28.525   Evaluator (deepseek-v3.2): alt 45 vs alt 17 (parse attempt 1) -> OK (2572 chars)
2026-08-08 13:50:28.547   Evaluator (deepseek-v3.2): alt 45 vs alt 10 (parse attempt 1) -> OK (3883 chars)
2026-08-08 13:50:29.524   Evaluator (deepseek-v3.2): alt 41 vs alt 33 (parse attempt 1) -> OK (4993 chars)
2026-08-08 13:50:29.567   Evaluator (deepseek-v3.2): alt 44 vs alt 37 (parse attempt 1) -> OK (5796 chars)
2026-08-08 13:50:29.892   Evaluator (deepseek-v3.2): alt 45 vs alt 27 (parse attempt 1) -> OK (2385 chars)
2026-08-08 13:50:30.056   Evaluator (deepseek-v3.2): alt 45 vs alt 20 (parse attempt 1) -> OK (3070 chars)
2026-08-08 13:50:30.336   Evaluator (deepseek-v3.2): alt 45 vs alt 21 (parse attempt 1) -> OK (2732 chars)
2026-08-08 13:50:30.624   Evaluator (deepseek-v3.2): alt 45 vs alt 29 (parse attempt 1) -> OK (2370 chars)
2026-08-08 13:50:30.791   Evaluator (deepseek-v3.2): alt 45 vs alt 23 (parse attempt 1) -> OK (2842 chars)
2026-08-08 13:50:30.874   Evaluator (deepseek-v3.2): alt 45 vs alt 24 (parse attempt 1) -> OK (2861 chars)
2026-08-08 13:50:30.896   Evaluator (deepseek-v3.2): alt 45 vs alt 26 (parse attempt 1) -> OK (2575 chars)
2026-08-08 13:50:31.618   Evaluator (deepseek-v3.2): alt 45 vs alt 19 (parse attempt 1) -> OK (3444 chars)
2026-08-08 13:50:31.796   Evaluator (deepseek-v3.2): alt 45 vs alt 28 (parse attempt 1) -> OK (2656 chars)
2026-08-08 13:50:31.817   Evaluator (deepseek-v3.2): alt 45 vs alt 35 (parse attempt 1) -> OK (2129 chars)
2026-08-08 13:50:31.877   Evaluator (deepseek-v3.2): alt 45 vs alt 25 (parse attempt 1) -> OK (3169 chars)
2026-08-08 13:50:32.458   Evaluator (deepseek-v3.2): alt 45 vs alt 22 (parse attempt 1) -> OK (3352 chars)
2026-08-08 13:50:32.883   Evaluator (deepseek-v3.2): alt 45 vs alt 33 (parse attempt 1) -> OK (2766 chars)
2026-08-08 13:50:33.088   Evaluator (deepseek-v3.2): alt 45 vs alt 18 (parse attempt 1) -> OK (3714 chars)
2026-08-08 13:50:33.222   Evaluator (deepseek-v3.2): alt 45 vs alt 14 (parse attempt 1) -> OK (4445 chars)
2026-08-08 13:50:33.841   Evaluator (deepseek-v3.2): alt 45 vs alt 30 (parse attempt 1) -> OK (3292 chars)
2026-08-08 13:50:33.903   Evaluator (deepseek-v3.2): alt 45 vs alt 37 (parse attempt 1) -> OK (2831 chars)
2026-08-08 13:50:34.366   Evaluator (deepseek-v3.2): alt 45 vs alt 39 (parse attempt 1) -> OK (2221 chars)
2026-08-08 13:50:34.856   Evaluator (deepseek-v3.2): alt 45 vs alt 40 (parse attempt 1) -> OK (2250 chars)
2026-08-08 13:50:35.932   Evaluator (deepseek-v3.2): alt 45 vs alt 42 (parse attempt 1) -> OK (2415 chars)
2026-08-08 13:50:36.353   Evaluator (deepseek-v3.2): alt 45 vs alt 43 (parse attempt 1) -> OK (2594 chars)
2026-08-08 13:50:36.652   Evaluator (deepseek-v3.2): alt 46 vs incumbent (parse attempt 1) -> OK (2622 chars)
2026-08-08 13:50:36.958   Evaluator (deepseek-v3.2): alt 45 vs alt 36 (parse attempt 1) -> OK (3946 chars)
2026-08-08 13:50:36.970   Evaluator (deepseek-v3.2): alt 45 vs alt 38 (parse attempt 1) -> OK (3990 chars)
2026-08-08 13:50:37.844   Evaluator (deepseek-v3.2): alt 45 vs alt 46 (parse attempt 1) -> OK (2787 chars)
2026-08-08 13:50:37.889   Evaluator (deepseek-v3.2): alt 45 vs alt 44 (parse attempt 1) -> OK (3497 chars)
2026-08-08 13:50:37.946   Evaluator (deepseek-v3.2): alt 45 vs alt 48 (parse attempt 1) -> OK (2649 chars)
2026-08-08 13:50:38.721   Evaluator (deepseek-v3.2): alt 46 vs alt 2 (parse attempt 1) -> OK (2742 chars)
2026-08-08 13:50:38.816   Evaluator (deepseek-v3.2): alt 45 vs alt 47 (parse attempt 1) -> OK (3160 chars)
2026-08-08 13:50:39.208   Evaluator (deepseek-v3.2): alt 46 vs alt 3 (parse attempt 1) -> OK (2942 chars)
2026-08-08 13:50:39.361   Evaluator (deepseek-v3.2): alt 46 vs alt 10 (parse attempt 1) -> OK (2133 chars)
2026-08-08 13:50:39.667   Evaluator (deepseek-v3.2): alt 46 vs alt 8 (parse attempt 1) -> OK (2571 chars)
2026-08-08 13:50:40.119   Evaluator (deepseek-v3.2): alt 41 vs alt 36 (parse attempt 1) -> OK (5386 chars)
2026-08-08 13:50:40.568   Evaluator (deepseek-v3.2): alt 46 vs alt 6 (parse attempt 1) -> OK (2847 chars)
2026-08-08 13:50:41.119   Evaluator (deepseek-v3.2): alt 46 vs alt 22 (parse attempt 1) -> OK (1982 chars)
2026-08-08 13:50:41.368   Evaluator (deepseek-v3.2): alt 45 vs alt 34 (parse attempt 1) -> OK (4564 chars)
2026-08-08 13:50:41.475   Evaluator (deepseek-v3.2): alt 46 vs alt 4 (parse attempt 1) -> OK (4066 chars)
2026-08-08 13:50:41.836   Evaluator (deepseek-v3.2): alt 46 vs alt 16 (parse attempt 1) -> OK (2831 chars)
2026-08-08 13:50:42.259   Evaluator (deepseek-v3.2): alt 45 vs alt 31 (parse attempt 1) -> OK (2730 chars)
2026-08-08 13:50:42.881   Evaluator (deepseek-v3.2): alt 46 vs alt 13 (parse attempt 1) -> OK (3151 chars)
2026-08-08 13:50:43.452   Evaluator (deepseek-v3.2): alt 45 vs alt 12 (parse attempt 1) -> OK (4026 chars)
2026-08-08 13:50:43.614   Evaluator (deepseek-v3.2): alt 46 vs alt 19 (parse attempt 1) -> OK (2928 chars)
2026-08-08 13:50:44.072   Evaluator (deepseek-v3.2): alt 46 vs alt 15 (parse attempt 1) -> OK (3409 chars)
2026-08-08 13:50:44.160   Evaluator (deepseek-v3.2): alt 46 vs alt 18 (parse attempt 1) -> OK (2875 chars)
2026-08-08 13:50:44.254   Evaluator (deepseek-v3.2): alt 46 vs alt 7 (parse attempt 1) -> OK (4371 chars)
2026-08-08 13:50:44.267   Evaluator (deepseek-v3.2): alt 46 vs alt 21 (parse attempt 1) -> OK (2724 chars)
2026-08-08 13:50:44.299   Evaluator (deepseek-v3.2): alt 46 vs alt 17 (parse attempt 1) -> OK (3383 chars)
2026-08-08 13:50:44.722   Evaluator (deepseek-v3.2): alt 46 vs alt 11 (parse attempt 1) -> OK (3872 chars)
2026-08-08 13:50:45.151   Evaluator (deepseek-v3.2): alt 46 vs alt 12 (parse attempt 1) -> OK (4399 chars)
2026-08-08 13:50:45.151 JSON parse failed (attempt 1/5): 'winner'
2026-08-08 13:50:45.440   Evaluator (deepseek-v3.2): alt 46 vs alt 30 (parse attempt 1) -> OK (2247 chars)
2026-08-08 13:50:45.965   Evaluator (deepseek-v3.2): alt 46 vs alt 23 (parse attempt 1) -> OK (2868 chars)
2026-08-08 13:50:45.978   Evaluator (deepseek-v3.2): alt 46 vs alt 28 (parse attempt 1) -> OK (2666 chars)
2026-08-08 13:50:46.200   Evaluator (deepseek-v3.2): alt 46 vs alt 31 (parse attempt 1) -> OK (2264 chars)
2026-08-08 13:50:46.306   Evaluator (deepseek-v3.2): alt 45 vs alt 32 (parse attempt 1) -> OK (3629 chars)
2026-08-08 13:50:47.378   Evaluator (deepseek-v3.2): alt 46 vs alt 27 (parse attempt 1) -> OK (3298 chars)
2026-08-08 13:50:47.747   Evaluator (deepseek-v3.2): alt 46 vs alt 32 (parse attempt 1) -> OK (2618 chars)
2026-08-08 13:50:48.824   Evaluator (deepseek-v3.2): alt 46 vs alt 26 (parse attempt 1) -> OK (4040 chars)
2026-08-08 13:50:49.188   Evaluator (deepseek-v3.2): alt 46 vs alt 33 (parse attempt 1) -> OK (3562 chars)
2026-08-08 13:50:49.690   Evaluator (deepseek-v3.2): alt 45 vs alt 41 (parse attempt 1) -> OK (3355 chars)
2026-08-08 13:50:49.973   Evaluator (deepseek-v3.2): alt 46 vs alt 14 (parse attempt 1) -> OK (4599 chars)
2026-08-08 13:50:49.974 JSON parse failed (attempt 1/5): 'winner'
2026-08-08 13:50:50.483   Evaluator (deepseek-v3.2): alt 46 vs alt 39 (parse attempt 1) -> OK (2716 chars)
2026-08-08 13:50:51.684   Evaluator (deepseek-v3.2): alt 46 vs alt 5 (parse attempt 1) -> OK (6344 chars)
2026-08-08 13:50:51.757   Evaluator (deepseek-v3.2): alt 46 vs alt 47 (parse attempt 1) -> OK (2342 chars)
2026-08-08 13:50:51.821   Evaluator (deepseek-v3.2): alt 46 vs alt 43 (parse attempt 1) -> OK (3028 chars)
2026-08-08 13:50:52.593   Evaluator (deepseek-v3.2): alt 47 vs alt 4 (parse attempt 1) -> OK (2124 chars)
2026-08-08 13:50:52.636   Evaluator (deepseek-v3.2): alt 47 vs alt 2 (parse attempt 1) -> OK (2673 chars)
2026-08-08 13:50:52.770   Evaluator (deepseek-v3.2): alt 47 vs alt 6 (parse attempt 1) -> OK (2103 chars)
2026-08-08 13:50:52.897   Evaluator (deepseek-v3.2): alt 47 vs alt 5 (parse attempt 1) -> OK (2376 chars)
2026-08-08 13:50:54.332   Evaluator (deepseek-v3.2): alt 47 vs alt 7 (parse attempt 1) -> OK (2619 chars)
2026-08-08 13:50:54.600   Evaluator (deepseek-v3.2): alt 46 vs alt 25 (parse attempt 1) -> OK (5484 chars)
2026-08-08 13:50:54.613   Evaluator (deepseek-v3.2): alt 46 vs alt 45 (parse attempt 1) -> OK (3259 chars)
2026-08-08 13:50:54.717   Evaluator (deepseek-v3.2): alt 47 vs alt 8 (parse attempt 1) -> OK (2797 chars)
2026-08-08 13:50:54.732   Evaluator (deepseek-v3.2): alt 47 vs alt 10 (parse attempt 1) -> OK (2503 chars)
2026-08-08 13:50:55.192   Evaluator (deepseek-v3.2): alt 47 vs alt 11 (parse attempt 1) -> OK (2200 chars)
2026-08-08 13:50:55.480   Evaluator (deepseek-v3.2): alt 46 vs alt 37 (parse attempt 1) -> OK (4671 chars)
2026-08-08 13:50:55.564   Evaluator (deepseek-v3.2): alt 46 vs alt 48 (parse attempt 1) -> OK (3122 chars)
2026-08-08 13:50:55.939   Evaluator (deepseek-v3.2): alt 46 vs alt 1 (parse attempt 1) -> OK (4348 chars)
2026-08-08 13:50:55.976   Evaluator (deepseek-v3.2): alt 47 vs incumbent (parse attempt 1) -> OK (3296 chars)
2026-08-08 13:50:56.158   Evaluator (deepseek-v3.2): alt 46 vs alt 40 (parse attempt 1) -> OK (4267 chars)
2026-08-08 13:50:56.268   Evaluator (deepseek-v3.2): alt 46 vs alt 35 (parse attempt 1) -> OK (4561 chars)
2026-08-08 13:50:56.497   Evaluator (deepseek-v3.2): alt 46 vs alt 29 (parse attempt 1) -> OK (4805 chars)
2026-08-08 13:50:56.877   Evaluator (deepseek-v3.2): alt 47 vs alt 15 (parse attempt 1) -> OK (2660 chars)
2026-08-08 13:50:57.829   Evaluator (deepseek-v3.2): alt 47 vs alt 14 (parse attempt 1) -> OK (2616 chars)
2026-08-08 13:50:57.907   Evaluator (deepseek-v3.2): alt 46 vs alt 38 (parse attempt 1) -> OK (4576 chars)
2026-08-08 13:50:58.271   Evaluator (deepseek-v3.2): alt 46 vs alt 20 (parse attempt 1) -> OK (3814 chars)
2026-08-08 13:50:58.374   Evaluator (deepseek-v3.2): alt 47 vs alt 16 (parse attempt 1) -> OK (2502 chars)
2026-08-08 13:50:58.658   Evaluator (deepseek-v3.2): alt 47 vs alt 1 (parse attempt 1) -> OK (3540 chars)
2026-08-08 13:50:59.008   Evaluator (deepseek-v3.2): alt 47 vs alt 21 (parse attempt 1) -> OK (1985 chars)
2026-08-08 13:50:59.321   Evaluator (deepseek-v3.2): alt 47 vs alt 17 (parse attempt 1) -> OK (2762 chars)
2026-08-08 13:50:59.606   Evaluator (deepseek-v3.2): alt 46 vs alt 34 (parse attempt 1) -> OK (5998 chars)
2026-08-08 13:50:59.625   Evaluator (deepseek-v3.2): alt 46 vs alt 44 (parse attempt 1) -> OK (4419 chars)
2026-08-08 13:50:59.637   Evaluator (deepseek-v3.2): alt 46 vs alt 42 (parse attempt 1) -> OK (5206 chars)
2026-08-08 13:51:00.496   Evaluator (deepseek-v3.2): alt 47 vs alt 12 (parse attempt 1) -> OK (3906 chars)
2026-08-08 13:51:00.811   Evaluator (deepseek-v3.2): alt 47 vs alt 25 (parse attempt 1) -> OK (2166 chars)
2026-08-08 13:51:00.911   Evaluator (deepseek-v3.2): alt 46 vs alt 36 (parse attempt 1) -> OK (5613 chars)
2026-08-08 13:51:01.088   Evaluator (deepseek-v3.2): alt 47 vs alt 23 (parse attempt 1) -> OK (2290 chars)
2026-08-08 13:51:01.345   Evaluator (deepseek-v3.2): alt 46 vs alt 9 (parse attempt 1) -> OK (4701 chars)
2026-08-08 13:51:01.346 JSON parse failed (attempt 1/5): 'winner'
2026-08-08 13:51:01.895   Evaluator (deepseek-v3.2): alt 47 vs alt 24 (parse attempt 1) -> OK (2647 chars)
2026-08-08 13:51:02.212   Evaluator (deepseek-v3.2): alt 47 vs alt 20 (parse attempt 1) -> OK (2703 chars)
2026-08-08 13:51:02.230   Evaluator (deepseek-v3.2): alt 47 vs alt 18 (parse attempt 1) -> OK (2927 chars)
2026-08-08 13:51:02.371   Evaluator (deepseek-v3.2): alt 47 vs alt 27 (parse attempt 1) -> OK (1969 chars)
2026-08-08 13:51:02.390   Evaluator (deepseek-v3.2): alt 47 vs alt 3 (parse attempt 1) -> OK (2559 chars)
2026-08-08 13:51:02.520   Evaluator (deepseek-v3.2): alt 46 vs alt 41 (parse attempt 1) -> OK (6466 chars)
2026-08-08 13:51:02.976   Evaluator (deepseek-v3.2): alt 47 vs alt 22 (parse attempt 1) -> OK (2924 chars)
2026-08-08 13:51:03.326   Evaluator (deepseek-v3.2): alt 47 vs alt 35 (parse attempt 1) -> OK (1855 chars)
2026-08-08 13:51:03.546   Evaluator (deepseek-v3.2): alt 47 vs alt 28 (parse attempt 1) -> OK (2437 chars)
2026-08-08 13:51:03.863   Evaluator (deepseek-v3.2): alt 47 vs alt 9 (parse attempt 1) -> OK (4683 chars)
2026-08-08 13:51:04.288   Evaluator (deepseek-v3.2): alt 47 vs alt 13 (parse attempt 1) -> OK (4646 chars)
2026-08-08 13:51:05.211   Evaluator (deepseek-v3.2): alt 47 vs alt 30 (parse attempt 1) -> OK (2739 chars)
2026-08-08 13:51:06.362   Evaluator (deepseek-v3.2): alt 47 vs alt 38 (parse attempt 1) -> OK (2484 chars)
2026-08-08 13:51:07.065   Evaluator (deepseek-v3.2): alt 47 vs alt 31 (parse attempt 1) -> OK (3263 chars)
2026-08-08 13:51:07.107   Evaluator (deepseek-v3.2): alt 47 vs alt 29 (parse attempt 1) -> OK (3163 chars)
2026-08-08 13:51:07.267   Evaluator (deepseek-v3.2): alt 47 vs alt 45 (parse attempt 1) -> OK (2176 chars)
2026-08-08 13:51:07.483   Evaluator (deepseek-v3.2): alt 47 vs alt 40 (parse attempt 1) -> OK (2914 chars)
2026-08-08 13:51:07.512   Evaluator (deepseek-v3.2): alt 47 vs alt 26 (parse attempt 1) -> OK (4422 chars)
2026-08-08 13:51:07.871   Evaluator (deepseek-v3.2): alt 47 vs alt 36 (parse attempt 1) -> OK (2790 chars)
2026-08-08 13:51:07.872 JSON parse failed (attempt 1/5): 'winner'
2026-08-08 13:51:07.993   Evaluator (deepseek-v3.2): alt 47 vs alt 48 (parse attempt 1) -> OK (2240 chars)
2026-08-08 13:51:08.372   Evaluator (deepseek-v3.2): alt 47 vs alt 34 (parse attempt 1) -> OK (3178 chars)
2026-08-08 13:51:08.530   Evaluator (deepseek-v3.2): alt 47 vs alt 42 (parse attempt 1) -> OK (3234 chars)
2026-08-08 13:51:08.544   Evaluator (deepseek-v3.2): alt 48 vs alt 1 (parse attempt 1) -> OK (2836 chars)
2026-08-08 13:51:09.262   Evaluator (deepseek-v3.2): alt 47 vs alt 39 (parse attempt 1) -> OK (3426 chars)
2026-08-08 13:51:09.262 JSON parse failed (attempt 1/5): 'winner'
2026-08-08 13:51:09.547   Evaluator (deepseek-v3.2): alt 48 vs alt 2 (parse attempt 1) -> OK (2650 chars)
2026-08-08 13:51:09.703   Evaluator (deepseek-v3.2): alt 48 vs alt 9 (parse attempt 1) -> OK (1995 chars)
2026-08-08 13:51:09.941   Evaluator (deepseek-v3.2): alt 48 vs alt 3 (parse attempt 1) -> OK (2650 chars)
2026-08-08 13:51:10.367   Evaluator (deepseek-v3.2): alt 46 vs alt 24 (parse attempt 1) -> OK (5072 chars)
2026-08-08 13:51:10.367 JSON parse failed (attempt 1/5): 'winner'
2026-08-08 13:51:10.733   Evaluator (deepseek-v3.2): alt 48 vs alt 4 (parse attempt 1) -> OK (3025 chars)
2026-08-08 13:51:10.868   Evaluator (deepseek-v3.2): alt 48 vs alt 10 (parse attempt 1) -> OK (2352 chars)
2026-08-08 13:51:10.923   Evaluator (deepseek-v3.2): alt 47 vs alt 44 (parse attempt 1) -> OK (3375 chars)
2026-08-08 13:51:11.426   Evaluator (deepseek-v3.2): alt 47 vs alt 46 (parse attempt 1) -> OK (3269 chars)
2026-08-08 13:51:11.442   Evaluator (deepseek-v3.2): alt 48 vs alt 5 (parse attempt 1) -> OK (3416 chars)
2026-08-08 13:51:11.514   Evaluator (deepseek-v3.2): alt 47 vs alt 19 (parse attempt 1) -> OK (5495 chars)
2026-08-08 13:51:11.694   Evaluator (deepseek-v3.2): alt 48 vs incumbent (parse attempt 1) -> OK (3697 chars)
2026-08-08 13:51:12.413   Evaluator (deepseek-v3.2): alt 48 vs alt 8 (parse attempt 1) -> OK (2536 chars)
2026-08-08 13:51:12.503   Evaluator (deepseek-v3.2): alt 48 vs alt 15 (parse attempt 1) -> OK (2262 chars)
2026-08-08 13:51:12.712   Evaluator (deepseek-v3.2): alt 48 vs alt 12 (parse attempt 1) -> OK (2403 chars)
2026-08-08 13:51:13.323   Evaluator (deepseek-v3.2): alt 47 vs alt 43 (parse attempt 1) -> OK (3788 chars)
2026-08-08 13:51:13.531   Evaluator (deepseek-v3.2): alt 48 vs alt 7 (parse attempt 1) -> OK (3611 chars)
2026-08-08 13:51:14.332   Evaluator (deepseek-v3.2): alt 48 vs alt 6 (parse attempt 1) -> OK (3990 chars)
2026-08-08 13:51:14.520   Evaluator (deepseek-v3.2): alt 48 vs alt 22 (parse attempt 1) -> OK (1961 chars)
2026-08-08 13:51:14.681   Evaluator (deepseek-v3.2): alt 48 vs alt 19 (parse attempt 1) -> OK (2208 chars)
2026-08-08 13:51:14.928   Evaluator (deepseek-v3.2): alt 48 vs alt 16 (parse attempt 1) -> OK (3334 chars)
2026-08-08 13:51:15.558   Evaluator (deepseek-v3.2): alt 48 vs alt 14 (parse attempt 1) -> OK (3819 chars)
2026-08-08 13:51:16.113   Evaluator (deepseek-v3.2): alt 48 vs alt 18 (parse attempt 1) -> OK (2763 chars)
2026-08-08 13:51:16.349   Evaluator (deepseek-v3.2): alt 48 vs alt 23 (parse attempt 1) -> OK (2324 chars)
2026-08-08 13:51:16.821   Evaluator (deepseek-v3.2): alt 48 vs alt 29 (parse attempt 1) -> OK (2237 chars)
2026-08-08 13:51:17.081   Evaluator (deepseek-v3.2): alt 48 vs alt 28 (parse attempt 1) -> OK (2276 chars)
2026-08-08 13:51:17.093   Evaluator (deepseek-v3.2): alt 48 vs alt 11 (parse attempt 1) -> OK (3178 chars)
2026-08-08 13:51:17.276   Evaluator (deepseek-v3.2): alt 48 vs alt 30 (parse attempt 1) -> OK (2383 chars)
2026-08-08 13:51:17.634   Evaluator (deepseek-v3.2): alt 48 vs alt 13 (parse attempt 1) -> OK (4805 chars)
2026-08-08 13:51:17.706   Evaluator (deepseek-v3.2): alt 48 vs alt 21 (parse attempt 1) -> OK (2720 chars)
2026-08-08 13:51:18.519   Evaluator (deepseek-v3.2): alt 47 vs alt 32 (parse attempt 1) -> OK (3925 chars)
2026-08-08 13:51:18.794   Evaluator (deepseek-v3.2): alt 48 vs alt 25 (parse attempt 1) -> OK (3017 chars)
2026-08-08 13:51:19.017   Evaluator (deepseek-v3.2): alt 48 vs alt 24 (parse attempt 1) -> OK (3811 chars)
2026-08-08 13:51:19.248   Evaluator (deepseek-v3.2): alt 48 vs alt 26 (parse attempt 1) -> OK (2861 chars)
2026-08-08 13:51:19.637   Evaluator (deepseek-v3.2): alt 48 vs alt 20 (parse attempt 1) -> OK (3120 chars)
2026-08-08 13:51:19.967   Evaluator (deepseek-v3.2): alt 48 vs alt 27 (parse attempt 1) -> OK (3609 chars)
2026-08-08 13:51:20.062   Evaluator (deepseek-v3.2): alt 47 vs alt 41 (parse attempt 1) -> OK (5604 chars)
2026-08-08 13:51:20.481   Evaluator (deepseek-v3.2): alt 47 vs alt 37 (parse attempt 1) -> OK (3147 chars)
2026-08-08 13:51:20.555   Evaluator (deepseek-v3.2): alt 47 vs alt 33 (parse attempt 1) -> OK (4168 chars)
2026-08-08 13:51:20.555 JSON parse failed (attempt 1/5): 'winner'
2026-08-08 13:51:21.030   Evaluator (deepseek-v3.2): alt 48 vs alt 38 (parse attempt 1) -> OK (2935 chars)
2026-08-08 13:51:21.348   Evaluator (deepseek-v3.2): alt 48 vs alt 32 (parse attempt 1) -> OK (3565 chars)
2026-08-08 13:51:21.418   Evaluator (deepseek-v3.2): alt 48 vs alt 44 (parse attempt 1) -> OK (2380 chars)
2026-08-08 13:51:21.584   Evaluator (deepseek-v3.2): alt 48 vs alt 31 (parse attempt 1) -> OK (3345 chars)
2026-08-08 13:51:22.142   Evaluator (deepseek-v3.2): alt 48 vs alt 39 (parse attempt 1) -> OK (3262 chars)
2026-08-08 13:51:22.363   Evaluator (deepseek-v3.2): alt 48 vs alt 36 (parse attempt 1) -> OK (2990 chars)
2026-08-08 13:51:22.433   Evaluator (deepseek-v3.2): alt 48 vs alt 34 (parse attempt 1) -> OK (3720 chars)
2026-08-08 13:51:22.862   Evaluator (deepseek-v3.2): alt 48 vs alt 33 (parse attempt 1) -> OK (4015 chars)
2026-08-08 13:51:23.918   Evaluator (deepseek-v3.2): alt 48 vs alt 41 (parse attempt 1) -> OK (3435 chars)
2026-08-08 13:51:23.918 JSON parse failed (attempt 1/5): 'winner'
2026-08-08 13:51:24.572   Evaluator (deepseek-v3.2): alt 48 vs alt 37 (parse attempt 1) -> OK (3022 chars)
2026-08-08 13:51:24.731   Evaluator (deepseek-v3.2): alt 48 vs alt 42 (parse attempt 1) -> OK (3867 chars)
2026-08-08 13:51:25.414   Evaluator (deepseek-v3.2): alt 48 vs alt 47 (parse attempt 1) -> OK (3092 chars)
2026-08-08 13:51:25.645   Evaluator (deepseek-v3.2): alt 48 vs alt 35 (parse attempt 1) -> OK (4416 chars)
2026-08-08 13:51:25.700   Evaluator (deepseek-v3.2): alt 43 vs alt 35 (parse attempt 2) -> OK (2175 chars)
2026-08-08 13:51:26.343   Evaluator (deepseek-v3.2): alt 48 vs alt 17 (parse attempt 1) -> OK (3361 chars)
2026-08-08 13:51:27.082   Evaluator (deepseek-v3.2): alt 48 vs alt 40 (parse attempt 1) -> OK (4483 chars)
2026-08-08 13:51:27.083 JSON parse failed (attempt 1/5): 'winner'
2026-08-08 13:51:27.092   Evaluator (deepseek-v3.2): alt 47 vs alt 36 (parse attempt 2) -> OK (2603 chars)
2026-08-08 13:51:27.354   Evaluator (deepseek-v3.2): alt 48 vs alt 46 (parse attempt 1) -> OK (3584 chars)
2026-08-08 13:51:28.793   Evaluator (deepseek-v3.2): alt 48 vs alt 43 (parse attempt 1) -> OK (4250 chars)
2026-08-08 13:51:28.794 JSON parse failed (attempt 1/5): 'winner'
2026-08-08 13:51:29.354   Evaluator (deepseek-v3.2): alt 42 vs alt 22 (parse attempt 2) -> OK (2743 chars)
2026-08-08 13:51:29.361   Evaluator (deepseek-v3.2): alt 44 vs alt 30 (parse attempt 2) -> OK (3298 chars)
2026-08-08 13:51:29.981   Evaluator (deepseek-v3.2): alt 47 vs alt 39 (parse attempt 2) -> OK (3080 chars)
2026-08-08 13:51:30.004   Evaluator (deepseek-v3.2): alt 42 vs alt 16 (parse attempt 2) -> OK (2547 chars)
2026-08-08 13:51:30.938   Evaluator (deepseek-v3.2): alt 46 vs alt 9 (parse attempt 2) -> OK (4222 chars)
2026-08-08 13:51:30.946   Evaluator (deepseek-v3.2): alt 46 vs alt 24 (parse attempt 2) -> OK (3430 chars)
2026-08-08 13:51:31.381   Evaluator (deepseek-v3.2): alt 46 vs alt 12 (parse attempt 2) -> OK (4398 chars)
2026-08-08 13:51:32.076   Evaluator (deepseek-v3.2): alt 46 vs alt 14 (parse attempt 2) -> OK (3967 chars)
2026-08-08 13:51:35.236   Evaluator (deepseek-v3.2): alt 42 vs alt 33 (parse attempt 2) -> OK (3956 chars)
2026-08-08 13:51:35.236 JSON parse failed (attempt 2/5): 'winner'
2026-08-08 13:51:37.902   Evaluator (deepseek-v3.2): alt 42 vs alt 2 (parse attempt 2) -> OK (4390 chars)
2026-08-08 13:51:39.015   Evaluator (deepseek-v3.2): alt 48 vs alt 41 (parse attempt 2) -> OK (4501 chars)
2026-08-08 13:51:40.501   Evaluator (deepseek-v3.2): alt 48 vs alt 40 (parse attempt 2) -> OK (4275 chars)
2026-08-08 13:51:41.564   Evaluator (deepseek-v3.2): alt 48 vs alt 43 (parse attempt 2) -> OK (3322 chars)
2026-08-08 13:51:41.929   Evaluator (deepseek-v3.2): alt 42 vs alt 18 (parse attempt 2) -> OK (4449 chars)
2026-08-08 13:51:42.658   Evaluator (deepseek-v3.2): alt 48 vs alt 45 (parse attempt 1) -> OK (4653 chars)
2026-08-08 13:51:42.659 JSON parse failed (attempt 1/5): 'winner'
2026-08-08 13:51:48.474   Evaluator (deepseek-v3.2): alt 47 vs alt 33 (parse attempt 2) -> OK (3844 chars)
2026-08-08 13:51:52.660   Evaluator (deepseek-v3.2): alt 42 vs alt 33 (parse attempt 3) -> OK (4420 chars)
2026-08-08 13:52:09.568   Evaluator (deepseek-v3.2): alt 48 vs alt 45 (parse attempt 2) -> OK (4438 chars)
2026-08-08 13:52:19.869   Evaluator (deepseek-v3.2): alt 41 vs alt 35 (parse attempt 2) -> OK (5261 chars)
2026-08-08 13:52:19.870   Evaluator batch 2001-2352 / 2352 done
2026-08-08 13:52:20.065   rank  1  dreamie                                    original  win rate 97%
2026-08-08 13:52:20.065   rank  2  fraction                                   original  win rate 93%
2026-08-08 13:52:20.066   rank  3  pictomic                                   original  win rate 85%
2026-08-08 13:52:20.066   rank  4  humanecheck                                original  win rate 84%
2026-08-08 13:52:20.066   rank  5  baseline-hply (L12.3)                      baseline-local  win rate 84%
2026-08-08 13:52:20.066   rank  6  local-final (L12.4)                        evolved-local  win rate 83%
2026-08-08 13:52:20.066   rank  7  ubo-pod                                    original  win rate 83%
2026-08-08 13:52:20.066   rank  8  prolo-ring                                 original  win rate 79%
2026-08-08 13:52:20.066 RESULT evolved-global (evolved-champion (clockchain.M1.5.M2.3.M3.2.M4.2): rank 15 of 49, win rate 65.6%
2026-08-08 13:52:20.066 RESULT evolved-local (local-final (L12.4)): rank 6 of 49, win rate 82.8%
2026-08-08 13:52:20.066 RESULT evolved-commit-runnerup (evolved-commit-runnerup (clockchain.M1.5.M2.3.M3): rank 12 of 49, win rate 70.8%
2026-08-08 13:52:20.066 RESULT evolved-commit-runnerup (evolved-commit-runnerup (clockchain.M1.5.M2.3.M3): rank 17 of 49, win rate 63.5%
2026-08-08 13:52:20.066 RESULT evolved-best-hybrid (evolved-best-hybrid ((clockchain.M1.5X((lockguar): rank 33 of 49, win rate 34.4%
2026-08-08 13:52:20.066 RESULT baseline-local (baseline-angelry (L12.1)): rank 26 of 49, win rate 46.9%
2026-08-08 13:52:20.066 RESULT baseline-local (baseline-bugout-battery (L12.1)): rank 11 of 49, win rate 74.0%
2026-08-08 13:52:20.066 RESULT baseline-local (baseline-genaix (L12.2)): rank 24 of 49, win rate 54.7%
2026-08-08 13:52:20.066 RESULT baseline-local (baseline-hooper (L12.1)): rank 13 of 49, win rate 69.8%
2026-08-08 13:52:20.066 RESULT baseline-local (baseline-hply (L12.3)): rank 5 of 49, win rate 84.4%
2026-08-08 13:52:20.066 RESULT baseline-local (baseline-kebo (L12.4)): rank 43 of 49, win rate 20.8%
2026-08-08 13:52:20.066 RESULT baseline-local (baseline-lockguard (L12.3)): rank 9 of 49, win rate 79.2%
2026-08-08 13:52:20.066 RESULT baseline-local (baseline-lumivisor (L12.1)): rank 32 of 49, win rate 35.4%
2026-08-08 13:52:20.066 RESULT baseline-local (baseline-my-story (L12.2)): rank 35 of 49, win rate 32.3%
2026-08-08 13:52:20.066 RESULT baseline-local (baseline-remotion-ai (L12.3)): rank 16 of 49, win rate 65.6%
2026-08-08 13:52:20.066 RESULT baseline-local (baseline-rent-a-bee (L5.4)): rank 19 of 49, win rate 61.5%
2026-08-08 13:52:20.066 RESULT baseline-local (baseline-sale-finder (L12.4)): rank 10 of 49, win rate 76.0%
2026-08-08 13:52:20.066 RESULT baseline-local (baseline-viaia (L12.3)): rank 28 of 49, win rate 45.8%
2026-08-08 13:52:20.066 RESULT baseline-local (baseline-voyagx (L12.4)): rank 36 of 49, win rate 30.2%
2026-08-08 13:52:20.066 Championship record: out/2026-08-08_deepseekv32-evalrank15-full-baseline15-championship.csv
2026-08-08 13:52:20.067 Calls: {'Evaluator': [2352, 1243]} | usage: {'input_tokens': 3187961, 'output_tokens': 741788, 'reported_cost_usd': 0.8445592730499999}
2026-08-08 13:52:20.067 Elapsed: 13.0 min
