"mode","step","candidate_id","operator","parent_a","parent_b","model_passed","decision_basis","model_unsupported_claims","passed","action","unsupported_claims","analysis","generated_plan","evaluated_plan"
"local","1","L1.1","specialized_rewrite","angelry","","True","model_audit","[]","True","accepted","[]","The candidate adds only one new element: 'the campaign materials will include a visual comparison chart showing key attributes... of cultivated leather versus conventional leather and popular vegan leather alternatives.' This is explicitly framed as a future campaign material ('will include'), not as an existing accomplishment. All other statements about existing evidence, status, prototypes, team credentials, and development milestones are directly supported by the authorized source material. The addition is a proposed future action, which is permitted under the standard.","## One-Sentence Summary
A line of heirloom jewelry uses real leather that is cultivated in bioreactors from a one-time, harmless skin-cell sample taken from a living, sanctuary-grazing cow, aiming to offer animal-friendly leather adornments.

## Problem
The creators frame conventional leather as dependent on animal harm and present a gap for ethically sourced, real leather that preserves the material's qualities without sacrificing animal welfare. They position the project as evidence that leather can be made while the donor animal continues to live and be cared for at a sanctuary.

## Solution / Product Overview
The project offers jewelry featuring inlays of cultivated leather grown from the donor cow's skin cells on a plant-based scaffold. The leather is produced in bioreactors and then vegetable-tanned, allowing the creators to present finished wearable pieces while asserting that no additional animal harvesting is required. To clearly illustrate the differences, the campaign materials will include a visual comparison chart showing key attributes—such as material origin, animal welfare impact, and tanning process—of cultivated leather versus conventional leather and popular vegan leather alternatives.

## Key Features & Capabilities
-   Real leather cultivated from living-animal skin cells grown on a plant-derived scaffold.
-   Inlays set within metal bezels and protected under a glass dome cabochon.
-   Options to choose hypoallergenic stainless steel or sterling silver for certain pieces.
-   Offered in multiple size, color, and material combinations.
-   Packaged in eco-friendly boxes cushioned with plant seed fiber used in the cultivation process.

## Target Users & Use Cases
The campaign speaks to people seeking animal-friendly, sustainable jewelry and those interested in owning a first-of-its-kind heirloom piece made from cultivated leather grown from a specific donor animal's cells.

## Development Status
The team shows finished jewelry inlays and describes past milestones: cells were isolated harmlessly in 2023, prototypes include a pendant and a card holder made in early 2025, and the leather is grown with patent-pending plant-based scaffolding. They state there are no outside approvals required and that the technology and cell lines are owned by the creators.

## Roadmap & Delivery Plan
Planned actions include pilot testing to tune color and texture, inspecting scaffold density before use, preparing different concentrations of plant-based tanning ingredients, and securing jewelry settings after style counts are finalized at the end of the campaign. Production scaling will be addressed by adjusting modular cultivated-leather bioreactor technology and resources.

## Why Crowdfunding / Use of Funds
Funds support bringing the cultivated-leather jewelry to backers: producing inlays, performing pilot tests for consistency, and procuring jewelry settings and sustainable packaging to deliver finished pieces.

## Risks & Challenges
Stated risks include: loss of cryopreserved cells (mitigated by storage at multiple facilities); variability in final color and surface texture from vegetable tanning and scaffold differences (addressed through pilot testing and scaffold inspection); potential supply-chain changes requiring alternate jewelry settings of equal or better quality; and possible extended delivery times for later backers if demand is high.

## Team & Partnerships
The effort is led by a founder with long-term tissue-engineering experience and cellular-agriculture leadership since 2018, who worked with a sanctuary and veterinary professionals to isolate the donor cells.

## What's Included
Jewelry pieces with cultivated-leather inlays (e.g., a rectangular inlay approximately 10 mm × 50 mm) and, for some items, a waxed linen cord; components are housed in metal bezels and glass cabochons.

## Technical Details
-   Plant-based scaffold from kapok seed fibers, needle-felted.
-   Surface treatment with plant-derived ingredients (e.g., sunflower lecithin, zein protein) to promote cell attachment.
-   Cells produce collagen that becomes vegetable-tanned leather.
-   Approximate inlay dimension: 10 mm × 50 mm.","## One-Sentence Summary
A line of heirloom jewelry uses real leather that is cultivated in bioreactors from a one-time, harmless skin-cell sample taken from a living, sanctuary-grazing cow, aiming to offer animal-friendly leather adornments.

## Problem
The creators frame conventional leather as dependent on animal harm and present a gap for ethically sourced, real leather that preserves the material's qualities without sacrificing animal welfare. They position the project as evidence that leather can be made while the donor animal continues to live and be cared for at a sanctuary.

## Solution / Product Overview
The project offers jewelry featuring inlays of cultivated leather grown from the donor cow's skin cells on a plant-based scaffold. The leather is produced in bioreactors and then vegetable-tanned, allowing the creators to present finished wearable pieces while asserting that no additional animal harvesting is required. To clearly illustrate the differences, the campaign materials will include a visual comparison chart showing key attributes—such as material origin, animal welfare impact, and tanning process—of cultivated leather versus conventional leather and popular vegan leather alternatives.

## Key Features & Capabilities
-   Real leather cultivated from living-animal skin cells grown on a plant-derived scaffold.
-   Inlays set within metal bezels and protected under a glass dome cabochon.
-   Options to choose hypoallergenic stainless steel or sterling silver for certain pieces.
-   Offered in multiple size, color, and material combinations.
-   Packaged in eco-friendly boxes cushioned with plant seed fiber used in the cultivation process.

## Target Users & Use Cases
The campaign speaks to people seeking animal-friendly, sustainable jewelry and those interested in owning a first-of-its-kind heirloom piece made from cultivated leather grown from a specific donor animal's cells.

## Development Status
The team shows finished jewelry inlays and describes past milestones: cells were isolated harmlessly in 2023, prototypes include a pendant and a card holder made in early 2025, and the leather is grown with patent-pending plant-based scaffolding. They state there are no outside approvals required and that the technology and cell lines are owned by the creators.

## Roadmap & Delivery Plan
Planned actions include pilot testing to tune color and texture, inspecting scaffold density before use, preparing different concentrations of plant-based tanning ingredients, and securing jewelry settings after style counts are finalized at the end of the campaign. Production scaling will be addressed by adjusting modular cultivated-leather bioreactor technology and resources.

## Why Crowdfunding / Use of Funds
Funds support bringing the cultivated-leather jewelry to backers: producing inlays, performing pilot tests for consistency, and procuring jewelry settings and sustainable packaging to deliver finished pieces.

## Risks & Challenges
Stated risks include: loss of cryopreserved cells (mitigated by storage at multiple facilities); variability in final color and surface texture from vegetable tanning and scaffold differences (addressed through pilot testing and scaffold inspection); potential supply-chain changes requiring alternate jewelry settings of equal or better quality; and possible extended delivery times for later backers if demand is high.

## Team & Partnerships
The effort is led by a founder with long-term tissue-engineering experience and cellular-agriculture leadership since 2018, who worked with a sanctuary and veterinary professionals to isolate the donor cells.

## What's Included
Jewelry pieces with cultivated-leather inlays (e.g., a rectangular inlay approximately 10 mm × 50 mm) and, for some items, a waxed linen cord; components are housed in metal bezels and glass cabochons.

## Technical Details
-   Plant-based scaffold from kapok seed fibers, needle-felted.
-   Surface treatment with plant-derived ingredients (e.g., sunflower lecithin, zein protein) to promote cell attachment.
-   Cells produce collagen that becomes vegetable-tanned leather.
-   Approximate inlay dimension: 10 mm × 50 mm."
"local","1","L1.2","specialized_rewrite","angelry","","False","prospective_framing_safeguard","[""A proposed plan is to offer a limited series where backers can select which specific sanctuary-grazing cow (from a small, named group) their leather cells originated from, accompanied by a brief profile of that animal."", ""A proposed limited series would allow backers to select the specific named donor cow and receive a profile of that animal."", ""If the limited donor-selection series is offered, plans would include finalizing the list of named donor animals and preparing their brief profiles.""]","True","accepted","[]","Prospective-framing safeguard overrode the model's rejection because every flagged claim is explicitly hypothetical, proposed, planned, or future-tense and none asserts an existing accomplishment. Initial model analysis: The candidate introduces a specific proposed feature (a limited series allowing backers to select a specific named donor cow with a profile) that is not present in the authorized source material. While the source mentions a 'donor cow' and a 'sanctuary-grazing cow', it does not propose or imply the existence of a 'small, named group' of cows, a selection mechanism for backers, or the creation of animal profiles. This addition is presented as part of the venture's concept/solution ('A proposed plan is...'), not as an existing accomplishment, but it constitutes an unsupported expansion of the product offering beyond what is described in the factual record. The standard requires treating the supplied project description as the complete factual record; new concept features must be explicitly framed as proposed, hypothetical, etc., relative to the source, but here the source contains no such proposal, making this an invention.","## One-Sentence Summary

A line of heirloom jewelry uses real leather that is cultivated in bioreactors from a one-time, harmless skin-cell sample taken from a living, sanctuary-grazing cow, aiming to offer animal-friendly leather adornments.

## Problem
The creators frame conventional leather as dependent on animal harm and present a gap for ethically sourced, real leather that preserves the material's qualities without sacrificing animal welfare. They position the project as evidence that leather can be made while the donor animal continues to live and be cared for at a sanctuary.

## Solution / Product Overview
The project offers jewelry featuring inlays of cultivated leather grown from the donor cow's skin cells on a plant-based scaffold. The leather is produced in bioreactors and then vegetable-tanned, allowing the creators to present finished wearable pieces while asserting that no additional animal harvesting is required. A proposed plan is to offer a limited series where backers can select which specific sanctuary-grazing cow (from a small, named group) their leather cells originated from, accompanied by a brief profile of that animal.

## Key Features & Capabilities
-   Real leather cultivated from living-animal skin cells grown on a plant-derived scaffold.
-   Inlays set within metal bezels and protected under a glass dome cabochon.
-   Options to choose hypoallergenic stainless steel or sterling silver for certain pieces.
-   Offered in multiple size, color, and material combinations.
-   Packaged in eco-friendly boxes cushioned with plant seed fiber used in the cultivation process.
-   A proposed limited series would allow backers to select the specific named donor cow and receive a profile of that animal.

## Target Users & Use Cases
The campaign speaks to people seeking animal-friendly, sustainable jewelry and those interested in owning a first-of-its-kind heirloom piece made from cultivated leather grown from a specific donor animal's cells.

## Development Status
The team shows finished jewelry inlays and describes past milestones: cells were isolated harmlessly in 2023, prototypes include a pendant and a card holder made in early 2025, and the leather is grown with patent-pending plant-based scaffolding. They state there are no outside approvals required and that the technology and cell lines are owned by the creators.

## Roadmap & Delivery Plan
Planned actions include pilot testing to tune color and texture, inspecting scaffold density before use, preparing different concentrations of plant-based tanning ingredients, and securing jewelry settings after style counts are finalized at the end of the campaign. Production scaling will be addressed by adjusting modular cultivated-leather bioreactor technology and resources. If the limited donor-selection series is offered, plans would include finalizing the list of named donor animals and preparing their brief profiles.

## Why Crowdfunding / Use of Funds
Funds support bringing the cultivated-leather jewelry to backers: producing inlays, performing pilot tests for consistency, and procuring jewelry settings and sustainable packaging to deliver finished pieces.

## Risks & Challenges
Stated risks include: loss of cryopreserved cells (mitigated by storage at multiple facilities); variability in final color and surface texture from vegetable tanning and scaffold differences (addressed through pilot testing and scaffold inspection); potential supply-chain changes requiring alternate jewelry settings of equal or better quality; and possible extended delivery times for later backers if demand is high.

## Team & Partnerships
The effort is led by a founder with long-term tissue-engineering experience and cellular-agriculture leadership since 2018, who worked with a sanctuary and veterinary professionals to isolate the donor cells.

## What's Included
Jewelry pieces with cultivated-leather inlays (e.g., a rectangular inlay approximately 10 mm × 50 mm) and, for some items, a waxed linen cord; components are housed in metal bezels and glass cabochons.

## Technical Details
-   Plant-based scaffold from kapok seed fibers, needle-felted.
-   Surface treatment with plant-derived ingredients (e.g., sunflower lecithin, zein protein) to promote cell attachment.
-   Cells produce collagen that becomes vegetable-tanned leather.
-   Approximate inlay dimension: 10 mm × 50 mm.","## One-Sentence Summary

A line of heirloom jewelry uses real leather that is cultivated in bioreactors from a one-time, harmless skin-cell sample taken from a living, sanctuary-grazing cow, aiming to offer animal-friendly leather adornments.

## Problem
The creators frame conventional leather as dependent on animal harm and present a gap for ethically sourced, real leather that preserves the material's qualities without sacrificing animal welfare. They position the project as evidence that leather can be made while the donor animal continues to live and be cared for at a sanctuary.

## Solution / Product Overview
The project offers jewelry featuring inlays of cultivated leather grown from the donor cow's skin cells on a plant-based scaffold. The leather is produced in bioreactors and then vegetable-tanned, allowing the creators to present finished wearable pieces while asserting that no additional animal harvesting is required. A proposed plan is to offer a limited series where backers can select which specific sanctuary-grazing cow (from a small, named group) their leather cells originated from, accompanied by a brief profile of that animal.

## Key Features & Capabilities
-   Real leather cultivated from living-animal skin cells grown on a plant-derived scaffold.
-   Inlays set within metal bezels and protected under a glass dome cabochon.
-   Options to choose hypoallergenic stainless steel or sterling silver for certain pieces.
-   Offered in multiple size, color, and material combinations.
-   Packaged in eco-friendly boxes cushioned with plant seed fiber used in the cultivation process.
-   A proposed limited series would allow backers to select the specific named donor cow and receive a profile of that animal.

## Target Users & Use Cases
The campaign speaks to people seeking animal-friendly, sustainable jewelry and those interested in owning a first-of-its-kind heirloom piece made from cultivated leather grown from a specific donor animal's cells.

## Development Status
The team shows finished jewelry inlays and describes past milestones: cells were isolated harmlessly in 2023, prototypes include a pendant and a card holder made in early 2025, and the leather is grown with patent-pending plant-based scaffolding. They state there are no outside approvals required and that the technology and cell lines are owned by the creators.

## Roadmap & Delivery Plan
Planned actions include pilot testing to tune color and texture, inspecting scaffold density before use, preparing different concentrations of plant-based tanning ingredients, and securing jewelry settings after style counts are finalized at the end of the campaign. Production scaling will be addressed by adjusting modular cultivated-leather bioreactor technology and resources. If the limited donor-selection series is offered, plans would include finalizing the list of named donor animals and preparing their brief profiles.

## Why Crowdfunding / Use of Funds
Funds support bringing the cultivated-leather jewelry to backers: producing inlays, performing pilot tests for consistency, and procuring jewelry settings and sustainable packaging to deliver finished pieces.

## Risks & Challenges
Stated risks include: loss of cryopreserved cells (mitigated by storage at multiple facilities); variability in final color and surface texture from vegetable tanning and scaffold differences (addressed through pilot testing and scaffold inspection); potential supply-chain changes requiring alternate jewelry settings of equal or better quality; and possible extended delivery times for later backers if demand is high.

## Team & Partnerships
The effort is led by a founder with long-term tissue-engineering experience and cellular-agriculture leadership since 2018, who worked with a sanctuary and veterinary professionals to isolate the donor cells.

## What's Included
Jewelry pieces with cultivated-leather inlays (e.g., a rectangular inlay approximately 10 mm × 50 mm) and, for some items, a waxed linen cord; components are housed in metal bezels and glass cabochons.

## Technical Details
-   Plant-based scaffold from kapok seed fibers, needle-felted.
-   Surface treatment with plant-derived ingredients (e.g., sunflower lecithin, zein protein) to promote cell attachment.
-   Cells produce collagen that becomes vegetable-tanned leather.
-   Approximate inlay dimension: 10 mm × 50 mm."
"local","1","L1.3","specialized_rewrite","angelry","","False","prospective_framing_safeguard","[""A planned small pilot test with a focus group of potential target users will be conducted to gather feedback on the aesthetic appeal and perceived value of the finished jewelry pieces before finalizing production."", ""conducting the planned focus-group pilot test on aesthetic appeal and perceived value""]","True","accepted","[]","Prospective-framing safeguard overrode the model's rejection because every flagged claim is explicitly hypothetical, proposed, planned, or future-tense and none asserts an existing accomplishment. Initial model analysis: The candidate adds a specific, planned focus-group pilot test to the Roadmap and Use of Funds sections. The source material's roadmap mentions pilot testing for color/texture tuning and scaffold inspection, but does not mention any focus-group testing or feedback on aesthetic appeal/perceived value. While new plans are allowed, the candidate presents this as an existing, specific plan integrated into the project's official roadmap and budget, which is not supported by the source material. This constitutes an unsupported claim about the venture's current planned activities.","## One-Sentence Summary
A line of heirloom jewelry uses real leather that is cultivated in bioreactors from a one-time, harmless skin-cell sample taken from a living, sanctuary-grazing cow, aiming to offer animal-friendly leather adornments.

## Problem
The creators frame conventional leather as dependent on animal harm and present a gap for ethically sourced, real leather that preserves the material's qualities without sacrificing animal welfare. They position the project as evidence that leather can be made while the donor animal continues to live and be cared for at a sanctuary.

## Solution / Product Overview
The project offers jewelry featuring inlays of cultivated leather grown from the donor cow's skin cells on a plant-based scaffold. The leather is produced in bioreactors and then vegetable-tanned, allowing the creators to present finished wearable pieces while asserting that no additional animal harvesting is required.

## Key Features & Capabilities
-   Real leather cultivated from living-animal skin cells grown on a plant-derived scaffold.
-   Inlays set within metal bezels and protected under a glass dome cabochon.
-   Options to choose hypoallergenic stainless steel or sterling silver for certain pieces.
-   Offered in multiple size, color, and material combinations.
-   Packaged in eco-friendly boxes cushioned with plant seed fiber used in the cultivation process.

## Target Users & Use Cases
The campaign speaks to people seeking animal-friendly, sustainable jewelry and those interested in owning a first-of-its-kind heirloom piece made from cultivated leather grown from a specific donor animal's cells.

## Development Status
The team shows finished jewelry inlays and describes past milestones: cells were isolated harmlessly in 2023, prototypes include a pendant and a card holder made in early 2025, and the leather is grown with patent-pending plant-based scaffolding. They state there are no outside approvals required and that the technology and cell lines are owned by the creators.

## Roadmap & Delivery Plan
Planned actions include pilot testing to tune color and texture, inspecting scaffold density before use, preparing different concentrations of plant-based tanning ingredients, and securing jewelry settings after style counts are finalized at the end of the campaign. A planned small pilot test with a focus group of potential target users will be conducted to gather feedback on the aesthetic appeal and perceived value of the finished jewelry pieces before finalizing production. Production scaling will be addressed by adjusting modular cultivated-leather bioreactor technology and resources.

## Why Crowdfunding / Use of Funds
Funds support bringing the cultivated-leather jewelry to backers: producing inlays, performing pilot tests for consistency, conducting the planned focus-group pilot test on aesthetic appeal and perceived value, and procuring jewelry settings and sustainable packaging to deliver finished pieces.

## Risks & Challenges
Stated risks include: loss of cryopreserved cells (mitigated by storage at multiple facilities); variability in final color and surface texture from vegetable tanning and scaffold differences (addressed through pilot testing and scaffold inspection); potential supply-chain changes requiring alternate jewelry settings of equal or better quality; and possible extended delivery times for later backers if demand is high.

## Team & Partnerships
The effort is led by a founder with long-term tissue-engineering experience and cellular-agriculture leadership since 2018, who worked with a sanctuary and veterinary professionals to isolate the donor cells.

## What's Included
Jewelry pieces with cultivated-leather inlays (e.g., a rectangular inlay approximately 10 mm × 50 mm) and, for some items, a waxed linen cord; components are housed in metal bezels and glass cabochons.

## Technical Details
-   Plant-based scaffold from kapok seed fibers, needle-felted.
-   Surface treatment with plant-derived ingredients (e.g., sunflower lecithin, zein protein) to promote cell attachment.
-   Cells produce collagen that becomes vegetable-tanned leather.
-   Approximate inlay dimension: 10 mm × 50 mm.","## One-Sentence Summary
A line of heirloom jewelry uses real leather that is cultivated in bioreactors from a one-time, harmless skin-cell sample taken from a living, sanctuary-grazing cow, aiming to offer animal-friendly leather adornments.

## Problem
The creators frame conventional leather as dependent on animal harm and present a gap for ethically sourced, real leather that preserves the material's qualities without sacrificing animal welfare. They position the project as evidence that leather can be made while the donor animal continues to live and be cared for at a sanctuary.

## Solution / Product Overview
The project offers jewelry featuring inlays of cultivated leather grown from the donor cow's skin cells on a plant-based scaffold. The leather is produced in bioreactors and then vegetable-tanned, allowing the creators to present finished wearable pieces while asserting that no additional animal harvesting is required.

## Key Features & Capabilities
-   Real leather cultivated from living-animal skin cells grown on a plant-derived scaffold.
-   Inlays set within metal bezels and protected under a glass dome cabochon.
-   Options to choose hypoallergenic stainless steel or sterling silver for certain pieces.
-   Offered in multiple size, color, and material combinations.
-   Packaged in eco-friendly boxes cushioned with plant seed fiber used in the cultivation process.

## Target Users & Use Cases
The campaign speaks to people seeking animal-friendly, sustainable jewelry and those interested in owning a first-of-its-kind heirloom piece made from cultivated leather grown from a specific donor animal's cells.

## Development Status
The team shows finished jewelry inlays and describes past milestones: cells were isolated harmlessly in 2023, prototypes include a pendant and a card holder made in early 2025, and the leather is grown with patent-pending plant-based scaffolding. They state there are no outside approvals required and that the technology and cell lines are owned by the creators.

## Roadmap & Delivery Plan
Planned actions include pilot testing to tune color and texture, inspecting scaffold density before use, preparing different concentrations of plant-based tanning ingredients, and securing jewelry settings after style counts are finalized at the end of the campaign. A planned small pilot test with a focus group of potential target users will be conducted to gather feedback on the aesthetic appeal and perceived value of the finished jewelry pieces before finalizing production. Production scaling will be addressed by adjusting modular cultivated-leather bioreactor technology and resources.

## Why Crowdfunding / Use of Funds
Funds support bringing the cultivated-leather jewelry to backers: producing inlays, performing pilot tests for consistency, conducting the planned focus-group pilot test on aesthetic appeal and perceived value, and procuring jewelry settings and sustainable packaging to deliver finished pieces.

## Risks & Challenges
Stated risks include: loss of cryopreserved cells (mitigated by storage at multiple facilities); variability in final color and surface texture from vegetable tanning and scaffold differences (addressed through pilot testing and scaffold inspection); potential supply-chain changes requiring alternate jewelry settings of equal or better quality; and possible extended delivery times for later backers if demand is high.

## Team & Partnerships
The effort is led by a founder with long-term tissue-engineering experience and cellular-agriculture leadership since 2018, who worked with a sanctuary and veterinary professionals to isolate the donor cells.

## What's Included
Jewelry pieces with cultivated-leather inlays (e.g., a rectangular inlay approximately 10 mm × 50 mm) and, for some items, a waxed linen cord; components are housed in metal bezels and glass cabochons.

## Technical Details
-   Plant-based scaffold from kapok seed fibers, needle-felted.
-   Surface treatment with plant-derived ingredients (e.g., sunflower lecithin, zein protein) to promote cell attachment.
-   Cells produce collagen that becomes vegetable-tanned leather.
-   Approximate inlay dimension: 10 mm × 50 mm."
"local","1","L1.4","specialized_rewrite","angelry","","False","prospective_framing_safeguard","[""A proposed, simple timeline graphic would illustrate the key sequential steps from cell isolation to delivery, with estimated timeframes for each phase post-campaign.""]","True","accepted","[]","Prospective-framing safeguard overrode the model's rejection because every flagged claim is explicitly hypothetical, proposed, planned, or future-tense and none asserts an existing accomplishment. Initial model analysis: The candidate introduces a specific, detailed timeline graphic with estimated timeframes for post-campaign phases. The source material's roadmap describes planned actions but does not mention any existing or planned timeline graphic, nor any estimated timeframes for phases. This is an unsupported claim about a planned deliverable or piece of evidence, not a clearly framed hypothetical proposal.","## One-Sentence Summary
A line of heirloom jewelry uses real leather that is cultivated in bioreactors from a one-time, harmless skin-cell sample taken from a living, sanctuary-grazing cow, aiming to offer animal-friendly leather adornments.

## Problem
The creators frame conventional leather as dependent on animal harm and present a gap for ethically sourced, real leather that preserves the material's qualities without sacrificing animal welfare. They position the project as evidence that leather can be made while the donor animal continues to live and be cared for at a sanctuary.

## Solution / Product Overview
The project offers jewelry featuring inlays of cultivated leather grown from the donor cow's skin cells on a plant-based scaffold. The leather is produced in bioreactors and then vegetable-tanned, allowing the creators to present finished wearable pieces while asserting that no additional animal harvesting is required.

## Key Features & Capabilities
- Real leather cultivated from living-animal skin cells grown on a plant-derived scaffold.
- Inlays set within metal bezels and protected under a glass dome cabochon.
- Options to choose hypoallergenic stainless steel or sterling silver for certain pieces.
- Offered in multiple size, color, and material combinations.
- Packaged in eco-friendly boxes cushioned with plant seed fiber used in the cultivation process.

## Target Users & Use Cases
The campaign speaks to people seeking animal-friendly, sustainable jewelry and those interested in owning a first-of-its-kind heirloom piece made from cultivated leather grown from a specific donor animal's cells.

## Development Status
The team shows finished jewelry inlays and describes past milestones: cells were isolated harmlessly in 2023, prototypes include a pendant and a card holder made in early 2025, and the leather is grown with patent-pending plant-based scaffolding. They state there are no outside approvals required and that the technology and cell lines are owned by the creators.

## Roadmap & Delivery Plan
Planned actions include pilot testing to tune color and texture, inspecting scaffold density before use, preparing different concentrations of plant-based tanning ingredients, and securing jewelry settings after style counts are finalized at the end of the campaign. Production scaling will be addressed by adjusting modular cultivated-leather bioreactor technology and resources.
A proposed, simple timeline graphic would illustrate the key sequential steps from cell isolation to delivery, with estimated timeframes for each phase post-campaign.

## Why Crowdfunding / Use of Funds
Funds support bringing the cultivated-leather jewelry to backers: producing inlays, performing pilot tests for consistency, and procuring jewelry settings and sustainable packaging to deliver finished pieces.

## Risks & Challenges
Stated risks include: loss of cryopreserved cells (mitigated by storage at multiple facilities); variability in final color and surface texture from vegetable tanning and scaffold differences (addressed through pilot testing and scaffold inspection); potential supply-chain changes requiring alternate jewelry settings of equal or better quality; and possible extended delivery times for later backers if demand is high.

## Team & Partnerships
The effort is led by a founder with long-term tissue-engineering experience and cellular-agriculture leadership since 2018, who worked with a sanctuary and veterinary professionals to isolate the donor cells.

## What's Included
Jewelry pieces with cultivated-leather inlays (e.g., a rectangular inlay approximately 10 mm × 50 mm) and, for some items, a waxed linen cord; components are housed in metal bezels and glass cabochons.

## Technical Details
- Plant-based scaffold from kapok seed fibers, needle-felted.
- Surface treatment with plant-derived ingredients (e.g., sunflower lecithin, zein protein) to promote cell attachment.
- Cells produce collagen that becomes vegetable-tanned leather.
- Approximate inlay dimension: III mm × 50 mm.","## One-Sentence Summary
A line of heirloom jewelry uses real leather that is cultivated in bioreactors from a one-time, harmless skin-cell sample taken from a living, sanctuary-grazing cow, aiming to offer animal-friendly leather adornments.

## Problem
The creators frame conventional leather as dependent on animal harm and present a gap for ethically sourced, real leather that preserves the material's qualities without sacrificing animal welfare. They position the project as evidence that leather can be made while the donor animal continues to live and be cared for at a sanctuary.

## Solution / Product Overview
The project offers jewelry featuring inlays of cultivated leather grown from the donor cow's skin cells on a plant-based scaffold. The leather is produced in bioreactors and then vegetable-tanned, allowing the creators to present finished wearable pieces while asserting that no additional animal harvesting is required.

## Key Features & Capabilities
- Real leather cultivated from living-animal skin cells grown on a plant-derived scaffold.
- Inlays set within metal bezels and protected under a glass dome cabochon.
- Options to choose hypoallergenic stainless steel or sterling silver for certain pieces.
- Offered in multiple size, color, and material combinations.
- Packaged in eco-friendly boxes cushioned with plant seed fiber used in the cultivation process.

## Target Users & Use Cases
The campaign speaks to people seeking animal-friendly, sustainable jewelry and those interested in owning a first-of-its-kind heirloom piece made from cultivated leather grown from a specific donor animal's cells.

## Development Status
The team shows finished jewelry inlays and describes past milestones: cells were isolated harmlessly in 2023, prototypes include a pendant and a card holder made in early 2025, and the leather is grown with patent-pending plant-based scaffolding. They state there are no outside approvals required and that the technology and cell lines are owned by the creators.

## Roadmap & Delivery Plan
Planned actions include pilot testing to tune color and texture, inspecting scaffold density before use, preparing different concentrations of plant-based tanning ingredients, and securing jewelry settings after style counts are finalized at the end of the campaign. Production scaling will be addressed by adjusting modular cultivated-leather bioreactor technology and resources.
A proposed, simple timeline graphic would illustrate the key sequential steps from cell isolation to delivery, with estimated timeframes for each phase post-campaign.

## Why Crowdfunding / Use of Funds
Funds support bringing the cultivated-leather jewelry to backers: producing inlays, performing pilot tests for consistency, and procuring jewelry settings and sustainable packaging to deliver finished pieces.

## Risks & Challenges
Stated risks include: loss of cryopreserved cells (mitigated by storage at multiple facilities); variability in final color and surface texture from vegetable tanning and scaffold differences (addressed through pilot testing and scaffold inspection); potential supply-chain changes requiring alternate jewelry settings of equal or better quality; and possible extended delivery times for later backers if demand is high.

## Team & Partnerships
The effort is led by a founder with long-term tissue-engineering experience and cellular-agriculture leadership since 2018, who worked with a sanctuary and veterinary professionals to isolate the donor cells.

## What's Included
Jewelry pieces with cultivated-leather inlays (e.g., a rectangular inlay approximately 10 mm × 50 mm) and, for some items, a waxed linen cord; components are housed in metal bezels and glass cabochons.

## Technical Details
- Plant-based scaffold from kapok seed fibers, needle-felted.
- Surface treatment with plant-derived ingredients (e.g., sunflower lecithin, zein protein) to promote cell attachment.
- Cells produce collagen that becomes vegetable-tanned leather.
- Approximate inlay dimension: III mm × 50 mm."
"local","1","L1.5","specialized_rewrite","angelry","","False","prospective_framing_safeguard","[""A future subscription model for periodic jewelry releases using leather from the same original cell line is proposed as a way to build a long-term community around the donor animal's legacy.""]","True","accepted","[]","Prospective-framing safeguard overrode the model's rejection because every flagged claim is explicitly hypothetical, proposed, planned, or future-tense and none asserts an existing accomplishment. Initial model analysis: The candidate adds a specific, detailed future business model (a subscription service for periodic releases tied to the donor's legacy) that is not framed as a proposal, plan, or hypothesis in the source material. The source material contains no mention of any future subscription model, community-building plans, or leveraging the donor's legacy in this way. This addition presents a new, concrete feature of the venture concept as if it were part of the current offering or planned strategy, which is an unsupported claim about the project's existing or intended structure.","## One-Sentence Summary
A line of heirloom jewelry uses real leather that is cultivated in bioreactors from a one-time, harmless skin-cell sample taken from a living, sanctuary-grazing cow, aiming to offer animal-friendly leather adornments.

## Problem
The creators frame conventional leather as dependent on animal harm and present a gap for ethically sourced, real leather that preserves the material's qualities without sacrificing animal welfare. They position the project as evidence that leather can be made while the donor animal continues to live and be cared for at a sanctuary.

## Solution / Product Overview
The project offers jewelry featuring inlays of cultivated leather grown from the donor cow's skin cells on a plant-based scaffold. The leather is produced in bioreactors and then vegetable-tanned, allowing the creators to present finished wearable pieces while asserting that no additional animal harvesting is required.

## Key Features & Capabilities
- Real leather cultivated from living-animal skin cells grown on a plant-derived scaffold.
- Inlays set within metal bezels and protected under a glass dome cabochon.
- Options to choose hypoallergenic stainless steel or sterling silver for certain pieces.
- Offered in multiple size, color, and material combinations.
- Packaged in eco-friendly boxes cushioned with plant seed fiber used in the cultivation process.
- **A future subscription model for periodic jewelry releases using leather from the same original cell line is proposed as a way to build a long-term community around the donor animal's legacy.**

## Target Users & Use Cases
The campaign speaks to people seeking animal-friendly, sustainable jewelry and those interested in owning a first-of-its-kind heirloom piece made from cultivated leather grown from a specific donor animal's cells.

## Development Status
The team shows finished jewelry inlays and describes past milestones: cells were isolated harmlessly in 2023, prototypes include a pendant and a card holder made in early 2025, and the leather is grown with patent-pending plant-based scaffolding. They state there are no outside approvals required and that the technology and cell lines are owned by the creators.

## Roadmap & Delivery Plan
Planned actions include pilot testing to tune color and texture, inspecting scaffold density before use, preparing different concentrations of plant-based tanning ingredients, and securing jewelry settings after style counts are finalized at the end of the campaign. Production scaling will be addressed by adjusting modular cultivated-leather bioreactor technology and resources. **A plan to explore a potential subscription model for future releases is part of the long-term vision.**

## Why Crowdfunding / Use of Funds
Funds support bringing the cultivated-leather jewelry to backers: producing inlays, performing pilot tests for consistency, and procuring jewelry settings and sustainable packaging to deliver finished pieces.

## Risks & Challenges
Stated risks include: loss of cryopreserved cells (mitigated by storage at multiple facilities); variability in final color and surface texture from vegetable tanning and scaffold differences (addressed through pilot testing and scaffold inspection); potential supply-chain changes requiring alternate jewelry settings of equal or better quality; and possible extended delivery times for later backers if demand is high.

## Team & Partnerships
The effort is led by a founder with long-term tissue-engineering experience and cellular-agriculture leadership since 2018, who worked with a sanctuary and veterinary professionals to isolate the donor cells.

## What's Included
Jewelry pieces with cultivated-leather inlays (e.g., a rectangular inlay approximately 10 mm × 50 mm) and, for some items, a waxed linen cord; components are housed in metal bezels and glass cabochons.

## Technical Details
- Plant-based scaffold from kapok seed fibers, needle-felted.
- Surface treatment with plant-derived ingredients (e.g., sunflower lecithin, zein protein) to promote cell attachment.
- Cells produce collagen that becomes vegetable-tanned leather.
- Approximate inlay dimension: 10 mm × 50 mm.","## One-Sentence Summary
A line of heirloom jewelry uses real leather that is cultivated in bioreactors from a one-time, harmless skin-cell sample taken from a living, sanctuary-grazing cow, aiming to offer animal-friendly leather adornments.

## Problem
The creators frame conventional leather as dependent on animal harm and present a gap for ethically sourced, real leather that preserves the material's qualities without sacrificing animal welfare. They position the project as evidence that leather can be made while the donor animal continues to live and be cared for at a sanctuary.

## Solution / Product Overview
The project offers jewelry featuring inlays of cultivated leather grown from the donor cow's skin cells on a plant-based scaffold. The leather is produced in bioreactors and then vegetable-tanned, allowing the creators to present finished wearable pieces while asserting that no additional animal harvesting is required.

## Key Features & Capabilities
- Real leather cultivated from living-animal skin cells grown on a plant-derived scaffold.
- Inlays set within metal bezels and protected under a glass dome cabochon.
- Options to choose hypoallergenic stainless steel or sterling silver for certain pieces.
- Offered in multiple size, color, and material combinations.
- Packaged in eco-friendly boxes cushioned with plant seed fiber used in the cultivation process.
- **A future subscription model for periodic jewelry releases using leather from the same original cell line is proposed as a way to build a long-term community around the donor animal's legacy.**

## Target Users & Use Cases
The campaign speaks to people seeking animal-friendly, sustainable jewelry and those interested in owning a first-of-its-kind heirloom piece made from cultivated leather grown from a specific donor animal's cells.

## Development Status
The team shows finished jewelry inlays and describes past milestones: cells were isolated harmlessly in 2023, prototypes include a pendant and a card holder made in early 2025, and the leather is grown with patent-pending plant-based scaffolding. They state there are no outside approvals required and that the technology and cell lines are owned by the creators.

## Roadmap & Delivery Plan
Planned actions include pilot testing to tune color and texture, inspecting scaffold density before use, preparing different concentrations of plant-based tanning ingredients, and securing jewelry settings after style counts are finalized at the end of the campaign. Production scaling will be addressed by adjusting modular cultivated-leather bioreactor technology and resources. **A plan to explore a potential subscription model for future releases is part of the long-term vision.**

## Why Crowdfunding / Use of Funds
Funds support bringing the cultivated-leather jewelry to backers: producing inlays, performing pilot tests for consistency, and procuring jewelry settings and sustainable packaging to deliver finished pieces.

## Risks & Challenges
Stated risks include: loss of cryopreserved cells (mitigated by storage at multiple facilities); variability in final color and surface texture from vegetable tanning and scaffold differences (addressed through pilot testing and scaffold inspection); potential supply-chain changes requiring alternate jewelry settings of equal or better quality; and possible extended delivery times for later backers if demand is high.

## Team & Partnerships
The effort is led by a founder with long-term tissue-engineering experience and cellular-agriculture leadership since 2018, who worked with a sanctuary and veterinary professionals to isolate the donor cells.

## What's Included
Jewelry pieces with cultivated-leather inlays (e.g., a rectangular inlay approximately 10 mm × 50 mm) and, for some items, a waxed linen cord; components are housed in metal bezels and glass cabochons.

## Technical Details
- Plant-based scaffold from kapok seed fibers, needle-felted.
- Surface treatment with plant-derived ingredients (e.g., sunflower lecithin, zein protein) to promote cell attachment.
- Cells produce collagen that becomes vegetable-tanned leather.
- Approximate inlay dimension: 10 mm × 50 mm."
"local","2","L2.1","specialized_rewrite","L1.2","","False","prospective_framing_safeguard","[""A proposed post-campaign update plan would provide backers with periodic photo or video updates of the named donor cows at the sanctuary, enhancing the personal connection."", ""A proposed plan is to establish a system for sharing periodic photo or video updates of the donor cows with backers after the campaign concludes.""]","True","accepted","[]","Prospective-framing safeguard overrode the model's rejection because every flagged claim is explicitly hypothetical, proposed, planned, or future-tense and none asserts an existing accomplishment. Initial model analysis: The candidate introduces two new claims about a specific, proposed post-campaign update plan for sharing periodic photo/video updates of the donor cows. The authorized source material mentions a proposed limited series with donor selection and a brief profile, but does not mention any plan, proposed or otherwise, for ongoing updates after the campaign. These are presented as part of the venture's existing plan (e.g., 'A proposed post-campaign update plan would...'), which constitutes an unsupported claim about the project's current proposed features and roadmap.","## One-Sentence Summary

A line of heirloom jewelry uses real leather that is cultivated in bioreactors from a one-time, harmless skin-cell sample taken from a living, sanctuary-grazing cow, aiming to offer animal-friendly leather adornments.

## Problem
The creators frame conventional leather as dependent on animal harm and present a gap for ethically sourced, real leather that preserves the material's qualities without sacrificing animal welfare. They position the project as evidence that leather can be made while the donor animal continues to live and be cared for at a sanctuary.

## Solution / Product Overview
The project offers jewelry featuring inlays of cultivated leather grown from the donor cow's skin cells on a plant-based scaffold. The leather is produced in bioreactors and then vegetable-tanned, allowing the creators to present finished wearable pieces while asserting that no additional animal harvesting is required. A proposed plan is to offer a limited series where backers can select which specific sanctuary-grazing cow (from a small, named group) their leather cells originated from, accompanied by a brief profile of that animal.

## Key Features & Capabilities
-   Real leather cultivated from living-animal skin cells grown on a plant-derived scaffold.
-   Inlays set within metal bezels and protected under a glass dome cabochon.
-   Options to choose hypoallergenic stainless steel or sterling silver for certain pieces.
-   Offered in multiple size, color, and material combinations.
-   Packaged in eco-friendly boxes cushioned with plant seed fiber used in the cultivation process.
-   A proposed limited series would allow backers to select the specific named donor cow and receive a profile of that animal.
-   A proposed post-campaign update plan would provide backers with periodic photo or video updates of the named donor cows at the sanctuary, enhancing the personal connection.

## Target Users & Use Cases
The campaign speaks to people seeking animal-friendly, sustainable jewelry and those interested in owning a first-of-its-kind heirloom piece made from cultivated leather grown from a specific donor animal's cells.

## Development Status
The team shows finished jewelry inlays and describes past milestones: cells were isolated harmlessly in 2023, prototypes include a pendant and a card holder made in early 2025, and the leather is grown with patent-pending plant-based scaffolding. They state there are no outside approvals required and that the technology and cell lines are owned by the creators.

## Roadmap & Delivery Plan
Planned actions include pilot testing to tune color and texture, inspecting scaffold density before use, preparing different concentrations of plant-based tanning ingredients, and securing jewelry settings after style counts are finalized at the end of the campaign. Production scaling will be addressed by adjusting modular cultivated-leather bioreactor technology and resources. If the limited donor-selection series is offered, plans would include finalizing the list of named donor animals and preparing their brief profiles. A proposed plan is to establish a system for sharing periodic photo or video updates of the donor cows with backers after the campaign concludes.

## Why Crowdfunding / Use of Funds
Funds support bringing the cultivated-leather jewelry to backers: producing inlays, performing pilot tests for consistency, and procuring jewelry settings and sustainable packaging to deliver finished pieces.

## Risks & Challenges
Stated risks include: loss of cryopreserved cells (mitigated by storage at multiple facilities); variability in final color and surface texture from vegetable tanning and scaffold differences (addressed through pilot testing and scaffold inspection); potential supply-chain changes requiring alternate jewelry settings of equal or better quality; and possible extended delivery times for later backers if demand is high.

## Team & Partnerships
The effort is led by a founder with long-term tissue-engineering experience and cellular-agriculture leadership since 2018, who worked with a sanctuary and veterinary professionals to isolate the donor cells.

## What's Included
Jewelry pieces with cultivated-leather inlays (e.g., a rectangular inlay approximately 10 mm × 50 mm) and, for some items, a waxed linen cord; components are housed in metal bezels and glass cabochons.

## Technical Details
-   Plant-based scaffold from kapok seed fibers, needle-felted.
-   Surface treatment with plant-derived ingredients (e.g., sunflower lecithin, zein protein) to promote cell attachment.
-   Cells produce collagen that becomes vegetable-tanned leather.
-   Approximate inlay dimension: 10 mm × 50 mm.","## One-Sentence Summary

A line of heirloom jewelry uses real leather that is cultivated in bioreactors from a one-time, harmless skin-cell sample taken from a living, sanctuary-grazing cow, aiming to offer animal-friendly leather adornments.

## Problem
The creators frame conventional leather as dependent on animal harm and present a gap for ethically sourced, real leather that preserves the material's qualities without sacrificing animal welfare. They position the project as evidence that leather can be made while the donor animal continues to live and be cared for at a sanctuary.

## Solution / Product Overview
The project offers jewelry featuring inlays of cultivated leather grown from the donor cow's skin cells on a plant-based scaffold. The leather is produced in bioreactors and then vegetable-tanned, allowing the creators to present finished wearable pieces while asserting that no additional animal harvesting is required. A proposed plan is to offer a limited series where backers can select which specific sanctuary-grazing cow (from a small, named group) their leather cells originated from, accompanied by a brief profile of that animal.

## Key Features & Capabilities
-   Real leather cultivated from living-animal skin cells grown on a plant-derived scaffold.
-   Inlays set within metal bezels and protected under a glass dome cabochon.
-   Options to choose hypoallergenic stainless steel or sterling silver for certain pieces.
-   Offered in multiple size, color, and material combinations.
-   Packaged in eco-friendly boxes cushioned with plant seed fiber used in the cultivation process.
-   A proposed limited series would allow backers to select the specific named donor cow and receive a profile of that animal.
-   A proposed post-campaign update plan would provide backers with periodic photo or video updates of the named donor cows at the sanctuary, enhancing the personal connection.

## Target Users & Use Cases
The campaign speaks to people seeking animal-friendly, sustainable jewelry and those interested in owning a first-of-its-kind heirloom piece made from cultivated leather grown from a specific donor animal's cells.

## Development Status
The team shows finished jewelry inlays and describes past milestones: cells were isolated harmlessly in 2023, prototypes include a pendant and a card holder made in early 2025, and the leather is grown with patent-pending plant-based scaffolding. They state there are no outside approvals required and that the technology and cell lines are owned by the creators.

## Roadmap & Delivery Plan
Planned actions include pilot testing to tune color and texture, inspecting scaffold density before use, preparing different concentrations of plant-based tanning ingredients, and securing jewelry settings after style counts are finalized at the end of the campaign. Production scaling will be addressed by adjusting modular cultivated-leather bioreactor technology and resources. If the limited donor-selection series is offered, plans would include finalizing the list of named donor animals and preparing their brief profiles. A proposed plan is to establish a system for sharing periodic photo or video updates of the donor cows with backers after the campaign concludes.

## Why Crowdfunding / Use of Funds
Funds support bringing the cultivated-leather jewelry to backers: producing inlays, performing pilot tests for consistency, and procuring jewelry settings and sustainable packaging to deliver finished pieces.

## Risks & Challenges
Stated risks include: loss of cryopreserved cells (mitigated by storage at multiple facilities); variability in final color and surface texture from vegetable tanning and scaffold differences (addressed through pilot testing and scaffold inspection); potential supply-chain changes requiring alternate jewelry settings of equal or better quality; and possible extended delivery times for later backers if demand is high.

## Team & Partnerships
The effort is led by a founder with long-term tissue-engineering experience and cellular-agriculture leadership since 2018, who worked with a sanctuary and veterinary professionals to isolate the donor cells.

## What's Included
Jewelry pieces with cultivated-leather inlays (e.g., a rectangular inlay approximately 10 mm × 50 mm) and, for some items, a waxed linen cord; components are housed in metal bezels and glass cabochons.

## Technical Details
-   Plant-based scaffold from kapok seed fibers, needle-felted.
-   Surface treatment with plant-derived ingredients (e.g., sunflower lecithin, zein protein) to promote cell attachment.
-   Cells produce collagen that becomes vegetable-tanned leather.
-   Approximate inlay dimension: 10 mm × 50 mm."
"local","2","L2.2","specialized_rewrite","L1.2","","True","model_audit","[]","True","accepted","[]","The candidate adds only one new element: 'An optional digital certificate of authenticity could be offered, detailing the cultivation process and the specific donor cow's profile.' This addition is explicitly framed as a proposal ('could be offered') and is consistently presented as optional and prospective throughout the document ('proposed optional add-on reward', 'If offered, the optional digital certificate... would be prepared'). All factual claims about existing status, development milestones, team credentials, and current capabilities are directly supported by the authorized source material. The candidate does not invent any existing traction, customers, partnerships, or accomplishments.","## One-Sentence Summary
A line of heirloom jewelry uses real leather that is cultivated in bioreactors from a one-time, harmless skin-cell sample taken from a living, sanctuary-grazing cow, aiming to offer animal-friendly leather adornments.

## Problem
The creators frame conventional leather as dependent on animal harm and present a gap for ethically sourced, real leather that preserves the material's qualities without sacrificing animal welfare. They position the project as evidence that leather can be made while the donor animal continues to live and be cared for at a sanctuary.

## Solution / Product Overview
The project offers jewelry featuring inlays of cultivated leather grown from the donor cow's skin cells on a plant-based scaffold. The leather is produced in bioreactors and then vegetable-tanned, allowing the creators to present finished wearable pieces while asserting that no additional animal harvesting is required. A proposed plan is to offer a limited series where backers can select which specific sanctuary-grazing cow (from a small, named group) their leather cells originated from, accompanied by a brief profile of that animal. An optional digital certificate of authenticity could be offered, detailing the cultivation process and the specific donor cow's profile.

## Key Features & Capabilities
-   Real leather cultivated from living-animal skin cells grown on a plant-derived scaffold.
-   Inlays set within metal bezels and protected under a glass dome cabochon.
-   Options to choose hypoallergenic stainless steel or sterling silver for certain pieces.
-   Offered in multiple size, color, and material combinations.
-   Packaged in eco-friendly boxes cushioned with plant seed fiber used in the cultivation process.
-   A proposed limited series would allow backers to select the specific named donor cow and receive a profile of that animal.
-   A proposed optional add-on reward could be a digital certificate of authenticity detailing the cultivation process and the specific donor cow's profile.

## Target Users & Use Cases
The campaign speaks to people seeking animal-friendly, sustainable jewelry and those interested in owning a first-of-its-kind heirloom piece made from cultivated leather grown from a specific donor animal's cells.

## Development Status
The team shows finished jewelry inlays and describes past milestones: cells were isolated harmlessly in 2023, prototypes include a pendant and a card holder made in early 2025, and the leather is grown with patent-pending plant-based scaffolding. They state there are no outside approvals required and that the technology and cell lines are owned by the creators.

## Roadmap & Delivery Plan
Planned actions include pilot testing to tune color and texture, inspecting scaffold density before use, preparing different concentrations of plant-based tanning ingredients, and securing jewelry settings after style counts are finalized at the end of the campaign. Production scaling will be addressed by adjusting modular cultivated-leather bioreactor technology and resources. If the limited donor-selection series is offered, plans would include finalizing the list of named donor animals and preparing their brief profiles. If offered, the optional digital certificate of authenticity would be prepared and delivered digitally.

## Why Crowdfunding / Use of Funds
Funds support bringing the cultivated-leather jewelry to backers: producing inlays, performing pilot tests for consistency, and procuring jewelry settings and sustainable packaging to deliver finished pieces.

## Risks & Challenges
Stated risks include: loss of cryopreserved cells (mitigated by storage at multiple facilities); variability in final color and surface texture from vegetable tanning and scaffold differences (addressed through pilot testing and scaffold inspection); potential supply-chain changes requiring alternate jewelry settings of equal or better quality; and possible extended delivery times for later backers if demand is high.

## Team & Partnerships
The effort is led by a founder with long-term tissue-engineering experience and cellular-agriculture leadership since 2018, who worked with a sanctuary and veterinary professionals to isolate the donor cells.

## What's Included
Jewelry pieces with cultivated-leather inlays (e.g., a rectangular inlay approximately 10 mm × 50 mm) and, for some items, a waxed linen cord; components are housed in metal bezels and glass cabochons.

## Technical Details
-   Plant-based scaffold from kapok seed fibers, needle-felted.
-   Surface treatment with plant-derived ingredients (e.g., sunflower lecithin, zein protein) to promote cell attachment.
-   Cells produce collagen that becomes vegetable-tanned leather.
-   Approximate inlay dimension: 10 mm × 50 mm.","## One-Sentence Summary
A line of heirloom jewelry uses real leather that is cultivated in bioreactors from a one-time, harmless skin-cell sample taken from a living, sanctuary-grazing cow, aiming to offer animal-friendly leather adornments.

## Problem
The creators frame conventional leather as dependent on animal harm and present a gap for ethically sourced, real leather that preserves the material's qualities without sacrificing animal welfare. They position the project as evidence that leather can be made while the donor animal continues to live and be cared for at a sanctuary.

## Solution / Product Overview
The project offers jewelry featuring inlays of cultivated leather grown from the donor cow's skin cells on a plant-based scaffold. The leather is produced in bioreactors and then vegetable-tanned, allowing the creators to present finished wearable pieces while asserting that no additional animal harvesting is required. A proposed plan is to offer a limited series where backers can select which specific sanctuary-grazing cow (from a small, named group) their leather cells originated from, accompanied by a brief profile of that animal. An optional digital certificate of authenticity could be offered, detailing the cultivation process and the specific donor cow's profile.

## Key Features & Capabilities
-   Real leather cultivated from living-animal skin cells grown on a plant-derived scaffold.
-   Inlays set within metal bezels and protected under a glass dome cabochon.
-   Options to choose hypoallergenic stainless steel or sterling silver for certain pieces.
-   Offered in multiple size, color, and material combinations.
-   Packaged in eco-friendly boxes cushioned with plant seed fiber used in the cultivation process.
-   A proposed limited series would allow backers to select the specific named donor cow and receive a profile of that animal.
-   A proposed optional add-on reward could be a digital certificate of authenticity detailing the cultivation process and the specific donor cow's profile.

## Target Users & Use Cases
The campaign speaks to people seeking animal-friendly, sustainable jewelry and those interested in owning a first-of-its-kind heirloom piece made from cultivated leather grown from a specific donor animal's cells.

## Development Status
The team shows finished jewelry inlays and describes past milestones: cells were isolated harmlessly in 2023, prototypes include a pendant and a card holder made in early 2025, and the leather is grown with patent-pending plant-based scaffolding. They state there are no outside approvals required and that the technology and cell lines are owned by the creators.

## Roadmap & Delivery Plan
Planned actions include pilot testing to tune color and texture, inspecting scaffold density before use, preparing different concentrations of plant-based tanning ingredients, and securing jewelry settings after style counts are finalized at the end of the campaign. Production scaling will be addressed by adjusting modular cultivated-leather bioreactor technology and resources. If the limited donor-selection series is offered, plans would include finalizing the list of named donor animals and preparing their brief profiles. If offered, the optional digital certificate of authenticity would be prepared and delivered digitally.

## Why Crowdfunding / Use of Funds
Funds support bringing the cultivated-leather jewelry to backers: producing inlays, performing pilot tests for consistency, and procuring jewelry settings and sustainable packaging to deliver finished pieces.

## Risks & Challenges
Stated risks include: loss of cryopreserved cells (mitigated by storage at multiple facilities); variability in final color and surface texture from vegetable tanning and scaffold differences (addressed through pilot testing and scaffold inspection); potential supply-chain changes requiring alternate jewelry settings of equal or better quality; and possible extended delivery times for later backers if demand is high.

## Team & Partnerships
The effort is led by a founder with long-term tissue-engineering experience and cellular-agriculture leadership since 2018, who worked with a sanctuary and veterinary professionals to isolate the donor cells.

## What's Included
Jewelry pieces with cultivated-leather inlays (e.g., a rectangular inlay approximately 10 mm × 50 mm) and, for some items, a waxed linen cord; components are housed in metal bezels and glass cabochons.

## Technical Details
-   Plant-based scaffold from kapok seed fibers, needle-felted.
-   Surface treatment with plant-derived ingredients (e.g., sunflower lecithin, zein protein) to promote cell attachment.
-   Cells produce collagen that becomes vegetable-tanned leather.
-   Approximate inlay dimension: 10 mm × 50 mm."
"local","2","L2.3","specialized_rewrite","L1.2","","False","prospective_framing_safeguard","[""A future, hypothetical limited-edition series is proposed where the cultivated leather would be dyed using natural pigments from plants grown at the same animal sanctuary."", ""A hypothetical future limited-edition series could feature leather dyed with natural pigments from sanctuary-grown plants."", ""The hypothetical future series using sanctuary plant pigments would require additional planning for pigment extraction and dyeing protocols.""]","True","accepted","[]","Prospective-framing safeguard overrode the model's rejection because every flagged claim is explicitly hypothetical, proposed, planned, or future-tense and none asserts an existing accomplishment. Initial model analysis: The candidate introduces a new, specific future product feature (dyeing leather with natural pigments from sanctuary-grown plants) and integrates it into the roadmap. While the standard allows new ideas when framed as proposals or plans, this addition is not presented as a mere possibility or a concept under consideration; it is integrated into the 'Solution / Product Overview', 'Key Features & Capabilities', and 'Roadmap & Delivery Plan' sections as a concrete, planned element of the venture's offering. The source material contains no mention of any such plan, proposal, or intention related to plant-based dyes or pigments from the sanctuary. Therefore, these statements constitute unsupported claims about the venture's planned offerings and roadmap, going beyond a permissible new concept description and inventing a specific future plan not present in the authorized source.","## One-Sentence Summary

A line of heirloom jewelry uses real leather that is cultivated in bioreactors from a one-time, harmless skin-cell sample taken from a living, sanctuary-grazing cow, aiming to offer animal-friendly leather adornments.

## Problem
The creators frame conventional leather as dependent on animal harm and present a gap for ethically sourced, real leather that preserves the material's qualities without sacrificing animal welfare. They position the project as evidence that leather can be made while the donor animal continues to live and be cared for at a sanctuary.

## Solution / Product Overview
The project offers jewelry featuring inlays of cultivated leather grown from the donor cow's skin cells on a plant-based scaffold. The leather is produced in bioreactors and then vegetable-tanned, allowing the creators to present finished wearable pieces while asserting that no additional animal harvesting is required. A proposed plan is to offer a limited series where backers can select which specific sanctuary-grazing cow (from a small, named group) their leather cells originated from, accompanied by a brief profile of that animal. A future, hypothetical limited-edition series is proposed where the cultivated leather would be dyed using natural pigments from plants grown at the same animal sanctuary.

## Key Features & Capabilities
-   Real leather cultivated from living-animal skin cells grown on a plant-derived scaffold.
-   Inlays set within metal bezels and protected under a glass dome cabochon.
-   Options to choose hypoallergenic stainless steel or sterling silver for certain pieces.
-   Offered in multiple size, color, and material combinations.
-   Packaged in eco-friendly boxes cushioned with plant seed fiber used in the cultivation process.
-   A proposed limited series would allow backers to select the specific named donor cow and receive a profile of that animal.
-   A hypothetical future limited-edition series could feature leather dyed with natural pigments from sanctuary-grown plants.

## Target Users & Use Cases
The campaign speaks to people seeking animal-friendly, sustainable jewelry and those interested in owning a first-of-its-kind heirloom piece made from cultivated leather grown from a specific donor animal's cells.

## Development Status
The team shows finished jewelry inlays and describes past milestones: cells were isolated harmlessly in 2023, prototypes include a pendant and a card holder made in early 2025, and the leather is grown with patent-pending plant-based scaffolding. They state there are no outside approvals required and that the technology and cell lines are owned by the creators.

## Roadmap & Delivery Plan
Planned actions include pilot testing to tune color and texture, inspecting scaffold density before use, preparing different concentrations of plant-based tanning ingredients, and securing jewelry settings after style counts are finalized at the end of the campaign. Production scaling will be addressed by adjusting modular cultivated-leather bioreactor technology and resources. If the limited donor-selection series is offered, plans would include finalizing the list of named donor animals and preparing their brief profiles. The hypothetical future series using sanctuary plant pigments would require additional planning for pigment extraction and dyeing protocols.

## Why Crowdfunding / Use of Funds
Funds support bringing the cultivated-leather jewelry to backers: producing inlays, performing pilot tests for consistency, and procuring jewelry settings and sustainable packaging to deliver finished pieces.

## Risks & Challenges
Stated risks include: loss of cryopreserved cells (mitigated by storage at multiple facilities); variability in final color and surface texture from vegetable tanning and scaffold differences (addressed through pilot testing and scaffold inspection); potential supply-chain changes requiring alternate jewelry settings of equal or better quality; and possible extended delivery times for later backers if demand is high.

## Team & Partnerships
The effort is led by a founder with long-term tissue-engineering experience and cellular-agriculture leadership since 2018, who worked with a sanctuary and veterinary professionals to isolate the donor cells.

## What's Included
Jewelry pieces with cultivated-leather inlays (e.g., a rectangular inlay approximately 10 mm × 50 mm) and, for some items, a waxed linen cord; components are housed in metal bezels and glass cabochons.

## Technical Details
-   Plant-based scaffold from kapok seed fibers, needle-felted.
-   Surface treatment with plant-derived ingredients (e.g., sunflower lecithin, zein protein) to promote cell attachment.
-   Cells produce collagen that becomes vegetable-tanned leather.
-   Approximate inlay dimension: 10 mm × 50 mm.","## One-Sentence Summary

A line of heirloom jewelry uses real leather that is cultivated in bioreactors from a one-time, harmless skin-cell sample taken from a living, sanctuary-grazing cow, aiming to offer animal-friendly leather adornments.

## Problem
The creators frame conventional leather as dependent on animal harm and present a gap for ethically sourced, real leather that preserves the material's qualities without sacrificing animal welfare. They position the project as evidence that leather can be made while the donor animal continues to live and be cared for at a sanctuary.

## Solution / Product Overview
The project offers jewelry featuring inlays of cultivated leather grown from the donor cow's skin cells on a plant-based scaffold. The leather is produced in bioreactors and then vegetable-tanned, allowing the creators to present finished wearable pieces while asserting that no additional animal harvesting is required. A proposed plan is to offer a limited series where backers can select which specific sanctuary-grazing cow (from a small, named group) their leather cells originated from, accompanied by a brief profile of that animal. A future, hypothetical limited-edition series is proposed where the cultivated leather would be dyed using natural pigments from plants grown at the same animal sanctuary.

## Key Features & Capabilities
-   Real leather cultivated from living-animal skin cells grown on a plant-derived scaffold.
-   Inlays set within metal bezels and protected under a glass dome cabochon.
-   Options to choose hypoallergenic stainless steel or sterling silver for certain pieces.
-   Offered in multiple size, color, and material combinations.
-   Packaged in eco-friendly boxes cushioned with plant seed fiber used in the cultivation process.
-   A proposed limited series would allow backers to select the specific named donor cow and receive a profile of that animal.
-   A hypothetical future limited-edition series could feature leather dyed with natural pigments from sanctuary-grown plants.

## Target Users & Use Cases
The campaign speaks to people seeking animal-friendly, sustainable jewelry and those interested in owning a first-of-its-kind heirloom piece made from cultivated leather grown from a specific donor animal's cells.

## Development Status
The team shows finished jewelry inlays and describes past milestones: cells were isolated harmlessly in 2023, prototypes include a pendant and a card holder made in early 2025, and the leather is grown with patent-pending plant-based scaffolding. They state there are no outside approvals required and that the technology and cell lines are owned by the creators.

## Roadmap & Delivery Plan
Planned actions include pilot testing to tune color and texture, inspecting scaffold density before use, preparing different concentrations of plant-based tanning ingredients, and securing jewelry settings after style counts are finalized at the end of the campaign. Production scaling will be addressed by adjusting modular cultivated-leather bioreactor technology and resources. If the limited donor-selection series is offered, plans would include finalizing the list of named donor animals and preparing their brief profiles. The hypothetical future series using sanctuary plant pigments would require additional planning for pigment extraction and dyeing protocols.

## Why Crowdfunding / Use of Funds
Funds support bringing the cultivated-leather jewelry to backers: producing inlays, performing pilot tests for consistency, and procuring jewelry settings and sustainable packaging to deliver finished pieces.

## Risks & Challenges
Stated risks include: loss of cryopreserved cells (mitigated by storage at multiple facilities); variability in final color and surface texture from vegetable tanning and scaffold differences (addressed through pilot testing and scaffold inspection); potential supply-chain changes requiring alternate jewelry settings of equal or better quality; and possible extended delivery times for later backers if demand is high.

## Team & Partnerships
The effort is led by a founder with long-term tissue-engineering experience and cellular-agriculture leadership since 2018, who worked with a sanctuary and veterinary professionals to isolate the donor cells.

## What's Included
Jewelry pieces with cultivated-leather inlays (e.g., a rectangular inlay approximately 10 mm × 50 mm) and, for some items, a waxed linen cord; components are housed in metal bezels and glass cabochons.

## Technical Details
-   Plant-based scaffold from kapok seed fibers, needle-felted.
-   Surface treatment with plant-derived ingredients (e.g., sunflower lecithin, zein protein) to promote cell attachment.
-   Cells produce collagen that becomes vegetable-tanned leather.
-   Approximate inlay dimension: 10 mm × 50 mm."
"local","2","L2.4","specialized_rewrite","L1.2","","False","prospective_framing_safeguard","[""A proposed clear, visual comparison chart in campaign materials would show key material properties (e.g., texture, durability) of the cultivated leather versus conventional and synthetic leathers."", ""A proposed plan is to develop a visual comparison chart for campaign materials.""]","True","accepted","[]","Prospective-framing safeguard overrode the model's rejection because every flagged claim is explicitly hypothetical, proposed, planned, or future-tense and none asserts an existing accomplishment. Initial model analysis: The candidate introduces a new, specific proposed feature (a visual comparison chart showing material properties) in the 'Key Features & Capabilities' section. This section describes the product's existing or definitively planned features, not future proposals. While the 'Roadmap & Delivery Plan' section later frames a similar chart as a 'proposed plan', the initial presentation in the features list implies it is a planned component of the product or campaign, which is not supported by the source material. The source material does not mention any such chart, even as a proposal. This constitutes an unsupported claim about the venture's planned offerings.","## One-Sentence Summary

A line of heirloom jewelry uses real leather that is cultivated in bioreactors from a one-time, harmless skin-cell sample taken from a living, sanctuary-grazing cow, aiming to offer animal-friendly leather adornments.

## Problem
The creators frame conventional leather as dependent on animal harm and present a gap for ethically sourced, real leather that preserves the material's qualities without sacrificing animal welfare. They position the project as evidence that leather can be made while the donor animal continues to live and be cared for at a sanctuary.

## Solution / Product Overview
The project offers jewelry featuring inlays of cultivated leather grown from the donor cow's skin cells on a plant-based scaffold. The leather is produced in bioreactors and then vegetable-tanned, allowing the creators to present finished wearable pieces while asserting that no additional animal harvesting is required. A proposed plan is to offer a limited series where backers can select which specific sanctuary-grazing cow (from a small, named group) their leather cells originated from, accompanied by a brief profile of that animal.

## Key Features & Capabilities
-   Real leather cultivated from living-animal skin cells grown on a plant-derived scaffold.
-   Inlays set within metal bezels and protected under a glass dome cabochon.
-   Options to choose hypoallergenic stainless steel or sterling silver for certain pieces.
-   Offered in multiple size, color, and material combinations.
-   Packaged in eco-friendly boxes cushioned with plant seed fiber used in the cultivation process.
-   A proposed limited series would allow backers to select the specific named donor cow and receive a profile of that animal.
-   A proposed clear, visual comparison chart in campaign materials would show key material properties (e.g., texture, durability) of the cultivated leather versus conventional and synthetic leathers.

## Target Users & Use Cases
The campaign speaks to people seeking animal-friendly, sustainable jewelry and those interested in owning a first-of-its-kind heirloom piece made from cultivated leather grown from a specific donor animal's cells.

## Development Status
The team shows finished jewelry inlays and describes past milestones: cells were isolated harmlessly in 2023, prototypes include a pendant and a card holder made in early 2025, and the leather is grown with patent-pending plant-based scaffolding. They state there are no outside approvals required and that the technology and cell lines are owned by the creators.

## Roadmap & Delivery Plan
Planned actions include pilot testing to tune color and texture, inspecting scaffold density before use, preparing different concentrations of plant-based tanning ingredients, and securing jewelry settings after style counts are finalized at the end of the campaign. Production scaling will be addressed by adjusting modular cultivated-leather bioreactor technology and resources. If the limited donor-selection series is offered, plans would include finalizing the list of named donor animals and preparing their brief profiles. A proposed plan is to develop a visual comparison chart for campaign materials.

## Why Crowdfunding / Use of Funds
Funds support bringing the cultivated-leather jewelry to backers: producing inlays, performing pilot tests for consistency, and procuring jewelry settings and sustainable packaging to deliver finished pieces.

## Risks & Challenges
Stated risks include: loss of cryopreserved cells (mitigated by storage at multiple facilities); variability in final color and surface texture from vegetable tanning and scaffold differences (addressed through pilot testing and scaffold inspection); potential supply-chain changes requiring alternate jewelry settings of equal or better quality; and possible extended delivery times for later backers if demand is high.

## Team & Partnerships
The effort is led by a founder with long-term tissue-engineering experience and cellular-agriculture leadership since 2018, who worked with a sanctuary and veterinary professionals to isolate the donor cells.

## What's Included
Jewelry pieces with cultivated-leather inlays (e.g., a rectangular inlay approximately 10 mm × 50 mm) and, for some items, a waxed linen cord; components are housed in metal bezels and glass cabochons.

## Technical Details
-   Plant-based scaffold from kapok seed fibers, needle-felted.
-   Surface treatment with plant-derived ingredients (e.g., sunflower lecithin, zein protein) to promote cell attachment.
-   Cells produce collagen that becomes vegetable-tanned leather.
-   Approximate inlay dimension: 10 mm × 50 mm.","## One-Sentence Summary

A line of heirloom jewelry uses real leather that is cultivated in bioreactors from a one-time, harmless skin-cell sample taken from a living, sanctuary-grazing cow, aiming to offer animal-friendly leather adornments.

## Problem
The creators frame conventional leather as dependent on animal harm and present a gap for ethically sourced, real leather that preserves the material's qualities without sacrificing animal welfare. They position the project as evidence that leather can be made while the donor animal continues to live and be cared for at a sanctuary.

## Solution / Product Overview
The project offers jewelry featuring inlays of cultivated leather grown from the donor cow's skin cells on a plant-based scaffold. The leather is produced in bioreactors and then vegetable-tanned, allowing the creators to present finished wearable pieces while asserting that no additional animal harvesting is required. A proposed plan is to offer a limited series where backers can select which specific sanctuary-grazing cow (from a small, named group) their leather cells originated from, accompanied by a brief profile of that animal.

## Key Features & Capabilities
-   Real leather cultivated from living-animal skin cells grown on a plant-derived scaffold.
-   Inlays set within metal bezels and protected under a glass dome cabochon.
-   Options to choose hypoallergenic stainless steel or sterling silver for certain pieces.
-   Offered in multiple size, color, and material combinations.
-   Packaged in eco-friendly boxes cushioned with plant seed fiber used in the cultivation process.
-   A proposed limited series would allow backers to select the specific named donor cow and receive a profile of that animal.
-   A proposed clear, visual comparison chart in campaign materials would show key material properties (e.g., texture, durability) of the cultivated leather versus conventional and synthetic leathers.

## Target Users & Use Cases
The campaign speaks to people seeking animal-friendly, sustainable jewelry and those interested in owning a first-of-its-kind heirloom piece made from cultivated leather grown from a specific donor animal's cells.

## Development Status
The team shows finished jewelry inlays and describes past milestones: cells were isolated harmlessly in 2023, prototypes include a pendant and a card holder made in early 2025, and the leather is grown with patent-pending plant-based scaffolding. They state there are no outside approvals required and that the technology and cell lines are owned by the creators.

## Roadmap & Delivery Plan
Planned actions include pilot testing to tune color and texture, inspecting scaffold density before use, preparing different concentrations of plant-based tanning ingredients, and securing jewelry settings after style counts are finalized at the end of the campaign. Production scaling will be addressed by adjusting modular cultivated-leather bioreactor technology and resources. If the limited donor-selection series is offered, plans would include finalizing the list of named donor animals and preparing their brief profiles. A proposed plan is to develop a visual comparison chart for campaign materials.

## Why Crowdfunding / Use of Funds
Funds support bringing the cultivated-leather jewelry to backers: producing inlays, performing pilot tests for consistency, and procuring jewelry settings and sustainable packaging to deliver finished pieces.

## Risks & Challenges
Stated risks include: loss of cryopreserved cells (mitigated by storage at multiple facilities); variability in final color and surface texture from vegetable tanning and scaffold differences (addressed through pilot testing and scaffold inspection); potential supply-chain changes requiring alternate jewelry settings of equal or better quality; and possible extended delivery times for later backers if demand is high.

## Team & Partnerships
The effort is led by a founder with long-term tissue-engineering experience and cellular-agriculture leadership since 2018, who worked with a sanctuary and veterinary professionals to isolate the donor cells.

## What's Included
Jewelry pieces with cultivated-leather inlays (e.g., a rectangular inlay approximately 10 mm × 50 mm) and, for some items, a waxed linen cord; components are housed in metal bezels and glass cabochons.

## Technical Details
-   Plant-based scaffold from kapok seed fibers, needle-felted.
-   Surface treatment with plant-derived ingredients (e.g., sunflower lecithin, zein protein) to promote cell attachment.
-   Cells produce collagen that becomes vegetable-tanned leather.
-   Approximate inlay dimension: 10 mm × 50 mm."
"local","2","L2.5","specialized_rewrite","L1.2","","False","prospective_framing_safeguard","[""A proposed plan to conduct and share the results of a standard durability test (like a rub test) on the cultivated leather inlay to address potential backer concerns about longevity."", ""A proposed plan includes testing the cultivated leather inlays using a standard durability test (like a rub test) and sharing the results with backers.""]","True","accepted","[]","Prospective-framing safeguard overrode the model's rejection because every flagged claim is explicitly hypothetical, proposed, planned, or future-tense and none asserts an existing accomplishment. Initial model analysis: The candidate introduces two new, specific claims about a proposed durability test (rub test) and a plan to share results. While these are framed as 'proposed' and thus prospective, they are not present in the authorized source material. The source material's 'Roadmap & Delivery Plan' and 'Key Features' sections do not mention any such test or plan. According to the audit standard, new ideas are allowed only when they are explicitly framed as proposed, planned, etc., but here the candidate is adding new, specific proposed actions that were not part of the original factual record, thereby altering the venture's stated plans and features beyond what is authorized.","## One-Sentence Summary

A line of heirloom jewelry uses real leather that is cultivated in bioreactors from a one-time, harmless skin-cell sample taken from a living, sanctuary-grazing cow, aiming to offer animal-friendly leather adornments.

## Problem
The creators frame conventional leather as dependent on animal harm and present a gap for ethically sourced, real leather that preserves the material's qualities without sacrificing animal welfare. They position the project as evidence that leather can be made while the donor animal continues to live and be cared for at a sanctuary.

## Solution / Product Overview
The project offers jewelry featuring inlays of cultivated leather grown from the donor cow's skin cells on a plant-based scaffold. The leather is produced in bioreactors and then vegetable-tanned, allowing the creators to present finished wearable pieces while asserting that no additional animal harvesting is required. A proposed plan is to offer a limited series where backers can select which specific sanctuary-grazing cow (from a small, named group) their leather cells originated from, accompanied by a brief profile of that animal.

## Key Features & Capabilities
-   Real leather cultivated from living-animal skin cells grown on a plant-derived scaffold.
-   Inlays set within metal bezels and protected under a glass dome cabochon.
-   Options to choose hypoallergenic stainless steel or sterling silver for certain pieces.
-   Offered in multiple size, color, and material combinations.
-   Packaged in eco-friendly boxes cushioned with plant seed fiber used in the cultivation process.
-   A proposed limited series would allow backers to select the specific named donor cow and receive a profile of that animal.
-   A proposed plan to conduct and share the results of a standard durability test (like a rub test) on the cultivated leather inlay to address potential backer concerns about longevity.

## Target Users & Use Cases
The campaign speaks to people seeking animal-friendly, sustainable jewelry and those interested in owning a first-of-its-kind heirloom piece made from cultivated leather grown from a specific donor animal's cells.

## Development Status
The team shows finished jewelry inlays and describes past milestones: cells were isolated harmlessly in 2023, prototypes include a pendant and a card holder made in early 2025, and the leather is grown with patent-pending plant-based scaffolding. They state there are no outside approvals required and that the technology and cell lines are owned by the creators.

## Roadmap & Delivery Plan
Planned actions include pilot testing to tune color and texture, inspecting scaffold density before use, preparing different concentrations of plant-based tanning ingredients, and securing jewelry settings after style counts are finalized at the end of the campaign. A proposed plan includes testing the cultivated leather inlays using a standard durability test (like a rub test) and sharing the results with backers. Production scaling will be addressed by adjusting modular cultivated-leather bioreactor technology and resources. If the limited donor-selection series is offered, plans would include finalizing the list of named donor animals and preparing their brief profiles.

## Why Crowdfunding / Use of Funds
Funds support bringing the cultivated-leather jewelry to backers: producing inlays, performing pilot tests for consistency, and procuring jewelry settings and sustainable packaging to deliver finished pieces.

## Risks & Challenges
Stated risks include: loss of cryopreserved cells (mitigated by storage at multiple facilities); variability in final color and surface texture from vegetable tanning and scaffold differences (addressed through pilot testing and scaffold inspection); potential supply-chain changes requiring alternate jewelry settings of equal or better quality; and possible extended delivery times for later backers if demand is high.

## Team & Partnerships
The effort is led by a founder with long-term tissue-engineering experience and cellular-agriculture leadership since 2018, who worked with a sanctuary and veterinary professionals to isolate the donor cells.

## What's Included
Jewelry pieces with cultivated-leather inlays (e.g., a rectangular inlay approximately 10 mm × 50 mm) and, for some items, a waxed linen cord; components are housed in metal bezels and glass cabochons.

## Technical Details
-   Plant-based scaffold from kapok seed fibers, needle-felted.
-   Surface treatment with plant-derived ingredients (e.g., sunflower lecithin, zein protein) to promote cell attachment.
-   Cells produce collagen that becomes vegetable-tanned leather.
-   Approximate inlay dimension: 10 mm × 50 mm.","## One-Sentence Summary

A line of heirloom jewelry uses real leather that is cultivated in bioreactors from a one-time, harmless skin-cell sample taken from a living, sanctuary-grazing cow, aiming to offer animal-friendly leather adornments.

## Problem
The creators frame conventional leather as dependent on animal harm and present a gap for ethically sourced, real leather that preserves the material's qualities without sacrificing animal welfare. They position the project as evidence that leather can be made while the donor animal continues to live and be cared for at a sanctuary.

## Solution / Product Overview
The project offers jewelry featuring inlays of cultivated leather grown from the donor cow's skin cells on a plant-based scaffold. The leather is produced in bioreactors and then vegetable-tanned, allowing the creators to present finished wearable pieces while asserting that no additional animal harvesting is required. A proposed plan is to offer a limited series where backers can select which specific sanctuary-grazing cow (from a small, named group) their leather cells originated from, accompanied by a brief profile of that animal.

## Key Features & Capabilities
-   Real leather cultivated from living-animal skin cells grown on a plant-derived scaffold.
-   Inlays set within metal bezels and protected under a glass dome cabochon.
-   Options to choose hypoallergenic stainless steel or sterling silver for certain pieces.
-   Offered in multiple size, color, and material combinations.
-   Packaged in eco-friendly boxes cushioned with plant seed fiber used in the cultivation process.
-   A proposed limited series would allow backers to select the specific named donor cow and receive a profile of that animal.
-   A proposed plan to conduct and share the results of a standard durability test (like a rub test) on the cultivated leather inlay to address potential backer concerns about longevity.

## Target Users & Use Cases
The campaign speaks to people seeking animal-friendly, sustainable jewelry and those interested in owning a first-of-its-kind heirloom piece made from cultivated leather grown from a specific donor animal's cells.

## Development Status
The team shows finished jewelry inlays and describes past milestones: cells were isolated harmlessly in 2023, prototypes include a pendant and a card holder made in early 2025, and the leather is grown with patent-pending plant-based scaffolding. They state there are no outside approvals required and that the technology and cell lines are owned by the creators.

## Roadmap & Delivery Plan
Planned actions include pilot testing to tune color and texture, inspecting scaffold density before use, preparing different concentrations of plant-based tanning ingredients, and securing jewelry settings after style counts are finalized at the end of the campaign. A proposed plan includes testing the cultivated leather inlays using a standard durability test (like a rub test) and sharing the results with backers. Production scaling will be addressed by adjusting modular cultivated-leather bioreactor technology and resources. If the limited donor-selection series is offered, plans would include finalizing the list of named donor animals and preparing their brief profiles.

## Why Crowdfunding / Use of Funds
Funds support bringing the cultivated-leather jewelry to backers: producing inlays, performing pilot tests for consistency, and procuring jewelry settings and sustainable packaging to deliver finished pieces.

## Risks & Challenges
Stated risks include: loss of cryopreserved cells (mitigated by storage at multiple facilities); variability in final color and surface texture from vegetable tanning and scaffold differences (addressed through pilot testing and scaffold inspection); potential supply-chain changes requiring alternate jewelry settings of equal or better quality; and possible extended delivery times for later backers if demand is high.

## Team & Partnerships
The effort is led by a founder with long-term tissue-engineering experience and cellular-agriculture leadership since 2018, who worked with a sanctuary and veterinary professionals to isolate the donor cells.

## What's Included
Jewelry pieces with cultivated-leather inlays (e.g., a rectangular inlay approximately 10 mm × 50 mm) and, for some items, a waxed linen cord; components are housed in metal bezels and glass cabochons.

## Technical Details
-   Plant-based scaffold from kapok seed fibers, needle-felted.
-   Surface treatment with plant-derived ingredients (e.g., sunflower lecithin, zein protein) to promote cell attachment.
-   Cells produce collagen that becomes vegetable-tanned leather.
-   Approximate inlay dimension: 10 mm × 50 mm."
"local","3","L3.1","specialized_rewrite","L2.5","","True","model_audit","[]","True","accepted","[]","All statements in the candidate regarding existing real-world evidence or status are directly supported by the authorized source material. The candidate introduces a new proposed feature (the digital 'birth certificate' with QR code) for the limited series, but frames it consistently as a 'proposed plan' or 'proposed plan includes,' which is permissible under the standard. No claims of existing traction, customers, tests, partnerships, or other accomplishments are invented or implied.","## One-Sentence Summary

A line of heirloom jewelry uses real leather that is cultivated in bioreactors from a one-time, harmless skin-cell sample taken from a living, sanctuary-grazing cow, aiming to offer animal-friendly leather adornments.

## Problem
The creators frame conventional leather as dependent on animal harm and present a gap for ethically sourced, real leather that preserves the material's qualities without sacrificing animal welfare. They position the project as evidence that leather can be made while the donor animal continues to live and be cared for at a sanctuary.

## Solution / Product Overview
The project offers jewelry featuring inlays of cultivated leather grown from the donor cow's skin cells on a plant-based scaffold. The leather is produced in bioreactors and then vegetable-tanned, allowing the creators to present finished wearable pieces while asserting that no additional animal harvesting is required. A proposed plan is to offer a limited series where backers can select which specific sanctuary-grazing cow (from a small, named group) their leather cells originated from, accompanied by a brief profile of that animal. For this limited series, a proposed plan includes providing backers with a digital 'birth certificate' for their specific piece, including the donor cow's name, the date its cells were isolated, and a QR code linking to a short video or photo of that animal at the sanctuary.

## Key Features & Capabilities
-   Real leather cultivated from living-animal skin cells grown on a plant-derived scaffold.
-   Inlays set within metal bezels and protected under a glass dome cabochon.
-   Options to choose hypoallergenic stainless steel or sterling silver for certain pieces.
-   Offered in multiple size, color, and material combinations.
-   Packaged in eco-friendly boxes cushioned with plant seed fiber used in the cultivation process.
-   A proposed limited series would allow backers to select the specific named donor cow and receive a profile of that animal.
-   A proposed plan for the limited series includes a digital 'birth certificate' with the cow's name, cell isolation date, and a QR code linking to sanctuary media.
-   A proposed plan to conduct and share the results of a standard durability test (like a rub test) on the cultivated leather inlay to address potential backer concerns about longevity.

## Target Users & Use Cases
The campaign speaks to people seeking animal-friendly, sustainable jewelry and those interested in owning a first-of-its-kind heirloom piece made from cultivated leather grown from a specific donor animal's cells.

## Development Status
The team shows finished jewelry inlays and describes past milestones: cells were isolated harmlessly in 2023, prototypes include a pendant and a card holder made in early 2025, and the leather is grown with patent-pending plant-based scaffolding. They state there are no outside approvals required and that the technology and cell lines are owned by the creators.

## Roadmap & Delivery Plan
Planned actions include pilot testing to tune color and texture, inspecting scaffold density before use, preparing different concentrations of plant-based tanning ingredients, and securing jewelry settings after style counts are finalized at the end of the campaign. A proposed plan includes testing the cultivated leather inlays using a standard durability test (like a rub test) and sharing the results with backers. Production scaling will be addressed by adjusting modular cultivated-leather bioreactor technology and resources. If the limited donor-selection series is offered, plans would include finalizing the list of named donor animals, preparing their brief profiles, and creating the digital 'birth certificates' with QR codes linking to sanctuary media.

## Why Crowdfunding / Use of Funds
Funds support bringing the cultivated-leather jewelry to backers: producing inlays, performing pilot tests for consistency, and procuring jewelry settings and sustainable packaging to deliver finished pieces.

## Risks & Challenges
Stated risks include: loss of cryopreserved cells (mitigated by storage at multiple facilities); variability in final color and surface texture from vegetable tanning and scaffold differences (addressed through pilot testing and scaffold inspection); potential supply-chain changes requiring alternate jewelry settings of equal or better quality; and possible extended delivery times for later backers if demand is high.

## Team & Partnerships
The effort is led by a founder with long-term tissue-engineering experience and cellular-agriculture leadership since 2018, who worked with a sanctuary and veterinary professionals to isolate the donor cells.

## What's Included
Jewelry pieces with cultivated-leather inlays (e.g., a rectangular inlay approximately 10 mm × 50 mm) and, for some items, a waxed linen cord; components are housed in metal bezels and glass cabochons.

## Technical Details
-   Plant-based scaffold from kapok seed fibers, needle-felted.
-   Surface treatment with plant-derived ingredients (e.g., sunflower lecithin, zein protein) to promote cell attachment.
-   Cells produce collagen that becomes vegetable-tanned leather.
-   Approximate inlay dimension: 10 mm × 50 mm.","## One-Sentence Summary

A line of heirloom jewelry uses real leather that is cultivated in bioreactors from a one-time, harmless skin-cell sample taken from a living, sanctuary-grazing cow, aiming to offer animal-friendly leather adornments.

## Problem
The creators frame conventional leather as dependent on animal harm and present a gap for ethically sourced, real leather that preserves the material's qualities without sacrificing animal welfare. They position the project as evidence that leather can be made while the donor animal continues to live and be cared for at a sanctuary.

## Solution / Product Overview
The project offers jewelry featuring inlays of cultivated leather grown from the donor cow's skin cells on a plant-based scaffold. The leather is produced in bioreactors and then vegetable-tanned, allowing the creators to present finished wearable pieces while asserting that no additional animal harvesting is required. A proposed plan is to offer a limited series where backers can select which specific sanctuary-grazing cow (from a small, named group) their leather cells originated from, accompanied by a brief profile of that animal. For this limited series, a proposed plan includes providing backers with a digital 'birth certificate' for their specific piece, including the donor cow's name, the date its cells were isolated, and a QR code linking to a short video or photo of that animal at the sanctuary.

## Key Features & Capabilities
-   Real leather cultivated from living-animal skin cells grown on a plant-derived scaffold.
-   Inlays set within metal bezels and protected under a glass dome cabochon.
-   Options to choose hypoallergenic stainless steel or sterling silver for certain pieces.
-   Offered in multiple size, color, and material combinations.
-   Packaged in eco-friendly boxes cushioned with plant seed fiber used in the cultivation process.
-   A proposed limited series would allow backers to select the specific named donor cow and receive a profile of that animal.
-   A proposed plan for the limited series includes a digital 'birth certificate' with the cow's name, cell isolation date, and a QR code linking to sanctuary media.
-   A proposed plan to conduct and share the results of a standard durability test (like a rub test) on the cultivated leather inlay to address potential backer concerns about longevity.

## Target Users & Use Cases
The campaign speaks to people seeking animal-friendly, sustainable jewelry and those interested in owning a first-of-its-kind heirloom piece made from cultivated leather grown from a specific donor animal's cells.

## Development Status
The team shows finished jewelry inlays and describes past milestones: cells were isolated harmlessly in 2023, prototypes include a pendant and a card holder made in early 2025, and the leather is grown with patent-pending plant-based scaffolding. They state there are no outside approvals required and that the technology and cell lines are owned by the creators.

## Roadmap & Delivery Plan
Planned actions include pilot testing to tune color and texture, inspecting scaffold density before use, preparing different concentrations of plant-based tanning ingredients, and securing jewelry settings after style counts are finalized at the end of the campaign. A proposed plan includes testing the cultivated leather inlays using a standard durability test (like a rub test) and sharing the results with backers. Production scaling will be addressed by adjusting modular cultivated-leather bioreactor technology and resources. If the limited donor-selection series is offered, plans would include finalizing the list of named donor animals, preparing their brief profiles, and creating the digital 'birth certificates' with QR codes linking to sanctuary media.

## Why Crowdfunding / Use of Funds
Funds support bringing the cultivated-leather jewelry to backers: producing inlays, performing pilot tests for consistency, and procuring jewelry settings and sustainable packaging to deliver finished pieces.

## Risks & Challenges
Stated risks include: loss of cryopreserved cells (mitigated by storage at multiple facilities); variability in final color and surface texture from vegetable tanning and scaffold differences (addressed through pilot testing and scaffold inspection); potential supply-chain changes requiring alternate jewelry settings of equal or better quality; and possible extended delivery times for later backers if demand is high.

## Team & Partnerships
The effort is led by a founder with long-term tissue-engineering experience and cellular-agriculture leadership since 2018, who worked with a sanctuary and veterinary professionals to isolate the donor cells.

## What's Included
Jewelry pieces with cultivated-leather inlays (e.g., a rectangular inlay approximately 10 mm × 50 mm) and, for some items, a waxed linen cord; components are housed in metal bezels and glass cabochons.

## Technical Details
-   Plant-based scaffold from kapok seed fibers, needle-felted.
-   Surface treatment with plant-derived ingredients (e.g., sunflower lecithin, zein protein) to promote cell attachment.
-   Cells produce collagen that becomes vegetable-tanned leather.
-   Approximate inlay dimension: 10 mm × 50 mm."
"local","3","L3.2","specialized_rewrite","L2.5","","True","model_audit","[]","True","accepted","[]","All statements about existing real-world evidence or status are supported by the authorized source material. The candidate's additions (the proposed time-lapse video) are explicitly framed as proposed plans ('A proposed plan to create and share...', 'A proposed plan includes creating and sharing...') and are therefore permissible new ideas under the standard. No unsupported claims of existing traction, accomplishments, or status were introduced.","## One-Sentence Summary

A line of heirloom jewelry uses real leather that is cultivated in bioreactors from a one-time, harmless skin-cell sample taken from a living, sanctuary-grazing cow, aiming to offer animal-friendly leather adornments.

## Problem
The creators frame conventional leather as dependent on animal harm and present a gap for ethically sourced, real leather that preserves the material's qualities without sacrificing animal welfare. They position the project as evidence that leather can be made while the donor animal continues to live and be cared for at a sanctuary.

## Solution / Product Overview
The project offers jewelry featuring inlays of cultivated leather grown from the donor cow's skin cells on a plant-based scaffold. The leather is produced in bioreactors and then vegetable-tanned, allowing the creators to present finished wearable pieces while asserting that no additional animal harvesting is required. A proposed plan is to offer a limited series where backers can select which specific sanctuary-grazing cow (from a small, named group) their leather cells originated from, accompanied by a brief profile of that animal.

## Key Features & Capabilities
-   Real leather cultivated from living-animal skin cells grown on a plant-derived scaffold.
-   Inlays set within metal bezels and protected under a glass dome cabochon.
-   Options to choose hypoallergenic stainless steel or sterling silver for certain pieces.
-   Offered in multiple size, color, and material combinations.
-   Packaged in eco-friendly boxes cushioned with plant seed fiber used in the cultivation process.
-   A proposed limited series would allow backers to select the specific named donor cow and receive a profile of that animal.
-   A proposed plan to conduct and share the results of a standard durability test (like a rub test) on the cultivated leather inlay to address potential backer concerns about longevity.
-   A proposed plan to create and share a simple, time-lapse video showing the key cultivation steps (e.g., cells on scaffold, post-tanning) in a lab setting to visually demonstrate the process without revealing proprietary details.

## Target Users & Use Cases
The campaign speaks to people seeking animal-friendly, sustainable jewelry and those interested in owning a first-of-its-kind heirloom piece made from cultivated leather grown from a specific donor animal's cells.

## Development Status
The team shows finished jewelry inlays and describes past milestones: cells were isolated harmlessly in 2023, prototypes include a pendant and a card holder made in early 2025, and the leather is grown with patent-pending plant-based scaffolding. They state there are no outside approvals required and that the technology and cell lines are owned by the creators.

## Roadmap & Delivery Plan
Planned actions include pilot testing to tune color and texture, inspecting scaffold density before use, preparing different concentrations of plant-based tanning ingredients, and securing jewelry settings after style counts are finalized at the end of the campaign. A proposed plan includes testing the cultivated leather inlays using a standard durability test (like a rub test) and sharing the results with backers. A proposed plan includes creating and sharing a time-lapse video of key cultivation steps. Production scaling will be addressed by adjusting modular cultivated-leather bioreactor technology and resources. If the limited donor-selection series is offered, plans would include finalizing the list of named donor animals and preparing their brief profiles.

## Why Crowdfunding / Use of Funds
Funds support bringing the cultivated-leather jewelry to backers: producing inlays, performing pilot tests for consistency, and procuring jewelry settings and sustainable packaging to deliver finished pieces.

## Risks & Challenges
Stated risks include: loss of cryopreserved cells (mitigated by storage at multiple facilities); variability in final color and surface texture from vegetable tanning and scaffold differences (addressed through pilot testing and scaffold inspection); potential supply-chain changes requiring alternate jewelry settings of equal or better quality; and possible extended delivery times for later backers if demand is high.

## Team & Partnerships
The effort is led by a founder with long-term tissue-engineering experience and cellular-agriculture leadership since 2018, who worked with a sanctuary and veterinary professionals to isolate the donor cells.

## What's Included
Jewelry pieces with cultivated-leather inlays (e.g., a rectangular inlay approximately 10 mm × 50 mm) and, for some items, a waxed linen cord; components are housed in metal bezels and glass cabochons.

## Technical Details
-   Plant-based scaffold from kapok seed fibers, needle-felted.
-   Surface treatment with plant-derived ingredients (e.g., sunflower lecithin, zein protein) to promote cell attachment.
-   Cells produce collagen that becomes vegetable-tanned leather.
-   Approximate inlay dimension: 10 mm × 50 mm.","## One-Sentence Summary

A line of heirloom jewelry uses real leather that is cultivated in bioreactors from a one-time, harmless skin-cell sample taken from a living, sanctuary-grazing cow, aiming to offer animal-friendly leather adornments.

## Problem
The creators frame conventional leather as dependent on animal harm and present a gap for ethically sourced, real leather that preserves the material's qualities without sacrificing animal welfare. They position the project as evidence that leather can be made while the donor animal continues to live and be cared for at a sanctuary.

## Solution / Product Overview
The project offers jewelry featuring inlays of cultivated leather grown from the donor cow's skin cells on a plant-based scaffold. The leather is produced in bioreactors and then vegetable-tanned, allowing the creators to present finished wearable pieces while asserting that no additional animal harvesting is required. A proposed plan is to offer a limited series where backers can select which specific sanctuary-grazing cow (from a small, named group) their leather cells originated from, accompanied by a brief profile of that animal.

## Key Features & Capabilities
-   Real leather cultivated from living-animal skin cells grown on a plant-derived scaffold.
-   Inlays set within metal bezels and protected under a glass dome cabochon.
-   Options to choose hypoallergenic stainless steel or sterling silver for certain pieces.
-   Offered in multiple size, color, and material combinations.
-   Packaged in eco-friendly boxes cushioned with plant seed fiber used in the cultivation process.
-   A proposed limited series would allow backers to select the specific named donor cow and receive a profile of that animal.
-   A proposed plan to conduct and share the results of a standard durability test (like a rub test) on the cultivated leather inlay to address potential backer concerns about longevity.
-   A proposed plan to create and share a simple, time-lapse video showing the key cultivation steps (e.g., cells on scaffold, post-tanning) in a lab setting to visually demonstrate the process without revealing proprietary details.

## Target Users & Use Cases
The campaign speaks to people seeking animal-friendly, sustainable jewelry and those interested in owning a first-of-its-kind heirloom piece made from cultivated leather grown from a specific donor animal's cells.

## Development Status
The team shows finished jewelry inlays and describes past milestones: cells were isolated harmlessly in 2023, prototypes include a pendant and a card holder made in early 2025, and the leather is grown with patent-pending plant-based scaffolding. They state there are no outside approvals required and that the technology and cell lines are owned by the creators.

## Roadmap & Delivery Plan
Planned actions include pilot testing to tune color and texture, inspecting scaffold density before use, preparing different concentrations of plant-based tanning ingredients, and securing jewelry settings after style counts are finalized at the end of the campaign. A proposed plan includes testing the cultivated leather inlays using a standard durability test (like a rub test) and sharing the results with backers. A proposed plan includes creating and sharing a time-lapse video of key cultivation steps. Production scaling will be addressed by adjusting modular cultivated-leather bioreactor technology and resources. If the limited donor-selection series is offered, plans would include finalizing the list of named donor animals and preparing their brief profiles.

## Why Crowdfunding / Use of Funds
Funds support bringing the cultivated-leather jewelry to backers: producing inlays, performing pilot tests for consistency, and procuring jewelry settings and sustainable packaging to deliver finished pieces.

## Risks & Challenges
Stated risks include: loss of cryopreserved cells (mitigated by storage at multiple facilities); variability in final color and surface texture from vegetable tanning and scaffold differences (addressed through pilot testing and scaffold inspection); potential supply-chain changes requiring alternate jewelry settings of equal or better quality; and possible extended delivery times for later backers if demand is high.

## Team & Partnerships
The effort is led by a founder with long-term tissue-engineering experience and cellular-agriculture leadership since 2018, who worked with a sanctuary and veterinary professionals to isolate the donor cells.

## What's Included
Jewelry pieces with cultivated-leather inlays (e.g., a rectangular inlay approximately 10 mm × 50 mm) and, for some items, a waxed linen cord; components are housed in metal bezels and glass cabochons.

## Technical Details
-   Plant-based scaffold from kapok seed fibers, needle-felted.
-   Surface treatment with plant-derived ingredients (e.g., sunflower lecithin, zein protein) to promote cell attachment.
-   Cells produce collagen that becomes vegetable-tanned leather.
-   Approximate inlay dimension: 10 mm × 50 mm."
"local","3","L3.3","specialized_rewrite","L2.5","","True","model_audit","[]","True","accepted","[]","All statements about existing real-world evidence or status are supported by the authorized source material. The candidate introduces new elements (sample swatch reward tier) but consistently frames them as 'proposed plan,' 'proposed,' 'intended,' 'if offered,' or 'would include' - making them clearly prospective additions rather than claims of existing accomplishments. No unsupported claims about traction, customers, sales, partnerships, or development status were introduced. The candidate preserves all factual claims from the source material without strengthening them.","## One-Sentence Summary

A line of heirloom jewelry uses real leather that is cultivated in bioreactors from a one-time, harmless skin-cell sample taken from a living, sanctuary-grazing cow, aiming to offer animal-friendly leather adornments.

## Problem
The creators frame conventional leather as dependent on animal harm and present a gap for ethically sourced, real leather that preserves the material's qualities without sacrificing animal welfare. They position the project as evidence that leather can be made while the donor animal continues to live and be cared for at a sanctuary.

## Solution / Product Overview
The project offers jewelry featuring inlays of cultivated leather grown from the donor cow's skin cells on a plant-based scaffold. The leather is produced in bioreactors and then vegetable-tanned, allowing the creators to present finished wearable pieces while asserting that no additional animal harvesting is required. A proposed plan is to offer a limited series where backers can select which specific sanctuary-grazing cow (from a small, named group) their leather cells originated from, accompanied by a brief profile of that animal. A proposed plan also includes offering a simple, low-cost reward tier for a cultivated leather sample swatch (e.g., 20mm x 20mm) mounted on a display card, allowing backers to physically inspect the material before committing to a full jewelry piece.

## Key Features & Capabilities
-   Real leather cultivated from living-animal skin cells grown on a plant-derived scaffold.
-   Inlays set within metal bezels and protected under a glass dome cabochon.
-   Options to choose hypoallergenic stainless steel or sterling silver for certain pieces.
-   Offered in multiple size, color, and material combinations.
-   Packaged in eco-friendly boxes cushioned with plant seed fiber used in the cultivation process.
-   A proposed limited series would allow backers to select the specific named donor cow and receive a profile of that animal.
-   A proposed plan to conduct and share the results of a standard durability test (like a rub test) on the cultivated leather inlay to address potential backer concerns about longevity.
-   A proposed plan to offer a low-cost reward tier providing a sample swatch of the cultivated leather on a display card.

## Target Users & Use Cases
The campaign speaks to people seeking animal-friendly, sustainable jewelry and those interested in owning a first-of-its-kind heirloom piece made from cultivated leather grown from a specific donor animal's cells. The proposed sample swatch tier is intended for backers who wish to verify the material's look and feel firsthand.

## Development Status
The team shows finished jewelry inlays and describes past milestones: cells were isolated harmlessly in 2023, prototypes include a pendant and a card holder made in early 2025, and the leather is grown with patent-pending plant-based scaffolding. They state there are no outside approvals required and that the technology and cell lines are owned by the creators.

## Roadmap & Delivery Plan
Planned actions include pilot testing to tune color and texture, inspecting scaffold density before use, preparing different concentrations of plant-based tanning ingredients, and securing jewelry settings after style counts are finalized at the end of the campaign. A proposed plan includes testing the cultivated leather inlays using a standard durability test (like a rub test) and sharing the results with backers. Production scaling will be addressed by adjusting modular cultivated-leather bioreactor technology and resources. If the limited donor-selection series is offered, plans would include finalizing the list of named donor animals and preparing their brief profiles. If the sample swatch tier is offered, plans would include preparing the swatches and display cards.

## Why Crowdfunding / Use of Funds
Funds support bringing the cultivated-leather jewelry to backers: producing inlays, performing pilot tests for consistency, and procuring jewelry settings and sustainable packaging to deliver finished pieces. If offered, funds would also support producing sample swatches and display cards.

## Risks & Challenges
Stated risks include: loss of cryopreserved cells (mitigated by storage at multiple facilities); variability in final color and surface texture from vegetable tanning and scaffold differences (addressed through pilot testing and scaffold inspection); potential supply-chain changes requiring alternate jewelry settings of equal or better quality; and possible extended delivery times for later backers if demand is high.

## Team & Partnerships
The effort is led by a founder with long-term tissue-engineering experience and cellular-agriculture leadership since 2018, who worked with a sanctuary and veterinary professionals to isolate the donor cells.

## What's Included
Jewelry pieces with cultivated-leather inlays (e.g., a rectangular inlay approximately 10 mm × 50 mm) and, for some items, a waxed linen cord; components are housed in metal bezels and glass cabochons. A proposed reward tier would include a cultivated leather sample swatch on a display card.

## Technical Details
-   Plant-based scaffold from kapok seed fibers, needle-felted.
-   Surface treatment with plant-derived ingredients (e.g., sunflower lecithin, zein protein) to promote cell attachment.
-   Cells produce collagen that becomes vegetable-tanned leather.
-   Approximate inlay dimension: 10 mm × 50 mm.","## One-Sentence Summary

A line of heirloom jewelry uses real leather that is cultivated in bioreactors from a one-time, harmless skin-cell sample taken from a living, sanctuary-grazing cow, aiming to offer animal-friendly leather adornments.

## Problem
The creators frame conventional leather as dependent on animal harm and present a gap for ethically sourced, real leather that preserves the material's qualities without sacrificing animal welfare. They position the project as evidence that leather can be made while the donor animal continues to live and be cared for at a sanctuary.

## Solution / Product Overview
The project offers jewelry featuring inlays of cultivated leather grown from the donor cow's skin cells on a plant-based scaffold. The leather is produced in bioreactors and then vegetable-tanned, allowing the creators to present finished wearable pieces while asserting that no additional animal harvesting is required. A proposed plan is to offer a limited series where backers can select which specific sanctuary-grazing cow (from a small, named group) their leather cells originated from, accompanied by a brief profile of that animal. A proposed plan also includes offering a simple, low-cost reward tier for a cultivated leather sample swatch (e.g., 20mm x 20mm) mounted on a display card, allowing backers to physically inspect the material before committing to a full jewelry piece.

## Key Features & Capabilities
-   Real leather cultivated from living-animal skin cells grown on a plant-derived scaffold.
-   Inlays set within metal bezels and protected under a glass dome cabochon.
-   Options to choose hypoallergenic stainless steel or sterling silver for certain pieces.
-   Offered in multiple size, color, and material combinations.
-   Packaged in eco-friendly boxes cushioned with plant seed fiber used in the cultivation process.
-   A proposed limited series would allow backers to select the specific named donor cow and receive a profile of that animal.
-   A proposed plan to conduct and share the results of a standard durability test (like a rub test) on the cultivated leather inlay to address potential backer concerns about longevity.
-   A proposed plan to offer a low-cost reward tier providing a sample swatch of the cultivated leather on a display card.

## Target Users & Use Cases
The campaign speaks to people seeking animal-friendly, sustainable jewelry and those interested in owning a first-of-its-kind heirloom piece made from cultivated leather grown from a specific donor animal's cells. The proposed sample swatch tier is intended for backers who wish to verify the material's look and feel firsthand.

## Development Status
The team shows finished jewelry inlays and describes past milestones: cells were isolated harmlessly in 2023, prototypes include a pendant and a card holder made in early 2025, and the leather is grown with patent-pending plant-based scaffolding. They state there are no outside approvals required and that the technology and cell lines are owned by the creators.

## Roadmap & Delivery Plan
Planned actions include pilot testing to tune color and texture, inspecting scaffold density before use, preparing different concentrations of plant-based tanning ingredients, and securing jewelry settings after style counts are finalized at the end of the campaign. A proposed plan includes testing the cultivated leather inlays using a standard durability test (like a rub test) and sharing the results with backers. Production scaling will be addressed by adjusting modular cultivated-leather bioreactor technology and resources. If the limited donor-selection series is offered, plans would include finalizing the list of named donor animals and preparing their brief profiles. If the sample swatch tier is offered, plans would include preparing the swatches and display cards.

## Why Crowdfunding / Use of Funds
Funds support bringing the cultivated-leather jewelry to backers: producing inlays, performing pilot tests for consistency, and procuring jewelry settings and sustainable packaging to deliver finished pieces. If offered, funds would also support producing sample swatches and display cards.

## Risks & Challenges
Stated risks include: loss of cryopreserved cells (mitigated by storage at multiple facilities); variability in final color and surface texture from vegetable tanning and scaffold differences (addressed through pilot testing and scaffold inspection); potential supply-chain changes requiring alternate jewelry settings of equal or better quality; and possible extended delivery times for later backers if demand is high.

## Team & Partnerships
The effort is led by a founder with long-term tissue-engineering experience and cellular-agriculture leadership since 2018, who worked with a sanctuary and veterinary professionals to isolate the donor cells.

## What's Included
Jewelry pieces with cultivated-leather inlays (e.g., a rectangular inlay approximately 10 mm × 50 mm) and, for some items, a waxed linen cord; components are housed in metal bezels and glass cabochons. A proposed reward tier would include a cultivated leather sample swatch on a display card.

## Technical Details
-   Plant-based scaffold from kapok seed fibers, needle-felted.
-   Surface treatment with plant-derived ingredients (e.g., sunflower lecithin, zein protein) to promote cell attachment.
-   Cells produce collagen that becomes vegetable-tanned leather.
-   Approximate inlay dimension: 10 mm × 50 mm."
"local","3","L3.4","specialized_rewrite","L2.5","","False","prospective_framing_safeguard","[""A proposed transparency initiative to conduct and publish the results of a standard rub test (e.g., Martindale) on a sample of the cultivated leather alongside a comparable sample of conventional vegetable-tanned leather."", ""A proposed transparency initiative would involve conducting a standard rub test (e.g., Martindale) on the cultivated leather alongside conventional vegetable-tanned leather and publishing the comparative results.""]","True","accepted","[]","Prospective-framing safeguard overrode the model's rejection because every flagged claim is explicitly hypothetical, proposed, planned, or future-tense and none asserts an existing accomplishment. Initial model analysis: The candidate introduces a new, specific 'transparency initiative' involving a comparative rub test (e.g., Martindale) against conventional leather. While the source material mentions a proposed plan to conduct and share results of a standard durability test (like a rub test) on the cultivated leather inlay, it does not mention any initiative to test it *alongside* conventional leather or to publish comparative results. This addition frames a new, specific comparative testing program as part of the venture's proposed plans, which is not supported by the source material's description of proposed activities. The candidate thus contains unsupported claims about the venture's proposed plans.","## One-Sentence Summary

A line of heirloom jewelry uses real leather that is cultivated in bioreactors from a one-time, harmless skin-cell sample taken from a living, sanctuary-grazing cow, aiming to offer animal-friendly leather adornments.

## Problem
The creators frame conventional leather as dependent on animal harm and present a gap for ethically sourced, real leather that preserves the material's qualities without sacrificing animal welfare. They position the project as evidence that leather can be made while the donor animal continues to live and be cared for at a sanctuary.

## Solution / Product Overview
The project offers jewelry featuring inlays of cultivated leather grown from the donor cow's skin cells on a plant-based scaffold. The leather is produced in bioreactors and then vegetable-tanned, allowing the creators to present finished wearable pieces while asserting that no additional animal harvesting is required. A proposed plan is to offer a limited series where backers can select which specific sanctuary-grazing cow (from a small, named group) their leather cells originated from, accompanied by a brief profile of that animal.

## Key Features & Capabilities
-   Real leather cultivated from living-animal skin cells grown on a plant-derived scaffold.
-   Inlays set within metal bezels and protected under a glass dome cabochon.
-   Options to choose hypoallergenic stainless steel or sterling silver for certain pieces.
-   Offered in multiple size, color, and material combinations.
-   Packaged in eco-friendly boxes cushioned with plant seed fiber used in the cultivation process.
-   A proposed limited series would allow backers to select the specific named donor cow and receive a profile of that animal.
-   A proposed plan to conduct and share the results of a standard durability test (like a rub test) on the cultivated leather inlay to address potential backer concerns about longevity.
-   A proposed transparency initiative to conduct and publish the results of a standard rub test (e.g., Martindale) on a sample of the cultivated leather alongside a comparable sample of conventional vegetable-tanned leather.

## Target Users & Use Cases
The campaign speaks to people seeking animal-friendly, sustainable jewelry and those interested in owning a first-of-its-kind heirloom piece made from cultivated leather grown from a specific donor animal's cells.

## Development Status
The team shows finished jewelry inlays and describes past milestones: cells were isolated harmlessly in 2023, prototypes include a pendant and a card holder made in early 2025, and the leather is grown with patent-pending plant-based scaffolding. They state there are no outside approvals required and that the technology and cell lines are owned by the creators.

## Roadmap & Delivery Plan
Planned actions include pilot testing to tune color and texture, inspecting scaffold density before use, preparing different concentrations of plant-based tanning ingredients, and securing jewelry settings after style counts are finalized at the end of the campaign. A proposed plan includes testing the cultivated leather inlays using a standard durability test (like a rub test) and sharing the results with backers. A proposed transparency initiative would involve conducting a standard rub test (e.g., Martindale) on the cultivated leather alongside conventional vegetable-tanned leather and publishing the comparative results. Production scaling will be addressed by adjusting modular cultivated-leather bioreactor technology and resources. If the limited donor-selection series is offered, plans would include finalizing the list of named donor animals and preparing their brief profiles.

## Why Crowdfunding / Use of Funds
Funds support bringing the cultivated-leather jewelry to backers: producing inlays, performing pilot tests for consistency, and procuring jewelry settings and sustainable packaging to deliver finished pieces.

## Risks & Challenges
Stated risks include: loss of cryopreserved cells (mitigated by storage at multiple facilities); variability in final color and surface texture from vegetable tanning and scaffold differences (addressed through pilot testing and scaffold inspection); potential supply-chain changes requiring alternate jewelry settings of equal or better quality; and possible extended delivery times for later backers if demand is high.

## Team & Partnerships
The effort is led by a founder with long-term tissue-engineering experience and cellular-agriculture leadership since 2018, who worked with a sanctuary and veterinary professionals to isolate the donor cells.

## What's Included
Jewelry pieces with cultivated-leather inlays (e.g., a rectangular inlay approximately 10 mm × 50 mm) and, for some items, a waxed linen cord; components are housed in metal bezels and glass cabochons.

## Technical Details
-   Plant-based scaffold from kapok seed fibers, needle-felted.
-   Surface treatment with plant-derived ingredients (e.g., sunflower lecithin, zein protein) to promote cell attachment.
-   Cells produce collagen that becomes vegetable-tanned leather.
-   Approximate inlay dimension: 10 mm × 50 mm.","## One-Sentence Summary

A line of heirloom jewelry uses real leather that is cultivated in bioreactors from a one-time, harmless skin-cell sample taken from a living, sanctuary-grazing cow, aiming to offer animal-friendly leather adornments.

## Problem
The creators frame conventional leather as dependent on animal harm and present a gap for ethically sourced, real leather that preserves the material's qualities without sacrificing animal welfare. They position the project as evidence that leather can be made while the donor animal continues to live and be cared for at a sanctuary.

## Solution / Product Overview
The project offers jewelry featuring inlays of cultivated leather grown from the donor cow's skin cells on a plant-based scaffold. The leather is produced in bioreactors and then vegetable-tanned, allowing the creators to present finished wearable pieces while asserting that no additional animal harvesting is required. A proposed plan is to offer a limited series where backers can select which specific sanctuary-grazing cow (from a small, named group) their leather cells originated from, accompanied by a brief profile of that animal.

## Key Features & Capabilities
-   Real leather cultivated from living-animal skin cells grown on a plant-derived scaffold.
-   Inlays set within metal bezels and protected under a glass dome cabochon.
-   Options to choose hypoallergenic stainless steel or sterling silver for certain pieces.
-   Offered in multiple size, color, and material combinations.
-   Packaged in eco-friendly boxes cushioned with plant seed fiber used in the cultivation process.
-   A proposed limited series would allow backers to select the specific named donor cow and receive a profile of that animal.
-   A proposed plan to conduct and share the results of a standard durability test (like a rub test) on the cultivated leather inlay to address potential backer concerns about longevity.
-   A proposed transparency initiative to conduct and publish the results of a standard rub test (e.g., Martindale) on a sample of the cultivated leather alongside a comparable sample of conventional vegetable-tanned leather.

## Target Users & Use Cases
The campaign speaks to people seeking animal-friendly, sustainable jewelry and those interested in owning a first-of-its-kind heirloom piece made from cultivated leather grown from a specific donor animal's cells.

## Development Status
The team shows finished jewelry inlays and describes past milestones: cells were isolated harmlessly in 2023, prototypes include a pendant and a card holder made in early 2025, and the leather is grown with patent-pending plant-based scaffolding. They state there are no outside approvals required and that the technology and cell lines are owned by the creators.

## Roadmap & Delivery Plan
Planned actions include pilot testing to tune color and texture, inspecting scaffold density before use, preparing different concentrations of plant-based tanning ingredients, and securing jewelry settings after style counts are finalized at the end of the campaign. A proposed plan includes testing the cultivated leather inlays using a standard durability test (like a rub test) and sharing the results with backers. A proposed transparency initiative would involve conducting a standard rub test (e.g., Martindale) on the cultivated leather alongside conventional vegetable-tanned leather and publishing the comparative results. Production scaling will be addressed by adjusting modular cultivated-leather bioreactor technology and resources. If the limited donor-selection series is offered, plans would include finalizing the list of named donor animals and preparing their brief profiles.

## Why Crowdfunding / Use of Funds
Funds support bringing the cultivated-leather jewelry to backers: producing inlays, performing pilot tests for consistency, and procuring jewelry settings and sustainable packaging to deliver finished pieces.

## Risks & Challenges
Stated risks include: loss of cryopreserved cells (mitigated by storage at multiple facilities); variability in final color and surface texture from vegetable tanning and scaffold differences (addressed through pilot testing and scaffold inspection); potential supply-chain changes requiring alternate jewelry settings of equal or better quality; and possible extended delivery times for later backers if demand is high.

## Team & Partnerships
The effort is led by a founder with long-term tissue-engineering experience and cellular-agriculture leadership since 2018, who worked with a sanctuary and veterinary professionals to isolate the donor cells.

## What's Included
Jewelry pieces with cultivated-leather inlays (e.g., a rectangular inlay approximately 10 mm × 50 mm) and, for some items, a waxed linen cord; components are housed in metal bezels and glass cabochons.

## Technical Details
-   Plant-based scaffold from kapok seed fibers, needle-felted.
-   Surface treatment with plant-derived ingredients (e.g., sunflower lecithin, zein protein) to promote cell attachment.
-   Cells produce collagen that becomes vegetable-tanned leather.
-   Approximate inlay dimension: 10 mm × 50 mm."
"local","3","L3.5","specialized_rewrite","L2.5","","True","model_audit","[]","True","accepted","[]","All statements about existing real-world evidence or status are supported by the authorized source material. The candidate's additions regarding a 'Cultivation Club' membership are explicitly framed as a 'proposed future, hypothetical' concept and a 'proposed future consideration,' which are permissible as prospective plans under the given standard. No unsupported claims of existing traction, accomplishments, or status were introduced.","## One-Sentence Summary
A line of heirloom jewelry uses real leather that is cultivated in bioreactors from a one-time, harmless skin-cell sample taken from a living, sanctuary-grazing cow, aiming to offer animal-friendly leather adornments.

## Problem
The creators frame conventional leather as dependent on animal harm and present a gap for ethically sourced, real leather that preserves the material's qualities without sacrificing animal welfare. They position the project as evidence that leather can be made while the donor animal continues to live and be cared for at a sanctuary.

## Solution / Product Overview
The project offers jewelry featuring inlays of cultivated leather grown from the donor cow's skin cells on a plant-based scaffold. The leather is produced in bioreactors and then vegetable-tanned, allowing the creators to present finished wearable pieces while asserting that no additional animal harvesting is required. A proposed plan is to offer a limited series where backers can select which specific sanctuary-grazing cow (from a small, named group) their leather cells originated from, accompanied by a brief profile of that animal.

## Key Features & Capabilities
- Real leather cultivated from living-animal skin cells grown on a plant-derived scaffold.
- Inlays set within metal bezels and protected under a glass dome cabochon.
- Options to choose hypoallergenic stainless steel or sterling silver for certain pieces.
- Offered in multiple size, color, and material combinations.
- Packaged in eco-friendly boxes cushioned with plant seed fiber used in the cultivation process.
- A proposed limited series would allow backers to select the specific named donor cow and receive a profile of that animal.
- A proposed plan to conduct and share the results of a standard durability test (like a rub test) on the cultivated leather inlay to address potential backer concerns about longevity.
- A proposed future, hypothetical 'Cultivation Club' membership could offer backers of this campaign early access to select future products (e.g., different jewelry styles or small leather goods) made from the same donor cell line.

## Target Users & Use Cases
The campaign speaks to people seeking animal-friendly, sustainable jewelry and those interested in owning a first-of-its-kind heirloom piece made from cultivated leather grown from a specific donor animal's cells.

## Development Status
The team shows finished jewelry inlays and describes past milestones: cells were isolated harmlessly in 2023, prototypes include a pendant and a card holder made in early 2025, and the leather is grown with patent-pending plant-based scaffolding. They state there are no outside approvals required and that the technology and cell lines are owned by the creators.

## Roadmap & Delivery Plan
Planned actions include pilot testing to tune color and texture, inspecting scaffold density before use, preparing different concentrations of plant-based tanning ingredients, and securing jewelry settings after style counts are finalized at the end of the campaign. A proposed plan includes testing the cultivated leather inlays using a standard durability test (like a rub test) and sharing the results with backers. Production scaling will be addressed by adjusting modular cultivated-leather bioreactor technology and resources. If the limited donor-selection series is offered, plans would include finalizing the list of named donor animals and preparing their brief profiles. A proposed future consideration is the potential development of a 'Cultivation Club' membership program.

## Why Crowdfunding / Use of Funds
Funds support bringing the cultivated-leather jewelry to backers: producing inlays, performing pilot tests for consistency, and procuring jewelry settings and sustainable packaging to deliver finished pieces.

## Risks & Challenges
Stated risks include: loss of cryopreserved cells (mitigated by storage at multiple facilities); variability in final color and surface texture from vegetable tanning and scaffold differences (addressed through pilot testing and scaffold inspection); potential supply-chain changes requiring alternate jewelry settings of equal or better quality; and possible extended delivery times for later backers if demand is high.

## Team & Partnerships
The effort is led by a founder with long-term tissue-engineering experience and cellular-agriculture leadership since 2018, who worked with a sanctuary and veterinary professionals to isolate the donor cells.

## What's Included
Jewelry pieces with cultivated-leather inlays (e.g., a rectangular inlay approximately 10 mm × 50 mm) and, for some items, a waxed linen cord; components are housed in metal bezels and glass cabochons.

## Technical Details
- Plant-based scaffold from kapok seed fibers, needle-felted.
- Surface treatment with plant-derived ingredients (e.g., sunflower lecithin, zein protein) to promote cell attachment.
- Cells produce collagen that becomes vegetable-tanned leather.
- Approximate inlay dimension: 10 mm × 50 mm.","## One-Sentence Summary
A line of heirloom jewelry uses real leather that is cultivated in bioreactors from a one-time, harmless skin-cell sample taken from a living, sanctuary-grazing cow, aiming to offer animal-friendly leather adornments.

## Problem
The creators frame conventional leather as dependent on animal harm and present a gap for ethically sourced, real leather that preserves the material's qualities without sacrificing animal welfare. They position the project as evidence that leather can be made while the donor animal continues to live and be cared for at a sanctuary.

## Solution / Product Overview
The project offers jewelry featuring inlays of cultivated leather grown from the donor cow's skin cells on a plant-based scaffold. The leather is produced in bioreactors and then vegetable-tanned, allowing the creators to present finished wearable pieces while asserting that no additional animal harvesting is required. A proposed plan is to offer a limited series where backers can select which specific sanctuary-grazing cow (from a small, named group) their leather cells originated from, accompanied by a brief profile of that animal.

## Key Features & Capabilities
- Real leather cultivated from living-animal skin cells grown on a plant-derived scaffold.
- Inlays set within metal bezels and protected under a glass dome cabochon.
- Options to choose hypoallergenic stainless steel or sterling silver for certain pieces.
- Offered in multiple size, color, and material combinations.
- Packaged in eco-friendly boxes cushioned with plant seed fiber used in the cultivation process.
- A proposed limited series would allow backers to select the specific named donor cow and receive a profile of that animal.
- A proposed plan to conduct and share the results of a standard durability test (like a rub test) on the cultivated leather inlay to address potential backer concerns about longevity.
- A proposed future, hypothetical 'Cultivation Club' membership could offer backers of this campaign early access to select future products (e.g., different jewelry styles or small leather goods) made from the same donor cell line.

## Target Users & Use Cases
The campaign speaks to people seeking animal-friendly, sustainable jewelry and those interested in owning a first-of-its-kind heirloom piece made from cultivated leather grown from a specific donor animal's cells.

## Development Status
The team shows finished jewelry inlays and describes past milestones: cells were isolated harmlessly in 2023, prototypes include a pendant and a card holder made in early 2025, and the leather is grown with patent-pending plant-based scaffolding. They state there are no outside approvals required and that the technology and cell lines are owned by the creators.

## Roadmap & Delivery Plan
Planned actions include pilot testing to tune color and texture, inspecting scaffold density before use, preparing different concentrations of plant-based tanning ingredients, and securing jewelry settings after style counts are finalized at the end of the campaign. A proposed plan includes testing the cultivated leather inlays using a standard durability test (like a rub test) and sharing the results with backers. Production scaling will be addressed by adjusting modular cultivated-leather bioreactor technology and resources. If the limited donor-selection series is offered, plans would include finalizing the list of named donor animals and preparing their brief profiles. A proposed future consideration is the potential development of a 'Cultivation Club' membership program.

## Why Crowdfunding / Use of Funds
Funds support bringing the cultivated-leather jewelry to backers: producing inlays, performing pilot tests for consistency, and procuring jewelry settings and sustainable packaging to deliver finished pieces.

## Risks & Challenges
Stated risks include: loss of cryopreserved cells (mitigated by storage at multiple facilities); variability in final color and surface texture from vegetable tanning and scaffold differences (addressed through pilot testing and scaffold inspection); potential supply-chain changes requiring alternate jewelry settings of equal or better quality; and possible extended delivery times for later backers if demand is high.

## Team & Partnerships
The effort is led by a founder with long-term tissue-engineering experience and cellular-agriculture leadership since 2018, who worked with a sanctuary and veterinary professionals to isolate the donor cells.

## What's Included
Jewelry pieces with cultivated-leather inlays (e.g., a rectangular inlay approximately 10 mm × 50 mm) and, for some items, a waxed linen cord; components are housed in metal bezels and glass cabochons.

## Technical Details
- Plant-based scaffold from kapok seed fibers, needle-felted.
- Surface treatment with plant-derived ingredients (e.g., sunflower lecithin, zein protein) to promote cell attachment.
- Cells produce collagen that becomes vegetable-tanned leather.
- Approximate inlay dimension: 10 mm × 50 mm."
"local","4","L4.1","specialized_rewrite","L3.3","","False","prospective_framing_safeguard","[""A proposed plan is to offer a 'pairing' reward tier that includes both a sample swatch and a small, finished jewelry item (e.g., a simple keychain) using leather from the same donor cow"", ""A proposed plan to offer a 'pairing' reward tier including a sample swatch and a small finished jewelry item (e.g., a keychain) from the same donor cow"", ""The proposed 'pairing' tier is intended for backers who want to both inspect the material and see it in a finished application"", ""If the 'pairing' tier is offered, plans would include producing the small finished jewelry items (e.g., keychains) and coordinating them with matching sample swatches"", ""If offered, funds would also support producing the small finished jewelry items and coordinating them with sample swatches for the 'pairing' tier"", ""A proposed 'pairing' reward tier would include both a sample swatch and a small finished jewelry item (e.g., a keychain) using leather from the same donor cow""]","True","accepted","[]","Prospective-framing safeguard overrode the model's rejection because every flagged claim is explicitly hypothetical, proposed, planned, or future-tense and none asserts an existing accomplishment. Initial model analysis: The candidate introduces a new 'pairing' reward tier concept that includes a small finished jewelry item (e.g., keychain) alongside the sample swatch. While the source material mentions offering sample swatches and finished jewelry pieces separately, it never proposes combining them into a single tier or mentions keychains as a product offering. This addition is presented as a 'proposed plan' but represents a substantive new product concept (keychain) and reward structure not found in the authorized source material, making it an unsupported claim about what the venture proposes to offer.","## One-Sentence Summary

A line of heirloom jewelry uses real leather that is cultivated in bioreactors from a one-time, harmless skin-cell sample taken from a living, sanctuary-grazing cow, aiming to offer animal-friendly leather adornments.

## Problem
The creators frame conventional leather as dependent on animal harm and present a gap for ethically sourced, real leather that preserves the material's qualities without sacrificing animal welfare. They position the project as evidence that leather can be made while the donor animal continues to live and be cared for at a sanctuary.

## Solution / Product Overview
The project offers jewelry featuring inlays of cultivated leather grown from the donor cow's skin cells on a plant-based scaffold. The leather is produced in bioreactors and then vegetable-tanned, allowing the creators to present finished wearable pieces while asserting that no additional animal harvesting is required. A proposed plan is to offer a limited series where backers can select which specific sanctuary-grazing cow (from a small, named group) their leather cells originated from, accompanied by a brief profile of that animal. A proposed plan also includes offering a simple, low-cost reward tier for a cultivated leather sample swatch (e.g., 20mm x 20mm) mounted on a display card, allowing backers to physically inspect the material before committing to a full jewelry piece. A proposed plan is to offer a 'pairing' reward tier that includes both a sample swatch and a small, finished jewelry item (e.g., a simple keychain) using leather from the same donor cow, allowing backers to compare the material sample to a final product.

## Key Features & Capabilities
-   Real leather cultivated from living-animal skin cells grown on a plant-derived scaffold.
-   Inlays set within metal bezels and protected under a glass dome cabochon.
-   Options to choose hypoallergenic stainless steel or sterling silver for certain pieces.
-   Offered in multiple size, color, and material combinations.
-   Packaged in eco-friendly boxes cushioned with plant seed fiber used in the cultivation process.
-   A proposed limited series would allow backers to select the specific named donor cow and receive a profile of that animal.
-   A proposed plan to conduct and share the results of a standard durability test (like a rub test) on the cultivated leather inlay to address potential backer concerns about longevity.
-   A proposed plan to offer a low-cost reward tier providing a sample swatch of the cultivated leather on a display card.
-   A proposed plan to offer a 'pairing' reward tier including a sample swatch and a small finished jewelry item (e.g., a keychain) from the same donor cow.

## Target Users & Use Cases
The campaign speaks to people seeking animal-friendly, sustainable jewelry and those interested in owning a first-of-its-kind heirloom piece made from cultivated leather grown from a specific donor animal's cells. The proposed sample swatch tier is intended for backers who wish to verify the material's look and feel firsthand. The proposed 'pairing' tier is intended for backers who want to both inspect the material and see it in a finished application.

## Development Status
The team shows finished jewelry inlays and describes past milestones: cells were isolated harmlessly in 2023, prototypes include a pendant and a card holder made in early 2025, and the leather is grown with patent-pending plant-based scaffolding. They state there are no outside approvals required and that the technology and cell lines are owned by the creators.

## Roadmap & Delivery Plan
Planned actions include pilot testing to tune color and texture, inspecting scaffold density before use, preparing different concentrations of plant-based tanning ingredients, and securing jewelry settings after style counts are finalized at the end of the campaign. A proposed plan includes testing the cultivated leather inlays using a standard durability test (like a rub test) and sharing the results with backers. Production scaling will be addressed by adjusting modular cultivated-leather bioreactor technology and resources. If the limited donor-selection series is offered, plans would include finalizing the list of named donor animals and preparing their brief profiles. If the sample swatch tier is offered, plans would include preparing the swatches and display cards. If the 'pairing' tier is offered, plans would include producing the small finished jewelry items (e.g., keychains) and coordinating them with matching sample swatches.

## Why Crowdfunding / Use of Funds
Funds support bringing the cultivated-leather jewelry to backers: producing inlays, performing pilot tests for consistency, and procuring jewelry settings and sustainable packaging to deliver finished pieces. If offered, funds would also support producing sample swatches and display cards. If offered, funds would also support producing the small finished jewelry items and coordinating them with sample swatches for the 'pairing' tier.

## Risks & Challenges
Stated risks include: loss of cryopreserved cells (mitigated by storage at multiple facilities); variability in final color and surface texture from vegetable tanning and scaffold differences (addressed through pilot testing and scaffold inspection); potential supply-chain changes requiring alternate jewelry settings of equal or better quality; and possible extended delivery times for later backers if demand is high.

## Team & Partnerships
The effort is led by a founder with long-term tissue-engineering experience and cellular-agriculture leadership since 2018, who worked with a sanctuary and veterinary professionals to isolate the donor cells.

## What's Included
Jewelry pieces with cultivated-leather inlays (e.g., a rectangular inlay approximately 10 mm × 50 mm) and, for some items, a waxed linen cord; components are housed in metal bezels and glass cabochons. A proposed reward tier would include a cultivated leather sample swatch on a display card. A proposed 'pairing' reward tier would include both a sample swatch and a small finished jewelry item (e.g., a keychain) using leather from the same donor cow.

## Technical Details
-   Plant-based scaffold from kapok seed fibers, needle-felted.
-   Surface treatment with plant-derived ingredients (e.g., sunflower lecithin, zein protein) to promote cell attachment.
-   Cells produce collagen that becomes vegetable-tanned leather.
-   Approximate inlay dimension: 10 mm × 50 mm.","## One-Sentence Summary

A line of heirloom jewelry uses real leather that is cultivated in bioreactors from a one-time, harmless skin-cell sample taken from a living, sanctuary-grazing cow, aiming to offer animal-friendly leather adornments.

## Problem
The creators frame conventional leather as dependent on animal harm and present a gap for ethically sourced, real leather that preserves the material's qualities without sacrificing animal welfare. They position the project as evidence that leather can be made while the donor animal continues to live and be cared for at a sanctuary.

## Solution / Product Overview
The project offers jewelry featuring inlays of cultivated leather grown from the donor cow's skin cells on a plant-based scaffold. The leather is produced in bioreactors and then vegetable-tanned, allowing the creators to present finished wearable pieces while asserting that no additional animal harvesting is required. A proposed plan is to offer a limited series where backers can select which specific sanctuary-grazing cow (from a small, named group) their leather cells originated from, accompanied by a brief profile of that animal. A proposed plan also includes offering a simple, low-cost reward tier for a cultivated leather sample swatch (e.g., 20mm x 20mm) mounted on a display card, allowing backers to physically inspect the material before committing to a full jewelry piece. A proposed plan is to offer a 'pairing' reward tier that includes both a sample swatch and a small, finished jewelry item (e.g., a simple keychain) using leather from the same donor cow, allowing backers to compare the material sample to a final product.

## Key Features & Capabilities
-   Real leather cultivated from living-animal skin cells grown on a plant-derived scaffold.
-   Inlays set within metal bezels and protected under a glass dome cabochon.
-   Options to choose hypoallergenic stainless steel or sterling silver for certain pieces.
-   Offered in multiple size, color, and material combinations.
-   Packaged in eco-friendly boxes cushioned with plant seed fiber used in the cultivation process.
-   A proposed limited series would allow backers to select the specific named donor cow and receive a profile of that animal.
-   A proposed plan to conduct and share the results of a standard durability test (like a rub test) on the cultivated leather inlay to address potential backer concerns about longevity.
-   A proposed plan to offer a low-cost reward tier providing a sample swatch of the cultivated leather on a display card.
-   A proposed plan to offer a 'pairing' reward tier including a sample swatch and a small finished jewelry item (e.g., a keychain) from the same donor cow.

## Target Users & Use Cases
The campaign speaks to people seeking animal-friendly, sustainable jewelry and those interested in owning a first-of-its-kind heirloom piece made from cultivated leather grown from a specific donor animal's cells. The proposed sample swatch tier is intended for backers who wish to verify the material's look and feel firsthand. The proposed 'pairing' tier is intended for backers who want to both inspect the material and see it in a finished application.

## Development Status
The team shows finished jewelry inlays and describes past milestones: cells were isolated harmlessly in 2023, prototypes include a pendant and a card holder made in early 2025, and the leather is grown with patent-pending plant-based scaffolding. They state there are no outside approvals required and that the technology and cell lines are owned by the creators.

## Roadmap & Delivery Plan
Planned actions include pilot testing to tune color and texture, inspecting scaffold density before use, preparing different concentrations of plant-based tanning ingredients, and securing jewelry settings after style counts are finalized at the end of the campaign. A proposed plan includes testing the cultivated leather inlays using a standard durability test (like a rub test) and sharing the results with backers. Production scaling will be addressed by adjusting modular cultivated-leather bioreactor technology and resources. If the limited donor-selection series is offered, plans would include finalizing the list of named donor animals and preparing their brief profiles. If the sample swatch tier is offered, plans would include preparing the swatches and display cards. If the 'pairing' tier is offered, plans would include producing the small finished jewelry items (e.g., keychains) and coordinating them with matching sample swatches.

## Why Crowdfunding / Use of Funds
Funds support bringing the cultivated-leather jewelry to backers: producing inlays, performing pilot tests for consistency, and procuring jewelry settings and sustainable packaging to deliver finished pieces. If offered, funds would also support producing sample swatches and display cards. If offered, funds would also support producing the small finished jewelry items and coordinating them with sample swatches for the 'pairing' tier.

## Risks & Challenges
Stated risks include: loss of cryopreserved cells (mitigated by storage at multiple facilities); variability in final color and surface texture from vegetable tanning and scaffold differences (addressed through pilot testing and scaffold inspection); potential supply-chain changes requiring alternate jewelry settings of equal or better quality; and possible extended delivery times for later backers if demand is high.

## Team & Partnerships
The effort is led by a founder with long-term tissue-engineering experience and cellular-agriculture leadership since 2018, who worked with a sanctuary and veterinary professionals to isolate the donor cells.

## What's Included
Jewelry pieces with cultivated-leather inlays (e.g., a rectangular inlay approximately 10 mm × 50 mm) and, for some items, a waxed linen cord; components are housed in metal bezels and glass cabochons. A proposed reward tier would include a cultivated leather sample swatch on a display card. A proposed 'pairing' reward tier would include both a sample swatch and a small finished jewelry item (e.g., a keychain) using leather from the same donor cow.

## Technical Details
-   Plant-based scaffold from kapok seed fibers, needle-felted.
-   Surface treatment with plant-derived ingredients (e.g., sunflower lecithin, zein protein) to promote cell attachment.
-   Cells produce collagen that becomes vegetable-tanned leather.
-   Approximate inlay dimension: 10 mm × 50 mm."
"local","4","L4.2","specialized_rewrite","L3.3","","False","prospective_framing_safeguard","[""A proposed plan to create a short, narrated video showing the vegetable-tanning process of a cultivated leather sample, focusing on the color development and texture."", ""A proposed plan includes creating a short, narrated video showing the vegetable-tanning process to visually demonstrate color and texture development."", ""Funds would also support creating the narrated video showing the tanning process."", ""The proposed video aims to visually illustrate this process and its natural variations.""]","True","accepted","[]","Prospective-framing safeguard overrode the model's rejection because every flagged claim is explicitly hypothetical, proposed, planned, or future-tense and none asserts an existing accomplishment. Initial model analysis: The candidate introduces a new, specific proposed plan (a narrated video about the tanning process) in multiple sections (Key Features, Roadmap, Use of Funds, Risks). While the standard allows new ideas when clearly framed as proposals, the authorized source material contains no mention of any plan, proposal, or intention to create such a video. Therefore, these are unsupported claims about the venture's proposed concept and plans. All other content is either directly from the source or is a permissible restatement of the concept.","## One-Sentence Summary
A line of heirloom jewelry uses real leather that is cultivated in bioreactors from a one-time, harmless skin-cell sample taken from a living, sanctuary-grazing cow, aiming to offer animal-friendly leather adornments.

## Problem
The creators frame conventional leather as dependent on animal harm and present a gap for ethically sourced, real leather that preserves the material's qualities without sacrificing animal welfare. They position the project as evidence that leather can be made while the donor animal continues to live and be cared for at a sanctuary.

## Solution / Product Overview
The project offers jewelry featuring inlays of cultivated leather grown from the donor cow's skin cells on a plant-based scaffold. The leather is produced in bioreactors and then vegetable-tanned, allowing the creators to present finished wearable pieces while asserting that no additional animal harvesting is required. A proposed plan is to offer a limited series where backers can select which specific sanctuary-grazing cow (from a small, named group) their leather cells originated from, accompanied by a brief profile of that animal. A proposed plan also includes offering a simple, low-cost reward tier for a cultivated leather sample swatch (e.g., 20mm x 20mm) mounted on a display card, allowing backers to physically inspect the material before committing to a full jewelry piece.

## Key Features & Capabilities
-   Real leather cultivated from living-animal skin cells grown on a plant-derived scaffold.
-   Inlays set within metal bezels and protected under a glass dome cabochon.
-   Options to choose hypoallergenic stainless steel or sterling silver for certain pieces.
-   Offered in multiple size, color, and material combinations.
-   Packaged in eco-friendly boxes cushioned with plant seed fiber used in the cultivation process.
-   A proposed limited series would allow backers to select the specific named donor cow and receive a profile of that animal.
-   A proposed plan to conduct and share the results of a standard durability test (like a rub test) on the cultivated leather inlay to address potential backer concerns about longevity.
-   A proposed plan to offer a low-cost reward tier providing a sample swatch of the cultivated leather on a display card.
-   A proposed plan to create a short, narrated video showing the vegetable-tanning process of a cultivated leather sample, focusing on the color development and texture.

## Target Users & Use Cases
The campaign speaks to people seeking animal-friendly, sustainable jewelry and those interested in owning a first-of-its-kind heirloom piece made from cultivated leather grown from a specific donor animal's cells. The proposed sample swatch tier is intended for backers who wish to verify the material's look and feel firsthand.

## Development Status
The team shows finished jewelry inlays and describes past milestones: cells were isolated harmlessly in 2023, prototypes include a pendant and a card holder made in early 2025, and the leather is grown with patent-pending plant-based scaffolding. They state there are no outside approvals required and that the technology and cell lines are owned by the creators.

## Roadmap & Delivery Plan
Planned actions include pilot testing to tune color and texture, inspecting scaffold density before use, preparing different concentrations of plant-based tanning ingredients, and securing jewelry settings after style counts are finalized at the end of the campaign. A proposed plan includes testing the cultivated leather inlays using a standard durability test (like a rub test) and sharing the results with backers. A proposed plan includes creating a short, narrated video showing the vegetable-tanning process to visually demonstrate color and texture development. Production scaling will be addressed by adjusting modular cultivated-leather bioreactor technology and resources. If the limited donor-selection series is offered, plans would include finalizing the list of named donor animals and preparing their brief profiles. If the sample swatch tier is offered, plans would include preparing the swatches and display cards.

## Why Crowdfunding / Use of Funds
Funds support bringing the cultivated-leather jewelry to backers: producing inlays, performing pilot tests for consistency, and procuring jewelry settings and sustainable packaging to deliver finished pieces. If offered, funds would also support producing sample swatches and display cards, and creating the narrated video showing the tanning process.

## Risks & Challenges
Stated risks include: loss of cryopreserved cells (mitigated by storage at multiple facilities); variability in final color and surface texture from vegetable tanning and scaffold differences (addressed through pilot testing and scaffold inspection, and the proposed video aims to visually illustrate this process and its natural variations); potential supply-chain changes requiring alternate jewelry settings of equal or better quality; and possible extended delivery times for later backers if demand is high.

## Team & Partnerships
The effort is led by a founder with long-term tissue-engineering experience and cellular-agriculture leadership since 2018, who worked with a sanctuary and veterinary professionals to isolate the donor cells.

## What's Included
Jewelry pieces with cultivated-leather inlays (e.g., a rectangular inlay approximately 10 mm × 50 mm) and, for some items, a waxed linen cord; components are housed in metal bezels and glass cabochons. A proposed reward tier would include a cultivated leather sample swatch on a display card.

## Technical Details
-   Plant-based scaffold from kapok seed fibers, needle-felted.
-   Surface treatment with plant-derived ingredients (e.g., sunflower lecithin, zein protein) to promote cell attachment.
-   Cells produce collagen that becomes vegetable-tanned leather.
-   Approximate inlay dimension: 10 mm × 50 mm.","## One-Sentence Summary
A line of heirloom jewelry uses real leather that is cultivated in bioreactors from a one-time, harmless skin-cell sample taken from a living, sanctuary-grazing cow, aiming to offer animal-friendly leather adornments.

## Problem
The creators frame conventional leather as dependent on animal harm and present a gap for ethically sourced, real leather that preserves the material's qualities without sacrificing animal welfare. They position the project as evidence that leather can be made while the donor animal continues to live and be cared for at a sanctuary.

## Solution / Product Overview
The project offers jewelry featuring inlays of cultivated leather grown from the donor cow's skin cells on a plant-based scaffold. The leather is produced in bioreactors and then vegetable-tanned, allowing the creators to present finished wearable pieces while asserting that no additional animal harvesting is required. A proposed plan is to offer a limited series where backers can select which specific sanctuary-grazing cow (from a small, named group) their leather cells originated from, accompanied by a brief profile of that animal. A proposed plan also includes offering a simple, low-cost reward tier for a cultivated leather sample swatch (e.g., 20mm x 20mm) mounted on a display card, allowing backers to physically inspect the material before committing to a full jewelry piece.

## Key Features & Capabilities
-   Real leather cultivated from living-animal skin cells grown on a plant-derived scaffold.
-   Inlays set within metal bezels and protected under a glass dome cabochon.
-   Options to choose hypoallergenic stainless steel or sterling silver for certain pieces.
-   Offered in multiple size, color, and material combinations.
-   Packaged in eco-friendly boxes cushioned with plant seed fiber used in the cultivation process.
-   A proposed limited series would allow backers to select the specific named donor cow and receive a profile of that animal.
-   A proposed plan to conduct and share the results of a standard durability test (like a rub test) on the cultivated leather inlay to address potential backer concerns about longevity.
-   A proposed plan to offer a low-cost reward tier providing a sample swatch of the cultivated leather on a display card.
-   A proposed plan to create a short, narrated video showing the vegetable-tanning process of a cultivated leather sample, focusing on the color development and texture.

## Target Users & Use Cases
The campaign speaks to people seeking animal-friendly, sustainable jewelry and those interested in owning a first-of-its-kind heirloom piece made from cultivated leather grown from a specific donor animal's cells. The proposed sample swatch tier is intended for backers who wish to verify the material's look and feel firsthand.

## Development Status
The team shows finished jewelry inlays and describes past milestones: cells were isolated harmlessly in 2023, prototypes include a pendant and a card holder made in early 2025, and the leather is grown with patent-pending plant-based scaffolding. They state there are no outside approvals required and that the technology and cell lines are owned by the creators.

## Roadmap & Delivery Plan
Planned actions include pilot testing to tune color and texture, inspecting scaffold density before use, preparing different concentrations of plant-based tanning ingredients, and securing jewelry settings after style counts are finalized at the end of the campaign. A proposed plan includes testing the cultivated leather inlays using a standard durability test (like a rub test) and sharing the results with backers. A proposed plan includes creating a short, narrated video showing the vegetable-tanning process to visually demonstrate color and texture development. Production scaling will be addressed by adjusting modular cultivated-leather bioreactor technology and resources. If the limited donor-selection series is offered, plans would include finalizing the list of named donor animals and preparing their brief profiles. If the sample swatch tier is offered, plans would include preparing the swatches and display cards.

## Why Crowdfunding / Use of Funds
Funds support bringing the cultivated-leather jewelry to backers: producing inlays, performing pilot tests for consistency, and procuring jewelry settings and sustainable packaging to deliver finished pieces. If offered, funds would also support producing sample swatches and display cards, and creating the narrated video showing the tanning process.

## Risks & Challenges
Stated risks include: loss of cryopreserved cells (mitigated by storage at multiple facilities); variability in final color and surface texture from vegetable tanning and scaffold differences (addressed through pilot testing and scaffold inspection, and the proposed video aims to visually illustrate this process and its natural variations); potential supply-chain changes requiring alternate jewelry settings of equal or better quality; and possible extended delivery times for later backers if demand is high.

## Team & Partnerships
The effort is led by a founder with long-term tissue-engineering experience and cellular-agriculture leadership since 2018, who worked with a sanctuary and veterinary professionals to isolate the donor cells.

## What's Included
Jewelry pieces with cultivated-leather inlays (e.g., a rectangular inlay approximately 10 mm × 50 mm) and, for some items, a waxed linen cord; components are housed in metal bezels and glass cabochons. A proposed reward tier would include a cultivated leather sample swatch on a display card.

## Technical Details
-   Plant-based scaffold from kapok seed fibers, needle-felted.
-   Surface treatment with plant-derived ingredients (e.g., sunflower lecithin, zein protein) to promote cell attachment.
-   Cells produce collagen that becomes vegetable-tanned leather.
-   Approximate inlay dimension: 10 mm × 50 mm."
"local","4","L4.3","specialized_rewrite","L3.3","","True","model_audit","[]","True","accepted","[]","All statements about existing real-world evidence or status in the candidate are supported by the authorized source material. The candidate introduces a new proposed plan for an unset leather strip reward tier, but frames it consistently as a 'proposed plan,' 'proposed reward tier,' or future conditional ('If... offered'). This adheres to the standard, as new ideas are allowed when clearly framed as proposals, plans, or hypotheses. No claims of existing traction, customers, prototypes, partnerships, or other accomplished facts were invented.","## One-Sentence Summary

A line of heirloom jewelry uses real leather that is cultivated in bioreactors from a one-time, harmless skin-cell sample taken from a living, sanctuary-grazing cow, aiming to offer animal-friendly leather adornments.

## Problem
The creators frame conventional leather as dependent on animal harm and present a gap for ethically sourced, real leather that preserves the material's qualities without sacrificing animal welfare. They position the project as evidence that leather can be made while the donor animal continues to live and be cared for at a sanctuary.

## Solution / Product Overview
The project offers jewelry featuring inlays of cultivated leather grown from the donor cow's skin cells on a plant-based scaffold. The leather is produced in bioreactors and then vegetable-tanned, allowing the creators to present finished wearable pieces while asserting that no additional animal harvesting is required. A proposed plan is to offer a limited series where backers can select which specific sanctuary-grazing cow (from a small, named group) their leather cells originated from, accompanied by a brief profile of that animal. A proposed plan also includes offering a simple, low-cost reward tier for a cultivated leather sample swatch (e.g., 20mm x 20mm) mounted on a display card, allowing backers to physically inspect the material before committing to a full jewelry piece. A proposed plan is to add a reward tier for a simple, unset strip of cultivated leather (e.g., 10mm x 50mm) suitable for a DIY or crafting audience.

## Key Features & Capabilities
-   Real leather cultivated from living-animal skin cells grown on a plant-derived scaffold.
-   Inlays set within metal bezels and protected under a glass dome cabochon.
-   Options to choose hypoallergenic stainless steel or sterling silver for certain pieces.
-   Offered in multiple size, color, and material combinations.
-   Packaged in eco-friendly boxes cushioned with plant seed fiber used in the cultivation process.
-   A proposed limited series would allow backers to select the specific named donor cow and receive a profile of that animal.
-   A proposed plan to conduct and share the results of a standard durability test (like a rub test) on the cultivated leather inlay to address potential backer concerns about longevity.
-   A proposed plan to offer a low-cost reward tier providing a sample swatch of the cultivated leather on a display card.
-   A proposed plan to offer a reward tier for an unset strip of cultivated leather suitable for DIY or crafting use.

## Target Users & Use Cases
The campaign speaks to people seeking animal-friendly, sustainable jewelry and those interested in owning a first-of-its-kind heirloom piece made from cultivated leather grown from a specific donor animal's cells. The proposed sample swatch tier is intended for backers who wish to verify the material's look and feel firsthand. A proposed plan is to expand the target user base to include a DIY or crafting audience through the unset leather strip reward tier.

## Development Status
The team shows finished jewelry inlays and describes past milestones: cells were isolated harmlessly in 2023, prototypes include a pendant and a card holder made in early 2025, and the leather is grown with patent-pending plant-based scaffolding. They state there are no outside approvals required and that the technology and cell lines are owned by the creators.

## Roadmap & Delivery Plan
Planned actions include pilot testing to tune color and texture, inspecting scaffold density before use, preparing different concentrations of plant-based tanning ingredients, and securing jewelry settings after style counts are finalized at the end of the campaign. A proposed plan includes testing the cultivated leather inlays using a standard durability test (like a rub test) and sharing the results with backers. Production scaling will be addressed by adjusting modular cultivated-leather bioreactor technology and resources. If the limited donor-selection series is offered, plans would include finalizing the list of named donor animals and preparing their brief profiles. If the sample swatch tier is offered, plans would include preparing the swatches and display cards. If the unset leather strip tier is offered, plans would include preparing the strips.

## Why Crowdfunding / Use of Funds
Funds support bringing the cultivated-leather jewelry to backers: producing inlays, performing pilot tests for consistency, and procuring jewelry settings and sustainable packaging to deliver finished pieces. If offered, funds would also support producing sample swatches, display cards, and unset leather strips.

## Risks & Challenges
Stated risks include: loss of cryopreserved cells (mitigated by storage at multiple facilities); variability in final color and surface texture from vegetable tanning and scaffold differences (addressed through pilot testing and scaffold inspection); potential supply-chain changes requiring alternate jewelry settings of equal or better quality; and possible extended delivery times for later backers if demand is high.

## Team & Partnerships
The effort is led by a founder with long-term tissue-engineering experience and cellular-agriculture leadership since 2018, who worked with a sanctuary and veterinary professionals to isolate the donor cells.

## What's Included
Jewelry pieces with cultivated-leather inlays (e.g., a rectangular inlay approximately 10 mm × 50 mm) and, for some items, a waxed linen cord; components are housed in metal bezels and glass cabochons. A proposed reward tier would include a cultivated leather sample swatch on a display card. A proposed reward tier would include an unset strip of cultivated leather.

## Technical Details
-   Plant-based scaffold from kapok seed fibers, needle-felted.
-   Surface treatment with plant-derived ingredients (e.g., sunflower lecithin, zein protein) to promote cell attachment.
-   Cells produce collagen that becomes vegetable-tanned leather.
-   Approximate inlay dimension: 10 mm × 50 mm.","## One-Sentence Summary

A line of heirloom jewelry uses real leather that is cultivated in bioreactors from a one-time, harmless skin-cell sample taken from a living, sanctuary-grazing cow, aiming to offer animal-friendly leather adornments.

## Problem
The creators frame conventional leather as dependent on animal harm and present a gap for ethically sourced, real leather that preserves the material's qualities without sacrificing animal welfare. They position the project as evidence that leather can be made while the donor animal continues to live and be cared for at a sanctuary.

## Solution / Product Overview
The project offers jewelry featuring inlays of cultivated leather grown from the donor cow's skin cells on a plant-based scaffold. The leather is produced in bioreactors and then vegetable-tanned, allowing the creators to present finished wearable pieces while asserting that no additional animal harvesting is required. A proposed plan is to offer a limited series where backers can select which specific sanctuary-grazing cow (from a small, named group) their leather cells originated from, accompanied by a brief profile of that animal. A proposed plan also includes offering a simple, low-cost reward tier for a cultivated leather sample swatch (e.g., 20mm x 20mm) mounted on a display card, allowing backers to physically inspect the material before committing to a full jewelry piece. A proposed plan is to add a reward tier for a simple, unset strip of cultivated leather (e.g., 10mm x 50mm) suitable for a DIY or crafting audience.

## Key Features & Capabilities
-   Real leather cultivated from living-animal skin cells grown on a plant-derived scaffold.
-   Inlays set within metal bezels and protected under a glass dome cabochon.
-   Options to choose hypoallergenic stainless steel or sterling silver for certain pieces.
-   Offered in multiple size, color, and material combinations.
-   Packaged in eco-friendly boxes cushioned with plant seed fiber used in the cultivation process.
-   A proposed limited series would allow backers to select the specific named donor cow and receive a profile of that animal.
-   A proposed plan to conduct and share the results of a standard durability test (like a rub test) on the cultivated leather inlay to address potential backer concerns about longevity.
-   A proposed plan to offer a low-cost reward tier providing a sample swatch of the cultivated leather on a display card.
-   A proposed plan to offer a reward tier for an unset strip of cultivated leather suitable for DIY or crafting use.

## Target Users & Use Cases
The campaign speaks to people seeking animal-friendly, sustainable jewelry and those interested in owning a first-of-its-kind heirloom piece made from cultivated leather grown from a specific donor animal's cells. The proposed sample swatch tier is intended for backers who wish to verify the material's look and feel firsthand. A proposed plan is to expand the target user base to include a DIY or crafting audience through the unset leather strip reward tier.

## Development Status
The team shows finished jewelry inlays and describes past milestones: cells were isolated harmlessly in 2023, prototypes include a pendant and a card holder made in early 2025, and the leather is grown with patent-pending plant-based scaffolding. They state there are no outside approvals required and that the technology and cell lines are owned by the creators.

## Roadmap & Delivery Plan
Planned actions include pilot testing to tune color and texture, inspecting scaffold density before use, preparing different concentrations of plant-based tanning ingredients, and securing jewelry settings after style counts are finalized at the end of the campaign. A proposed plan includes testing the cultivated leather inlays using a standard durability test (like a rub test) and sharing the results with backers. Production scaling will be addressed by adjusting modular cultivated-leather bioreactor technology and resources. If the limited donor-selection series is offered, plans would include finalizing the list of named donor animals and preparing their brief profiles. If the sample swatch tier is offered, plans would include preparing the swatches and display cards. If the unset leather strip tier is offered, plans would include preparing the strips.

## Why Crowdfunding / Use of Funds
Funds support bringing the cultivated-leather jewelry to backers: producing inlays, performing pilot tests for consistency, and procuring jewelry settings and sustainable packaging to deliver finished pieces. If offered, funds would also support producing sample swatches, display cards, and unset leather strips.

## Risks & Challenges
Stated risks include: loss of cryopreserved cells (mitigated by storage at multiple facilities); variability in final color and surface texture from vegetable tanning and scaffold differences (addressed through pilot testing and scaffold inspection); potential supply-chain changes requiring alternate jewelry settings of equal or better quality; and possible extended delivery times for later backers if demand is high.

## Team & Partnerships
The effort is led by a founder with long-term tissue-engineering experience and cellular-agriculture leadership since 2018, who worked with a sanctuary and veterinary professionals to isolate the donor cells.

## What's Included
Jewelry pieces with cultivated-leather inlays (e.g., a rectangular inlay approximately 10 mm × 50 mm) and, for some items, a waxed linen cord; components are housed in metal bezels and glass cabochons. A proposed reward tier would include a cultivated leather sample swatch on a display card. A proposed reward tier would include an unset strip of cultivated leather.

## Technical Details
-   Plant-based scaffold from kapok seed fibers, needle-felted.
-   Surface treatment with plant-derived ingredients (e.g., sunflower lecithin, zein protein) to promote cell attachment.
-   Cells produce collagen that becomes vegetable-tanned leather.
-   Approximate inlay dimension: 10 mm × 50 mm."
"local","4","L4.4","specialized_rewrite","L3.3","","True","model_audit","[]","True","accepted","[]","All statements about existing real-world evidence or status (e.g., development milestones, team credentials, technology ownership) are directly supported by the authorized source material. The candidate introduces new, detailed proposals (e.g., a 'care guide' based on durability tests, funding allocation for its development) but consistently frames them as 'proposed plan' or 'would,' adhering to the standard's requirement for prospective framing. No claims of existing traction, customers, revenue, or accomplished facts beyond the source material are made.","## One-Sentence Summary

A line of heirloom jewelry uses real leather that is cultivated in bioreactors from a one-time, harmless skin-cell sample taken from a living, sanctuary-grazing cow, aiming to offer animal-friendly leather adornments.

## Problem
The creators frame conventional leather as dependent on animal harm and present a gap for ethically sourced, real leather that preserves the material's qualities without sacrificing animal welfare. They position the project as evidence that leather can be made while the donor animal continues to live and be cared for at a sanctuary.

## Solution / Product Overview
The project offers jewelry featuring inlays of cultivated leather grown from the donor cow's skin cells on a plant-based scaffold. The leather is produced in bioreactors and then vegetable-tanned, allowing the creators to present finished wearable pieces while asserting that no additional animal harvesting is required. A proposed plan is to offer a limited series where backers can select which specific sanctuary-grazing cow (from a small, named group) their leather cells originated from, accompanied by a brief profile of that animal. A proposed plan also includes offering a simple, low-cost reward tier for a cultivated leather sample swatch (e.g., 20mm x 20mm) mounted on a display card, allowing backers to physically inspect the material before committing to a full jewelry piece.

## Key Features & Capabilities
-   Real leather cultivated from living-animal skin cells grown on a plant-derived scaffold.
-   Inlays set within metal bezels and protected under a glass dome cabochon.
-   Options to choose hypoallergenic stainless steel or sterling silver for certain pieces.
-   Offered in multiple size, color, and material combinations.
-   Packaged in eco-friendly boxes cushioned with plant seed fiber used in the cultivation process.
-   A proposed limited series would allow backers to select the specific named donor cow and receive a profile of that animal.
-   A proposed plan to conduct and share the results of a standard durability test (like a rub test) on the cultivated leather inlay to address potential backer concerns about longevity.
-   A proposed plan to offer a low-cost reward tier providing a sample swatch of the cultivated leather on a display card.
-   A proposed plan to develop and share a simple, standardized 'care guide' for the cultivated leather inlays, based on the results of the proposed durability tests, to build confidence in product longevity.

## Target Users & Use Cases
The campaign speaks to people seeking animal-friendly, sustainable jewelry and those interested in owning a first-of-its-kind heirloom piece made from cultivated leather grown from a specific donor animal's cells. The proposed sample swatch tier is intended for backers who wish to verify the material's look and feel firsthand.

## Development Status
The team shows finished jewelry inlays and describes past milestones: cells were isolated harmlessly in 2023, prototypes include a pendant and a card holder made in early 2025, and the leather is grown with patent-pending plant-based scaffolding. They state there are no outside approvals required and that the technology and cell lines are owned by the creators.

## Roadmap & Delivery Plan
Planned actions include pilot testing to tune color and texture, inspecting scaffold density before use, preparing different concentrations of plant-based tanning ingredients, and securing jewelry settings after style counts are finalized at the end of the campaign. A proposed plan includes testing the cultivated leather inlays using a standard durability test (like a rub test) and sharing the results with backers. A proposed plan includes using the results of these tests to develop a simple, standardized 'care guide' for the inlays, which would be shared with backers. Production scaling will be addressed by adjusting modular cultivated-leather bioreactor technology and resources. If the limited donor-selection series is offered, plans would include finalizing the list of named donor animals and preparing their brief profiles. If the sample swatch tier is offered, plans would include preparing the swatches and display cards.

## Why Crowdfunding / Use of Funds
Funds support bringing the cultivated-leather jewelry to backers: producing inlays, performing pilot tests for consistency, and procuring jewelry settings and sustainable packaging to deliver finished pieces. If offered, funds would also support producing sample swatches and display cards. A proposed plan includes using funds to support the development of the 'care guide' based on durability test results.

## Risks & Challenges
Stated risks include: loss of cryopreserved cells (mitigated by storage at multiple facilities); variability in final color and surface texture from vegetable tanning and scaffold differences (addressed through pilot testing and scaffold inspection); potential supply-chain changes requiring alternate jewelry settings of equal or better quality; and possible extended delivery times for later backers if demand is high.

## Team & Partnerships
The effort is led by a founder with long-term tissue-engineering experience and cellular-agriculture leadership since 2018, who worked with a sanctuary and veterinary professionals to isolate the donor cells.

## What's Included
Jewelry pieces with cultivated-leather inlays (e.g., a rectangular inlay approximately 10 mm × 50 mm) and, for some items, a waxed linen cord; components are housed in metal bezels and glass cabochons. A proposed reward tier would include a cultivated leather sample swatch on a display card.

## Technical Details
-   Plant-based scaffold from kapok seed fibers, needle-felted.
-   Surface treatment with plant-derived ingredients (e.g., sunflower lecithin, zein protein) to promote cell attachment.
-   Cells produce collagen that becomes vegetable-tanned leather.
-   Approximate inlay dimension: 10 mm × 50 mm.","## One-Sentence Summary

A line of heirloom jewelry uses real leather that is cultivated in bioreactors from a one-time, harmless skin-cell sample taken from a living, sanctuary-grazing cow, aiming to offer animal-friendly leather adornments.

## Problem
The creators frame conventional leather as dependent on animal harm and present a gap for ethically sourced, real leather that preserves the material's qualities without sacrificing animal welfare. They position the project as evidence that leather can be made while the donor animal continues to live and be cared for at a sanctuary.

## Solution / Product Overview
The project offers jewelry featuring inlays of cultivated leather grown from the donor cow's skin cells on a plant-based scaffold. The leather is produced in bioreactors and then vegetable-tanned, allowing the creators to present finished wearable pieces while asserting that no additional animal harvesting is required. A proposed plan is to offer a limited series where backers can select which specific sanctuary-grazing cow (from a small, named group) their leather cells originated from, accompanied by a brief profile of that animal. A proposed plan also includes offering a simple, low-cost reward tier for a cultivated leather sample swatch (e.g., 20mm x 20mm) mounted on a display card, allowing backers to physically inspect the material before committing to a full jewelry piece.

## Key Features & Capabilities
-   Real leather cultivated from living-animal skin cells grown on a plant-derived scaffold.
-   Inlays set within metal bezels and protected under a glass dome cabochon.
-   Options to choose hypoallergenic stainless steel or sterling silver for certain pieces.
-   Offered in multiple size, color, and material combinations.
-   Packaged in eco-friendly boxes cushioned with plant seed fiber used in the cultivation process.
-   A proposed limited series would allow backers to select the specific named donor cow and receive a profile of that animal.
-   A proposed plan to conduct and share the results of a standard durability test (like a rub test) on the cultivated leather inlay to address potential backer concerns about longevity.
-   A proposed plan to offer a low-cost reward tier providing a sample swatch of the cultivated leather on a display card.
-   A proposed plan to develop and share a simple, standardized 'care guide' for the cultivated leather inlays, based on the results of the proposed durability tests, to build confidence in product longevity.

## Target Users & Use Cases
The campaign speaks to people seeking animal-friendly, sustainable jewelry and those interested in owning a first-of-its-kind heirloom piece made from cultivated leather grown from a specific donor animal's cells. The proposed sample swatch tier is intended for backers who wish to verify the material's look and feel firsthand.

## Development Status
The team shows finished jewelry inlays and describes past milestones: cells were isolated harmlessly in 2023, prototypes include a pendant and a card holder made in early 2025, and the leather is grown with patent-pending plant-based scaffolding. They state there are no outside approvals required and that the technology and cell lines are owned by the creators.

## Roadmap & Delivery Plan
Planned actions include pilot testing to tune color and texture, inspecting scaffold density before use, preparing different concentrations of plant-based tanning ingredients, and securing jewelry settings after style counts are finalized at the end of the campaign. A proposed plan includes testing the cultivated leather inlays using a standard durability test (like a rub test) and sharing the results with backers. A proposed plan includes using the results of these tests to develop a simple, standardized 'care guide' for the inlays, which would be shared with backers. Production scaling will be addressed by adjusting modular cultivated-leather bioreactor technology and resources. If the limited donor-selection series is offered, plans would include finalizing the list of named donor animals and preparing their brief profiles. If the sample swatch tier is offered, plans would include preparing the swatches and display cards.

## Why Crowdfunding / Use of Funds
Funds support bringing the cultivated-leather jewelry to backers: producing inlays, performing pilot tests for consistency, and procuring jewelry settings and sustainable packaging to deliver finished pieces. If offered, funds would also support producing sample swatches and display cards. A proposed plan includes using funds to support the development of the 'care guide' based on durability test results.

## Risks & Challenges
Stated risks include: loss of cryopreserved cells (mitigated by storage at multiple facilities); variability in final color and surface texture from vegetable tanning and scaffold differences (addressed through pilot testing and scaffold inspection); potential supply-chain changes requiring alternate jewelry settings of equal or better quality; and possible extended delivery times for later backers if demand is high.

## Team & Partnerships
The effort is led by a founder with long-term tissue-engineering experience and cellular-agriculture leadership since 2018, who worked with a sanctuary and veterinary professionals to isolate the donor cells.

## What's Included
Jewelry pieces with cultivated-leather inlays (e.g., a rectangular inlay approximately 10 mm × 50 mm) and, for some items, a waxed linen cord; components are housed in metal bezels and glass cabochons. A proposed reward tier would include a cultivated leather sample swatch on a display card.

## Technical Details
-   Plant-based scaffold from kapok seed fibers, needle-felted.
-   Surface treatment with plant-derived ingredients (e.g., sunflower lecithin, zein protein) to promote cell attachment.
-   Cells produce collagen that becomes vegetable-tanned leather.
-   Approximate inlay dimension: 10 mm × 50 mm."
"local","4","L4.5","specialized_rewrite","L3.3","","False","prospective_framing_safeguard","[""For this proposed limited series, a plan is also proposed to include a small, additional inlay piece from the same cultivated batch, framed as a 'spare' or 'keepsake', alongside the main jewelry item."", ""For this series, a proposed plan includes providing a small, additional inlay piece from the same batch as a 'spare' or 'keepsake'."", ""The proposed limited donor-selection series with an additional keepsake inlay is intended for backers seeking a deeper personal connection to the source animal and material."", ""If this series is offered, a proposed plan would also include preparing the small, additional 'keepsake' inlay pieces from the same cultivated batches."", ""If offered, funds would also support producing sample swatches and display cards, and, for the proposed limited series, producing the additional 'keepsake' inlay pieces."", ""For the proposed limited donor-selection series, a proposed plan includes providing a small, additional 'keepsake' inlay piece from the same batch.""]","True","accepted","[]","Prospective-framing safeguard overrode the model's rejection because every flagged claim is explicitly hypothetical, proposed, planned, or future-tense and none asserts an existing accomplishment. Initial model analysis: The candidate introduces a new, specific product feature (an additional 'keepsake' inlay piece) as part of a proposed plan for the limited series. The authorized source material only proposes a limited series with donor selection and an animal profile; it does not propose or mention any additional inlay piece as part of that series. While the candidate frames this as a 'proposed plan', the source material's description of the limited series is complete and does not include this element. Adding a new, specific product component to an existing proposed plan constitutes an unsupported claim about the venture's concept, as it alters the defined offering beyond what is authorized.","## One-Sentence Summary

A line of heirloom jewelry uses real leather that is cultivated in bioreactors from a one-time, harmless skin-cell sample taken from a living, sanctuary-grazing cow, aiming to offer animal-friendly leather adornments.

## Problem
The creators frame conventional leather as dependent on animal harm and present a gap for ethically sourced, real leather that preserves the material's qualities without sacrificing animal welfare. They position the project as evidence that leather can be made while the donor animal continues to live and be cared for at a sanctuary.

## Solution / Product Overview
The project offers jewelry featuring inlays of cultivated leather grown from the donor cow's skin cells on a plant-based scaffold. The leather is produced in bioreactors and then vegetable-tanned, allowing the creators to present finished wearable pieces while asserting that no additional animal harvesting is required. A proposed plan is to offer a limited series where backers can select which specific sanctuary-grazing cow (from a small, named group) their leather cells originated from, accompanied by a brief profile of that animal. For this proposed limited series, a plan is also proposed to include a small, additional inlay piece from the same cultivated batch, framed as a 'spare' or 'keepsake', alongside the main jewelry item. A proposed plan also includes offering a simple, low-cost reward tier for a cultivated leather sample swatch (e.g., 20mm x 20mm) mounted on a display card, allowing backers to physically inspect the material before committing to a full jewelry piece.

## Key Features & Capabilities
- Real leather cultivated from living-animal skin cells grown on a plant-derived scaffold.
- Inlays set within metal bezels and protected under a glass dome cabochon.
- Options to choose hypoallergenic stainless steel or sterling silver for certain pieces.
- Offered in multiple size, color, and material combinations.
- Packaged in eco-friendly boxes cushioned with plant seed fiber used in the cultivation process.
- A proposed limited series would allow backers to select the specific named donor cow and receive a profile of that animal. For this series, a proposed plan includes providing a small, additional inlay piece from the same batch as a 'spare' or 'keepsake'.
- A proposed plan to conduct and share the results of a standard durability test (like a rub test) on the cultivated leather inlay to address potential backer concerns about longevity.
- A proposed plan to offer a low-cost reward tier providing a sample swatch of the cultivated leather on a display card.

## Target Users & Use Cases
The campaign speaks to people seeking animal-friendly, sustainable jewelry and those interested in owning a first-of-its-kind heirloom piece made from cultivated leather grown from a specific donor animal's cells. The proposed sample swatch tier is intended for backers who wish to verify the material's look and feel firsthand. The proposed limited donor-selection series with an additional keepsake inlay is intended for backers seeking a deeper personal connection to the source animal and material.

## Development Status
The team shows finished jewelry inlays and describes past milestones: cells were isolated harmlessly in 2023, prototypes include a pendant and a card holder made in early 2025, and the leather is grown with patent-pending plant-based scaffolding. They state there are no outside approvals required and that the technology and cell lines are owned by the creators.

## Roadmap & Delivery Plan
Planned actions include pilot testing to tune color and texture, inspecting scaffold density before use, preparing different concentrations of plant-based tanning ingredients, and securing jewelry settings after style counts are finalized at the end of the campaign. A proposed plan includes testing the cultivated leather inlays using a standard durability test (like a rub test) and sharing the results with backers. Production scaling will be addressed by adjusting modular cultivated-leather bioreactor technology and resources. If the limited donor-selection series is offered, plans would include finalizing the list of named donor animals and preparing their brief profiles. If this series is offered, a proposed plan would also include preparing the small, additional 'keepsake' inlay pieces from the same cultivated batches. If the sample swatch tier is offered, plans would include preparing the swatches and display cards.

## Why Crowdfunding / Use of Funds
Funds support bringing the cultivated-leather jewelry to backers: producing inlays, performing pilot tests for consistency, and procuring jewelry settings and sustainable packaging to deliver finished pieces. If offered, funds would also support producing sample swatches and display cards, and, for the proposed limited series, producing the additional 'keepsake' inlay pieces.

## Risks & Challenges
Stated risks include: loss of cryopreserved cells (mitigated by storage at multiple facilities); variability in final color and surface texture from vegetable tanning and scaffold differences (addressed through pilot testing and scaffold inspection); potential supply-chain changes requiring alternate jewelry settings of equal or better quality; and possible extended delivery times for later backers if demand is high.

## Team & Partnerships
The effort is led by a founder with long-term tissue-engineering experience and cellular-agriculture leadership since 2018, who worked with a sanctuary and veterinary professionals to isolate the donor cells.

## What's Included
Jewelry pieces with cultivated-leather inlays (e.g., a rectangular inlay approximately 10 mm × 50 mm) and, for some items, a waxed linen cord; components are housed in metal bezels and glass cabochons. For the proposed limited donor-selection series, a proposed plan includes providing a small, additional 'keepsake' inlay piece from the same batch. A proposed reward tier would include a cultivated leather sample swatch on a display card.

## Technical Details
- Plant-based scaffold from kapok seed fibers, needle-felted.
- Surface treatment with plant-derived ingredients (e.g., sunflower lecithin, zein protein) to promote cell attachment.
- Cells produce collagen that becomes vegetable-tanned leather.
- Approximate inlay dimension: 10 mm × 50 mm.","## One-Sentence Summary

A line of heirloom jewelry uses real leather that is cultivated in bioreactors from a one-time, harmless skin-cell sample taken from a living, sanctuary-grazing cow, aiming to offer animal-friendly leather adornments.

## Problem
The creators frame conventional leather as dependent on animal harm and present a gap for ethically sourced, real leather that preserves the material's qualities without sacrificing animal welfare. They position the project as evidence that leather can be made while the donor animal continues to live and be cared for at a sanctuary.

## Solution / Product Overview
The project offers jewelry featuring inlays of cultivated leather grown from the donor cow's skin cells on a plant-based scaffold. The leather is produced in bioreactors and then vegetable-tanned, allowing the creators to present finished wearable pieces while asserting that no additional animal harvesting is required. A proposed plan is to offer a limited series where backers can select which specific sanctuary-grazing cow (from a small, named group) their leather cells originated from, accompanied by a brief profile of that animal. For this proposed limited series, a plan is also proposed to include a small, additional inlay piece from the same cultivated batch, framed as a 'spare' or 'keepsake', alongside the main jewelry item. A proposed plan also includes offering a simple, low-cost reward tier for a cultivated leather sample swatch (e.g., 20mm x 20mm) mounted on a display card, allowing backers to physically inspect the material before committing to a full jewelry piece.

## Key Features & Capabilities
- Real leather cultivated from living-animal skin cells grown on a plant-derived scaffold.
- Inlays set within metal bezels and protected under a glass dome cabochon.
- Options to choose hypoallergenic stainless steel or sterling silver for certain pieces.
- Offered in multiple size, color, and material combinations.
- Packaged in eco-friendly boxes cushioned with plant seed fiber used in the cultivation process.
- A proposed limited series would allow backers to select the specific named donor cow and receive a profile of that animal. For this series, a proposed plan includes providing a small, additional inlay piece from the same batch as a 'spare' or 'keepsake'.
- A proposed plan to conduct and share the results of a standard durability test (like a rub test) on the cultivated leather inlay to address potential backer concerns about longevity.
- A proposed plan to offer a low-cost reward tier providing a sample swatch of the cultivated leather on a display card.

## Target Users & Use Cases
The campaign speaks to people seeking animal-friendly, sustainable jewelry and those interested in owning a first-of-its-kind heirloom piece made from cultivated leather grown from a specific donor animal's cells. The proposed sample swatch tier is intended for backers who wish to verify the material's look and feel firsthand. The proposed limited donor-selection series with an additional keepsake inlay is intended for backers seeking a deeper personal connection to the source animal and material.

## Development Status
The team shows finished jewelry inlays and describes past milestones: cells were isolated harmlessly in 2023, prototypes include a pendant and a card holder made in early 2025, and the leather is grown with patent-pending plant-based scaffolding. They state there are no outside approvals required and that the technology and cell lines are owned by the creators.

## Roadmap & Delivery Plan
Planned actions include pilot testing to tune color and texture, inspecting scaffold density before use, preparing different concentrations of plant-based tanning ingredients, and securing jewelry settings after style counts are finalized at the end of the campaign. A proposed plan includes testing the cultivated leather inlays using a standard durability test (like a rub test) and sharing the results with backers. Production scaling will be addressed by adjusting modular cultivated-leather bioreactor technology and resources. If the limited donor-selection series is offered, plans would include finalizing the list of named donor animals and preparing their brief profiles. If this series is offered, a proposed plan would also include preparing the small, additional 'keepsake' inlay pieces from the same cultivated batches. If the sample swatch tier is offered, plans would include preparing the swatches and display cards.

## Why Crowdfunding / Use of Funds
Funds support bringing the cultivated-leather jewelry to backers: producing inlays, performing pilot tests for consistency, and procuring jewelry settings and sustainable packaging to deliver finished pieces. If offered, funds would also support producing sample swatches and display cards, and, for the proposed limited series, producing the additional 'keepsake' inlay pieces.

## Risks & Challenges
Stated risks include: loss of cryopreserved cells (mitigated by storage at multiple facilities); variability in final color and surface texture from vegetable tanning and scaffold differences (addressed through pilot testing and scaffold inspection); potential supply-chain changes requiring alternate jewelry settings of equal or better quality; and possible extended delivery times for later backers if demand is high.

## Team & Partnerships
The effort is led by a founder with long-term tissue-engineering experience and cellular-agriculture leadership since 2018, who worked with a sanctuary and veterinary professionals to isolate the donor cells.

## What's Included
Jewelry pieces with cultivated-leather inlays (e.g., a rectangular inlay approximately 10 mm × 50 mm) and, for some items, a waxed linen cord; components are housed in metal bezels and glass cabochons. For the proposed limited donor-selection series, a proposed plan includes providing a small, additional 'keepsake' inlay piece from the same batch. A proposed reward tier would include a cultivated leather sample swatch on a display card.

## Technical Details
- Plant-based scaffold from kapok seed fibers, needle-felted.
- Surface treatment with plant-derived ingredients (e.g., sunflower lecithin, zein protein) to promote cell attachment.
- Cells produce collagen that becomes vegetable-tanned leather.
- Approximate inlay dimension: 10 mm × 50 mm."
"local","5","L5.1","specialized_rewrite","L4.1","","False","prospective_framing_safeguard","[""A proposed plan includes including a small, high-resolution photo of the named donor cow with its profile in the packaging for this series.""]","True","accepted","[]","Prospective-framing safeguard overrode the model's rejection because every flagged claim is explicitly hypothetical, proposed, planned, or future-tense and none asserts an existing accomplishment. Initial model analysis: The candidate introduces a new specific feature (high-resolution photo inclusion in packaging) that is not framed as 'proposed', 'planned', 'targeted', or 'hypothetical' in the context where it appears. While the source material mentions 'a brief profile of that animal' as a proposed plan, the candidate presents the photo inclusion as part of the existing plan structure without the same explicit framing, making it appear as an established feature rather than a proposal.","## One-Sentence Summary

A line of heirloom jewelry uses real leather that is cultivated in bioreactors from a one-time, harmless skin-cell sample taken from a living, sanctuary-grazing cow, aiming to offer animal-friendly leather adornments.

## Problem
The creators frame conventional leather as dependent on animal harm and present a gap for ethically sourced, real leather that preserves the material's qualities without sacrificing animal welfare. They position the project as evidence that leather can be made while the donor animal continues to live and be cared for at a sanctuary.

## Solution / Product Overview
The project offers jewelry featuring inlays of cultivated leather grown from the donor cow's skin cells on a plant-based scaffold. The leather is produced in bioreactors and then vegetable-tanned, allowing the creators to present finished wearable pieces while asserting that no additional animal harvesting is required. A proposed plan is to offer a limited series where backers can select which specific sanctuary-grazing cow (from a small, named group) their leather cells originated from, accompanied by a brief profile of that animal. A proposed plan also includes offering a simple, low-cost reward tier for a cultivated leather sample swatch (e.g., 20mm x 20mm) mounted on a display card, allowing backers to physically inspect the material before committing to a full jewelry piece. A proposed plan is to offer a 'pairing' reward tier that includes both a sample swatch and a small, finished jewelry item (e.g., a simple keychain) using leather from the same donor cow, allowing backers to compare the material sample to a final product.

## Key Features & Capabilities
-   Real leather cultivated from living-animal skin cells grown on a plant-derived scaffold.
-   Inlays set within metal bezels and protected under a glass dome cabochon.
-   Options to choose hypoallergenic stainless steel or sterling silver for certain pieces.
-   Offered in multiple size, color, and material combinations.
-   Packaged in eco-friendly boxes cushioned with plant seed fiber used in the cultivation process.
-   A proposed limited series would allow backers to select the specific named donor cow and receive a profile of that animal. A proposed plan includes including a small, high-resolution photo of the named donor cow with its profile in the packaging for this series.
-   A proposed plan to conduct and share the results of a standard durability test (like a rub test) on the cultivated leather inlay to address potential backer concerns about longevity.
-   A proposed plan to offer a low-cost reward tier providing a sample swatch of the cultivated leather on a display card.
-   A proposed plan to offer a 'pairing' reward tier including a sample swatch and a small finished jewelry item (e.g., a keychain) from the same donor cow.

## Target Users & Use Cases
The campaign speaks to people seeking animal-friendly, sustainable jewelry and those interested in owning a first-of-its-kind heirloom piece made from cultivated leather grown from a specific donor animal's cells. The proposed sample swatch tier is intended for backers who wish to verify the material's look and feel firsthand. The proposed 'pairing' tier is intended for backers who want to both inspect the material and see it in a finished application.

## Development Status
The team shows finished jewelry inlays and describes past milestones: cells were isolated harmlessly in 2023, prototypes include a pendant and a card holder made in early 2025, and the leather is grown with patent-pending plant-based scaffolding. They state there are no outside approvals required and that the technology and cell lines are owned by the creators.

## Roadmap & Delivery Plan
Planned actions include pilot testing to tune color and texture, inspecting scaffold density before use, preparing different concentrations of plant-based tanning ingredients, and securing jewelry settings after style counts are finalized at the end of the campaign. A proposed plan includes testing the cultivated leather inlays using a standard durability test (like a rub test) and sharing the results with backers. Production scaling will be addressed by adjusting modular cultivated-leather bioreactor technology and resources. If the limited donor-selection series is offered, plans would include finalizing the list of named donor animals, preparing their brief profiles, and preparing the small, high-resolution photos for inclusion in packaging. If the sample swatch tier is offered, plans would include preparing the swatches and display cards. If the 'pairing' tier is offered, plans would include producing the small finished jewelry items (e.g., keychains) and coordinating them with matching sample swatches.

## Why Crowdfunding / Use of Funds
Funds support bringing the cultivated-leather jewelry to backers: producing inlays, performing pilot tests for consistency, and procuring jewelry settings and sustainable packaging to deliver finished pieces. If offered, funds would also support producing sample swatches and display cards. If offered, funds would also support producing the small finished jewelry items and coordinating them with sample swatches for the 'pairing' tier. If the limited donor-selection series is offered, funds would also support producing the small, high-resolution photos of the donor cows for packaging.

## Risks & Challenges
Stated risks include: loss of cryopreserved cells (mitigated by storage at multiple facilities); variability in final color and surface texture from vegetable tanning and scaffold differences (addressed through pilot testing and scaffold inspection); potential supply-chain changes requiring alternate jewelry settings of equal or better quality; and possible extended delivery times for later backers if demand is high.

## Team & Partnerships
The effort is led by a founder with long-term tissue-engineering experience and cellular-agriculture leadership since 2018, who worked with a sanctuary and veterinary professionals to isolate the donor cells.

## What's Included
Jewelry pieces with cultivated-leather inlays (e.g., a rectangular inlay approximately 10 mm × 50 mm) and, for some items, a waxed linen cord; components are housed in metal bezels and glass cabochons. A proposed reward tier would include a cultivated leather sample swatch on a display card. A proposed 'pairing' reward tier would include both a sample swatch and a small finished jewelry item (e.g., a keychain) using leather from the same donor cow. For the proposed limited series, a small, high-resolution photo of the named donor cow with its profile would be included in the packaging.

## Technical Details
-   Plant-based scaffold from kapok seed fibers, needle-felted.
-   Surface treatment with plant-derived ingredients (e.g., sunflower lecithin, zein protein) to promote cell attachment.
-   Cells produce collagen that becomes vegetable-tanned leather.
-   Approximate inlay dimension: 10 mm × 50 mm.","## One-Sentence Summary

A line of heirloom jewelry uses real leather that is cultivated in bioreactors from a one-time, harmless skin-cell sample taken from a living, sanctuary-grazing cow, aiming to offer animal-friendly leather adornments.

## Problem
The creators frame conventional leather as dependent on animal harm and present a gap for ethically sourced, real leather that preserves the material's qualities without sacrificing animal welfare. They position the project as evidence that leather can be made while the donor animal continues to live and be cared for at a sanctuary.

## Solution / Product Overview
The project offers jewelry featuring inlays of cultivated leather grown from the donor cow's skin cells on a plant-based scaffold. The leather is produced in bioreactors and then vegetable-tanned, allowing the creators to present finished wearable pieces while asserting that no additional animal harvesting is required. A proposed plan is to offer a limited series where backers can select which specific sanctuary-grazing cow (from a small, named group) their leather cells originated from, accompanied by a brief profile of that animal. A proposed plan also includes offering a simple, low-cost reward tier for a cultivated leather sample swatch (e.g., 20mm x 20mm) mounted on a display card, allowing backers to physically inspect the material before committing to a full jewelry piece. A proposed plan is to offer a 'pairing' reward tier that includes both a sample swatch and a small, finished jewelry item (e.g., a simple keychain) using leather from the same donor cow, allowing backers to compare the material sample to a final product.

## Key Features & Capabilities
-   Real leather cultivated from living-animal skin cells grown on a plant-derived scaffold.
-   Inlays set within metal bezels and protected under a glass dome cabochon.
-   Options to choose hypoallergenic stainless steel or sterling silver for certain pieces.
-   Offered in multiple size, color, and material combinations.
-   Packaged in eco-friendly boxes cushioned with plant seed fiber used in the cultivation process.
-   A proposed limited series would allow backers to select the specific named donor cow and receive a profile of that animal. A proposed plan includes including a small, high-resolution photo of the named donor cow with its profile in the packaging for this series.
-   A proposed plan to conduct and share the results of a standard durability test (like a rub test) on the cultivated leather inlay to address potential backer concerns about longevity.
-   A proposed plan to offer a low-cost reward tier providing a sample swatch of the cultivated leather on a display card.
-   A proposed plan to offer a 'pairing' reward tier including a sample swatch and a small finished jewelry item (e.g., a keychain) from the same donor cow.

## Target Users & Use Cases
The campaign speaks to people seeking animal-friendly, sustainable jewelry and those interested in owning a first-of-its-kind heirloom piece made from cultivated leather grown from a specific donor animal's cells. The proposed sample swatch tier is intended for backers who wish to verify the material's look and feel firsthand. The proposed 'pairing' tier is intended for backers who want to both inspect the material and see it in a finished application.

## Development Status
The team shows finished jewelry inlays and describes past milestones: cells were isolated harmlessly in 2023, prototypes include a pendant and a card holder made in early 2025, and the leather is grown with patent-pending plant-based scaffolding. They state there are no outside approvals required and that the technology and cell lines are owned by the creators.

## Roadmap & Delivery Plan
Planned actions include pilot testing to tune color and texture, inspecting scaffold density before use, preparing different concentrations of plant-based tanning ingredients, and securing jewelry settings after style counts are finalized at the end of the campaign. A proposed plan includes testing the cultivated leather inlays using a standard durability test (like a rub test) and sharing the results with backers. Production scaling will be addressed by adjusting modular cultivated-leather bioreactor technology and resources. If the limited donor-selection series is offered, plans would include finalizing the list of named donor animals, preparing their brief profiles, and preparing the small, high-resolution photos for inclusion in packaging. If the sample swatch tier is offered, plans would include preparing the swatches and display cards. If the 'pairing' tier is offered, plans would include producing the small finished jewelry items (e.g., keychains) and coordinating them with matching sample swatches.

## Why Crowdfunding / Use of Funds
Funds support bringing the cultivated-leather jewelry to backers: producing inlays, performing pilot tests for consistency, and procuring jewelry settings and sustainable packaging to deliver finished pieces. If offered, funds would also support producing sample swatches and display cards. If offered, funds would also support producing the small finished jewelry items and coordinating them with sample swatches for the 'pairing' tier. If the limited donor-selection series is offered, funds would also support producing the small, high-resolution photos of the donor cows for packaging.

## Risks & Challenges
Stated risks include: loss of cryopreserved cells (mitigated by storage at multiple facilities); variability in final color and surface texture from vegetable tanning and scaffold differences (addressed through pilot testing and scaffold inspection); potential supply-chain changes requiring alternate jewelry settings of equal or better quality; and possible extended delivery times for later backers if demand is high.

## Team & Partnerships
The effort is led by a founder with long-term tissue-engineering experience and cellular-agriculture leadership since 2018, who worked with a sanctuary and veterinary professionals to isolate the donor cells.

## What's Included
Jewelry pieces with cultivated-leather inlays (e.g., a rectangular inlay approximately 10 mm × 50 mm) and, for some items, a waxed linen cord; components are housed in metal bezels and glass cabochons. A proposed reward tier would include a cultivated leather sample swatch on a display card. A proposed 'pairing' reward tier would include both a sample swatch and a small finished jewelry item (e.g., a keychain) using leather from the same donor cow. For the proposed limited series, a small, high-resolution photo of the named donor cow with its profile would be included in the packaging.

## Technical Details
-   Plant-based scaffold from kapok seed fibers, needle-felted.
-   Surface treatment with plant-derived ingredients (e.g., sunflower lecithin, zein protein) to promote cell attachment.
-   Cells produce collagen that becomes vegetable-tanned leather.
-   Approximate inlay dimension: 10 mm × 50 mm."
"local","5","L5.2","specialized_rewrite","L4.1","","True","model_audit","[]","True","accepted","[]","All statements about existing real-world evidence or status (e.g., development milestones, team credentials, technology ownership) are supported by the source material. The candidate's additions (the 'material passport' concept) are consistently framed as proposed plans, targets, or future actions (e.g., 'A proposed plan is to offer...', 'If the 'material passport' is offered...'). No unsupported claims of existing traction, customers, partnerships, or accomplishments were introduced.","## One-Sentence Summary

A line of heirloom jewelry uses real leather that is cultivated in bioreactors from a one-time, harmless skin-cell sample taken from a living, sanctuary-grazing cow, aiming to offer animal-friendly leather adornments.

## Problem
The creators frame conventional leather as dependent on animal harm and present a gap for ethically sourced, real leather that preserves the material's qualities without sacrificing animal welfare. They position the project as evidence that leather can be made while the donor animal continues to live and be cared for at a sanctuary.

## Solution / Product Overview
The project offers jewelry featuring inlays of cultivated leather grown from the donor cow's skin cells on a plant-based scaffold. The leather is produced in bioreactors and then vegetable-tanned, allowing the creators to present finished wearable pieces while asserting that no additional animal harvesting is required. A proposed plan is to offer a limited series where backers can select which specific sanctuary-grazing cow (from a small, named group) their leather cells originated from, accompanied by a brief profile of that animal. A proposed plan also includes offering a simple, low-cost reward tier for a cultivated leather sample swatch (e.g., 20mm x 20mm) mounted on a display card, allowing backers to physically inspect the material before committing to a full jewelry piece. A proposed plan is to offer a 'pairing' reward tier that includes both a sample swatch and a small, finished jewelry item (e.g., a simple keychain) using leather from the same donor cow, allowing backers to compare the material sample to a final product. A proposed plan is to offer a simple, digital 'material passport' (e.g., a QR code) linking to details about the cultivation process, tanning, and the specific donor cow.

## Key Features & Capabilities
-   Real leather cultivated from living-animal skin cells grown on a plant-derived scaffold.
-   Inlays set within metal bezels and protected under a glass dome cabochon.
-   Options to choose hypoallergenic stainless steel or sterling silver for certain pieces.
-   Offered in multiple size, color, and material combinations.
-   Packaged in eco-friendly boxes cushioned with plant seed fiber used in the cultivation process.
-   A proposed limited series would allow backers to select the specific named donor cow and receive a profile of that animal.
-   A proposed plan to conduct and share the results of a standard durability test (like a rub test) on the cultivated leather inlay to address potential backer concerns about longevity.
-   A proposed plan to offer a low-cost reward tier providing a sample swatch of the cultivated leather on a display card.
-   A proposed plan to offer a 'pairing' reward tier including a sample swatch and a small finished jewelry item (e.g., a keychain) from the same donor cow.
-   A proposed plan to offer a simple, digital 'material passport' (e.g., a QR code) linking to details about the cultivation process, tanning, and the specific donor cow.

## Target Users & Use Cases
The campaign speaks to people seeking animal-friendly, sustainable jewelry and those interested in owning a first-of-its-kind heirloom piece made from cultivated leather grown from a specific donor animal's cells. The proposed sample swatch tier is intended for backers who wish to verify the material's look and feel firsthand. The proposed 'pairing' tier is intended for backers who want to both inspect the material and see it in a finished application. The proposed 'material passport' is intended to increase transparency for backers interested in the material's origin and production story.

## Development Status
The team shows finished jewelry inlays and describes past milestones: cells were isolated harmlessly in 2023, prototypes include a pendant and a card holder made in early 2025, and the leather is grown with patent-pending plant-based scaffolding. They state there are no outside approvals required and that the technology and cell lines are owned by the creators.

## Roadmap & Delivery Plan
Planned actions include pilot testing to tune color and texture, inspecting scaffold density before use, preparing different concentrations of plant-based tanning ingredients, and securing jewelry settings after style counts are finalized at the end of the campaign. A proposed plan includes testing the cultivated leather inlays using a standard durability test (like a rub test) and sharing the results with backers. Production scaling will be addressed by adjusting modular cultivated-leather bioreactor technology and resources. If the limited donor-selection series is offered, plans would include finalizing the list of named donor animals and preparing their brief profiles. If the sample swatch tier is offered, plans would include preparing the swatches and display cards. If the 'pairing' tier is offered, plans would include producing the small finished jewelry items (e.g., keychains) and coordinating them with matching sample swatches. If the 'material passport' is offered, plans would include creating the digital content and generating unique QR codes.

## Why Crowdfunding / Use of Funds
Funds support bringing the cultivated-leather jewelry to backers: producing inlays, performing pilot tests for consistency, and procuring jewelry settings and sustainable packaging to deliver finished pieces. If offered, funds would also support producing sample swatches and display cards. If offered, funds would also support producing the small finished jewelry items and coordinating them with sample swatches for the 'pairing' tier. If offered, funds would also support the development and hosting of the 'material passport' digital content.

## Risks & Challenges
Stated risks include: loss of cryopreserved cells (mitigated by storage at multiple facilities); variability in final color and surface texture from vegetable tanning and scaffold differences (addressed through pilot testing and scaffold inspection); potential supply-chain changes requiring alternate jewelry settings of equal or better quality; and possible extended delivery times for later backers if demand is high.

## Team & Partnerships
The effort is led by a founder with long-term tissue-engineering experience and cellular-agriculture leadership since 2018, who worked with a sanctuary and veterinary professionals to isolate the donor cells.

## What's Included
Jewelry pieces with cultivated-leather inlays (e.g., a rectangular inlay approximately 10 mm × 50 mm) and, for some items, a waxed linen cord; components are housed in metal bezels and glass cabochons. A proposed reward tier would include a cultivated leather sample swatch on a display card. A proposed 'pairing' reward tier would include both a sample swatch and a small finished jewelry item (e.g., a keychain) using leather from the same donor cow. A proposed plan includes offering a simple, digital 'material passport' (e.g., a QR code) linking to details about the cultivation process, tanning, and the specific donor cow.

## Technical Details
-   Plant-based scaffold from kapok seed fibers, needle-felted.
-   Surface treatment with plant-derived ingredients (e.g., sunflower lecithin, zein protein) to promote cell attachment.
-   Cells produce collagen that becomes vegetable-tanned leather.
-   Approximate inlay dimension: 10 mm × 50 mm.","## One-Sentence Summary

A line of heirloom jewelry uses real leather that is cultivated in bioreactors from a one-time, harmless skin-cell sample taken from a living, sanctuary-grazing cow, aiming to offer animal-friendly leather adornments.

## Problem
The creators frame conventional leather as dependent on animal harm and present a gap for ethically sourced, real leather that preserves the material's qualities without sacrificing animal welfare. They position the project as evidence that leather can be made while the donor animal continues to live and be cared for at a sanctuary.

## Solution / Product Overview
The project offers jewelry featuring inlays of cultivated leather grown from the donor cow's skin cells on a plant-based scaffold. The leather is produced in bioreactors and then vegetable-tanned, allowing the creators to present finished wearable pieces while asserting that no additional animal harvesting is required. A proposed plan is to offer a limited series where backers can select which specific sanctuary-grazing cow (from a small, named group) their leather cells originated from, accompanied by a brief profile of that animal. A proposed plan also includes offering a simple, low-cost reward tier for a cultivated leather sample swatch (e.g., 20mm x 20mm) mounted on a display card, allowing backers to physically inspect the material before committing to a full jewelry piece. A proposed plan is to offer a 'pairing' reward tier that includes both a sample swatch and a small, finished jewelry item (e.g., a simple keychain) using leather from the same donor cow, allowing backers to compare the material sample to a final product. A proposed plan is to offer a simple, digital 'material passport' (e.g., a QR code) linking to details about the cultivation process, tanning, and the specific donor cow.

## Key Features & Capabilities
-   Real leather cultivated from living-animal skin cells grown on a plant-derived scaffold.
-   Inlays set within metal bezels and protected under a glass dome cabochon.
-   Options to choose hypoallergenic stainless steel or sterling silver for certain pieces.
-   Offered in multiple size, color, and material combinations.
-   Packaged in eco-friendly boxes cushioned with plant seed fiber used in the cultivation process.
-   A proposed limited series would allow backers to select the specific named donor cow and receive a profile of that animal.
-   A proposed plan to conduct and share the results of a standard durability test (like a rub test) on the cultivated leather inlay to address potential backer concerns about longevity.
-   A proposed plan to offer a low-cost reward tier providing a sample swatch of the cultivated leather on a display card.
-   A proposed plan to offer a 'pairing' reward tier including a sample swatch and a small finished jewelry item (e.g., a keychain) from the same donor cow.
-   A proposed plan to offer a simple, digital 'material passport' (e.g., a QR code) linking to details about the cultivation process, tanning, and the specific donor cow.

## Target Users & Use Cases
The campaign speaks to people seeking animal-friendly, sustainable jewelry and those interested in owning a first-of-its-kind heirloom piece made from cultivated leather grown from a specific donor animal's cells. The proposed sample swatch tier is intended for backers who wish to verify the material's look and feel firsthand. The proposed 'pairing' tier is intended for backers who want to both inspect the material and see it in a finished application. The proposed 'material passport' is intended to increase transparency for backers interested in the material's origin and production story.

## Development Status
The team shows finished jewelry inlays and describes past milestones: cells were isolated harmlessly in 2023, prototypes include a pendant and a card holder made in early 2025, and the leather is grown with patent-pending plant-based scaffolding. They state there are no outside approvals required and that the technology and cell lines are owned by the creators.

## Roadmap & Delivery Plan
Planned actions include pilot testing to tune color and texture, inspecting scaffold density before use, preparing different concentrations of plant-based tanning ingredients, and securing jewelry settings after style counts are finalized at the end of the campaign. A proposed plan includes testing the cultivated leather inlays using a standard durability test (like a rub test) and sharing the results with backers. Production scaling will be addressed by adjusting modular cultivated-leather bioreactor technology and resources. If the limited donor-selection series is offered, plans would include finalizing the list of named donor animals and preparing their brief profiles. If the sample swatch tier is offered, plans would include preparing the swatches and display cards. If the 'pairing' tier is offered, plans would include producing the small finished jewelry items (e.g., keychains) and coordinating them with matching sample swatches. If the 'material passport' is offered, plans would include creating the digital content and generating unique QR codes.

## Why Crowdfunding / Use of Funds
Funds support bringing the cultivated-leather jewelry to backers: producing inlays, performing pilot tests for consistency, and procuring jewelry settings and sustainable packaging to deliver finished pieces. If offered, funds would also support producing sample swatches and display cards. If offered, funds would also support producing the small finished jewelry items and coordinating them with sample swatches for the 'pairing' tier. If offered, funds would also support the development and hosting of the 'material passport' digital content.

## Risks & Challenges
Stated risks include: loss of cryopreserved cells (mitigated by storage at multiple facilities); variability in final color and surface texture from vegetable tanning and scaffold differences (addressed through pilot testing and scaffold inspection); potential supply-chain changes requiring alternate jewelry settings of equal or better quality; and possible extended delivery times for later backers if demand is high.

## Team & Partnerships
The effort is led by a founder with long-term tissue-engineering experience and cellular-agriculture leadership since 2018, who worked with a sanctuary and veterinary professionals to isolate the donor cells.

## What's Included
Jewelry pieces with cultivated-leather inlays (e.g., a rectangular inlay approximately 10 mm × 50 mm) and, for some items, a waxed linen cord; components are housed in metal bezels and glass cabochons. A proposed reward tier would include a cultivated leather sample swatch on a display card. A proposed 'pairing' reward tier would include both a sample swatch and a small finished jewelry item (e.g., a keychain) using leather from the same donor cow. A proposed plan includes offering a simple, digital 'material passport' (e.g., a QR code) linking to details about the cultivation process, tanning, and the specific donor cow.

## Technical Details
-   Plant-based scaffold from kapok seed fibers, needle-felted.
-   Surface treatment with plant-derived ingredients (e.g., sunflower lecithin, zein protein) to promote cell attachment.
-   Cells produce collagen that becomes vegetable-tanned leather.
-   Approximate inlay dimension: 10 mm × 50 mm."
"local","5","L5.3","specialized_rewrite","L4.1","","False","prospective_framing_safeguard","[""A proposed plan to conduct a small, controlled water-resistance test on the cultivated leather inlay and share the results with backers to address a common consumer concern."", ""A proposed plan includes conducting a small, controlled water-resistance test on the cultivated leather inlay and sharing the results with backers.""]","True","accepted","[]","Prospective-framing safeguard overrode the model's rejection because every flagged claim is explicitly hypothetical, proposed, planned, or future-tense and none asserts an existing accomplishment. Initial model analysis: The candidate introduces two new claims about planned water-resistance testing that are not present in the authorized source material. While the source mentions a proposed durability test (rub test), it does not mention any water-resistance testing. These claims are presented as 'proposed plans' but since they are not supported by the source material, they constitute unsupported additions to the factual record.","## One-Sentence Summary

A line of heirloom jewelry uses real leather that is cultivated in bioreactors from a one-time, harmless skin-cell sample taken from a living, sanctuary-grazing cow, aiming to offer animal-friendly leather adornments.

## Problem
The creators frame conventional leather as dependent on animal harm and present a gap for ethically sourced, real leather that preserves the material's qualities without sacrificing animal welfare. They position the project as evidence that leather can be made while the donor animal continues to live and be cared for at a sanctuary.

## Solution / Product Overview
The project offers jewelry featuring inlays of cultivated leather grown from the donor cow's skin cells on a plant-based scaffold. The leather is produced in bioreactors and then vegetable-tanned, allowing the creators to present finished wearable pieces while asserting that no additional animal harvesting is required. A proposed plan is to offer a limited series where backers can select which specific sanctuary-grazing cow (from a small, named group) their leather cells originated from, accompanied by a brief profile of that animal. A proposed plan also includes offering a simple, low-cost reward tier for a cultivated leather sample swatch (e.g., 20mm x 20mm) mounted on a display card, allowing backers to physically inspect the material before committing to a full jewelry piece. A proposed plan is to offer a 'pairing' reward tier that includes both a sample swatch and a small, finished jewelry item (e.g., a simple keychain) using leather from the same donor cow, allowing backers to compare the material sample to a final product.

## Key Features & Capabilities
-   Real leather cultivated from living-animal skin cells grown on a plant-derived scaffold.
-   Inlays set within metal bezels and protected under a glass dome cabochon.
-   Options to choose hypoallergenic stainless steel or sterling silver for certain pieces.
-   Offered in multiple size, color, and material combinations.
-   Packaged in eco-friendly boxes cushioned with plant seed fiber used in the cultivation process.
-   A proposed limited series would allow backers to select the specific named donor cow and receive a profile of that animal.
-   A proposed plan to conduct and share the results of a standard durability test (like a rub test) on the cultivated leather inlay to address potential backer concerns about longevity.
-   A proposed plan to conduct a small, controlled water-resistance test on the cultivated leather inlay and share the results with backers to address a common consumer concern.
-   A proposed plan to offer a low-cost reward tier providing a sample swatch of the cultivated leather on a display card.
-   A proposed plan to offer a 'pairing' reward tier including a sample swatch and a small finished jewelry item (e.g., a keychain) from the same donor cow.

## Target Users & Use Cases
The campaign speaks to people seeking animal-friendly, sustainable jewelry and those interested in owning a first-of-its-kind heirloom piece made from cultivated leather grown from a specific donor animal's cells. The proposed sample swatch tier is intended for backers who wish to verify the material's look and feel firsthand. The proposed 'pairing' tier is intended for backers who want to both inspect the material and see it in a finished application.

## Development Status
The team shows finished jewelry inlays and describes past milestones: cells were isolated harmlessly in 2023, prototypes include a pendant and a card holder made in early 2025, and the leather is grown with patent-pending plant-based scaffolding. They state there are no outside approvals required and that the technology and cell lines are owned by the creators.

## Roadmap & Delivery Plan
Planned actions include pilot testing to tune color and texture, inspecting scaffold density before use, preparing different concentrations of plant-based tanning ingredients, and securing jewelry settings after style counts are finalized at the end of the campaign. A proposed plan includes testing the cultivated leather inlays using a standard durability test (like a rub test) and sharing the results with backers. A proposed plan includes conducting a small, controlled water-resistance test on the cultivated leather inlay and sharing the results with backers. Production scaling will be addressed by adjusting modular cultivated-leather bioreactor technology and resources. If the limited donor-selection series is offered, plans would include finalizing the list of named donor animals and preparing their brief profiles. If the sample swatch tier is offered, plans would include preparing the swatches and display cards. If the 'pairing' tier is offered, plans would include producing the small finished jewelry items (e.g., keychains) and coordinating them with matching sample swatches.

## Why Crowdfunding / Use of Funds
Funds support bringing the cultivated-leather jewelry to backers: producing inlays, performing pilot tests for consistency, and procuring jewelry settings and sustainable packaging to deliver finished pieces. If offered, funds would also support producing sample swatches and display cards. If offered, funds would also support producing the small finished jewelry items and coordinating them with sample swatches for the 'pairing' tier.

## Risks & Challenges
Stated risks include: loss of cryopreserved cells (mitigated by storage at multiple facilities); variability in final color and surface texture from vegetable tanning and scaffold differences (addressed through pilot testing and scaffold inspection); potential supply-chain changes requiring alternate jewelry settings of equal or better quality; and possible extended delivery times for later backers if demand is high.

## Team & Partnerships
The effort is led by a founder with long-term tissue-engineering experience and cellular-agriculture leadership since 2018, who worked with a sanctuary and veterinary professionals to isolate the donor cells.

## What's Included
Jewelry pieces with cultivated-leather inlays (e.g., a rectangular inlay approximately 10 mm × 50 mm) and, for some items, a waxed linen cord; components are housed in metal bezels and glass cabochons. A proposed reward tier would include a cultivated leather sample swatch on a display card. A proposed 'pairing' reward tier would include both a sample swatch and a small finished jewelry item (e.g., a keychain) using leather from the same donor cow.

## Technical Details
-   Plant-based scaffold from kapok seed fibers, needle-felted.
-   Surface treatment with plant-derived ingredients (e.g., sunflower lecithin, zein protein) to promote cell attachment.
-   Cells produce collagen that becomes vegetable-tanned leather.
-   Approximate inlay dimension: 10 mm × 50 mm.","## One-Sentence Summary

A line of heirloom jewelry uses real leather that is cultivated in bioreactors from a one-time, harmless skin-cell sample taken from a living, sanctuary-grazing cow, aiming to offer animal-friendly leather adornments.

## Problem
The creators frame conventional leather as dependent on animal harm and present a gap for ethically sourced, real leather that preserves the material's qualities without sacrificing animal welfare. They position the project as evidence that leather can be made while the donor animal continues to live and be cared for at a sanctuary.

## Solution / Product Overview
The project offers jewelry featuring inlays of cultivated leather grown from the donor cow's skin cells on a plant-based scaffold. The leather is produced in bioreactors and then vegetable-tanned, allowing the creators to present finished wearable pieces while asserting that no additional animal harvesting is required. A proposed plan is to offer a limited series where backers can select which specific sanctuary-grazing cow (from a small, named group) their leather cells originated from, accompanied by a brief profile of that animal. A proposed plan also includes offering a simple, low-cost reward tier for a cultivated leather sample swatch (e.g., 20mm x 20mm) mounted on a display card, allowing backers to physically inspect the material before committing to a full jewelry piece. A proposed plan is to offer a 'pairing' reward tier that includes both a sample swatch and a small, finished jewelry item (e.g., a simple keychain) using leather from the same donor cow, allowing backers to compare the material sample to a final product.

## Key Features & Capabilities
-   Real leather cultivated from living-animal skin cells grown on a plant-derived scaffold.
-   Inlays set within metal bezels and protected under a glass dome cabochon.
-   Options to choose hypoallergenic stainless steel or sterling silver for certain pieces.
-   Offered in multiple size, color, and material combinations.
-   Packaged in eco-friendly boxes cushioned with plant seed fiber used in the cultivation process.
-   A proposed limited series would allow backers to select the specific named donor cow and receive a profile of that animal.
-   A proposed plan to conduct and share the results of a standard durability test (like a rub test) on the cultivated leather inlay to address potential backer concerns about longevity.
-   A proposed plan to conduct a small, controlled water-resistance test on the cultivated leather inlay and share the results with backers to address a common consumer concern.
-   A proposed plan to offer a low-cost reward tier providing a sample swatch of the cultivated leather on a display card.
-   A proposed plan to offer a 'pairing' reward tier including a sample swatch and a small finished jewelry item (e.g., a keychain) from the same donor cow.

## Target Users & Use Cases
The campaign speaks to people seeking animal-friendly, sustainable jewelry and those interested in owning a first-of-its-kind heirloom piece made from cultivated leather grown from a specific donor animal's cells. The proposed sample swatch tier is intended for backers who wish to verify the material's look and feel firsthand. The proposed 'pairing' tier is intended for backers who want to both inspect the material and see it in a finished application.

## Development Status
The team shows finished jewelry inlays and describes past milestones: cells were isolated harmlessly in 2023, prototypes include a pendant and a card holder made in early 2025, and the leather is grown with patent-pending plant-based scaffolding. They state there are no outside approvals required and that the technology and cell lines are owned by the creators.

## Roadmap & Delivery Plan
Planned actions include pilot testing to tune color and texture, inspecting scaffold density before use, preparing different concentrations of plant-based tanning ingredients, and securing jewelry settings after style counts are finalized at the end of the campaign. A proposed plan includes testing the cultivated leather inlays using a standard durability test (like a rub test) and sharing the results with backers. A proposed plan includes conducting a small, controlled water-resistance test on the cultivated leather inlay and sharing the results with backers. Production scaling will be addressed by adjusting modular cultivated-leather bioreactor technology and resources. If the limited donor-selection series is offered, plans would include finalizing the list of named donor animals and preparing their brief profiles. If the sample swatch tier is offered, plans would include preparing the swatches and display cards. If the 'pairing' tier is offered, plans would include producing the small finished jewelry items (e.g., keychains) and coordinating them with matching sample swatches.

## Why Crowdfunding / Use of Funds
Funds support bringing the cultivated-leather jewelry to backers: producing inlays, performing pilot tests for consistency, and procuring jewelry settings and sustainable packaging to deliver finished pieces. If offered, funds would also support producing sample swatches and display cards. If offered, funds would also support producing the small finished jewelry items and coordinating them with sample swatches for the 'pairing' tier.

## Risks & Challenges
Stated risks include: loss of cryopreserved cells (mitigated by storage at multiple facilities); variability in final color and surface texture from vegetable tanning and scaffold differences (addressed through pilot testing and scaffold inspection); potential supply-chain changes requiring alternate jewelry settings of equal or better quality; and possible extended delivery times for later backers if demand is high.

## Team & Partnerships
The effort is led by a founder with long-term tissue-engineering experience and cellular-agriculture leadership since 2018, who worked with a sanctuary and veterinary professionals to isolate the donor cells.

## What's Included
Jewelry pieces with cultivated-leather inlays (e.g., a rectangular inlay approximately 10 mm × 50 mm) and, for some items, a waxed linen cord; components are housed in metal bezels and glass cabochons. A proposed reward tier would include a cultivated leather sample swatch on a display card. A proposed 'pairing' reward tier would include both a sample swatch and a small finished jewelry item (e.g., a keychain) using leather from the same donor cow.

## Technical Details
-   Plant-based scaffold from kapok seed fibers, needle-felted.
-   Surface treatment with plant-derived ingredients (e.g., sunflower lecithin, zein protein) to promote cell attachment.
-   Cells produce collagen that becomes vegetable-tanned leather.
-   Approximate inlay dimension: 10 mm × 50 mm."
"local","5","L5.4","specialized_rewrite","L4.1","","False","model_audit","[""prototypes include a pendant and a card holder made in early 2025""]","False","fallback_parent","[""prototypes include a pendant and a card holder made in early 2025""]","The candidate states that prototypes include a card holder made in early 2025. The authorized source material only mentions prototypes include a pendant and a card holder, with no date specified for the card holder. The addition of 'in early 2025' is an unsupported claim about a specific development milestone date not present in the source. All other additions (e.g., the unfinished tile tier) are explicitly framed as proposed plans and are therefore permissible.","## One-Sentence Summary

A line of heirloom jewelry uses real leather that is cultivated in bioreactors from a one-time, harmless skin-cell sample taken from a living, sanctuary-grazing cow, aiming to offer animal-friendly leather adornments.

## Problem
The creators frame conventional leather as dependent on animal harm and present a gap for ethically sourced, real leather that preserves the material's qualities without sacrificing animal welfare. They position the project as evidence that leather can be made while the donor animal continues to live and be cared for at a sanctuary.

## Solution / Product Overview
The project offers jewelry featuring inlays of cultivated leather grown from the donor cow's skin cells on a plant-based scaffold. The leather is produced in bioreactors and then vegetable-tanned, allowing the creators to present finished wearable pieces while asserting that no additional animal harvesting is required. A proposed plan is to offer a limited series where backers can select which specific sanctuary-grazing cow (from a small, named group) their leather cells originated from, accompanied by a brief profile of that animal. A proposed plan also includes offering a simple, low-cost reward tier for a cultivated leather sample swatch (e.g., 20mm x 20mm) mounted on a display card, allowing backers to physically inspect the material before committing to a full jewelry piece. A proposed plan is to offer a 'pairing' reward tier that includes both a sample swatch and a small, finished jewelry item (e.g., a simple keychain) using leather from the same donor cow, allowing backers to compare the material sample to a final product. A proposed plan is to create a very limited reward tier for a simple, unfinished cultivated leather 'tile' (e.g., 30mm x 30mm) for backers interested in material experimentation or craft projects.

## Key Features & Capabilities
-   Real leather cultivated from living-animal skin cells grown on a plant-derived scaffold.
-   Inlays set within metal bezels and protected under a glass dome cabochon.
-   Options to choose hypoallergenic stainless steel or sterling silver for certain pieces.
-   Offered in multiple size, color, and material combinations.
-   Packaged in eco-friendly boxes cushioned with plant seed fiber used in the cultivation process.
-   A proposed limited series would allow backers to select the specific named donor cow and receive a profile of that animal.
-   A proposed plan to conduct and share the results of a standard durability test (like a rub test) on the cultivated leather inlay to address potential backer concerns about longevity.
-   A proposed plan to offer a low-cost reward tier providing a sample swatch of the cultivated leather on a display card.
-   A proposed plan to offer a 'pairing' reward tier including a sample swatch and a small finished jewelry item (e.g., a keychain) from the same donor cow.
-   A proposed plan to offer a very limited reward tier for an unfinished cultivated leather tile for material experimentation or craft projects.

## Target Users & Use Cases
The campaign speaks to people seeking animal-friendly, sustainable jewelry and those interested in owning a first-of-its-kind heirloom piece made from cultivated leather grown from a specific donor animal's cells. The proposed sample swatch tier is intended for backers who wish to verify the material's look and feel firsthand. The proposed 'pairing' tier is intended for backers who want to both inspect the material and see it in a finished application. The proposed unfinished tile tier is intended for backers interested in material experimentation or craft projects.

## Development Status
The team shows finished jewelry inlays and describes past milestones: cells were isolated harmlessly in 2023, prototypes include a pendant and a card holder made in early 2025, and the leather is grown with patent-pending plant-based scaffolding. They state there are no outside approvals required and that the technology and cell lines are owned by the creators.

## Roadmap & Delivery Plan
Planned actions include pilot testing to tune color and texture, inspecting scaffold density before use, preparing different concentrations of plant-based tanning ingredients, and securing jewelry settings after style counts are finalized at the end of the campaign. A proposed plan includes testing the cultivated leather inlays using a standard durability test (like a rub test) and sharing the results with backers. Production scaling will be addressed by adjusting modular cultivated-leather bioreactor technology and resources. If the limited donor-selection series is offered, plans would include finalizing the list of named donor animals and preparing their brief profiles. If the sample swatch tier is offered, plans would include preparing the swatches and display cards. If the 'pairing' tier is offered, plans would include producing the small finished jewelry items (e.g., keychains) and coordinating them with matching sample swatches. If the unfinished tile tier is offered, plans would include producing the tiles.

## Why Crowdfunding / Use of Funds
Funds support bringing the cultivated-leather jewelry to backers: producing inlays, performing pilot tests for consistency, and procuring jewelry settings and sustainable packaging to deliver finished pieces. If offered, funds would also support producing sample swatches and display cards. If offered, funds would also support producing the small finished jewelry items and coordinating them with sample swatches for the 'pairing' tier. If offered, funds would also support producing the unfinished leather tiles.

## Risks & Challenges
Stated risks include: loss of cryopreserved cells (mitigated by storage at multiple facilities); variability in final color and surface texture from vegetable tanning and scaffold differences (addressed through pilot testing and scaffold inspection); potential supply-chain changes requiring alternate jewelry settings of equal or better quality; and possible extended delivery times for later backers if demand is high.

## Team & Partnerships
The effort is led by a founder with long-term tissue-engineering experience and cellular-agriculture leadership since 2018, who worked with a sanctuary and veterinary professionals to isolate the donor cells.

## What's Included
Jewelry pieces with cultivated-leather inlays (e.g., a rectangular inlay approximately 10 mm × 50 mm) and, for some items, a waxed linen cord; components are housed in metal bezels and glass cabochons. A proposed reward tier would include a cultivated leather sample swatch on a display card. A proposed 'pairing' reward tier would include both a sample swatch and a small finished jewelry item (e.g., a keychain) using leather from the same donor cow. A proposed reward tier would include a simple, unfinished cultivated leather tile.

## Technical Details
-   Plant-based scaffold from kapok seed fibers, needle-felted.
-   Surface treatment with plant-derived ingredients (e.g., sunflower lecithin, zein protein) to promote cell attachment.
-   Cells produce collagen that becomes vegetable-tanned leather.
-   Approximate inlay dimension: 10 mm × 50 mm.","## One-Sentence Summary

A line of heirloom jewelry uses real leather that is cultivated in bioreactors from a one-time, harmless skin-cell sample taken from a living, sanctuary-grazing cow, aiming to offer animal-friendly leather adornments.

## Problem
The creators frame conventional leather as dependent on animal harm and present a gap for ethically sourced, real leather that preserves the material's qualities without sacrificing animal welfare. They position the project as evidence that leather can be made while the donor animal continues to live and be cared for at a sanctuary.

## Solution / Product Overview
The project offers jewelry featuring inlays of cultivated leather grown from the donor cow's skin cells on a plant-based scaffold. The leather is produced in bioreactors and then vegetable-tanned, allowing the creators to present finished wearable pieces while asserting that no additional animal harvesting is required. A proposed plan is to offer a limited series where backers can select which specific sanctuary-grazing cow (from a small, named group) their leather cells originated from, accompanied by a brief profile of that animal. A proposed plan also includes offering a simple, low-cost reward tier for a cultivated leather sample swatch (e.g., 20mm x 20mm) mounted on a display card, allowing backers to physically inspect the material before committing to a full jewelry piece. A proposed plan is to offer a 'pairing' reward tier that includes both a sample swatch and a small, finished jewelry item (e.g., a simple keychain) using leather from the same donor cow, allowing backers to compare the material sample to a final product.

## Key Features & Capabilities
-   Real leather cultivated from living-animal skin cells grown on a plant-derived scaffold.
-   Inlays set within metal bezels and protected under a glass dome cabochon.
-   Options to choose hypoallergenic stainless steel or sterling silver for certain pieces.
-   Offered in multiple size, color, and material combinations.
-   Packaged in eco-friendly boxes cushioned with plant seed fiber used in the cultivation process.
-   A proposed limited series would allow backers to select the specific named donor cow and receive a profile of that animal.
-   A proposed plan to conduct and share the results of a standard durability test (like a rub test) on the cultivated leather inlay to address potential backer concerns about longevity.
-   A proposed plan to offer a low-cost reward tier providing a sample swatch of the cultivated leather on a display card.
-   A proposed plan to offer a 'pairing' reward tier including a sample swatch and a small finished jewelry item (e.g., a keychain) from the same donor cow.

## Target Users & Use Cases
The campaign speaks to people seeking animal-friendly, sustainable jewelry and those interested in owning a first-of-its-kind heirloom piece made from cultivated leather grown from a specific donor animal's cells. The proposed sample swatch tier is intended for backers who wish to verify the material's look and feel firsthand. The proposed 'pairing' tier is intended for backers who want to both inspect the material and see it in a finished application.

## Development Status
The team shows finished jewelry inlays and describes past milestones: cells were isolated harmlessly in 2023, prototypes include a pendant and a card holder made in early 2025, and the leather is grown with patent-pending plant-based scaffolding. They state there are no outside approvals required and that the technology and cell lines are owned by the creators.

## Roadmap & Delivery Plan
Planned actions include pilot testing to tune color and texture, inspecting scaffold density before use, preparing different concentrations of plant-based tanning ingredients, and securing jewelry settings after style counts are finalized at the end of the campaign. A proposed plan includes testing the cultivated leather inlays using a standard durability test (like a rub test) and sharing the results with backers. Production scaling will be addressed by adjusting modular cultivated-leather bioreactor technology and resources. If the limited donor-selection series is offered, plans would include finalizing the list of named donor animals and preparing their brief profiles. If the sample swatch tier is offered, plans would include preparing the swatches and display cards. If the 'pairing' tier is offered, plans would include producing the small finished jewelry items (e.g., keychains) and coordinating them with matching sample swatches.

## Why Crowdfunding / Use of Funds
Funds support bringing the cultivated-leather jewelry to backers: producing inlays, performing pilot tests for consistency, and procuring jewelry settings and sustainable packaging to deliver finished pieces. If offered, funds would also support producing sample swatches and display cards. If offered, funds would also support producing the small finished jewelry items and coordinating them with sample swatches for the 'pairing' tier.

## Risks & Challenges
Stated risks include: loss of cryopreserved cells (mitigated by storage at multiple facilities); variability in final color and surface texture from vegetable tanning and scaffold differences (addressed through pilot testing and scaffold inspection); potential supply-chain changes requiring alternate jewelry settings of equal or better quality; and possible extended delivery times for later backers if demand is high.

## Team & Partnerships
The effort is led by a founder with long-term tissue-engineering experience and cellular-agriculture leadership since 2018, who worked with a sanctuary and veterinary professionals to isolate the donor cells.

## What's Included
Jewelry pieces with cultivated-leather inlays (e.g., a rectangular inlay approximately 10 mm × 50 mm) and, for some items, a waxed linen cord; components are housed in metal bezels and glass cabochons. A proposed reward tier would include a cultivated leather sample swatch on a display card. A proposed 'pairing' reward tier would include both a sample swatch and a small finished jewelry item (e.g., a keychain) using leather from the same donor cow.

## Technical Details
-   Plant-based scaffold from kapok seed fibers, needle-felted.
-   Surface treatment with plant-derived ingredients (e.g., sunflower lecithin, zein protein) to promote cell attachment.
-   Cells produce collagen that becomes vegetable-tanned leather.
-   Approximate inlay dimension: 10 mm × 50 mm."
"local","5","L5.5","specialized_rewrite","L4.1","","False","prospective_framing_safeguard","[""A proposed plan to offer a post-campaign survey to backers who select the sample swatch tier, asking for specific feedback on texture and color to guide future production batches."", ""If the sample swatch tier is offered, a proposed plan includes distributing a post-campaign survey to those backers to gather feedback on texture and color.""]","True","accepted","[]","Prospective-framing safeguard overrode the model's rejection because every flagged claim is explicitly hypothetical, proposed, planned, or future-tense and none asserts an existing accomplishment. Initial model analysis: The candidate introduces a new, specific proposed plan (post-campaign survey for sample swatch backers) that is not present in the authorized source material. While the source material contains many proposed plans (e.g., sample swatch tier, durability test, donor selection series), it does not mention any plan for a post-campaign survey. This addition is not framed as a hypothetical or future test derived from the source, but is presented as part of the venture's proposed concept. According to the standard, new ideas are allowed only when clearly framed as proposals, plans, targets, hypotheses, or future tests, but this specific plan is not supported by the source material and is presented as part of the venture's existing proposal.","## One-Sentence Summary

A line of heirloom jewelry uses real leather that is cultivated in bioreactors from a one-time, harmless skin-cell sample taken from a living, sanctuary-grazing cow, aiming to offer animal-friendly leather adornments.

## Problem
The creators frame conventional leather as dependent on animal harm and present a gap for ethically sourced, real leather that preserves the material's qualities without sacrificing animal welfare. They position the project as evidence that leather can be made while the donor animal continues to live and be cared for at at a sanctuary.

## Solution / Product Overview
The project offers jewelry featuring inlays of cultivated leather grown from the donor cow's skin cells on a plant-based scaffold. The leather is produced in bioreactors and then vegetable-tanned, allowing the creators to present finished wearable pieces while asserting that no additional animal harvesting is required. A proposed plan is to offer a limited series where backers can select which specific sanctuary-grazing cow (from a small, named group) their leather cells originated from, accompanied by a brief profile of that animal. A proposed plan also includes offering a simple, low-cost reward tier for a cultivated leather sample swatch (e.g., 20mm x 20mm) mounted on a display card, allowing backers to physically inspect the material before committing to a full jewelry piece. A proposed plan is to offer a 'pairing' reward tier that includes both a sample swatch and a small, finished jewelry item (e.g., a simple keychain) using leather from the same donor cow, allowing backers to compare the material sample to a final product.

## Key Features & Capabilities
- Real leather cultivated from living-animal skin cells grown on a plant-derived scaffold.
- Inlays set within metal bezels and protected under a glass dome cabochon.
- Options to choose hypoallergenic stainless steel or sterling silver for certain pieces.
- Offered in multiple size, color, and material combinations.
- Packaged in eco-friendly boxes cushioned with plant seed fiber used in the cultivation process.
- A proposed limited series would allow backers to select the specific named donor cow and receive a profile of that animal.
- A proposed plan to conduct and share the results of a standard durability test (like a rub test) on the cultivated leather inlay to address potential backer concerns about longevity.
- A proposed plan to offer a low-cost reward tier providing a sample swatch of the cultivated leather on a display card.
- A proposed plan to offer a 'pairing' reward tier including a sample swatch and a small finished jewelry item (e.g., a keychain) from the same donor cow.
- A proposed plan to offer a post-campaign survey to backers who select the sample swatch tier, asking for specific feedback on texture and color to guide future production batches.

## Target Users & Use Cases
The campaign speaks to people seeking animal-friendly, sustainable jewelry and those interested in owning a first-of-its-kind heirloom piece made from cultivated leather grown from a specific donor animal's cells. The proposed sample swatch tier is intended for backers who wish to verify the material's look and feel firsthand. The proposed 'pairing' tier is intended for backers who want to both inspect the material and see it in a finished application.

## Development Status
The team shows finished jewelry inlays and describes past milestones: cells were isolated harmlessly in 2023, prototypes include a pendant and a card holder made in early 2025, and the leather is grown with patent-pending plant-based scaffolding. They state there are no outside approvals required and that the technology and cell lines are owned by the creators.

## Roadmap & Delivery Plan
Planned actions include pilot testing to tune color and texture, inspecting scaffold density before use, preparing different concentrations of plant-based tanning ingredients, and securing jewelry settings after style counts are finalized at the end of the campaign. A proposed plan includes testing the cultivated leather inlays using a standard durability test (like a rub test) and sharing the results with backers. Production scaling will be addressed by adjusting modular cultivated-leather bioreactor technology and resources. If the limited donor-selection series is offered, plans would include finalizing the list of named donor animals and preparing their brief profiles. If the sample swatch tier is offered, plans would include preparing the swatches and display cards. If the 'pairing' tier is offered, plans would include producing the small finished jewelry items (e.g., keychains) and coordinating them with matching sample swatches. If the sample swatch tier is offered, a proposed plan includes distributing a post-campaign survey to those backers to gather feedback on texture and color.

## Why Crowdfunding / Use of Funds
Funds support bringing the cultivated-leather jewelry to backers: producing inlays, performing pilot tests for consistency, and procuring jewelry settings and sustainable packaging to deliver finished pieces. If offered, funds would also support producing sample swatches and display cards. If offered, funds would also support producing the small finished jewelry items and coordinating them with sample swatches for the 'pairing' tier.

## Risks & Challenges
Stated risks include: loss of cryopreserved cells (mitigated by storage at multiple facilities); variability in final color and surface texture from vegetable tanning and scaffold differences (addressed through pilot testing and scaffold inspection); potential supply-chain changes requiring alternate jewelry settings of equal or better quality; and possible extended delivery times for later backers if demand is high.

## Team & Partnerships
The effort is led by a founder with long-term tissue-engineering experience and cellular-agriculture leadership since 2018, who worked with a sanctuary and veterinary professionals to isolate the donor cells.

## What's Included
Jewelry pieces with cultivated-leather inlays (e.g., a rectangular inlay approximately 10 mm × 50 mm) and, for some items, a waxed linen cord; components are housed in metal bezels and glass cabochons. A proposed reward tier would include a cultivated leather sample swatch on a display card. A proposed 'pairing' reward tier would include both a sample swatch and a small finished jewelry item (e.g., a keychain) using leather from the same donor cow.

## Technical Details
- Plant-based scaffold from kapok seed fibers, needle-felted.
- Surface treatment with plant-derived ingredients (e.g., sunflower lecithin, zein protein) to promote cell attachment.
- Cells produce collagen that becomes vegetable-tanned leather.
- Approximate inlay dimension: 10 mm × 50 mm.","## One-Sentence Summary

A line of heirloom jewelry uses real leather that is cultivated in bioreactors from a one-time, harmless skin-cell sample taken from a living, sanctuary-grazing cow, aiming to offer animal-friendly leather adornments.

## Problem
The creators frame conventional leather as dependent on animal harm and present a gap for ethically sourced, real leather that preserves the material's qualities without sacrificing animal welfare. They position the project as evidence that leather can be made while the donor animal continues to live and be cared for at at a sanctuary.

## Solution / Product Overview
The project offers jewelry featuring inlays of cultivated leather grown from the donor cow's skin cells on a plant-based scaffold. The leather is produced in bioreactors and then vegetable-tanned, allowing the creators to present finished wearable pieces while asserting that no additional animal harvesting is required. A proposed plan is to offer a limited series where backers can select which specific sanctuary-grazing cow (from a small, named group) their leather cells originated from, accompanied by a brief profile of that animal. A proposed plan also includes offering a simple, low-cost reward tier for a cultivated leather sample swatch (e.g., 20mm x 20mm) mounted on a display card, allowing backers to physically inspect the material before committing to a full jewelry piece. A proposed plan is to offer a 'pairing' reward tier that includes both a sample swatch and a small, finished jewelry item (e.g., a simple keychain) using leather from the same donor cow, allowing backers to compare the material sample to a final product.

## Key Features & Capabilities
- Real leather cultivated from living-animal skin cells grown on a plant-derived scaffold.
- Inlays set within metal bezels and protected under a glass dome cabochon.
- Options to choose hypoallergenic stainless steel or sterling silver for certain pieces.
- Offered in multiple size, color, and material combinations.
- Packaged in eco-friendly boxes cushioned with plant seed fiber used in the cultivation process.
- A proposed limited series would allow backers to select the specific named donor cow and receive a profile of that animal.
- A proposed plan to conduct and share the results of a standard durability test (like a rub test) on the cultivated leather inlay to address potential backer concerns about longevity.
- A proposed plan to offer a low-cost reward tier providing a sample swatch of the cultivated leather on a display card.
- A proposed plan to offer a 'pairing' reward tier including a sample swatch and a small finished jewelry item (e.g., a keychain) from the same donor cow.
- A proposed plan to offer a post-campaign survey to backers who select the sample swatch tier, asking for specific feedback on texture and color to guide future production batches.

## Target Users & Use Cases
The campaign speaks to people seeking animal-friendly, sustainable jewelry and those interested in owning a first-of-its-kind heirloom piece made from cultivated leather grown from a specific donor animal's cells. The proposed sample swatch tier is intended for backers who wish to verify the material's look and feel firsthand. The proposed 'pairing' tier is intended for backers who want to both inspect the material and see it in a finished application.

## Development Status
The team shows finished jewelry inlays and describes past milestones: cells were isolated harmlessly in 2023, prototypes include a pendant and a card holder made in early 2025, and the leather is grown with patent-pending plant-based scaffolding. They state there are no outside approvals required and that the technology and cell lines are owned by the creators.

## Roadmap & Delivery Plan
Planned actions include pilot testing to tune color and texture, inspecting scaffold density before use, preparing different concentrations of plant-based tanning ingredients, and securing jewelry settings after style counts are finalized at the end of the campaign. A proposed plan includes testing the cultivated leather inlays using a standard durability test (like a rub test) and sharing the results with backers. Production scaling will be addressed by adjusting modular cultivated-leather bioreactor technology and resources. If the limited donor-selection series is offered, plans would include finalizing the list of named donor animals and preparing their brief profiles. If the sample swatch tier is offered, plans would include preparing the swatches and display cards. If the 'pairing' tier is offered, plans would include producing the small finished jewelry items (e.g., keychains) and coordinating them with matching sample swatches. If the sample swatch tier is offered, a proposed plan includes distributing a post-campaign survey to those backers to gather feedback on texture and color.

## Why Crowdfunding / Use of Funds
Funds support bringing the cultivated-leather jewelry to backers: producing inlays, performing pilot tests for consistency, and procuring jewelry settings and sustainable packaging to deliver finished pieces. If offered, funds would also support producing sample swatches and display cards. If offered, funds would also support producing the small finished jewelry items and coordinating them with sample swatches for the 'pairing' tier.

## Risks & Challenges
Stated risks include: loss of cryopreserved cells (mitigated by storage at multiple facilities); variability in final color and surface texture from vegetable tanning and scaffold differences (addressed through pilot testing and scaffold inspection); potential supply-chain changes requiring alternate jewelry settings of equal or better quality; and possible extended delivery times for later backers if demand is high.

## Team & Partnerships
The effort is led by a founder with long-term tissue-engineering experience and cellular-agriculture leadership since 2018, who worked with a sanctuary and veterinary professionals to isolate the donor cells.

## What's Included
Jewelry pieces with cultivated-leather inlays (e.g., a rectangular inlay approximately 10 mm × 50 mm) and, for some items, a waxed linen cord; components are housed in metal bezels and glass cabochons. A proposed reward tier would include a cultivated leather sample swatch on a display card. A proposed 'pairing' reward tier would include both a sample swatch and a small finished jewelry item (e.g., a keychain) using leather from the same donor cow.

## Technical Details
- Plant-based scaffold from kapok seed fibers, needle-felted.
- Surface treatment with plant-derived ingredients (e.g., sunflower lecithin, zein protein) to promote cell attachment.
- Cells produce collagen that becomes vegetable-tanned leather.
- Approximate inlay dimension: 10 mm × 50 mm."
"local","6","L6.1","specialized_rewrite","L5.2","","False","prospective_framing_safeguard","[""A proposed plan to include a high-resolution, downloadable video showing the cultivated leather's texture and response to bending/flexing in the 'material passport' content to address durability questions visually."", ""The proposed 'material passport' and its proposed video content are intended to increase transparency and visually address durability for backers interested in the material's origin, production story, and physical properties."", ""A proposed plan would include creating a high-resolution video showing the leather's texture and flex for inclusion in the 'material passport' content."", ""Funds would also support the development and hosting of the 'material passport' digital content, including the proposed high-resolution video.""]","True","accepted","[]","Prospective-framing safeguard overrode the model's rejection because every flagged claim is explicitly hypothetical, proposed, planned, or future-tense and none asserts an existing accomplishment. Initial model analysis: The candidate introduces a new, specific proposed feature: a high-resolution video showing texture and flex for the 'material passport'. While new proposals are generally allowed, the source material's description of the 'material passport' is limited to 'linking to details about the cultivation process, tanning, and the specific donor cow.' The candidate's addition of the video is not framed as a new proposal distinct from the source's defined scope; it is presented as an elaboration of an existing proposed plan, thereby inventing a specific component of that plan not supported by the source. This constitutes an unsupported claim about the venture's proposed concept.","## One-Sentence Summary

A line of heirloom jewelry uses real leather that is cultivated in bioreactors from a one-time, harmless skin-cell sample taken from a living, sanctuary-grazing cow, aiming to offer animal-friendly leather adornments.

## Problem
The creators frame conventional leather as dependent on animal harm and present a gap for ethically sourced, real leather that preserves the material's qualities without sacrificing animal welfare. They position the project as evidence that leather can be made while the donor animal continues to live and be cared for at a sanctuary.

## Solution / Product Overview
The project offers jewelry featuring inlays of cultivated leather grown from the donor cow's skin cells on a plant-based scaffold. The leather is produced in bioreactors and then vegetable-tanned, allowing the creators to present finished wearable pieces while asserting that no additional animal harvesting is required. A proposed plan is to offer a limited series where backers can select which specific sanctuary-grazing cow (from a small, named group) their leather cells originated from, accompanied by a brief profile of that animal. A proposed plan also includes offering a simple, low-cost reward tier for a cultivated leather sample swatch (e.g., 20mm x 20mm) mounted on a display card, allowing backers to physically inspect the material before committing to a full jewelry piece. A proposed plan is to offer a 'pairing' reward tier that includes both a sample swatch and a small, finished jewelry item (e.g., a simple keychain) using leather from the same donor cow, allowing backers to compare the material sample to a final product. A proposed plan is to offer a simple, digital 'material passport' (e.g., a QR code) linking to details about the cultivation process, tanning, and the specific donor cow.

## Key Features & Capabilities
- Real leather cultivated from living-animal skin cells grown on a plant-derived scaffold.
- Inlays set within metal bezels and protected under a glass dome cabochon.
- Options to choose hypoallergenic stainless steel or sterling silver for certain pieces.
- Offered in multiple size, color, and material combinations.
- Packaged in eco-friendly boxes cushioned with plant seed fiber used in the cultivation process.
- A proposed limited series would allow backers to select the specific named donor cow and receive a profile of that animal.
- A proposed plan to conduct and share the results of a standard durability test (like a rub test) on the cultivated leather inlay to address potential backer concerns about longevity.
- A proposed plan to offer a low-cost reward tier providing a sample swatch of the cultivated leather on a display card.
- A proposed plan to offer a 'pairing' reward tier including a sample swatch and a small finished jewelry item (e.g., a keychain) from the same donor cow.
- A proposed plan to offer a simple, digital 'material passport' (e.g., a QR code) linking to details about the cultivation process, tanning, and the specific donor cow.
- A proposed plan to include a high-resolution, downloadable video showing the cultivated leather's texture and response to bending/flexing in the 'material passport' content to address durability questions visually.

## Target Users & Use Cases
The campaign speaks to people seeking animal-friendly, sustainable jewelry and those interested in owning a first-of-its-kind heirloom piece made from cultivated leather grown from a specific donor animal's cells. The proposed sample swatch tier is intended for backers who wish to verify the material's look and feel firsthand. The proposed 'pairing' tier is intended for backers who want to both inspect the material and see it in a finished application. The proposed 'material passport' and its proposed video content are intended to increase transparency and visually address durability for backers interested in the material's origin, production story, and physical properties.

## Development Status
The team shows finished jewelry inlays and describes past milestones: cells were isolated harmlessly in 2023, prototypes include a pendant and a card holder made in early 2025, and the leather is grown with patent-pending plant-based scaffolding. They state there are no outside approvals required and that the technology and cell lines are owned by the creators.

## Roadmap & Delivery Plan
Planned actions include pilot testing to tune color and texture, inspecting scaffold density before use, preparing different concentrations of plant-based tanning ingredients, and securing jewelry settings after style counts are finalized at the end of the campaign. A proposed plan includes testing the cultivated leather inlays using a standard durability test (like a rub test) and sharing the results with backers. Production scaling will be addressed by adjusting modular cultivated-leather bioreactor technology and resources. If the limited donor-selection series is offered, plans would include finalizing the list of named donor animals and preparing their brief profiles. If the sample swatch tier is offered, plans would include preparing the swatches and display cards. If the 'pairing' tier is offered, plans would include producing the small finished jewelry items (e.g., keychains) and coordinating them with matching sample swatches. If the 'material passport' is offered, plans would include creating the digital content and generating unique QR codes. A proposed plan would include creating a high-resolution video showing the leather's texture and flex for inclusion in the 'material passport' content.

## Why Crowdfunding / Use of Funds
Funds support bringing the cultivated-leather jewelry to backers: producing inlays, performing pilot tests for consistency, and procuring jewelry settings and sustainable packaging to deliver finished pieces. If offered, funds would also support producing sample swatches and display cards. If offered, funds would also support producing the small finished jewelry items and coordinating them with sample swatches for the 'pairing' tier. If offered, funds would also support the development and hosting of the 'material passport' digital content, including the proposed high-resolution video.

## Risks & Challenges
Stated risks include: loss of cryopreserved cells (mitigated by storage at multiple facilities); variability in final color and surface texture from vegetable tanning and scaffold differences (addressed through pilot testing and scaffold inspection); potential supply-chain changes requiring alternate jewelry settings of equal or better quality; and possible extended delivery times for later backers if demand is high.

## Team & Partnerships
The effort is led by a founder with long-term tissue-engineering experience and cellular-agriculture leadership since 2018, who worked with a sanctuary and veterinary professionals to isolate the donor cells.

## What's Included
Jewelry pieces with cultivated-leather inlays (e.g., a rectangular inlay approximately 10 mm × 50 mm) and, for some items, a waxed linen cord; components are housed in metal bezels and glass cabochons. A proposed reward tier would include a cultivated leather sample swatch on a display card. A proposed 'pairing' reward tier would include both a sample swatch and a small finished jewelry item (e.g., a keychain) using leather from the same donor cow. A proposed plan includes offering a simple, digital 'material passport' (e.g., a QR code) linking to details about the cultivation process, tanning, and the specific donor cow.

## Technical Details
- Plant-based scaffold from kapok seed fibers, needle-felted.
- Surface treatment with plant-derived ingredients (e.g., sunflower lecithin, zein protein) to promote cell attachment.
- Cells produce collagen that becomes vegetable-tanned leather.
- Approximate inlay dimension: 10 mm × 50 mm.","## One-Sentence Summary

A line of heirloom jewelry uses real leather that is cultivated in bioreactors from a one-time, harmless skin-cell sample taken from a living, sanctuary-grazing cow, aiming to offer animal-friendly leather adornments.

## Problem
The creators frame conventional leather as dependent on animal harm and present a gap for ethically sourced, real leather that preserves the material's qualities without sacrificing animal welfare. They position the project as evidence that leather can be made while the donor animal continues to live and be cared for at a sanctuary.

## Solution / Product Overview
The project offers jewelry featuring inlays of cultivated leather grown from the donor cow's skin cells on a plant-based scaffold. The leather is produced in bioreactors and then vegetable-tanned, allowing the creators to present finished wearable pieces while asserting that no additional animal harvesting is required. A proposed plan is to offer a limited series where backers can select which specific sanctuary-grazing cow (from a small, named group) their leather cells originated from, accompanied by a brief profile of that animal. A proposed plan also includes offering a simple, low-cost reward tier for a cultivated leather sample swatch (e.g., 20mm x 20mm) mounted on a display card, allowing backers to physically inspect the material before committing to a full jewelry piece. A proposed plan is to offer a 'pairing' reward tier that includes both a sample swatch and a small, finished jewelry item (e.g., a simple keychain) using leather from the same donor cow, allowing backers to compare the material sample to a final product. A proposed plan is to offer a simple, digital 'material passport' (e.g., a QR code) linking to details about the cultivation process, tanning, and the specific donor cow.

## Key Features & Capabilities
- Real leather cultivated from living-animal skin cells grown on a plant-derived scaffold.
- Inlays set within metal bezels and protected under a glass dome cabochon.
- Options to choose hypoallergenic stainless steel or sterling silver for certain pieces.
- Offered in multiple size, color, and material combinations.
- Packaged in eco-friendly boxes cushioned with plant seed fiber used in the cultivation process.
- A proposed limited series would allow backers to select the specific named donor cow and receive a profile of that animal.
- A proposed plan to conduct and share the results of a standard durability test (like a rub test) on the cultivated leather inlay to address potential backer concerns about longevity.
- A proposed plan to offer a low-cost reward tier providing a sample swatch of the cultivated leather on a display card.
- A proposed plan to offer a 'pairing' reward tier including a sample swatch and a small finished jewelry item (e.g., a keychain) from the same donor cow.
- A proposed plan to offer a simple, digital 'material passport' (e.g., a QR code) linking to details about the cultivation process, tanning, and the specific donor cow.
- A proposed plan to include a high-resolution, downloadable video showing the cultivated leather's texture and response to bending/flexing in the 'material passport' content to address durability questions visually.

## Target Users & Use Cases
The campaign speaks to people seeking animal-friendly, sustainable jewelry and those interested in owning a first-of-its-kind heirloom piece made from cultivated leather grown from a specific donor animal's cells. The proposed sample swatch tier is intended for backers who wish to verify the material's look and feel firsthand. The proposed 'pairing' tier is intended for backers who want to both inspect the material and see it in a finished application. The proposed 'material passport' and its proposed video content are intended to increase transparency and visually address durability for backers interested in the material's origin, production story, and physical properties.

## Development Status
The team shows finished jewelry inlays and describes past milestones: cells were isolated harmlessly in 2023, prototypes include a pendant and a card holder made in early 2025, and the leather is grown with patent-pending plant-based scaffolding. They state there are no outside approvals required and that the technology and cell lines are owned by the creators.

## Roadmap & Delivery Plan
Planned actions include pilot testing to tune color and texture, inspecting scaffold density before use, preparing different concentrations of plant-based tanning ingredients, and securing jewelry settings after style counts are finalized at the end of the campaign. A proposed plan includes testing the cultivated leather inlays using a standard durability test (like a rub test) and sharing the results with backers. Production scaling will be addressed by adjusting modular cultivated-leather bioreactor technology and resources. If the limited donor-selection series is offered, plans would include finalizing the list of named donor animals and preparing their brief profiles. If the sample swatch tier is offered, plans would include preparing the swatches and display cards. If the 'pairing' tier is offered, plans would include producing the small finished jewelry items (e.g., keychains) and coordinating them with matching sample swatches. If the 'material passport' is offered, plans would include creating the digital content and generating unique QR codes. A proposed plan would include creating a high-resolution video showing the leather's texture and flex for inclusion in the 'material passport' content.

## Why Crowdfunding / Use of Funds
Funds support bringing the cultivated-leather jewelry to backers: producing inlays, performing pilot tests for consistency, and procuring jewelry settings and sustainable packaging to deliver finished pieces. If offered, funds would also support producing sample swatches and display cards. If offered, funds would also support producing the small finished jewelry items and coordinating them with sample swatches for the 'pairing' tier. If offered, funds would also support the development and hosting of the 'material passport' digital content, including the proposed high-resolution video.

## Risks & Challenges
Stated risks include: loss of cryopreserved cells (mitigated by storage at multiple facilities); variability in final color and surface texture from vegetable tanning and scaffold differences (addressed through pilot testing and scaffold inspection); potential supply-chain changes requiring alternate jewelry settings of equal or better quality; and possible extended delivery times for later backers if demand is high.

## Team & Partnerships
The effort is led by a founder with long-term tissue-engineering experience and cellular-agriculture leadership since 2018, who worked with a sanctuary and veterinary professionals to isolate the donor cells.

## What's Included
Jewelry pieces with cultivated-leather inlays (e.g., a rectangular inlay approximately 10 mm × 50 mm) and, for some items, a waxed linen cord; components are housed in metal bezels and glass cabochons. A proposed reward tier would include a cultivated leather sample swatch on a display card. A proposed 'pairing' reward tier would include both a sample swatch and a small finished jewelry item (e.g., a keychain) using leather from the same donor cow. A proposed plan includes offering a simple, digital 'material passport' (e.g., a QR code) linking to details about the cultivation process, tanning, and the specific donor cow.

## Technical Details
- Plant-based scaffold from kapok seed fibers, needle-felted.
- Surface treatment with plant-derived ingredients (e.g., sunflower lecithin, zein protein) to promote cell attachment.
- Cells produce collagen that becomes vegetable-tanned leather.
- Approximate inlay dimension: 10 mm × 50 mm."
"local","6","L6.2","specialized_rewrite","L5.2","","False","prospective_framing_safeguard","[""The proposed comparison chart is intended to help backers understand how cultivated leather compares to other materials."", ""If the comparison chart is offered, plans would include creating the chart for campaign materials."", ""If offered, funds would also support the creation of the comparison chart.""]","True","accepted","[]","Prospective-framing safeguard overrode the model's rejection because every flagged claim is explicitly hypothetical, proposed, planned, or future-tense and none asserts an existing accomplishment. Initial model analysis: The candidate introduces a new, specific proposed feature: a 'simple comparison chart... showing key properties... of cultivated leather versus traditional leather and common vegan alternatives.' This feature is not mentioned in the authorized source material, even as a proposed plan. While the audit standard allows new ideas when clearly framed as proposals, the source material is the complete factual record for this specific venture concept. The candidate's additions about the chart's purpose, its inclusion in the roadmap, and its funding are unsupported expansions of the venture concept beyond the authorized source. All other content in the candidate is directly supported by the source material.","## One-Sentence Summary
A line of heirloom jewelry uses real leather that is cultivated in bioreactors from a one-time, harmless skin-cell sample taken from a living, sanctuary-grazing cow, aiming to offer animal-friendly leather adornments.

## Problem
The creators frame conventional leather as dependent on animal harm and present a gap for ethically sourced, real leather that preserves the material's qualities without sacrificing animal welfare. They position the project as evidence that leather can be made while the donor animal continues to live and be cared for at a sanctuary.

## Solution / Product Overview
The project offers jewelry featuring inlays of cultivated leather grown from the donor cow's skin cells on a plant-based scaffold. The leather is produced in bioreactors and then vegetable-tanned, allowing the creators to present finished wearable pieces while asserting that no additional animal harvesting is required. A proposed plan is to offer a limited series where backers can select which specific sanctuary-grazing cow (from a small, named group) their leather cells originated from, accompanied by a brief profile of that animal. A proposed plan also includes offering a simple, low-cost reward tier for a cultivated leather sample swatch (e.g., 20mm x 20mm) mounted on a display card, allowing backers to physically inspect the material before committing to a full jewelry piece. A proposed plan is to offer a 'pairing' reward tier that includes both a sample swatch and a small, finished jewelry item (e.g., a simple keychain) using leather from the same donor cow, allowing backers to compare the material sample to a final product. A proposed plan is to offer a simple, digital 'material passport' (e.g., a QR code) linking to details about the cultivation process, tanning, and the specific donor cow.

## Key Features & Capabilities
-   Real leather cultivated from living-animal skin cells grown on a plant-derived scaffold.
-   Inlays set within metal bezels and protected under a glass dome cabochon.
-   Options to choose hypoallergenic stainless steel or sterling silver for certain pieces.
-   Offered in multiple size, color, and material combinations.
-   Packaged in eco-friendly boxes cushioned with plant seed fiber used in the cultivation process.
-   A proposed limited series would allow backers to select the specific named donor cow and receive a profile of that animal.
-   A proposed plan to conduct and share the results of a standard durability test (like a rub test) on the cultivated leather inlay to address potential backer concerns about longevity.
-   A proposed plan to offer a low-cost reward tier providing a sample swatch of the cultivated leather on a display card.
-   A proposed plan to offer a 'pairing' reward tier including a sample swatch and a small finished jewelry item (e.g., a keychain) from the same donor cow.
-   A proposed plan to offer a simple, digital 'material passport' (e.g., a QR code) linking to details about the cultivation process, tanning, and the specific donor cow.
-   A proposed plan to create a simple comparison chart in campaign materials showing key properties (look, feel, thickness) of cultivated leather versus traditional leather and common vegan alternatives.

## Target Users & Use Cases
The campaign speaks to people seeking animal-friendly, sustainable jewelry and those interested in owning a first-of-its-kind heirloom piece made from cultivated leather grown from a specific donor animal's cells. The proposed sample swatch tier is intended for backers who wish to verify the material's look and feel firsthand. The proposed 'pairing' tier is intended for backers who want to both inspect the material and see it in a finished application. The proposed 'material passport' is intended to increase transparency for backers interested in the material's origin and production story. The proposed comparison chart is intended to help backers understand how cultivated leather compares to other materials.

## Development Status
The team shows finished jewelry inlays and describes past milestones: cells were isolated harmlessly in 2023, prototypes include a pendant and a card holder made in early 2025, and the leather is grown with patent-pending plant-based scaffolding. They state there are no outside approvals required and that the technology and cell lines are owned by the creators.

## Roadmap & Delivery Plan
Planned actions include pilot testing to tune color and texture, inspecting scaffold density before use, preparing different concentrations of plant-based tanning ingredients, and securing jewelry settings after style counts are finalized at the end of the campaign. A proposed plan includes testing the cultivated leather inlays using a standard durability test (like a rub test) and sharing the results with backers. Production scaling will be addressed by adjusting modular cultivated-leather bioreactor technology and resources. If the limited donor-selection series is offered, plans would include finalizing the list of named donor animals and preparing their brief profiles. If the sample swatch tier is offered, plans would include preparing the swatches and display cards. If the 'pairing' tier is offered, plans would include producing the small finished jewelry items (e.g., keychains) and coordinating them with matching sample swatches. If the 'material passport' is offered, plans would include creating the digital content and generating unique QR codes. If the comparison chart is offered, plans would include creating the chart for campaign materials.

## Why Crowdfunding / Use of Funds
Funds support bringing the cultivated-leather jewelry to backers: producing inlays, performing pilot tests for consistency, and procuring jewelry settings and sustainable packaging to deliver finished pieces. If offered, funds would also support producing sample swatches and display cards. If offered, funds would also support producing the small finished jewelry items and coordinating them with sample swatches for the 'pairing' tier. If offered, funds would also support the development and hosting of the 'material passport' digital content. If offered, funds would also support the creation of the comparison chart.

## Risks & Challenges
Stated risks include: loss of cryopreserved cells (mitigated by storage at multiple facilities); variability in final color and surface texture from vegetable tanning and scaffold differences (addressed through pilot testing and scaffold inspection); potential supply-chain changes requiring alternate jewelry settings of equal or better quality; and possible extended delivery times for later backers if demand is high.

## Team & Partnerships
The effort is led by a founder with long-term tissue-engineering experience and cellular-agriculture leadership since 2018, who worked with a sanctuary and veterinary professionals to isolate the donor cells.

## What's Included
Jewelry pieces with cultivated-leather inlays (e.g., a rectangular inlay approximately 10 mm × 50 mm) and, for some items, a waxed linen cord; components are housed in metal bezels and glass cabochons. A proposed reward tier would include a cultivated leather sample swatch on a display card. A proposed 'pairing' reward tier would include both a sample swatch and a small finished jewelry item (e.g., a keychain) using leather from the same donor cow. A proposed plan includes offering a simple, digital 'material passport' (e.g., a QR code) linking to details about the cultivation process, tanning, and the specific donor cow.

## Technical Details
-   Plant-based scaffold from kapok seed fibers, needle-felted.
-   Surface treatment with plant-derived ingredients (e.g., sunflower lecithin, zein protein) to promote cell attachment.
-   Cells produce collagen that becomes vegetable-tanned leather.
-   Approximate inlay dimension: 10 mm × 50 mm.","## One-Sentence Summary
A line of heirloom jewelry uses real leather that is cultivated in bioreactors from a one-time, harmless skin-cell sample taken from a living, sanctuary-grazing cow, aiming to offer animal-friendly leather adornments.

## Problem
The creators frame conventional leather as dependent on animal harm and present a gap for ethically sourced, real leather that preserves the material's qualities without sacrificing animal welfare. They position the project as evidence that leather can be made while the donor animal continues to live and be cared for at a sanctuary.

## Solution / Product Overview
The project offers jewelry featuring inlays of cultivated leather grown from the donor cow's skin cells on a plant-based scaffold. The leather is produced in bioreactors and then vegetable-tanned, allowing the creators to present finished wearable pieces while asserting that no additional animal harvesting is required. A proposed plan is to offer a limited series where backers can select which specific sanctuary-grazing cow (from a small, named group) their leather cells originated from, accompanied by a brief profile of that animal. A proposed plan also includes offering a simple, low-cost reward tier for a cultivated leather sample swatch (e.g., 20mm x 20mm) mounted on a display card, allowing backers to physically inspect the material before committing to a full jewelry piece. A proposed plan is to offer a 'pairing' reward tier that includes both a sample swatch and a small, finished jewelry item (e.g., a simple keychain) using leather from the same donor cow, allowing backers to compare the material sample to a final product. A proposed plan is to offer a simple, digital 'material passport' (e.g., a QR code) linking to details about the cultivation process, tanning, and the specific donor cow.

## Key Features & Capabilities
-   Real leather cultivated from living-animal skin cells grown on a plant-derived scaffold.
-   Inlays set within metal bezels and protected under a glass dome cabochon.
-   Options to choose hypoallergenic stainless steel or sterling silver for certain pieces.
-   Offered in multiple size, color, and material combinations.
-   Packaged in eco-friendly boxes cushioned with plant seed fiber used in the cultivation process.
-   A proposed limited series would allow backers to select the specific named donor cow and receive a profile of that animal.
-   A proposed plan to conduct and share the results of a standard durability test (like a rub test) on the cultivated leather inlay to address potential backer concerns about longevity.
-   A proposed plan to offer a low-cost reward tier providing a sample swatch of the cultivated leather on a display card.
-   A proposed plan to offer a 'pairing' reward tier including a sample swatch and a small finished jewelry item (e.g., a keychain) from the same donor cow.
-   A proposed plan to offer a simple, digital 'material passport' (e.g., a QR code) linking to details about the cultivation process, tanning, and the specific donor cow.
-   A proposed plan to create a simple comparison chart in campaign materials showing key properties (look, feel, thickness) of cultivated leather versus traditional leather and common vegan alternatives.

## Target Users & Use Cases
The campaign speaks to people seeking animal-friendly, sustainable jewelry and those interested in owning a first-of-its-kind heirloom piece made from cultivated leather grown from a specific donor animal's cells. The proposed sample swatch tier is intended for backers who wish to verify the material's look and feel firsthand. The proposed 'pairing' tier is intended for backers who want to both inspect the material and see it in a finished application. The proposed 'material passport' is intended to increase transparency for backers interested in the material's origin and production story. The proposed comparison chart is intended to help backers understand how cultivated leather compares to other materials.

## Development Status
The team shows finished jewelry inlays and describes past milestones: cells were isolated harmlessly in 2023, prototypes include a pendant and a card holder made in early 2025, and the leather is grown with patent-pending plant-based scaffolding. They state there are no outside approvals required and that the technology and cell lines are owned by the creators.

## Roadmap & Delivery Plan
Planned actions include pilot testing to tune color and texture, inspecting scaffold density before use, preparing different concentrations of plant-based tanning ingredients, and securing jewelry settings after style counts are finalized at the end of the campaign. A proposed plan includes testing the cultivated leather inlays using a standard durability test (like a rub test) and sharing the results with backers. Production scaling will be addressed by adjusting modular cultivated-leather bioreactor technology and resources. If the limited donor-selection series is offered, plans would include finalizing the list of named donor animals and preparing their brief profiles. If the sample swatch tier is offered, plans would include preparing the swatches and display cards. If the 'pairing' tier is offered, plans would include producing the small finished jewelry items (e.g., keychains) and coordinating them with matching sample swatches. If the 'material passport' is offered, plans would include creating the digital content and generating unique QR codes. If the comparison chart is offered, plans would include creating the chart for campaign materials.

## Why Crowdfunding / Use of Funds
Funds support bringing the cultivated-leather jewelry to backers: producing inlays, performing pilot tests for consistency, and procuring jewelry settings and sustainable packaging to deliver finished pieces. If offered, funds would also support producing sample swatches and display cards. If offered, funds would also support producing the small finished jewelry items and coordinating them with sample swatches for the 'pairing' tier. If offered, funds would also support the development and hosting of the 'material passport' digital content. If offered, funds would also support the creation of the comparison chart.

## Risks & Challenges
Stated risks include: loss of cryopreserved cells (mitigated by storage at multiple facilities); variability in final color and surface texture from vegetable tanning and scaffold differences (addressed through pilot testing and scaffold inspection); potential supply-chain changes requiring alternate jewelry settings of equal or better quality; and possible extended delivery times for later backers if demand is high.

## Team & Partnerships
The effort is led by a founder with long-term tissue-engineering experience and cellular-agriculture leadership since 2018, who worked with a sanctuary and veterinary professionals to isolate the donor cells.

## What's Included
Jewelry pieces with cultivated-leather inlays (e.g., a rectangular inlay approximately 10 mm × 50 mm) and, for some items, a waxed linen cord; components are housed in metal bezels and glass cabochons. A proposed reward tier would include a cultivated leather sample swatch on a display card. A proposed 'pairing' reward tier would include both a sample swatch and a small finished jewelry item (e.g., a keychain) using leather from the same donor cow. A proposed plan includes offering a simple, digital 'material passport' (e.g., a QR code) linking to details about the cultivation process, tanning, and the specific donor cow.

## Technical Details
-   Plant-based scaffold from kapok seed fibers, needle-felted.
-   Surface treatment with plant-derived ingredients (e.g., sunflower lecithin, zein protein) to promote cell attachment.
-   Cells produce collagen that becomes vegetable-tanned leather.
-   Approximate inlay dimension: 10 mm × 50 mm."
"local","6","L6.3","specialized_rewrite","L5.2","","False","prospective_framing_safeguard","[""A proposed plan is to offer a reward tier where backers can submit a suggested name for a future donor cow, with the winning name(s) used in a subsequent limited series.""]","True","accepted","[]","Prospective-framing safeguard overrode the model's rejection because every flagged claim is explicitly hypothetical, proposed, planned, or future-tense and none asserts an existing accomplishment. Initial model analysis: The candidate introduces a new, specific proposed plan for a naming reward tier. This plan is not present in the authorized source material, which only details proposed plans for donor selection, sample swatches, a pairing tier, and a material passport. The candidate's addition is a new, unsupported proposed plan, not a claim of existing evidence or status. However, the audit standard requires that new proposals, plans, or features must be explicitly framed as such in the source material to be carried forward. Since this specific naming tier proposal is not present in the source, it constitutes an unsupported claim about the venture's concept. All other content is directly supported by the source.","## One-Sentence Summary

A line of heirloom jewelry uses real leather that is cultivated in bioreactors from a one-time, harmless skin-cell sample taken from a living, sanctuary-grazing cow, aiming to offer animal-friendly leather adornments.

## Problem
The creators frame conventional leather as dependent on animal harm and present a gap for ethically sourced, real leather that preserves the material's qualities without sacrificing animal welfare. They position the project as evidence that leather can be made while the donor animal continues to live and be cared for at a sanctuary.

## Solution / Product Overview
The project offers jewelry featuring inlays of cultivated leather grown from the donor cow's skin cells on a plant-based scaffold. The leather is produced in bioreactors and then vegetable-tanned, allowing the creators to present finished wearable pieces while asserting that no additional animal harvesting is required. A proposed plan is to offer a limited series where backers can select which specific sanctuary-grazing cow (from a small, named group) their leather cells originated from, accompanied by a brief profile of that animal. A proposed plan also includes offering a simple, low-cost reward tier for a cultivated leather sample swatch (e.g., 20mm x 20mm) mounted on a display card, allowing backers to physically inspect the material before committing to a full jewelry piece. A proposed plan is to offer a 'pairing' reward tier that includes both a sample swatch and a small, finished jewelry item (e.g., a simple keychain) using leather from the same donor cow, allowing backers to compare the material sample to a final product. A proposed plan is to offer a simple, digital 'material passport' (e.g., a QR code) linking to details about the cultivation process, tanning, and the specific donor cow. A proposed plan is to offer a reward tier where backers can submit a suggested name for a future donor cow, with the winning name(s) used in a subsequent limited series.

## Key Features & Capabilities
-   Real leather cultivated from living-animal skin cells grown on a plant-derived scaffold.
-   Inlays set within metal bezels and protected under a glass dome cabochon.
-   Options to choose hypoallergenic stainless steel or sterling silver for certain pieces.
-   Offered in multiple size, color, and material combinations.
-   Packaged in eco-friendly boxes cushioned with plant seed fiber used in the cultivation process.
-   A proposed limited series would allow backers to select the specific named donor cow and receive a profile of that animal.
-   A proposed plan to conduct and share the results of a standard durability test (like a rub test) on the cultivated leather inlay to address potential backer concerns about longevity.
-   A proposed plan to offer a low-cost reward tier providing a sample swatch of the cultivated leather on a display card.
-   A proposed plan to offer a 'pairing' reward tier including a sample swatch and a small finished jewelry item (e.g., a keychain) from the same donor cow.
-   A proposed plan to offer a simple, digital 'material passport' (e.g., a QR code) linking to details about the cultivation process, tanning, and the specific donor cow.
-   A proposed plan to offer a reward tier where backers can submit a suggested name for a future donor cow, with the winning name(s) used in a subsequent limited series.

## Target Users & Use Cases
The campaign speaks to people seeking animal-friendly, sustainable jewelry and those interested in owning a first-of-its-kind heirloom piece made from cultivated leather grown from a specific donor animal's cells. The proposed sample swatch tier is intended for backers who wish to verify the material's look and feel firsthand. The proposed 'pairing' tier is intended for backers who want to both inspect the material and see it in a finished application. The proposed 'material passport' is intended to increase transparency for backers interested in the material's origin and production story. The proposed naming tier is intended for backers who wish to participate more directly in the story of future donor animals.

## Development Status
The team shows finished jewelry inlays and describes past milestones: cells were isolated harmlessly in 2023, prototypes include a pendant and a card holder made in early 2025, and the leather is grown with patent-pending plant-based scaffolding. They state there are no outside approvals required and that the technology and cell lines are owned by the creators.

## Roadmap & Delivery Plan
Planned actions include pilot testing to tune color and texture, inspecting scaffold density before use, preparing different concentrations of plant-based tanning ingredients, and securing jewelry settings after style counts are finalized at the end of the campaign. A proposed plan includes testing the cultivated leather inlays using a standard durability test (like a rub test) and sharing the results with backers. Production scaling will be addressed by adjusting modular cultivated-leather bioreactor technology and resources. If the limited donor-selection series is offered, plans would include finalizing the list of named donor animals and preparing their brief profiles. If the sample swatch tier is offered, plans would include preparing the swatches and display cards. If the 'pairing' tier is offered, plans would include producing the small finished jewelry items (e.g., keychains) and coordinating them with matching sample swatches. If the 'material passport' is offered, plans would include creating the digital content and generating unique QR codes. If the naming tier is offered, plans would include collecting name suggestions, selecting winning name(s), and preparing to use them for a future donor cow in a subsequent limited series.

## Why Crowdfunding / Use of Funds
Funds support bringing the cultivated-leather jewelry to backers: producing inlays, performing pilot tests for consistency, and procuring jewelry settings and sustainable packaging to deliver finished pieces. If offered, funds would also support producing sample swatches and display cards. If offered, funds would also support producing the small finished jewelry items and coordinating them with sample swatches for the 'pairing' tier. If offered, funds would also support the development and hosting of the 'material passport' digital content. If offered, funds would also support the administration of the naming tier and preparation for a subsequent limited series.

## Risks & Challenges
Stated risks include: loss of cryopreserved cells (mitigated by storage at multiple facilities); variability in final color and surface texture from vegetable tanning and scaffold differences (addressed through pilot testing and scaffold inspection); potential supply-chain changes requiring alternate jewelry settings of equal or better quality; and possible extended delivery times for later backers if demand is high.

## Team & Partnerships
The effort is led by a founder with long-term tissue-engineering experience and cellular-agriculture leadership since 2018, who worked with a sanctuary and veterinary professionals to isolate the donor cells.

## What's Included
Jewelry pieces with cultivated-leather inlays (e.g., a rectangular inlay approximately 10 mm × 50 mm) and, for some items, a waxed linen cord; components are housed in metal bezels and glass cabochons. A proposed reward tier would include a cultivated leather sample swatch on a display card. A proposed 'pairing' reward tier would include both a sample swatch and a small finished jewelry item (e.g., a keychain) using leather from the same donor cow. A proposed plan includes offering a simple, digital 'material passport' (e.g., a QR code) linking to details about the cultivation process, tanning, and the specific donor cow. A proposed plan includes offering a reward tier where backers can submit a suggested name for a future donor cow, with the winning name(s) used in a subsequent limited series.

## Technical Details
-   Plant-based scaffold from kapok seed fibers, needle-felted.
-   Surface treatment with plant-derived ingredients (e.g., sunflower lecithin, zein protein) to promote cell attachment.
-   Cells produce collagen that becomes vegetable-tanned leather.
-   Approximate inlay dimension: 10 mm × 50 mm.","## One-Sentence Summary

A line of heirloom jewelry uses real leather that is cultivated in bioreactors from a one-time, harmless skin-cell sample taken from a living, sanctuary-grazing cow, aiming to offer animal-friendly leather adornments.

## Problem
The creators frame conventional leather as dependent on animal harm and present a gap for ethically sourced, real leather that preserves the material's qualities without sacrificing animal welfare. They position the project as evidence that leather can be made while the donor animal continues to live and be cared for at a sanctuary.

## Solution / Product Overview
The project offers jewelry featuring inlays of cultivated leather grown from the donor cow's skin cells on a plant-based scaffold. The leather is produced in bioreactors and then vegetable-tanned, allowing the creators to present finished wearable pieces while asserting that no additional animal harvesting is required. A proposed plan is to offer a limited series where backers can select which specific sanctuary-grazing cow (from a small, named group) their leather cells originated from, accompanied by a brief profile of that animal. A proposed plan also includes offering a simple, low-cost reward tier for a cultivated leather sample swatch (e.g., 20mm x 20mm) mounted on a display card, allowing backers to physically inspect the material before committing to a full jewelry piece. A proposed plan is to offer a 'pairing' reward tier that includes both a sample swatch and a small, finished jewelry item (e.g., a simple keychain) using leather from the same donor cow, allowing backers to compare the material sample to a final product. A proposed plan is to offer a simple, digital 'material passport' (e.g., a QR code) linking to details about the cultivation process, tanning, and the specific donor cow. A proposed plan is to offer a reward tier where backers can submit a suggested name for a future donor cow, with the winning name(s) used in a subsequent limited series.

## Key Features & Capabilities
-   Real leather cultivated from living-animal skin cells grown on a plant-derived scaffold.
-   Inlays set within metal bezels and protected under a glass dome cabochon.
-   Options to choose hypoallergenic stainless steel or sterling silver for certain pieces.
-   Offered in multiple size, color, and material combinations.
-   Packaged in eco-friendly boxes cushioned with plant seed fiber used in the cultivation process.
-   A proposed limited series would allow backers to select the specific named donor cow and receive a profile of that animal.
-   A proposed plan to conduct and share the results of a standard durability test (like a rub test) on the cultivated leather inlay to address potential backer concerns about longevity.
-   A proposed plan to offer a low-cost reward tier providing a sample swatch of the cultivated leather on a display card.
-   A proposed plan to offer a 'pairing' reward tier including a sample swatch and a small finished jewelry item (e.g., a keychain) from the same donor cow.
-   A proposed plan to offer a simple, digital 'material passport' (e.g., a QR code) linking to details about the cultivation process, tanning, and the specific donor cow.
-   A proposed plan to offer a reward tier where backers can submit a suggested name for a future donor cow, with the winning name(s) used in a subsequent limited series.

## Target Users & Use Cases
The campaign speaks to people seeking animal-friendly, sustainable jewelry and those interested in owning a first-of-its-kind heirloom piece made from cultivated leather grown from a specific donor animal's cells. The proposed sample swatch tier is intended for backers who wish to verify the material's look and feel firsthand. The proposed 'pairing' tier is intended for backers who want to both inspect the material and see it in a finished application. The proposed 'material passport' is intended to increase transparency for backers interested in the material's origin and production story. The proposed naming tier is intended for backers who wish to participate more directly in the story of future donor animals.

## Development Status
The team shows finished jewelry inlays and describes past milestones: cells were isolated harmlessly in 2023, prototypes include a pendant and a card holder made in early 2025, and the leather is grown with patent-pending plant-based scaffolding. They state there are no outside approvals required and that the technology and cell lines are owned by the creators.

## Roadmap & Delivery Plan
Planned actions include pilot testing to tune color and texture, inspecting scaffold density before use, preparing different concentrations of plant-based tanning ingredients, and securing jewelry settings after style counts are finalized at the end of the campaign. A proposed plan includes testing the cultivated leather inlays using a standard durability test (like a rub test) and sharing the results with backers. Production scaling will be addressed by adjusting modular cultivated-leather bioreactor technology and resources. If the limited donor-selection series is offered, plans would include finalizing the list of named donor animals and preparing their brief profiles. If the sample swatch tier is offered, plans would include preparing the swatches and display cards. If the 'pairing' tier is offered, plans would include producing the small finished jewelry items (e.g., keychains) and coordinating them with matching sample swatches. If the 'material passport' is offered, plans would include creating the digital content and generating unique QR codes. If the naming tier is offered, plans would include collecting name suggestions, selecting winning name(s), and preparing to use them for a future donor cow in a subsequent limited series.

## Why Crowdfunding / Use of Funds
Funds support bringing the cultivated-leather jewelry to backers: producing inlays, performing pilot tests for consistency, and procuring jewelry settings and sustainable packaging to deliver finished pieces. If offered, funds would also support producing sample swatches and display cards. If offered, funds would also support producing the small finished jewelry items and coordinating them with sample swatches for the 'pairing' tier. If offered, funds would also support the development and hosting of the 'material passport' digital content. If offered, funds would also support the administration of the naming tier and preparation for a subsequent limited series.

## Risks & Challenges
Stated risks include: loss of cryopreserved cells (mitigated by storage at multiple facilities); variability in final color and surface texture from vegetable tanning and scaffold differences (addressed through pilot testing and scaffold inspection); potential supply-chain changes requiring alternate jewelry settings of equal or better quality; and possible extended delivery times for later backers if demand is high.

## Team & Partnerships
The effort is led by a founder with long-term tissue-engineering experience and cellular-agriculture leadership since 2018, who worked with a sanctuary and veterinary professionals to isolate the donor cells.

## What's Included
Jewelry pieces with cultivated-leather inlays (e.g., a rectangular inlay approximately 10 mm × 50 mm) and, for some items, a waxed linen cord; components are housed in metal bezels and glass cabochons. A proposed reward tier would include a cultivated leather sample swatch on a display card. A proposed 'pairing' reward tier would include both a sample swatch and a small finished jewelry item (e.g., a keychain) using leather from the same donor cow. A proposed plan includes offering a simple, digital 'material passport' (e.g., a QR code) linking to details about the cultivation process, tanning, and the specific donor cow. A proposed plan includes offering a reward tier where backers can submit a suggested name for a future donor cow, with the winning name(s) used in a subsequent limited series.

## Technical Details
-   Plant-based scaffold from kapok seed fibers, needle-felted.
-   Surface treatment with plant-derived ingredients (e.g., sunflower lecithin, zein protein) to promote cell attachment.
-   Cells produce collagen that becomes vegetable-tanned leather.
-   Approximate inlay dimension: 10 mm × 50 mm."
"local","6","L6.4","specialized_rewrite","L5.2","","False","prospective_framing_safeguard","[""A proposed plan to include a small, sealed glass vial containing a visual sample of the plant-based scaffold material (kapok seed fiber) as part of the sample swatch or 'pairing' tier packaging"", ""The proposed inclusion of a scaffold sample vial is intended to provide backers with a tangible piece of the material's foundational story"", ""If the sample swatch tier is offered, plans would include preparing the swatches, display cards, and the small sealed vials of scaffold material"", ""If the 'pairing' tier is offered, plans would include producing the small finished jewelry items (e.g., keychains) and coordinating them with matching sample swatches and scaffold vials"", ""If offered, funds would also support producing sample swatches, display cards, and the small sealed vials of scaffold material"", ""If offered, funds would also support producing the small finished jewelry items and coordinating them with sample swatches and scaffold vials for the 'pairing' tier""]","True","accepted","[]","Prospective-framing safeguard overrode the model's rejection because every flagged claim is explicitly hypothetical, proposed, planned, or future-tense and none asserts an existing accomplishment. Initial model analysis: The candidate introduces a new feature - including sealed glass vials of scaffold material - that is not framed as a proposed plan in the source material. While the source material mentions the scaffold composition (kapok seed fibers) in technical details, it does not propose including physical samples of this material in reward tiers. The candidate presents this as an existing proposed plan ('A proposed plan to include...') rather than as a new hypothetical addition, thereby inventing a feature that is not supported by the authorized source material.","## One-Sentence Summary

A line of heirloom jewelry uses real leather that is cultivated in bioreactors from a one-time, harmless skin-cell sample taken from a living, sanctuary-grazing cow, aiming to offer animal-friendly leather adornments.

## Problem
The creators frame conventional leather as dependent on animal harm and present a gap for ethically sourced, real leather that preserves the material's qualities without sacrificing animal welfare. They position the project as evidence that leather can be made while the donor animal continues to live and be cared for at a sanctuary.

## Solution / Product Overview
The project offers jewelry featuring inlays of cultivated leather grown from the donor cow's skin cells on a plant-based scaffold. The leather is produced in bioreactors and then vegetable-tanned, allowing the creators to present finished wearable pieces while asserting that no additional animal harvesting is required. A proposed plan is to offer a limited series where backers can select which specific sanctuary-grazing cow (from a small, named group) their leather cells originated from, accompanied by a brief profile of that animal. A proposed plan also includes offering a simple, low-cost reward tier for a cultivated leather sample swatch (e.g., 20mm x 20mm) mounted on a display card, allowing backers to physically inspect the material before committing to a full jewelry piece. A proposed plan is to offer a 'pairing' reward tier that includes both a sample swatch and a small, finished jewelry item (e.g., a simple keychain) using leather from the same donor cow, allowing backers to compare the material sample to a final product. A proposed plan is to offer a simple, digital 'material passport' (e.g., a QR code) linking to details about the cultivation process, tanning, and the specific donor cow.

## Key Features & Capabilities
-   Real leather cultivated from living-animal skin cells grown on a plant-derived scaffold.
-   Inlays set within metal bezels and protected under a glass dome cabochon.
-   Options to choose hypoallergenic stainless steel or sterling silver for certain pieces.
-   Offered in multiple size, color, and material combinations.
-   Packaged in eco-friendly boxes cushioned with plant seed fiber used in the cultivation process.
-   A proposed limited series would allow backers to select the specific named donor cow and receive a profile of that animal.
-   A proposed plan to conduct and share the results of a standard durability test (like a rub test) on the cultivated leather inlay to address potential backer concerns about longevity.
-   A proposed plan to offer a low-cost reward tier providing a sample swatch of the cultivated leather on a display card.
-   A proposed plan to offer a 'pairing' reward tier including a sample swatch and a small finished jewelry item (e.g., a keychain) from the same donor cow.
-   A proposed plan to include a small, sealed glass vial containing a visual sample of the plant-based scaffold material (kapok seed fiber) as part of the sample swatch or 'pairing' tier packaging.
-   A proposed plan to offer a simple, digital 'material passport' (e.g., a QR code) linking to details about the cultivation process, tanning, and the specific donor cow.

## Target Users & Use Cases
The campaign speaks to people seeking animal-friendly, sustainable jewelry and those interested in owning a first-of-its-kind heirloom piece made from cultivated leather grown from a specific donor animal's cells. The proposed sample swatch tier is intended for backers who wish to verify the material's look and feel firsthand. The proposed 'pairing' tier is intended for backers who want to both inspect the material and see it in a finished application. The proposed inclusion of a scaffold sample vial is intended to provide backers with a tangible piece of the material's foundational story. The proposed 'material passport' is intended to increase transparency for backers interested in the material's origin and production story.

## Development Status
The team shows finished jewelry inlays and describes past milestones: cells were isolated harmlessly in 2023, prototypes include a pendant and a card holder made in early 2025, and the leather is grown with patent-pending plant-based scaffolding. They state there are no outside approvals required and that the technology and cell lines are owned by the creators.

## Roadmap & Delivery Plan
Planned actions include pilot testing to tune color and texture, inspecting scaffold density before use, preparing different concentrations of plant-based tanning ingredients, and securing jewelry settings after style counts are finalized at the end of the campaign. A proposed plan includes testing the cultivated leather inlays using a standard durability test (like a rub test) and sharing the results with backers. Production scaling will be addressed by adjusting modular cultivated-leather bioreactor technology and resources. If the limited donor-selection series is offered, plans would include finalizing the list of named donor animals and preparing their brief profiles. If the sample swatch tier is offered, plans would include preparing the swatches, display cards, and the small sealed vials of scaffold material. If the 'pairing' tier is offered, plans would include producing the small finished jewelry items (e.g., keychains) and coordinating them with matching sample swatches and scaffold vials. If the 'material passport' is offered, plans would include creating the digital content and generating unique QR codes.

## Why Crowdfunding / Use of Funds
Funds support bringing the cultivated-leather jewelry to backers: producing inlays, performing pilot tests for consistency, and procuring jewelry settings and sustainable packaging to deliver finished pieces. If offered, funds would also support producing sample swatches, display cards, and the small sealed vials of scaffold material. If offered, funds would also support producing the small finished jewelry items and coordinating them with sample swatches and scaffold vials for the 'pairing' tier. If offered, funds would also support the development and hosting of the 'material passport' digital content.

## Risks & Challenges
Stated risks include: loss of cryopreserved cells (mitigated by storage at multiple facilities); variability in final color and surface texture from vegetable tanning and scaffold differences (addressed through pilot testing and scaffold inspection); potential supply-chain changes requiring alternate jewelry settings of equal or better quality; and possible extended delivery times for later backers if demand is high.

## Team & Partnerships
The effort is led by a founder with long-term tissue-engineering experience and cellular-agriculture leadership since 2018, who worked with a sanctuary and veterinary professionals to isolate the donor cells.

## What's Included
Jewelry pieces with cultivated-leather inlays (e.g., a rectangular inlay approximately 10 mm × 50 mm) and, for some items, a waxed linen cord; components are housed in metal bezels and glass cabochons. A proposed reward tier would include a cultivated leather sample swatch on a display card. A proposed 'pairing' reward tier would include both a sample swatch and a small finished jewelry item (e.g., a keychain) using leather from the same donor cow. A proposed plan includes offering a simple, digital 'material passport' (e.g., a QR code) linking to details about the cultivation process, tanning, and the specific donor cow.

## Technical Details
-   Plant-based scaffold from kapok seed fibers, needle-felted.
-   Surface treatment with plant-derived ingredients (e.g., sunflower lecithin, zein protein) to promote cell attachment.
-   Cells produce collagen that becomes vegetable-tanned leather.
-   Approximate inlay dimension: 10 mm × 50 mm.","## One-Sentence Summary

A line of heirloom jewelry uses real leather that is cultivated in bioreactors from a one-time, harmless skin-cell sample taken from a living, sanctuary-grazing cow, aiming to offer animal-friendly leather adornments.

## Problem
The creators frame conventional leather as dependent on animal harm and present a gap for ethically sourced, real leather that preserves the material's qualities without sacrificing animal welfare. They position the project as evidence that leather can be made while the donor animal continues to live and be cared for at a sanctuary.

## Solution / Product Overview
The project offers jewelry featuring inlays of cultivated leather grown from the donor cow's skin cells on a plant-based scaffold. The leather is produced in bioreactors and then vegetable-tanned, allowing the creators to present finished wearable pieces while asserting that no additional animal harvesting is required. A proposed plan is to offer a limited series where backers can select which specific sanctuary-grazing cow (from a small, named group) their leather cells originated from, accompanied by a brief profile of that animal. A proposed plan also includes offering a simple, low-cost reward tier for a cultivated leather sample swatch (e.g., 20mm x 20mm) mounted on a display card, allowing backers to physically inspect the material before committing to a full jewelry piece. A proposed plan is to offer a 'pairing' reward tier that includes both a sample swatch and a small, finished jewelry item (e.g., a simple keychain) using leather from the same donor cow, allowing backers to compare the material sample to a final product. A proposed plan is to offer a simple, digital 'material passport' (e.g., a QR code) linking to details about the cultivation process, tanning, and the specific donor cow.

## Key Features & Capabilities
-   Real leather cultivated from living-animal skin cells grown on a plant-derived scaffold.
-   Inlays set within metal bezels and protected under a glass dome cabochon.
-   Options to choose hypoallergenic stainless steel or sterling silver for certain pieces.
-   Offered in multiple size, color, and material combinations.
-   Packaged in eco-friendly boxes cushioned with plant seed fiber used in the cultivation process.
-   A proposed limited series would allow backers to select the specific named donor cow and receive a profile of that animal.
-   A proposed plan to conduct and share the results of a standard durability test (like a rub test) on the cultivated leather inlay to address potential backer concerns about longevity.
-   A proposed plan to offer a low-cost reward tier providing a sample swatch of the cultivated leather on a display card.
-   A proposed plan to offer a 'pairing' reward tier including a sample swatch and a small finished jewelry item (e.g., a keychain) from the same donor cow.
-   A proposed plan to include a small, sealed glass vial containing a visual sample of the plant-based scaffold material (kapok seed fiber) as part of the sample swatch or 'pairing' tier packaging.
-   A proposed plan to offer a simple, digital 'material passport' (e.g., a QR code) linking to details about the cultivation process, tanning, and the specific donor cow.

## Target Users & Use Cases
The campaign speaks to people seeking animal-friendly, sustainable jewelry and those interested in owning a first-of-its-kind heirloom piece made from cultivated leather grown from a specific donor animal's cells. The proposed sample swatch tier is intended for backers who wish to verify the material's look and feel firsthand. The proposed 'pairing' tier is intended for backers who want to both inspect the material and see it in a finished application. The proposed inclusion of a scaffold sample vial is intended to provide backers with a tangible piece of the material's foundational story. The proposed 'material passport' is intended to increase transparency for backers interested in the material's origin and production story.

## Development Status
The team shows finished jewelry inlays and describes past milestones: cells were isolated harmlessly in 2023, prototypes include a pendant and a card holder made in early 2025, and the leather is grown with patent-pending plant-based scaffolding. They state there are no outside approvals required and that the technology and cell lines are owned by the creators.

## Roadmap & Delivery Plan
Planned actions include pilot testing to tune color and texture, inspecting scaffold density before use, preparing different concentrations of plant-based tanning ingredients, and securing jewelry settings after style counts are finalized at the end of the campaign. A proposed plan includes testing the cultivated leather inlays using a standard durability test (like a rub test) and sharing the results with backers. Production scaling will be addressed by adjusting modular cultivated-leather bioreactor technology and resources. If the limited donor-selection series is offered, plans would include finalizing the list of named donor animals and preparing their brief profiles. If the sample swatch tier is offered, plans would include preparing the swatches, display cards, and the small sealed vials of scaffold material. If the 'pairing' tier is offered, plans would include producing the small finished jewelry items (e.g., keychains) and coordinating them with matching sample swatches and scaffold vials. If the 'material passport' is offered, plans would include creating the digital content and generating unique QR codes.

## Why Crowdfunding / Use of Funds
Funds support bringing the cultivated-leather jewelry to backers: producing inlays, performing pilot tests for consistency, and procuring jewelry settings and sustainable packaging to deliver finished pieces. If offered, funds would also support producing sample swatches, display cards, and the small sealed vials of scaffold material. If offered, funds would also support producing the small finished jewelry items and coordinating them with sample swatches and scaffold vials for the 'pairing' tier. If offered, funds would also support the development and hosting of the 'material passport' digital content.

## Risks & Challenges
Stated risks include: loss of cryopreserved cells (mitigated by storage at multiple facilities); variability in final color and surface texture from vegetable tanning and scaffold differences (addressed through pilot testing and scaffold inspection); potential supply-chain changes requiring alternate jewelry settings of equal or better quality; and possible extended delivery times for later backers if demand is high.

## Team & Partnerships
The effort is led by a founder with long-term tissue-engineering experience and cellular-agriculture leadership since 2018, who worked with a sanctuary and veterinary professionals to isolate the donor cells.

## What's Included
Jewelry pieces with cultivated-leather inlays (e.g., a rectangular inlay approximately 10 mm × 50 mm) and, for some items, a waxed linen cord; components are housed in metal bezels and glass cabochons. A proposed reward tier would include a cultivated leather sample swatch on a display card. A proposed 'pairing' reward tier would include both a sample swatch and a small finished jewelry item (e.g., a keychain) using leather from the same donor cow. A proposed plan includes offering a simple, digital 'material passport' (e.g., a QR code) linking to details about the cultivation process, tanning, and the specific donor cow.

## Technical Details
-   Plant-based scaffold from kapok seed fibers, needle-felted.
-   Surface treatment with plant-derived ingredients (e.g., sunflower lecithin, zein protein) to promote cell attachment.
-   Cells produce collagen that becomes vegetable-tanned leather.
-   Approximate inlay dimension: 10 mm × 50 mm."
"local","6","L6.5","specialized_rewrite","L5.2","","False","prospective_framing_safeguard","[""A proposed plan to conduct and share results of a simple water-resistance test (e.g., a droplet test) on the cultivated leather inlay alongside the proposed rub test to further address material performance concerns."", ""A proposed plan includes conducting and sharing results of a simple water-resistance test (e.g., a droplet test) on the cultivated leather inlay.""]","True","accepted","[]","Prospective-framing safeguard overrode the model's rejection because every flagged claim is explicitly hypothetical, proposed, planned, or future-tense and none asserts an existing accomplishment. Initial model analysis: The candidate introduces a new, specific proposed test (a water-resistance/droplet test) in both the 'Key Features & Capabilities' and 'Roadmap & Delivery Plan' sections. While the source material mentions a proposed rub test, it does not mention any plan for a water-resistance test. The candidate presents this as a 'proposed plan' from the creators, which is an unsupported claim about the venture's stated intentions. According to the standard, new ideas are allowed only when clearly framed as the auditor's proposals, hypotheses, or future tests, not as claims about what the venture itself has proposed. The candidate incorrectly attributes this new plan to the venture's concept.","## One-Sentence Summary
A line of heirloom jewelry uses real leather that is cultivated in bioreactors from a one-time, harmless skin-cell sample taken from a living, sanctuary-grazing cow, aiming to offer animal-friendly leather adornments.

## Problem
The creators frame conventional leather as dependent on animal harm and present a gap for ethically sourced, real leather that preserves the material's qualities without sacrificing animal welfare. They position the project as evidence that leather can be made while the donor animal continues to live and be cared for at a sanctuary.

## Solution / Product Overview
The project offers jewelry featuring inlays of cultivated leather grown from the donor cow's skin cells on a plant-based scaffold. The leather is produced in bioreactors and then vegetable-tanned, allowing the creators to present finished wearable pieces while asserting that no additional animal harvesting is required. A proposed plan is to offer a limited series where backers can select which specific sanctuary-grazing cow (from a small, named group) their leather cells originated from, accompanied by a brief profile of that animal. A proposed plan also includes offering a simple, low-cost reward tier for a cultivated leather sample swatch (e.g., 20mm x 20mm) mounted on a display card, allowing backers to physically inspect the material before committing to a full jewelry piece. A proposed plan is to offer a 'pairing' reward tier that includes both a sample swatch and a small, finished jewelry item (e.g., a simple keychain) using leather from the same donor cow, allowing backers to compare the material sample to a final product. A proposed plan is to offer a simple, digital 'material passport' (e.g., a QR code) linking to details about the cultivation process, tanning, and the specific donor cow.

## Key Features & Capabilities
-   Real leather cultivated from living-animal skin cells grown on a plant-derived scaffold.
-   Inlays set within metal bezels and protected under a glass dome cabochon.
-   Options to choose hypoallergenic stainless steel or sterling silver for certain pieces.
-   Offered in multiple size, color, and material combinations.
-   Packaged in eco-friendly boxes cushioned with plant seed fiber used in the cultivation process.
-   A proposed limited series would allow backers to select the specific named donor cow and receive a profile of that animal.
-   A proposed plan to conduct and share the results of a standard durability test (like a rub test) on the cultivated leather inlay to address potential backer concerns about longevity.
-   A proposed plan to conduct and share results of a simple water-resistance test (e.g., a droplet test) on the cultivated leather inlay alongside the proposed rub test to further address material performance concerns.
-   A proposed plan to offer a low-cost reward tier providing a sample swatch of the cultivated leather on a display card.
-   A proposed plan to offer a 'pairing' reward tier including a sample swatch and a small finished jewelry item (e.g., a keychain) from the same donor cow.
-   A proposed plan to offer a simple, digital 'material passport' (e.g., a QR code) linking to details about the cultivation process, tanning, and the specific donor cow.

## Target Users & Use Cases
The campaign speaks to people seeking animal-friendly, sustainable jewelry and those interested in owning a first-of-its-kind heirloom piece made from cultivated leather grown from a specific donor animal's cells. The proposed sample swatch tier is intended for backers who wish to verify the material's look and feel firsthand. The proposed 'pairing' tier is intended for backers who want to both inspect the material and see it in a finished application. The proposed 'material passport' is intended to increase transparency for backers interested in the material's origin and production story.

## Development Status
The team shows finished jewelry inlays and describes past milestones: cells were isolated harmlessly in 2023, prototypes include a pendant and a card holder made in early 2025, and the leather is grown with patent-pending plant-based scaffolding. They state there are no outside approvals required and that the technology and cell lines are owned by the creators.

## Roadmap & Delivery Plan
Planned actions include pilot testing to tune color and texture, inspecting scaffold density before use, preparing different concentrations of plant-based tanning ingredients, and securing jewelry settings after style counts are finalized at the end of the campaign. A proposed plan includes testing the cultivated leather inlays using a standard durability test (like a rub test) and sharing the results with backers. A proposed plan includes conducting and sharing results of a simple water-resistance test (e.g., a droplet test) on the cultivated leather inlay. Production scaling will be addressed by adjusting modular cultivated-leather bioreactor technology and resources. If the limited donor-selection series is offered, plans would include finalizing the list of named donor animals and preparing their brief profiles. If the sample swatch tier is offered, plans would include preparing the swatches and display cards. If the 'pairing' tier is offered, plans would include producing the small finished jewelry items (e.g., keychains) and coordinating them with matching sample swatches. If the 'material passport' is offered, plans would include creating the digital content and generating unique QR codes.

## Why Crowdfunding / Use of Funds
Funds support bringing the cultivated-leather jewelry to backers: producing inlays, performing pilot tests for consistency, and procuring jewelry settings and sustainable packaging to deliver finished pieces. If offered, funds would also support producing sample swatches and display cards. If offered, funds would also support producing the small finished jewelry items and coordinating them with sample swatches for the 'pairing' tier. If offered, funds would also support the development and hosting of the 'material passport' digital content.

## Risks & Challenges
Stated risks include: loss of cryopreserved cells (mitigated by storage at multiple facilities); variability in final color and surface texture from vegetable tanning and scaffold differences (addressed through pilot testing and scaffold inspection); potential supply-chain changes requiring alternate jewelry settings of equal or better quality; and possible extended delivery times for later backers if demand is high.

## Team & Partnerships
The effort is led by a founder with long-term tissue-engineering experience and cellular-agriculture leadership since 2018, who worked with a sanctuary and veterinary professionals to isolate the donor cells.

## What's Included
Jewelry pieces with cultivated-leather inlays (e.g., a rectangular inlay approximately 10 mm × 50 mm) and, for some items, a waxed linen cord; components are housed in metal bezels and glass cabochons. A proposed reward tier would include a cultivated leather sample swatch on a display card. A proposed 'pairing' reward tier would include both a sample swatch and a small finished jewelry item (e.g., a keychain) using leather from the same donor cow. A proposed plan includes offering a simple, digital 'material passport' (e.g., a QR code) linking to details about the cultivation process, tanning, and the specific donor cow.

## Technical Details
-   Plant-based scaffold from kapok seed fibers, needle-felted.
-   Surface treatment with plant-derived ingredients (e.g., sunflower lecithin, zein protein) to promote cell attachment.
-   Cells produce collagen that becomes vegetable-tanned leather.
-   Approximate inlay dimension: 10 mm × 50 mm.","## One-Sentence Summary
A line of heirloom jewelry uses real leather that is cultivated in bioreactors from a one-time, harmless skin-cell sample taken from a living, sanctuary-grazing cow, aiming to offer animal-friendly leather adornments.

## Problem
The creators frame conventional leather as dependent on animal harm and present a gap for ethically sourced, real leather that preserves the material's qualities without sacrificing animal welfare. They position the project as evidence that leather can be made while the donor animal continues to live and be cared for at a sanctuary.

## Solution / Product Overview
The project offers jewelry featuring inlays of cultivated leather grown from the donor cow's skin cells on a plant-based scaffold. The leather is produced in bioreactors and then vegetable-tanned, allowing the creators to present finished wearable pieces while asserting that no additional animal harvesting is required. A proposed plan is to offer a limited series where backers can select which specific sanctuary-grazing cow (from a small, named group) their leather cells originated from, accompanied by a brief profile of that animal. A proposed plan also includes offering a simple, low-cost reward tier for a cultivated leather sample swatch (e.g., 20mm x 20mm) mounted on a display card, allowing backers to physically inspect the material before committing to a full jewelry piece. A proposed plan is to offer a 'pairing' reward tier that includes both a sample swatch and a small, finished jewelry item (e.g., a simple keychain) using leather from the same donor cow, allowing backers to compare the material sample to a final product. A proposed plan is to offer a simple, digital 'material passport' (e.g., a QR code) linking to details about the cultivation process, tanning, and the specific donor cow.

## Key Features & Capabilities
-   Real leather cultivated from living-animal skin cells grown on a plant-derived scaffold.
-   Inlays set within metal bezels and protected under a glass dome cabochon.
-   Options to choose hypoallergenic stainless steel or sterling silver for certain pieces.
-   Offered in multiple size, color, and material combinations.
-   Packaged in eco-friendly boxes cushioned with plant seed fiber used in the cultivation process.
-   A proposed limited series would allow backers to select the specific named donor cow and receive a profile of that animal.
-   A proposed plan to conduct and share the results of a standard durability test (like a rub test) on the cultivated leather inlay to address potential backer concerns about longevity.
-   A proposed plan to conduct and share results of a simple water-resistance test (e.g., a droplet test) on the cultivated leather inlay alongside the proposed rub test to further address material performance concerns.
-   A proposed plan to offer a low-cost reward tier providing a sample swatch of the cultivated leather on a display card.
-   A proposed plan to offer a 'pairing' reward tier including a sample swatch and a small finished jewelry item (e.g., a keychain) from the same donor cow.
-   A proposed plan to offer a simple, digital 'material passport' (e.g., a QR code) linking to details about the cultivation process, tanning, and the specific donor cow.

## Target Users & Use Cases
The campaign speaks to people seeking animal-friendly, sustainable jewelry and those interested in owning a first-of-its-kind heirloom piece made from cultivated leather grown from a specific donor animal's cells. The proposed sample swatch tier is intended for backers who wish to verify the material's look and feel firsthand. The proposed 'pairing' tier is intended for backers who want to both inspect the material and see it in a finished application. The proposed 'material passport' is intended to increase transparency for backers interested in the material's origin and production story.

## Development Status
The team shows finished jewelry inlays and describes past milestones: cells were isolated harmlessly in 2023, prototypes include a pendant and a card holder made in early 2025, and the leather is grown with patent-pending plant-based scaffolding. They state there are no outside approvals required and that the technology and cell lines are owned by the creators.

## Roadmap & Delivery Plan
Planned actions include pilot testing to tune color and texture, inspecting scaffold density before use, preparing different concentrations of plant-based tanning ingredients, and securing jewelry settings after style counts are finalized at the end of the campaign. A proposed plan includes testing the cultivated leather inlays using a standard durability test (like a rub test) and sharing the results with backers. A proposed plan includes conducting and sharing results of a simple water-resistance test (e.g., a droplet test) on the cultivated leather inlay. Production scaling will be addressed by adjusting modular cultivated-leather bioreactor technology and resources. If the limited donor-selection series is offered, plans would include finalizing the list of named donor animals and preparing their brief profiles. If the sample swatch tier is offered, plans would include preparing the swatches and display cards. If the 'pairing' tier is offered, plans would include producing the small finished jewelry items (e.g., keychains) and coordinating them with matching sample swatches. If the 'material passport' is offered, plans would include creating the digital content and generating unique QR codes.

## Why Crowdfunding / Use of Funds
Funds support bringing the cultivated-leather jewelry to backers: producing inlays, performing pilot tests for consistency, and procuring jewelry settings and sustainable packaging to deliver finished pieces. If offered, funds would also support producing sample swatches and display cards. If offered, funds would also support producing the small finished jewelry items and coordinating them with sample swatches for the 'pairing' tier. If offered, funds would also support the development and hosting of the 'material passport' digital content.

## Risks & Challenges
Stated risks include: loss of cryopreserved cells (mitigated by storage at multiple facilities); variability in final color and surface texture from vegetable tanning and scaffold differences (addressed through pilot testing and scaffold inspection); potential supply-chain changes requiring alternate jewelry settings of equal or better quality; and possible extended delivery times for later backers if demand is high.

## Team & Partnerships
The effort is led by a founder with long-term tissue-engineering experience and cellular-agriculture leadership since 2018, who worked with a sanctuary and veterinary professionals to isolate the donor cells.

## What's Included
Jewelry pieces with cultivated-leather inlays (e.g., a rectangular inlay approximately 10 mm × 50 mm) and, for some items, a waxed linen cord; components are housed in metal bezels and glass cabochons. A proposed reward tier would include a cultivated leather sample swatch on a display card. A proposed 'pairing' reward tier would include both a sample swatch and a small finished jewelry item (e.g., a keychain) using leather from the same donor cow. A proposed plan includes offering a simple, digital 'material passport' (e.g., a QR code) linking to details about the cultivation process, tanning, and the specific donor cow.

## Technical Details
-   Plant-based scaffold from kapok seed fibers, needle-felted.
-   Surface treatment with plant-derived ingredients (e.g., sunflower lecithin, zein protein) to promote cell attachment.
-   Cells produce collagen that becomes vegetable-tanned leather.
-   Approximate inlay dimension: 10 mm × 50 mm."
"local","7","L7.1","specialized_rewrite","L6.1","","True","model_audit","[]","True","accepted","[]","The generated candidate is an exact copy of the authorized source material. Every statement about existing real-world evidence or status (e.g., cells isolated in 2023, prototypes made in early 2025, patent-pending scaffolding, founder's experience since 2018) is directly supported. All other elements are either factual descriptions of the product concept or are explicitly framed as proposed plans, future actions, or conditional offerings (e.g., 'A proposed plan is to offer...', 'If offered, plans would include...'). No unsupported claims of existing traction, customers, partnerships, or accomplishments were introduced.","## One-Sentence Summary

A line of heirloom jewelry uses real leather that is cultivated in bioreactors from a one-time, harmless skin-cell sample taken from a living, sanctuary-grazing cow, aiming to offer animal-friendly leather adornments.

## Problem
The creators frame conventional leather as dependent on animal harm and present a gap for ethically sourced, real leather that preserves the material's qualities without sacrificing animal welfare. They position the project as evidence that leather can be made while the donor animal continues to live and be cared for at a sanctuary.

## Solution / Product Overview
The project offers jewelry featuring inlays of cultivated leather grown from the donor cow's skin cells on a plant-based scaffold. The leather is produced in bioreactors and then vegetable-tanned, allowing the creators to present finished wearable pieces while asserting that no additional animal harvesting is required. A proposed plan is to offer a limited series where backers can select which specific sanctuary-grazing cow (from a small, named group) their leather cells originated from, accompanied by a brief profile of that animal. A proposed plan also includes offering a simple, low-cost reward tier for a cultivated leather sample swatch (e.g., 20mm x 20mm) mounted on a display card, allowing backers to physically inspect the material before committing to a full jewelry piece. A proposed plan is to offer a 'pairing' reward tier that includes both a sample swatch and a small, finished jewelry item (e.g., a simple keychain) using leather from the same donor cow, allowing backers to compare the material sample to a final product. A proposed plan is to offer a simple, digital 'material passport' (e.g., a QR code) linking to details about the cultivation process, tanning, and the specific donor cow.

## Key Features & Capabilities
- Real leather cultivated from living-animal skin cells grown on a plant-derived scaffold.
- Inlays set within metal bezels and protected under a glass dome cabochon.
- Options to choose hypoallergenic stainless steel or sterling silver for certain pieces.
- Offered in multiple size, color, and material combinations.
- Packaged in eco-friendly boxes cushioned with plant seed fiber used in the cultivation process.
- A proposed limited series would allow backers to select the specific named donor cow and receive a profile of that animal.
- A proposed plan to conduct and share the results of a standard durability test (like a rub test) on the cultivated leather inlay to address potential backer concerns about longevity.
- A proposed plan to offer a low-cost reward tier providing a sample swatch of the cultivated leather on a display card.
- A proposed plan to offer a 'pairing' reward tier including a sample swatch and a small finished jewelry item (e.g., a keychain) from the same donor cow.
- A proposed plan to offer a simple, digital 'material passport' (e.g., a QR code) linking to details about the cultivation process, tanning, and the specific donor cow.
- A proposed plan to include a high-resolution, downloadable video showing the cultivated leather's texture and response to bending/flexing in the 'material passport' content to address durability questions visually.

## Target Users & Use Cases
The campaign speaks to people seeking animal-friendly, sustainable jewelry and those interested in owning a first-of-its-kind heirloom piece made from cultivated leather grown from a specific donor animal's cells. The proposed sample swatch tier is intended for backers who wish to verify the material's look and feel firsthand. The proposed 'pairing' tier is intended for backers who want to both inspect the material and see it in a finished application. The proposed 'material passport' and its proposed video content are intended to increase transparency and visually address durability for backers interested in the material's origin, production story, and physical properties.

## Development Status
The team shows finished jewelry inlays and describes past milestones: cells were isolated harmlessly in 2023, prototypes include a pendant and a card holder made in early 2025, and the leather is grown with patent-pending plant-based scaffolding. They state there are no outside approvals required and that the technology and cell lines are owned by the creators.

## Roadmap & Delivery Plan
Planned actions include pilot testing to tune color and texture, inspecting scaffold density before use, preparing different concentrations of plant-based tanning ingredients, and securing jewelry settings after style counts are finalized at the end of the campaign. A proposed plan includes testing the cultivated leather inlays using a standard durability test (like a rub test) and sharing the results with backers. Production scaling will be addressed by adjusting modular cultivated-leather bioreactor technology and resources. If the limited donor-selection series is offered, plans would include finalizing the list of named donor animals and preparing their brief profiles. If the sample swatch tier is offered, plans would include preparing the swatches and display cards. If the 'pairing' tier is offered, plans would include producing the small finished jewelry items (e.g., keychains) and coordinating them with matching sample swatches. If the 'material passport' is offered, plans would include creating the digital content and generating unique QR codes. A proposed plan would include creating a high-resolution video showing the leather's texture and flex for inclusion in the 'material passport' content.

## Why Crowdfunding / Use of Funds
Funds support bringing the cultivated-leather jewelry to backers: producing inlays, performing pilot tests for consistency, and procuring jewelry settings and sustainable packaging to deliver finished pieces. If offered, funds would also support producing sample swatches and display cards. If offered, funds would also support producing the small finished jewelry items and coordinating them with sample swatches for the 'pairing' tier. If offered, funds would also support the development and hosting of the 'material passport' digital content, including the proposed high-resolution video.

## Risks & Challenges
Stated risks include: loss of cryopreserved cells (mitigated by storage at multiple facilities); variability in final color and surface texture from vegetable tanning and scaffold differences (addressed through pilot testing and scaffold inspection); potential supply-chain changes requiring alternate jewelry settings of equal or better quality; and possible extended delivery times for later backers if demand is high.

## Team & Partnerships
The effort is led by a founder with long-term tissue-engineering experience and cellular-agriculture leadership since 2018, who worked with a sanctuary and veterinary professionals to isolate the donor cells.

## What's Included
Jewelry pieces with cultivated-leather inlays (e.g., a rectangular inlay approximately 10 mm × 50 mm) and, for some items, a waxed linen cord; components are housed in metal bezels and glass cabochons. A proposed reward tier would include a cultivated leather sample swatch on a display card. A proposed 'pairing' reward tier would include both a sample swatch and a small finished jewelry item (e.g., a keychain) using leather from the same donor cow. A proposed plan includes offering a simple, digital 'material passport' (e.g., a QR code) linking to details about the cultivation process, tanning, and the specific donor cow.

## Technical Details
- Plant-based scaffold from kapok seed fibers, needle-felted.
- Surface treatment with plant-derived ingredients (e.g., sunflower lecithin, zein protein) to promote cell attachment.
- Cells produce collagen that becomes vegetable-tanned leather.
- Approximate inlay dimension: 10 mm × 50 mm.","## One-Sentence Summary

A line of heirloom jewelry uses real leather that is cultivated in bioreactors from a one-time, harmless skin-cell sample taken from a living, sanctuary-grazing cow, aiming to offer animal-friendly leather adornments.

## Problem
The creators frame conventional leather as dependent on animal harm and present a gap for ethically sourced, real leather that preserves the material's qualities without sacrificing animal welfare. They position the project as evidence that leather can be made while the donor animal continues to live and be cared for at a sanctuary.

## Solution / Product Overview
The project offers jewelry featuring inlays of cultivated leather grown from the donor cow's skin cells on a plant-based scaffold. The leather is produced in bioreactors and then vegetable-tanned, allowing the creators to present finished wearable pieces while asserting that no additional animal harvesting is required. A proposed plan is to offer a limited series where backers can select which specific sanctuary-grazing cow (from a small, named group) their leather cells originated from, accompanied by a brief profile of that animal. A proposed plan also includes offering a simple, low-cost reward tier for a cultivated leather sample swatch (e.g., 20mm x 20mm) mounted on a display card, allowing backers to physically inspect the material before committing to a full jewelry piece. A proposed plan is to offer a 'pairing' reward tier that includes both a sample swatch and a small, finished jewelry item (e.g., a simple keychain) using leather from the same donor cow, allowing backers to compare the material sample to a final product. A proposed plan is to offer a simple, digital 'material passport' (e.g., a QR code) linking to details about the cultivation process, tanning, and the specific donor cow.

## Key Features & Capabilities
- Real leather cultivated from living-animal skin cells grown on a plant-derived scaffold.
- Inlays set within metal bezels and protected under a glass dome cabochon.
- Options to choose hypoallergenic stainless steel or sterling silver for certain pieces.
- Offered in multiple size, color, and material combinations.
- Packaged in eco-friendly boxes cushioned with plant seed fiber used in the cultivation process.
- A proposed limited series would allow backers to select the specific named donor cow and receive a profile of that animal.
- A proposed plan to conduct and share the results of a standard durability test (like a rub test) on the cultivated leather inlay to address potential backer concerns about longevity.
- A proposed plan to offer a low-cost reward tier providing a sample swatch of the cultivated leather on a display card.
- A proposed plan to offer a 'pairing' reward tier including a sample swatch and a small finished jewelry item (e.g., a keychain) from the same donor cow.
- A proposed plan to offer a simple, digital 'material passport' (e.g., a QR code) linking to details about the cultivation process, tanning, and the specific donor cow.
- A proposed plan to include a high-resolution, downloadable video showing the cultivated leather's texture and response to bending/flexing in the 'material passport' content to address durability questions visually.

## Target Users & Use Cases
The campaign speaks to people seeking animal-friendly, sustainable jewelry and those interested in owning a first-of-its-kind heirloom piece made from cultivated leather grown from a specific donor animal's cells. The proposed sample swatch tier is intended for backers who wish to verify the material's look and feel firsthand. The proposed 'pairing' tier is intended for backers who want to both inspect the material and see it in a finished application. The proposed 'material passport' and its proposed video content are intended to increase transparency and visually address durability for backers interested in the material's origin, production story, and physical properties.

## Development Status
The team shows finished jewelry inlays and describes past milestones: cells were isolated harmlessly in 2023, prototypes include a pendant and a card holder made in early 2025, and the leather is grown with patent-pending plant-based scaffolding. They state there are no outside approvals required and that the technology and cell lines are owned by the creators.

## Roadmap & Delivery Plan
Planned actions include pilot testing to tune color and texture, inspecting scaffold density before use, preparing different concentrations of plant-based tanning ingredients, and securing jewelry settings after style counts are finalized at the end of the campaign. A proposed plan includes testing the cultivated leather inlays using a standard durability test (like a rub test) and sharing the results with backers. Production scaling will be addressed by adjusting modular cultivated-leather bioreactor technology and resources. If the limited donor-selection series is offered, plans would include finalizing the list of named donor animals and preparing their brief profiles. If the sample swatch tier is offered, plans would include preparing the swatches and display cards. If the 'pairing' tier is offered, plans would include producing the small finished jewelry items (e.g., keychains) and coordinating them with matching sample swatches. If the 'material passport' is offered, plans would include creating the digital content and generating unique QR codes. A proposed plan would include creating a high-resolution video showing the leather's texture and flex for inclusion in the 'material passport' content.

## Why Crowdfunding / Use of Funds
Funds support bringing the cultivated-leather jewelry to backers: producing inlays, performing pilot tests for consistency, and procuring jewelry settings and sustainable packaging to deliver finished pieces. If offered, funds would also support producing sample swatches and display cards. If offered, funds would also support producing the small finished jewelry items and coordinating them with sample swatches for the 'pairing' tier. If offered, funds would also support the development and hosting of the 'material passport' digital content, including the proposed high-resolution video.

## Risks & Challenges
Stated risks include: loss of cryopreserved cells (mitigated by storage at multiple facilities); variability in final color and surface texture from vegetable tanning and scaffold differences (addressed through pilot testing and scaffold inspection); potential supply-chain changes requiring alternate jewelry settings of equal or better quality; and possible extended delivery times for later backers if demand is high.

## Team & Partnerships
The effort is led by a founder with long-term tissue-engineering experience and cellular-agriculture leadership since 2018, who worked with a sanctuary and veterinary professionals to isolate the donor cells.

## What's Included
Jewelry pieces with cultivated-leather inlays (e.g., a rectangular inlay approximately 10 mm × 50 mm) and, for some items, a waxed linen cord; components are housed in metal bezels and glass cabochons. A proposed reward tier would include a cultivated leather sample swatch on a display card. A proposed 'pairing' reward tier would include both a sample swatch and a small finished jewelry item (e.g., a keychain) using leather from the same donor cow. A proposed plan includes offering a simple, digital 'material passport' (e.g., a QR code) linking to details about the cultivation process, tanning, and the specific donor cow.

## Technical Details
- Plant-based scaffold from kapok seed fibers, needle-felted.
- Surface treatment with plant-derived ingredients (e.g., sunflower lecithin, zein protein) to promote cell attachment.
- Cells produce collagen that becomes vegetable-tanned leather.
- Approximate inlay dimension: 10 mm × 50 mm."
"local","7","L7.2","specialized_rewrite","L6.1","","True","model_audit","[]","True","accepted","[]","The generated candidate accurately reproduces all factual claims from the source material regarding existing development status, prototypes, team credentials, and past milestones. All new additions (the infographic proposal in Key Features, Roadmap, and Use of Funds) are explicitly framed as 'proposed plan' or similar future-oriented language, adhering to the standard. No unsupported claims of existing traction, customers, partnerships, or accomplishments were introduced.","## One-Sentence Summary

A line of heirloom jewelry uses real leather that is cultivated in bioreactors from a one-time, harmless skin-cell sample taken from a living, sanctuary-grazing cow, aiming to offer animal-friendly leather adornments.

## Problem
The creators frame conventional leather as dependent on animal harm and present a gap for ethically sourced, real leather that preserves the material's qualities without sacrificing animal welfare. They position the project as evidence that leather can be made while the donor animal continues to live and be cared for at a sanctuary.

## Solution / Product Overview
The project offers jewelry featuring inlays of cultivated leather grown from the donor cow's skin cells on a plant-based scaffold. The leather is produced in bioreactors and then vegetable-tanned, allowing the creators to present finished wearable pieces while asserting that no additional animal harvesting is required. A proposed plan is to offer a limited series where backers can select which specific sanctuary-grazing cow (from a small, named group) their leather cells originated from, accompanied by a brief profile of that animal. A proposed plan also includes offering a simple, low-cost reward tier for a cultivated leather sample swatch (e.g., 20mm x 20mm) mounted on a display card, allowing backers to physically inspect the material before committing to a full jewelry piece. A proposed plan is to offer a 'pairing' reward tier that includes both a sample swatch and a small, finished jewelry item (e.g., a simple keychain) using leather from the same donor cow, allowing backers to compare the material sample to a final product. A proposed plan is to offer a simple, digital 'material passport' (e.g., a QR code) linking to details about the cultivation process, tanning, and the specific donor cow.

## Key Features & Capabilities
- Real leather cultivated from living-animal skin cells grown on a plant-derived scaffold.
- Inlays set within metal bezels and protected under a glass dome cabochon.
- Options to choose hypoallergenic stainless steel or sterling silver for certain pieces.
- Offered in multiple size, color, and material combinations.
- Packaged in eco-friendly boxes cushioned with plant seed fiber used in the cultivation process.
- A proposed limited series would allow backers to select the specific named donor cow and receive a profile of that animal.
- A proposed plan to conduct and share the results of a standard durability test (like a rub test) on the cultivated leather inlay to address potential backer concerns about longevity.
- A proposed plan to offer a low-cost reward tier providing a sample swatch of the cultivated leather on a display card.
- A proposed plan to offer a 'pairing' reward tier including a sample swatch and a small finished jewelry item (e.g., a keychain) from the same donor cow.
- A proposed plan to offer a simple, digital 'material passport' (e.g., a QR code) linking to details about the cultivation process, tanning, and the specific donor cow.
- A proposed plan to include a high-resolution, downloadable video showing the cultivated leather's texture and response to bending/flexing in the 'material passport' content to address durability questions visually.
- A proposed plan to create a basic, clear infographic explaining the cultivation process from cell sample to finished inlay, to be included in the packaging or 'material passport'.

## Target Users & Use Cases
The campaign speaks to people seeking animal-friendly, sustainable jewelry and those interested in owning a first-of-its-kind heirloom piece made from cultivated leather grown from a specific donor animal's cells. The proposed sample swatch tier is intended for backers who wish to verify the material's look and feel firsthand. The proposed 'pairing' tier is intended for backers who want to both inspect the material and see it in a finished application. The proposed 'material passport' and its proposed video content are intended to increase transparency and visually address durability for backers interested in the material's origin, production story, and physical properties.

## Development Status
The team shows finished jewelry inlays and describes past milestones: cells were isolated harmlessly in 2023, prototypes include a pendant and a card holder made in early 2025, and the leather is grown with patent-pending plant-based scaffolding. They state there are no outside approvals required and that the technology and cell lines are owned by the creators.

## Roadmap & Delivery Plan
Planned actions include pilot testing to tune color and texture, inspecting scaffold density before use, preparing different concentrations of plant-based tanning ingredients, and securing jewelry settings after style counts are finalized at the end of the campaign. A proposed plan includes testing the cultivated leather inlays using a standard durability test (like a rub test) and sharing the results with backers. Production scaling will be addressed by adjusting modular cultivated-leather bioreactor technology and resources. If the limited donor-selection series is offered, plans would include finalizing the list of named donor animals and preparing their brief profiles. If the sample swatch tier is offered, plans would include preparing the swatches and display cards. If the 'pairing' tier is offered, plans would include producing the small finished jewelry items (e.g., keychains) and coordinating them with matching sample swatches. If the 'material passport' is offered, plans would include creating the digital content and generating unique QR codes. A proposed plan would include creating a high-resolution video showing the leather's texture and flex for inclusion in the 'material passport' content. A proposed plan would include creating a basic infographic explaining the cultivation process for inclusion in packaging or the 'material passport'.

## Why Crowdfunding / Use of Funds
Funds support bringing the cultivated-leather jewelry to backers: producing inlays, performing pilot tests for consistency, and procuring jewelry settings and sustainable packaging to deliver finished pieces. If offered, funds would also support producing sample swatches and display cards. If offered, funds would also support producing the small finished jewelry items and coordinating them with sample swatches for the 'pairing' tier. If offered, funds would also support the development and hosting of the 'material passport' digital content, including the proposed high-resolution video and the proposed infographic.

## Risks & Challenges
Stated risks include: loss of cryopreserved cells (mitigated by storage at multiple facilities); variability in final color and surface texture from vegetable tanning and scaffold differences (addressed through pilot testing and scaffold inspection); potential supply-chain changes requiring alternate jewelry settings of equal or better quality; and possible extended delivery times for later backers if demand is high.

## Team & Partnerships
The effort is led by a founder with long-term tissue-engineering experience and cellular-agriculture leadership since 2018, who worked with a sanctuary and veterinary professionals to isolate the donor cells.

## What's Included
Jewelry pieces with cultivated-leather inlays (e.g., a rectangular inlay approximately 10 mm × 50 mm) and, for some items, a waxed linen cord; components are housed in metal bezels and glass cabochons. A proposed reward tier would include a cultivated leather sample swatch on a display card. A proposed 'pairing' reward tier would include both a sample swatch and a small finished jewelry item (e.g., a keychain) using leather from the same donor cow. A proposed plan includes offering a simple, digital 'material passport' (e.g., a QR code) linking to details about the cultivation process, tanning, and the specific donor cow.

## Technical Details
- Plant-based scaffold from kapok seed fibers, needle-felted.
- Surface treatment with plant-derived ingredients (e.g., sunflower lecithin, zein protein) to promote cell attachment.
- Cells produce collagen that becomes vegetable-tanned leather.
- Approximate inlay dimension: 10 mm × 50 mm.","## One-Sentence Summary

A line of heirloom jewelry uses real leather that is cultivated in bioreactors from a one-time, harmless skin-cell sample taken from a living, sanctuary-grazing cow, aiming to offer animal-friendly leather adornments.

## Problem
The creators frame conventional leather as dependent on animal harm and present a gap for ethically sourced, real leather that preserves the material's qualities without sacrificing animal welfare. They position the project as evidence that leather can be made while the donor animal continues to live and be cared for at a sanctuary.

## Solution / Product Overview
The project offers jewelry featuring inlays of cultivated leather grown from the donor cow's skin cells on a plant-based scaffold. The leather is produced in bioreactors and then vegetable-tanned, allowing the creators to present finished wearable pieces while asserting that no additional animal harvesting is required. A proposed plan is to offer a limited series where backers can select which specific sanctuary-grazing cow (from a small, named group) their leather cells originated from, accompanied by a brief profile of that animal. A proposed plan also includes offering a simple, low-cost reward tier for a cultivated leather sample swatch (e.g., 20mm x 20mm) mounted on a display card, allowing backers to physically inspect the material before committing to a full jewelry piece. A proposed plan is to offer a 'pairing' reward tier that includes both a sample swatch and a small, finished jewelry item (e.g., a simple keychain) using leather from the same donor cow, allowing backers to compare the material sample to a final product. A proposed plan is to offer a simple, digital 'material passport' (e.g., a QR code) linking to details about the cultivation process, tanning, and the specific donor cow.

## Key Features & Capabilities
- Real leather cultivated from living-animal skin cells grown on a plant-derived scaffold.
- Inlays set within metal bezels and protected under a glass dome cabochon.
- Options to choose hypoallergenic stainless steel or sterling silver for certain pieces.
- Offered in multiple size, color, and material combinations.
- Packaged in eco-friendly boxes cushioned with plant seed fiber used in the cultivation process.
- A proposed limited series would allow backers to select the specific named donor cow and receive a profile of that animal.
- A proposed plan to conduct and share the results of a standard durability test (like a rub test) on the cultivated leather inlay to address potential backer concerns about longevity.
- A proposed plan to offer a low-cost reward tier providing a sample swatch of the cultivated leather on a display card.
- A proposed plan to offer a 'pairing' reward tier including a sample swatch and a small finished jewelry item (e.g., a keychain) from the same donor cow.
- A proposed plan to offer a simple, digital 'material passport' (e.g., a QR code) linking to details about the cultivation process, tanning, and the specific donor cow.
- A proposed plan to include a high-resolution, downloadable video showing the cultivated leather's texture and response to bending/flexing in the 'material passport' content to address durability questions visually.
- A proposed plan to create a basic, clear infographic explaining the cultivation process from cell sample to finished inlay, to be included in the packaging or 'material passport'.

## Target Users & Use Cases
The campaign speaks to people seeking animal-friendly, sustainable jewelry and those interested in owning a first-of-its-kind heirloom piece made from cultivated leather grown from a specific donor animal's cells. The proposed sample swatch tier is intended for backers who wish to verify the material's look and feel firsthand. The proposed 'pairing' tier is intended for backers who want to both inspect the material and see it in a finished application. The proposed 'material passport' and its proposed video content are intended to increase transparency and visually address durability for backers interested in the material's origin, production story, and physical properties.

## Development Status
The team shows finished jewelry inlays and describes past milestones: cells were isolated harmlessly in 2023, prototypes include a pendant and a card holder made in early 2025, and the leather is grown with patent-pending plant-based scaffolding. They state there are no outside approvals required and that the technology and cell lines are owned by the creators.

## Roadmap & Delivery Plan
Planned actions include pilot testing to tune color and texture, inspecting scaffold density before use, preparing different concentrations of plant-based tanning ingredients, and securing jewelry settings after style counts are finalized at the end of the campaign. A proposed plan includes testing the cultivated leather inlays using a standard durability test (like a rub test) and sharing the results with backers. Production scaling will be addressed by adjusting modular cultivated-leather bioreactor technology and resources. If the limited donor-selection series is offered, plans would include finalizing the list of named donor animals and preparing their brief profiles. If the sample swatch tier is offered, plans would include preparing the swatches and display cards. If the 'pairing' tier is offered, plans would include producing the small finished jewelry items (e.g., keychains) and coordinating them with matching sample swatches. If the 'material passport' is offered, plans would include creating the digital content and generating unique QR codes. A proposed plan would include creating a high-resolution video showing the leather's texture and flex for inclusion in the 'material passport' content. A proposed plan would include creating a basic infographic explaining the cultivation process for inclusion in packaging or the 'material passport'.

## Why Crowdfunding / Use of Funds
Funds support bringing the cultivated-leather jewelry to backers: producing inlays, performing pilot tests for consistency, and procuring jewelry settings and sustainable packaging to deliver finished pieces. If offered, funds would also support producing sample swatches and display cards. If offered, funds would also support producing the small finished jewelry items and coordinating them with sample swatches for the 'pairing' tier. If offered, funds would also support the development and hosting of the 'material passport' digital content, including the proposed high-resolution video and the proposed infographic.

## Risks & Challenges
Stated risks include: loss of cryopreserved cells (mitigated by storage at multiple facilities); variability in final color and surface texture from vegetable tanning and scaffold differences (addressed through pilot testing and scaffold inspection); potential supply-chain changes requiring alternate jewelry settings of equal or better quality; and possible extended delivery times for later backers if demand is high.

## Team & Partnerships
The effort is led by a founder with long-term tissue-engineering experience and cellular-agriculture leadership since 2018, who worked with a sanctuary and veterinary professionals to isolate the donor cells.

## What's Included
Jewelry pieces with cultivated-leather inlays (e.g., a rectangular inlay approximately 10 mm × 50 mm) and, for some items, a waxed linen cord; components are housed in metal bezels and glass cabochons. A proposed reward tier would include a cultivated leather sample swatch on a display card. A proposed 'pairing' reward tier would include both a sample swatch and a small finished jewelry item (e.g., a keychain) using leather from the same donor cow. A proposed plan includes offering a simple, digital 'material passport' (e.g., a QR code) linking to details about the cultivation process, tanning, and the specific donor cow.

## Technical Details
- Plant-based scaffold from kapok seed fibers, needle-felted.
- Surface treatment with plant-derived ingredients (e.g., sunflower lecithin, zein protein) to promote cell attachment.
- Cells produce collagen that becomes vegetable-tanned leather.
- Approximate inlay dimension: 10 mm × 50 mm."
"local","7","L7.3","specialized_rewrite","L6.1","","False","model_audit","[""The campaign speaks to vegans and vegetarians seeking a real leather alternative for heirloom or sentimental jewelry""]","False","fallback_parent","[""The campaign speaks to vegans and vegetarians seeking a real leather alternative for heirloom or sentimental jewelry""]","The source material states the campaign speaks to 'people seeking animal-friendly, sustainable jewelry' and those interested in a first-of-its-kind heirloom piece. It does not specify targeting vegans or vegetarians as an existing audience. The candidate adds this as a specific, existing target user group without framing it as a proposed or hypothetical target, thereby implying an existing marketing focus not supported by the source.","## One-Sentence Summary

A line of heirloom jewelry uses real leather that is cultivated in bioreactors from a one-time, harmless skin-cell sample taken from a living, sanctuary-grazing cow, aiming to offer animal-friendly leather adornments.

## Problem
The creators frame conventional leather as dependent on animal harm and present a gap for ethically sourced, real leather that preserves the material's qualities without sacrificing animal welfare. They position the project as evidence that leather can be made while the donor animal continues to live and be cared for at a sanctuary.

## Solution / Product Overview
The project offers jewelry featuring inlays of cultivated leather grown from the donor cow's skin cells on a plant-based scaffold. The leather is produced in bioreactors and then vegetable-tanned, allowing the creators to present finished wearable pieces while asserting that no additional animal harvesting is required. A proposed plan is to offer a limited series where backers can select which specific sanctuary-grazing cow (from a small, named group) their leather cells originated from, accompanied by a brief profile of that animal. A proposed plan also includes offering a simple, low-cost reward tier for a cultivated leather sample swatch (e.g., 20mm x 20mm) mounted on a display card, allowing backers to physically inspect the material before committing to a full jewelry piece. A proposed plan is to offer a 'pairing' reward tier that includes both a sample swatch and a small, finished jewelry item (e.g., a simple keychain) using leather from the same donor cow, allowing backers to compare the material sample to a final product. A proposed plan is to offer a simple, digital 'material passport' (e.g., a QR code) linking to details about the cultivation process, tanning, and the specific donor cow.

## Key Features & Capabilities
- Real leather cultivated from living-animal skin cells grown on a plant-derived scaffold.
- Inlays set within metal bezels and protected under a glass dome cabochon.
- Options to choose hypoallergenic stainless steel or sterling silver for certain pieces.
- Offered in multiple size, color, and material combinations.
- Packaged in eco-friendly boxes cushioned with plant seed fiber used in the cultivation process.
- A proposed limited series would allow backers to select the specific named donor cow and receive a profile of that animal.
- A proposed plan to conduct and share the results of a standard durability test (like a rub test) on the cultivated leather inlay to address potential backer concerns about longevity.
- A proposed plan to offer a low-cost reward tier providing a sample swatch of the cultivated leather on a display card.
- A proposed plan to offer a 'pairing' reward tier including a sample swatch and a small finished jewelry item (e.g., a keychain) from the same donor cow.
- A proposed plan to offer a simple, digital 'material passport' (e.g., a QR code) linking to details about the cultivation process, tanning, and the specific donor cow.
- A proposed plan to include a high-resolution, downloadable video showing the cultivated leather's texture and response to bending/flexing in the 'material passport' content to address durability questions visually.

## Target Users & Use Cases
The campaign speaks to vegans and vegetarians seeking a real leather alternative for heirloom or sentimental jewelry, as well as to a broader audience interested in owning a first-of-its-kind heirloom piece made from cultivated leather grown from a specific donor animal's cells. The proposed sample swatch tier is intended for backers, particularly those from this niche, who wish to verify the material's look and feel firsthand before adopting it for a meaningful item. The proposed 'pairing' tier is intended for backers who want to both inspect the material and see it in a finished application. The proposed 'material passport' and its proposed video content are intended to increase transparency and visually address durability for backers interested in the material's origin, production story, and physical properties.

## Development Status
The team shows finished jewelry inlays and describes past milestones: cells were isolated harmlessly in 2023, prototypes include a pendant and a card holder made in early 2025, and the leather is grown with patent-pending plant-based scaffolding. They state there are no outside approvals required and that the technology and cell lines are owned by the creators.

## Roadmap & Delivery Plan
Planned actions include pilot testing to tune color and texture, inspecting scaffold density before use, preparing different concentrations of plant-based tanning ingredients, and securing jewelry settings after style counts are finalized at the end of the campaign. A proposed plan includes testing the cultivated leather inlays using a standard durability test (like a rub test) and sharing the results with backers. Production scaling will be addressed by adjusting modular cultivated-leather bioreactor technology and resources. If the limited donor-selection series is offered, plans would include finalizing the list of named donor animals and preparing their brief profiles. If the sample swatch tier is offered, plans would include preparing the swatches and display cards. If the 'pairing' tier is offered, plans would include producing the small finished jewelry items (e.g., keychains) and coordinating them with matching sample swatches. If the 'material passport' is offered, plans would include creating the digital content and generating unique QR codes. A proposed plan would include creating a high-resolution video showing the leather's texture and flex for inclusion in the 'material passport' content.

## Why Crowdfunding / Use of Funds
Funds support bringing the cultivated-leather jewelry to backers: producing inlays, performing pilot tests for consistency, and procuring jewelry settings and sustainable packaging to deliver finished pieces. If offered, funds would also support producing sample swatches and display cards. If offered, funds would also support producing the small finished jewelry items and coordinating them with sample swatches for the 'pairing' tier. If offered, funds would also support the development and hosting of the 'material passport' digital content, including the proposed high-resolution video.

## Risks & Challenges
Stated risks include: loss of cryopreserved cells (mitigated by storage at multiple facilities); variability in final color and surface texture from vegetable tanning and scaffold differences (addressed through pilot testing and scaffold inspection); potential supply-chain changes requiring alternate jewelry settings of equal or better quality; and possible extended delivery times for later backers if demand is high.

## Team & Partnerships
The effort is led by a founder with long-term tissue-engineering experience and cellular-agriculture leadership since 2018, who worked with a sanctuary and veterinary professionals to isolate the donor cells.

## What's Included
Jewelry pieces with cultivated-leather inlays (e.g., a rectangular inlay approximately 10 mm × 50 mm) and, for some items, a waxed linen cord; components are housed in metal bezels and glass cabochons. A proposed reward tier would include a cultivated leather sample swatch on a display card. A proposed 'pairing' reward tier would include both a sample swatch and a small finished jewelry item (e.g., a keychain) using leather from the same donor cow. A proposed plan includes offering a simple, digital 'material passport' (e.g., a QR code) linking to details about the cultivation process, tanning, and the specific donor cow.

## Technical Details
- Plant-based scaffold from kapok seed fibers, needle-felted.
- Surface treatment with plant-derived ingredients (e.g., sunflower lecithin, zein protein) to promote cell attachment.
- Cells produce collagen that becomes vegetable-tanned leather.
- Approximate inlay dimension: 10 mm × 50 mm.","## One-Sentence Summary

A line of heirloom jewelry uses real leather that is cultivated in bioreactors from a one-time, harmless skin-cell sample taken from a living, sanctuary-grazing cow, aiming to offer animal-friendly leather adornments.

## Problem
The creators frame conventional leather as dependent on animal harm and present a gap for ethically sourced, real leather that preserves the material's qualities without sacrificing animal welfare. They position the project as evidence that leather can be made while the donor animal continues to live and be cared for at a sanctuary.

## Solution / Product Overview
The project offers jewelry featuring inlays of cultivated leather grown from the donor cow's skin cells on a plant-based scaffold. The leather is produced in bioreactors and then vegetable-tanned, allowing the creators to present finished wearable pieces while asserting that no additional animal harvesting is required. A proposed plan is to offer a limited series where backers can select which specific sanctuary-grazing cow (from a small, named group) their leather cells originated from, accompanied by a brief profile of that animal. A proposed plan also includes offering a simple, low-cost reward tier for a cultivated leather sample swatch (e.g., 20mm x 20mm) mounted on a display card, allowing backers to physically inspect the material before committing to a full jewelry piece. A proposed plan is to offer a 'pairing' reward tier that includes both a sample swatch and a small, finished jewelry item (e.g., a simple keychain) using leather from the same donor cow, allowing backers to compare the material sample to a final product. A proposed plan is to offer a simple, digital 'material passport' (e.g., a QR code) linking to details about the cultivation process, tanning, and the specific donor cow.

## Key Features & Capabilities
- Real leather cultivated from living-animal skin cells grown on a plant-derived scaffold.
- Inlays set within metal bezels and protected under a glass dome cabochon.
- Options to choose hypoallergenic stainless steel or sterling silver for certain pieces.
- Offered in multiple size, color, and material combinations.
- Packaged in eco-friendly boxes cushioned with plant seed fiber used in the cultivation process.
- A proposed limited series would allow backers to select the specific named donor cow and receive a profile of that animal.
- A proposed plan to conduct and share the results of a standard durability test (like a rub test) on the cultivated leather inlay to address potential backer concerns about longevity.
- A proposed plan to offer a low-cost reward tier providing a sample swatch of the cultivated leather on a display card.
- A proposed plan to offer a 'pairing' reward tier including a sample swatch and a small finished jewelry item (e.g., a keychain) from the same donor cow.
- A proposed plan to offer a simple, digital 'material passport' (e.g., a QR code) linking to details about the cultivation process, tanning, and the specific donor cow.
- A proposed plan to include a high-resolution, downloadable video showing the cultivated leather's texture and response to bending/flexing in the 'material passport' content to address durability questions visually.

## Target Users & Use Cases
The campaign speaks to people seeking animal-friendly, sustainable jewelry and those interested in owning a first-of-its-kind heirloom piece made from cultivated leather grown from a specific donor animal's cells. The proposed sample swatch tier is intended for backers who wish to verify the material's look and feel firsthand. The proposed 'pairing' tier is intended for backers who want to both inspect the material and see it in a finished application. The proposed 'material passport' and its proposed video content are intended to increase transparency and visually address durability for backers interested in the material's origin, production story, and physical properties.

## Development Status
The team shows finished jewelry inlays and describes past milestones: cells were isolated harmlessly in 2023, prototypes include a pendant and a card holder made in early 2025, and the leather is grown with patent-pending plant-based scaffolding. They state there are no outside approvals required and that the technology and cell lines are owned by the creators.

## Roadmap & Delivery Plan
Planned actions include pilot testing to tune color and texture, inspecting scaffold density before use, preparing different concentrations of plant-based tanning ingredients, and securing jewelry settings after style counts are finalized at the end of the campaign. A proposed plan includes testing the cultivated leather inlays using a standard durability test (like a rub test) and sharing the results with backers. Production scaling will be addressed by adjusting modular cultivated-leather bioreactor technology and resources. If the limited donor-selection series is offered, plans would include finalizing the list of named donor animals and preparing their brief profiles. If the sample swatch tier is offered, plans would include preparing the swatches and display cards. If the 'pairing' tier is offered, plans would include producing the small finished jewelry items (e.g., keychains) and coordinating them with matching sample swatches. If the 'material passport' is offered, plans would include creating the digital content and generating unique QR codes. A proposed plan would include creating a high-resolution video showing the leather's texture and flex for inclusion in the 'material passport' content.

## Why Crowdfunding / Use of Funds
Funds support bringing the cultivated-leather jewelry to backers: producing inlays, performing pilot tests for consistency, and procuring jewelry settings and sustainable packaging to deliver finished pieces. If offered, funds would also support producing sample swatches and display cards. If offered, funds would also support producing the small finished jewelry items and coordinating them with sample swatches for the 'pairing' tier. If offered, funds would also support the development and hosting of the 'material passport' digital content, including the proposed high-resolution video.

## Risks & Challenges
Stated risks include: loss of cryopreserved cells (mitigated by storage at multiple facilities); variability in final color and surface texture from vegetable tanning and scaffold differences (addressed through pilot testing and scaffold inspection); potential supply-chain changes requiring alternate jewelry settings of equal or better quality; and possible extended delivery times for later backers if demand is high.

## Team & Partnerships
The effort is led by a founder with long-term tissue-engineering experience and cellular-agriculture leadership since 2018, who worked with a sanctuary and veterinary professionals to isolate the donor cells.

## What's Included
Jewelry pieces with cultivated-leather inlays (e.g., a rectangular inlay approximately 10 mm × 50 mm) and, for some items, a waxed linen cord; components are housed in metal bezels and glass cabochons. A proposed reward tier would include a cultivated leather sample swatch on a display card. A proposed 'pairing' reward tier would include both a sample swatch and a small finished jewelry item (e.g., a keychain) using leather from the same donor cow. A proposed plan includes offering a simple, digital 'material passport' (e.g., a QR code) linking to details about the cultivation process, tanning, and the specific donor cow.

## Technical Details
- Plant-based scaffold from kapok seed fibers, needle-felted.
- Surface treatment with plant-derived ingredients (e.g., sunflower lecithin, zein protein) to promote cell attachment.
- Cells produce collagen that becomes vegetable-tanned leather.
- Approximate inlay dimension: 10 mm × 50 mm."
"local","7","L7.4","specialized_rewrite","L6.1","","False","prospective_framing_safeguard","[""A proposed plan is to conduct a small, controlled comparison test of the cultivated leather's water resistance versus a standard vegetable-tanned leather and share the methodology (not results) as part of the campaign's transparency efforts."", ""A proposed plan would include designing and documenting the methodology for the water resistance comparison test."", ""A proposed use of funds would support the design and documentation of the water resistance test methodology.""]","True","accepted","[]","Prospective-framing safeguard overrode the model's rejection because every flagged claim is explicitly hypothetical, proposed, planned, or future-tense and none asserts an existing accomplishment. Initial model analysis: The candidate introduces a new, specific proposed plan for a water resistance comparison test and its methodology sharing. While the standard allows new proposals, these claims are not framed as 'proposed' or 'planned' in the candidate's 'Development Status' section; the first claim is presented as a statement of fact about the team's current status/plan, which is not present in the source material. The subsequent mentions in 'Roadmap' and 'Use of Funds' are dependent on this unsupported initial claim. The source material only mentions a proposed durability test (rub test) and a proposed video for the material passport. The water resistance test is an unsupported addition to the described development status and plans.","## One-Sentence Summary

A line of heirloom jewelry uses real leather that is cultivated in bioreactors from a one-time, harmless skin-cell sample taken from a living, sanctuary-grazing cow, aiming to offer animal-friendly leather adornments.

## Problem
The creators frame conventional leather as dependent on animal harm and present a gap for ethically sourced, real leather that preserves the material's qualities without sacrificing animal welfare. They position the project as evidence that leather can be made while the donor animal continues to live and be cared for at a sanctuary.

## Solution / Product Overview
The project offers jewelry featuring inlays of cultivated leather grown from the donor cow's skin cells on a plant-based scaffold. The leather is produced in bioreactors and then vegetable-tanned, allowing the creators to present finished wearable pieces while asserting that no additional animal harvesting is required. A proposed plan is to offer a limited series where backers can select which specific sanctuary-grazing cow (from a small, named group) their leather cells originated from, accompanied by a brief profile of that animal. A proposed plan also includes offering a simple, low-cost reward tier for a cultivated leather sample swatch (e.g., 20mm x 20mm) mounted on a display card, allowing backers to physically inspect the material before committing to a full jewelry piece. A proposed plan is to offer a 'pairing' reward tier that includes both a sample swatch and a small, finished jewelry item (e.g., a simple keychain) using leather from the same donor cow, allowing backers to compare the material sample to a final product. A proposed plan is to offer a simple, digital 'material passport' (e.g., a QR code) linking to details about the cultivation process, tanning, and the specific donor cow.

## Key Features & Capabilities
- Real leather cultivated from living-animal skin cells grown on a plant-derived scaffold.
- Inlays set within metal bezels and protected under a glass dome cabochon.
- Options to choose hypoallergenic stainless steel or sterling silver for certain pieces.
- Offered in multiple size, color, and material combinations.
- Packaged in eco-friendly boxes cushioned with plant seed fiber used in the cultivation process.
- A proposed limited series would allow backers to select the specific named donor cow and receive a profile of that animal.
- A proposed plan to conduct and share the results of a standard durability test (like a rub test) on the cultivated leather inlay to address potential backer concerns about longevity.
- A proposed plan to offer a low-cost reward tier providing a sample swatch of the cultivated leather on a display card.
- A proposed plan to offer a 'pairing' reward tier including a sample swatch and a small finished jewelry item (e.g., a keychain) from the same donor cow.
- A proposed plan to offer a simple, digital 'material passport' (e.g., a QR code) linking to details about the cultivation process, tanning, and the specific donor cow.
- A proposed plan to include a high-resolution, downloadable video showing the cultivated leather's texture and response to bending/flexing in the 'material passport' content to address durability questions visually.

## Target Users & Use Cases
The campaign speaks to people seeking animal-friendly, sustainable jewelry and those interested in owning a first-of-its-kind heirloom piece made from cultivated leather grown from a specific donor animal's cells. The proposed sample swatch tier is intended for backers who wish to verify the material's look and feel firsthand. The proposed 'pairing' tier is intended for backers who want to both inspect the material and see it in a finished application. The proposed 'material passport' and its proposed video content are intended to increase transparency and visually address durability for backers interested in the material's origin, production story, and physical properties.

## Development Status
The team shows finished jewelry inlays and describes past milestones: cells were isolated harmlessly in 2023, prototypes include a pendant and a card holder made in early 2025, and the leather is grown with patent-pending plant-based scaffolding. They state there are no outside approvals required and that the technology and cell lines are owned by the creators. A proposed plan is to conduct a small, controlled comparison test of the cultivated leather's water resistance versus a standard vegetable-tanned leather and share the methodology (not results) as part of the campaign's transparency efforts.

## Roadmap & Delivery Plan
Planned actions include pilot testing to tune color and texture, inspecting scaffold density before use, preparing different concentrations of plant-based tanning ingredients, and securing jewelry settings after style counts are finalized at the end of the campaign. A proposed plan includes testing the cultivated leather inlays using a standard durability test (like a rub test) and sharing the results with backers. Production scaling will be addressed by adjusting modular cultivated-leather bioreactor technology and resources. If the limited donor-selection series is offered, plans would include finalizing the list of named donor animals and preparing their brief profiles. If the sample swatch tier is offered, plans would include preparing the swatches and display cards. If the 'pairing' tier is offered, plans would include producing the small finished jewelry items (e.g., keychains) and coordinating them with matching sample swatches. If the 'material passport' is offered, plans would include creating the digital content and generating unique QR codes. A proposed plan would include creating a high-resolution video showing the leather's texture and flex for inclusion in the 'material passport' content. A proposed plan would include designing and documenting the methodology for the water resistance comparison test.

## Why Crowdfunding / Use of Funds
Funds support bringing the cultivated-leather jewelry to backers: producing inlays, performing pilot tests for consistency, and procuring jewelry settings and sustainable packaging to deliver finished pieces. If offered, funds would also support producing sample swatches and display cards. If offered, funds would also support producing the small finished jewelry items and coordinating them with sample swatches for the 'pairing' tier. If offered, funds would also support the development and hosting of the 'material passport' digital content, including the proposed high-resolution video. A proposed use of funds would support the design and documentation of the water resistance test methodology.

## Risks & Challenges
Stated risks include: loss of cryopreserved cells (mitigated by storage at multiple facilities); variability in final color and surface texture from vegetable tanning and scaffold differences (addressed through pilot testing and scaffold inspection); potential supply-chain changes requiring alternate jewelry settings of equal or better quality; and possible extended delivery times for later backers if demand is high.

## Team & Partnerships
The effort is led by a founder with long-term tissue-engineering experience and cellular-agriculture leadership since 2018, who worked with a sanctuary and veterinary professionals to isolate the donor cells.

## What's Included
Jewelry pieces with cultivated-leather inlays (e.g., a rectangular inlay approximately 10 mm × 50 mm) and, for some items, a waxed linen cord; components are housed in metal bezels and glass cabochons. A proposed reward tier would include a cultivated leather sample swatch on a display card. A proposed 'pairing' reward tier would include both a sample swatch and a small finished jewelry item (e.g., a keychain) using leather from the same donor cow. A proposed plan includes offering a simple, digital 'material passport' (e.g., a QR code) linking to details about the cultivation process, tanning, and the specific donor cow.

## Technical Details
- Plant-based scaffold from kapok seed fibers, needle-felted.
- Surface treatment with plant-derived ingredients (e.g., sunflower lecithin, zein protein) to promote cell attachment.
- Cells produce collagen that becomes vegetable-tanned leather.
- Approximate inlay dimension: 10 mm × 50 mm.","## One-Sentence Summary

A line of heirloom jewelry uses real leather that is cultivated in bioreactors from a one-time, harmless skin-cell sample taken from a living, sanctuary-grazing cow, aiming to offer animal-friendly leather adornments.

## Problem
The creators frame conventional leather as dependent on animal harm and present a gap for ethically sourced, real leather that preserves the material's qualities without sacrificing animal welfare. They position the project as evidence that leather can be made while the donor animal continues to live and be cared for at a sanctuary.

## Solution / Product Overview
The project offers jewelry featuring inlays of cultivated leather grown from the donor cow's skin cells on a plant-based scaffold. The leather is produced in bioreactors and then vegetable-tanned, allowing the creators to present finished wearable pieces while asserting that no additional animal harvesting is required. A proposed plan is to offer a limited series where backers can select which specific sanctuary-grazing cow (from a small, named group) their leather cells originated from, accompanied by a brief profile of that animal. A proposed plan also includes offering a simple, low-cost reward tier for a cultivated leather sample swatch (e.g., 20mm x 20mm) mounted on a display card, allowing backers to physically inspect the material before committing to a full jewelry piece. A proposed plan is to offer a 'pairing' reward tier that includes both a sample swatch and a small, finished jewelry item (e.g., a simple keychain) using leather from the same donor cow, allowing backers to compare the material sample to a final product. A proposed plan is to offer a simple, digital 'material passport' (e.g., a QR code) linking to details about the cultivation process, tanning, and the specific donor cow.

## Key Features & Capabilities
- Real leather cultivated from living-animal skin cells grown on a plant-derived scaffold.
- Inlays set within metal bezels and protected under a glass dome cabochon.
- Options to choose hypoallergenic stainless steel or sterling silver for certain pieces.
- Offered in multiple size, color, and material combinations.
- Packaged in eco-friendly boxes cushioned with plant seed fiber used in the cultivation process.
- A proposed limited series would allow backers to select the specific named donor cow and receive a profile of that animal.
- A proposed plan to conduct and share the results of a standard durability test (like a rub test) on the cultivated leather inlay to address potential backer concerns about longevity.
- A proposed plan to offer a low-cost reward tier providing a sample swatch of the cultivated leather on a display card.
- A proposed plan to offer a 'pairing' reward tier including a sample swatch and a small finished jewelry item (e.g., a keychain) from the same donor cow.
- A proposed plan to offer a simple, digital 'material passport' (e.g., a QR code) linking to details about the cultivation process, tanning, and the specific donor cow.
- A proposed plan to include a high-resolution, downloadable video showing the cultivated leather's texture and response to bending/flexing in the 'material passport' content to address durability questions visually.

## Target Users & Use Cases
The campaign speaks to people seeking animal-friendly, sustainable jewelry and those interested in owning a first-of-its-kind heirloom piece made from cultivated leather grown from a specific donor animal's cells. The proposed sample swatch tier is intended for backers who wish to verify the material's look and feel firsthand. The proposed 'pairing' tier is intended for backers who want to both inspect the material and see it in a finished application. The proposed 'material passport' and its proposed video content are intended to increase transparency and visually address durability for backers interested in the material's origin, production story, and physical properties.

## Development Status
The team shows finished jewelry inlays and describes past milestones: cells were isolated harmlessly in 2023, prototypes include a pendant and a card holder made in early 2025, and the leather is grown with patent-pending plant-based scaffolding. They state there are no outside approvals required and that the technology and cell lines are owned by the creators. A proposed plan is to conduct a small, controlled comparison test of the cultivated leather's water resistance versus a standard vegetable-tanned leather and share the methodology (not results) as part of the campaign's transparency efforts.

## Roadmap & Delivery Plan
Planned actions include pilot testing to tune color and texture, inspecting scaffold density before use, preparing different concentrations of plant-based tanning ingredients, and securing jewelry settings after style counts are finalized at the end of the campaign. A proposed plan includes testing the cultivated leather inlays using a standard durability test (like a rub test) and sharing the results with backers. Production scaling will be addressed by adjusting modular cultivated-leather bioreactor technology and resources. If the limited donor-selection series is offered, plans would include finalizing the list of named donor animals and preparing their brief profiles. If the sample swatch tier is offered, plans would include preparing the swatches and display cards. If the 'pairing' tier is offered, plans would include producing the small finished jewelry items (e.g., keychains) and coordinating them with matching sample swatches. If the 'material passport' is offered, plans would include creating the digital content and generating unique QR codes. A proposed plan would include creating a high-resolution video showing the leather's texture and flex for inclusion in the 'material passport' content. A proposed plan would include designing and documenting the methodology for the water resistance comparison test.

## Why Crowdfunding / Use of Funds
Funds support bringing the cultivated-leather jewelry to backers: producing inlays, performing pilot tests for consistency, and procuring jewelry settings and sustainable packaging to deliver finished pieces. If offered, funds would also support producing sample swatches and display cards. If offered, funds would also support producing the small finished jewelry items and coordinating them with sample swatches for the 'pairing' tier. If offered, funds would also support the development and hosting of the 'material passport' digital content, including the proposed high-resolution video. A proposed use of funds would support the design and documentation of the water resistance test methodology.

## Risks & Challenges
Stated risks include: loss of cryopreserved cells (mitigated by storage at multiple facilities); variability in final color and surface texture from vegetable tanning and scaffold differences (addressed through pilot testing and scaffold inspection); potential supply-chain changes requiring alternate jewelry settings of equal or better quality; and possible extended delivery times for later backers if demand is high.

## Team & Partnerships
The effort is led by a founder with long-term tissue-engineering experience and cellular-agriculture leadership since 2018, who worked with a sanctuary and veterinary professionals to isolate the donor cells.

## What's Included
Jewelry pieces with cultivated-leather inlays (e.g., a rectangular inlay approximately 10 mm × 50 mm) and, for some items, a waxed linen cord; components are housed in metal bezels and glass cabochons. A proposed reward tier would include a cultivated leather sample swatch on a display card. A proposed 'pairing' reward tier would include both a sample swatch and a small finished jewelry item (e.g., a keychain) using leather from the same donor cow. A proposed plan includes offering a simple, digital 'material passport' (e.g., a QR code) linking to details about the cultivation process, tanning, and the specific donor cow.

## Technical Details
- Plant-based scaffold from kapok seed fibers, needle-felted.
- Surface treatment with plant-derived ingredients (e.g., sunflower lecithin, zein protein) to promote cell attachment.
- Cells produce collagen that becomes vegetable-tanned leather.
- Approximate inlay dimension: 10 mm × 50 mm."
"local","7","L7.5","specialized_rewrite","L6.1","","False","prospective_framing_safeguard","[""potential backer concerns about the long-term stability of the vegetable-tanned cultivated leather (a proposed mitigation plan is to include basic care instructions with each piece)""]","True","accepted","[]","Prospective-framing safeguard overrode the model's rejection because every flagged claim is explicitly hypothetical, proposed, planned, or future-tense and none asserts an existing accomplishment. Initial model analysis: The candidate introduces a new, specific risk ('long-term stability of the vegetable-tanned cultivated leather') and a corresponding mitigation plan ('include basic care instructions') that are not present in the authorized source material. While the source lists general risks and the candidate is allowed to propose new plans, this statement frames a specific backer concern as an existing, identified risk that the project is already mitigating, which is an unsupported claim about the project's current risk assessment and mitigation strategy.","## One-Sentence Summary

A line of heirloom jewelry uses real leather that is cultivated in bioreactors from a one-time, harmless skin-cell sample taken from a living, sanctuary-grazing cow, aiming to offer animal-friendly leather adornments.

## Problem
The creators frame conventional leather as dependent on animal harm and present a gap for ethically sourced, real leather that preserves the material's qualities without sacrificing animal welfare. They position the project as evidence that leather can be made while the donor animal continues to live and be cared for at a sanctuary.

## Solution / Product Overview
The project offers jewelry featuring inlays of cultivated leather grown from the donor cow's skin cells on a plant-based scaffold. The leather is produced in bioreactors and then vegetable-tanned, allowing the creators to present finished wearable pieces while asserting that no additional animal harvesting is required. A proposed plan is to offer a limited series where backers can select which specific sanctuary-grazing cow (from a small, named group) their leather cells originated from, accompanied by a brief profile of that animal. A proposed plan also includes offering a simple, low-cost reward tier for a cultivated leather sample swatch (e.g., 20mm x 20mm) mounted on a display card, allowing backers to physically inspect the material before committing to a full jewelry piece. A proposed plan is to offer a 'pairing' reward tier that includes both a sample swatch and a small, finished jewelry item (e.g., a simple keychain) using leather from the same donor cow, allowing backers to compare the material sample to a final product. A proposed plan is to offer a simple, digital 'material passport' (e.g., a QR code) linking to details about the cultivation process, tanning, and the specific donor cow.

## Key Features & Capabilities
- Real leather cultivated from living-animal skin cells grown on a plant-derived scaffold.
- Inlays set within metal bezels and protected under a glass dome cabochon.
- Options to choose hypoallergenic stainless steel or sterling silver for certain pieces.
- Offered in multiple size, color, and material combinations.
- Packaged in eco-friendly boxes cushioned with plant seed fiber used in the cultivation process.
- A proposed limited series would allow backers to select the specific named donor cow and receive a profile of that animal.
- A proposed plan to conduct and share the results of a standard durability test (like a rub test) on the cultivated leather inlay to address potential backer concerns about longevity.
- A proposed plan to offer a low-cost reward tier providing a sample swatch of the cultivated leather on a display card.
- A proposed plan to offer a 'pairing' reward tier including a sample swatch and a small finished jewelry item (e.g., a keychain) from the same donor cow.
- A proposed plan to offer a simple, digital 'material passport' (e.g., a QR code) linking to details about the cultivation process, tanning, and the specific donor cow.
- A proposed plan to include a high-resolution, downloadable video showing the cultivated leather's texture and response to bending/flexing in the 'material passport' content to address durability questions visually.

## Target Users & Use Cases
The campaign speaks to people seeking animal-friendly, sustainable jewelry and those interested in owning a first-of-its-kind heirloom piece made from cultivated leather grown from a specific donor animal's cells. The proposed sample swatch tier is intended for backers who wish to verify the material's look and feel firsthand. The proposed 'pairing' tier is intended for backers who want to both inspect the material and see it in a finished application. The proposed 'material passport' and its proposed video content are intended to increase transparency and visually address durability for backers interested in the material's origin, production story, and physical properties.

## Development Status
The team shows finished jewelry inlays and describes past milestones: cells were isolated harmlessly in 2023, prototypes include a pendant and a card holder made in early 2025, and the leather is grown with patent-pending plant-based scaffolding. They state there are no outside approvals required and that the technology and cell lines are owned by the creators.

## Roadmap & Delivery Plan
Planned actions include pilot testing to tune color and texture, inspecting scaffold density before use, preparing different concentrations of plant-based tanning ingredients, and securing jewelry settings after style counts are finalized at the end of the campaign. A proposed plan includes testing the cultivated leather inlays using a standard durability test (like a rub test) and sharing the results with backers. Production scaling will be addressed by adjusting modular cultivated-leather bioreactor technology and resources. If the limited donor-selection series is offered, plans would include finalizing the list of named donor animals and preparing their brief profiles. If the sample swatch tier is offered, plans would include preparing the swatches and display cards. If the 'pairing' tier is offered, plans would include producing the small finished jewelry items (e.g., keychains) and coordinating them with matching sample swatches. If the 'material passport' is offered, plans would include creating the digital content and generating unique QR codes. A proposed plan would include creating a high-resolution video showing the leather's texture and flex for inclusion in the 'material passport' content.

## Why Crowdfunding / Use of Funds
Funds support bringing the cultivated-leather jewelry to backers: producing inlays, performing pilot tests for consistency, and procuring jewelry settings and sustainable packaging to deliver finished pieces. If offered, funds would also support producing sample swatches and display cards. If offered, funds would also support producing the small finished jewelry items and coordinating them with sample swatches for the 'pairing' tier. If offered, funds would also support the development and hosting of the 'material passport' digital content, including the proposed high-resolution video.

## Risks & Challenges
Stated risks include: loss of cryopreserved cells (mitigated by storage at multiple facilities); variability in final color and surface texture from vegetable tanning and scaffold differences (addressed through pilot testing and scaffold inspection); potential backer concerns about the long-term stability of the vegetable-tanned cultivated leather (a proposed mitigation plan is to include basic care instructions with each piece); potential supply-chain changes requiring alternate jewelry settings of equal or better quality; and possible extended delivery times for later backers if demand is high.

## Team & Partnerships
The effort is led by a founder with long-term tissue-engineering experience and cellular-agriculture leadership since 2018, who worked with a sanctuary and veterinary professionals to isolate the donor cells.

## What's Included
Jewelry pieces with cultivated-leather inlays (e.g., a rectangular inlay approximately 10 mm × 50 mm) and, for some items, a waxed linen cord; components are housed in metal bezels and glass cabochons. A proposed reward tier would include a cultivated leather sample swatch on a display card. A proposed 'pairing' reward tier would include both a sample swatch and a small finished jewelry item (e.g., a keychain) using leather from the same donor cow. A proposed plan includes offering a simple, digital 'material passport' (e.g., a QR code) linking to details about the cultivation process, tanning, and the specific donor cow.

## Technical Details
- Plant-based scaffold from kapok seed fibers, needle-felted.
- Surface treatment with plant-derived ingredients (e.g., sunflower lecithin, zein protein) to promote cell attachment.
- Cells produce collagen that becomes vegetable-tanned leather.
- Approximate inlay dimension: 10 mm × 50 mm.","## One-Sentence Summary

A line of heirloom jewelry uses real leather that is cultivated in bioreactors from a one-time, harmless skin-cell sample taken from a living, sanctuary-grazing cow, aiming to offer animal-friendly leather adornments.

## Problem
The creators frame conventional leather as dependent on animal harm and present a gap for ethically sourced, real leather that preserves the material's qualities without sacrificing animal welfare. They position the project as evidence that leather can be made while the donor animal continues to live and be cared for at a sanctuary.

## Solution / Product Overview
The project offers jewelry featuring inlays of cultivated leather grown from the donor cow's skin cells on a plant-based scaffold. The leather is produced in bioreactors and then vegetable-tanned, allowing the creators to present finished wearable pieces while asserting that no additional animal harvesting is required. A proposed plan is to offer a limited series where backers can select which specific sanctuary-grazing cow (from a small, named group) their leather cells originated from, accompanied by a brief profile of that animal. A proposed plan also includes offering a simple, low-cost reward tier for a cultivated leather sample swatch (e.g., 20mm x 20mm) mounted on a display card, allowing backers to physically inspect the material before committing to a full jewelry piece. A proposed plan is to offer a 'pairing' reward tier that includes both a sample swatch and a small, finished jewelry item (e.g., a simple keychain) using leather from the same donor cow, allowing backers to compare the material sample to a final product. A proposed plan is to offer a simple, digital 'material passport' (e.g., a QR code) linking to details about the cultivation process, tanning, and the specific donor cow.

## Key Features & Capabilities
- Real leather cultivated from living-animal skin cells grown on a plant-derived scaffold.
- Inlays set within metal bezels and protected under a glass dome cabochon.
- Options to choose hypoallergenic stainless steel or sterling silver for certain pieces.
- Offered in multiple size, color, and material combinations.
- Packaged in eco-friendly boxes cushioned with plant seed fiber used in the cultivation process.
- A proposed limited series would allow backers to select the specific named donor cow and receive a profile of that animal.
- A proposed plan to conduct and share the results of a standard durability test (like a rub test) on the cultivated leather inlay to address potential backer concerns about longevity.
- A proposed plan to offer a low-cost reward tier providing a sample swatch of the cultivated leather on a display card.
- A proposed plan to offer a 'pairing' reward tier including a sample swatch and a small finished jewelry item (e.g., a keychain) from the same donor cow.
- A proposed plan to offer a simple, digital 'material passport' (e.g., a QR code) linking to details about the cultivation process, tanning, and the specific donor cow.
- A proposed plan to include a high-resolution, downloadable video showing the cultivated leather's texture and response to bending/flexing in the 'material passport' content to address durability questions visually.

## Target Users & Use Cases
The campaign speaks to people seeking animal-friendly, sustainable jewelry and those interested in owning a first-of-its-kind heirloom piece made from cultivated leather grown from a specific donor animal's cells. The proposed sample swatch tier is intended for backers who wish to verify the material's look and feel firsthand. The proposed 'pairing' tier is intended for backers who want to both inspect the material and see it in a finished application. The proposed 'material passport' and its proposed video content are intended to increase transparency and visually address durability for backers interested in the material's origin, production story, and physical properties.

## Development Status
The team shows finished jewelry inlays and describes past milestones: cells were isolated harmlessly in 2023, prototypes include a pendant and a card holder made in early 2025, and the leather is grown with patent-pending plant-based scaffolding. They state there are no outside approvals required and that the technology and cell lines are owned by the creators.

## Roadmap & Delivery Plan
Planned actions include pilot testing to tune color and texture, inspecting scaffold density before use, preparing different concentrations of plant-based tanning ingredients, and securing jewelry settings after style counts are finalized at the end of the campaign. A proposed plan includes testing the cultivated leather inlays using a standard durability test (like a rub test) and sharing the results with backers. Production scaling will be addressed by adjusting modular cultivated-leather bioreactor technology and resources. If the limited donor-selection series is offered, plans would include finalizing the list of named donor animals and preparing their brief profiles. If the sample swatch tier is offered, plans would include preparing the swatches and display cards. If the 'pairing' tier is offered, plans would include producing the small finished jewelry items (e.g., keychains) and coordinating them with matching sample swatches. If the 'material passport' is offered, plans would include creating the digital content and generating unique QR codes. A proposed plan would include creating a high-resolution video showing the leather's texture and flex for inclusion in the 'material passport' content.

## Why Crowdfunding / Use of Funds
Funds support bringing the cultivated-leather jewelry to backers: producing inlays, performing pilot tests for consistency, and procuring jewelry settings and sustainable packaging to deliver finished pieces. If offered, funds would also support producing sample swatches and display cards. If offered, funds would also support producing the small finished jewelry items and coordinating them with sample swatches for the 'pairing' tier. If offered, funds would also support the development and hosting of the 'material passport' digital content, including the proposed high-resolution video.

## Risks & Challenges
Stated risks include: loss of cryopreserved cells (mitigated by storage at multiple facilities); variability in final color and surface texture from vegetable tanning and scaffold differences (addressed through pilot testing and scaffold inspection); potential backer concerns about the long-term stability of the vegetable-tanned cultivated leather (a proposed mitigation plan is to include basic care instructions with each piece); potential supply-chain changes requiring alternate jewelry settings of equal or better quality; and possible extended delivery times for later backers if demand is high.

## Team & Partnerships
The effort is led by a founder with long-term tissue-engineering experience and cellular-agriculture leadership since 2018, who worked with a sanctuary and veterinary professionals to isolate the donor cells.

## What's Included
Jewelry pieces with cultivated-leather inlays (e.g., a rectangular inlay approximately 10 mm × 50 mm) and, for some items, a waxed linen cord; components are housed in metal bezels and glass cabochons. A proposed reward tier would include a cultivated leather sample swatch on a display card. A proposed 'pairing' reward tier would include both a sample swatch and a small finished jewelry item (e.g., a keychain) using leather from the same donor cow. A proposed plan includes offering a simple, digital 'material passport' (e.g., a QR code) linking to details about the cultivation process, tanning, and the specific donor cow.

## Technical Details
- Plant-based scaffold from kapok seed fibers, needle-felted.
- Surface treatment with plant-derived ingredients (e.g., sunflower lecithin, zein protein) to promote cell attachment.
- Cells produce collagen that becomes vegetable-tanned leather.
- Approximate inlay dimension: 10 mm × 50 mm."
"local","8","L8.1","specialized_rewrite","L7.2","","True","model_audit","[]","True","accepted","[]","The candidate faithfully reproduces the factual record from the source material. All statements about existing evidence or status (e.g., cells isolated in 2023, prototypes made in early 2025, patent-pending scaffolding, team credentials) are directly supported. The candidate introduces new, specific details (e.g., ASTM D6279 test standard) but frames them consistently as 'proposed plans' or 'proposed to include,' maintaining the required tense distinction. No unsupported claims of existing traction, customers, revenue, partnerships, or accomplished status are present.","## One-Sentence Summary
A line of heirloom jewelry uses real leather that is cultivated in bioreactors from a one-time, harmless skin-cell sample taken from a living, sanctuary-grazing cow, aiming to offer animal-friendly leather adornments.

## Problem
The creators frame conventional leather as dependent on animal harm and present a gap for ethically sourced, real leather that preserves the material's qualities without sacrificing animal welfare. They position the project as evidence that leather can be made while the donor animal continues to live and be cared for at a sanctuary.

## Solution / Product Overview
The project offers jewelry featuring inlays of cultivated leather grown from the donor cow's skin cells on a plant-based scaffold. The leather is produced in bioreactors and then vegetable-tanned, allowing the creators to present finished wearable pieces while asserting that no additional animal harvesting is required. A proposed plan is to offer a limited series where backers can select which specific sanctuary-grazing cow (from a small, named group) their leather cells originated from, accompanied by a brief profile of that animal. A proposed plan also includes offering a simple, low-cost reward tier for a cultivated leather sample swatch (e.g., 20mm x 20mm) mounted on a display card, allowing backers to physically inspect the material before committing to a full jewelry piece. A proposed plan is to offer a 'pairing' reward tier that includes both a sample swatch and a small, finished jewelry item (e.g., a simple keychain) using leather from the same donor cow, allowing backers to compare the material sample to a final product. A proposed plan is to offer a simple, digital 'material passport' (e.g., a QR code) linking to details about the cultivation process, tanning, and the specific donor cow.

## Key Features & Capabilities
- Real leather cultivated from living-animal skin cells grown on a plant-derived scaffold.
- Inlays set within metal bezels and protected under a glass dome cabochon.
- Options to choose hypoallergenic stainless steel or sterling silver for certain pieces.
- Offered in multiple size, color, and material combinations.
- Packaged in eco-friendly boxes cushioned with plant seed fiber used in the cultivation process.
- A proposed limited series would allow backers to select the specific named donor cow and receive a profile of that animal.
- A proposed plan to conduct and share the results of a standard durability test (like a rub test, e.g., ASTM D6279) on the cultivated leather inlay to address potential backer concerns about longevity.
- A proposed plan to offer a low-cost reward tier providing a sample swatch of the cultivated leather on a display card.
- A proposed plan to offer a 'pairing' reward tier including a sample swatch and a small finished jewelry item (e.g., a keychain) from the same donor cow.
- A proposed plan to offer a simple, digital 'material passport' (e.g., a QR code) linking to details about the cultivation process, tanning, and the specific donor cow.
- A proposed plan to include a high-resolution, downloadable video showing the cultivated leather's texture and response to bending/flexing in the 'material passport' content to address durability questions visually.
- A proposed plan to create a basic, clear infographic explaining the cultivation process from cell sample to finished inlay, to be included in the packaging or 'material passport'.

## Target Users & Use Cases
The campaign speaks to people seeking animal-friendly, sustainable jewelry and those interested in owning a first-of-its-kind heirloom piece made from cultivated leather grown from a specific donor animal's cells. The proposed sample swatch tier is intended for backers who wish to verify the material's look and feel firsthand. The proposed 'pairing' tier is intended for backers who want to both inspect the material and see it in a finished application. The proposed 'material passport' and its proposed video content are intended to increase transparency and visually address durability for backers interested in the material's origin, production story, and physical properties.

## Development Status
The team shows finished jewelry inlays and describes past milestones: cells were isolated harmlessly in 2023, prototypes include a pendant and a card holder made in early 2025, and the leather is grown with patent-pending plant-based scaffolding. They state there are no outside approvals required and that the technology and cell lines are owned by the creators.

## Roadmap & Delivery Plan
Planned actions include pilot testing to tune color and texture, inspecting scaffold density before use, preparing different concentrations of plant-based tanning ingredients, and securing jewelry settings after style counts are finalized at the end of the campaign. A proposed plan includes testing the cultivated leather inlays using a standard durability test (like a rub test, e.g., ASTM D6279) and sharing the results with backers. Production scaling will be addressed by adjusting modular cultivated-leather bioreactor technology and resources. If the limited donor-selection series is offered, plans would include finalizing the list of named donor animals and preparing their brief profiles. If the sample swatch tier is offered, plans would include preparing the swatches and display cards. If the 'pairing' tier is offered, plans would include producing the small finished jewelry items (e.g., keychains) and coordinating them with matching sample swatches. If the 'material passport' is offered, plans would include creating the digital content and generating unique QR codes. A proposed plan would include creating a high-resolution video showing the leather's texture and flex for inclusion in the 'material passport' content. A proposed plan would include creating a basic infographic explaining the cultivation process for inclusion in packaging or the 'material passport'.

## Why Crowdfunding / Use of Funds
Funds support bringing the cultivated-leather jewelry to backers: producing inlays, performing pilot tests for consistency, and procuring jewelry settings and sustainable packaging to deliver finished pieces. If offered, funds would also support producing sample swatches and display cards. If offered, funds would also support producing the small finished jewelry items and coordinating them with sample swatches for the 'pairing' tier. If offered, funds would also support the development and hosting of the 'material passport' digital content, including the proposed high-resolution video and the proposed infographic.

## Risks & Challenges
Stated risks include: loss of cryopreserved cells (mitigated by storage at multiple facilities); variability in final color and surface texture from vegetable tanning and scaffold differences (addressed through pilot testing and scaffold inspection); potential supply-chain changes requiring alternate jewelry settings of equal or better quality; and possible extended delivery times for later backers if demand is high.

## Team & Partnerships
The effort is led by a founder with long-term tissue-engineering experience and cellular-agriculture leadership since 2018, who worked with a sanctuary and veterinary professionals to isolate the donor cells.

## What's Included
Jewelry pieces with cultivated-leather inlays (e.g., a rectangular inlay approximately 10 mm × 50 mm) and, for some items, a waxed linen cord; components are housed in metal bezels and glass cabochons. A proposed reward tier would include a cultivated leather sample swatch on a display card. A proposed 'pairing' reward tier would include both a sample swatch and a small finished jewelry item (e.g., a keychain) using leather from the same donor cow. A proposed plan includes offering a simple, digital 'material passport' (e.g., a QR code) linking to details about the cultivation process, tanning, and the specific donor cow.

## Technical Details
- Plant-based scaffold from kapok seed fibers, needle-felted.
- Surface treatment with plant-derived ingredients (e.g., sunflower lecithin, zein protein) to promote cell attachment.
- Cells produce collagen that becomes vegetable-tanned leather.
- Approximate inlay dimension: 10 mm × 50 mm.","## One-Sentence Summary
A line of heirloom jewelry uses real leather that is cultivated in bioreactors from a one-time, harmless skin-cell sample taken from a living, sanctuary-grazing cow, aiming to offer animal-friendly leather adornments.

## Problem
The creators frame conventional leather as dependent on animal harm and present a gap for ethically sourced, real leather that preserves the material's qualities without sacrificing animal welfare. They position the project as evidence that leather can be made while the donor animal continues to live and be cared for at a sanctuary.

## Solution / Product Overview
The project offers jewelry featuring inlays of cultivated leather grown from the donor cow's skin cells on a plant-based scaffold. The leather is produced in bioreactors and then vegetable-tanned, allowing the creators to present finished wearable pieces while asserting that no additional animal harvesting is required. A proposed plan is to offer a limited series where backers can select which specific sanctuary-grazing cow (from a small, named group) their leather cells originated from, accompanied by a brief profile of that animal. A proposed plan also includes offering a simple, low-cost reward tier for a cultivated leather sample swatch (e.g., 20mm x 20mm) mounted on a display card, allowing backers to physically inspect the material before committing to a full jewelry piece. A proposed plan is to offer a 'pairing' reward tier that includes both a sample swatch and a small, finished jewelry item (e.g., a simple keychain) using leather from the same donor cow, allowing backers to compare the material sample to a final product. A proposed plan is to offer a simple, digital 'material passport' (e.g., a QR code) linking to details about the cultivation process, tanning, and the specific donor cow.

## Key Features & Capabilities
- Real leather cultivated from living-animal skin cells grown on a plant-derived scaffold.
- Inlays set within metal bezels and protected under a glass dome cabochon.
- Options to choose hypoallergenic stainless steel or sterling silver for certain pieces.
- Offered in multiple size, color, and material combinations.
- Packaged in eco-friendly boxes cushioned with plant seed fiber used in the cultivation process.
- A proposed limited series would allow backers to select the specific named donor cow and receive a profile of that animal.
- A proposed plan to conduct and share the results of a standard durability test (like a rub test, e.g., ASTM D6279) on the cultivated leather inlay to address potential backer concerns about longevity.
- A proposed plan to offer a low-cost reward tier providing a sample swatch of the cultivated leather on a display card.
- A proposed plan to offer a 'pairing' reward tier including a sample swatch and a small finished jewelry item (e.g., a keychain) from the same donor cow.
- A proposed plan to offer a simple, digital 'material passport' (e.g., a QR code) linking to details about the cultivation process, tanning, and the specific donor cow.
- A proposed plan to include a high-resolution, downloadable video showing the cultivated leather's texture and response to bending/flexing in the 'material passport' content to address durability questions visually.
- A proposed plan to create a basic, clear infographic explaining the cultivation process from cell sample to finished inlay, to be included in the packaging or 'material passport'.

## Target Users & Use Cases
The campaign speaks to people seeking animal-friendly, sustainable jewelry and those interested in owning a first-of-its-kind heirloom piece made from cultivated leather grown from a specific donor animal's cells. The proposed sample swatch tier is intended for backers who wish to verify the material's look and feel firsthand. The proposed 'pairing' tier is intended for backers who want to both inspect the material and see it in a finished application. The proposed 'material passport' and its proposed video content are intended to increase transparency and visually address durability for backers interested in the material's origin, production story, and physical properties.

## Development Status
The team shows finished jewelry inlays and describes past milestones: cells were isolated harmlessly in 2023, prototypes include a pendant and a card holder made in early 2025, and the leather is grown with patent-pending plant-based scaffolding. They state there are no outside approvals required and that the technology and cell lines are owned by the creators.

## Roadmap & Delivery Plan
Planned actions include pilot testing to tune color and texture, inspecting scaffold density before use, preparing different concentrations of plant-based tanning ingredients, and securing jewelry settings after style counts are finalized at the end of the campaign. A proposed plan includes testing the cultivated leather inlays using a standard durability test (like a rub test, e.g., ASTM D6279) and sharing the results with backers. Production scaling will be addressed by adjusting modular cultivated-leather bioreactor technology and resources. If the limited donor-selection series is offered, plans would include finalizing the list of named donor animals and preparing their brief profiles. If the sample swatch tier is offered, plans would include preparing the swatches and display cards. If the 'pairing' tier is offered, plans would include producing the small finished jewelry items (e.g., keychains) and coordinating them with matching sample swatches. If the 'material passport' is offered, plans would include creating the digital content and generating unique QR codes. A proposed plan would include creating a high-resolution video showing the leather's texture and flex for inclusion in the 'material passport' content. A proposed plan would include creating a basic infographic explaining the cultivation process for inclusion in packaging or the 'material passport'.

## Why Crowdfunding / Use of Funds
Funds support bringing the cultivated-leather jewelry to backers: producing inlays, performing pilot tests for consistency, and procuring jewelry settings and sustainable packaging to deliver finished pieces. If offered, funds would also support producing sample swatches and display cards. If offered, funds would also support producing the small finished jewelry items and coordinating them with sample swatches for the 'pairing' tier. If offered, funds would also support the development and hosting of the 'material passport' digital content, including the proposed high-resolution video and the proposed infographic.

## Risks & Challenges
Stated risks include: loss of cryopreserved cells (mitigated by storage at multiple facilities); variability in final color and surface texture from vegetable tanning and scaffold differences (addressed through pilot testing and scaffold inspection); potential supply-chain changes requiring alternate jewelry settings of equal or better quality; and possible extended delivery times for later backers if demand is high.

## Team & Partnerships
The effort is led by a founder with long-term tissue-engineering experience and cellular-agriculture leadership since 2018, who worked with a sanctuary and veterinary professionals to isolate the donor cells.

## What's Included
Jewelry pieces with cultivated-leather inlays (e.g., a rectangular inlay approximately 10 mm × 50 mm) and, for some items, a waxed linen cord; components are housed in metal bezels and glass cabochons. A proposed reward tier would include a cultivated leather sample swatch on a display card. A proposed 'pairing' reward tier would include both a sample swatch and a small finished jewelry item (e.g., a keychain) using leather from the same donor cow. A proposed plan includes offering a simple, digital 'material passport' (e.g., a QR code) linking to details about the cultivation process, tanning, and the specific donor cow.

## Technical Details
- Plant-based scaffold from kapok seed fibers, needle-felted.
- Surface treatment with plant-derived ingredients (e.g., sunflower lecithin, zein protein) to promote cell attachment.
- Cells produce collagen that becomes vegetable-tanned leather.
- Approximate inlay dimension: 10 mm × 50 mm."
"local","8","L8.2","specialized_rewrite","L7.2","","False","prospective_framing_safeguard","[""A proposed plan for a 'pre-launch' email series explaining the cultivation process in simple terms to educate and build trust before the campaign."", ""The proposed 'pre-launch' email series is intended to educate potential backers about the science and ethics of the process before the campaign begins."", ""A proposed plan includes creating and sending a 'pre-launch' email series explaining the cultivation process in simple terms."", ""A proposed plan would allocate funds for the creation and distribution of the 'pre-launch' email series.""]","True","accepted","[]","Prospective-framing safeguard overrode the model's rejection because every flagged claim is explicitly hypothetical, proposed, planned, or future-tense and none asserts an existing accomplishment. Initial model analysis: The candidate introduces a new, specific proposed plan for a 'pre-launch' email series across multiple sections (Key Features, Target Users, Roadmap, Use of Funds). While the standard allows new ideas when clearly framed as proposals, the source material contains no mention of any email series, pre-launch activities, or related communication plans. The candidate's additions are not merely new details for existing proposed plans from the source; they are entirely new proposed activities. Since the audit standard requires treating the source as the complete factual record, and these claims are not present in any form (even as a proposal) in the source, they constitute unsupported claims about the venture's proposed concept.","## One-Sentence Summary
A line of heirloom jewelry uses real leather that is cultivated in bioreactors from a one-time, harmless skin-cell sample taken from a living, sanctuary-grazing cow, aiming to offer animal-friendly leather adornments.

## Problem
The creators frame conventional leather as dependent on animal harm and present a gap for ethically sourced, real leather that preserves the material's qualities without sacrificing animal welfare. They position the project as evidence that leather can be made while the donor animal continues to live and be cared for at a sanctuary.

## Solution / Product Overview
The project offers jewelry featuring inlays of cultivated leather grown from the donor cow's skin cells on a plant-based scaffold. The leather is produced in bioreactors and then vegetable-tanned, allowing the creators to present finished wearable pieces while asserting that no additional animal harvesting is required. A proposed plan is to offer a limited series where backers can select which specific sanctuary-grazing cow (from a small, named group) their leather cells originated from, accompanied by a brief profile of that animal. A proposed plan also includes offering a simple, low-cost reward tier for a cultivated leather sample swatch (e.g., 20mm x 20mm) mounted on a display card, allowing backers to physically inspect the material before committing to a full jewelry piece. A proposed plan is to offer a 'pairing' reward tier that includes both a sample swatch and a small, finished jewelry item (e.g., a simple keychain) using leather from the same donor cow, allowing backers to compare the material sample to a final product. A proposed plan is to offer a simple, digital 'material passport' (e.g., a QR code) linking to details about the cultivation process, tanning, and the specific donor cow.

## Key Features & Capabilities
- Real leather cultivated from living-animal skin cells grown on a plant-derived scaffold.
- Inlays set within metal bezels and protected under a glass dome cabochon.
- Options to choose hypoallergenic stainless steel or sterling silver for certain pieces.
- Offered in multiple size, color, and material combinations.
- Packaged in eco-friendly boxes cushioned with plant seed fiber used in the cultivation process.
- A proposed limited series would allow backers to select the specific named donor cow and receive a profile of that animal.
- A proposed plan to conduct and share the results of a standard durability test (like a rub test) on the cultivated leather inlay to address potential backer concerns about longevity.
- A proposed plan to offer a low-cost reward tier providing a sample swatch of the cultivated leather on a display card.
- A proposed plan to offer a 'pairing' reward tier including a sample swatch and a small finished jewelry item (e.g., a keychain) from the same donor cow.
- A proposed plan to offer a simple, digital 'material passport' (e.g., a QR code) linking to details about the cultivation process, tanning, and the specific donor cow.
- A proposed plan to include a high-resolution, downloadable video showing the cultivated leather's texture and response to bending/flexing in the 'material passport' content to address durability questions visually.
- A proposed plan to create a basic, clear infographic explaining the cultivation process from cell sample to finished inlay, to be included in the packaging or 'material passport'.
- A proposed plan for a 'pre-launch' email series explaining the cultivation process in simple terms to educate and build trust before the campaign.

## Target Users & Use Cases
The campaign speaks to people seeking animal-friendly, sustainable jewelry and those interested in owning a first-of-its-kind heirloom piece made from cultivated leather grown from a specific donor animal's cells. The proposed sample swatch tier is intended for backers who wish to verify the material's look and feel firsthand. The proposed 'pairing' tier is intended for backers who want to both inspect the material and see it in a finished application. The proposed 'material passport' and its proposed video content are intended to increase transparency and visually address durability for backers interested in the material's origin, production story, and physical properties. The proposed 'pre-launch' email series is intended to educate potential backers about the science and ethics of the process before the campaign begins.

## Development Status
The team shows finished jewelry inlays and describes past milestones: cells were isolated harmlessly in 2023, prototypes include a pendant and a card holder made in early 2025, and the leather is grown with patent-pending plant-based scaffolding. They state there are no outside approvals required and that the technology and cell lines are owned by the creators.

## Roadmap & Delivery Plan
Planned actions include pilot testing to tune color and texture, inspecting scaffold density before use, preparing different concentrations of plant-based tanning ingredients, and securing jewelry settings after style counts are finalized at the end of the campaign. A proposed plan includes testing the cultivated leather inlays using a standard durability test (like a rub test) and sharing the results with backers. Production scaling will be addressed by adjusting modular cultivated-leather bioreactor technology and resources. If the limited donor-selection series is offered, plans would include finalizing the list of named donor animals and preparing their brief profiles. If the sample swatch tier is offered, plans would include preparing the swatches and display cards. If the 'pairing' tier is offered, plans would include producing the small finished jewelry items (e.g., keychains) and coordinating them with matching sample swatches. If the 'material passport' is offered, plans would include creating the digital content and generating unique QR codes. A proposed plan would include creating a high-resolution video showing the leather's texture and flex for inclusion in the 'material passport' content. A proposed plan would include creating a basic infographic explaining the cultivation process for inclusion in packaging or the 'material passport'. A proposed plan includes creating and sending a 'pre-launch' email series explaining the cultivation process in simple terms.

## Why Crowdfunding / Use of Funds
Funds support bringing the cultivated-leather jewelry to backers: producing inlays, performing pilot tests for consistency, and procuring jewelry settings and sustainable packaging to deliver finished pieces. If offered, funds would also support producing sample swatches and display cards. If offered, funds would also support producing the small finished jewelry items and coordinating them with sample swatches for the 'pairing' tier. If offered, funds would also support the development and hosting of the 'material passport' digital content, including the proposed high-resolution video and the proposed infographic. A proposed plan would allocate funds for the creation and distribution of the 'pre-launch' email series.

## Risks & Challenges
Stated risks include: loss of cryopreserved cells (mitigated by storage at multiple facilities); variability in final color and surface texture from vegetable tanning and scaffold differences (addressed through pilot testing and scaffold inspection); potential supply-chain changes requiring alternate jewelry settings of equal or better quality; and possible extended delivery times for later backers if demand is high.

## Team & Partnerships
The effort is led by a founder with long-term tissue-engineering experience and cellular-agriculture leadership since 2018, who worked with a sanctuary and veterinary professionals to isolate the donor cells.

## What's Included
Jewelry pieces with cultivated-leather inlays (e.g., a rectangular inlay approximately 10 mm × 50 mm) and, for some items, a waxed linen cord; components are housed in metal bezels and glass cabochons. A proposed reward tier would include a cultivated leather sample swatch on a display card. A proposed 'pairing' reward tier would include both a sample swatch and a small finished jewelry item (e.g., a keychain) using leather from the same donor cow. A proposed plan includes offering a simple, digital 'material passport' (e.g., a QR code) linking to details about the cultivation process, tanning, and the specific donor cow.

## Technical Details
- Plant-based scaffold from kapok seed fibers, needle-felted.
- Surface treatment with plant-derived ingredients (e.g., sunflower lecithin, zein protein) to promote cell attachment.
- Cells produce collagen that becomes vegetable-tanned leather.
- Approximate inlay dimension: 10 mm × 50 mm.","## One-Sentence Summary
A line of heirloom jewelry uses real leather that is cultivated in bioreactors from a one-time, harmless skin-cell sample taken from a living, sanctuary-grazing cow, aiming to offer animal-friendly leather adornments.

## Problem
The creators frame conventional leather as dependent on animal harm and present a gap for ethically sourced, real leather that preserves the material's qualities without sacrificing animal welfare. They position the project as evidence that leather can be made while the donor animal continues to live and be cared for at a sanctuary.

## Solution / Product Overview
The project offers jewelry featuring inlays of cultivated leather grown from the donor cow's skin cells on a plant-based scaffold. The leather is produced in bioreactors and then vegetable-tanned, allowing the creators to present finished wearable pieces while asserting that no additional animal harvesting is required. A proposed plan is to offer a limited series where backers can select which specific sanctuary-grazing cow (from a small, named group) their leather cells originated from, accompanied by a brief profile of that animal. A proposed plan also includes offering a simple, low-cost reward tier for a cultivated leather sample swatch (e.g., 20mm x 20mm) mounted on a display card, allowing backers to physically inspect the material before committing to a full jewelry piece. A proposed plan is to offer a 'pairing' reward tier that includes both a sample swatch and a small, finished jewelry item (e.g., a simple keychain) using leather from the same donor cow, allowing backers to compare the material sample to a final product. A proposed plan is to offer a simple, digital 'material passport' (e.g., a QR code) linking to details about the cultivation process, tanning, and the specific donor cow.

## Key Features & Capabilities
- Real leather cultivated from living-animal skin cells grown on a plant-derived scaffold.
- Inlays set within metal bezels and protected under a glass dome cabochon.
- Options to choose hypoallergenic stainless steel or sterling silver for certain pieces.
- Offered in multiple size, color, and material combinations.
- Packaged in eco-friendly boxes cushioned with plant seed fiber used in the cultivation process.
- A proposed limited series would allow backers to select the specific named donor cow and receive a profile of that animal.
- A proposed plan to conduct and share the results of a standard durability test (like a rub test) on the cultivated leather inlay to address potential backer concerns about longevity.
- A proposed plan to offer a low-cost reward tier providing a sample swatch of the cultivated leather on a display card.
- A proposed plan to offer a 'pairing' reward tier including a sample swatch and a small finished jewelry item (e.g., a keychain) from the same donor cow.
- A proposed plan to offer a simple, digital 'material passport' (e.g., a QR code) linking to details about the cultivation process, tanning, and the specific donor cow.
- A proposed plan to include a high-resolution, downloadable video showing the cultivated leather's texture and response to bending/flexing in the 'material passport' content to address durability questions visually.
- A proposed plan to create a basic, clear infographic explaining the cultivation process from cell sample to finished inlay, to be included in the packaging or 'material passport'.
- A proposed plan for a 'pre-launch' email series explaining the cultivation process in simple terms to educate and build trust before the campaign.

## Target Users & Use Cases
The campaign speaks to people seeking animal-friendly, sustainable jewelry and those interested in owning a first-of-its-kind heirloom piece made from cultivated leather grown from a specific donor animal's cells. The proposed sample swatch tier is intended for backers who wish to verify the material's look and feel firsthand. The proposed 'pairing' tier is intended for backers who want to both inspect the material and see it in a finished application. The proposed 'material passport' and its proposed video content are intended to increase transparency and visually address durability for backers interested in the material's origin, production story, and physical properties. The proposed 'pre-launch' email series is intended to educate potential backers about the science and ethics of the process before the campaign begins.

## Development Status
The team shows finished jewelry inlays and describes past milestones: cells were isolated harmlessly in 2023, prototypes include a pendant and a card holder made in early 2025, and the leather is grown with patent-pending plant-based scaffolding. They state there are no outside approvals required and that the technology and cell lines are owned by the creators.

## Roadmap & Delivery Plan
Planned actions include pilot testing to tune color and texture, inspecting scaffold density before use, preparing different concentrations of plant-based tanning ingredients, and securing jewelry settings after style counts are finalized at the end of the campaign. A proposed plan includes testing the cultivated leather inlays using a standard durability test (like a rub test) and sharing the results with backers. Production scaling will be addressed by adjusting modular cultivated-leather bioreactor technology and resources. If the limited donor-selection series is offered, plans would include finalizing the list of named donor animals and preparing their brief profiles. If the sample swatch tier is offered, plans would include preparing the swatches and display cards. If the 'pairing' tier is offered, plans would include producing the small finished jewelry items (e.g., keychains) and coordinating them with matching sample swatches. If the 'material passport' is offered, plans would include creating the digital content and generating unique QR codes. A proposed plan would include creating a high-resolution video showing the leather's texture and flex for inclusion in the 'material passport' content. A proposed plan would include creating a basic infographic explaining the cultivation process for inclusion in packaging or the 'material passport'. A proposed plan includes creating and sending a 'pre-launch' email series explaining the cultivation process in simple terms.

## Why Crowdfunding / Use of Funds
Funds support bringing the cultivated-leather jewelry to backers: producing inlays, performing pilot tests for consistency, and procuring jewelry settings and sustainable packaging to deliver finished pieces. If offered, funds would also support producing sample swatches and display cards. If offered, funds would also support producing the small finished jewelry items and coordinating them with sample swatches for the 'pairing' tier. If offered, funds would also support the development and hosting of the 'material passport' digital content, including the proposed high-resolution video and the proposed infographic. A proposed plan would allocate funds for the creation and distribution of the 'pre-launch' email series.

## Risks & Challenges
Stated risks include: loss of cryopreserved cells (mitigated by storage at multiple facilities); variability in final color and surface texture from vegetable tanning and scaffold differences (addressed through pilot testing and scaffold inspection); potential supply-chain changes requiring alternate jewelry settings of equal or better quality; and possible extended delivery times for later backers if demand is high.

## Team & Partnerships
The effort is led by a founder with long-term tissue-engineering experience and cellular-agriculture leadership since 2018, who worked with a sanctuary and veterinary professionals to isolate the donor cells.

## What's Included
Jewelry pieces with cultivated-leather inlays (e.g., a rectangular inlay approximately 10 mm × 50 mm) and, for some items, a waxed linen cord; components are housed in metal bezels and glass cabochons. A proposed reward tier would include a cultivated leather sample swatch on a display card. A proposed 'pairing' reward tier would include both a sample swatch and a small finished jewelry item (e.g., a keychain) using leather from the same donor cow. A proposed plan includes offering a simple, digital 'material passport' (e.g., a QR code) linking to details about the cultivation process, tanning, and the specific donor cow.

## Technical Details
- Plant-based scaffold from kapok seed fibers, needle-felted.
- Surface treatment with plant-derived ingredients (e.g., sunflower lecithin, zein protein) to promote cell attachment.
- Cells produce collagen that becomes vegetable-tanned leather.
- Approximate inlay dimension: 10 mm × 50 mm."
"local","8","L8.3","specialized_rewrite","L7.2","","False","prospective_framing_safeguard","[""A proposed plan is to offer a low-cost tier where backers can suggest a name for a future donor cow."", ""A proposed plan to offer a low-cost tier where backers can suggest a name for a future donor cow."", ""The proposed name-suggestion tier is intended as a low-cost engagement option for backers who want to participate in the project's future."", ""If the name-suggestion tier is offered, plans would include collecting and reviewing suggestions.""]","True","accepted","[]","Prospective-framing safeguard overrode the model's rejection because every flagged claim is explicitly hypothetical, proposed, planned, or future-tense and none asserts an existing accomplishment. Initial model analysis: The candidate introduces a new, specific proposed reward tier (backers suggesting a name for a future donor cow) in multiple sections (Solution/Product Overview, Key Features, Target Users, Roadmap). This addition is not present in the authorized source material. While the standard allows new ideas when explicitly framed as proposals, the source material already contains a complete set of proposed plans. The candidate's addition is an unsupported extension of the venture's proposed concept, as it introduces a new, detailed plan not derived from the source.","## One-Sentence Summary

A line of heirloom jewelry uses real leather that is cultivated in bioreactors from a one-time, harmless skin-cell sample taken from a living, sanctuary-grazing cow, aiming to offer animal-friendly leather adornments.

## Problem
The creators frame conventional leather as dependent on animal harm and present a gap for ethically sourced, real leather that preserves the material's qualities without sacrificing animal welfare. They position the project as evidence that leather can be made while the donor animal continues to live and be cared for at a sanctuary.

## Solution / Product Overview
The project offers jewelry featuring inlays of cultivated leather grown from the donor cow's skin cells on a plant-based scaffold. The leather is produced in bioreactors and then vegetable-tanned, allowing the creators to present finished wearable pieces while asserting that no additional animal harvesting is required. A proposed plan is to offer a limited series where backers can select which specific sanctuary-grazing cow (from a small, named group) their leather cells originated from, accompanied by a brief profile of that animal. A proposed plan also includes offering a simple, low-cost reward tier for a cultivated leather sample swatch (e.g., 20mm x 20mm) mounted on a display card, allowing backers to physically inspect the material before committing to a full jewelry piece. A proposed plan is to offer a 'pairing' reward tier that includes both a sample swatch and a small, finished jewelry item (e.g., a simple keychain) using leather from the same donor cow, allowing backers to compare the material sample to a final product. A proposed plan is to offer a simple, digital 'material passport' (e.g., a QR code) linking to details about the cultivation process, tanning, and the specific donor cow. A proposed plan is to offer a low-cost tier where backers can suggest a name for a future donor cow.

## Key Features & Capabilities
- Real leather cultivated from living-animal skin cells grown on a plant-derived scaffold.
- Inlays set within metal bezels and protected under a glass dome cabochon.
- Options to choose hypoallergenic stainless steel or sterling silver for certain pieces.
- Offered in multiple size, color, and material combinations.
- Packaged in eco-friendly boxes cushioned with plant seed fiber used in the cultivation process.
- A proposed limited series would allow backers to select the specific named donor cow and receive a profile of that animal.
- A proposed plan to conduct and share the results of a standard durability test (like a rub test) on the cultivated leather inlay to address potential backer concerns about longevity.
- A proposed plan to offer a low-cost reward tier providing a sample swatch of the cultivated leather on a display card.
- A proposed plan to offer a 'pairing' reward tier including a sample swatch and a small finished jewelry item (e.g., a keychain) from the same donor cow.
- A proposed plan to offer a simple, digital 'material passport' (e.g., a QR code) linking to details about the cultivation process, tanning, and the specific donor cow.
- A proposed plan to include a high-resolution, downloadable video showing the cultivated leather's texture and response to bending/flexing in the 'material passport' content to address durability questions visually.
- A proposed plan to create a basic, clear infographic explaining the cultivation process from cell sample to finished inlay, to be included in the packaging or 'material passport'.
- A proposed plan to offer a low-cost tier where backers can suggest a name for a future donor cow.

## Target Users & Use Cases
The campaign speaks to people seeking animal-friendly, sustainable jewelry and those interested in owning a first-of-its-kind heirloom piece made from cultivated leather grown from a specific donor animal's cells. The proposed sample swatch tier is intended for backers who wish to verify the material's look and feel firsthand. The proposed 'pairing' tier is intended for backers who want to both inspect the material and see it in a finished application. The proposed 'material passport' and its proposed video content are intended to increase transparency and visually address durability for backers interested in the material's origin, production story, and physical properties. The proposed name-suggestion tier is intended as a low-cost engagement option for backers who want to participate in the project's future.

## Development Status
The team shows finished jewelry inlays and describes past milestones: cells were isolated harmlessly in 2023, prototypes include a pendant and a card holder made in early 2025, and the leather is grown with patent-pending plant-based scaffolding. They state there are no outside approvals required and that the technology and cell lines are owned by the creators.

## Roadmap & Delivery Plan
Planned actions include pilot testing to tune color and texture, inspecting scaffold density before use, preparing different concentrations of plant-based tanning ingredients, and securing jewelry settings after style counts are finalized at the end of the campaign. A proposed plan includes testing the cultivated leather inlays using a standard durability test (like a rub test) and sharing the results with backers. Production scaling will be addressed by adjusting modular cultivated-leather bioreactor technology and resources. If the limited donor-selection series is offered, plans would include finalizing the list of named donor animals and preparing their brief profiles. If the sample swatch tier is offered, plans would include preparing the swatches and display cards. If the 'pairing' tier is offered, plans would include producing the small finished jewelry items (e.g., keychains) and coordinating them with matching sample swatches. If the 'material passport' is offered, plans would include creating the digital content and generating unique QR codes. A proposed plan would include creating a high-resolution video showing the leather's texture and flex for inclusion in the 'material passport' content. A proposed plan would include creating a basic infographic explaining the cultivation process for inclusion in packaging or the 'material passport'. If the name-suggestion tier is offered, plans would include collecting and reviewing suggestions.

## Why Crowdfunding / Use of Funds
Funds support bringing the cultivated-leather jewelry to backers: producing inlays, performing pilot tests for consistency, and procuring jewelry settings and sustainable packaging to deliver finished pieces. If offered, funds would also support producing sample swatches and display cards. If offered, funds would also support producing the small finished jewelry items and coordinating them with sample swatches for the 'pairing' tier. If offered, funds would also support the development and hosting of the 'material passport' digital content, including the proposed high-resolution video and the proposed infographic.

## Risks & Challenges
Stated risks include: loss of cryopreserved cells (mitigated by storage at multiple facilities); variability in final color and surface texture from vegetable tanning and scaffold differences (addressed through pilot testing and scaffold inspection); potential supply-chain changes requiring alternate jewelry settings of equal or better quality; and possible extended delivery times for later backers if demand is high.

## Team & Partnerships
The effort is led by a founder with long-term tissue-engineering experience and cellular-agriculture leadership since 2018, who worked with a sanctuary and veterinary professionals to isolate the donor cells.

## What's Included
Jewelry pieces with cultivated-leather inlays (e.g., a rectangular inlay approximately 10 mm × 50 mm) and, for some items, a waxed linen cord; components are housed in metal bezels and glass cabochons. A proposed reward tier would include a cultivated leather sample swatch on a display card. A proposed 'pairing' reward tier would include both a sample swatch and a small finished jewelry item (e.g., a keychain) using leather from the same donor cow. A proposed plan includes offering a simple, digital 'material passport' (e.g., a QR code) linking to details about the cultivation process, tanning, and the specific donor cow.

## Technical Details
- Plant-based scaffold from kapok seed fibers, needle-felted.
- Surface treatment with plant-derived ingredients (e.g., sunflower lecithin, zein protein) to promote cell attachment.
- Cells produce collagen that becomes vegetable-tanned leather.
- Approximate inlay dimension: 10 mm × 50 mm.","## One-Sentence Summary

A line of heirloom jewelry uses real leather that is cultivated in bioreactors from a one-time, harmless skin-cell sample taken from a living, sanctuary-grazing cow, aiming to offer animal-friendly leather adornments.

## Problem
The creators frame conventional leather as dependent on animal harm and present a gap for ethically sourced, real leather that preserves the material's qualities without sacrificing animal welfare. They position the project as evidence that leather can be made while the donor animal continues to live and be cared for at a sanctuary.

## Solution / Product Overview
The project offers jewelry featuring inlays of cultivated leather grown from the donor cow's skin cells on a plant-based scaffold. The leather is produced in bioreactors and then vegetable-tanned, allowing the creators to present finished wearable pieces while asserting that no additional animal harvesting is required. A proposed plan is to offer a limited series where backers can select which specific sanctuary-grazing cow (from a small, named group) their leather cells originated from, accompanied by a brief profile of that animal. A proposed plan also includes offering a simple, low-cost reward tier for a cultivated leather sample swatch (e.g., 20mm x 20mm) mounted on a display card, allowing backers to physically inspect the material before committing to a full jewelry piece. A proposed plan is to offer a 'pairing' reward tier that includes both a sample swatch and a small, finished jewelry item (e.g., a simple keychain) using leather from the same donor cow, allowing backers to compare the material sample to a final product. A proposed plan is to offer a simple, digital 'material passport' (e.g., a QR code) linking to details about the cultivation process, tanning, and the specific donor cow. A proposed plan is to offer a low-cost tier where backers can suggest a name for a future donor cow.

## Key Features & Capabilities
- Real leather cultivated from living-animal skin cells grown on a plant-derived scaffold.
- Inlays set within metal bezels and protected under a glass dome cabochon.
- Options to choose hypoallergenic stainless steel or sterling silver for certain pieces.
- Offered in multiple size, color, and material combinations.
- Packaged in eco-friendly boxes cushioned with plant seed fiber used in the cultivation process.
- A proposed limited series would allow backers to select the specific named donor cow and receive a profile of that animal.
- A proposed plan to conduct and share the results of a standard durability test (like a rub test) on the cultivated leather inlay to address potential backer concerns about longevity.
- A proposed plan to offer a low-cost reward tier providing a sample swatch of the cultivated leather on a display card.
- A proposed plan to offer a 'pairing' reward tier including a sample swatch and a small finished jewelry item (e.g., a keychain) from the same donor cow.
- A proposed plan to offer a simple, digital 'material passport' (e.g., a QR code) linking to details about the cultivation process, tanning, and the specific donor cow.
- A proposed plan to include a high-resolution, downloadable video showing the cultivated leather's texture and response to bending/flexing in the 'material passport' content to address durability questions visually.
- A proposed plan to create a basic, clear infographic explaining the cultivation process from cell sample to finished inlay, to be included in the packaging or 'material passport'.
- A proposed plan to offer a low-cost tier where backers can suggest a name for a future donor cow.

## Target Users & Use Cases
The campaign speaks to people seeking animal-friendly, sustainable jewelry and those interested in owning a first-of-its-kind heirloom piece made from cultivated leather grown from a specific donor animal's cells. The proposed sample swatch tier is intended for backers who wish to verify the material's look and feel firsthand. The proposed 'pairing' tier is intended for backers who want to both inspect the material and see it in a finished application. The proposed 'material passport' and its proposed video content are intended to increase transparency and visually address durability for backers interested in the material's origin, production story, and physical properties. The proposed name-suggestion tier is intended as a low-cost engagement option for backers who want to participate in the project's future.

## Development Status
The team shows finished jewelry inlays and describes past milestones: cells were isolated harmlessly in 2023, prototypes include a pendant and a card holder made in early 2025, and the leather is grown with patent-pending plant-based scaffolding. They state there are no outside approvals required and that the technology and cell lines are owned by the creators.

## Roadmap & Delivery Plan
Planned actions include pilot testing to tune color and texture, inspecting scaffold density before use, preparing different concentrations of plant-based tanning ingredients, and securing jewelry settings after style counts are finalized at the end of the campaign. A proposed plan includes testing the cultivated leather inlays using a standard durability test (like a rub test) and sharing the results with backers. Production scaling will be addressed by adjusting modular cultivated-leather bioreactor technology and resources. If the limited donor-selection series is offered, plans would include finalizing the list of named donor animals and preparing their brief profiles. If the sample swatch tier is offered, plans would include preparing the swatches and display cards. If the 'pairing' tier is offered, plans would include producing the small finished jewelry items (e.g., keychains) and coordinating them with matching sample swatches. If the 'material passport' is offered, plans would include creating the digital content and generating unique QR codes. A proposed plan would include creating a high-resolution video showing the leather's texture and flex for inclusion in the 'material passport' content. A proposed plan would include creating a basic infographic explaining the cultivation process for inclusion in packaging or the 'material passport'. If the name-suggestion tier is offered, plans would include collecting and reviewing suggestions.

## Why Crowdfunding / Use of Funds
Funds support bringing the cultivated-leather jewelry to backers: producing inlays, performing pilot tests for consistency, and procuring jewelry settings and sustainable packaging to deliver finished pieces. If offered, funds would also support producing sample swatches and display cards. If offered, funds would also support producing the small finished jewelry items and coordinating them with sample swatches for the 'pairing' tier. If offered, funds would also support the development and hosting of the 'material passport' digital content, including the proposed high-resolution video and the proposed infographic.

## Risks & Challenges
Stated risks include: loss of cryopreserved cells (mitigated by storage at multiple facilities); variability in final color and surface texture from vegetable tanning and scaffold differences (addressed through pilot testing and scaffold inspection); potential supply-chain changes requiring alternate jewelry settings of equal or better quality; and possible extended delivery times for later backers if demand is high.

## Team & Partnerships
The effort is led by a founder with long-term tissue-engineering experience and cellular-agriculture leadership since 2018, who worked with a sanctuary and veterinary professionals to isolate the donor cells.

## What's Included
Jewelry pieces with cultivated-leather inlays (e.g., a rectangular inlay approximately 10 mm × 50 mm) and, for some items, a waxed linen cord; components are housed in metal bezels and glass cabochons. A proposed reward tier would include a cultivated leather sample swatch on a display card. A proposed 'pairing' reward tier would include both a sample swatch and a small finished jewelry item (e.g., a keychain) using leather from the same donor cow. A proposed plan includes offering a simple, digital 'material passport' (e.g., a QR code) linking to details about the cultivation process, tanning, and the specific donor cow.

## Technical Details
- Plant-based scaffold from kapok seed fibers, needle-felted.
- Surface treatment with plant-derived ingredients (e.g., sunflower lecithin, zein protein) to promote cell attachment.
- Cells produce collagen that becomes vegetable-tanned leather.
- Approximate inlay dimension: 10 mm × 50 mm."
"local","8","L8.4","specialized_rewrite","L7.2","","False","prospective_framing_safeguard","[""A proposed plan includes offering a simple, physical 'mini-passport' card in the packaging with the QR code and a short bullet-point summary of the cow's profile.""]","True","accepted","[]","Prospective-framing safeguard overrode the model's rejection because every flagged claim is explicitly hypothetical, proposed, planned, or future-tense and none asserts an existing accomplishment. Initial model analysis: The candidate introduces a new, specific feature (a physical 'mini-passport' card) in sections 'Solution / Product Overview', 'Key Features & Capabilities', 'Target Users & Use Cases', 'Roadmap & Delivery Plan', 'Why Crowdfunding / Use of Funds', and 'What's Included'. While the source material mentions a digital 'material passport' (QR code) and a brief profile of the donor cow, it does not propose or mention a physical card combining these elements. The candidate presents this as a 'proposed plan' or part of 'What's Included', but this specific plan is not present in the authorized source material. According to the standard, new ideas are allowed only when explicitly framed as proposals, plans, etc., relative to the source. Here, the candidate is adding a new, detailed plan not derived from the source, which constitutes an unsupported claim about the venture's proposed concept. The other sections of the candidate accurately reproduce or rephrase the source material.","## One-Sentence Summary
A line of heirloom jewelry uses real leather that is cultivated in bioreactors from a one-time, harmless skin-cell sample taken from a living, sanctuary-grazing cow, aiming to offer animal-friendly leather adornments.

## Problem
The creators frame conventional leather as dependent on animal harm and present a gap for ethically sourced, real leather that preserves the material's qualities without sacrificing animal welfare. They position the project as evidence that leather can be made while the donor animal continues to live and be cared for at a sanctuary.

## Solution / Product Overview
The project offers jewelry featuring inlays of cultivated leather grown from the donor cow's skin cells on a plant-based scaffold. The leather is produced in bioreactors and then vegetable-tanned, allowing the creators to present finished wearable pieces while asserting that no additional animal harvesting is required. A proposed plan is to offer a limited series where backers can select which specific sanctuary-grazing cow (from a small, named group) their leather cells originated from, accompanied by a brief profile of that animal. A proposed plan also includes offering a simple, low-cost reward tier for a cultivated leather sample swatch (e.g., 20mm x 20mm) mounted on a display card, allowing backers to physically inspect the material before committing to a full jewelry piece. A proposed plan is to offer a 'pairing' reward tier that includes both a sample swatch and a small, finished jewelry item (e.g., a simple keychain) using leather from the same donor cow, allowing backers to compare the material sample to a final product. A proposed plan is to offer a simple, digital 'material passport' (e.g., a QR code) linking to details about the cultivation process, tanning, and the specific donor cow. A proposed plan includes offering a simple, physical 'mini-passport' card in the packaging with the QR code and a short bullet-point summary of the cow's profile.

## Key Features & Capabilities
- Real leather cultivated from living-animal skin cells grown on a plant-derived scaffold.
- Inlays set within metal bezels and protected under a glass dome cabochon.
- Options to choose hypoallergenic stainless steel or sterling silver for certain pieces.
- Offered in multiple size, color, and material combinations.
- Packaged in eco-friendly boxes cushioned with plant seed fiber used in the cultivation process.
- A proposed limited series would allow backers to select the specific named donor cow and receive a profile of that animal.
- A proposed plan to conduct and share the results of a standard durability test (like a rub test) on the cultivated leather inlay to address potential backer concerns about longevity.
- A proposed plan to offer a low-cost reward tier providing a sample swatch of the cultivated leather on a display card.
- A proposed plan to offer a 'pairing' reward tier including a sample swatch and a small finished jewelry item (e.g., a keychain) from the same donor cow.
- A proposed plan to offer a simple, digital 'material passport' (e.g., a QR code) linking to details about the cultivation process, tanning, and the specific donor cow.
- A proposed plan to include a high-resolution, downloadable video showing the cultivated leather's texture and response to bending/flexing in the 'material passport' content to address durability questions visually.
- A proposed plan to create a basic, clear infographic explaining the cultivation process from cell sample to finished inlay, to be included in the packaging or 'material passport'.
- A proposed plan to include a simple, physical 'mini-passport' card in the packaging with the QR code and a short bullet-point summary of the cow's profile.

## Target Users & Use Cases
The campaign speaks to people seeking animal-friendly, sustainable jewelry and those interested in owning a first-of-its-kind heirloom piece made from cultivated leather grown from a specific donor animal's cells. The proposed sample swatch tier is intended for backers who wish to verify the material's look and feel firsthand. The proposed 'pairing' tier is intended for backers who want to both inspect the material and see it in a finished application. The proposed 'material passport' and its proposed video content are intended to increase transparency and visually address durability for backers interested in the material's origin, production story, and physical properties. The proposed physical 'mini-passport' card is intended to provide an immediate, tangible summary of the story alongside the digital link.

## Development Status
The team shows finished jewelry inlays and describes past milestones: cells were isolated harmlessly in 2023, prototypes include a pendant and a card holder made in early 2025, and the leather is grown with patent-pending plant-based scaffolding. They state there are no outside approvals required and that the technology and cell lines are owned by the creators.

## Roadmap & Delivery Plan
Planned actions include pilot testing to tune color and texture, inspecting scaffold density before use, preparing different concentrations of plant-based tanning ingredients, and securing jewelry settings after style counts are finalized at the end of the campaign. A proposed plan includes testing the cultivated leather inlays using a standard durability test (like a rub test) and sharing the results with backers. Production scaling will be addressed by adjusting modular cultivated-leather bioreactor technology and resources. If the limited donor-selection series is offered, plans would include finalizing the list of named donor animals and preparing their brief profiles. If the sample swatch tier is offered, plans would include preparing the swatches and display cards. If the 'pairing' tier is offered, plans would include producing the small finished jewelry items (e.g., keychains) and coordinating them with matching sample swatches. If the 'material passport' is offered, plans would include creating the digital content and generating unique QR codes. A proposed plan would include creating a high-resolution video showing the leather's texture and flex for inclusion in the 'material passport' content. A proposed plan would include creating a basic infographic explaining the cultivation process for inclusion in packaging or the 'material passport'. A proposed plan would include designing and producing the physical 'mini-passport' cards.

## Why Crowdfunding / Use of Funds
Funds support bringing the cultivated-leather jewelry to backers: producing inlays, performing pilot tests for consistency, and procuring jewelry settings and sustainable packaging to deliver finished pieces. If offered, funds would also support producing sample swatches and display cards. If offered, funds would also support producing the small finished jewelry items and coordinating them with sample swatches for the 'pairing' tier. If offered, funds would also support the development and hosting of the 'material passport' digital content, including the proposed high-resolution video and the proposed infographic. If offered, funds would also support the design and production of the physical 'mini-passport' cards.

## Risks & Challenges
Stated risks include: loss of cryopreserved cells (mitigated by storage at multiple facilities); variability in final color and surface texture from vegetable tanning and scaffold differences (addressed through pilot testing and scaffold inspection); potential supply-chain changes requiring alternate jewelry settings of equal or better quality; and possible extended delivery times for later backers if demand is high.

## Team & Partnerships
The effort is led by a founder with long-term tissue-engineering experience and cellular-agriculture leadership since 2018, who worked with a sanctuary and veterinary professionals to isolate the donor cells.

## What's Included
Jewelry pieces with cultivated-leather inlays (e.g., a rectangular inlay approximately 10 mm × 50 mm) and, for some items, a waxed linen cord; components are housed in metal bezels and glass cabochons. A proposed reward tier would include a cultivated leather sample swatch on a display card. A proposed 'pairing' reward tier would include both a sample swatch and a small finished jewelry item (e.g., a keychain) using leather from the same donor cow. A proposed plan includes offering a simple, digital 'material passport' (e.g., a QR code) linking to details about the cultivation process, tanning, and the specific donor cow. A proposed plan includes offering a simple, physical 'mini-passport' card in the packaging with the QR code and a short bullet-point summary of the cow's profile.

## Technical Details
- Plant-based scaffold from kapok seed fibers, needle-felted.
- Surface treatment with plant-derived ingredients (e.g., sunflower lecithin, zein protein) to promote cell attachment.
- Cells produce collagen that becomes vegetable-tanned leather.
- Approximate inlay dimension: 10 mm × 50 mm.","## One-Sentence Summary
A line of heirloom jewelry uses real leather that is cultivated in bioreactors from a one-time, harmless skin-cell sample taken from a living, sanctuary-grazing cow, aiming to offer animal-friendly leather adornments.

## Problem
The creators frame conventional leather as dependent on animal harm and present a gap for ethically sourced, real leather that preserves the material's qualities without sacrificing animal welfare. They position the project as evidence that leather can be made while the donor animal continues to live and be cared for at a sanctuary.

## Solution / Product Overview
The project offers jewelry featuring inlays of cultivated leather grown from the donor cow's skin cells on a plant-based scaffold. The leather is produced in bioreactors and then vegetable-tanned, allowing the creators to present finished wearable pieces while asserting that no additional animal harvesting is required. A proposed plan is to offer a limited series where backers can select which specific sanctuary-grazing cow (from a small, named group) their leather cells originated from, accompanied by a brief profile of that animal. A proposed plan also includes offering a simple, low-cost reward tier for a cultivated leather sample swatch (e.g., 20mm x 20mm) mounted on a display card, allowing backers to physically inspect the material before committing to a full jewelry piece. A proposed plan is to offer a 'pairing' reward tier that includes both a sample swatch and a small, finished jewelry item (e.g., a simple keychain) using leather from the same donor cow, allowing backers to compare the material sample to a final product. A proposed plan is to offer a simple, digital 'material passport' (e.g., a QR code) linking to details about the cultivation process, tanning, and the specific donor cow. A proposed plan includes offering a simple, physical 'mini-passport' card in the packaging with the QR code and a short bullet-point summary of the cow's profile.

## Key Features & Capabilities
- Real leather cultivated from living-animal skin cells grown on a plant-derived scaffold.
- Inlays set within metal bezels and protected under a glass dome cabochon.
- Options to choose hypoallergenic stainless steel or sterling silver for certain pieces.
- Offered in multiple size, color, and material combinations.
- Packaged in eco-friendly boxes cushioned with plant seed fiber used in the cultivation process.
- A proposed limited series would allow backers to select the specific named donor cow and receive a profile of that animal.
- A proposed plan to conduct and share the results of a standard durability test (like a rub test) on the cultivated leather inlay to address potential backer concerns about longevity.
- A proposed plan to offer a low-cost reward tier providing a sample swatch of the cultivated leather on a display card.
- A proposed plan to offer a 'pairing' reward tier including a sample swatch and a small finished jewelry item (e.g., a keychain) from the same donor cow.
- A proposed plan to offer a simple, digital 'material passport' (e.g., a QR code) linking to details about the cultivation process, tanning, and the specific donor cow.
- A proposed plan to include a high-resolution, downloadable video showing the cultivated leather's texture and response to bending/flexing in the 'material passport' content to address durability questions visually.
- A proposed plan to create a basic, clear infographic explaining the cultivation process from cell sample to finished inlay, to be included in the packaging or 'material passport'.
- A proposed plan to include a simple, physical 'mini-passport' card in the packaging with the QR code and a short bullet-point summary of the cow's profile.

## Target Users & Use Cases
The campaign speaks to people seeking animal-friendly, sustainable jewelry and those interested in owning a first-of-its-kind heirloom piece made from cultivated leather grown from a specific donor animal's cells. The proposed sample swatch tier is intended for backers who wish to verify the material's look and feel firsthand. The proposed 'pairing' tier is intended for backers who want to both inspect the material and see it in a finished application. The proposed 'material passport' and its proposed video content are intended to increase transparency and visually address durability for backers interested in the material's origin, production story, and physical properties. The proposed physical 'mini-passport' card is intended to provide an immediate, tangible summary of the story alongside the digital link.

## Development Status
The team shows finished jewelry inlays and describes past milestones: cells were isolated harmlessly in 2023, prototypes include a pendant and a card holder made in early 2025, and the leather is grown with patent-pending plant-based scaffolding. They state there are no outside approvals required and that the technology and cell lines are owned by the creators.

## Roadmap & Delivery Plan
Planned actions include pilot testing to tune color and texture, inspecting scaffold density before use, preparing different concentrations of plant-based tanning ingredients, and securing jewelry settings after style counts are finalized at the end of the campaign. A proposed plan includes testing the cultivated leather inlays using a standard durability test (like a rub test) and sharing the results with backers. Production scaling will be addressed by adjusting modular cultivated-leather bioreactor technology and resources. If the limited donor-selection series is offered, plans would include finalizing the list of named donor animals and preparing their brief profiles. If the sample swatch tier is offered, plans would include preparing the swatches and display cards. If the 'pairing' tier is offered, plans would include producing the small finished jewelry items (e.g., keychains) and coordinating them with matching sample swatches. If the 'material passport' is offered, plans would include creating the digital content and generating unique QR codes. A proposed plan would include creating a high-resolution video showing the leather's texture and flex for inclusion in the 'material passport' content. A proposed plan would include creating a basic infographic explaining the cultivation process for inclusion in packaging or the 'material passport'. A proposed plan would include designing and producing the physical 'mini-passport' cards.

## Why Crowdfunding / Use of Funds
Funds support bringing the cultivated-leather jewelry to backers: producing inlays, performing pilot tests for consistency, and procuring jewelry settings and sustainable packaging to deliver finished pieces. If offered, funds would also support producing sample swatches and display cards. If offered, funds would also support producing the small finished jewelry items and coordinating them with sample swatches for the 'pairing' tier. If offered, funds would also support the development and hosting of the 'material passport' digital content, including the proposed high-resolution video and the proposed infographic. If offered, funds would also support the design and production of the physical 'mini-passport' cards.

## Risks & Challenges
Stated risks include: loss of cryopreserved cells (mitigated by storage at multiple facilities); variability in final color and surface texture from vegetable tanning and scaffold differences (addressed through pilot testing and scaffold inspection); potential supply-chain changes requiring alternate jewelry settings of equal or better quality; and possible extended delivery times for later backers if demand is high.

## Team & Partnerships
The effort is led by a founder with long-term tissue-engineering experience and cellular-agriculture leadership since 2018, who worked with a sanctuary and veterinary professionals to isolate the donor cells.

## What's Included
Jewelry pieces with cultivated-leather inlays (e.g., a rectangular inlay approximately 10 mm × 50 mm) and, for some items, a waxed linen cord; components are housed in metal bezels and glass cabochons. A proposed reward tier would include a cultivated leather sample swatch on a display card. A proposed 'pairing' reward tier would include both a sample swatch and a small finished jewelry item (e.g., a keychain) using leather from the same donor cow. A proposed plan includes offering a simple, digital 'material passport' (e.g., a QR code) linking to details about the cultivation process, tanning, and the specific donor cow. A proposed plan includes offering a simple, physical 'mini-passport' card in the packaging with the QR code and a short bullet-point summary of the cow's profile.

## Technical Details
- Plant-based scaffold from kapok seed fibers, needle-felted.
- Surface treatment with plant-derived ingredients (e.g., sunflower lecithin, zein protein) to promote cell attachment.
- Cells produce collagen that becomes vegetable-tanned leather.
- Approximate inlay dimension: 10 mm × 50 mm."
"local","8","L8.5","specialized_rewrite","L7.2","","False","prospective_framing_safeguard","[""A proposed plan to share a side-by-side comparison photo (texture/color) of the cultivated leather and a piece of conventional vegetable-tanned leather in the campaign materials."", ""The proposed side-by-side comparison photo is intended to help backers visually assess the material's qualities relative to conventional leather."", ""A proposed plan would include creating and sharing a side-by-side comparison photo of the cultivated leather and conventional vegetable-tanned leather in the campaign materials."", ""If undertaken, funds would also support the creation of the proposed side-by-side comparison photo.""]","True","accepted","[]","Prospective-framing safeguard overrode the model's rejection because every flagged claim is explicitly hypothetical, proposed, planned, or future-tense and none asserts an existing accomplishment. Initial model analysis: The candidate introduces a new, specific proposed plan (a side-by-side comparison photo) in multiple sections. While the standard allows new proposals, this specific plan is not present in the authorized source material. The source material contains many proposed plans (e.g., rub test, video, infographic), but the side-by-side photo comparison is an invention by the candidate. According to the standard, new ideas are allowed only when they are explicitly framed as proposals, plans, etc., in the candidate. However, the audit is to check if every statement about *existing real-world evidence or status* is supported. The statements about the photo are framed as proposed plans, not as accomplished facts. Therefore, they are not 'unsupported claims' in the sense of invented traction or status. The candidate passes the literal application of the standard, as it does not state or imply that the photo comparison already exists, only that it is proposed. The 'unsupported_claims' array should be empty. Re-evaluating: The candidate's additions are all explicitly prospective ('proposed plan', 'intended to', 'would include', 'if undertaken'). None assert existing accomplishment. Therefore, the candidate passes. The initial failure was incorrect.","## One-Sentence Summary

A line of heirloom jewelry uses real leather that is cultivated in bioreactors from a one-time, harmless skin-cell sample taken from a living, sanctuary-grazing cow, aiming to offer animal-friendly leather adornments.

## Problem
The creators frame conventional leather as dependent on animal harm and present a gap for ethically sourced, real leather that preserves the material's qualities without sacrificing animal welfare. They position the project as evidence that leather can be made while the donor animal continues to live and be cared for at a sanctuary.

## Solution / Product Overview
The project offers jewelry featuring inlays of cultivated leather grown from the donor cow's skin cells on a plant-based scaffold. The leather is produced in bioreactors and then vegetable-tanned, allowing the creators to present finished wearable pieces while asserting that no additional animal harvesting is required. A proposed plan is to offer a limited series where backers can select which specific sanctuary-grazing cow (from a small, named group) their leather cells originated from, accompanied by a brief profile of that animal. A proposed plan also includes offering a simple, low-cost reward tier for a cultivated leather sample swatch (e.g., 20mm x 20mm) mounted on a display card, allowing backers to physically inspect the material before committing to a full jewelry piece. A proposed plan is to offer a 'pairing' reward tier that includes both a sample swatch and a small, finished jewelry item (e.g., a simple keychain) using leather from the same donor cow, allowing backers to compare the material sample to a final product. A proposed plan is to offer a simple, digital 'material passport' (e.g., a QR code) linking to details about the cultivation process, tanning, and the specific donor cow.

## Key Features & Capabilities
- Real leather cultivated from living-animal skin cells grown on a plant-derived scaffold.
- Inlays set within metal bezels and protected under a glass dome cabochon.
- Options to choose hypoallergenic stainless steel or sterling silver for certain pieces.
- Offered in multiple size, color, and material combinations.
- Packaged in eco-friendly boxes cushioned with plant seed fiber used in the cultivation process.
- A proposed limited series would allow backers to select the specific named donor cow and receive a profile of that animal.
- A proposed plan to conduct and share the results of a standard durability test (like a rub test) on the cultivated leather inlay to address potential backer concerns about longevity.
- A proposed plan to offer a low-cost reward tier providing a sample swatch of the cultivated leather on a display card.
- A proposed plan to offer a 'pairing' reward tier including a sample swatch and a small finished jewelry item (e.g., a keychain) from the same donor cow.
- A proposed plan to offer a simple, digital 'material passport' (e.g., a QR code) linking to details about the cultivation process, tanning, and the specific donor cow.
- A proposed plan to include a high-resolution, downloadable video showing the cultivated leather's texture and response to bending/flexing in the 'material passport' content to address durability questions visually.
- A proposed plan to create a basic, clear infographic explaining the cultivation process from cell sample to finished inlay, to be included in the packaging or 'material passport'.
- A proposed plan to share a side-by-side comparison photo (texture/color) of the cultivated leather and a piece of conventional vegetable-tanned leather in the campaign materials.

## Target Users & Use Cases
The campaign speaks to people seeking animal-friendly, sustainable jewelry and those interested in owning a first-of-its-kind heirloom piece made from cultivated leather grown from a specific donor animal's cells. The proposed sample swatch tier is intended for backers who wish to verify the material's look and feel firsthand. The proposed 'pairing' tier is intended for backers who want to both inspect the material and see it in a finished application. The proposed 'material passport' and its proposed video content are intended to increase transparency and visually address durability for backers interested in the material's origin, production story, and physical properties. The proposed side-by-side comparison photo is intended to help backers visually assess the material's qualities relative to conventional leather.

## Development Status
The team shows finished jewelry inlays and describes past milestones: cells were isolated harmlessly in 2023, prototypes include a pendant and a card holder made in early 2025, and the leather is grown with patent-pending plant-based scaffolding. They state there are no outside approvals required and that the technology and cell lines are owned by the creators.

## Roadmap & Delivery Plan
Planned actions include pilot testing to tune color and texture, inspecting scaffold density before use, preparing different concentrations of plant-based tanning ingredients, and securing jewelry settings after style counts are finalized at the end of the campaign. A proposed plan includes testing the cultivated leather inlays using a standard durability test (like a rub test) and sharing the results with backers. Production scaling will be addressed by adjusting modular cultivated-leather bioreactor technology and resources. If the limited donor-selection series is offered, plans would include finalizing the list of named donor animals and preparing their brief profiles. If the sample swatch tier is offered, plans would include preparing the swatches and display cards. If the 'pairing' tier is offered, plans would include producing the small finished jewelry items (e.g., keychains) and coordinating them with matching sample swatches. If the 'material passport' is offered, plans would include creating the digital content and generating unique QR codes. A proposed plan would include creating a high-resolution video showing the leather's texture and flex for inclusion in the 'material passport' content. A proposed plan would include creating a basic infographic explaining the cultivation process for inclusion in packaging or the 'material passport'. A proposed plan would include creating and sharing a side-by-side comparison photo of the cultivated leather and conventional vegetable-tanned leather in the campaign materials.

## Why Crowdfunding / Use of Funds
Funds support bringing the cultivated-leather jewelry to backers: producing inlays, performing pilot tests for consistency, and procuring jewelry settings and sustainable packaging to deliver finished pieces. If offered, funds would also support producing sample swatches and display cards. If offered, funds would also support producing the small finished jewelry items and coordinating them with sample swatches for the 'pairing' tier. If offered, funds would also support the development and hosting of the 'material passport' digital content, including the proposed high-resolution video and the proposed infographic. If undertaken, funds would also support the creation of the proposed side-by-side comparison photo.

## Risks & Challenges
Stated risks include: loss of cryopreserved cells (mitigated by storage at multiple facilities); variability in final color and surface texture from vegetable tanning and scaffold differences (addressed through pilot testing and scaffold inspection); potential supply-chain changes requiring alternate jewelry settings of equal or better quality; and possible extended delivery times for later backers if demand is high.

## Team & Partnerships
The effort is led by a founder with long-term tissue-engineering experience and cellular-agriculture leadership since 2018, who worked with a sanctuary and veterinary professionals to isolate the donor cells.

## What's Included
Jewelry pieces with cultivated-leather inlays (e.g., a rectangular inlay approximately 10 mm × 50 mm) and, for some items, a waxed linen cord; components are housed in metal bezels and glass cabochons. A proposed reward tier would include a cultivated leather sample swatch on a display card. A proposed 'pairing' reward tier would include both a sample swatch and a small finished jewelry item (e.g., a keychain) using leather from the same donor cow. A proposed plan includes offering a simple, digital 'material passport' (e.g., a QR code) linking to details about the cultivation process, tanning, and the specific donor cow.

## Technical Details
- Plant-based scaffold from kapok seed fibers, needle-felted.
- Surface treatment with plant-derived ingredients (e.g., sunflower lecithin, zein protein) to promote cell attachment.
- Cells produce collagen that becomes vegetable-tanned leather.
- Approximate inlay dimension: 10 mm × 50 mm.","## One-Sentence Summary

A line of heirloom jewelry uses real leather that is cultivated in bioreactors from a one-time, harmless skin-cell sample taken from a living, sanctuary-grazing cow, aiming to offer animal-friendly leather adornments.

## Problem
The creators frame conventional leather as dependent on animal harm and present a gap for ethically sourced, real leather that preserves the material's qualities without sacrificing animal welfare. They position the project as evidence that leather can be made while the donor animal continues to live and be cared for at a sanctuary.

## Solution / Product Overview
The project offers jewelry featuring inlays of cultivated leather grown from the donor cow's skin cells on a plant-based scaffold. The leather is produced in bioreactors and then vegetable-tanned, allowing the creators to present finished wearable pieces while asserting that no additional animal harvesting is required. A proposed plan is to offer a limited series where backers can select which specific sanctuary-grazing cow (from a small, named group) their leather cells originated from, accompanied by a brief profile of that animal. A proposed plan also includes offering a simple, low-cost reward tier for a cultivated leather sample swatch (e.g., 20mm x 20mm) mounted on a display card, allowing backers to physically inspect the material before committing to a full jewelry piece. A proposed plan is to offer a 'pairing' reward tier that includes both a sample swatch and a small, finished jewelry item (e.g., a simple keychain) using leather from the same donor cow, allowing backers to compare the material sample to a final product. A proposed plan is to offer a simple, digital 'material passport' (e.g., a QR code) linking to details about the cultivation process, tanning, and the specific donor cow.

## Key Features & Capabilities
- Real leather cultivated from living-animal skin cells grown on a plant-derived scaffold.
- Inlays set within metal bezels and protected under a glass dome cabochon.
- Options to choose hypoallergenic stainless steel or sterling silver for certain pieces.
- Offered in multiple size, color, and material combinations.
- Packaged in eco-friendly boxes cushioned with plant seed fiber used in the cultivation process.
- A proposed limited series would allow backers to select the specific named donor cow and receive a profile of that animal.
- A proposed plan to conduct and share the results of a standard durability test (like a rub test) on the cultivated leather inlay to address potential backer concerns about longevity.
- A proposed plan to offer a low-cost reward tier providing a sample swatch of the cultivated leather on a display card.
- A proposed plan to offer a 'pairing' reward tier including a sample swatch and a small finished jewelry item (e.g., a keychain) from the same donor cow.
- A proposed plan to offer a simple, digital 'material passport' (e.g., a QR code) linking to details about the cultivation process, tanning, and the specific donor cow.
- A proposed plan to include a high-resolution, downloadable video showing the cultivated leather's texture and response to bending/flexing in the 'material passport' content to address durability questions visually.
- A proposed plan to create a basic, clear infographic explaining the cultivation process from cell sample to finished inlay, to be included in the packaging or 'material passport'.
- A proposed plan to share a side-by-side comparison photo (texture/color) of the cultivated leather and a piece of conventional vegetable-tanned leather in the campaign materials.

## Target Users & Use Cases
The campaign speaks to people seeking animal-friendly, sustainable jewelry and those interested in owning a first-of-its-kind heirloom piece made from cultivated leather grown from a specific donor animal's cells. The proposed sample swatch tier is intended for backers who wish to verify the material's look and feel firsthand. The proposed 'pairing' tier is intended for backers who want to both inspect the material and see it in a finished application. The proposed 'material passport' and its proposed video content are intended to increase transparency and visually address durability for backers interested in the material's origin, production story, and physical properties. The proposed side-by-side comparison photo is intended to help backers visually assess the material's qualities relative to conventional leather.

## Development Status
The team shows finished jewelry inlays and describes past milestones: cells were isolated harmlessly in 2023, prototypes include a pendant and a card holder made in early 2025, and the leather is grown with patent-pending plant-based scaffolding. They state there are no outside approvals required and that the technology and cell lines are owned by the creators.

## Roadmap & Delivery Plan
Planned actions include pilot testing to tune color and texture, inspecting scaffold density before use, preparing different concentrations of plant-based tanning ingredients, and securing jewelry settings after style counts are finalized at the end of the campaign. A proposed plan includes testing the cultivated leather inlays using a standard durability test (like a rub test) and sharing the results with backers. Production scaling will be addressed by adjusting modular cultivated-leather bioreactor technology and resources. If the limited donor-selection series is offered, plans would include finalizing the list of named donor animals and preparing their brief profiles. If the sample swatch tier is offered, plans would include preparing the swatches and display cards. If the 'pairing' tier is offered, plans would include producing the small finished jewelry items (e.g., keychains) and coordinating them with matching sample swatches. If the 'material passport' is offered, plans would include creating the digital content and generating unique QR codes. A proposed plan would include creating a high-resolution video showing the leather's texture and flex for inclusion in the 'material passport' content. A proposed plan would include creating a basic infographic explaining the cultivation process for inclusion in packaging or the 'material passport'. A proposed plan would include creating and sharing a side-by-side comparison photo of the cultivated leather and conventional vegetable-tanned leather in the campaign materials.

## Why Crowdfunding / Use of Funds
Funds support bringing the cultivated-leather jewelry to backers: producing inlays, performing pilot tests for consistency, and procuring jewelry settings and sustainable packaging to deliver finished pieces. If offered, funds would also support producing sample swatches and display cards. If offered, funds would also support producing the small finished jewelry items and coordinating them with sample swatches for the 'pairing' tier. If offered, funds would also support the development and hosting of the 'material passport' digital content, including the proposed high-resolution video and the proposed infographic. If undertaken, funds would also support the creation of the proposed side-by-side comparison photo.

## Risks & Challenges
Stated risks include: loss of cryopreserved cells (mitigated by storage at multiple facilities); variability in final color and surface texture from vegetable tanning and scaffold differences (addressed through pilot testing and scaffold inspection); potential supply-chain changes requiring alternate jewelry settings of equal or better quality; and possible extended delivery times for later backers if demand is high.

## Team & Partnerships
The effort is led by a founder with long-term tissue-engineering experience and cellular-agriculture leadership since 2018, who worked with a sanctuary and veterinary professionals to isolate the donor cells.

## What's Included
Jewelry pieces with cultivated-leather inlays (e.g., a rectangular inlay approximately 10 mm × 50 mm) and, for some items, a waxed linen cord; components are housed in metal bezels and glass cabochons. A proposed reward tier would include a cultivated leather sample swatch on a display card. A proposed 'pairing' reward tier would include both a sample swatch and a small finished jewelry item (e.g., a keychain) using leather from the same donor cow. A proposed plan includes offering a simple, digital 'material passport' (e.g., a QR code) linking to details about the cultivation process, tanning, and the specific donor cow.

## Technical Details
- Plant-based scaffold from kapok seed fibers, needle-felted.
- Surface treatment with plant-derived ingredients (e.g., sunflower lecithin, zein protein) to promote cell attachment.
- Cells produce collagen that becomes vegetable-tanned leather.
- Approximate inlay dimension: 10 mm × 50 mm."
"local","9","L9.1","specialized_rewrite","L8.2","","","generation_unavailable","[]","False","fallback_parent","[""No valid generated candidate was available.""]","Expecting value: line 1 column 1 (char 0)","","## One-Sentence Summary
A line of heirloom jewelry uses real leather that is cultivated in bioreactors from a one-time, harmless skin-cell sample taken from a living, sanctuary-grazing cow, aiming to offer animal-friendly leather adornments.

## Problem
The creators frame conventional leather as dependent on animal harm and present a gap for ethically sourced, real leather that preserves the material's qualities without sacrificing animal welfare. They position the project as evidence that leather can be made while the donor animal continues to live and be cared for at a sanctuary.

## Solution / Product Overview
The project offers jewelry featuring inlays of cultivated leather grown from the donor cow's skin cells on a plant-based scaffold. The leather is produced in bioreactors and then vegetable-tanned, allowing the creators to present finished wearable pieces while asserting that no additional animal harvesting is required. A proposed plan is to offer a limited series where backers can select which specific sanctuary-grazing cow (from a small, named group) their leather cells originated from, accompanied by a brief profile of that animal. A proposed plan also includes offering a simple, low-cost reward tier for a cultivated leather sample swatch (e.g., 20mm x 20mm) mounted on a display card, allowing backers to physically inspect the material before committing to a full jewelry piece. A proposed plan is to offer a 'pairing' reward tier that includes both a sample swatch and a small, finished jewelry item (e.g., a simple keychain) using leather from the same donor cow, allowing backers to compare the material sample to a final product. A proposed plan is to offer a simple, digital 'material passport' (e.g., a QR code) linking to details about the cultivation process, tanning, and the specific donor cow.

## Key Features & Capabilities
- Real leather cultivated from living-animal skin cells grown on a plant-derived scaffold.
- Inlays set within metal bezels and protected under a glass dome cabochon.
- Options to choose hypoallergenic stainless steel or sterling silver for certain pieces.
- Offered in multiple size, color, and material combinations.
- Packaged in eco-friendly boxes cushioned with plant seed fiber used in the cultivation process.
- A proposed limited series would allow backers to select the specific named donor cow and receive a profile of that animal.
- A proposed plan to conduct and share the results of a standard durability test (like a rub test) on the cultivated leather inlay to address potential backer concerns about longevity.
- A proposed plan to offer a low-cost reward tier providing a sample swatch of the cultivated leather on a display card.
- A proposed plan to offer a 'pairing' reward tier including a sample swatch and a small finished jewelry item (e.g., a keychain) from the same donor cow.
- A proposed plan to offer a simple, digital 'material passport' (e.g., a QR code) linking to details about the cultivation process, tanning, and the specific donor cow.
- A proposed plan to include a high-resolution, downloadable video showing the cultivated leather's texture and response to bending/flexing in the 'material passport' content to address durability questions visually.
- A proposed plan to create a basic, clear infographic explaining the cultivation process from cell sample to finished inlay, to be included in the packaging or 'material passport'.
- A proposed plan for a 'pre-launch' email series explaining the cultivation process in simple terms to educate and build trust before the campaign.

## Target Users & Use Cases
The campaign speaks to people seeking animal-friendly, sustainable jewelry and those interested in owning a first-of-its-kind heirloom piece made from cultivated leather grown from a specific donor animal's cells. The proposed sample swatch tier is intended for backers who wish to verify the material's look and feel firsthand. The proposed 'pairing' tier is intended for backers who want to both inspect the material and see it in a finished application. The proposed 'material passport' and its proposed video content are intended to increase transparency and visually address durability for backers interested in the material's origin, production story, and physical properties. The proposed 'pre-launch' email series is intended to educate potential backers about the science and ethics of the process before the campaign begins.

## Development Status
The team shows finished jewelry inlays and describes past milestones: cells were isolated harmlessly in 2023, prototypes include a pendant and a card holder made in early 2025, and the leather is grown with patent-pending plant-based scaffolding. They state there are no outside approvals required and that the technology and cell lines are owned by the creators.

## Roadmap & Delivery Plan
Planned actions include pilot testing to tune color and texture, inspecting scaffold density before use, preparing different concentrations of plant-based tanning ingredients, and securing jewelry settings after style counts are finalized at the end of the campaign. A proposed plan includes testing the cultivated leather inlays using a standard durability test (like a rub test) and sharing the results with backers. Production scaling will be addressed by adjusting modular cultivated-leather bioreactor technology and resources. If the limited donor-selection series is offered, plans would include finalizing the list of named donor animals and preparing their brief profiles. If the sample swatch tier is offered, plans would include preparing the swatches and display cards. If the 'pairing' tier is offered, plans would include producing the small finished jewelry items (e.g., keychains) and coordinating them with matching sample swatches. If the 'material passport' is offered, plans would include creating the digital content and generating unique QR codes. A proposed plan would include creating a high-resolution video showing the leather's texture and flex for inclusion in the 'material passport' content. A proposed plan would include creating a basic infographic explaining the cultivation process for inclusion in packaging or the 'material passport'. A proposed plan includes creating and sending a 'pre-launch' email series explaining the cultivation process in simple terms.

## Why Crowdfunding / Use of Funds
Funds support bringing the cultivated-leather jewelry to backers: producing inlays, performing pilot tests for consistency, and procuring jewelry settings and sustainable packaging to deliver finished pieces. If offered, funds would also support producing sample swatches and display cards. If offered, funds would also support producing the small finished jewelry items and coordinating them with sample swatches for the 'pairing' tier. If offered, funds would also support the development and hosting of the 'material passport' digital content, including the proposed high-resolution video and the proposed infographic. A proposed plan would allocate funds for the creation and distribution of the 'pre-launch' email series.

## Risks & Challenges
Stated risks include: loss of cryopreserved cells (mitigated by storage at multiple facilities); variability in final color and surface texture from vegetable tanning and scaffold differences (addressed through pilot testing and scaffold inspection); potential supply-chain changes requiring alternate jewelry settings of equal or better quality; and possible extended delivery times for later backers if demand is high.

## Team & Partnerships
The effort is led by a founder with long-term tissue-engineering experience and cellular-agriculture leadership since 2018, who worked with a sanctuary and veterinary professionals to isolate the donor cells.

## What's Included
Jewelry pieces with cultivated-leather inlays (e.g., a rectangular inlay approximately 10 mm × 50 mm) and, for some items, a waxed linen cord; components are housed in metal bezels and glass cabochons. A proposed reward tier would include a cultivated leather sample swatch on a display card. A proposed 'pairing' reward tier would include both a sample swatch and a small finished jewelry item (e.g., a keychain) using leather from the same donor cow. A proposed plan includes offering a simple, digital 'material passport' (e.g., a QR code) linking to details about the cultivation process, tanning, and the specific donor cow.

## Technical Details
- Plant-based scaffold from kapok seed fibers, needle-felted.
- Surface treatment with plant-derived ingredients (e.g., sunflower lecithin, zein protein) to promote cell attachment.
- Cells produce collagen that becomes vegetable-tanned leather.
- Approximate inlay dimension: 10 mm × 50 mm."
"local","9","L9.2","specialized_rewrite","L8.2","","False","prospective_framing_safeguard","[""A proposed plan to conduct a small-scale, documented 'aging' test on the cultivated leather, simulating a year of gentle wear, and include the results and photographs in the 'material passport' content to address long-term durability questions."", ""A proposed plan includes conducting a small-scale, documented 'aging' test on the cultivated leather, simulating a year of gentle wear, and including the results and photographs in the 'material passport' content."", ""funds would also support the development and hosting of the 'material passport' digital content, including the proposed high-resolution video, the proposed aging test documentation, and the proposed infographic.""]","True","accepted","[]","Prospective-framing safeguard overrode the model's rejection because every flagged claim is explicitly hypothetical, proposed, planned, or future-tense and none asserts an existing accomplishment. Initial model analysis: The candidate introduces a new, specific proposed plan for an 'aging' test simulating a year of wear, with results and photographs to be included in the material passport. This plan, including its methodology and deliverables, is not present in the authorized source material. While new proposals are generally allowed, the source material already contains a specific, different proposed plan for durability testing (a standard rub test). The candidate's addition is not merely a new quantified proposal; it is a substantive, unsupported addition to the venture's stated plans and use of funds that alters the described concept beyond what is authorized.","## One-Sentence Summary
A line of heirloom jewelry uses real leather that is cultivated in bioreactors from a one-time, harmless skin-cell sample taken from a living, sanctuary-grazing cow, aiming to offer animal-friendly leather adornments.

## Problem
The creators frame conventional leather as dependent on animal harm and present a gap for ethically sourced, real leather that preserves the material's qualities without sacrificing animal welfare. They position the project as evidence that leather can be made while the donor animal continues to live and be cared for at a sanctuary.

## Solution / Product Overview
The project offers jewelry featuring inlays of cultivated leather grown from the donor cow's skin cells on a plant-based scaffold. The leather is produced in bioreactors and then vegetable-tanned, allowing the creators to present finished wearable pieces while asserting that no additional animal harvesting is required. A proposed plan is to offer a limited series where backers can select which specific sanctuary-grazing cow (from a small, named group) their leather cells originated from, accompanied by a brief profile of that animal. A proposed plan also includes offering a simple, low-cost reward tier for a cultivated leather sample swatch (e.g., 20mm x 20mm) mounted on a display card, allowing backers to physically inspect the material before committing to a full jewelry piece. A proposed plan is to offer a 'pairing' reward tier that includes both a sample swatch and a small, finished jewelry item (e.g., a simple keychain) using leather from the same donor cow, allowing backers to compare the material sample to a final product. A proposed plan is to offer a simple, digital 'material passport' (e.g., a QR code) linking to details about the cultivation process, tanning, and the specific donor cow.

## Key Features & Capabilities
- Real leather cultivated from living-animal skin cells grown on a plant-derived scaffold.
- Inlays set within metal bezels and protected under a glass dome cabochon.
- Options to choose hypoallergenic stainless steel or sterling silver for certain pieces.
- Offered in multiple size, color, and material combinations.
- Packaged in eco-friendly boxes cushioned with plant seed fiber used in the cultivation process.
- A proposed limited series would allow backers to select the specific named donor cow and receive a profile of that animal.
- A proposed plan to conduct and share the results of a standard durability test (like a rub test) on the cultivated leather inlay to address potential backer concerns about longevity.
- A proposed plan to conduct a small-scale, documented 'aging' test on the cultivated leather, simulating a year of gentle wear, and include the results and photographs in the 'material passport' content to address long-term durability questions.
- A proposed plan to offer a low-cost reward tier providing a sample swatch of the cultivated leather on a display card.
- A proposed plan to offer a 'pairing' reward tier including a sample swatch and a small finished jewelry item (e.g., a keychain) from the same donor cow.
- A proposed plan to offer a simple, digital 'material passport' (e.g., a QR code) linking to details about the cultivation process, tanning, and the specific donor cow.
- A proposed plan to include a high-resolution, downloadable video showing the cultivated leather's texture and response to bending/flexing in the 'material passport' content to address durability questions visually.
- A proposed plan to create a basic, clear infographic explaining the cultivation process from cell sample to finished inlay, to be included in the packaging or 'material passport'.
- A proposed plan for a 'pre-launch' email series explaining the cultivation process in simple terms to educate and build trust before the campaign.

## Target Users & Use Cases
The campaign speaks to people seeking animal-friendly, sustainable jewelry and those interested in owning a first-of-its-kind heirloom piece made from cultivated leather grown from a specific donor animal's cells. The proposed sample swatch tier is intended for backers who wish to verify the material's look and feel firsthand. The proposed 'pairing' tier is intended for backers who want to both inspect the material and see it in a finished application. The proposed 'material passport' and its proposed video and aging test content are intended to increase transparency and visually address durability for backers interested in the material's origin, production story, and physical properties. The proposed 'pre-launch' email series is intended to educate potential backers about the science and ethics of the process before the campaign begins.

## Development Status
The team shows finished jewelry inlays and describes past milestones: cells were isolated harmlessly in 2023, prototypes include a pendant and a card holder made in early 2025, and the leather is grown with patent-pending plant-based scaffolding. They state there are no outside approvals required and that the technology and cell lines are owned by the creators.

## Roadmap & Delivery Plan
Planned actions include pilot testing to tune color and texture, inspecting scaffold density before use, preparing different concentrations of plant-based tanning ingredients, and securing jewelry settings after style counts are finalized at the end of the campaign. A proposed plan includes testing the cultivated leather inlays using a standard durability test (like a rub test) and sharing the results with backers. A proposed plan includes conducting a small-scale, documented 'aging' test on the cultivated leather, simulating a year of gentle wear, and including the results and photographs in the 'material passport' content. Production scaling will be addressed by adjusting modular cultivated-leather bioreactor technology and resources. If the limited donor-selection series is offered, plans would include finalizing the list of named donor animals and preparing their brief profiles. If the sample swatch tier is offered, plans would include preparing the swatches and display cards. If the 'pairing' tier is offered, plans would include producing the small finished jewelry items (e.g., keychains) and coordinating them with matching sample swatches. If the 'material passport' is offered, plans would include creating the digital content and generating unique QR codes. A proposed plan would include creating a high-resolution video showing the leather's texture and flex for inclusion in the 'material passport' content. A proposed plan would include creating a basic infographic explaining the cultivation process for inclusion in packaging or the 'material passport'. A proposed plan includes creating and sending a 'pre-launch' email series explaining the cultivation process in simple terms.

## Why Crowdfunding / Use of Funds
Funds support bringing the cultivated-leather jewelry to backers: producing inlays, performing pilot tests for consistency, and procuring jewelry settings and sustainable packaging to deliver finished pieces. If offered, funds would also support producing sample swatches and display cards. If offered, funds would also support producing the small finished jewelry items and coordinating them with sample swatches for the 'pairing' tier. If offered, funds would also support the development and hosting of the 'material passport' digital content, including the proposed high-resolution video, the proposed aging test documentation, and the proposed infographic. A proposed plan would allocate funds for the creation and distribution of the 'pre-launch' email series.

## Risks & Challenges
Stated risks include: loss of cryopreserved cells (mitigated by storage at multiple facilities); variability in final color and surface texture from vegetable tanning and scaffold differences (addressed through pilot testing and scaffold inspection); potential supply-chain changes requiring alternate jewelry settings of equal or better quality; and possible extended delivery times for later backers if demand is high.

## Team & Partnerships
The effort is led by a founder with long-term tissue-engineering experience and cellular-agriculture leadership since 2018, who worked with a sanctuary and veterinary professionals to isolate the donor cells.

## What's Included
Jewelry pieces with cultivated-leather inlays (e.g., a rectangular inlay approximately 10 mm × 50 mm) and, for some items, a waxed linen cord; components are housed in metal bezels and glass cabochons. A proposed reward tier would include a cultivated leather sample swatch on a display card. A proposed 'pairing' reward tier would include both a sample swatch and a small finished jewelry item (e.g., a keychain) using leather from the same donor cow. A proposed plan includes offering a simple, digital 'material passport' (e.g., a QR code) linking to details about the cultivation process, tanning, and the specific donor cow.

## Technical Details
- Plant-based scaffold from kapok seed fibers, needle-felted.
- Surface treatment with plant-derived ingredients (e.g., sunflower lecithin, zein protein) to promote cell attachment.
- Cells produce collagen that becomes vegetable-tanned leather.
- Approximate inlay dimension: 10 mm × 50 mm.","## One-Sentence Summary
A line of heirloom jewelry uses real leather that is cultivated in bioreactors from a one-time, harmless skin-cell sample taken from a living, sanctuary-grazing cow, aiming to offer animal-friendly leather adornments.

## Problem
The creators frame conventional leather as dependent on animal harm and present a gap for ethically sourced, real leather that preserves the material's qualities without sacrificing animal welfare. They position the project as evidence that leather can be made while the donor animal continues to live and be cared for at a sanctuary.

## Solution / Product Overview
The project offers jewelry featuring inlays of cultivated leather grown from the donor cow's skin cells on a plant-based scaffold. The leather is produced in bioreactors and then vegetable-tanned, allowing the creators to present finished wearable pieces while asserting that no additional animal harvesting is required. A proposed plan is to offer a limited series where backers can select which specific sanctuary-grazing cow (from a small, named group) their leather cells originated from, accompanied by a brief profile of that animal. A proposed plan also includes offering a simple, low-cost reward tier for a cultivated leather sample swatch (e.g., 20mm x 20mm) mounted on a display card, allowing backers to physically inspect the material before committing to a full jewelry piece. A proposed plan is to offer a 'pairing' reward tier that includes both a sample swatch and a small, finished jewelry item (e.g., a simple keychain) using leather from the same donor cow, allowing backers to compare the material sample to a final product. A proposed plan is to offer a simple, digital 'material passport' (e.g., a QR code) linking to details about the cultivation process, tanning, and the specific donor cow.

## Key Features & Capabilities
- Real leather cultivated from living-animal skin cells grown on a plant-derived scaffold.
- Inlays set within metal bezels and protected under a glass dome cabochon.
- Options to choose hypoallergenic stainless steel or sterling silver for certain pieces.
- Offered in multiple size, color, and material combinations.
- Packaged in eco-friendly boxes cushioned with plant seed fiber used in the cultivation process.
- A proposed limited series would allow backers to select the specific named donor cow and receive a profile of that animal.
- A proposed plan to conduct and share the results of a standard durability test (like a rub test) on the cultivated leather inlay to address potential backer concerns about longevity.
- A proposed plan to conduct a small-scale, documented 'aging' test on the cultivated leather, simulating a year of gentle wear, and include the results and photographs in the 'material passport' content to address long-term durability questions.
- A proposed plan to offer a low-cost reward tier providing a sample swatch of the cultivated leather on a display card.
- A proposed plan to offer a 'pairing' reward tier including a sample swatch and a small finished jewelry item (e.g., a keychain) from the same donor cow.
- A proposed plan to offer a simple, digital 'material passport' (e.g., a QR code) linking to details about the cultivation process, tanning, and the specific donor cow.
- A proposed plan to include a high-resolution, downloadable video showing the cultivated leather's texture and response to bending/flexing in the 'material passport' content to address durability questions visually.
- A proposed plan to create a basic, clear infographic explaining the cultivation process from cell sample to finished inlay, to be included in the packaging or 'material passport'.
- A proposed plan for a 'pre-launch' email series explaining the cultivation process in simple terms to educate and build trust before the campaign.

## Target Users & Use Cases
The campaign speaks to people seeking animal-friendly, sustainable jewelry and those interested in owning a first-of-its-kind heirloom piece made from cultivated leather grown from a specific donor animal's cells. The proposed sample swatch tier is intended for backers who wish to verify the material's look and feel firsthand. The proposed 'pairing' tier is intended for backers who want to both inspect the material and see it in a finished application. The proposed 'material passport' and its proposed video and aging test content are intended to increase transparency and visually address durability for backers interested in the material's origin, production story, and physical properties. The proposed 'pre-launch' email series is intended to educate potential backers about the science and ethics of the process before the campaign begins.

## Development Status
The team shows finished jewelry inlays and describes past milestones: cells were isolated harmlessly in 2023, prototypes include a pendant and a card holder made in early 2025, and the leather is grown with patent-pending plant-based scaffolding. They state there are no outside approvals required and that the technology and cell lines are owned by the creators.

## Roadmap & Delivery Plan
Planned actions include pilot testing to tune color and texture, inspecting scaffold density before use, preparing different concentrations of plant-based tanning ingredients, and securing jewelry settings after style counts are finalized at the end of the campaign. A proposed plan includes testing the cultivated leather inlays using a standard durability test (like a rub test) and sharing the results with backers. A proposed plan includes conducting a small-scale, documented 'aging' test on the cultivated leather, simulating a year of gentle wear, and including the results and photographs in the 'material passport' content. Production scaling will be addressed by adjusting modular cultivated-leather bioreactor technology and resources. If the limited donor-selection series is offered, plans would include finalizing the list of named donor animals and preparing their brief profiles. If the sample swatch tier is offered, plans would include preparing the swatches and display cards. If the 'pairing' tier is offered, plans would include producing the small finished jewelry items (e.g., keychains) and coordinating them with matching sample swatches. If the 'material passport' is offered, plans would include creating the digital content and generating unique QR codes. A proposed plan would include creating a high-resolution video showing the leather's texture and flex for inclusion in the 'material passport' content. A proposed plan would include creating a basic infographic explaining the cultivation process for inclusion in packaging or the 'material passport'. A proposed plan includes creating and sending a 'pre-launch' email series explaining the cultivation process in simple terms.

## Why Crowdfunding / Use of Funds
Funds support bringing the cultivated-leather jewelry to backers: producing inlays, performing pilot tests for consistency, and procuring jewelry settings and sustainable packaging to deliver finished pieces. If offered, funds would also support producing sample swatches and display cards. If offered, funds would also support producing the small finished jewelry items and coordinating them with sample swatches for the 'pairing' tier. If offered, funds would also support the development and hosting of the 'material passport' digital content, including the proposed high-resolution video, the proposed aging test documentation, and the proposed infographic. A proposed plan would allocate funds for the creation and distribution of the 'pre-launch' email series.

## Risks & Challenges
Stated risks include: loss of cryopreserved cells (mitigated by storage at multiple facilities); variability in final color and surface texture from vegetable tanning and scaffold differences (addressed through pilot testing and scaffold inspection); potential supply-chain changes requiring alternate jewelry settings of equal or better quality; and possible extended delivery times for later backers if demand is high.

## Team & Partnerships
The effort is led by a founder with long-term tissue-engineering experience and cellular-agriculture leadership since 2018, who worked with a sanctuary and veterinary professionals to isolate the donor cells.

## What's Included
Jewelry pieces with cultivated-leather inlays (e.g., a rectangular inlay approximately 10 mm × 50 mm) and, for some items, a waxed linen cord; components are housed in metal bezels and glass cabochons. A proposed reward tier would include a cultivated leather sample swatch on a display card. A proposed 'pairing' reward tier would include both a sample swatch and a small finished jewelry item (e.g., a keychain) using leather from the same donor cow. A proposed plan includes offering a simple, digital 'material passport' (e.g., a QR code) linking to details about the cultivation process, tanning, and the specific donor cow.

## Technical Details
- Plant-based scaffold from kapok seed fibers, needle-felted.
- Surface treatment with plant-derived ingredients (e.g., sunflower lecithin, zein protein) to promote cell attachment.
- Cells produce collagen that becomes vegetable-tanned leather.
- Approximate inlay dimension: 10 mm × 50 mm."
"local","9","L9.3","specialized_rewrite","L8.2","","True","model_audit","[]","True","accepted","[]","All statements about existing real-world evidence or status (e.g., development milestones, team experience, technology ownership) are directly supported by the authorized source material. The candidate introduces one new proposed plan (a post-campaign survey for sample swatch backers), which is explicitly framed as a future proposal ('A proposed plan to create...', 'A proposed plan includes...'). This addition is prospective and does not claim existing traction, tests, or results. Therefore, no unsupported claims are present.","## One-Sentence Summary
A line of heirloom jewelry uses real leather that is cultivated in bioreactors from a one-time, harmless skin-cell sample taken from a living, sanctuary-grazing cow, aiming to offer animal-friendly leather adornments.

## Problem
The creators frame conventional leather as dependent on animal harm and present a gap for ethically sourced, real leather that preserves the material's qualities without sacrificing animal welfare. They position the project as evidence that leather can be made while the donor animal continues to live and be cared for at a sanctuary.

## Solution / Product Overview
The project offers jewelry featuring inlays of cultivated leather grown from the donor cow's skin cells on a plant-based scaffold. The leather is produced in bioreactors and then vegetable-tanned, allowing the creators to present finished wearable pieces while asserting that no additional animal harvesting is required. A proposed plan is to offer a limited series where backers can select which specific sanctuary-grazing cow (from a small, named group) their leather cells originated from, accompanied by a brief profile of that animal. A proposed plan also includes offering a simple, low-cost reward tier for a cultivated leather sample swatch (e.g., 20mm x 20mm) mounted on a display card, allowing backers to physically inspect the material before committing to a full jewelry piece. A proposed plan is to offer a 'pairing' reward tier that includes both a sample swatch and a small, finished jewelry item (e.g., a simple keychain) using leather from the same donor cow, allowing backers to compare the material sample to a final product. A proposed plan is to offer a simple, digital 'material passport' (e.g., a QR code) linking to details about the cultivation process, tanning, and the specific donor cow.

## Key Features & Capabilities
- Real leather cultivated from living-animal skin cells grown on a plant-derived scaffold.
- Inlays set within metal bezels and protected under a glass dome cabochon.
- Options to choose hypoallergenic stainless steel or sterling silver for certain pieces.
- Offered in multiple size, color, and material combinations.
- Packaged in eco-friendly boxes cushioned with plant seed fiber used in the cultivation process.
- A proposed limited series would allow backers to select the specific named donor cow and receive a profile of that animal.
- A proposed plan to conduct and share the results of a standard durability test (like a rub test) on the cultivated leather inlay to address potential backer concerns about longevity.
- A proposed plan to offer a low-cost reward tier providing a sample swatch of the cultivated leather on a display card.
- A proposed plan to offer a 'pairing' reward tier including a sample swatch and a small finished jewelry item (e.g., a keychain) from the same donor cow.
- A proposed plan to offer a simple, digital 'material passport' (e.g., a QR code) linking to details about the cultivation process, tanning, and the specific donor cow.
- A proposed plan to include a high-resolution, downloadable video showing the cultivated leather's texture and response to bending/flexing in the 'material passport' content to address durability questions visually.
- A proposed plan to create a basic, clear infographic explaining the cultivation process from cell sample to finished inlay, to be included in the packaging or 'material passport'.
- A proposed plan for a 'pre-launch' email series explaining the cultivation process in simple terms to educate and build trust before the campaign.
- A proposed plan to create a simple, optional post-campaign survey for backers of the sample swatch tier to gather structured feedback on the material's look and feel, with results to be shared publicly to build community trust.

## Target Users & Use Cases
The campaign speaks to people seeking animal-friendly, sustainable jewelry and those interested in owning a first-of-its-kind heirloom piece made from cultivated leather grown from a specific donor animal's cells. The proposed sample swatch tier is intended for backers who wish to verify the material's look and feel firsthand. The proposed 'pairing' tier is intended for backers who want to both inspect the material and see it in a finished application. The proposed 'material passport' and its proposed video content are intended to increase transparency and visually address durability for backers interested in the material's origin, production story, and physical properties. The proposed 'pre-launch' email series is intended to educate potential backers about the science and ethics of the process before the campaign begins.

## Development Status
The team shows finished jewelry inlays and describes past milestones: cells were isolated harmlessly in 2023, prototypes include a pendant and a card holder made in early 2025, and the leather is grown with patent-pending plant-based scaffolding. They state there are no outside approvals required and that the technology and cell lines are owned by the creators.

## Roadmap & Delivery Plan
Planned actions include pilot testing to tune color and texture, inspecting scaffold density before use, preparing different concentrations of plant-based tanning ingredients, and securing jewelry settings after style counts are finalized at the end of the campaign. A proposed plan includes testing the cultivated leather inlays using a standard durability test (like a rub test) and sharing the results with backers. Production scaling will be addressed by adjusting modular cultivated-leather bioreactor technology and resources. If the limited donor-selection series is offered, plans would include finalizing the list of named donor animals and preparing their brief profiles. If the sample swatch tier is offered, plans would include preparing the swatches and display cards. If the 'pairing' tier is offered, plans would include producing the small finished jewelry items (e.g., keychains) and coordinating them with matching sample swatches. If the 'material passport' is offered, plans would include creating the digital content and generating unique QR codes. A proposed plan would include creating a high-resolution video showing the leather's texture and flex for inclusion in the 'material passport' content. A proposed plan would include creating a basic infographic explaining the cultivation process for inclusion in packaging or the 'material passport'. A proposed plan includes creating and sending a 'pre-launch' email series explaining the cultivation process in simple terms. A proposed plan includes creating and distributing the optional post-campaign survey for sample swatch backers and sharing the aggregated results publicly.

## Why Crowdfunding / Use of Funds
Funds support bringing the cultivated-leather jewelry to backers: producing inlays, performing pilot tests for consistency, and procuring jewelry settings and sustainable packaging to deliver finished pieces. If offered, funds would also support producing sample swatches and display cards. If offered, funds would also support producing the small finished jewelry items and coordinating them with sample swatches for the 'pairing' tier. If offered, funds would also support the development and hosting of the 'material passport' digital content, including the proposed high-resolution video and the proposed infographic. A proposed plan would allocate funds for the creation and distribution of the 'pre-launch' email series. A proposed plan would allocate funds for the creation, distribution, and analysis of the optional post-campaign survey for sample swatch backers.

## Risks & Challenges
Stated risks include: loss of cryopreserved cells (mitigated by storage at multiple facilities); variability in final color and surface texture from vegetable tanning and scaffold differences (addressed through pilot testing and scaffold inspection); potential supply-chain changes requiring alternate jewelry settings of equal or better quality; and possible extended delivery times for later backers if demand is high.

## Team & Partnerships
The effort is led by a founder with long-term tissue-engineering experience and cellular-agriculture leadership since 2018, who worked with a sanctuary and veterinary professionals to isolate the donor cells.

## What's Included
Jewelry pieces with cultivated-leather inlays (e.g., a rectangular inlay approximately 10 mm × 50 mm) and, for some items, a waxed linen cord; components are housed in metal bezels and glass cabochons. A proposed reward tier would include a cultivated leather sample swatch on a display card. A proposed 'pairing' reward tier would include both a sample swatch and a small finished jewelry item (e.g., a keychain) using leather from the same donor cow. A proposed plan includes offering a simple, digital 'material passport' (e.g., a QR code) linking to details about the cultivation process, tanning, and the specific donor cow.

## Technical Details
- Plant-based scaffold from kapok seed fibers, needle-felted.
- Surface treatment with plant-derived ingredients (e.g., sunflower lecithin, zein protein) to promote cell attachment.
- Cells produce collagen that becomes vegetable-tanned leather.
- Approximate inlay dimension: 10 mm × 50 mm.","## One-Sentence Summary
A line of heirloom jewelry uses real leather that is cultivated in bioreactors from a one-time, harmless skin-cell sample taken from a living, sanctuary-grazing cow, aiming to offer animal-friendly leather adornments.

## Problem
The creators frame conventional leather as dependent on animal harm and present a gap for ethically sourced, real leather that preserves the material's qualities without sacrificing animal welfare. They position the project as evidence that leather can be made while the donor animal continues to live and be cared for at a sanctuary.

## Solution / Product Overview
The project offers jewelry featuring inlays of cultivated leather grown from the donor cow's skin cells on a plant-based scaffold. The leather is produced in bioreactors and then vegetable-tanned, allowing the creators to present finished wearable pieces while asserting that no additional animal harvesting is required. A proposed plan is to offer a limited series where backers can select which specific sanctuary-grazing cow (from a small, named group) their leather cells originated from, accompanied by a brief profile of that animal. A proposed plan also includes offering a simple, low-cost reward tier for a cultivated leather sample swatch (e.g., 20mm x 20mm) mounted on a display card, allowing backers to physically inspect the material before committing to a full jewelry piece. A proposed plan is to offer a 'pairing' reward tier that includes both a sample swatch and a small, finished jewelry item (e.g., a simple keychain) using leather from the same donor cow, allowing backers to compare the material sample to a final product. A proposed plan is to offer a simple, digital 'material passport' (e.g., a QR code) linking to details about the cultivation process, tanning, and the specific donor cow.

## Key Features & Capabilities
- Real leather cultivated from living-animal skin cells grown on a plant-derived scaffold.
- Inlays set within metal bezels and protected under a glass dome cabochon.
- Options to choose hypoallergenic stainless steel or sterling silver for certain pieces.
- Offered in multiple size, color, and material combinations.
- Packaged in eco-friendly boxes cushioned with plant seed fiber used in the cultivation process.
- A proposed limited series would allow backers to select the specific named donor cow and receive a profile of that animal.
- A proposed plan to conduct and share the results of a standard durability test (like a rub test) on the cultivated leather inlay to address potential backer concerns about longevity.
- A proposed plan to offer a low-cost reward tier providing a sample swatch of the cultivated leather on a display card.
- A proposed plan to offer a 'pairing' reward tier including a sample swatch and a small finished jewelry item (e.g., a keychain) from the same donor cow.
- A proposed plan to offer a simple, digital 'material passport' (e.g., a QR code) linking to details about the cultivation process, tanning, and the specific donor cow.
- A proposed plan to include a high-resolution, downloadable video showing the cultivated leather's texture and response to bending/flexing in the 'material passport' content to address durability questions visually.
- A proposed plan to create a basic, clear infographic explaining the cultivation process from cell sample to finished inlay, to be included in the packaging or 'material passport'.
- A proposed plan for a 'pre-launch' email series explaining the cultivation process in simple terms to educate and build trust before the campaign.
- A proposed plan to create a simple, optional post-campaign survey for backers of the sample swatch tier to gather structured feedback on the material's look and feel, with results to be shared publicly to build community trust.

## Target Users & Use Cases
The campaign speaks to people seeking animal-friendly, sustainable jewelry and those interested in owning a first-of-its-kind heirloom piece made from cultivated leather grown from a specific donor animal's cells. The proposed sample swatch tier is intended for backers who wish to verify the material's look and feel firsthand. The proposed 'pairing' tier is intended for backers who want to both inspect the material and see it in a finished application. The proposed 'material passport' and its proposed video content are intended to increase transparency and visually address durability for backers interested in the material's origin, production story, and physical properties. The proposed 'pre-launch' email series is intended to educate potential backers about the science and ethics of the process before the campaign begins.

## Development Status
The team shows finished jewelry inlays and describes past milestones: cells were isolated harmlessly in 2023, prototypes include a pendant and a card holder made in early 2025, and the leather is grown with patent-pending plant-based scaffolding. They state there are no outside approvals required and that the technology and cell lines are owned by the creators.

## Roadmap & Delivery Plan
Planned actions include pilot testing to tune color and texture, inspecting scaffold density before use, preparing different concentrations of plant-based tanning ingredients, and securing jewelry settings after style counts are finalized at the end of the campaign. A proposed plan includes testing the cultivated leather inlays using a standard durability test (like a rub test) and sharing the results with backers. Production scaling will be addressed by adjusting modular cultivated-leather bioreactor technology and resources. If the limited donor-selection series is offered, plans would include finalizing the list of named donor animals and preparing their brief profiles. If the sample swatch tier is offered, plans would include preparing the swatches and display cards. If the 'pairing' tier is offered, plans would include producing the small finished jewelry items (e.g., keychains) and coordinating them with matching sample swatches. If the 'material passport' is offered, plans would include creating the digital content and generating unique QR codes. A proposed plan would include creating a high-resolution video showing the leather's texture and flex for inclusion in the 'material passport' content. A proposed plan would include creating a basic infographic explaining the cultivation process for inclusion in packaging or the 'material passport'. A proposed plan includes creating and sending a 'pre-launch' email series explaining the cultivation process in simple terms. A proposed plan includes creating and distributing the optional post-campaign survey for sample swatch backers and sharing the aggregated results publicly.

## Why Crowdfunding / Use of Funds
Funds support bringing the cultivated-leather jewelry to backers: producing inlays, performing pilot tests for consistency, and procuring jewelry settings and sustainable packaging to deliver finished pieces. If offered, funds would also support producing sample swatches and display cards. If offered, funds would also support producing the small finished jewelry items and coordinating them with sample swatches for the 'pairing' tier. If offered, funds would also support the development and hosting of the 'material passport' digital content, including the proposed high-resolution video and the proposed infographic. A proposed plan would allocate funds for the creation and distribution of the 'pre-launch' email series. A proposed plan would allocate funds for the creation, distribution, and analysis of the optional post-campaign survey for sample swatch backers.

## Risks & Challenges
Stated risks include: loss of cryopreserved cells (mitigated by storage at multiple facilities); variability in final color and surface texture from vegetable tanning and scaffold differences (addressed through pilot testing and scaffold inspection); potential supply-chain changes requiring alternate jewelry settings of equal or better quality; and possible extended delivery times for later backers if demand is high.

## Team & Partnerships
The effort is led by a founder with long-term tissue-engineering experience and cellular-agriculture leadership since 2018, who worked with a sanctuary and veterinary professionals to isolate the donor cells.

## What's Included
Jewelry pieces with cultivated-leather inlays (e.g., a rectangular inlay approximately 10 mm × 50 mm) and, for some items, a waxed linen cord; components are housed in metal bezels and glass cabochons. A proposed reward tier would include a cultivated leather sample swatch on a display card. A proposed 'pairing' reward tier would include both a sample swatch and a small finished jewelry item (e.g., a keychain) using leather from the same donor cow. A proposed plan includes offering a simple, digital 'material passport' (e.g., a QR code) linking to details about the cultivation process, tanning, and the specific donor cow.

## Technical Details
- Plant-based scaffold from kapok seed fibers, needle-felted.
- Surface treatment with plant-derived ingredients (e.g., sunflower lecithin, zein protein) to promote cell attachment.
- Cells produce collagen that becomes vegetable-tanned leather.
- Approximate inlay dimension: 10 mm × 50 mm."
"local","9","L9.4","specialized_rewrite","L8.2","","True","model_audit","[]","True","accepted","[]","All statements about existing real-world evidence or status (e.g., development milestones, team credentials, technology ownership) are directly supported by the authorized source material. The candidate introduces a new 'mini-collection' reward tier, but it is consistently framed as a proposed plan, target, or hypothetical offering (e.g., 'A proposed plan is to offer...', 'If offered...'), which is permitted under the standard. No claims of existing traction, customers, partnerships, or accomplished facts beyond the source material are made.","## One-Sentence Summary
A line of heirloom jewelry uses real leather that is cultivated in bioreactors from a one-time, harmless skin-cell sample taken from a living, sanctuary-grazing cow, aiming to offer animal-friendly leather adornments.

## Problem
The creators frame conventional leather as dependent on animal harm and present a gap for ethically sourced, real leather that preserves the material's qualities without sacrificing animal welfare. They position the project as evidence that leather can be made while the donor animal continues to live and be cared for at a sanctuary.

## Solution / Product Overview
The project offers jewelry featuring inlays of cultivated leather grown from the donor cow's skin cells on a plant-based scaffold. The leather is produced in bioreactors and then vegetable-tanned. A proposed plan is to offer a limited series where backers can select which specific sanctuary-grazing cow (from a small, named group) their leather cells originated from, accompanied by a brief profile of that animal. A proposed plan also includes offering a simple, low-cost reward tier for a cultivated leather sample swatch (e.g., 20mm x 20mm) mounted on a display card. A proposed plan is to offer a 'pairing' reward tier that includes both a sample swatch and a small, finished jewelry item (e.g., a simple keychain) using leather from the same donor cow. A proposed plan is to offer a simple, digital 'material passport' (e.g., a QR code) linking to details about the cultivation process, tanning, and the specific donor cow. A proposed plan is to offer a 'mini-collection' reward tier featuring a curated set of three different cultivated leather swatches (e.g., showing different tanning colors or textures) on a single display card for material enthusiasts.

## Key Features & Capabilities
- Real leather cultivated from living-animal skin cells grown on a plant-derived scaffold.
- Inlays set within metal bezels and protected under a glass dome cabochon.
- Options to choose hypoallergenic stainless steel or sterling silver for certain pieces.
- Offered in multiple size, color, and material combinations.
- Packaged in eco-friendly boxes cushioned with plant seed fiber used in the cultivation process.
- A proposed limited series would allow backers to select the specific named donor cow and receive a profile of that animal.
- A proposed plan to conduct and share the results of a standard durability test (like a rub test) on the cultivated leather inlay.
- A proposed plan to offer a low-cost reward tier providing a sample swatch of the cultivated leather on a display card.
- A proposed plan to offer a 'pairing' reward tier including a sample swatch and a small finished jewelry item from the same donor cow.
- A proposed plan to offer a 'mini-collection' reward tier featuring a curated set of three different cultivated leather swatches on a single display card.
- A proposed plan to offer a simple, digital 'material passport' linking to details about the cultivation process, tanning, and the specific donor cow.
- A proposed plan to include a high-resolution, downloadable video showing the cultivated leather's texture and response to bending/flexing in the 'material passport' content.
- A proposed plan to create a basic, clear infographic explaining the cultivation process from cell sample to finished inlay.
- A proposed plan for a 'pre-launch' email series explaining the cultivation process in simple terms.

## Target Users & Use Cases
The campaign speaks to people seeking animal-friendly, sustainable jewelry and those interested in owning a first-of-its-kind heirloom piece made from cultivated leather grown from a specific donor animal's cells. The proposed sample swatch tier is intended for backers who wish to verify the material's look and feel firsthand. The proposed 'pairing' tier is intended for backers who want to both inspect the material and see it in a finished application. The proposed 'mini-collection' tier is intended for material enthusiasts who wish to compare different tanning colors or textures. The proposed 'material passport' and its proposed video content are intended to increase transparency and visually address durability. The proposed 'pre-launch' email series is intended to educate potential backers about the science and ethics of the process.

## Development Status
The team shows finished jewelry inlays and describes past milestones: cells were isolated harmlessly in 2023, prototypes include a pendant and a card holder made in early 2025, and the leather is grown with patent-pending plant-based scaffolding. They state there are no outside approvals required and that the technology and cell lines are owned by the creators.

## Roadmap & Delivery Plan
Planned actions include pilot testing to tune color and texture, inspecting scaffold density before use, preparing different concentrations of plant-based tanning ingredients, and securing jewelry settings after style counts are finalized at the end of the campaign. A proposed plan includes testing the cultivated leather inlays using a standard durability test and sharing the results. Production scaling will be addressed by adjusting modular cultivated-leather bioreactor technology and resources. If the limited donor-selection series is offered, plans would include finalizing the list of named donor animals and preparing their brief profiles. If the sample swatch tier is offered, plans would include preparing the swatches and display cards. If the 'pairing' tier is offered, plans would include producing the small finished jewelry items and coordinating them with matching sample swatches. If the 'mini-collection' tier is offered, plans would include preparing the curated sets of three different swatches on a single display card. If the 'material passport' is offered, plans would include creating the digital content and generating unique QR codes. A proposed plan would include creating a high-resolution video showing the leather's texture and flex. A proposed plan would include creating a basic infographic explaining the cultivation process. A proposed plan includes creating and sending a 'pre-launch' email series.

## Why Crowdfunding / Use of Funds
Funds support bringing the cultivated-leather jewelry to backers: producing inlays, performing pilot tests for consistency, and procuring jewelry settings and sustainable packaging to deliver finished pieces. If offered, funds would also support producing sample swatches and display cards. If offered, funds would also support producing the small finished jewelry items and coordinating them with sample swatches for the 'pairing' tier. If offered, funds would also support producing the curated swatch sets for the 'mini-collection' tier. If offered, funds would also support the development and hosting of the 'material passport' digital content, including the proposed high-resolution video and the proposed infographic. A proposed plan would allocate funds for the creation and distribution of the 'pre-launch' email series.

## Risks & Challenges
Stated risks include: loss of cryopreserved cells (mitigated by storage at multiple facilities); variability in final color and surface texture from vegetable tanning and scaffold differences (addressed through pilot testing and scaffold inspection); potential supply-chain changes requiring alternate jewelry settings of equal or better quality; and possible extended delivery times for later backers if demand is high.

## Team & Partnerships
The effort is led by a founder with long-term tissue-engineering experience and cellular-agriculture leadership since 2018, who worked with a sanctuary and veterinary professionals to isolate the donor cells.

## What's Included
Jewelry pieces with cultivated-leather inlays (e.g., a rectangular inlay approximately 10 mm × 50 mm) and, for some items, a waxed linen cord; components are housed in metal bezels and glass cabochons. A proposed reward tier would include a cultivated leather sample swatch on a display card. A proposed 'pairing' reward tier would include both a sample swatch and a small finished jewelry item using leather from the same donor cow. A proposed 'mini-collection' reward tier would feature a curated set of three different cultivated leather swatches on a single display card. A proposed plan includes offering a simple, digital 'material passport' linking to details about the cultivation process, tanning, and the specific donor cow.

## Technical Details
- Plant-based scaffold from kapok seed fibers, needle-felted.
- Surface treatment with plant-derived ingredients (e.g., sunflower lecithin, zein protein) to promote cell attachment.
- Cells produce collagen that becomes vegetable-tanned leather.
- Approximate inlay dimension: 10 mm × 50 mm.","## One-Sentence Summary
A line of heirloom jewelry uses real leather that is cultivated in bioreactors from a one-time, harmless skin-cell sample taken from a living, sanctuary-grazing cow, aiming to offer animal-friendly leather adornments.

## Problem
The creators frame conventional leather as dependent on animal harm and present a gap for ethically sourced, real leather that preserves the material's qualities without sacrificing animal welfare. They position the project as evidence that leather can be made while the donor animal continues to live and be cared for at a sanctuary.

## Solution / Product Overview
The project offers jewelry featuring inlays of cultivated leather grown from the donor cow's skin cells on a plant-based scaffold. The leather is produced in bioreactors and then vegetable-tanned. A proposed plan is to offer a limited series where backers can select which specific sanctuary-grazing cow (from a small, named group) their leather cells originated from, accompanied by a brief profile of that animal. A proposed plan also includes offering a simple, low-cost reward tier for a cultivated leather sample swatch (e.g., 20mm x 20mm) mounted on a display card. A proposed plan is to offer a 'pairing' reward tier that includes both a sample swatch and a small, finished jewelry item (e.g., a simple keychain) using leather from the same donor cow. A proposed plan is to offer a simple, digital 'material passport' (e.g., a QR code) linking to details about the cultivation process, tanning, and the specific donor cow. A proposed plan is to offer a 'mini-collection' reward tier featuring a curated set of three different cultivated leather swatches (e.g., showing different tanning colors or textures) on a single display card for material enthusiasts.

## Key Features & Capabilities
- Real leather cultivated from living-animal skin cells grown on a plant-derived scaffold.
- Inlays set within metal bezels and protected under a glass dome cabochon.
- Options to choose hypoallergenic stainless steel or sterling silver for certain pieces.
- Offered in multiple size, color, and material combinations.
- Packaged in eco-friendly boxes cushioned with plant seed fiber used in the cultivation process.
- A proposed limited series would allow backers to select the specific named donor cow and receive a profile of that animal.
- A proposed plan to conduct and share the results of a standard durability test (like a rub test) on the cultivated leather inlay.
- A proposed plan to offer a low-cost reward tier providing a sample swatch of the cultivated leather on a display card.
- A proposed plan to offer a 'pairing' reward tier including a sample swatch and a small finished jewelry item from the same donor cow.
- A proposed plan to offer a 'mini-collection' reward tier featuring a curated set of three different cultivated leather swatches on a single display card.
- A proposed plan to offer a simple, digital 'material passport' linking to details about the cultivation process, tanning, and the specific donor cow.
- A proposed plan to include a high-resolution, downloadable video showing the cultivated leather's texture and response to bending/flexing in the 'material passport' content.
- A proposed plan to create a basic, clear infographic explaining the cultivation process from cell sample to finished inlay.
- A proposed plan for a 'pre-launch' email series explaining the cultivation process in simple terms.

## Target Users & Use Cases
The campaign speaks to people seeking animal-friendly, sustainable jewelry and those interested in owning a first-of-its-kind heirloom piece made from cultivated leather grown from a specific donor animal's cells. The proposed sample swatch tier is intended for backers who wish to verify the material's look and feel firsthand. The proposed 'pairing' tier is intended for backers who want to both inspect the material and see it in a finished application. The proposed 'mini-collection' tier is intended for material enthusiasts who wish to compare different tanning colors or textures. The proposed 'material passport' and its proposed video content are intended to increase transparency and visually address durability. The proposed 'pre-launch' email series is intended to educate potential backers about the science and ethics of the process.

## Development Status
The team shows finished jewelry inlays and describes past milestones: cells were isolated harmlessly in 2023, prototypes include a pendant and a card holder made in early 2025, and the leather is grown with patent-pending plant-based scaffolding. They state there are no outside approvals required and that the technology and cell lines are owned by the creators.

## Roadmap & Delivery Plan
Planned actions include pilot testing to tune color and texture, inspecting scaffold density before use, preparing different concentrations of plant-based tanning ingredients, and securing jewelry settings after style counts are finalized at the end of the campaign. A proposed plan includes testing the cultivated leather inlays using a standard durability test and sharing the results. Production scaling will be addressed by adjusting modular cultivated-leather bioreactor technology and resources. If the limited donor-selection series is offered, plans would include finalizing the list of named donor animals and preparing their brief profiles. If the sample swatch tier is offered, plans would include preparing the swatches and display cards. If the 'pairing' tier is offered, plans would include producing the small finished jewelry items and coordinating them with matching sample swatches. If the 'mini-collection' tier is offered, plans would include preparing the curated sets of three different swatches on a single display card. If the 'material passport' is offered, plans would include creating the digital content and generating unique QR codes. A proposed plan would include creating a high-resolution video showing the leather's texture and flex. A proposed plan would include creating a basic infographic explaining the cultivation process. A proposed plan includes creating and sending a 'pre-launch' email series.

## Why Crowdfunding / Use of Funds
Funds support bringing the cultivated-leather jewelry to backers: producing inlays, performing pilot tests for consistency, and procuring jewelry settings and sustainable packaging to deliver finished pieces. If offered, funds would also support producing sample swatches and display cards. If offered, funds would also support producing the small finished jewelry items and coordinating them with sample swatches for the 'pairing' tier. If offered, funds would also support producing the curated swatch sets for the 'mini-collection' tier. If offered, funds would also support the development and hosting of the 'material passport' digital content, including the proposed high-resolution video and the proposed infographic. A proposed plan would allocate funds for the creation and distribution of the 'pre-launch' email series.

## Risks & Challenges
Stated risks include: loss of cryopreserved cells (mitigated by storage at multiple facilities); variability in final color and surface texture from vegetable tanning and scaffold differences (addressed through pilot testing and scaffold inspection); potential supply-chain changes requiring alternate jewelry settings of equal or better quality; and possible extended delivery times for later backers if demand is high.

## Team & Partnerships
The effort is led by a founder with long-term tissue-engineering experience and cellular-agriculture leadership since 2018, who worked with a sanctuary and veterinary professionals to isolate the donor cells.

## What's Included
Jewelry pieces with cultivated-leather inlays (e.g., a rectangular inlay approximately 10 mm × 50 mm) and, for some items, a waxed linen cord; components are housed in metal bezels and glass cabochons. A proposed reward tier would include a cultivated leather sample swatch on a display card. A proposed 'pairing' reward tier would include both a sample swatch and a small finished jewelry item using leather from the same donor cow. A proposed 'mini-collection' reward tier would feature a curated set of three different cultivated leather swatches on a single display card. A proposed plan includes offering a simple, digital 'material passport' linking to details about the cultivation process, tanning, and the specific donor cow.

## Technical Details
- Plant-based scaffold from kapok seed fibers, needle-felted.
- Surface treatment with plant-derived ingredients (e.g., sunflower lecithin, zein protein) to promote cell attachment.
- Cells produce collagen that becomes vegetable-tanned leather.
- Approximate inlay dimension: 10 mm × 50 mm."
"local","9","L9.5","specialized_rewrite","L8.2","","True","model_audit","[]","True","accepted","[]","All statements about existing real-world evidence or status are supported by the authorized source material. The candidate introduces new proposed plans (veterinary Q&A content in the pre-launch email series) that are explicitly framed as 'proposed plan', 'would include', or 'intended to' - these are permissible future proposals. No claims about existing traction, customers, tests, partnerships, or accomplishments have been invented or strengthened beyond what's in the source material.","## One-Sentence Summary
A line of heirloom jewelry uses real leather that is cultivated in bioreactors from a one-time, harmless skin-cell sample taken from a living, sanctuary-grazing cow, aiming to offer animal-friendly leather adornments.

## Problem
The creators frame conventional leather as dependent on animal harm and present a gap for ethically sourced, real leather that preserves the material's qualities without sacrificing animal welfare. They position the project as evidence that leather can be made while the donor animal continues to live and be cared for at a sanctuary.

## Solution / Product Overview
The project offers jewelry featuring inlays of cultivated leather grown from the donor cow's skin cells on a plant-based scaffold. The leather is produced in bioreactors and then vegetable-tanned, allowing the creators to present finished wearable pieces while asserting that no additional animal harvesting is required. A proposed plan is to offer a limited series where backers can select which specific sanctuary-grazing cow (from a small, named group) their leather cells originated from, accompanied by a brief profile of that animal. A proposed plan also includes offering a simple, low-cost reward tier for a cultivated leather sample swatch (e.g., 20mm x 20mm) mounted on a display card, allowing backers to physically inspect the material before committing to a full jewelry piece. A proposed plan is to offer a 'pairing' reward tier that includes both a sample swatch and a small, finished jewelry item (e.g., a simple keychain) using leather from the same donor cow, allowing backers to compare the material sample to a final product. A proposed plan is to offer a simple, digital 'material passport' (e.g., a QR code) linking to details about the cultivation process, tanning, and the specific donor cow.

## Key Features & Capabilities
- Real leather cultivated from living-animal skin cells grown on a plant-derived scaffold.
- Inlays set within metal bezels and protected under a glass dome cabochon.
- Options to choose hypoallergenic stainless steel or sterling silver for certain pieces.
- Offered in multiple size, color, and material combinations.
- Packaged in eco-friendly boxes cushioned with plant seed fiber used in the cultivation process.
- A proposed limited series would allow backers to select the specific named donor cow and receive a profile of that animal.
- A proposed plan to conduct and share the results of a standard durability test (like a rub test) on the cultivated leather inlay to address potential backer concerns about longevity.
- A proposed plan to offer a low-cost reward tier providing a sample swatch of the cultivated leather on a display card.
- A proposed plan to offer a 'pairing' reward tier including a sample swatch and a small finished jewelry item (e.g., a keychain) from the same donor cow.
- A proposed plan to offer a simple, digital 'material passport' (e.g., a QR code) linking to details about the cultivation process, tanning, and the specific donor cow.
- A proposed plan to include a high-resolution, downloadable video showing the cultivated leather's texture and response to bending/flexing in the 'material passport' content to address durability questions visually.
- A proposed plan to create a basic, clear infographic explaining the cultivation process from cell sample to finished inlay, to be included in the packaging or 'material passport'.
- A proposed plan for a 'pre-launch' email series explaining the cultivation process in simple terms to educate and build trust before the campaign. A proposed plan is to include in this 'pre-launch' email series a brief, anonymized Q&A with the veterinary professional involved in the cell sampling, focusing on the animal welfare and procedural aspects.

## Target Users & Use Cases
The campaign speaks to people seeking animal-friendly, sustainable jewelry and those interested in owning a first-of-its-kind heirloom piece made from cultivated leather grown from a specific donor animal's cells. The proposed sample swatch tier is intended for backers who wish to verify the material's look and feel firsthand. The proposed 'pairing' tier is intended for backers who want to both inspect the material and see it in a finished application. The proposed 'material passport' and its proposed video content are intended to increase transparency and visually address durability for backers interested in the material's origin, production story, and physical properties. The proposed 'pre-launch' email series, including the proposed Q&A, is intended to educate potential backers about the science and ethics of the process before the campaign begins.

## Development Status
The team shows finished jewelry inlays and describes past milestones: cells were isolated harmlessly in 2023, prototypes include a pendant and a card holder made in early 2025, and the leather is grown with patent-pending plant-based scaffolding. They state there are no outside approvals required and that the technology and cell lines are owned by the creators.

## Roadmap & Delivery Plan
Planned actions include pilot testing to tune color and texture, inspecting scaffold density before use, preparing different concentrations of plant-based tanning ingredients, and securing jewelry settings after style counts are finalized at the end of the campaign. A proposed plan includes testing the cultivated leather inlays using a standard durability test (like a rub test) and sharing the results with backers. Production scaling will be addressed by adjusting modular cultivated-leather bioreactor technology and resources. If the limited donor-selection series is offered, plans would include finalizing the list of named donor animals and preparing their brief profiles. If the sample swatch tier is offered, plans would include preparing the swatches and display cards. If the 'pairing' tier is offered, plans would include producing the small finished jewelry items (e.g., keychains) and coordinating them with matching sample swatches. If the 'material passport' is offered, plans would include creating the digital content and generating unique QR codes. A proposed plan would include creating a high-resolution video showing the leather's texture and flex for inclusion in the 'material passport' content. A proposed plan would include creating a basic infographic explaining the cultivation process for inclusion in packaging or the 'material passport'. A proposed plan includes creating and sending a 'pre-launch' email series explaining the cultivation process in simple terms. A proposed plan is to include a brief, anonymized Q&A with the veterinary professional involved in the cell sampling in this email series.

## Why Crowdfunding / Use of Funds
Funds support bringing the cultivated-leather jewelry to backers: producing inlays, performing pilot tests for consistency, and procuring jewelry settings and sustainable packaging to deliver finished pieces. If offered, funds would also support producing sample swatches and display cards. If offered, funds would also support producing the small finished jewelry items and coordinating them with sample swatches for the 'pairing' tier. If offered, funds would also support the development and hosting of the 'material passport' digital content, including the proposed high-resolution video and the proposed infographic. A proposed plan would allocate funds for the creation and distribution of the 'pre-launch' email series, including the proposed veterinary Q&A content.

## Risks & Challenges
Stated risks include: loss of cryopreserved cells (mitigated by storage at multiple facilities); variability in final color and surface texture from vegetable tanning and scaffold differences (addressed through pilot testing and scaffold inspection); potential supply-chain changes requiring alternate jewelry settings of equal or better quality; and possible extended delivery times for later backers if demand is high.

## Team & Partnerships
The effort is led by a founder with long-term tissue-engineering experience and cellular-agriculture leadership since 2018, who worked with a sanctuary and veterinary professionals to isolate the donor cells.

## What's Included
Jewelry pieces with cultivated-leather inlays (e.g., a rectangular inlay approximately 10 mm × 50 mm) and, for some items, a waxed linen cord; components are housed in metal bezels and glass cabochons. A proposed reward tier would include a cultivated leather sample swatch on a display card. A proposed 'pairing' reward tier would include both a sample swatch and a small finished jewelry item (e.g., a keychain) using leather from the same donor cow. A proposed plan includes offering a simple, digital 'material passport' (e.g., a QR code) linking to details about the cultivation process, tanning, and the specific donor cow.

## Technical Details
- Plant-based scaffold from kapok seed fibers, needle-felted.
- Surface treatment with plant-derived ingredients (e.g., sunflower lecithin, zein protein) to promote cell attachment.
- Cells produce collagen that becomes vegetable-tanned leather.
- Approximate inlay dimension: 10 mm × 50 mm.","## One-Sentence Summary
A line of heirloom jewelry uses real leather that is cultivated in bioreactors from a one-time, harmless skin-cell sample taken from a living, sanctuary-grazing cow, aiming to offer animal-friendly leather adornments.

## Problem
The creators frame conventional leather as dependent on animal harm and present a gap for ethically sourced, real leather that preserves the material's qualities without sacrificing animal welfare. They position the project as evidence that leather can be made while the donor animal continues to live and be cared for at a sanctuary.

## Solution / Product Overview
The project offers jewelry featuring inlays of cultivated leather grown from the donor cow's skin cells on a plant-based scaffold. The leather is produced in bioreactors and then vegetable-tanned, allowing the creators to present finished wearable pieces while asserting that no additional animal harvesting is required. A proposed plan is to offer a limited series where backers can select which specific sanctuary-grazing cow (from a small, named group) their leather cells originated from, accompanied by a brief profile of that animal. A proposed plan also includes offering a simple, low-cost reward tier for a cultivated leather sample swatch (e.g., 20mm x 20mm) mounted on a display card, allowing backers to physically inspect the material before committing to a full jewelry piece. A proposed plan is to offer a 'pairing' reward tier that includes both a sample swatch and a small, finished jewelry item (e.g., a simple keychain) using leather from the same donor cow, allowing backers to compare the material sample to a final product. A proposed plan is to offer a simple, digital 'material passport' (e.g., a QR code) linking to details about the cultivation process, tanning, and the specific donor cow.

## Key Features & Capabilities
- Real leather cultivated from living-animal skin cells grown on a plant-derived scaffold.
- Inlays set within metal bezels and protected under a glass dome cabochon.
- Options to choose hypoallergenic stainless steel or sterling silver for certain pieces.
- Offered in multiple size, color, and material combinations.
- Packaged in eco-friendly boxes cushioned with plant seed fiber used in the cultivation process.
- A proposed limited series would allow backers to select the specific named donor cow and receive a profile of that animal.
- A proposed plan to conduct and share the results of a standard durability test (like a rub test) on the cultivated leather inlay to address potential backer concerns about longevity.
- A proposed plan to offer a low-cost reward tier providing a sample swatch of the cultivated leather on a display card.
- A proposed plan to offer a 'pairing' reward tier including a sample swatch and a small finished jewelry item (e.g., a keychain) from the same donor cow.
- A proposed plan to offer a simple, digital 'material passport' (e.g., a QR code) linking to details about the cultivation process, tanning, and the specific donor cow.
- A proposed plan to include a high-resolution, downloadable video showing the cultivated leather's texture and response to bending/flexing in the 'material passport' content to address durability questions visually.
- A proposed plan to create a basic, clear infographic explaining the cultivation process from cell sample to finished inlay, to be included in the packaging or 'material passport'.
- A proposed plan for a 'pre-launch' email series explaining the cultivation process in simple terms to educate and build trust before the campaign. A proposed plan is to include in this 'pre-launch' email series a brief, anonymized Q&A with the veterinary professional involved in the cell sampling, focusing on the animal welfare and procedural aspects.

## Target Users & Use Cases
The campaign speaks to people seeking animal-friendly, sustainable jewelry and those interested in owning a first-of-its-kind heirloom piece made from cultivated leather grown from a specific donor animal's cells. The proposed sample swatch tier is intended for backers who wish to verify the material's look and feel firsthand. The proposed 'pairing' tier is intended for backers who want to both inspect the material and see it in a finished application. The proposed 'material passport' and its proposed video content are intended to increase transparency and visually address durability for backers interested in the material's origin, production story, and physical properties. The proposed 'pre-launch' email series, including the proposed Q&A, is intended to educate potential backers about the science and ethics of the process before the campaign begins.

## Development Status
The team shows finished jewelry inlays and describes past milestones: cells were isolated harmlessly in 2023, prototypes include a pendant and a card holder made in early 2025, and the leather is grown with patent-pending plant-based scaffolding. They state there are no outside approvals required and that the technology and cell lines are owned by the creators.

## Roadmap & Delivery Plan
Planned actions include pilot testing to tune color and texture, inspecting scaffold density before use, preparing different concentrations of plant-based tanning ingredients, and securing jewelry settings after style counts are finalized at the end of the campaign. A proposed plan includes testing the cultivated leather inlays using a standard durability test (like a rub test) and sharing the results with backers. Production scaling will be addressed by adjusting modular cultivated-leather bioreactor technology and resources. If the limited donor-selection series is offered, plans would include finalizing the list of named donor animals and preparing their brief profiles. If the sample swatch tier is offered, plans would include preparing the swatches and display cards. If the 'pairing' tier is offered, plans would include producing the small finished jewelry items (e.g., keychains) and coordinating them with matching sample swatches. If the 'material passport' is offered, plans would include creating the digital content and generating unique QR codes. A proposed plan would include creating a high-resolution video showing the leather's texture and flex for inclusion in the 'material passport' content. A proposed plan would include creating a basic infographic explaining the cultivation process for inclusion in packaging or the 'material passport'. A proposed plan includes creating and sending a 'pre-launch' email series explaining the cultivation process in simple terms. A proposed plan is to include a brief, anonymized Q&A with the veterinary professional involved in the cell sampling in this email series.

## Why Crowdfunding / Use of Funds
Funds support bringing the cultivated-leather jewelry to backers: producing inlays, performing pilot tests for consistency, and procuring jewelry settings and sustainable packaging to deliver finished pieces. If offered, funds would also support producing sample swatches and display cards. If offered, funds would also support producing the small finished jewelry items and coordinating them with sample swatches for the 'pairing' tier. If offered, funds would also support the development and hosting of the 'material passport' digital content, including the proposed high-resolution video and the proposed infographic. A proposed plan would allocate funds for the creation and distribution of the 'pre-launch' email series, including the proposed veterinary Q&A content.

## Risks & Challenges
Stated risks include: loss of cryopreserved cells (mitigated by storage at multiple facilities); variability in final color and surface texture from vegetable tanning and scaffold differences (addressed through pilot testing and scaffold inspection); potential supply-chain changes requiring alternate jewelry settings of equal or better quality; and possible extended delivery times for later backers if demand is high.

## Team & Partnerships
The effort is led by a founder with long-term tissue-engineering experience and cellular-agriculture leadership since 2018, who worked with a sanctuary and veterinary professionals to isolate the donor cells.

## What's Included
Jewelry pieces with cultivated-leather inlays (e.g., a rectangular inlay approximately 10 mm × 50 mm) and, for some items, a waxed linen cord; components are housed in metal bezels and glass cabochons. A proposed reward tier would include a cultivated leather sample swatch on a display card. A proposed 'pairing' reward tier would include both a sample swatch and a small finished jewelry item (e.g., a keychain) using leather from the same donor cow. A proposed plan includes offering a simple, digital 'material passport' (e.g., a QR code) linking to details about the cultivation process, tanning, and the specific donor cow.

## Technical Details
- Plant-based scaffold from kapok seed fibers, needle-felted.
- Surface treatment with plant-derived ingredients (e.g., sunflower lecithin, zein protein) to promote cell attachment.
- Cells produce collagen that becomes vegetable-tanned leather.
- Approximate inlay dimension: 10 mm × 50 mm."
"local","10","L10.1","specialized_rewrite","L9.2","","","generation_unavailable","[]","False","fallback_parent","[""No valid generated candidate was available.""]","Expecting value: line 1 column 1 (char 0)","","## One-Sentence Summary
A line of heirloom jewelry uses real leather that is cultivated in bioreactors from a one-time, harmless skin-cell sample taken from a living, sanctuary-grazing cow, aiming to offer animal-friendly leather adornments.

## Problem
The creators frame conventional leather as dependent on animal harm and present a gap for ethically sourced, real leather that preserves the material's qualities without sacrificing animal welfare. They position the project as evidence that leather can be made while the donor animal continues to live and be cared for at a sanctuary.

## Solution / Product Overview
The project offers jewelry featuring inlays of cultivated leather grown from the donor cow's skin cells on a plant-based scaffold. The leather is produced in bioreactors and then vegetable-tanned, allowing the creators to present finished wearable pieces while asserting that no additional animal harvesting is required. A proposed plan is to offer a limited series where backers can select which specific sanctuary-grazing cow (from a small, named group) their leather cells originated from, accompanied by a brief profile of that animal. A proposed plan also includes offering a simple, low-cost reward tier for a cultivated leather sample swatch (e.g., 20mm x 20mm) mounted on a display card, allowing backers to physically inspect the material before committing to a full jewelry piece. A proposed plan is to offer a 'pairing' reward tier that includes both a sample swatch and a small, finished jewelry item (e.g., a simple keychain) using leather from the same donor cow, allowing backers to compare the material sample to a final product. A proposed plan is to offer a simple, digital 'material passport' (e.g., a QR code) linking to details about the cultivation process, tanning, and the specific donor cow.

## Key Features & Capabilities
- Real leather cultivated from living-animal skin cells grown on a plant-derived scaffold.
- Inlays set within metal bezels and protected under a glass dome cabochon.
- Options to choose hypoallergenic stainless steel or sterling silver for certain pieces.
- Offered in multiple size, color, and material combinations.
- Packaged in eco-friendly boxes cushioned with plant seed fiber used in the cultivation process.
- A proposed limited series would allow backers to select the specific named donor cow and receive a profile of that animal.
- A proposed plan to conduct and share the results of a standard durability test (like a rub test) on the cultivated leather inlay to address potential backer concerns about longevity.
- A proposed plan to conduct a small-scale, documented 'aging' test on the cultivated leather, simulating a year of gentle wear, and include the results and photographs in the 'material passport' content to address long-term durability questions.
- A proposed plan to offer a low-cost reward tier providing a sample swatch of the cultivated leather on a display card.
- A proposed plan to offer a 'pairing' reward tier including a sample swatch and a small finished jewelry item (e.g., a keychain) from the same donor cow.
- A proposed plan to offer a simple, digital 'material passport' (e.g., a QR code) linking to details about the cultivation process, tanning, and the specific donor cow.
- A proposed plan to include a high-resolution, downloadable video showing the cultivated leather's texture and response to bending/flexing in the 'material passport' content to address durability questions visually.
- A proposed plan to create a basic, clear infographic explaining the cultivation process from cell sample to finished inlay, to be included in the packaging or 'material passport'.
- A proposed plan for a 'pre-launch' email series explaining the cultivation process in simple terms to educate and build trust before the campaign.

## Target Users & Use Cases
The campaign speaks to people seeking animal-friendly, sustainable jewelry and those interested in owning a first-of-its-kind heirloom piece made from cultivated leather grown from a specific donor animal's cells. The proposed sample swatch tier is intended for backers who wish to verify the material's look and feel firsthand. The proposed 'pairing' tier is intended for backers who want to both inspect the material and see it in a finished application. The proposed 'material passport' and its proposed video and aging test content are intended to increase transparency and visually address durability for backers interested in the material's origin, production story, and physical properties. The proposed 'pre-launch' email series is intended to educate potential backers about the science and ethics of the process before the campaign begins.

## Development Status
The team shows finished jewelry inlays and describes past milestones: cells were isolated harmlessly in 2023, prototypes include a pendant and a card holder made in early 2025, and the leather is grown with patent-pending plant-based scaffolding. They state there are no outside approvals required and that the technology and cell lines are owned by the creators.

## Roadmap & Delivery Plan
Planned actions include pilot testing to tune color and texture, inspecting scaffold density before use, preparing different concentrations of plant-based tanning ingredients, and securing jewelry settings after style counts are finalized at the end of the campaign. A proposed plan includes testing the cultivated leather inlays using a standard durability test (like a rub test) and sharing the results with backers. A proposed plan includes conducting a small-scale, documented 'aging' test on the cultivated leather, simulating a year of gentle wear, and including the results and photographs in the 'material passport' content. Production scaling will be addressed by adjusting modular cultivated-leather bioreactor technology and resources. If the limited donor-selection series is offered, plans would include finalizing the list of named donor animals and preparing their brief profiles. If the sample swatch tier is offered, plans would include preparing the swatches and display cards. If the 'pairing' tier is offered, plans would include producing the small finished jewelry items (e.g., keychains) and coordinating them with matching sample swatches. If the 'material passport' is offered, plans would include creating the digital content and generating unique QR codes. A proposed plan would include creating a high-resolution video showing the leather's texture and flex for inclusion in the 'material passport' content. A proposed plan would include creating a basic infographic explaining the cultivation process for inclusion in packaging or the 'material passport'. A proposed plan includes creating and sending a 'pre-launch' email series explaining the cultivation process in simple terms.

## Why Crowdfunding / Use of Funds
Funds support bringing the cultivated-leather jewelry to backers: producing inlays, performing pilot tests for consistency, and procuring jewelry settings and sustainable packaging to deliver finished pieces. If offered, funds would also support producing sample swatches and display cards. If offered, funds would also support producing the small finished jewelry items and coordinating them with sample swatches for the 'pairing' tier. If offered, funds would also support the development and hosting of the 'material passport' digital content, including the proposed high-resolution video, the proposed aging test documentation, and the proposed infographic. A proposed plan would allocate funds for the creation and distribution of the 'pre-launch' email series.

## Risks & Challenges
Stated risks include: loss of cryopreserved cells (mitigated by storage at multiple facilities); variability in final color and surface texture from vegetable tanning and scaffold differences (addressed through pilot testing and scaffold inspection); potential supply-chain changes requiring alternate jewelry settings of equal or better quality; and possible extended delivery times for later backers if demand is high.

## Team & Partnerships
The effort is led by a founder with long-term tissue-engineering experience and cellular-agriculture leadership since 2018, who worked with a sanctuary and veterinary professionals to isolate the donor cells.

## What's Included
Jewelry pieces with cultivated-leather inlays (e.g., a rectangular inlay approximately 10 mm × 50 mm) and, for some items, a waxed linen cord; components are housed in metal bezels and glass cabochons. A proposed reward tier would include a cultivated leather sample swatch on a display card. A proposed 'pairing' reward tier would include both a sample swatch and a small finished jewelry item (e.g., a keychain) using leather from the same donor cow. A proposed plan includes offering a simple, digital 'material passport' (e.g., a QR code) linking to details about the cultivation process, tanning, and the specific donor cow.

## Technical Details
- Plant-based scaffold from kapok seed fibers, needle-felted.
- Surface treatment with plant-derived ingredients (e.g., sunflower lecithin, zein protein) to promote cell attachment.
- Cells produce collagen that becomes vegetable-tanned leather.
- Approximate inlay dimension: 10 mm × 50 mm."
"local","10","L10.2","specialized_rewrite","L9.2","","","generation_unavailable","[]","False","fallback_parent","[""No valid generated candidate was available.""]","Unterminated string starting at: line 2 column 13 (char 14)","","## One-Sentence Summary
A line of heirloom jewelry uses real leather that is cultivated in bioreactors from a one-time, harmless skin-cell sample taken from a living, sanctuary-grazing cow, aiming to offer animal-friendly leather adornments.

## Problem
The creators frame conventional leather as dependent on animal harm and present a gap for ethically sourced, real leather that preserves the material's qualities without sacrificing animal welfare. They position the project as evidence that leather can be made while the donor animal continues to live and be cared for at a sanctuary.

## Solution / Product Overview
The project offers jewelry featuring inlays of cultivated leather grown from the donor cow's skin cells on a plant-based scaffold. The leather is produced in bioreactors and then vegetable-tanned, allowing the creators to present finished wearable pieces while asserting that no additional animal harvesting is required. A proposed plan is to offer a limited series where backers can select which specific sanctuary-grazing cow (from a small, named group) their leather cells originated from, accompanied by a brief profile of that animal. A proposed plan also includes offering a simple, low-cost reward tier for a cultivated leather sample swatch (e.g., 20mm x 20mm) mounted on a display card, allowing backers to physically inspect the material before committing to a full jewelry piece. A proposed plan is to offer a 'pairing' reward tier that includes both a sample swatch and a small, finished jewelry item (e.g., a simple keychain) using leather from the same donor cow, allowing backers to compare the material sample to a final product. A proposed plan is to offer a simple, digital 'material passport' (e.g., a QR code) linking to details about the cultivation process, tanning, and the specific donor cow.

## Key Features & Capabilities
- Real leather cultivated from living-animal skin cells grown on a plant-derived scaffold.
- Inlays set within metal bezels and protected under a glass dome cabochon.
- Options to choose hypoallergenic stainless steel or sterling silver for certain pieces.
- Offered in multiple size, color, and material combinations.
- Packaged in eco-friendly boxes cushioned with plant seed fiber used in the cultivation process.
- A proposed limited series would allow backers to select the specific named donor cow and receive a profile of that animal.
- A proposed plan to conduct and share the results of a standard durability test (like a rub test) on the cultivated leather inlay to address potential backer concerns about longevity.
- A proposed plan to conduct a small-scale, documented 'aging' test on the cultivated leather, simulating a year of gentle wear, and include the results and photographs in the 'material passport' content to address long-term durability questions.
- A proposed plan to offer a low-cost reward tier providing a sample swatch of the cultivated leather on a display card.
- A proposed plan to offer a 'pairing' reward tier including a sample swatch and a small finished jewelry item (e.g., a keychain) from the same donor cow.
- A proposed plan to offer a simple, digital 'material passport' (e.g., a QR code) linking to details about the cultivation process, tanning, and the specific donor cow.
- A proposed plan to include a high-resolution, downloadable video showing the cultivated leather's texture and response to bending/flexing in the 'material passport' content to address durability questions visually.
- A proposed plan to create a basic, clear infographic explaining the cultivation process from cell sample to finished inlay, to be included in the packaging or 'material passport'.
- A proposed plan for a 'pre-launch' email series explaining the cultivation process in simple terms to educate and build trust before the campaign.

## Target Users & Use Cases
The campaign speaks to people seeking animal-friendly, sustainable jewelry and those interested in owning a first-of-its-kind heirloom piece made from cultivated leather grown from a specific donor animal's cells. The proposed sample swatch tier is intended for backers who wish to verify the material's look and feel firsthand. The proposed 'pairing' tier is intended for backers who want to both inspect the material and see it in a finished application. The proposed 'material passport' and its proposed video and aging test content are intended to increase transparency and visually address durability for backers interested in the material's origin, production story, and physical properties. The proposed 'pre-launch' email series is intended to educate potential backers about the science and ethics of the process before the campaign begins.

## Development Status
The team shows finished jewelry inlays and describes past milestones: cells were isolated harmlessly in 2023, prototypes include a pendant and a card holder made in early 2025, and the leather is grown with patent-pending plant-based scaffolding. They state there are no outside approvals required and that the technology and cell lines are owned by the creators.

## Roadmap & Delivery Plan
Planned actions include pilot testing to tune color and texture, inspecting scaffold density before use, preparing different concentrations of plant-based tanning ingredients, and securing jewelry settings after style counts are finalized at the end of the campaign. A proposed plan includes testing the cultivated leather inlays using a standard durability test (like a rub test) and sharing the results with backers. A proposed plan includes conducting a small-scale, documented 'aging' test on the cultivated leather, simulating a year of gentle wear, and including the results and photographs in the 'material passport' content. Production scaling will be addressed by adjusting modular cultivated-leather bioreactor technology and resources. If the limited donor-selection series is offered, plans would include finalizing the list of named donor animals and preparing their brief profiles. If the sample swatch tier is offered, plans would include preparing the swatches and display cards. If the 'pairing' tier is offered, plans would include producing the small finished jewelry items (e.g., keychains) and coordinating them with matching sample swatches. If the 'material passport' is offered, plans would include creating the digital content and generating unique QR codes. A proposed plan would include creating a high-resolution video showing the leather's texture and flex for inclusion in the 'material passport' content. A proposed plan would include creating a basic infographic explaining the cultivation process for inclusion in packaging or the 'material passport'. A proposed plan includes creating and sending a 'pre-launch' email series explaining the cultivation process in simple terms.

## Why Crowdfunding / Use of Funds
Funds support bringing the cultivated-leather jewelry to backers: producing inlays, performing pilot tests for consistency, and procuring jewelry settings and sustainable packaging to deliver finished pieces. If offered, funds would also support producing sample swatches and display cards. If offered, funds would also support producing the small finished jewelry items and coordinating them with sample swatches for the 'pairing' tier. If offered, funds would also support the development and hosting of the 'material passport' digital content, including the proposed high-resolution video, the proposed aging test documentation, and the proposed infographic. A proposed plan would allocate funds for the creation and distribution of the 'pre-launch' email series.

## Risks & Challenges
Stated risks include: loss of cryopreserved cells (mitigated by storage at multiple facilities); variability in final color and surface texture from vegetable tanning and scaffold differences (addressed through pilot testing and scaffold inspection); potential supply-chain changes requiring alternate jewelry settings of equal or better quality; and possible extended delivery times for later backers if demand is high.

## Team & Partnerships
The effort is led by a founder with long-term tissue-engineering experience and cellular-agriculture leadership since 2018, who worked with a sanctuary and veterinary professionals to isolate the donor cells.

## What's Included
Jewelry pieces with cultivated-leather inlays (e.g., a rectangular inlay approximately 10 mm × 50 mm) and, for some items, a waxed linen cord; components are housed in metal bezels and glass cabochons. A proposed reward tier would include a cultivated leather sample swatch on a display card. A proposed 'pairing' reward tier would include both a sample swatch and a small finished jewelry item (e.g., a keychain) using leather from the same donor cow. A proposed plan includes offering a simple, digital 'material passport' (e.g., a QR code) linking to details about the cultivation process, tanning, and the specific donor cow.

## Technical Details
- Plant-based scaffold from kapok seed fibers, needle-felted.
- Surface treatment with plant-derived ingredients (e.g., sunflower lecithin, zein protein) to promote cell attachment.
- Cells produce collagen that becomes vegetable-tanned leather.
- Approximate inlay dimension: 10 mm × 50 mm."
"local","10","L10.3","specialized_rewrite","L9.2","","","generation_unavailable","[]","False","fallback_parent","[""No valid generated candidate was available.""]","Unterminated string starting at: line 3 column 23 (char 9842)","","## One-Sentence Summary
A line of heirloom jewelry uses real leather that is cultivated in bioreactors from a one-time, harmless skin-cell sample taken from a living, sanctuary-grazing cow, aiming to offer animal-friendly leather adornments.

## Problem
The creators frame conventional leather as dependent on animal harm and present a gap for ethically sourced, real leather that preserves the material's qualities without sacrificing animal welfare. They position the project as evidence that leather can be made while the donor animal continues to live and be cared for at a sanctuary.

## Solution / Product Overview
The project offers jewelry featuring inlays of cultivated leather grown from the donor cow's skin cells on a plant-based scaffold. The leather is produced in bioreactors and then vegetable-tanned, allowing the creators to present finished wearable pieces while asserting that no additional animal harvesting is required. A proposed plan is to offer a limited series where backers can select which specific sanctuary-grazing cow (from a small, named group) their leather cells originated from, accompanied by a brief profile of that animal. A proposed plan also includes offering a simple, low-cost reward tier for a cultivated leather sample swatch (e.g., 20mm x 20mm) mounted on a display card, allowing backers to physically inspect the material before committing to a full jewelry piece. A proposed plan is to offer a 'pairing' reward tier that includes both a sample swatch and a small, finished jewelry item (e.g., a simple keychain) using leather from the same donor cow, allowing backers to compare the material sample to a final product. A proposed plan is to offer a simple, digital 'material passport' (e.g., a QR code) linking to details about the cultivation process, tanning, and the specific donor cow.

## Key Features & Capabilities
- Real leather cultivated from living-animal skin cells grown on a plant-derived scaffold.
- Inlays set within metal bezels and protected under a glass dome cabochon.
- Options to choose hypoallergenic stainless steel or sterling silver for certain pieces.
- Offered in multiple size, color, and material combinations.
- Packaged in eco-friendly boxes cushioned with plant seed fiber used in the cultivation process.
- A proposed limited series would allow backers to select the specific named donor cow and receive a profile of that animal.
- A proposed plan to conduct and share the results of a standard durability test (like a rub test) on the cultivated leather inlay to address potential backer concerns about longevity.
- A proposed plan to conduct a small-scale, documented 'aging' test on the cultivated leather, simulating a year of gentle wear, and include the results and photographs in the 'material passport' content to address long-term durability questions.
- A proposed plan to offer a low-cost reward tier providing a sample swatch of the cultivated leather on a display card.
- A proposed plan to offer a 'pairing' reward tier including a sample swatch and a small finished jewelry item (e.g., a keychain) from the same donor cow.
- A proposed plan to offer a simple, digital 'material passport' (e.g., a QR code) linking to details about the cultivation process, tanning, and the specific donor cow.
- A proposed plan to include a high-resolution, downloadable video showing the cultivated leather's texture and response to bending/flexing in the 'material passport' content to address durability questions visually.
- A proposed plan to create a basic, clear infographic explaining the cultivation process from cell sample to finished inlay, to be included in the packaging or 'material passport'.
- A proposed plan for a 'pre-launch' email series explaining the cultivation process in simple terms to educate and build trust before the campaign.

## Target Users & Use Cases
The campaign speaks to people seeking animal-friendly, sustainable jewelry and those interested in owning a first-of-its-kind heirloom piece made from cultivated leather grown from a specific donor animal's cells. The proposed sample swatch tier is intended for backers who wish to verify the material's look and feel firsthand. The proposed 'pairing' tier is intended for backers who want to both inspect the material and see it in a finished application. The proposed 'material passport' and its proposed video and aging test content are intended to increase transparency and visually address durability for backers interested in the material's origin, production story, and physical properties. The proposed 'pre-launch' email series is intended to educate potential backers about the science and ethics of the process before the campaign begins.

## Development Status
The team shows finished jewelry inlays and describes past milestones: cells were isolated harmlessly in 2023, prototypes include a pendant and a card holder made in early 2025, and the leather is grown with patent-pending plant-based scaffolding. They state there are no outside approvals required and that the technology and cell lines are owned by the creators.

## Roadmap & Delivery Plan
Planned actions include pilot testing to tune color and texture, inspecting scaffold density before use, preparing different concentrations of plant-based tanning ingredients, and securing jewelry settings after style counts are finalized at the end of the campaign. A proposed plan includes testing the cultivated leather inlays using a standard durability test (like a rub test) and sharing the results with backers. A proposed plan includes conducting a small-scale, documented 'aging' test on the cultivated leather, simulating a year of gentle wear, and including the results and photographs in the 'material passport' content. Production scaling will be addressed by adjusting modular cultivated-leather bioreactor technology and resources. If the limited donor-selection series is offered, plans would include finalizing the list of named donor animals and preparing their brief profiles. If the sample swatch tier is offered, plans would include preparing the swatches and display cards. If the 'pairing' tier is offered, plans would include producing the small finished jewelry items (e.g., keychains) and coordinating them with matching sample swatches. If the 'material passport' is offered, plans would include creating the digital content and generating unique QR codes. A proposed plan would include creating a high-resolution video showing the leather's texture and flex for inclusion in the 'material passport' content. A proposed plan would include creating a basic infographic explaining the cultivation process for inclusion in packaging or the 'material passport'. A proposed plan includes creating and sending a 'pre-launch' email series explaining the cultivation process in simple terms.

## Why Crowdfunding / Use of Funds
Funds support bringing the cultivated-leather jewelry to backers: producing inlays, performing pilot tests for consistency, and procuring jewelry settings and sustainable packaging to deliver finished pieces. If offered, funds would also support producing sample swatches and display cards. If offered, funds would also support producing the small finished jewelry items and coordinating them with sample swatches for the 'pairing' tier. If offered, funds would also support the development and hosting of the 'material passport' digital content, including the proposed high-resolution video, the proposed aging test documentation, and the proposed infographic. A proposed plan would allocate funds for the creation and distribution of the 'pre-launch' email series.

## Risks & Challenges
Stated risks include: loss of cryopreserved cells (mitigated by storage at multiple facilities); variability in final color and surface texture from vegetable tanning and scaffold differences (addressed through pilot testing and scaffold inspection); potential supply-chain changes requiring alternate jewelry settings of equal or better quality; and possible extended delivery times for later backers if demand is high.

## Team & Partnerships
The effort is led by a founder with long-term tissue-engineering experience and cellular-agriculture leadership since 2018, who worked with a sanctuary and veterinary professionals to isolate the donor cells.

## What's Included
Jewelry pieces with cultivated-leather inlays (e.g., a rectangular inlay approximately 10 mm × 50 mm) and, for some items, a waxed linen cord; components are housed in metal bezels and glass cabochons. A proposed reward tier would include a cultivated leather sample swatch on a display card. A proposed 'pairing' reward tier would include both a sample swatch and a small finished jewelry item (e.g., a keychain) using leather from the same donor cow. A proposed plan includes offering a simple, digital 'material passport' (e.g., a QR code) linking to details about the cultivation process, tanning, and the specific donor cow.

## Technical Details
- Plant-based scaffold from kapok seed fibers, needle-felted.
- Surface treatment with plant-derived ingredients (e.g., sunflower lecithin, zein protein) to promote cell attachment.
- Cells produce collagen that becomes vegetable-tanned leather.
- Approximate inlay dimension: 10 mm × 50 mm."
"local","10","L10.4","specialized_rewrite","L9.2","","False","prospective_framing_safeguard","[""A proposed plan to create and share a simple, side-by-side comparison chart (texture, thickness, flexibility) between the cultivated leather and a conventional leather swatch in the pre-launch email series to directly address material quality questions.""]","True","accepted","[]","Prospective-framing safeguard overrode the model's rejection because every flagged claim is explicitly hypothetical, proposed, planned, or future-tense and none asserts an existing accomplishment. Initial model analysis: The candidate introduces a new, specific proposed plan (side-by-side comparison chart with conventional leather) that is not present in the authorized source material. While the source material mentions proposed plans for videos, aging tests, and infographics to address durability and transparency, it does not propose a direct comparison chart with conventional leather. This addition constitutes an unsupported claim about a proposed plan that was not authorized.","## One-Sentence Summary
A line of heirloom jewelry uses real leather that is cultivated in bioreactors from a one-time, harmless skin-cell sample taken from a living, sanctuary-grazing cow, aiming to offer animal-friendly leather adornments.

## Problem
The creators frame conventional leather as dependent on animal harm and present a gap for ethically sourced, real leather that preserves the material's qualities without sacrificing animal welfare. They position the project as evidence that leather can be made while the donor animal continues to live and be cared for at a sanctuary.

## Solution / Product Overview
The project offers jewelry featuring inlays of cultivated leather grown from the donor cow's skin cells on a plant-based scaffold. The leather is produced in bioreactors and then vegetable-tanned. A proposed plan is to offer a limited series where backers can select which specific sanctuary-grazing cow (from a small, named group) their leather cells originated from, accompanied by a brief profile of that animal. A proposed plan also includes offering a simple, low-cost reward tier for a cultivated leather sample swatch mounted on a display card. A proposed plan is to offer a 'pairing' reward tier that includes both a sample swatch and a small, finished jewelry item using leather from the same donor cow. A proposed plan is to offer a simple, digital 'material passport' linking to details about the cultivation process, tanning, and the specific donor cow.

## Key Features & Capabilities
- Real leather cultivated from living-animal skin cells grown on a plant-derived scaffold.
- Inlays set within metal bezels and protected under a glass dome cabochon.
- Options to choose hypoallergenic stainless steel or sterling silver for certain pieces.
- Offered in multiple size, color, and material combinations.
- Packaged in eco-friendly boxes cushioned with plant seed fiber used in the cultivation process.
- A proposed limited series would allow backers to select the specific named donor cow and receive a profile of that animal.
- A proposed plan to conduct and share the results of a standard durability test on the cultivated leather inlay.
- A proposed plan to conduct a small-scale, documented 'aging' test on the cultivated leather and include the results in the 'material passport' content.
- A proposed plan to offer a low-cost reward tier providing a sample swatch of the cultivated leather on a display card.
- A proposed plan to offer a 'pairing' reward tier including a sample swatch and a small finished jewelry item from the same donor cow.
- A proposed plan to offer a simple, digital 'material passport' linking to details about the cultivation process, tanning, and the specific donor cow.
- A proposed plan to include a high-resolution, downloadable video showing the cultivated leather's texture and response to bending/flexing in the 'material passport' content.
- A proposed plan to create a basic, clear infographic explaining the cultivation process from cell sample to finished inlay.
- A proposed plan for a 'pre-launch' email series explaining the cultivation process in simple terms to educate and build trust before the campaign.
- A proposed plan to create and share a simple, side-by-side comparison chart (texture, thickness, flexibility) between the cultivated leather and a conventional leather swatch in the pre-launch email series to directly address material quality questions.

## Target Users & Use Cases
The campaign speaks to people seeking animal-friendly, sustainable jewelry and those interested in owning a first-of-its-kind heirloom piece made from cultivated leather grown from a specific donor animal's cells. The proposed sample swatch tier is intended for backers who wish to verify the material's look and feel firsthand. The proposed 'pairing' tier is intended for backers who want to both inspect the material and see it in a finished application. The proposed 'material passport' and its proposed video and aging test content are intended to increase transparency. The proposed 'pre-launch' email series, including the proposed side-by-side comparison chart, is intended to educate potential backers about the science, ethics, and material quality of the process before the campaign begins.

## Development Status
The team shows finished jewelry inlays and describes past milestones: cells were isolated harmlessly in 2023, prototypes include a pendant and a card holder made in early 2025, and the leather is grown with patent-pending plant-based scaffolding. They state there are no outside approvals required and that the technology and cell lines are owned by the creators.

## Roadmap & Delivery Plan
Planned actions include pilot testing to tune color and texture, inspecting scaffold density before use, preparing different concentrations of plant-based tanning ingredients, and securing jewelry settings after style counts are finalized at the end of the campaign. A proposed plan includes testing the cultivated leather inlays using a standard durability test and sharing the results. A proposed plan includes conducting a small-scale, documented 'aging' test on the cultivated leather and including the results in the 'material passport' content. Production scaling will be addressed by adjusting modular cultivated-leather bioreactor technology and resources. If the limited donor-selection series is offered, plans would include finalizing the list of named donor animals and preparing their brief profiles. If the sample swatch tier is offered, plans would include preparing the swatches and display cards. If the 'pairing' tier is offered, plans would include producing the small finished jewelry items and coordinating them with matching sample swatches. If the 'material passport' is offered, plans would include creating the digital content and generating unique QR codes. A proposed plan would include creating a high-resolution video showing the leather's texture and flex for inclusion in the 'material passport' content. A proposed plan would include creating a basic infographic explaining the cultivation process. A proposed plan includes creating and sending a 'pre-launch' email series explaining the cultivation process in simple terms, which would include the proposed side-by-side comparison chart.

## Why Crowdfunding / Use of Funds
Funds support bringing the cultivated-leather jewelry to backers: producing inlays, performing pilot tests for consistency, and procuring jewelry settings and sustainable packaging to deliver finished pieces. If offered, funds would also support producing sample swatches and display cards. If offered, funds would also support producing the small finished jewelry items and coordinating them with sample swatches for the 'pairing' tier. If offered, funds would also support the development and hosting of the 'material passport' digital content, including the proposed high-resolution video, the proposed aging test documentation, and the proposed infographic. A proposed plan would allocate funds for the creation and distribution of the 'pre-launch' email series, including the proposed side-by-side comparison chart.

## Risks & Challenges
Stated risks include: loss of cryopreserved cells (mitigated by storage at multiple facilities); variability in final color and surface texture from vegetable tanning and scaffold differences (addressed through pilot testing and scaffold inspection); potential supply-chain changes requiring alternate jewelry settings of equal or better quality; and possible extended delivery times for later backers if demand is high.

## Team & Partnerships
The effort is led by a founder with long-term tissue-engineering experience and cellular-agriculture leadership since 2018, who worked with a sanctuary and veterinary professionals to isolate the donor cells.

## What's Included
Jewelry pieces with cultivated-leather inlays and, for some items, a waxed linen cord; components are housed in metal bezels and glass cabochons. A proposed reward tier would include a cultivated leather sample swatch on a display card. A proposed 'pairing' reward tier would include both a sample swatch and a small finished jewelry item using leather from the same donor cow. A proposed plan includes offering a simple, digital 'material passport' linking to details about the cultivation process, tanning, and the specific donor cow.

## Technical Details
- Plant-based scaffold from kapok seed fibers, needle-felted.
- Surface treatment with plant-derived ingredients to promote cell attachment.
- Cells produce collagen that becomes vegetable-tanned leather.
- Approximate inlay dimension: 10 mm × 50 mm.","## One-Sentence Summary
A line of heirloom jewelry uses real leather that is cultivated in bioreactors from a one-time, harmless skin-cell sample taken from a living, sanctuary-grazing cow, aiming to offer animal-friendly leather adornments.

## Problem
The creators frame conventional leather as dependent on animal harm and present a gap for ethically sourced, real leather that preserves the material's qualities without sacrificing animal welfare. They position the project as evidence that leather can be made while the donor animal continues to live and be cared for at a sanctuary.

## Solution / Product Overview
The project offers jewelry featuring inlays of cultivated leather grown from the donor cow's skin cells on a plant-based scaffold. The leather is produced in bioreactors and then vegetable-tanned. A proposed plan is to offer a limited series where backers can select which specific sanctuary-grazing cow (from a small, named group) their leather cells originated from, accompanied by a brief profile of that animal. A proposed plan also includes offering a simple, low-cost reward tier for a cultivated leather sample swatch mounted on a display card. A proposed plan is to offer a 'pairing' reward tier that includes both a sample swatch and a small, finished jewelry item using leather from the same donor cow. A proposed plan is to offer a simple, digital 'material passport' linking to details about the cultivation process, tanning, and the specific donor cow.

## Key Features & Capabilities
- Real leather cultivated from living-animal skin cells grown on a plant-derived scaffold.
- Inlays set within metal bezels and protected under a glass dome cabochon.
- Options to choose hypoallergenic stainless steel or sterling silver for certain pieces.
- Offered in multiple size, color, and material combinations.
- Packaged in eco-friendly boxes cushioned with plant seed fiber used in the cultivation process.
- A proposed limited series would allow backers to select the specific named donor cow and receive a profile of that animal.
- A proposed plan to conduct and share the results of a standard durability test on the cultivated leather inlay.
- A proposed plan to conduct a small-scale, documented 'aging' test on the cultivated leather and include the results in the 'material passport' content.
- A proposed plan to offer a low-cost reward tier providing a sample swatch of the cultivated leather on a display card.
- A proposed plan to offer a 'pairing' reward tier including a sample swatch and a small finished jewelry item from the same donor cow.
- A proposed plan to offer a simple, digital 'material passport' linking to details about the cultivation process, tanning, and the specific donor cow.
- A proposed plan to include a high-resolution, downloadable video showing the cultivated leather's texture and response to bending/flexing in the 'material passport' content.
- A proposed plan to create a basic, clear infographic explaining the cultivation process from cell sample to finished inlay.
- A proposed plan for a 'pre-launch' email series explaining the cultivation process in simple terms to educate and build trust before the campaign.
- A proposed plan to create and share a simple, side-by-side comparison chart (texture, thickness, flexibility) between the cultivated leather and a conventional leather swatch in the pre-launch email series to directly address material quality questions.

## Target Users & Use Cases
The campaign speaks to people seeking animal-friendly, sustainable jewelry and those interested in owning a first-of-its-kind heirloom piece made from cultivated leather grown from a specific donor animal's cells. The proposed sample swatch tier is intended for backers who wish to verify the material's look and feel firsthand. The proposed 'pairing' tier is intended for backers who want to both inspect the material and see it in a finished application. The proposed 'material passport' and its proposed video and aging test content are intended to increase transparency. The proposed 'pre-launch' email series, including the proposed side-by-side comparison chart, is intended to educate potential backers about the science, ethics, and material quality of the process before the campaign begins.

## Development Status
The team shows finished jewelry inlays and describes past milestones: cells were isolated harmlessly in 2023, prototypes include a pendant and a card holder made in early 2025, and the leather is grown with patent-pending plant-based scaffolding. They state there are no outside approvals required and that the technology and cell lines are owned by the creators.

## Roadmap & Delivery Plan
Planned actions include pilot testing to tune color and texture, inspecting scaffold density before use, preparing different concentrations of plant-based tanning ingredients, and securing jewelry settings after style counts are finalized at the end of the campaign. A proposed plan includes testing the cultivated leather inlays using a standard durability test and sharing the results. A proposed plan includes conducting a small-scale, documented 'aging' test on the cultivated leather and including the results in the 'material passport' content. Production scaling will be addressed by adjusting modular cultivated-leather bioreactor technology and resources. If the limited donor-selection series is offered, plans would include finalizing the list of named donor animals and preparing their brief profiles. If the sample swatch tier is offered, plans would include preparing the swatches and display cards. If the 'pairing' tier is offered, plans would include producing the small finished jewelry items and coordinating them with matching sample swatches. If the 'material passport' is offered, plans would include creating the digital content and generating unique QR codes. A proposed plan would include creating a high-resolution video showing the leather's texture and flex for inclusion in the 'material passport' content. A proposed plan would include creating a basic infographic explaining the cultivation process. A proposed plan includes creating and sending a 'pre-launch' email series explaining the cultivation process in simple terms, which would include the proposed side-by-side comparison chart.

## Why Crowdfunding / Use of Funds
Funds support bringing the cultivated-leather jewelry to backers: producing inlays, performing pilot tests for consistency, and procuring jewelry settings and sustainable packaging to deliver finished pieces. If offered, funds would also support producing sample swatches and display cards. If offered, funds would also support producing the small finished jewelry items and coordinating them with sample swatches for the 'pairing' tier. If offered, funds would also support the development and hosting of the 'material passport' digital content, including the proposed high-resolution video, the proposed aging test documentation, and the proposed infographic. A proposed plan would allocate funds for the creation and distribution of the 'pre-launch' email series, including the proposed side-by-side comparison chart.

## Risks & Challenges
Stated risks include: loss of cryopreserved cells (mitigated by storage at multiple facilities); variability in final color and surface texture from vegetable tanning and scaffold differences (addressed through pilot testing and scaffold inspection); potential supply-chain changes requiring alternate jewelry settings of equal or better quality; and possible extended delivery times for later backers if demand is high.

## Team & Partnerships
The effort is led by a founder with long-term tissue-engineering experience and cellular-agriculture leadership since 2018, who worked with a sanctuary and veterinary professionals to isolate the donor cells.

## What's Included
Jewelry pieces with cultivated-leather inlays and, for some items, a waxed linen cord; components are housed in metal bezels and glass cabochons. A proposed reward tier would include a cultivated leather sample swatch on a display card. A proposed 'pairing' reward tier would include both a sample swatch and a small finished jewelry item using leather from the same donor cow. A proposed plan includes offering a simple, digital 'material passport' linking to details about the cultivation process, tanning, and the specific donor cow.

## Technical Details
- Plant-based scaffold from kapok seed fibers, needle-felted.
- Surface treatment with plant-derived ingredients to promote cell attachment.
- Cells produce collagen that becomes vegetable-tanned leather.
- Approximate inlay dimension: 10 mm × 50 mm."
"local","10","L10.5","specialized_rewrite","L9.2","","True","model_audit","[]","True","accepted","[]","All statements about existing real-world evidence or status are supported by the authorized source material. The candidate introduces a new proposed reward tier for an unfinished cultivated leather bookmark, which is explicitly framed as a 'proposed plan' throughout the document. This addition is clearly prospective ('A proposed plan is to offer...', 'A proposed plan to offer...', 'If offered...') and does not claim any existing traction, customers, prototypes, or accomplishments. The tense distinction is correctly maintained, and no unsupported claims about existing evidence or status are present.","## One-Sentence Summary
A line of heirloom jewelry uses real leather that is cultivated in bioreactors from a one-time, harmless skin-cell sample taken from a living, sanctuary-grazing cow, aiming to offer animal-friendly leather adornments.

## Problem
The creators frame conventional leather as dependent on animal harm and present a gap for ethically sourced, real leather that preserves the material's qualities without sacrificing animal welfare. They position the project as evidence that leather can be made while the donor animal continues to live and be cared for at a sanctuary.

## Solution / Product Overview
The project offers jewelry featuring inlays of cultivated leather grown from the donor cow's skin cells on a plant-based scaffold. The leather is produced in bioreactors and then vegetable-tanned. A proposed plan is to offer a limited series where backers can select which specific sanctuary-grazing cow (from a small, named group) their leather cells originated from, accompanied by a brief profile of that animal. A proposed plan includes offering a simple, low-cost reward tier for a cultivated leather sample swatch (e.g., 20mm x 20mm) mounted on a display card. A proposed plan is to offer a 'pairing' reward tier that includes both a sample swatch and a small, finished jewelry item (e.g., a simple keychain) using leather from the same donor cow. A proposed plan is to offer a reward tier for a simple, unfinished cultivated leather bookmark (a flat, rectangular piece) as a low-cost, functional alternative to jewelry for backers primarily interested in the material itself. A proposed plan is to offer a simple, digital 'material passport' (e.g., a QR code) linking to details about the cultivation process, tanning, and the specific donor cow.

## Key Features & Capabilities
- Real leather cultivated from living-animal skin cells grown on a plant-derived scaffold.
- Inlays set within metal bezels and protected under a glass dome cabochon.
- Options to choose hypoallergenic stainless steel or sterling silver for certain pieces.
- Offered in multiple size, color, and material combinations.
- Packaged in eco-friendly boxes cushioned with plant seed fiber used in the cultivation process.
- A proposed limited series would allow backers to select the specific named donor cow and receive a profile of that animal.
- A proposed plan to conduct and share the results of a standard durability test (like a rub test) on the cultivated leather inlay.
- A proposed plan to conduct a small-scale, documented 'aging' test on the cultivated leather, simulating a year of gentle wear, and include the results and photographs in the 'material passport' content.
- A proposed plan to offer a low-cost reward tier providing a sample swatch of the cultivated leather on a display card.
- A proposed plan to offer a 'pairing' reward tier including a sample swatch and a small finished jewelry item (e.g., a keychain) from the same donor cow.
- A proposed plan to offer a reward tier for a simple, unfinished cultivated leather bookmark.
- A proposed plan to offer a simple, digital 'material passport' (e.g., a QR code) linking to details about the cultivation process, tanning, and the specific donor cow.
- A proposed plan to include a high-resolution, downloadable video showing the cultivated leather's texture and response to bending/flexing in the 'material passport' content.
- A proposed plan to create a basic, clear infographic explaining the cultivation process from cell sample to finished inlay, to be included in the packaging or 'material passport'.
- A proposed plan for a 'pre-launch' email series explaining the cultivation process in simple terms.

## Target Users & Use Cases
The campaign speaks to people seeking animal-friendly, sustainable jewelry and those interested in owning a first-of-its-kind heirloom piece made from cultivated leather grown from a specific donor animal's cells. The proposed sample swatch tier is intended for backers who wish to verify the material's look and feel firsthand. The proposed 'pairing' tier is intended for backers who want to both inspect the material and see it in a finished application. The proposed bookmark tier is intended as a low-cost, functional alternative for backers primarily interested in the material itself. The proposed 'material passport' and its proposed video and aging test content are intended to increase transparency and visually address durability for backers interested in the material's origin, production story, and physical properties. The proposed 'pre-launch' email series is intended to educate potential backers about the science and ethics of the process before the campaign begins.

## Development Status
The team shows finished jewelry inlays and describes past milestones: cells were isolated harmlessly in 2023, prototypes include a pendant and a card holder made in early 2025, and the leather is grown with patent-pending plant-based scaffolding. They state there are no outside approvals required and that the technology and cell lines are owned by the creators.

## Roadmap & Delivery Plan
Planned actions include pilot testing to tune color and texture, inspecting scaffold density before use, preparing different concentrations of plant-based tanning ingredients, and securing jewelry settings after style counts are finalized at the end of the campaign. A proposed plan includes testing the cultivated leather inlays using a standard durability test and sharing the results with backers. A proposed plan includes conducting a small-scale, documented 'aging' test on the cultivated leather and including the results in the 'material passport' content. Production scaling will be addressed by adjusting modular cultivated-leather bioreactor technology and resources. If the limited donor-selection series is offered, plans would include finalizing the list of named donor animals and preparing their brief profiles. If the sample swatch tier is offered, plans would include preparing the swatches and display cards. If the 'pairing' tier is offered, plans would include producing the small finished jewelry items and coordinating them with matching sample swatches. If the bookmark tier is offered, plans would include producing the flat, rectangular leather bookmarks. If the 'material passport' is offered, plans would include creating the digital content and generating unique QR codes. A proposed plan would include creating a high-resolution video showing the leather's texture and flex for inclusion in the 'material passport' content. A proposed plan would include creating a basic infographic explaining the cultivation process. A proposed plan includes creating and sending a 'pre-launch' email series.

## Why Crowdfunding / Use of Funds
Funds support bringing the cultivated-leather jewelry to backers: producing inlays, performing pilot tests for consistency, and procuring jewelry settings and sustainable packaging to deliver finished pieces. If offered, funds would also support producing sample swatches and display cards. If offered, funds would also support producing the small finished jewelry items and coordinating them with sample swatches for the 'pairing' tier. If offered, funds would also support producing the cultivated leather bookmarks. If offered, funds would also support the development and hosting of the 'material passport' digital content, including the proposed high-resolution video, the proposed aging test documentation, and the proposed infographic. A proposed plan would allocate funds for the creation and distribution of the 'pre-launch' email series.

## Risks & Challenges
Stated risks include: loss of cryopreserved cells (mitigated by storage at multiple facilities); variability in final color and surface texture from vegetable tanning and scaffold differences (addressed through pilot testing and scaffold inspection); potential supply-chain changes requiring alternate jewelry settings of equal or better quality; and possible extended delivery times for later backers if demand is high.

## Team & Partnerships
The effort is led by a founder with long-term tissue-engineering experience and cellular-agriculture leadership since 2018, who worked with a sanctuary and veterinary professionals to isolate the donor cells.

## What's Included
Jewelry pieces with cultivated-leather inlays (e.g., a rectangular inlay approximately 10 mm × 50 mm) and, for some items, a waxed linen cord; components are housed in metal bezels and glass cabochons. A proposed reward tier would include a cultivated leather sample swatch on a display card. A proposed 'pairing' reward tier would include both a sample swatch and a small finished jewelry item (e.g., a keychain) using leather from the same donor cow. A proposed plan includes offering a reward tier for a simple, unfinished cultivated leather bookmark. A proposed plan includes offering a simple, digital 'material passport' (e.g., a QR code) linking to details about the cultivation process, tanning, and the specific donor cow.

## Technical Details
- Plant-based scaffold from kapok seed fibers, needle-felted.
- Surface treatment with plant-derived ingredients (e.g., sunflower lecithin, zein protein) to promote cell attachment.
- Cells produce collagen that becomes vegetable-tanned leather.
- Approximate inlay dimension: 10 mm × 50 mm.","## One-Sentence Summary
A line of heirloom jewelry uses real leather that is cultivated in bioreactors from a one-time, harmless skin-cell sample taken from a living, sanctuary-grazing cow, aiming to offer animal-friendly leather adornments.

## Problem
The creators frame conventional leather as dependent on animal harm and present a gap for ethically sourced, real leather that preserves the material's qualities without sacrificing animal welfare. They position the project as evidence that leather can be made while the donor animal continues to live and be cared for at a sanctuary.

## Solution / Product Overview
The project offers jewelry featuring inlays of cultivated leather grown from the donor cow's skin cells on a plant-based scaffold. The leather is produced in bioreactors and then vegetable-tanned. A proposed plan is to offer a limited series where backers can select which specific sanctuary-grazing cow (from a small, named group) their leather cells originated from, accompanied by a brief profile of that animal. A proposed plan includes offering a simple, low-cost reward tier for a cultivated leather sample swatch (e.g., 20mm x 20mm) mounted on a display card. A proposed plan is to offer a 'pairing' reward tier that includes both a sample swatch and a small, finished jewelry item (e.g., a simple keychain) using leather from the same donor cow. A proposed plan is to offer a reward tier for a simple, unfinished cultivated leather bookmark (a flat, rectangular piece) as a low-cost, functional alternative to jewelry for backers primarily interested in the material itself. A proposed plan is to offer a simple, digital 'material passport' (e.g., a QR code) linking to details about the cultivation process, tanning, and the specific donor cow.

## Key Features & Capabilities
- Real leather cultivated from living-animal skin cells grown on a plant-derived scaffold.
- Inlays set within metal bezels and protected under a glass dome cabochon.
- Options to choose hypoallergenic stainless steel or sterling silver for certain pieces.
- Offered in multiple size, color, and material combinations.
- Packaged in eco-friendly boxes cushioned with plant seed fiber used in the cultivation process.
- A proposed limited series would allow backers to select the specific named donor cow and receive a profile of that animal.
- A proposed plan to conduct and share the results of a standard durability test (like a rub test) on the cultivated leather inlay.
- A proposed plan to conduct a small-scale, documented 'aging' test on the cultivated leather, simulating a year of gentle wear, and include the results and photographs in the 'material passport' content.
- A proposed plan to offer a low-cost reward tier providing a sample swatch of the cultivated leather on a display card.
- A proposed plan to offer a 'pairing' reward tier including a sample swatch and a small finished jewelry item (e.g., a keychain) from the same donor cow.
- A proposed plan to offer a reward tier for a simple, unfinished cultivated leather bookmark.
- A proposed plan to offer a simple, digital 'material passport' (e.g., a QR code) linking to details about the cultivation process, tanning, and the specific donor cow.
- A proposed plan to include a high-resolution, downloadable video showing the cultivated leather's texture and response to bending/flexing in the 'material passport' content.
- A proposed plan to create a basic, clear infographic explaining the cultivation process from cell sample to finished inlay, to be included in the packaging or 'material passport'.
- A proposed plan for a 'pre-launch' email series explaining the cultivation process in simple terms.

## Target Users & Use Cases
The campaign speaks to people seeking animal-friendly, sustainable jewelry and those interested in owning a first-of-its-kind heirloom piece made from cultivated leather grown from a specific donor animal's cells. The proposed sample swatch tier is intended for backers who wish to verify the material's look and feel firsthand. The proposed 'pairing' tier is intended for backers who want to both inspect the material and see it in a finished application. The proposed bookmark tier is intended as a low-cost, functional alternative for backers primarily interested in the material itself. The proposed 'material passport' and its proposed video and aging test content are intended to increase transparency and visually address durability for backers interested in the material's origin, production story, and physical properties. The proposed 'pre-launch' email series is intended to educate potential backers about the science and ethics of the process before the campaign begins.

## Development Status
The team shows finished jewelry inlays and describes past milestones: cells were isolated harmlessly in 2023, prototypes include a pendant and a card holder made in early 2025, and the leather is grown with patent-pending plant-based scaffolding. They state there are no outside approvals required and that the technology and cell lines are owned by the creators.

## Roadmap & Delivery Plan
Planned actions include pilot testing to tune color and texture, inspecting scaffold density before use, preparing different concentrations of plant-based tanning ingredients, and securing jewelry settings after style counts are finalized at the end of the campaign. A proposed plan includes testing the cultivated leather inlays using a standard durability test and sharing the results with backers. A proposed plan includes conducting a small-scale, documented 'aging' test on the cultivated leather and including the results in the 'material passport' content. Production scaling will be addressed by adjusting modular cultivated-leather bioreactor technology and resources. If the limited donor-selection series is offered, plans would include finalizing the list of named donor animals and preparing their brief profiles. If the sample swatch tier is offered, plans would include preparing the swatches and display cards. If the 'pairing' tier is offered, plans would include producing the small finished jewelry items and coordinating them with matching sample swatches. If the bookmark tier is offered, plans would include producing the flat, rectangular leather bookmarks. If the 'material passport' is offered, plans would include creating the digital content and generating unique QR codes. A proposed plan would include creating a high-resolution video showing the leather's texture and flex for inclusion in the 'material passport' content. A proposed plan would include creating a basic infographic explaining the cultivation process. A proposed plan includes creating and sending a 'pre-launch' email series.

## Why Crowdfunding / Use of Funds
Funds support bringing the cultivated-leather jewelry to backers: producing inlays, performing pilot tests for consistency, and procuring jewelry settings and sustainable packaging to deliver finished pieces. If offered, funds would also support producing sample swatches and display cards. If offered, funds would also support producing the small finished jewelry items and coordinating them with sample swatches for the 'pairing' tier. If offered, funds would also support producing the cultivated leather bookmarks. If offered, funds would also support the development and hosting of the 'material passport' digital content, including the proposed high-resolution video, the proposed aging test documentation, and the proposed infographic. A proposed plan would allocate funds for the creation and distribution of the 'pre-launch' email series.

## Risks & Challenges
Stated risks include: loss of cryopreserved cells (mitigated by storage at multiple facilities); variability in final color and surface texture from vegetable tanning and scaffold differences (addressed through pilot testing and scaffold inspection); potential supply-chain changes requiring alternate jewelry settings of equal or better quality; and possible extended delivery times for later backers if demand is high.

## Team & Partnerships
The effort is led by a founder with long-term tissue-engineering experience and cellular-agriculture leadership since 2018, who worked with a sanctuary and veterinary professionals to isolate the donor cells.

## What's Included
Jewelry pieces with cultivated-leather inlays (e.g., a rectangular inlay approximately 10 mm × 50 mm) and, for some items, a waxed linen cord; components are housed in metal bezels and glass cabochons. A proposed reward tier would include a cultivated leather sample swatch on a display card. A proposed 'pairing' reward tier would include both a sample swatch and a small finished jewelry item (e.g., a keychain) using leather from the same donor cow. A proposed plan includes offering a reward tier for a simple, unfinished cultivated leather bookmark. A proposed plan includes offering a simple, digital 'material passport' (e.g., a QR code) linking to details about the cultivation process, tanning, and the specific donor cow.

## Technical Details
- Plant-based scaffold from kapok seed fibers, needle-felted.
- Surface treatment with plant-derived ingredients (e.g., sunflower lecithin, zein protein) to promote cell attachment.
- Cells produce collagen that becomes vegetable-tanned leather.
- Approximate inlay dimension: 10 mm × 50 mm."
"local","11","L11.1","specialized_rewrite","L10.4","","True","model_audit","[]","True","accepted","[]","All statements about existing real-world evidence or status are supported by the authorized source material. The candidate introduces one new element: 'a proposed plan is to offer a small, low-cost digital-only reward tier (e.g., early access to the 'material passport' content)'. This addition is explicitly framed as a proposed plan throughout the candidate text (e.g., 'A proposed plan is to offer...', 'The proposed small, low-cost digital-only reward tier is intended...', 'If the small, low-cost digital-only reward tier is offered...'). It is a new, prospective feature of the crowdfunding concept, not a claim of existing accomplishment. All other content matches or is directly derived from the source material.","## One-Sentence Summary
A line of heirloom jewelry uses real leather that is cultivated in bioreactors from a one-time, harmless skin-cell sample taken from a living, sanctuary-grazing cow, aiming to offer animal-friendly leather adornments.

## Problem
The creators frame conventional leather as dependent on animal harm and present a gap for ethically sourced, real leather that preserves the material's qualities without sacrificing animal welfare. They position the project as evidence that leather can be made while the donor animal continues to live and be cared for at a sanctuary.

## Solution / Product Overview
The project offers jewelry featuring inlays of cultivated leather grown from the donor cow's skin cells on a plant-based scaffold. The leather is produced in bioreactors and then vegetable-tanned. A proposed plan is to offer a limited series where backers can select which specific sanctuary-grazing cow (from a small, named group) their leather cells originated from, accompanied by a brief profile of that animal. A proposed plan also includes offering a simple, low-cost reward tier for a cultivated leather sample swatch mounted on a display card. A proposed plan is to offer a 'pairing' reward tier that includes both a sample swatch and a small, finished jewelry item using leather from the same donor cow. A proposed plan is to offer a simple, digital 'material passport' linking to details about the cultivation process, tanning, and the specific donor cow. A proposed plan is to offer a small, low-cost digital-only reward tier (e.g., early access to the 'material passport' content) to engage backers with minimal budgets and increase campaign reach.

## Key Features & Capabilities
- Real leather cultivated from living-animal skin cells grown on a plant-derived scaffold.
- Inlays set within metal bezels and protected under a glass dome cabochon.
- Options to choose hypoallergenic stainless steel or sterling silver for certain pieces.
- Offered in multiple size, color, and material combinations.
- Packaged in eco-friendly boxes cushioned with plant seed fiber used in the cultivation process.
- A proposed limited series would allow backers to select the specific named donor cow and receive a profile of that animal.
- A proposed plan to conduct and share the results of a standard durability test on the cultivated leather inlay.
- A proposed plan to conduct a small-scale, documented 'aging' test on the cultivated leather and include the results in the 'material passport' content.
- A proposed plan to offer a low-cost reward tier providing a sample swatch of the cultivated leather on a display card.
- A proposed plan to offer a 'pairing' reward tier including a sample swatch and a small finished jewelry item from the same donor cow.
- A proposed plan to offer a simple, digital 'material passport' linking to details about the cultivation process, tanning, and the specific donor cow.
- A proposed plan to offer a small, low-cost digital-only reward tier (e.g., early access to the 'material passport' content).
- A proposed plan to include a high-resolution, downloadable video showing the cultivated leather's texture and response to bending/flexing in the 'material passport' content.
- A proposed plan to create a basic, clear infographic explaining the cultivation process from cell sample to finished inlay.
- A proposed plan for a 'pre-launch' email series explaining the cultivation process in simple terms to educate and build trust before the campaign.
- A proposed plan to create and share a simple, side-by-side comparison chart (texture, thickness, flexibility) between the cultivated leather and a conventional leather swatch in the pre-launch email series to directly address material quality questions.

## Target Users & Use Cases
The campaign speaks to people seeking animal-friendly, sustainable jewelry and those interested in owning a first-of-its-kind heirloom piece made from cultivated leather grown from a specific donor animal's cells. The proposed sample swatch tier is intended for backers who wish to verify the material's look and feel firsthand. The proposed 'pairing' tier is intended for backers who want to both inspect the material and see it in a finished application. The proposed 'material passport' and its proposed video and aging test content are intended to increase transparency. The proposed small, low-cost digital-only reward tier is intended to engage backers with minimal budgets and increase campaign reach. The proposed 'pre-launch' email series, including the proposed side-by-side comparison chart, is intended to educate potential backers about the science, ethics, and material quality of the process before the campaign begins.

## Development Status
The team shows finished jewelry inlays and describes past milestones: cells were isolated harmlessly in 2023, prototypes include a pendant and a card holder made in early 2025, and the leather is grown with patent-pending plant-based scaffolding. They state there are no outside approvals required and that the technology and cell lines are owned by the creators.

## Roadmap & Delivery Plan
Planned actions include pilot testing to tune color and texture, inspecting scaffold density before use, preparing different concentrations of plant-based tanning ingredients, and securing jewelry settings after style counts are finalized at the end of the campaign. A proposed plan includes testing the cultivated leather inlays using a standard durability test and sharing the results. A proposed plan includes conducting a small-scale, documented 'aging' test on the cultivated leather and including the results in the 'material passport' content. Production scaling will be addressed by adjusting modular cultivated-leather bioreactor technology and resources. If the limited donor-selection series is offered, plans would include finalizing the list of named donor animals and preparing their brief profiles. If the sample swatch tier is offered, plans would include preparing the swatches and display cards. If the 'pairing' tier is offered, plans would include producing the small finished jewelry items and coordinating them with matching sample swatches. If the 'material passport' is offered, plans would include creating the digital content and generating unique QR codes. If the small, low-cost digital-only reward tier is offered, plans would include providing early access to the 'material passport' content. A proposed plan would include creating a high-resolution video showing the leather's texture and flex for inclusion in the 'material passport' content. A proposed plan would include creating a basic infographic explaining the cultivation process. A proposed plan includes creating and sending a 'pre-launch' email series explaining the cultivation process in simple terms, which would include the proposed side-by-side comparison chart.

## Why Crowdfunding / Use of Funds
Funds support bringing the cultivated-leather jewelry to backers: producing inlays, performing pilot tests for consistency, and procuring jewelry settings and sustainable packaging to deliver finished pieces. If offered, funds would also support producing sample swatches and display cards. If offered, funds would also support producing the small finished jewelry items and coordinating them with sample swatches for the 'pairing' tier. If offered, funds would also support the development and hosting of the 'material passport' digital content, including the proposed high-resolution video, the proposed aging test documentation, and the proposed infographic. If offered, funds would also support the implementation of the small, low-cost digital-only reward tier. A proposed plan would allocate funds for the creation and distribution of the 'pre-launch' email series, including the proposed side-by-side comparison chart.

## Risks & Challenges
Stated risks include: loss of cryopreserved cells (mitigated by storage at multiple facilities); variability in final color and surface texture from vegetable tanning and scaffold differences (addressed through pilot testing and scaffold inspection); potential supply-chain changes requiring alternate jewelry settings of equal or better quality; and possible extended delivery times for later backers if demand is high.

## Team & Partnerships
The effort is led by a founder with long-term tissue-engineering experience and cellular-agriculture leadership since 2018, who worked with a sanctuary and veterinary professionals to isolate the donor cells.

## What's Included
Jewelry pieces with cultivated-leather inlays and, for some items, a waxed linen cord; components are housed in metal bezels and glass cabochons. A proposed reward tier would include a cultivated leather sample swatch on a display card. A proposed 'pairing' reward tier would include both a sample swatch and a small finished jewelry item using leather from the same donor cow. A proposed plan includes offering a simple, digital 'material passport' linking to details about the cultivation process, tanning, and the specific donor cow. A proposed plan includes offering a small, low-cost digital-only reward tier (e.g., early access to the 'material passport' content).

## Technical Details
- Plant-based scaffold from kapok seed fibers, needle-felted.
- Surface treatment with plant-derived ingredients to promote cell attachment.
- Cells produce collagen that becomes vegetable-tanned leather.
- Approximate inlay dimension: 10 mm × 50 mm.","## One-Sentence Summary
A line of heirloom jewelry uses real leather that is cultivated in bioreactors from a one-time, harmless skin-cell sample taken from a living, sanctuary-grazing cow, aiming to offer animal-friendly leather adornments.

## Problem
The creators frame conventional leather as dependent on animal harm and present a gap for ethically sourced, real leather that preserves the material's qualities without sacrificing animal welfare. They position the project as evidence that leather can be made while the donor animal continues to live and be cared for at a sanctuary.

## Solution / Product Overview
The project offers jewelry featuring inlays of cultivated leather grown from the donor cow's skin cells on a plant-based scaffold. The leather is produced in bioreactors and then vegetable-tanned. A proposed plan is to offer a limited series where backers can select which specific sanctuary-grazing cow (from a small, named group) their leather cells originated from, accompanied by a brief profile of that animal. A proposed plan also includes offering a simple, low-cost reward tier for a cultivated leather sample swatch mounted on a display card. A proposed plan is to offer a 'pairing' reward tier that includes both a sample swatch and a small, finished jewelry item using leather from the same donor cow. A proposed plan is to offer a simple, digital 'material passport' linking to details about the cultivation process, tanning, and the specific donor cow. A proposed plan is to offer a small, low-cost digital-only reward tier (e.g., early access to the 'material passport' content) to engage backers with minimal budgets and increase campaign reach.

## Key Features & Capabilities
- Real leather cultivated from living-animal skin cells grown on a plant-derived scaffold.
- Inlays set within metal bezels and protected under a glass dome cabochon.
- Options to choose hypoallergenic stainless steel or sterling silver for certain pieces.
- Offered in multiple size, color, and material combinations.
- Packaged in eco-friendly boxes cushioned with plant seed fiber used in the cultivation process.
- A proposed limited series would allow backers to select the specific named donor cow and receive a profile of that animal.
- A proposed plan to conduct and share the results of a standard durability test on the cultivated leather inlay.
- A proposed plan to conduct a small-scale, documented 'aging' test on the cultivated leather and include the results in the 'material passport' content.
- A proposed plan to offer a low-cost reward tier providing a sample swatch of the cultivated leather on a display card.
- A proposed plan to offer a 'pairing' reward tier including a sample swatch and a small finished jewelry item from the same donor cow.
- A proposed plan to offer a simple, digital 'material passport' linking to details about the cultivation process, tanning, and the specific donor cow.
- A proposed plan to offer a small, low-cost digital-only reward tier (e.g., early access to the 'material passport' content).
- A proposed plan to include a high-resolution, downloadable video showing the cultivated leather's texture and response to bending/flexing in the 'material passport' content.
- A proposed plan to create a basic, clear infographic explaining the cultivation process from cell sample to finished inlay.
- A proposed plan for a 'pre-launch' email series explaining the cultivation process in simple terms to educate and build trust before the campaign.
- A proposed plan to create and share a simple, side-by-side comparison chart (texture, thickness, flexibility) between the cultivated leather and a conventional leather swatch in the pre-launch email series to directly address material quality questions.

## Target Users & Use Cases
The campaign speaks to people seeking animal-friendly, sustainable jewelry and those interested in owning a first-of-its-kind heirloom piece made from cultivated leather grown from a specific donor animal's cells. The proposed sample swatch tier is intended for backers who wish to verify the material's look and feel firsthand. The proposed 'pairing' tier is intended for backers who want to both inspect the material and see it in a finished application. The proposed 'material passport' and its proposed video and aging test content are intended to increase transparency. The proposed small, low-cost digital-only reward tier is intended to engage backers with minimal budgets and increase campaign reach. The proposed 'pre-launch' email series, including the proposed side-by-side comparison chart, is intended to educate potential backers about the science, ethics, and material quality of the process before the campaign begins.

## Development Status
The team shows finished jewelry inlays and describes past milestones: cells were isolated harmlessly in 2023, prototypes include a pendant and a card holder made in early 2025, and the leather is grown with patent-pending plant-based scaffolding. They state there are no outside approvals required and that the technology and cell lines are owned by the creators.

## Roadmap & Delivery Plan
Planned actions include pilot testing to tune color and texture, inspecting scaffold density before use, preparing different concentrations of plant-based tanning ingredients, and securing jewelry settings after style counts are finalized at the end of the campaign. A proposed plan includes testing the cultivated leather inlays using a standard durability test and sharing the results. A proposed plan includes conducting a small-scale, documented 'aging' test on the cultivated leather and including the results in the 'material passport' content. Production scaling will be addressed by adjusting modular cultivated-leather bioreactor technology and resources. If the limited donor-selection series is offered, plans would include finalizing the list of named donor animals and preparing their brief profiles. If the sample swatch tier is offered, plans would include preparing the swatches and display cards. If the 'pairing' tier is offered, plans would include producing the small finished jewelry items and coordinating them with matching sample swatches. If the 'material passport' is offered, plans would include creating the digital content and generating unique QR codes. If the small, low-cost digital-only reward tier is offered, plans would include providing early access to the 'material passport' content. A proposed plan would include creating a high-resolution video showing the leather's texture and flex for inclusion in the 'material passport' content. A proposed plan would include creating a basic infographic explaining the cultivation process. A proposed plan includes creating and sending a 'pre-launch' email series explaining the cultivation process in simple terms, which would include the proposed side-by-side comparison chart.

## Why Crowdfunding / Use of Funds
Funds support bringing the cultivated-leather jewelry to backers: producing inlays, performing pilot tests for consistency, and procuring jewelry settings and sustainable packaging to deliver finished pieces. If offered, funds would also support producing sample swatches and display cards. If offered, funds would also support producing the small finished jewelry items and coordinating them with sample swatches for the 'pairing' tier. If offered, funds would also support the development and hosting of the 'material passport' digital content, including the proposed high-resolution video, the proposed aging test documentation, and the proposed infographic. If offered, funds would also support the implementation of the small, low-cost digital-only reward tier. A proposed plan would allocate funds for the creation and distribution of the 'pre-launch' email series, including the proposed side-by-side comparison chart.

## Risks & Challenges
Stated risks include: loss of cryopreserved cells (mitigated by storage at multiple facilities); variability in final color and surface texture from vegetable tanning and scaffold differences (addressed through pilot testing and scaffold inspection); potential supply-chain changes requiring alternate jewelry settings of equal or better quality; and possible extended delivery times for later backers if demand is high.

## Team & Partnerships
The effort is led by a founder with long-term tissue-engineering experience and cellular-agriculture leadership since 2018, who worked with a sanctuary and veterinary professionals to isolate the donor cells.

## What's Included
Jewelry pieces with cultivated-leather inlays and, for some items, a waxed linen cord; components are housed in metal bezels and glass cabochons. A proposed reward tier would include a cultivated leather sample swatch on a display card. A proposed 'pairing' reward tier would include both a sample swatch and a small finished jewelry item using leather from the same donor cow. A proposed plan includes offering a simple, digital 'material passport' linking to details about the cultivation process, tanning, and the specific donor cow. A proposed plan includes offering a small, low-cost digital-only reward tier (e.g., early access to the 'material passport' content).

## Technical Details
- Plant-based scaffold from kapok seed fibers, needle-felted.
- Surface treatment with plant-derived ingredients to promote cell attachment.
- Cells produce collagen that becomes vegetable-tanned leather.
- Approximate inlay dimension: 10 mm × 50 mm."
"local","11","L11.2","specialized_rewrite","L10.4","","True","model_audit","[]","True","accepted","[]","All statements about existing real-world evidence or status are supported by the authorized source material. The candidate introduces a new proposed feature (certificate of authenticity) but consistently frames it as a 'proposed plan' or 'proposed' throughout all sections. No claims about existing traction, customers, revenue, partnerships, or accomplished development status are invented. The tense distinction is properly maintained between proposed future plans and existing facts.","## One-Sentence Summary
A line of heirloom jewelry uses real leather that is cultivated in bioreactors from a one-time, harmless skin-cell sample taken from a living, sanctuary-grazing cow, aiming to offer animal-friendly leather adornments.

## Problem
The creators frame conventional leather as dependent on animal harm and present a gap for ethically sourced, real leather that preserves the material's qualities without sacrificing animal welfare. They position the project as evidence that leather can be made while the donor animal continues to live and be cared for at a sanctuary.

## Solution / Product Overview
The project offers jewelry featuring inlays of cultivated leather grown from the donor cow's skin cells on a plant-based scaffold. The leather is produced in bioreactors and then vegetable-tanned. A proposed plan is to offer a limited series where backers can select which specific sanctuary-grazing cow (from a small, named group) their leather cells originated from, accompanied by a brief profile of that animal. A proposed plan also includes offering a simple, low-cost reward tier for a cultivated leather sample swatch mounted on a display card. A proposed plan is to offer a 'pairing' reward tier that includes both a sample swatch and a small, finished jewelry item using leather from the same donor cow. A proposed plan is to offer a simple, digital 'material passport' linking to details about the cultivation process, tanning, and the specific donor cow. A proposed plan is to create a simple, downloadable certificate of authenticity for each jewelry piece or swatch, naming the donor cow and detailing the cultivation date.

## Key Features & Capabilities
- Real leather cultivated from living-animal skin cells grown on a plant-derived scaffold.
- Inlays set within metal bezels and protected under a glass dome cabochon.
- Options to choose hypoallergenic stainless steel or sterling silver for certain pieces.
- Offered in multiple size, color, and material combinations.
- Packaged in eco-friendly boxes cushioned with plant seed fiber used in the cultivation process.
- A proposed limited series would allow backers to select the specific named donor cow and receive a profile of that animal.
- A proposed plan to conduct and share the results of a standard durability test on the cultivated leather inlay.
- A proposed plan to conduct a small-scale, documented 'aging' test on the cultivated leather and include the results in the 'material passport' content.
- A proposed plan to offer a low-cost reward tier providing a sample swatch of the cultivated leather on a display card.
- A proposed plan to offer a 'pairing' reward tier including a sample swatch and a small finished jewelry item from the same donor cow.
- A proposed plan to offer a simple, digital 'material passport' linking to details about the cultivation process, tanning, and the specific donor cow.
- A proposed plan to create a simple, downloadable certificate of authenticity for each jewelry piece or swatch, naming the donor cow and detailing the cultivation date.
- A proposed plan to include a high-resolution, downloadable video showing the cultivated leather's texture and response to bending/flexing in the 'material passport' content.
- A proposed plan to create a basic, clear infographic explaining the cultivation process from cell sample to finished inlay.
- A proposed plan for a 'pre-launch' email series explaining the cultivation process in simple terms to educate and build trust before the campaign.
- A proposed plan to create and share a simple, side-by-side comparison chart (texture, thickness, flexibility) between the cultivated leather and a conventional leather swatch in the pre-launch email series to directly address material quality questions.

## Target Users & Use Cases
The campaign speaks to people seeking animal-friendly, sustainable jewelry and those interested in owning a first-of-its-kind heirloom piece made from cultivated leather grown from a specific donor animal's cells. The proposed sample swatch tier is intended for backers who wish to verify the material's look and feel firsthand. The proposed 'pairing' tier is intended for backers who want to both inspect the material and see it in a finished application. The proposed 'material passport', its proposed video and aging test content, and the proposed certificate of authenticity are intended to increase transparency and enhance the heirloom narrative. The proposed 'pre-launch' email series, including the proposed side-by-side comparison chart, is intended to educate potential backers about the science, ethics, and material quality of the process before the campaign begins.

## Development Status
The team shows finished jewelry inlays and describes past milestones: cells were isolated harmlessly in 2023, prototypes include a pendant and a card holder made in early 2025, and the leather is grown with patent-pending plant-based scaffolding. They state there are no outside approvals required and that the technology and cell lines are owned by the creators.

## Roadmap & Delivery Plan
Planned actions include pilot testing to tune color and texture, inspecting scaffold density before use, preparing different concentrations of plant-based tanning ingredients, and securing jewelry settings after style counts are finalized at the end of the campaign. A proposed plan includes testing the cultivated leather inlays using a standard durability test and sharing the results. A proposed plan includes conducting a small-scale, documented 'aging' test on the cultivated leather and including the results in the 'material passport' content. Production scaling will be addressed by adjusting modular cultivated-leather bioreactor technology and resources. If the limited donor-selection series is offered, plans would include finalizing the list of named donor animals and preparing their brief profiles. If the sample swatch tier is offered, plans would include preparing the swatches and display cards. If the 'pairing' tier is offered, plans would include producing the small finished jewelry items and coordinating them with matching sample swatches. If the 'material passport' is offered, plans would include creating the digital content and generating unique QR codes. A proposed plan would include creating a high-resolution video showing the leather's texture and flex for inclusion in the 'material passport' content. A proposed plan would include creating a basic infographic explaining the cultivation process. A proposed plan includes creating and sending a 'pre-launch' email series explaining the cultivation process in simple terms, which would include the proposed side-by-side comparison chart. A proposed plan includes creating a simple, downloadable certificate of authenticity for each jewelry piece or swatch, naming the donor cow and detailing the cultivation date.

## Why Crowdfunding / Use of Funds
Funds support bringing the cultivated-leather jewelry to backers: producing inlays, performing pilot tests for consistency, and procuring jewelry settings and sustainable packaging to deliver finished pieces. If offered, funds would also support producing sample swatches and display cards. If offered, funds would also support producing the small finished jewelry items and coordinating them with sample swatches for the 'pairing' tier. If offered, funds would also support the development and hosting of the 'material passport' digital content, including the proposed high-resolution video, the proposed aging test documentation, and the proposed infographic. A proposed plan would allocate funds for the creation and distribution of the 'pre-launch' email series, including the proposed side-by-side comparison chart. A proposed plan would allocate funds for the creation of the downloadable certificates of authenticity.

## Risks & Challenges
Stated risks include: loss of cryopreserved cells (mitigated by storage at multiple facilities); variability in final color and surface texture from vegetable tanning and scaffold differences (addressed through pilot testing and scaffold inspection); potential supply-chain changes requiring alternate jewelry settings of equal or better quality; and possible extended delivery times for later backers if demand is high.

## Team & Partnerships
The effort is led by a founder with long-term tissue-engineering experience and cellular-agriculture leadership since 2018, who worked with a sanctuary and veterinary professionals to isolate the donor cells.

## What's Included
Jewelry pieces with cultivated-leather inlays and, for some items, a waxed linen cord; components are housed in metal bezels and glass cabochons. A proposed reward tier would include a cultivated leather sample swatch on a display card. A proposed 'pairing' reward tier would include both a sample swatch and a small finished jewelry item using leather from the same donor cow. A proposed plan includes offering a simple, digital 'material passport' linking to details about the cultivation process, tanning, and the specific donor cow. A proposed plan includes offering a simple, downloadable certificate of authenticity for each jewelry piece or swatch.

## Technical Details
- Plant-based scaffold from kapok seed fibers, needle-felted.
- Surface treatment with plant-derived ingredients to promote cell attachment.
- Cells produce collagen that becomes vegetable-tanned leather.
- Approximate inlay dimension: 10 mm × 50 mm.","## One-Sentence Summary
A line of heirloom jewelry uses real leather that is cultivated in bioreactors from a one-time, harmless skin-cell sample taken from a living, sanctuary-grazing cow, aiming to offer animal-friendly leather adornments.

## Problem
The creators frame conventional leather as dependent on animal harm and present a gap for ethically sourced, real leather that preserves the material's qualities without sacrificing animal welfare. They position the project as evidence that leather can be made while the donor animal continues to live and be cared for at a sanctuary.

## Solution / Product Overview
The project offers jewelry featuring inlays of cultivated leather grown from the donor cow's skin cells on a plant-based scaffold. The leather is produced in bioreactors and then vegetable-tanned. A proposed plan is to offer a limited series where backers can select which specific sanctuary-grazing cow (from a small, named group) their leather cells originated from, accompanied by a brief profile of that animal. A proposed plan also includes offering a simple, low-cost reward tier for a cultivated leather sample swatch mounted on a display card. A proposed plan is to offer a 'pairing' reward tier that includes both a sample swatch and a small, finished jewelry item using leather from the same donor cow. A proposed plan is to offer a simple, digital 'material passport' linking to details about the cultivation process, tanning, and the specific donor cow. A proposed plan is to create a simple, downloadable certificate of authenticity for each jewelry piece or swatch, naming the donor cow and detailing the cultivation date.

## Key Features & Capabilities
- Real leather cultivated from living-animal skin cells grown on a plant-derived scaffold.
- Inlays set within metal bezels and protected under a glass dome cabochon.
- Options to choose hypoallergenic stainless steel or sterling silver for certain pieces.
- Offered in multiple size, color, and material combinations.
- Packaged in eco-friendly boxes cushioned with plant seed fiber used in the cultivation process.
- A proposed limited series would allow backers to select the specific named donor cow and receive a profile of that animal.
- A proposed plan to conduct and share the results of a standard durability test on the cultivated leather inlay.
- A proposed plan to conduct a small-scale, documented 'aging' test on the cultivated leather and include the results in the 'material passport' content.
- A proposed plan to offer a low-cost reward tier providing a sample swatch of the cultivated leather on a display card.
- A proposed plan to offer a 'pairing' reward tier including a sample swatch and a small finished jewelry item from the same donor cow.
- A proposed plan to offer a simple, digital 'material passport' linking to details about the cultivation process, tanning, and the specific donor cow.
- A proposed plan to create a simple, downloadable certificate of authenticity for each jewelry piece or swatch, naming the donor cow and detailing the cultivation date.
- A proposed plan to include a high-resolution, downloadable video showing the cultivated leather's texture and response to bending/flexing in the 'material passport' content.
- A proposed plan to create a basic, clear infographic explaining the cultivation process from cell sample to finished inlay.
- A proposed plan for a 'pre-launch' email series explaining the cultivation process in simple terms to educate and build trust before the campaign.
- A proposed plan to create and share a simple, side-by-side comparison chart (texture, thickness, flexibility) between the cultivated leather and a conventional leather swatch in the pre-launch email series to directly address material quality questions.

## Target Users & Use Cases
The campaign speaks to people seeking animal-friendly, sustainable jewelry and those interested in owning a first-of-its-kind heirloom piece made from cultivated leather grown from a specific donor animal's cells. The proposed sample swatch tier is intended for backers who wish to verify the material's look and feel firsthand. The proposed 'pairing' tier is intended for backers who want to both inspect the material and see it in a finished application. The proposed 'material passport', its proposed video and aging test content, and the proposed certificate of authenticity are intended to increase transparency and enhance the heirloom narrative. The proposed 'pre-launch' email series, including the proposed side-by-side comparison chart, is intended to educate potential backers about the science, ethics, and material quality of the process before the campaign begins.

## Development Status
The team shows finished jewelry inlays and describes past milestones: cells were isolated harmlessly in 2023, prototypes include a pendant and a card holder made in early 2025, and the leather is grown with patent-pending plant-based scaffolding. They state there are no outside approvals required and that the technology and cell lines are owned by the creators.

## Roadmap & Delivery Plan
Planned actions include pilot testing to tune color and texture, inspecting scaffold density before use, preparing different concentrations of plant-based tanning ingredients, and securing jewelry settings after style counts are finalized at the end of the campaign. A proposed plan includes testing the cultivated leather inlays using a standard durability test and sharing the results. A proposed plan includes conducting a small-scale, documented 'aging' test on the cultivated leather and including the results in the 'material passport' content. Production scaling will be addressed by adjusting modular cultivated-leather bioreactor technology and resources. If the limited donor-selection series is offered, plans would include finalizing the list of named donor animals and preparing their brief profiles. If the sample swatch tier is offered, plans would include preparing the swatches and display cards. If the 'pairing' tier is offered, plans would include producing the small finished jewelry items and coordinating them with matching sample swatches. If the 'material passport' is offered, plans would include creating the digital content and generating unique QR codes. A proposed plan would include creating a high-resolution video showing the leather's texture and flex for inclusion in the 'material passport' content. A proposed plan would include creating a basic infographic explaining the cultivation process. A proposed plan includes creating and sending a 'pre-launch' email series explaining the cultivation process in simple terms, which would include the proposed side-by-side comparison chart. A proposed plan includes creating a simple, downloadable certificate of authenticity for each jewelry piece or swatch, naming the donor cow and detailing the cultivation date.

## Why Crowdfunding / Use of Funds
Funds support bringing the cultivated-leather jewelry to backers: producing inlays, performing pilot tests for consistency, and procuring jewelry settings and sustainable packaging to deliver finished pieces. If offered, funds would also support producing sample swatches and display cards. If offered, funds would also support producing the small finished jewelry items and coordinating them with sample swatches for the 'pairing' tier. If offered, funds would also support the development and hosting of the 'material passport' digital content, including the proposed high-resolution video, the proposed aging test documentation, and the proposed infographic. A proposed plan would allocate funds for the creation and distribution of the 'pre-launch' email series, including the proposed side-by-side comparison chart. A proposed plan would allocate funds for the creation of the downloadable certificates of authenticity.

## Risks & Challenges
Stated risks include: loss of cryopreserved cells (mitigated by storage at multiple facilities); variability in final color and surface texture from vegetable tanning and scaffold differences (addressed through pilot testing and scaffold inspection); potential supply-chain changes requiring alternate jewelry settings of equal or better quality; and possible extended delivery times for later backers if demand is high.

## Team & Partnerships
The effort is led by a founder with long-term tissue-engineering experience and cellular-agriculture leadership since 2018, who worked with a sanctuary and veterinary professionals to isolate the donor cells.

## What's Included
Jewelry pieces with cultivated-leather inlays and, for some items, a waxed linen cord; components are housed in metal bezels and glass cabochons. A proposed reward tier would include a cultivated leather sample swatch on a display card. A proposed 'pairing' reward tier would include both a sample swatch and a small finished jewelry item using leather from the same donor cow. A proposed plan includes offering a simple, digital 'material passport' linking to details about the cultivation process, tanning, and the specific donor cow. A proposed plan includes offering a simple, downloadable certificate of authenticity for each jewelry piece or swatch.

## Technical Details
- Plant-based scaffold from kapok seed fibers, needle-felted.
- Surface treatment with plant-derived ingredients to promote cell attachment.
- Cells produce collagen that becomes vegetable-tanned leather.
- Approximate inlay dimension: 10 mm × 50 mm."
"local","11","L11.3","specialized_rewrite","L10.4","","True","model_audit","[]","True","accepted","[]","All statements about existing real-world evidence or status (e.g., development milestones, team credentials, technology ownership) are supported by the source material. All additions in the candidate (e.g., including a photo/illustration of the donor cow) are explicitly framed as proposed plans, targets, or hypotheticals, consistent with the standard. No unsupported claims of existing traction, customers, partnerships, or accomplishments were introduced.","## One-Sentence Summary
A line of heirloom jewelry uses real leather that is cultivated in bioreactors from a one-time, harmless skin-cell sample taken from a living, sanctuary-grazing cow, aiming to offer animal-friendly leather adornments.

## Problem
The creators frame conventional leather as dependent on animal harm and present a gap for ethically sourced, real leather that preserves the material's qualities without sacrificing animal welfare. They position the project as evidence that leather can be made while the donor animal continues to live and be cared for at a sanctuary.

## Solution / Product Overview
The project offers jewelry featuring inlays of cultivated leather grown from the donor cow's skin cells on a plant-based scaffold. The leather is produced in bioreactors and then vegetable-tanned. A proposed plan is to offer a limited series where backers can select which specific sanctuary-grazing cow (from a small, named group) their leather cells originated from, accompanied by a brief profile of that animal. A proposed plan also includes offering a simple, low-cost reward tier for a cultivated leather sample swatch mounted on a display card. A proposed plan is to offer a 'pairing' reward tier that includes both a sample swatch and a small, finished jewelry item using leather from the same donor cow. A proposed plan is to offer a simple, digital 'material passport' linking to details about the cultivation process, tanning, and the specific donor cow. A proposed plan is to include a photo or illustration of the specific named donor cow in the 'material passport' or on the display card for the sample swatch tier.

## Key Features & Capabilities
- Real leather cultivated from living-animal skin cells grown on a plant-derived scaffold.
- Inlays set within metal bezels and protected under a glass dome cabochon.
- Options to choose hypoallergenic stainless steel or sterling silver for certain pieces.
- Offered in multiple size, color, and material combinations.
- Packaged in eco-friendly boxes cushioned with plant seed fiber used in the cultivation process.
- A proposed limited series would allow backers to select the specific named donor cow and receive a profile of that animal.
- A proposed plan to conduct and share the results of a standard durability test on the cultivated leather inlay.
- A proposed plan to conduct a small-scale, documented 'aging' test on the cultivated leather and include the results in the 'material passport' content.
- A proposed plan to offer a low-cost reward tier providing a sample swatch of the cultivated leather on a display card.
- A proposed plan to offer a 'pairing' reward tier including a sample swatch and a small finished jewelry item from the same donor cow.
- A proposed plan to offer a simple, digital 'material passport' linking to details about the cultivation process, tanning, and the specific donor cow.
- A proposed plan to include a photo or illustration of the specific named donor cow in the 'material passport' or on the display card for the sample swatch tier.
- A proposed plan to include a high-resolution, downloadable video showing the cultivated leather's texture and response to bending/flexing in the 'material passport' content.
- A proposed plan to create a basic, clear infographic explaining the cultivation process from cell sample to finished inlay.
- A proposed plan for a 'pre-launch' email series explaining the cultivation process in simple terms to educate and build trust before the campaign.
- A proposed plan to create and share a simple, side-by-side comparison chart (texture, thickness, flexibility) between the cultivated leather and a conventional leather swatch in the pre-launch email series to directly address material quality questions.

## Target Users & Use Cases
The campaign speaks to people seeking animal-friendly, sustainable jewelry and those interested in owning a first-of-its-kind heirloom piece made from cultivated leather grown from a specific donor animal's cells. The proposed sample swatch tier is intended for backers who wish to verify the material's look and feel firsthand. The proposed 'pairing' tier is intended for backers who want to both inspect the material and see it in a finished application. The proposed 'material passport' and its proposed video and aging test content are intended to increase transparency. The proposed inclusion of a donor cow photo or illustration is intended to strengthen the emotional connection. The proposed 'pre-launch' email series, including the proposed side-by-side comparison chart, is intended to educate potential backers about the science, ethics, and material quality of the process before the campaign begins.

## Development Status
The team shows finished jewelry inlays and describes past milestones: cells were isolated harmlessly in 2023, prototypes include a pendant and a card holder made in early 2025, and the leather is grown with patent-pending plant-based scaffolding. They state there are no outside approvals required and that the technology and cell lines are owned by the creators.

## Roadmap & Delivery Plan
Planned actions include pilot testing to tune color and texture, inspecting scaffold density before use, preparing different concentrations of plant-based tanning ingredients, and securing jewelry settings after style counts are finalized at the end of the campaign. A proposed plan includes testing the cultivated leather inlays using a standard durability test and sharing the results. A proposed plan includes conducting a small-scale, documented 'aging' test on the cultivated leather and including the results in the 'material passport' content. Production scaling will be addressed by adjusting modular cultivated-leather bioreactor technology and resources. If the limited donor-selection series is offered, plans would include finalizing the list of named donor animals and preparing their brief profiles. If the sample swatch tier is offered, plans would include preparing the swatches and display cards, and a proposed plan would include adding a photo or illustration of the specific donor cow. If the 'pairing' tier is offered, plans would include producing the small finished jewelry items and coordinating them with matching sample swatches. If the 'material passport' is offered, plans would include creating the digital content and generating unique QR codes, and a proposed plan would include adding a donor cow photo or illustration. A proposed plan would include creating a high-resolution video showing the leather's texture and flex for inclusion in the 'material passport' content. A proposed plan would include creating a basic infographic explaining the cultivation process. A proposed plan includes creating and sending a 'pre-launch' email series explaining the cultivation process in simple terms, which would include the proposed side-by-side comparison chart.

## Why Crowdfunding / Use of Funds
Funds support bringing the cultivated-leather jewelry to backers: producing inlays, performing pilot tests for consistency, and procuring jewelry settings and sustainable packaging to deliver finished pieces. If offered, funds would also support producing sample swatches and display cards. If offered, funds would also support producing the small finished jewelry items and coordinating them with sample swatches for the 'pairing' tier. If offered, funds would also support the development and hosting of the 'material passport' digital content, including the proposed high-resolution video, the proposed aging test documentation, the proposed infographic, and the proposed donor cow photo or illustration. A proposed plan would allocate funds for the creation and distribution of the 'pre-launch' email series, including the proposed side-by-side comparison chart.

## Risks & Challenges
Stated risks include: loss of cryopreserved cells (mitigated by storage at multiple facilities); variability in final color and surface texture from vegetable tanning and scaffold differences (addressed through pilot testing and scaffold inspection); potential supply-chain changes requiring alternate jewelry settings of equal or better quality; and possible extended delivery times for later backers if demand is high.

## Team & Partnerships
The effort is led by a founder with long-term tissue-engineering experience and cellular-agriculture leadership since 2018, who worked with a sanctuary and veterinary professionals to isolate the donor cells.

## What's Included
Jewelry pieces with cultivated-leather inlays and, for some items, a waxed linen cord; components are housed in metal bezels and glass cabochons. A proposed reward tier would include a cultivated leather sample swatch on a display card. A proposed 'pairing' reward tier would include both a sample swatch and a small finished jewelry item using leather from the same donor cow. A proposed plan includes offering a simple, digital 'material passport' linking to details about the cultivation process, tanning, and the specific donor cow. A proposed plan is to include a photo or illustration of the specific named donor cow in the 'material passport' or on the display card for the sample swatch tier.

## Technical Details
- Plant-based scaffold from kapok seed fibers, needle-felted.
- Surface treatment with plant-derived ingredients to promote cell attachment.
- Cells produce collagen that becomes vegetable-tanned leather.
- Approximate inlay dimension: 10 mm × 50 mm.","## One-Sentence Summary
A line of heirloom jewelry uses real leather that is cultivated in bioreactors from a one-time, harmless skin-cell sample taken from a living, sanctuary-grazing cow, aiming to offer animal-friendly leather adornments.

## Problem
The creators frame conventional leather as dependent on animal harm and present a gap for ethically sourced, real leather that preserves the material's qualities without sacrificing animal welfare. They position the project as evidence that leather can be made while the donor animal continues to live and be cared for at a sanctuary.

## Solution / Product Overview
The project offers jewelry featuring inlays of cultivated leather grown from the donor cow's skin cells on a plant-based scaffold. The leather is produced in bioreactors and then vegetable-tanned. A proposed plan is to offer a limited series where backers can select which specific sanctuary-grazing cow (from a small, named group) their leather cells originated from, accompanied by a brief profile of that animal. A proposed plan also includes offering a simple, low-cost reward tier for a cultivated leather sample swatch mounted on a display card. A proposed plan is to offer a 'pairing' reward tier that includes both a sample swatch and a small, finished jewelry item using leather from the same donor cow. A proposed plan is to offer a simple, digital 'material passport' linking to details about the cultivation process, tanning, and the specific donor cow. A proposed plan is to include a photo or illustration of the specific named donor cow in the 'material passport' or on the display card for the sample swatch tier.

## Key Features & Capabilities
- Real leather cultivated from living-animal skin cells grown on a plant-derived scaffold.
- Inlays set within metal bezels and protected under a glass dome cabochon.
- Options to choose hypoallergenic stainless steel or sterling silver for certain pieces.
- Offered in multiple size, color, and material combinations.
- Packaged in eco-friendly boxes cushioned with plant seed fiber used in the cultivation process.
- A proposed limited series would allow backers to select the specific named donor cow and receive a profile of that animal.
- A proposed plan to conduct and share the results of a standard durability test on the cultivated leather inlay.
- A proposed plan to conduct a small-scale, documented 'aging' test on the cultivated leather and include the results in the 'material passport' content.
- A proposed plan to offer a low-cost reward tier providing a sample swatch of the cultivated leather on a display card.
- A proposed plan to offer a 'pairing' reward tier including a sample swatch and a small finished jewelry item from the same donor cow.
- A proposed plan to offer a simple, digital 'material passport' linking to details about the cultivation process, tanning, and the specific donor cow.
- A proposed plan to include a photo or illustration of the specific named donor cow in the 'material passport' or on the display card for the sample swatch tier.
- A proposed plan to include a high-resolution, downloadable video showing the cultivated leather's texture and response to bending/flexing in the 'material passport' content.
- A proposed plan to create a basic, clear infographic explaining the cultivation process from cell sample to finished inlay.
- A proposed plan for a 'pre-launch' email series explaining the cultivation process in simple terms to educate and build trust before the campaign.
- A proposed plan to create and share a simple, side-by-side comparison chart (texture, thickness, flexibility) between the cultivated leather and a conventional leather swatch in the pre-launch email series to directly address material quality questions.

## Target Users & Use Cases
The campaign speaks to people seeking animal-friendly, sustainable jewelry and those interested in owning a first-of-its-kind heirloom piece made from cultivated leather grown from a specific donor animal's cells. The proposed sample swatch tier is intended for backers who wish to verify the material's look and feel firsthand. The proposed 'pairing' tier is intended for backers who want to both inspect the material and see it in a finished application. The proposed 'material passport' and its proposed video and aging test content are intended to increase transparency. The proposed inclusion of a donor cow photo or illustration is intended to strengthen the emotional connection. The proposed 'pre-launch' email series, including the proposed side-by-side comparison chart, is intended to educate potential backers about the science, ethics, and material quality of the process before the campaign begins.

## Development Status
The team shows finished jewelry inlays and describes past milestones: cells were isolated harmlessly in 2023, prototypes include a pendant and a card holder made in early 2025, and the leather is grown with patent-pending plant-based scaffolding. They state there are no outside approvals required and that the technology and cell lines are owned by the creators.

## Roadmap & Delivery Plan
Planned actions include pilot testing to tune color and texture, inspecting scaffold density before use, preparing different concentrations of plant-based tanning ingredients, and securing jewelry settings after style counts are finalized at the end of the campaign. A proposed plan includes testing the cultivated leather inlays using a standard durability test and sharing the results. A proposed plan includes conducting a small-scale, documented 'aging' test on the cultivated leather and including the results in the 'material passport' content. Production scaling will be addressed by adjusting modular cultivated-leather bioreactor technology and resources. If the limited donor-selection series is offered, plans would include finalizing the list of named donor animals and preparing their brief profiles. If the sample swatch tier is offered, plans would include preparing the swatches and display cards, and a proposed plan would include adding a photo or illustration of the specific donor cow. If the 'pairing' tier is offered, plans would include producing the small finished jewelry items and coordinating them with matching sample swatches. If the 'material passport' is offered, plans would include creating the digital content and generating unique QR codes, and a proposed plan would include adding a donor cow photo or illustration. A proposed plan would include creating a high-resolution video showing the leather's texture and flex for inclusion in the 'material passport' content. A proposed plan would include creating a basic infographic explaining the cultivation process. A proposed plan includes creating and sending a 'pre-launch' email series explaining the cultivation process in simple terms, which would include the proposed side-by-side comparison chart.

## Why Crowdfunding / Use of Funds
Funds support bringing the cultivated-leather jewelry to backers: producing inlays, performing pilot tests for consistency, and procuring jewelry settings and sustainable packaging to deliver finished pieces. If offered, funds would also support producing sample swatches and display cards. If offered, funds would also support producing the small finished jewelry items and coordinating them with sample swatches for the 'pairing' tier. If offered, funds would also support the development and hosting of the 'material passport' digital content, including the proposed high-resolution video, the proposed aging test documentation, the proposed infographic, and the proposed donor cow photo or illustration. A proposed plan would allocate funds for the creation and distribution of the 'pre-launch' email series, including the proposed side-by-side comparison chart.

## Risks & Challenges
Stated risks include: loss of cryopreserved cells (mitigated by storage at multiple facilities); variability in final color and surface texture from vegetable tanning and scaffold differences (addressed through pilot testing and scaffold inspection); potential supply-chain changes requiring alternate jewelry settings of equal or better quality; and possible extended delivery times for later backers if demand is high.

## Team & Partnerships
The effort is led by a founder with long-term tissue-engineering experience and cellular-agriculture leadership since 2018, who worked with a sanctuary and veterinary professionals to isolate the donor cells.

## What's Included
Jewelry pieces with cultivated-leather inlays and, for some items, a waxed linen cord; components are housed in metal bezels and glass cabochons. A proposed reward tier would include a cultivated leather sample swatch on a display card. A proposed 'pairing' reward tier would include both a sample swatch and a small finished jewelry item using leather from the same donor cow. A proposed plan includes offering a simple, digital 'material passport' linking to details about the cultivation process, tanning, and the specific donor cow. A proposed plan is to include a photo or illustration of the specific named donor cow in the 'material passport' or on the display card for the sample swatch tier.

## Technical Details
- Plant-based scaffold from kapok seed fibers, needle-felted.
- Surface treatment with plant-derived ingredients to promote cell attachment.
- Cells produce collagen that becomes vegetable-tanned leather.
- Approximate inlay dimension: 10 mm × 50 mm."
"local","11","L11.4","specialized_rewrite","L10.4","","False","prospective_framing_safeguard","[""A proposed plan to conduct a basic water-resistance or stain-resistance test on the cultivated leather inlay to address practical durability concerns."", ""A proposed plan includes conducting a basic water-resistance or stain-resistance test on the cultivated leather inlay.""]","True","accepted","[]","Prospective-framing safeguard overrode the model's rejection because every flagged claim is explicitly hypothetical, proposed, planned, or future-tense and none asserts an existing accomplishment. Initial model analysis: The candidate introduces a new proposed test for 'water-resistance or stain-resistance' in both the 'Key Features & Capabilities' and 'Roadmap & Delivery Plan' sections. The authorized source material only mentions a 'standard durability test' and an 'aging test' as proposed plans. The candidate's addition of a specific, different type of test (water/stain resistance) is not framed as a proposal in the source material and therefore constitutes an unsupported claim about the venture's planned activities. All other content is either directly supported by the source or correctly framed as a proposed plan consistent with the source's style.","## One-Sentence Summary
A line of heirloom jewelry uses real leather that is cultivated in bioreactors from a one-time, harmless skin-cell sample taken from a living, sanctuary-grazing cow, aiming to offer animal-friendly leather adornments.

## Problem
The creators frame conventional leather as dependent on animal harm and present a gap for ethically sourced, real leather that preserves the material's qualities without sacrificing animal welfare. They position the project as evidence that leather can be made while the donor animal continues to live and be cared for at a sanctuary.

## Solution / Product Overview
The project offers jewelry featuring inlays of cultivated leather grown from the donor cow's skin cells on a plant-based scaffold. The leather is produced in bioreactors and then vegetable-tanned. A proposed plan is to offer a limited series where backers can select which specific sanctuary-grazing cow (from a small, named group) their leather cells originated from, accompanied by a brief profile of that animal. A proposed plan also includes offering a simple, low-cost reward tier for a cultivated leather sample swatch mounted on a display card. A proposed plan is to offer a 'pairing' reward tier that includes both a sample swatch and a small, finished jewelry item using leather from the same donor cow. A proposed plan is to offer a simple, digital 'material passport' linking to details about the cultivation process, tanning, and the specific donor cow.

## Key Features & Capabilities
- Real leather cultivated from living-animal skin cells grown on a plant-derived scaffold.
- Inlays set within metal bezels and protected under a glass dome cabochon.
- Options to choose hypoallergenic stainless steel or sterling silver for certain pieces.
- Offered in multiple size, color, and material combinations.
- Packaged in eco-friendly boxes cushioned with plant seed fiber used in the cultivation process.
- A proposed limited series would allow backers to select the specific named donor cow and receive a profile of that animal.
- A proposed plan to conduct and share the results of a standard durability test on the cultivated leather inlay.
- A proposed plan to conduct a basic water-resistance or stain-resistance test on the cultivated leather inlay to address practical durability concerns.
- A proposed plan to conduct a small-scale, documented 'aging' test on the cultivated leather and include the results in the 'material passport' content.
- A proposed plan to offer a low-cost reward tier providing a sample swatch of the cultivated leather on a display card.
- A proposed plan to offer a 'pairing' reward tier including a sample swatch and a small finished jewelry item from the same donor cow.
- A proposed plan to offer a simple, digital 'material passport' linking to details about the cultivation process, tanning, and the specific donor cow.
- A proposed plan to include a high-resolution, downloadable video showing the cultivated leather's texture and response to bending/flexing in the 'material passport' content.
- A proposed plan to create a basic, clear infographic explaining the cultivation process from cell sample to finished inlay.
- A proposed plan for a 'pre-launch' email series explaining the cultivation process in simple terms to educate and build trust before the campaign.
- A proposed plan to create and share a simple, side-by-side comparison chart (texture, thickness, flexibility) between the cultivated leather and a conventional leather swatch in the pre-launch email series to directly address material quality questions.

## Target Users & Use Cases
The campaign speaks to people seeking animal-friendly, sustainable jewelry and those interested in owning a first-of-its-kind heirloom piece made from cultivated leather grown from a specific donor animal's cells. The proposed sample swatch tier is intended for backers who wish to verify the material's look and feel firsthand. The proposed 'pairing' tier is intended for backers who want to both inspect the material and see it in a finished application. The proposed 'material passport' and its proposed video and aging test content are intended to increase transparency. The proposed 'pre-launch' email series, including the proposed side-by-side comparison chart, is intended to educate potential backers about the science, ethics, and material quality of the process before the campaign begins.

## Development Status
The team shows finished jewelry inlays and describes past milestones: cells were isolated harmlessly in 2023, prototypes include a pendant and a card holder made in early 2025, and the leather is grown with patent-pending plant-based scaffolding. They state there are no outside approvals required and that the technology and cell lines are owned by the creators.

## Roadmap & Delivery Plan
Planned actions include pilot testing to tune color and texture, inspecting scaffold density before use, preparing different concentrations of plant-based tanning ingredients, and securing jewelry settings after style counts are finalized at the end of the campaign. A proposed plan includes testing the cultivated leather inlays using a standard durability test and sharing the results. A proposed plan includes conducting a basic water-resistance or stain-resistance test on the cultivated leather inlay. A proposed plan includes conducting a small-scale, documented 'aging' test on the cultivated leather and including the results in the 'material passport' content. Production scaling will be addressed by adjusting modular cultivated-leather bioreactor technology and resources. If the limited donor-selection series is offered, plans would include finalizing the list of named donor animals and preparing their brief profiles. If the sample swatch tier is offered, plans would include preparing the swatches and display cards. If the 'pairing' tier is offered, plans would include producing the small finished jewelry items and coordinating them with matching sample swatches. If the 'material passport' is offered, plans would include creating the digital content and generating unique QR codes. A proposed plan would include creating a high-resolution video showing the leather's texture and flex for inclusion in the 'material passport' content. A proposed plan would include creating a basic infographic explaining the cultivation process. A proposed plan includes creating and sending a 'pre-launch' email series explaining the cultivation process in simple terms, which would include the proposed side-by-side comparison chart.

## Why Crowdfunding / Use of Funds
Funds support bringing the cultivated-leather jewelry to backers: producing inlays, performing pilot tests for consistency, and procuring jewelry settings and sustainable packaging to deliver finished pieces. If offered, funds would also support producing sample swatches and display cards. If offered, funds would also support producing the small finished jewelry items and coordinating them with sample swatches for the 'pairing' tier. If offered, funds would also support the development and hosting of the 'material passport' digital content, including the proposed high-resolution video, the proposed aging test documentation, and the proposed infographic. A proposed plan would allocate funds for the creation and distribution of the 'pre-launch' email series, including the proposed side-by-side comparison chart.

## Risks & Challenges
Stated risks include: loss of cryopreserved cells (mitigated by storage at multiple facilities); variability in final color and surface texture from vegetable tanning and scaffold differences (addressed through pilot testing and scaffold inspection); potential supply-chain changes requiring alternate jewelry settings of equal or better quality; and possible extended delivery times for later backers if demand is high.

## Team & Partnerships
The effort is led by a founder with long-term tissue-engineering experience and cellular-agriculture leadership since 2018, who worked with a sanctuary and veterinary professionals to isolate the donor cells.

## What's Included
Jewelry pieces with cultivated-leather inlays and, for some items, a waxed linen cord; components are housed in metal bezels and glass cabochons. A proposed reward tier would include a cultivated leather sample swatch on a display card. A proposed 'pairing' reward tier would include both a sample swatch and a small finished jewelry item using leather from the same donor cow. A proposed plan includes offering a simple, digital 'material passport' linking to details about the cultivation process, tanning, and the specific donor cow.

## Technical Details
- Plant-based scaffold from kapok seed fibers, needle-felted.
- Surface treatment with plant-derived ingredients to promote cell attachment.
- Cells produce collagen that becomes vegetable-tanned leather.
- Approximate inlay dimension: 10 mm × 50 mm.","## One-Sentence Summary
A line of heirloom jewelry uses real leather that is cultivated in bioreactors from a one-time, harmless skin-cell sample taken from a living, sanctuary-grazing cow, aiming to offer animal-friendly leather adornments.

## Problem
The creators frame conventional leather as dependent on animal harm and present a gap for ethically sourced, real leather that preserves the material's qualities without sacrificing animal welfare. They position the project as evidence that leather can be made while the donor animal continues to live and be cared for at a sanctuary.

## Solution / Product Overview
The project offers jewelry featuring inlays of cultivated leather grown from the donor cow's skin cells on a plant-based scaffold. The leather is produced in bioreactors and then vegetable-tanned. A proposed plan is to offer a limited series where backers can select which specific sanctuary-grazing cow (from a small, named group) their leather cells originated from, accompanied by a brief profile of that animal. A proposed plan also includes offering a simple, low-cost reward tier for a cultivated leather sample swatch mounted on a display card. A proposed plan is to offer a 'pairing' reward tier that includes both a sample swatch and a small, finished jewelry item using leather from the same donor cow. A proposed plan is to offer a simple, digital 'material passport' linking to details about the cultivation process, tanning, and the specific donor cow.

## Key Features & Capabilities
- Real leather cultivated from living-animal skin cells grown on a plant-derived scaffold.
- Inlays set within metal bezels and protected under a glass dome cabochon.
- Options to choose hypoallergenic stainless steel or sterling silver for certain pieces.
- Offered in multiple size, color, and material combinations.
- Packaged in eco-friendly boxes cushioned with plant seed fiber used in the cultivation process.
- A proposed limited series would allow backers to select the specific named donor cow and receive a profile of that animal.
- A proposed plan to conduct and share the results of a standard durability test on the cultivated leather inlay.
- A proposed plan to conduct a basic water-resistance or stain-resistance test on the cultivated leather inlay to address practical durability concerns.
- A proposed plan to conduct a small-scale, documented 'aging' test on the cultivated leather and include the results in the 'material passport' content.
- A proposed plan to offer a low-cost reward tier providing a sample swatch of the cultivated leather on a display card.
- A proposed plan to offer a 'pairing' reward tier including a sample swatch and a small finished jewelry item from the same donor cow.
- A proposed plan to offer a simple, digital 'material passport' linking to details about the cultivation process, tanning, and the specific donor cow.
- A proposed plan to include a high-resolution, downloadable video showing the cultivated leather's texture and response to bending/flexing in the 'material passport' content.
- A proposed plan to create a basic, clear infographic explaining the cultivation process from cell sample to finished inlay.
- A proposed plan for a 'pre-launch' email series explaining the cultivation process in simple terms to educate and build trust before the campaign.
- A proposed plan to create and share a simple, side-by-side comparison chart (texture, thickness, flexibility) between the cultivated leather and a conventional leather swatch in the pre-launch email series to directly address material quality questions.

## Target Users & Use Cases
The campaign speaks to people seeking animal-friendly, sustainable jewelry and those interested in owning a first-of-its-kind heirloom piece made from cultivated leather grown from a specific donor animal's cells. The proposed sample swatch tier is intended for backers who wish to verify the material's look and feel firsthand. The proposed 'pairing' tier is intended for backers who want to both inspect the material and see it in a finished application. The proposed 'material passport' and its proposed video and aging test content are intended to increase transparency. The proposed 'pre-launch' email series, including the proposed side-by-side comparison chart, is intended to educate potential backers about the science, ethics, and material quality of the process before the campaign begins.

## Development Status
The team shows finished jewelry inlays and describes past milestones: cells were isolated harmlessly in 2023, prototypes include a pendant and a card holder made in early 2025, and the leather is grown with patent-pending plant-based scaffolding. They state there are no outside approvals required and that the technology and cell lines are owned by the creators.

## Roadmap & Delivery Plan
Planned actions include pilot testing to tune color and texture, inspecting scaffold density before use, preparing different concentrations of plant-based tanning ingredients, and securing jewelry settings after style counts are finalized at the end of the campaign. A proposed plan includes testing the cultivated leather inlays using a standard durability test and sharing the results. A proposed plan includes conducting a basic water-resistance or stain-resistance test on the cultivated leather inlay. A proposed plan includes conducting a small-scale, documented 'aging' test on the cultivated leather and including the results in the 'material passport' content. Production scaling will be addressed by adjusting modular cultivated-leather bioreactor technology and resources. If the limited donor-selection series is offered, plans would include finalizing the list of named donor animals and preparing their brief profiles. If the sample swatch tier is offered, plans would include preparing the swatches and display cards. If the 'pairing' tier is offered, plans would include producing the small finished jewelry items and coordinating them with matching sample swatches. If the 'material passport' is offered, plans would include creating the digital content and generating unique QR codes. A proposed plan would include creating a high-resolution video showing the leather's texture and flex for inclusion in the 'material passport' content. A proposed plan would include creating a basic infographic explaining the cultivation process. A proposed plan includes creating and sending a 'pre-launch' email series explaining the cultivation process in simple terms, which would include the proposed side-by-side comparison chart.

## Why Crowdfunding / Use of Funds
Funds support bringing the cultivated-leather jewelry to backers: producing inlays, performing pilot tests for consistency, and procuring jewelry settings and sustainable packaging to deliver finished pieces. If offered, funds would also support producing sample swatches and display cards. If offered, funds would also support producing the small finished jewelry items and coordinating them with sample swatches for the 'pairing' tier. If offered, funds would also support the development and hosting of the 'material passport' digital content, including the proposed high-resolution video, the proposed aging test documentation, and the proposed infographic. A proposed plan would allocate funds for the creation and distribution of the 'pre-launch' email series, including the proposed side-by-side comparison chart.

## Risks & Challenges
Stated risks include: loss of cryopreserved cells (mitigated by storage at multiple facilities); variability in final color and surface texture from vegetable tanning and scaffold differences (addressed through pilot testing and scaffold inspection); potential supply-chain changes requiring alternate jewelry settings of equal or better quality; and possible extended delivery times for later backers if demand is high.

## Team & Partnerships
The effort is led by a founder with long-term tissue-engineering experience and cellular-agriculture leadership since 2018, who worked with a sanctuary and veterinary professionals to isolate the donor cells.

## What's Included
Jewelry pieces with cultivated-leather inlays and, for some items, a waxed linen cord; components are housed in metal bezels and glass cabochons. A proposed reward tier would include a cultivated leather sample swatch on a display card. A proposed 'pairing' reward tier would include both a sample swatch and a small finished jewelry item using leather from the same donor cow. A proposed plan includes offering a simple, digital 'material passport' linking to details about the cultivation process, tanning, and the specific donor cow.

## Technical Details
- Plant-based scaffold from kapok seed fibers, needle-felted.
- Surface treatment with plant-derived ingredients to promote cell attachment.
- Cells produce collagen that becomes vegetable-tanned leather.
- Approximate inlay dimension: 10 mm × 50 mm."
"local","11","L11.5","specialized_rewrite","L10.4","","False","prospective_framing_safeguard","[""A proposed plan is to offer a limited-edition reward tier where backers can submit a name suggestion for a future donor cow, with the winning name used in a subsequent production batch."", ""A proposed plan to offer a limited-edition reward tier where backers can submit a name suggestion for a future donor cow, with the winning name used in a subsequent production batch."", ""The proposed limited-edition naming tier is intended to foster community involvement."", ""A proposed plan includes administering the limited-edition naming tier and selecting a winning name for a future donor cow."", ""A proposed plan would allocate funds for administering the limited-edition naming tier."", ""A proposed plan includes offering a limited-edition reward tier where backers can submit a name suggestion for a future donor cow.""]","True","accepted","[]","Prospective-framing safeguard overrode the model's rejection because every flagged claim is explicitly hypothetical, proposed, planned, or future-tense and none asserts an existing accomplishment. Initial model analysis: The candidate introduces a new, specific reward tier (limited-edition naming tier) across multiple sections (Solution, Key Features, Target Users, Roadmap, Use of Funds, What's Included). While new proposals are allowed, this tier is presented as a 'proposed plan' but is not framed as a proposal, plan, target, or hypothesis in the authorized source material. The source material contains no mention of any naming tier, future donor cow selection by backers, or community naming activities. Therefore, these statements are unsupported additions to the factual record, not clearly framed as new proposals by the auditor's standard, as they originate solely from the candidate.","## One-Sentence Summary
A line of heirloom jewelry uses real leather that is cultivated in bioreactors from a one-time, harmless skin-cell sample taken from a living, sanctuary-grazing cow, aiming to offer animal-friendly leather adornments.

## Problem
The creators frame conventional leather as dependent on animal harm and present a gap for ethically sourced, real leather that preserves the material's qualities without sacrificing animal welfare. They position the project as evidence that leather can be made while the donor animal continues to live and be cared for at a sanctuary.

## Solution / Product Overview
The project offers jewelry featuring inlays of cultivated leather grown from the donor cow's skin cells on a plant-based scaffold. The leather is produced in bioreactors and then vegetable-tanned. A proposed plan is to offer a limited series where backers can select which specific sanctuary-grazing cow (from a small, named group) their leather cells originated from, accompanied by a brief profile of that animal. A proposed plan also includes offering a simple, low-cost reward tier for a cultivated leather sample swatch mounted on a display card. A proposed plan is to offer a 'pairing' reward tier that includes both a sample swatch and a small, finished jewelry item using leather from the same donor cow. A proposed plan is to offer a simple, digital 'material passport' linking to details about the cultivation process, tanning, and the specific donor cow. A proposed plan is to offer a limited-edition reward tier where backers can submit a name suggestion for a future donor cow, with the winning name used in a subsequent production batch.

## Key Features & Capabilities
- Real leather cultivated from living-animal skin cells grown on a plant-derived scaffold.
- Inlays set within metal bezels and protected under a glass dome cabochon.
- Options to choose hypoallergenic stainless steel or sterling silver for certain pieces.
- Offered in multiple size, color, and material combinations.
- Packaged in eco-friendly boxes cushioned with plant seed fiber used in the cultivation process.
- A proposed limited series would allow backers to select the specific named donor cow and receive a profile of that animal.
- A proposed plan to conduct and share the results of a standard durability test on the cultivated leather inlay.
- A proposed plan to conduct a small-scale, documented 'aging' test on the cultivated leather and include the results in the 'material passport' content.
- A proposed plan to offer a low-cost reward tier providing a sample swatch of the cultivated leather on a display card.
- A proposed plan to offer a 'pairing' reward tier including a sample swatch and a small finished jewelry item from the same donor cow.
- A proposed plan to offer a simple, digital 'material passport' linking to details about the cultivation process, tanning, and the specific donor cow.
- A proposed plan to include a high-resolution, downloadable video showing the cultivated leather's texture and response to bending/flexing in the 'material passport' content.
- A proposed plan to create a basic, clear infographic explaining the cultivation process from cell sample to finished inlay.
- A proposed plan for a 'pre-launch' email series explaining the cultivation process in simple terms to educate and build trust before the campaign.
- A proposed plan to create and share a simple, side-by-side comparison chart (texture, thickness, flexibility) between the cultivated leather and a conventional leather swatch in the pre-launch email series to directly address material quality questions.
- A proposed plan to offer a limited-edition reward tier where backers can submit a name suggestion for a future donor cow, with the winning name used in a subsequent production batch.

## Target Users & Use Cases
The campaign speaks to people seeking animal-friendly, sustainable jewelry and those interested in owning a first-of-its-kind heirloom piece made from cultivated leather grown from a specific donor animal's cells. The proposed sample swatch tier is intended for backers who wish to verify the material's look and feel firsthand. The proposed 'pairing' tier is intended for backers who want to both inspect the material and see it in a finished application. The proposed 'material passport' and its proposed video and aging test content are intended to increase transparency. The proposed 'pre-launch' email series, including the proposed side-by-side comparison chart, is intended to educate potential backers about the science, ethics, and material quality of the process before the campaign begins. The proposed limited-edition naming tier is intended to foster community involvement.

## Development Status
The team shows finished jewelry inlays and describes past milestones: cells were isolated harmlessly in 2023, prototypes include a pendant and a card holder made in early 2025, and the leather is grown with patent-pending plant-based scaffolding. They state there are no outside approvals required and that the technology and cell lines are owned by the creators.

## Roadmap & Delivery Plan
Planned actions include pilot testing to tune color and texture, inspecting scaffold density before use, preparing different concentrations of plant-based tanning ingredients, and securing jewelry settings after style counts are finalized at the end of the campaign. A proposed plan includes testing the cultivated leather inlays using a standard durability test and sharing the results. A proposed plan includes conducting a small-scale, documented 'aging' test on the cultivated leather and including the results in the 'material passport' content. Production scaling will be addressed by adjusting modular cultivated-leather bioreactor technology and resources. If the limited donor-selection series is offered, plans would include finalizing the list of named donor animals and preparing their brief profiles. If the sample swatch tier is offered, plans would include preparing the swatches and display cards. If the 'pairing' tier is offered, plans would include producing the small finished jewelry items and coordinating them with matching sample swatches. If the 'material passport' is offered, plans would include creating the digital content and generating unique QR codes. A proposed plan would include creating a high-resolution video showing the leather's texture and flex for inclusion in the 'material passport' content. A proposed plan would include creating a basic infographic explaining the cultivation process. A proposed plan includes creating and sending a 'pre-launch' email series explaining the cultivation process in simple terms, which would include the proposed side-by-side comparison chart. A proposed plan includes administering the limited-edition naming tier and selecting a winning name for a future donor cow.

## Why Crowdfunding / Use of Funds
Funds support bringing the cultivated-leather jewelry to backers: producing inlays, performing pilot tests for consistency, and procuring jewelry settings and sustainable packaging to deliver finished pieces. If offered, funds would also support producing sample swatches and display cards. If offered, funds would also support producing the small finished jewelry items and coordinating them with sample swatches for the 'pairing' tier. If offered, funds would also support the development and hosting of the 'material passport' digital content, including the proposed high-resolution video, the proposed aging test documentation, and the proposed infographic. A proposed plan would allocate funds for the creation and distribution of the 'pre-launch' email series, including the proposed side-by-side comparison chart. A proposed plan would allocate funds for administering the limited-edition naming tier.

## Risks & Challenges
Stated risks include: loss of cryopreserved cells (mitigated by storage at multiple facilities); variability in final color and surface texture from vegetable tanning and scaffold differences (addressed through pilot testing and scaffold inspection); potential supply-chain changes requiring alternate jewelry settings of equal or better quality; and possible extended delivery times for later backers if demand is high.

## Team & Partnerships
The effort is led by a founder with long-term tissue-engineering experience and cellular-agriculture leadership since 2018, who worked with a sanctuary and veterinary professionals to isolate the donor cells.

## What's Included
Jewelry pieces with cultivated-leather inlays and, for some items, a waxed linen cord; components are housed in metal bezels and glass cabochons. A proposed reward tier would include a cultivated leather sample swatch on a display card. A proposed 'pairing' reward tier would include both a sample swatch and a small finished jewelry item using leather from the same donor cow. A proposed plan includes offering a simple, digital 'material passport' linking to details about the cultivation process, tanning, and the specific donor cow. A proposed plan includes offering a limited-edition reward tier where backers can submit a name suggestion for a future donor cow.

## Technical Details
- Plant-based scaffold from kapok seed fibers, needle-felted.
- Surface treatment with plant-derived ingredients to promote cell attachment.
- Cells produce collagen that becomes vegetable-tanned leather.
- Approximate inlay dimension: 10 mm × 50 mm.","## One-Sentence Summary
A line of heirloom jewelry uses real leather that is cultivated in bioreactors from a one-time, harmless skin-cell sample taken from a living, sanctuary-grazing cow, aiming to offer animal-friendly leather adornments.

## Problem
The creators frame conventional leather as dependent on animal harm and present a gap for ethically sourced, real leather that preserves the material's qualities without sacrificing animal welfare. They position the project as evidence that leather can be made while the donor animal continues to live and be cared for at a sanctuary.

## Solution / Product Overview
The project offers jewelry featuring inlays of cultivated leather grown from the donor cow's skin cells on a plant-based scaffold. The leather is produced in bioreactors and then vegetable-tanned. A proposed plan is to offer a limited series where backers can select which specific sanctuary-grazing cow (from a small, named group) their leather cells originated from, accompanied by a brief profile of that animal. A proposed plan also includes offering a simple, low-cost reward tier for a cultivated leather sample swatch mounted on a display card. A proposed plan is to offer a 'pairing' reward tier that includes both a sample swatch and a small, finished jewelry item using leather from the same donor cow. A proposed plan is to offer a simple, digital 'material passport' linking to details about the cultivation process, tanning, and the specific donor cow. A proposed plan is to offer a limited-edition reward tier where backers can submit a name suggestion for a future donor cow, with the winning name used in a subsequent production batch.

## Key Features & Capabilities
- Real leather cultivated from living-animal skin cells grown on a plant-derived scaffold.
- Inlays set within metal bezels and protected under a glass dome cabochon.
- Options to choose hypoallergenic stainless steel or sterling silver for certain pieces.
- Offered in multiple size, color, and material combinations.
- Packaged in eco-friendly boxes cushioned with plant seed fiber used in the cultivation process.
- A proposed limited series would allow backers to select the specific named donor cow and receive a profile of that animal.
- A proposed plan to conduct and share the results of a standard durability test on the cultivated leather inlay.
- A proposed plan to conduct a small-scale, documented 'aging' test on the cultivated leather and include the results in the 'material passport' content.
- A proposed plan to offer a low-cost reward tier providing a sample swatch of the cultivated leather on a display card.
- A proposed plan to offer a 'pairing' reward tier including a sample swatch and a small finished jewelry item from the same donor cow.
- A proposed plan to offer a simple, digital 'material passport' linking to details about the cultivation process, tanning, and the specific donor cow.
- A proposed plan to include a high-resolution, downloadable video showing the cultivated leather's texture and response to bending/flexing in the 'material passport' content.
- A proposed plan to create a basic, clear infographic explaining the cultivation process from cell sample to finished inlay.
- A proposed plan for a 'pre-launch' email series explaining the cultivation process in simple terms to educate and build trust before the campaign.
- A proposed plan to create and share a simple, side-by-side comparison chart (texture, thickness, flexibility) between the cultivated leather and a conventional leather swatch in the pre-launch email series to directly address material quality questions.
- A proposed plan to offer a limited-edition reward tier where backers can submit a name suggestion for a future donor cow, with the winning name used in a subsequent production batch.

## Target Users & Use Cases
The campaign speaks to people seeking animal-friendly, sustainable jewelry and those interested in owning a first-of-its-kind heirloom piece made from cultivated leather grown from a specific donor animal's cells. The proposed sample swatch tier is intended for backers who wish to verify the material's look and feel firsthand. The proposed 'pairing' tier is intended for backers who want to both inspect the material and see it in a finished application. The proposed 'material passport' and its proposed video and aging test content are intended to increase transparency. The proposed 'pre-launch' email series, including the proposed side-by-side comparison chart, is intended to educate potential backers about the science, ethics, and material quality of the process before the campaign begins. The proposed limited-edition naming tier is intended to foster community involvement.

## Development Status
The team shows finished jewelry inlays and describes past milestones: cells were isolated harmlessly in 2023, prototypes include a pendant and a card holder made in early 2025, and the leather is grown with patent-pending plant-based scaffolding. They state there are no outside approvals required and that the technology and cell lines are owned by the creators.

## Roadmap & Delivery Plan
Planned actions include pilot testing to tune color and texture, inspecting scaffold density before use, preparing different concentrations of plant-based tanning ingredients, and securing jewelry settings after style counts are finalized at the end of the campaign. A proposed plan includes testing the cultivated leather inlays using a standard durability test and sharing the results. A proposed plan includes conducting a small-scale, documented 'aging' test on the cultivated leather and including the results in the 'material passport' content. Production scaling will be addressed by adjusting modular cultivated-leather bioreactor technology and resources. If the limited donor-selection series is offered, plans would include finalizing the list of named donor animals and preparing their brief profiles. If the sample swatch tier is offered, plans would include preparing the swatches and display cards. If the 'pairing' tier is offered, plans would include producing the small finished jewelry items and coordinating them with matching sample swatches. If the 'material passport' is offered, plans would include creating the digital content and generating unique QR codes. A proposed plan would include creating a high-resolution video showing the leather's texture and flex for inclusion in the 'material passport' content. A proposed plan would include creating a basic infographic explaining the cultivation process. A proposed plan includes creating and sending a 'pre-launch' email series explaining the cultivation process in simple terms, which would include the proposed side-by-side comparison chart. A proposed plan includes administering the limited-edition naming tier and selecting a winning name for a future donor cow.

## Why Crowdfunding / Use of Funds
Funds support bringing the cultivated-leather jewelry to backers: producing inlays, performing pilot tests for consistency, and procuring jewelry settings and sustainable packaging to deliver finished pieces. If offered, funds would also support producing sample swatches and display cards. If offered, funds would also support producing the small finished jewelry items and coordinating them with sample swatches for the 'pairing' tier. If offered, funds would also support the development and hosting of the 'material passport' digital content, including the proposed high-resolution video, the proposed aging test documentation, and the proposed infographic. A proposed plan would allocate funds for the creation and distribution of the 'pre-launch' email series, including the proposed side-by-side comparison chart. A proposed plan would allocate funds for administering the limited-edition naming tier.

## Risks & Challenges
Stated risks include: loss of cryopreserved cells (mitigated by storage at multiple facilities); variability in final color and surface texture from vegetable tanning and scaffold differences (addressed through pilot testing and scaffold inspection); potential supply-chain changes requiring alternate jewelry settings of equal or better quality; and possible extended delivery times for later backers if demand is high.

## Team & Partnerships
The effort is led by a founder with long-term tissue-engineering experience and cellular-agriculture leadership since 2018, who worked with a sanctuary and veterinary professionals to isolate the donor cells.

## What's Included
Jewelry pieces with cultivated-leather inlays and, for some items, a waxed linen cord; components are housed in metal bezels and glass cabochons. A proposed reward tier would include a cultivated leather sample swatch on a display card. A proposed 'pairing' reward tier would include both a sample swatch and a small finished jewelry item using leather from the same donor cow. A proposed plan includes offering a simple, digital 'material passport' linking to details about the cultivation process, tanning, and the specific donor cow. A proposed plan includes offering a limited-edition reward tier where backers can submit a name suggestion for a future donor cow.

## Technical Details
- Plant-based scaffold from kapok seed fibers, needle-felted.
- Surface treatment with plant-derived ingredients to promote cell attachment.
- Cells produce collagen that becomes vegetable-tanned leather.
- Approximate inlay dimension: 10 mm × 50 mm."
"local","12","L12.1","specialized_rewrite","L11.1","","True","model_audit","[]","True","accepted","[]","All statements about existing real-world evidence or status are supported by the authorized source material. The candidate accurately reproduces factual claims about development status (cells isolated in 2023, prototypes made in early 2025, patent-pending scaffolding), team credentials, and technical details. All additions beyond the source material are explicitly framed as proposed plans, targets, or hypotheticals (e.g., 'a proposed plan to create a basic, clear infographic... which would include a clear, simple visual timeline', 'a proposed plan includes...', 'If offered, funds would also support...'). No unsupported claims about existing traction, customers, revenue, partnerships, or accomplished evidence were introduced.","## One-Sentence Summary
A line of heirloom jewelry uses real leather that is cultivated in bioreactors from a one-time, harmless skin-cell sample taken from a living, sanctuary-grazing cow, aiming to offer animal-friendly leather adornments.

## Problem
The creators frame conventional leather as dependent on animal harm and present a gap for ethically sourced, real leather that preserves the material's qualities without sacrificing animal welfare. They position the project as evidence that leather can be made while the donor animal continues to live and be cared for at a sanctuary.

## Solution / Product Overview
The project offers jewelry featuring inlays of cultivated leather grown from the donor cow's skin cells on a plant-based scaffold. The leather is produced in bioreactors and then vegetable-tanned. A proposed plan is to offer a limited series where backers can select which specific sanctuary-grazing cow (from a small, named group) their leather cells originated from, accompanied by a brief profile of that animal. A proposed plan also includes offering a simple, low-cost reward tier for a cultivated leather sample swatch mounted on a display card. A proposed plan is to offer a 'pairing' reward tier that includes both a sample swatch and a small, finished jewelry item using leather from the same donor cow. A proposed plan is to offer a simple, digital 'material passport' linking to details about the cultivation process, tanning, and the specific donor cow. A proposed plan is to offer a small, low-cost digital-only reward tier (e.g., early access to the 'material passport' content) to engage backers with minimal budgets and increase campaign reach.

## Key Features & Capabilities
- Real leather cultivated from living-animal skin cells grown on a plant-derived scaffold.
- Inlays set within metal bezels and protected under a glass dome cabochon.
- Options to choose hypoallergenic stainless steel or sterling silver for certain pieces.
- Offered in multiple size, color, and material combinations.
- Packaged in eco-friendly boxes cushioned with plant seed fiber used in the cultivation process.
- A proposed limited series would allow backers to select the specific named donor cow and receive a profile of that animal.
- A proposed plan to conduct and share the results of a standard durability test on the cultivated leather inlay.
- A proposed plan to conduct a small-scale, documented 'aging' test on the cultivated leather and include the results in the 'material passport' content.
- A proposed plan to offer a low-cost reward tier providing a sample swatch of the cultivated leather on a display card.
- A proposed plan to offer a 'pairing' reward tier including a sample swatch and a small finished jewelry item from the same donor cow.
- A proposed plan to offer a simple, digital 'material passport' linking to details about the cultivation process, tanning, and the specific donor cow.
- A proposed plan to offer a small, low-cost digital-only reward tier (e.g., early access to the 'material passport' content).
- A proposed plan to include a high-resolution, downloadable video showing the cultivated leather's texture and response to bending/flexing in the 'material passport' content.
- A proposed plan to create a basic, clear infographic explaining the cultivation process from cell sample to finished inlay, which would include a clear, simple visual timeline showing the exact steps from cell sampling to finished jewelry.
- A proposed plan for a 'pre-launch' email series explaining the cultivation process in simple terms to educate and build trust before the campaign.
- A proposed plan to create and share a simple, side-by-side comparison chart (texture, thickness, flexibility) between the cultivated leather and a conventional leather swatch in the pre-launch email series to directly address material quality questions.

## Target Users & Use Cases
The campaign speaks to people seeking animal-friendly, sustainable jewelry and those interested in owning a first-of-its-kind heirloom piece made from cultivated leather grown from a specific donor animal's cells. The proposed sample swatch tier is intended for backers who wish to verify the material's look and feel firsthand. The proposed 'pairing' tier is intended for backers who want to both inspect the material and see it in a finished application. The proposed 'material passport' and its proposed video and aging test content, including the proposed visual timeline infographic, are intended to increase transparency. The proposed small, low-cost digital-only reward tier is intended to engage backers with minimal budgets and increase campaign reach. The proposed 'pre-launch' email series, including the proposed side-by-side comparison chart, is intended to educate potential backers about the science, ethics, and material quality of the process before the campaign begins.

## Development Status
The team shows finished jewelry inlays and describes past milestones: cells were isolated harmlessly in 2023, prototypes include a pendant and a card holder made in early 2025, and the leather is grown with patent-pending plant-based scaffolding. They state there are no outside approvals required and that the technology and cell lines are owned by the creators.

## Roadmap & Delivery Plan
Planned actions include pilot testing to tune color and texture, inspecting scaffold density before use, preparing different concentrations of plant-based tanning ingredients, and securing jewelry settings after style counts are finalized at the end of the campaign. A proposed plan includes testing the cultivated leather inlays using a standard durability test and sharing the results. A proposed plan includes conducting a small-scale, documented 'aging' test on the cultivated leather and including the results in the 'material passport' content. Production scaling will be addressed by adjusting modular cultivated-leather bioreactor technology and resources. If the limited donor-selection series is offered, plans would include finalizing the list of named donor animals and preparing their brief profiles. If the sample swatch tier is offered, plans would include preparing the swatches and display cards. If the 'pairing' tier is offered, plans would include producing the small finished jewelry items and coordinating them with matching sample swatches. If the 'material passport' is offered, plans would include creating the digital content and generating unique QR codes, which would include the creation of the proposed infographic with the visual timeline. If the small, low-cost digital-only reward tier is offered, plans would include providing early access to the 'material passport' content. A proposed plan would include creating a high-resolution video showing the leather's texture and flex for inclusion in the 'material passport' content. A proposed plan includes creating and sending a 'pre-launch' email series explaining the cultivation process in simple terms, which would include the proposed side-by-side comparison chart.

## Why Crowdfunding / Use of Funds
Funds support bringing the cultivated-leather jewelry to backers: producing inlays, performing pilot tests for consistency, and procuring jewelry settings and sustainable packaging to deliver finished pieces. If offered, funds would also support producing sample swatches and display cards. If offered, funds would also support producing the small finished jewelry items and coordinating them with sample swatches for the 'pairing' tier. If offered, funds would also support the development and hosting of the 'material passport' digital content, including the proposed high-resolution video, the proposed aging test documentation, the proposed infographic with the visual timeline, and the proposed visual timeline. If offered, funds would also support the implementation of the small, low-cost digital-only reward tier. A proposed plan would allocate funds for the creation and distribution of the 'pre-launch' email series, including the proposed side-by-side comparison chart.

## Risks & Challenges
Stated risks include: loss of cryopreserved cells (mitigated by storage at multiple facilities); variability in final color and surface texture from vegetable tanning and scaffold differences (addressed through pilot testing and scaffold inspection); potential supply-chain changes requiring alternate jewelry settings of equal or better quality; and possible extended delivery times for later backers if demand is high.

## Team & Partnerships
The effort is led by a founder with long-term tissue-engineering experience and cellular-agriculture leadership since 2018, who worked with a sanctuary and veterinary professionals to isolate the donor cells.

## What's Included
Jewelry pieces with cultivated-leather inlays and, for some items, a waxed linen cord; components are housed in metal bezels and glass cabochons. A proposed reward tier would include a cultivated leather sample swatch on a display card. A proposed 'pairing' reward tier would include both a sample swatch and a small finished jewelry item using leather from the same donor cow. A proposed plan includes offering a simple, digital 'material passport' linking to details about the cultivation process, tanning, and the specific donor cow. A proposed plan includes offering a small, low-cost digital-only reward tier (e.g., early access to the 'material passport' content).

## Technical Details
- Plant-based scaffold from kapok seed fibers, needle-felted.
- Surface treatment with plant-derived ingredients to promote cell attachment.
- Cells produce collagen that becomes vegetable-tanned leather.
- Approximate inlay dimension: 10 mm × 50 mm.","## One-Sentence Summary
A line of heirloom jewelry uses real leather that is cultivated in bioreactors from a one-time, harmless skin-cell sample taken from a living, sanctuary-grazing cow, aiming to offer animal-friendly leather adornments.

## Problem
The creators frame conventional leather as dependent on animal harm and present a gap for ethically sourced, real leather that preserves the material's qualities without sacrificing animal welfare. They position the project as evidence that leather can be made while the donor animal continues to live and be cared for at a sanctuary.

## Solution / Product Overview
The project offers jewelry featuring inlays of cultivated leather grown from the donor cow's skin cells on a plant-based scaffold. The leather is produced in bioreactors and then vegetable-tanned. A proposed plan is to offer a limited series where backers can select which specific sanctuary-grazing cow (from a small, named group) their leather cells originated from, accompanied by a brief profile of that animal. A proposed plan also includes offering a simple, low-cost reward tier for a cultivated leather sample swatch mounted on a display card. A proposed plan is to offer a 'pairing' reward tier that includes both a sample swatch and a small, finished jewelry item using leather from the same donor cow. A proposed plan is to offer a simple, digital 'material passport' linking to details about the cultivation process, tanning, and the specific donor cow. A proposed plan is to offer a small, low-cost digital-only reward tier (e.g., early access to the 'material passport' content) to engage backers with minimal budgets and increase campaign reach.

## Key Features & Capabilities
- Real leather cultivated from living-animal skin cells grown on a plant-derived scaffold.
- Inlays set within metal bezels and protected under a glass dome cabochon.
- Options to choose hypoallergenic stainless steel or sterling silver for certain pieces.
- Offered in multiple size, color, and material combinations.
- Packaged in eco-friendly boxes cushioned with plant seed fiber used in the cultivation process.
- A proposed limited series would allow backers to select the specific named donor cow and receive a profile of that animal.
- A proposed plan to conduct and share the results of a standard durability test on the cultivated leather inlay.
- A proposed plan to conduct a small-scale, documented 'aging' test on the cultivated leather and include the results in the 'material passport' content.
- A proposed plan to offer a low-cost reward tier providing a sample swatch of the cultivated leather on a display card.
- A proposed plan to offer a 'pairing' reward tier including a sample swatch and a small finished jewelry item from the same donor cow.
- A proposed plan to offer a simple, digital 'material passport' linking to details about the cultivation process, tanning, and the specific donor cow.
- A proposed plan to offer a small, low-cost digital-only reward tier (e.g., early access to the 'material passport' content).
- A proposed plan to include a high-resolution, downloadable video showing the cultivated leather's texture and response to bending/flexing in the 'material passport' content.
- A proposed plan to create a basic, clear infographic explaining the cultivation process from cell sample to finished inlay, which would include a clear, simple visual timeline showing the exact steps from cell sampling to finished jewelry.
- A proposed plan for a 'pre-launch' email series explaining the cultivation process in simple terms to educate and build trust before the campaign.
- A proposed plan to create and share a simple, side-by-side comparison chart (texture, thickness, flexibility) between the cultivated leather and a conventional leather swatch in the pre-launch email series to directly address material quality questions.

## Target Users & Use Cases
The campaign speaks to people seeking animal-friendly, sustainable jewelry and those interested in owning a first-of-its-kind heirloom piece made from cultivated leather grown from a specific donor animal's cells. The proposed sample swatch tier is intended for backers who wish to verify the material's look and feel firsthand. The proposed 'pairing' tier is intended for backers who want to both inspect the material and see it in a finished application. The proposed 'material passport' and its proposed video and aging test content, including the proposed visual timeline infographic, are intended to increase transparency. The proposed small, low-cost digital-only reward tier is intended to engage backers with minimal budgets and increase campaign reach. The proposed 'pre-launch' email series, including the proposed side-by-side comparison chart, is intended to educate potential backers about the science, ethics, and material quality of the process before the campaign begins.

## Development Status
The team shows finished jewelry inlays and describes past milestones: cells were isolated harmlessly in 2023, prototypes include a pendant and a card holder made in early 2025, and the leather is grown with patent-pending plant-based scaffolding. They state there are no outside approvals required and that the technology and cell lines are owned by the creators.

## Roadmap & Delivery Plan
Planned actions include pilot testing to tune color and texture, inspecting scaffold density before use, preparing different concentrations of plant-based tanning ingredients, and securing jewelry settings after style counts are finalized at the end of the campaign. A proposed plan includes testing the cultivated leather inlays using a standard durability test and sharing the results. A proposed plan includes conducting a small-scale, documented 'aging' test on the cultivated leather and including the results in the 'material passport' content. Production scaling will be addressed by adjusting modular cultivated-leather bioreactor technology and resources. If the limited donor-selection series is offered, plans would include finalizing the list of named donor animals and preparing their brief profiles. If the sample swatch tier is offered, plans would include preparing the swatches and display cards. If the 'pairing' tier is offered, plans would include producing the small finished jewelry items and coordinating them with matching sample swatches. If the 'material passport' is offered, plans would include creating the digital content and generating unique QR codes, which would include the creation of the proposed infographic with the visual timeline. If the small, low-cost digital-only reward tier is offered, plans would include providing early access to the 'material passport' content. A proposed plan would include creating a high-resolution video showing the leather's texture and flex for inclusion in the 'material passport' content. A proposed plan includes creating and sending a 'pre-launch' email series explaining the cultivation process in simple terms, which would include the proposed side-by-side comparison chart.

## Why Crowdfunding / Use of Funds
Funds support bringing the cultivated-leather jewelry to backers: producing inlays, performing pilot tests for consistency, and procuring jewelry settings and sustainable packaging to deliver finished pieces. If offered, funds would also support producing sample swatches and display cards. If offered, funds would also support producing the small finished jewelry items and coordinating them with sample swatches for the 'pairing' tier. If offered, funds would also support the development and hosting of the 'material passport' digital content, including the proposed high-resolution video, the proposed aging test documentation, the proposed infographic with the visual timeline, and the proposed visual timeline. If offered, funds would also support the implementation of the small, low-cost digital-only reward tier. A proposed plan would allocate funds for the creation and distribution of the 'pre-launch' email series, including the proposed side-by-side comparison chart.

## Risks & Challenges
Stated risks include: loss of cryopreserved cells (mitigated by storage at multiple facilities); variability in final color and surface texture from vegetable tanning and scaffold differences (addressed through pilot testing and scaffold inspection); potential supply-chain changes requiring alternate jewelry settings of equal or better quality; and possible extended delivery times for later backers if demand is high.

## Team & Partnerships
The effort is led by a founder with long-term tissue-engineering experience and cellular-agriculture leadership since 2018, who worked with a sanctuary and veterinary professionals to isolate the donor cells.

## What's Included
Jewelry pieces with cultivated-leather inlays and, for some items, a waxed linen cord; components are housed in metal bezels and glass cabochons. A proposed reward tier would include a cultivated leather sample swatch on a display card. A proposed 'pairing' reward tier would include both a sample swatch and a small finished jewelry item using leather from the same donor cow. A proposed plan includes offering a simple, digital 'material passport' linking to details about the cultivation process, tanning, and the specific donor cow. A proposed plan includes offering a small, low-cost digital-only reward tier (e.g., early access to the 'material passport' content).

## Technical Details
- Plant-based scaffold from kapok seed fibers, needle-felted.
- Surface treatment with plant-derived ingredients to promote cell attachment.
- Cells produce collagen that becomes vegetable-tanned leather.
- Approximate inlay dimension: 10 mm × 50 mm."
"local","12","L12.2","specialized_rewrite","L11.1","","","generation_unavailable","[]","False","fallback_parent","[""No valid generated candidate was available.""]","Expecting value: line 1 column 1 (char 0)","","## One-Sentence Summary
A line of heirloom jewelry uses real leather that is cultivated in bioreactors from a one-time, harmless skin-cell sample taken from a living, sanctuary-grazing cow, aiming to offer animal-friendly leather adornments.

## Problem
The creators frame conventional leather as dependent on animal harm and present a gap for ethically sourced, real leather that preserves the material's qualities without sacrificing animal welfare. They position the project as evidence that leather can be made while the donor animal continues to live and be cared for at a sanctuary.

## Solution / Product Overview
The project offers jewelry featuring inlays of cultivated leather grown from the donor cow's skin cells on a plant-based scaffold. The leather is produced in bioreactors and then vegetable-tanned. A proposed plan is to offer a limited series where backers can select which specific sanctuary-grazing cow (from a small, named group) their leather cells originated from, accompanied by a brief profile of that animal. A proposed plan also includes offering a simple, low-cost reward tier for a cultivated leather sample swatch mounted on a display card. A proposed plan is to offer a 'pairing' reward tier that includes both a sample swatch and a small, finished jewelry item using leather from the same donor cow. A proposed plan is to offer a simple, digital 'material passport' linking to details about the cultivation process, tanning, and the specific donor cow. A proposed plan is to offer a small, low-cost digital-only reward tier (e.g., early access to the 'material passport' content) to engage backers with minimal budgets and increase campaign reach.

## Key Features & Capabilities
- Real leather cultivated from living-animal skin cells grown on a plant-derived scaffold.
- Inlays set within metal bezels and protected under a glass dome cabochon.
- Options to choose hypoallergenic stainless steel or sterling silver for certain pieces.
- Offered in multiple size, color, and material combinations.
- Packaged in eco-friendly boxes cushioned with plant seed fiber used in the cultivation process.
- A proposed limited series would allow backers to select the specific named donor cow and receive a profile of that animal.
- A proposed plan to conduct and share the results of a standard durability test on the cultivated leather inlay.
- A proposed plan to conduct a small-scale, documented 'aging' test on the cultivated leather and include the results in the 'material passport' content.
- A proposed plan to offer a low-cost reward tier providing a sample swatch of the cultivated leather on a display card.
- A proposed plan to offer a 'pairing' reward tier including a sample swatch and a small finished jewelry item from the same donor cow.
- A proposed plan to offer a simple, digital 'material passport' linking to details about the cultivation process, tanning, and the specific donor cow.
- A proposed plan to offer a small, low-cost digital-only reward tier (e.g., early access to the 'material passport' content).
- A proposed plan to include a high-resolution, downloadable video showing the cultivated leather's texture and response to bending/flexing in the 'material passport' content.
- A proposed plan to create a basic, clear infographic explaining the cultivation process from cell sample to finished inlay.
- A proposed plan for a 'pre-launch' email series explaining the cultivation process in simple terms to educate and build trust before the campaign.
- A proposed plan to create and share a simple, side-by-side comparison chart (texture, thickness, flexibility) between the cultivated leather and a conventional leather swatch in the pre-launch email series to directly address material quality questions.

## Target Users & Use Cases
The campaign speaks to people seeking animal-friendly, sustainable jewelry and those interested in owning a first-of-its-kind heirloom piece made from cultivated leather grown from a specific donor animal's cells. The proposed sample swatch tier is intended for backers who wish to verify the material's look and feel firsthand. The proposed 'pairing' tier is intended for backers who want to both inspect the material and see it in a finished application. The proposed 'material passport' and its proposed video and aging test content are intended to increase transparency. The proposed small, low-cost digital-only reward tier is intended to engage backers with minimal budgets and increase campaign reach. The proposed 'pre-launch' email series, including the proposed side-by-side comparison chart, is intended to educate potential backers about the science, ethics, and material quality of the process before the campaign begins.

## Development Status
The team shows finished jewelry inlays and describes past milestones: cells were isolated harmlessly in 2023, prototypes include a pendant and a card holder made in early 2025, and the leather is grown with patent-pending plant-based scaffolding. They state there are no outside approvals required and that the technology and cell lines are owned by the creators.

## Roadmap & Delivery Plan
Planned actions include pilot testing to tune color and texture, inspecting scaffold density before use, preparing different concentrations of plant-based tanning ingredients, and securing jewelry settings after style counts are finalized at the end of the campaign. A proposed plan includes testing the cultivated leather inlays using a standard durability test and sharing the results. A proposed plan includes conducting a small-scale, documented 'aging' test on the cultivated leather and including the results in the 'material passport' content. Production scaling will be addressed by adjusting modular cultivated-leather bioreactor technology and resources. If the limited donor-selection series is offered, plans would include finalizing the list of named donor animals and preparing their brief profiles. If the sample swatch tier is offered, plans would include preparing the swatches and display cards. If the 'pairing' tier is offered, plans would include producing the small finished jewelry items and coordinating them with matching sample swatches. If the 'material passport' is offered, plans would include creating the digital content and generating unique QR codes. If the small, low-cost digital-only reward tier is offered, plans would include providing early access to the 'material passport' content. A proposed plan would include creating a high-resolution video showing the leather's texture and flex for inclusion in the 'material passport' content. A proposed plan would include creating a basic infographic explaining the cultivation process. A proposed plan includes creating and sending a 'pre-launch' email series explaining the cultivation process in simple terms, which would include the proposed side-by-side comparison chart.

## Why Crowdfunding / Use of Funds
Funds support bringing the cultivated-leather jewelry to backers: producing inlays, performing pilot tests for consistency, and procuring jewelry settings and sustainable packaging to deliver finished pieces. If offered, funds would also support producing sample swatches and display cards. If offered, funds would also support producing the small finished jewelry items and coordinating them with sample swatches for the 'pairing' tier. If offered, funds would also support the development and hosting of the 'material passport' digital content, including the proposed high-resolution video, the proposed aging test documentation, and the proposed infographic. If offered, funds would also support the implementation of the small, low-cost digital-only reward tier. A proposed plan would allocate funds for the creation and distribution of the 'pre-launch' email series, including the proposed side-by-side comparison chart.

## Risks & Challenges
Stated risks include: loss of cryopreserved cells (mitigated by storage at multiple facilities); variability in final color and surface texture from vegetable tanning and scaffold differences (addressed through pilot testing and scaffold inspection); potential supply-chain changes requiring alternate jewelry settings of equal or better quality; and possible extended delivery times for later backers if demand is high.

## Team & Partnerships
The effort is led by a founder with long-term tissue-engineering experience and cellular-agriculture leadership since 2018, who worked with a sanctuary and veterinary professionals to isolate the donor cells.

## What's Included
Jewelry pieces with cultivated-leather inlays and, for some items, a waxed linen cord; components are housed in metal bezels and glass cabochons. A proposed reward tier would include a cultivated leather sample swatch on a display card. A proposed 'pairing' reward tier would include both a sample swatch and a small finished jewelry item using leather from the same donor cow. A proposed plan includes offering a simple, digital 'material passport' linking to details about the cultivation process, tanning, and the specific donor cow. A proposed plan includes offering a small, low-cost digital-only reward tier (e.g., early access to the 'material passport' content).

## Technical Details
- Plant-based scaffold from kapok seed fibers, needle-felted.
- Surface treatment with plant-derived ingredients to promote cell attachment.
- Cells produce collagen that becomes vegetable-tanned leather.
- Approximate inlay dimension: 10 mm × 50 mm."
"local","12","L12.3","specialized_rewrite","L11.1","","","generation_unavailable","[]","False","fallback_parent","[""No valid generated candidate was available.""]","Expecting value: line 1 column 1 (char 0)","","## One-Sentence Summary
A line of heirloom jewelry uses real leather that is cultivated in bioreactors from a one-time, harmless skin-cell sample taken from a living, sanctuary-grazing cow, aiming to offer animal-friendly leather adornments.

## Problem
The creators frame conventional leather as dependent on animal harm and present a gap for ethically sourced, real leather that preserves the material's qualities without sacrificing animal welfare. They position the project as evidence that leather can be made while the donor animal continues to live and be cared for at a sanctuary.

## Solution / Product Overview
The project offers jewelry featuring inlays of cultivated leather grown from the donor cow's skin cells on a plant-based scaffold. The leather is produced in bioreactors and then vegetable-tanned. A proposed plan is to offer a limited series where backers can select which specific sanctuary-grazing cow (from a small, named group) their leather cells originated from, accompanied by a brief profile of that animal. A proposed plan also includes offering a simple, low-cost reward tier for a cultivated leather sample swatch mounted on a display card. A proposed plan is to offer a 'pairing' reward tier that includes both a sample swatch and a small, finished jewelry item using leather from the same donor cow. A proposed plan is to offer a simple, digital 'material passport' linking to details about the cultivation process, tanning, and the specific donor cow. A proposed plan is to offer a small, low-cost digital-only reward tier (e.g., early access to the 'material passport' content) to engage backers with minimal budgets and increase campaign reach.

## Key Features & Capabilities
- Real leather cultivated from living-animal skin cells grown on a plant-derived scaffold.
- Inlays set within metal bezels and protected under a glass dome cabochon.
- Options to choose hypoallergenic stainless steel or sterling silver for certain pieces.
- Offered in multiple size, color, and material combinations.
- Packaged in eco-friendly boxes cushioned with plant seed fiber used in the cultivation process.
- A proposed limited series would allow backers to select the specific named donor cow and receive a profile of that animal.
- A proposed plan to conduct and share the results of a standard durability test on the cultivated leather inlay.
- A proposed plan to conduct a small-scale, documented 'aging' test on the cultivated leather and include the results in the 'material passport' content.
- A proposed plan to offer a low-cost reward tier providing a sample swatch of the cultivated leather on a display card.
- A proposed plan to offer a 'pairing' reward tier including a sample swatch and a small finished jewelry item from the same donor cow.
- A proposed plan to offer a simple, digital 'material passport' linking to details about the cultivation process, tanning, and the specific donor cow.
- A proposed plan to offer a small, low-cost digital-only reward tier (e.g., early access to the 'material passport' content).
- A proposed plan to include a high-resolution, downloadable video showing the cultivated leather's texture and response to bending/flexing in the 'material passport' content.
- A proposed plan to create a basic, clear infographic explaining the cultivation process from cell sample to finished inlay.
- A proposed plan for a 'pre-launch' email series explaining the cultivation process in simple terms to educate and build trust before the campaign.
- A proposed plan to create and share a simple, side-by-side comparison chart (texture, thickness, flexibility) between the cultivated leather and a conventional leather swatch in the pre-launch email series to directly address material quality questions.

## Target Users & Use Cases
The campaign speaks to people seeking animal-friendly, sustainable jewelry and those interested in owning a first-of-its-kind heirloom piece made from cultivated leather grown from a specific donor animal's cells. The proposed sample swatch tier is intended for backers who wish to verify the material's look and feel firsthand. The proposed 'pairing' tier is intended for backers who want to both inspect the material and see it in a finished application. The proposed 'material passport' and its proposed video and aging test content are intended to increase transparency. The proposed small, low-cost digital-only reward tier is intended to engage backers with minimal budgets and increase campaign reach. The proposed 'pre-launch' email series, including the proposed side-by-side comparison chart, is intended to educate potential backers about the science, ethics, and material quality of the process before the campaign begins.

## Development Status
The team shows finished jewelry inlays and describes past milestones: cells were isolated harmlessly in 2023, prototypes include a pendant and a card holder made in early 2025, and the leather is grown with patent-pending plant-based scaffolding. They state there are no outside approvals required and that the technology and cell lines are owned by the creators.

## Roadmap & Delivery Plan
Planned actions include pilot testing to tune color and texture, inspecting scaffold density before use, preparing different concentrations of plant-based tanning ingredients, and securing jewelry settings after style counts are finalized at the end of the campaign. A proposed plan includes testing the cultivated leather inlays using a standard durability test and sharing the results. A proposed plan includes conducting a small-scale, documented 'aging' test on the cultivated leather and including the results in the 'material passport' content. Production scaling will be addressed by adjusting modular cultivated-leather bioreactor technology and resources. If the limited donor-selection series is offered, plans would include finalizing the list of named donor animals and preparing their brief profiles. If the sample swatch tier is offered, plans would include preparing the swatches and display cards. If the 'pairing' tier is offered, plans would include producing the small finished jewelry items and coordinating them with matching sample swatches. If the 'material passport' is offered, plans would include creating the digital content and generating unique QR codes. If the small, low-cost digital-only reward tier is offered, plans would include providing early access to the 'material passport' content. A proposed plan would include creating a high-resolution video showing the leather's texture and flex for inclusion in the 'material passport' content. A proposed plan would include creating a basic infographic explaining the cultivation process. A proposed plan includes creating and sending a 'pre-launch' email series explaining the cultivation process in simple terms, which would include the proposed side-by-side comparison chart.

## Why Crowdfunding / Use of Funds
Funds support bringing the cultivated-leather jewelry to backers: producing inlays, performing pilot tests for consistency, and procuring jewelry settings and sustainable packaging to deliver finished pieces. If offered, funds would also support producing sample swatches and display cards. If offered, funds would also support producing the small finished jewelry items and coordinating them with sample swatches for the 'pairing' tier. If offered, funds would also support the development and hosting of the 'material passport' digital content, including the proposed high-resolution video, the proposed aging test documentation, and the proposed infographic. If offered, funds would also support the implementation of the small, low-cost digital-only reward tier. A proposed plan would allocate funds for the creation and distribution of the 'pre-launch' email series, including the proposed side-by-side comparison chart.

## Risks & Challenges
Stated risks include: loss of cryopreserved cells (mitigated by storage at multiple facilities); variability in final color and surface texture from vegetable tanning and scaffold differences (addressed through pilot testing and scaffold inspection); potential supply-chain changes requiring alternate jewelry settings of equal or better quality; and possible extended delivery times for later backers if demand is high.

## Team & Partnerships
The effort is led by a founder with long-term tissue-engineering experience and cellular-agriculture leadership since 2018, who worked with a sanctuary and veterinary professionals to isolate the donor cells.

## What's Included
Jewelry pieces with cultivated-leather inlays and, for some items, a waxed linen cord; components are housed in metal bezels and glass cabochons. A proposed reward tier would include a cultivated leather sample swatch on a display card. A proposed 'pairing' reward tier would include both a sample swatch and a small finished jewelry item using leather from the same donor cow. A proposed plan includes offering a simple, digital 'material passport' linking to details about the cultivation process, tanning, and the specific donor cow. A proposed plan includes offering a small, low-cost digital-only reward tier (e.g., early access to the 'material passport' content).

## Technical Details
- Plant-based scaffold from kapok seed fibers, needle-felted.
- Surface treatment with plant-derived ingredients to promote cell attachment.
- Cells produce collagen that becomes vegetable-tanned leather.
- Approximate inlay dimension: 10 mm × 50 mm."
"local","12","L12.4","specialized_rewrite","L11.1","","","generation_unavailable","[]","False","fallback_parent","[""No valid generated candidate was available.""]","Expecting value: line 1 column 1 (char 0)","","## One-Sentence Summary
A line of heirloom jewelry uses real leather that is cultivated in bioreactors from a one-time, harmless skin-cell sample taken from a living, sanctuary-grazing cow, aiming to offer animal-friendly leather adornments.

## Problem
The creators frame conventional leather as dependent on animal harm and present a gap for ethically sourced, real leather that preserves the material's qualities without sacrificing animal welfare. They position the project as evidence that leather can be made while the donor animal continues to live and be cared for at a sanctuary.

## Solution / Product Overview
The project offers jewelry featuring inlays of cultivated leather grown from the donor cow's skin cells on a plant-based scaffold. The leather is produced in bioreactors and then vegetable-tanned. A proposed plan is to offer a limited series where backers can select which specific sanctuary-grazing cow (from a small, named group) their leather cells originated from, accompanied by a brief profile of that animal. A proposed plan also includes offering a simple, low-cost reward tier for a cultivated leather sample swatch mounted on a display card. A proposed plan is to offer a 'pairing' reward tier that includes both a sample swatch and a small, finished jewelry item using leather from the same donor cow. A proposed plan is to offer a simple, digital 'material passport' linking to details about the cultivation process, tanning, and the specific donor cow. A proposed plan is to offer a small, low-cost digital-only reward tier (e.g., early access to the 'material passport' content) to engage backers with minimal budgets and increase campaign reach.

## Key Features & Capabilities
- Real leather cultivated from living-animal skin cells grown on a plant-derived scaffold.
- Inlays set within metal bezels and protected under a glass dome cabochon.
- Options to choose hypoallergenic stainless steel or sterling silver for certain pieces.
- Offered in multiple size, color, and material combinations.
- Packaged in eco-friendly boxes cushioned with plant seed fiber used in the cultivation process.
- A proposed limited series would allow backers to select the specific named donor cow and receive a profile of that animal.
- A proposed plan to conduct and share the results of a standard durability test on the cultivated leather inlay.
- A proposed plan to conduct a small-scale, documented 'aging' test on the cultivated leather and include the results in the 'material passport' content.
- A proposed plan to offer a low-cost reward tier providing a sample swatch of the cultivated leather on a display card.
- A proposed plan to offer a 'pairing' reward tier including a sample swatch and a small finished jewelry item from the same donor cow.
- A proposed plan to offer a simple, digital 'material passport' linking to details about the cultivation process, tanning, and the specific donor cow.
- A proposed plan to offer a small, low-cost digital-only reward tier (e.g., early access to the 'material passport' content).
- A proposed plan to include a high-resolution, downloadable video showing the cultivated leather's texture and response to bending/flexing in the 'material passport' content.
- A proposed plan to create a basic, clear infographic explaining the cultivation process from cell sample to finished inlay.
- A proposed plan for a 'pre-launch' email series explaining the cultivation process in simple terms to educate and build trust before the campaign.
- A proposed plan to create and share a simple, side-by-side comparison chart (texture, thickness, flexibility) between the cultivated leather and a conventional leather swatch in the pre-launch email series to directly address material quality questions.

## Target Users & Use Cases
The campaign speaks to people seeking animal-friendly, sustainable jewelry and those interested in owning a first-of-its-kind heirloom piece made from cultivated leather grown from a specific donor animal's cells. The proposed sample swatch tier is intended for backers who wish to verify the material's look and feel firsthand. The proposed 'pairing' tier is intended for backers who want to both inspect the material and see it in a finished application. The proposed 'material passport' and its proposed video and aging test content are intended to increase transparency. The proposed small, low-cost digital-only reward tier is intended to engage backers with minimal budgets and increase campaign reach. The proposed 'pre-launch' email series, including the proposed side-by-side comparison chart, is intended to educate potential backers about the science, ethics, and material quality of the process before the campaign begins.

## Development Status
The team shows finished jewelry inlays and describes past milestones: cells were isolated harmlessly in 2023, prototypes include a pendant and a card holder made in early 2025, and the leather is grown with patent-pending plant-based scaffolding. They state there are no outside approvals required and that the technology and cell lines are owned by the creators.

## Roadmap & Delivery Plan
Planned actions include pilot testing to tune color and texture, inspecting scaffold density before use, preparing different concentrations of plant-based tanning ingredients, and securing jewelry settings after style counts are finalized at the end of the campaign. A proposed plan includes testing the cultivated leather inlays using a standard durability test and sharing the results. A proposed plan includes conducting a small-scale, documented 'aging' test on the cultivated leather and including the results in the 'material passport' content. Production scaling will be addressed by adjusting modular cultivated-leather bioreactor technology and resources. If the limited donor-selection series is offered, plans would include finalizing the list of named donor animals and preparing their brief profiles. If the sample swatch tier is offered, plans would include preparing the swatches and display cards. If the 'pairing' tier is offered, plans would include producing the small finished jewelry items and coordinating them with matching sample swatches. If the 'material passport' is offered, plans would include creating the digital content and generating unique QR codes. If the small, low-cost digital-only reward tier is offered, plans would include providing early access to the 'material passport' content. A proposed plan would include creating a high-resolution video showing the leather's texture and flex for inclusion in the 'material passport' content. A proposed plan would include creating a basic infographic explaining the cultivation process. A proposed plan includes creating and sending a 'pre-launch' email series explaining the cultivation process in simple terms, which would include the proposed side-by-side comparison chart.

## Why Crowdfunding / Use of Funds
Funds support bringing the cultivated-leather jewelry to backers: producing inlays, performing pilot tests for consistency, and procuring jewelry settings and sustainable packaging to deliver finished pieces. If offered, funds would also support producing sample swatches and display cards. If offered, funds would also support producing the small finished jewelry items and coordinating them with sample swatches for the 'pairing' tier. If offered, funds would also support the development and hosting of the 'material passport' digital content, including the proposed high-resolution video, the proposed aging test documentation, and the proposed infographic. If offered, funds would also support the implementation of the small, low-cost digital-only reward tier. A proposed plan would allocate funds for the creation and distribution of the 'pre-launch' email series, including the proposed side-by-side comparison chart.

## Risks & Challenges
Stated risks include: loss of cryopreserved cells (mitigated by storage at multiple facilities); variability in final color and surface texture from vegetable tanning and scaffold differences (addressed through pilot testing and scaffold inspection); potential supply-chain changes requiring alternate jewelry settings of equal or better quality; and possible extended delivery times for later backers if demand is high.

## Team & Partnerships
The effort is led by a founder with long-term tissue-engineering experience and cellular-agriculture leadership since 2018, who worked with a sanctuary and veterinary professionals to isolate the donor cells.

## What's Included
Jewelry pieces with cultivated-leather inlays and, for some items, a waxed linen cord; components are housed in metal bezels and glass cabochons. A proposed reward tier would include a cultivated leather sample swatch on a display card. A proposed 'pairing' reward tier would include both a sample swatch and a small finished jewelry item using leather from the same donor cow. A proposed plan includes offering a simple, digital 'material passport' linking to details about the cultivation process, tanning, and the specific donor cow. A proposed plan includes offering a small, low-cost digital-only reward tier (e.g., early access to the 'material passport' content).

## Technical Details
- Plant-based scaffold from kapok seed fibers, needle-felted.
- Surface treatment with plant-derived ingredients to promote cell attachment.
- Cells produce collagen that becomes vegetable-tanned leather.
- Approximate inlay dimension: 10 mm × 50 mm."
"local","12","L12.5","specialized_rewrite","L11.1","","","generation_unavailable","[]","False","fallback_parent","[""No valid generated candidate was available.""]","Expecting value: line 1 column 1 (char 0)","","## One-Sentence Summary
A line of heirloom jewelry uses real leather that is cultivated in bioreactors from a one-time, harmless skin-cell sample taken from a living, sanctuary-grazing cow, aiming to offer animal-friendly leather adornments.

## Problem
The creators frame conventional leather as dependent on animal harm and present a gap for ethically sourced, real leather that preserves the material's qualities without sacrificing animal welfare. They position the project as evidence that leather can be made while the donor animal continues to live and be cared for at a sanctuary.

## Solution / Product Overview
The project offers jewelry featuring inlays of cultivated leather grown from the donor cow's skin cells on a plant-based scaffold. The leather is produced in bioreactors and then vegetable-tanned. A proposed plan is to offer a limited series where backers can select which specific sanctuary-grazing cow (from a small, named group) their leather cells originated from, accompanied by a brief profile of that animal. A proposed plan also includes offering a simple, low-cost reward tier for a cultivated leather sample swatch mounted on a display card. A proposed plan is to offer a 'pairing' reward tier that includes both a sample swatch and a small, finished jewelry item using leather from the same donor cow. A proposed plan is to offer a simple, digital 'material passport' linking to details about the cultivation process, tanning, and the specific donor cow. A proposed plan is to offer a small, low-cost digital-only reward tier (e.g., early access to the 'material passport' content) to engage backers with minimal budgets and increase campaign reach.

## Key Features & Capabilities
- Real leather cultivated from living-animal skin cells grown on a plant-derived scaffold.
- Inlays set within metal bezels and protected under a glass dome cabochon.
- Options to choose hypoallergenic stainless steel or sterling silver for certain pieces.
- Offered in multiple size, color, and material combinations.
- Packaged in eco-friendly boxes cushioned with plant seed fiber used in the cultivation process.
- A proposed limited series would allow backers to select the specific named donor cow and receive a profile of that animal.
- A proposed plan to conduct and share the results of a standard durability test on the cultivated leather inlay.
- A proposed plan to conduct a small-scale, documented 'aging' test on the cultivated leather and include the results in the 'material passport' content.
- A proposed plan to offer a low-cost reward tier providing a sample swatch of the cultivated leather on a display card.
- A proposed plan to offer a 'pairing' reward tier including a sample swatch and a small finished jewelry item from the same donor cow.
- A proposed plan to offer a simple, digital 'material passport' linking to details about the cultivation process, tanning, and the specific donor cow.
- A proposed plan to offer a small, low-cost digital-only reward tier (e.g., early access to the 'material passport' content).
- A proposed plan to include a high-resolution, downloadable video showing the cultivated leather's texture and response to bending/flexing in the 'material passport' content.
- A proposed plan to create a basic, clear infographic explaining the cultivation process from cell sample to finished inlay.
- A proposed plan for a 'pre-launch' email series explaining the cultivation process in simple terms to educate and build trust before the campaign.
- A proposed plan to create and share a simple, side-by-side comparison chart (texture, thickness, flexibility) between the cultivated leather and a conventional leather swatch in the pre-launch email series to directly address material quality questions.

## Target Users & Use Cases
The campaign speaks to people seeking animal-friendly, sustainable jewelry and those interested in owning a first-of-its-kind heirloom piece made from cultivated leather grown from a specific donor animal's cells. The proposed sample swatch tier is intended for backers who wish to verify the material's look and feel firsthand. The proposed 'pairing' tier is intended for backers who want to both inspect the material and see it in a finished application. The proposed 'material passport' and its proposed video and aging test content are intended to increase transparency. The proposed small, low-cost digital-only reward tier is intended to engage backers with minimal budgets and increase campaign reach. The proposed 'pre-launch' email series, including the proposed side-by-side comparison chart, is intended to educate potential backers about the science, ethics, and material quality of the process before the campaign begins.

## Development Status
The team shows finished jewelry inlays and describes past milestones: cells were isolated harmlessly in 2023, prototypes include a pendant and a card holder made in early 2025, and the leather is grown with patent-pending plant-based scaffolding. They state there are no outside approvals required and that the technology and cell lines are owned by the creators.

## Roadmap & Delivery Plan
Planned actions include pilot testing to tune color and texture, inspecting scaffold density before use, preparing different concentrations of plant-based tanning ingredients, and securing jewelry settings after style counts are finalized at the end of the campaign. A proposed plan includes testing the cultivated leather inlays using a standard durability test and sharing the results. A proposed plan includes conducting a small-scale, documented 'aging' test on the cultivated leather and including the results in the 'material passport' content. Production scaling will be addressed by adjusting modular cultivated-leather bioreactor technology and resources. If the limited donor-selection series is offered, plans would include finalizing the list of named donor animals and preparing their brief profiles. If the sample swatch tier is offered, plans would include preparing the swatches and display cards. If the 'pairing' tier is offered, plans would include producing the small finished jewelry items and coordinating them with matching sample swatches. If the 'material passport' is offered, plans would include creating the digital content and generating unique QR codes. If the small, low-cost digital-only reward tier is offered, plans would include providing early access to the 'material passport' content. A proposed plan would include creating a high-resolution video showing the leather's texture and flex for inclusion in the 'material passport' content. A proposed plan would include creating a basic infographic explaining the cultivation process. A proposed plan includes creating and sending a 'pre-launch' email series explaining the cultivation process in simple terms, which would include the proposed side-by-side comparison chart.

## Why Crowdfunding / Use of Funds
Funds support bringing the cultivated-leather jewelry to backers: producing inlays, performing pilot tests for consistency, and procuring jewelry settings and sustainable packaging to deliver finished pieces. If offered, funds would also support producing sample swatches and display cards. If offered, funds would also support producing the small finished jewelry items and coordinating them with sample swatches for the 'pairing' tier. If offered, funds would also support the development and hosting of the 'material passport' digital content, including the proposed high-resolution video, the proposed aging test documentation, and the proposed infographic. If offered, funds would also support the implementation of the small, low-cost digital-only reward tier. A proposed plan would allocate funds for the creation and distribution of the 'pre-launch' email series, including the proposed side-by-side comparison chart.

## Risks & Challenges
Stated risks include: loss of cryopreserved cells (mitigated by storage at multiple facilities); variability in final color and surface texture from vegetable tanning and scaffold differences (addressed through pilot testing and scaffold inspection); potential supply-chain changes requiring alternate jewelry settings of equal or better quality; and possible extended delivery times for later backers if demand is high.

## Team & Partnerships
The effort is led by a founder with long-term tissue-engineering experience and cellular-agriculture leadership since 2018, who worked with a sanctuary and veterinary professionals to isolate the donor cells.

## What's Included
Jewelry pieces with cultivated-leather inlays and, for some items, a waxed linen cord; components are housed in metal bezels and glass cabochons. A proposed reward tier would include a cultivated leather sample swatch on a display card. A proposed 'pairing' reward tier would include both a sample swatch and a small finished jewelry item using leather from the same donor cow. A proposed plan includes offering a simple, digital 'material passport' linking to details about the cultivation process, tanning, and the specific donor cow. A proposed plan includes offering a small, low-cost digital-only reward tier (e.g., early access to the 'material passport' content).

## Technical Details
- Plant-based scaffold from kapok seed fibers, needle-felted.
- Surface treatment with plant-derived ingredients to promote cell attachment.
- Cells produce collagen that becomes vegetable-tanned leather.
- Approximate inlay dimension: 10 mm × 50 mm."
